datetime,actual,Linear Regression,Random Forest,XGBoost,LSTM
2024-01-01 19:00:00,11.390625,1.1371666213374283,10.414916068652914,10.682701,
2024-01-01 20:00:00,10.360232000000002,10.732324571729421,11.000321634693586,11.704439,
2024-01-01 21:00:00,8.615124999999997,-2.5670981618780786,9.330115035857482,10.409299,
2024-01-01 22:00:00,7.301384,-6.869966483924529,7.720742616477842,8.0973625,
2024-01-01 23:00:00,6.751268999999999,-9.144398155647053,6.569783871013015,6.822901,
2024-01-02 00:00:00,7.077887999999999,-8.704653176464817,6.267032675007789,6.980526,
2024-01-02 01:00:00,7.762391999999999,-12.395880302286002,7.170547303868802,7.4782076,
2024-01-02 02:00:00,7.880599,-10.217032592215915,7.945779487262842,8.237387,
2024-01-02 03:00:00,6.967870999999999,-7.820166296357371,7.849273977014544,8.307113,
2024-01-02 04:00:00,6.539203000000001,-7.186741248016034,6.362801917571403,6.9429364,
2024-01-02 05:00:00,6.751268999999999,0.19119847171782567,6.366070811632336,6.0783024,
2024-01-02 06:00:00,7.880599,-1.0245637125464953,6.9826913640479225,7.089258,
2024-01-02 07:00:00,8.615124999999997,-3.6061501951237034,8.84738205968241,7.5627856,
2024-01-02 08:00:00,6.751268999999999,-3.452181983606792,7.651643198509423,8.291743,
2024-01-02 09:00:00,2.6280719999999995,1.5765156083690925,10.024149251124031,13.386594,
2024-01-02 10:00:00,3.307949,-13.164645211713577,9.554086450623487,5.7559657,
2024-01-02 11:00:00,15.625,-6.220189803959087,14.018151085562646,14.873615,
2024-01-02 12:00:00,29.791000000000004,44.86628816411398,32.209364648415914,37.567543,
2024-01-02 13:00:00,32.461759,62.82003228108762,40.89978759505518,41.286125,
2024-01-02 14:00:00,22.906303999999995,47.24599721570492,31.950517840038906,30.194887,
2024-01-02 15:00:00,13.481272,11.518335629623934,18.608252812806224,16.855602,
2024-01-02 16:00:00,5.929741000000001,-19.4051305767198,10.656543850061412,6.737246,
2024-01-02 17:00:00,4.657462999999999,-40.686638473879725,3.91576256749994,4.820175,
2024-01-02 18:00:00,5.451776,-39.16383606777468,5.389419579511524,3.9967816,
2024-01-02 19:00:00,10.077696,-19.471218688516515,5.993265512160894,6.704248,6.4395904541015625
2024-01-02 20:00:00,12.326391,10.509721519025888,13.061664184538591,13.995003,9.375633239746094
2024-01-02 21:00:00,11.543175999999995,10.636697423838513,13.58302877399229,14.036119,14.575843811035156
2024-01-02 22:00:00,9.800344,14.320479744294374,10.829994401523702,11.054668,15.488018035888672
2024-01-02 23:00:00,7.880599,8.080999150273556,8.965613956761183,9.338635,13.61652946472168
2024-01-03 00:00:00,6.751268999999999,9.038443456970924,7.084274355741919,7.854694,10.910789489746094
2024-01-03 01:00:00,7.077887999999999,3.1204588296155578,6.198770111601832,7.0451493,10.04429817199707
2024-01-03 02:00:00,6.967870999999999,5.371790935609056,7.1016194399624135,7.5084853,10.113780975341797
2024-01-03 03:00:00,6.331625000000001,5.236156289784546,6.4612428870538485,6.854585,11.491107940673828
2024-01-03 04:00:00,6.434856000000001,6.944300864970586,5.973433976094526,5.9725475,10.247007369995117
2024-01-03 05:00:00,6.858999999999999,10.445905401349336,6.466999842150056,6.52146,8.88648796081543
2024-01-03 06:00:00,7.645372999999999,5.0481940559191685,7.235954304818957,7.0443625,6.985288619995117
2024-01-03 07:00:00,7.077887999999999,1.1017777287871695,8.247589891734112,6.7079225,7.112834930419922
2024-01-03 08:00:00,6.967870999999999,-2.678709258571601,5.55229749553888,5.6206064,7.056459426879883
2024-01-03 09:00:00,10.503459,0.5938489375592155,8.311947659985618,18.753563,7.907003402709961
2024-01-03 10:00:00,27.543608,16.148585237192563,19.555684918490943,20.16979,17.888259887695312
2024-01-03 11:00:00,39.304,60.87628303409319,46.98114312073645,45.8484,23.40485954284668
2024-01-03 12:00:00,36.926037,73.220995973218,52.33746500096237,54.131138,78.16899871826172
2024-01-03 13:00:00,30.371328,63.82874684624885,30.69963035887724,32.184242,55.45259094238281
2024-01-03 14:00:00,24.897088,45.43388523876918,25.171224957681524,22.186455,34.388145446777344
2024-01-03 15:00:00,13.481272,20.956776246170463,19.584743594118986,18.430744,18.56313133239746
2024-01-03 16:00:00,3.944312000000001,-15.944785548289858,10.424235482508005,6.467362,11.543691635131836
2024-01-03 17:00:00,1.685159,-40.88494098233825,2.3779384185044075,3.1997128,6.530611038208008
2024-01-03 18:00:00,1.6430319999999998,-49.88398920669935,1.51569219520375,2.2239778,5.689205169677734
2024-01-03 19:00:00,6.229504,-32.01781144779258,3.7998431950668237,3.2140532,4.409584045410156
2024-01-03 20:00:00,11.089567,8.191848379342474,12.175381521574733,11.858795,5.948909759521484
2024-01-03 21:00:00,11.089567,13.766557177162184,13.406225784699638,14.277388,11.33395767211914
2024-01-03 22:00:00,8.741816,16.031835009371264,11.040773288757137,10.840723,14.130334854125977
2024-01-03 23:00:00,6.967870999999999,10.525601792566007,7.907232076438615,7.8122087,12.865447998046875
2024-01-04 00:00:00,5.832000000000001,9.938611460141146,5.951337016581513,6.6155725,10.850364685058594
2024-01-04 01:00:00,5.000210999999999,-2.031921653814905,5.618833213790721,5.8195286,10.972862243652344
2024-01-04 02:00:00,4.330746999999999,-5.313053854689372,4.643103283876487,4.649681,9.793146133422852
2024-01-04 03:00:00,5.268024,-6.366942250640676,4.017814656376936,4.229134,9.352916717529297
2024-01-04 04:00:00,6.644671999999999,0.3619824083351375,5.952455300253032,6.185048,7.516178131103516
2024-01-04 05:00:00,8.998912,7.2380452097824275,7.117882528997158,6.5427656,7.522302627563477
2024-01-04 06:00:00,11.543175999999995,13.558394885185749,9.976721097928262,9.732289,6.330406188964844
2024-01-04 07:00:00,11.239424000000003,15.47392793463564,12.029123732632367,11.341482,9.484376907348633
2024-01-04 08:00:00,8.242408,20.365459515472722,10.16436867802941,10.100616,8.666217803955078
2024-01-04 09:00:00,6.644671999999999,17.548356692302605,11.865532415124381,9.716511,10.52581787109375
2024-01-04 10:00:00,7.301384,10.022025363176056,8.665371680970889,10.681658,17.702184677124023
2024-01-04 11:00:00,14.172488,3.4318862010921265,13.86053969036861,13.437709,19.445409774780273
2024-01-04 12:00:00,16.003008,21.269212990397833,23.82236000808934,23.239092,25.17898941040039
2024-01-04 13:00:00,12.487167999999995,18.652158874799696,18.55471450275203,16.803787,33.54081726074219
2024-01-04 14:00:00,12.166999999999998,-2.843565454339682,11.59917413682304,9.797219,20.19829559326172
2024-01-04 15:00:00,14.172488,-13.60162250955095,12.887446802658488,11.412544,11.696327209472656
2024-01-04 16:00:00,7.077887999999999,-15.878454084826245,13.292992656873917,10.098141,8.966672897338867
2024-01-04 17:00:00,2.924207,-39.14582744209635,6.232286284231523,6.635037,10.768522262573242
2024-01-04 18:00:00,2.3526370000000005,-51.52715894259074,2.4796262310240746,1.3839673,10.878047943115234
2024-01-04 19:00:00,3.0486249999999995,-35.33279326283264,4.332760661344408,5.7362294,7.663793563842773
2024-01-04 20:00:00,3.0486249999999995,-19.686931640558996,4.0193150398141615,4.507892,8.461984634399414
2024-01-04 21:00:00,2.6280719999999995,-19.32243689655914,3.3829170579883874,4.0492253,10.226863861083984
2024-01-04 22:00:00,3.307949,-16.741946188622393,2.94073052878053,3.2159925,9.105592727661133
2024-01-04 23:00:00,4.826809,-19.974102187766206,3.629158658102002,3.8352704,7.959341049194336
2024-01-05 00:00:00,5.929741000000001,-9.895327189642472,6.5206225124253026,6.303581,8.093269348144531
2024-01-05 01:00:00,6.434856000000001,-9.677080863024358,6.626684871937288,6.552154,9.133548736572266
2024-01-05 02:00:00,6.644671999999999,-5.210505421233506,6.785287706137605,6.6991014,9.01915168762207
2024-01-05 03:00:00,5.832000000000001,-1.5768441391894328,6.7816773226482905,6.842351,9.154556274414062
2024-01-05 04:00:00,5.451776,-3.0571311733629614,5.706944980192616,5.9603615,8.113454818725586
2024-01-05 05:00:00,6.858999999999999,0.0189527692781013,4.990600688951845,5.129745,6.49791145324707
2024-01-05 06:00:00,9.663596999999998,2.6055659738291865,7.620858848564699,7.128867,5.800310134887695
2024-01-05 07:00:00,10.648000000000003,1.337890869888838,11.467932266768853,10.178137,6.466012954711914
2024-01-05 08:00:00,7.301384,10.586961774275181,10.601289991982073,9.729268,8.200654983520508
2024-01-05 09:00:00,6.229504,10.110686709455322,6.953085071944388,7.7156944,8.884733200073242
2024-01-05 10:00:00,11.239424000000003,5.649357417053423,12.025153737441483,8.916701,18.26585578918457
2024-01-05 11:00:00,20.570824000000005,20.930418294943067,21.329073121656588,19.753378,19.62650489807129
2024-01-05 12:00:00,29.503629,40.52752609899649,30.92296807213938,31.81817,38.84276580810547
2024-01-05 13:00:00,32.15743200000001,57.0426344984031,36.44937236432852,36.436543,42.74961471557617
2024-01-05 14:00:00,30.080231,51.160628989387035,31.318216032360347,29.57619,43.26344299316406
2024-01-05 15:00:00,22.906303999999995,29.797977980479217,25.4487858167761,22.591352,19.862703323364258
2024-01-05 16:00:00,8.615124999999997,0.08252626920177875,10.958757000581267,8.829827,14.086740493774414
2024-01-05 17:00:00,7.301384,-33.52702653926826,6.96836385369632,7.081634,11.045722961425781
2024-01-05 18:00:00,4.330746999999999,-28.663899519036306,5.440571850604153,5.1676865,9.577739715576172
2024-01-05 19:00:00,4.410943999999999,-30.36920561898333,4.436433510823983,4.6862493,7.613481521606445
2024-01-05 20:00:00,5.268024,-9.662042871794299,5.039866059751589,5.132312,6.8242034912109375
2024-01-05 21:00:00,5.5452330000000005,-9.656123845138936,5.944373610497094,6.530076,9.083740234375
2024-01-05 22:00:00,5.735339000000001,-7.509826527353539,5.5392670082925095,5.9245887,10.001310348510742
2024-01-05 23:00:00,6.751268999999999,-10.482280550871394,6.140734421795095,6.23967,9.538631439208984
2024-01-06 00:00:00,7.077887999999999,-2.9827166620692367,7.540848895626737,7.456212,9.262046813964844
2024-01-06 01:00:00,8.615124999999997,-6.948999925578278,7.106841239449015,7.48368,10.631908416748047
2024-01-06 02:00:00,9.938375,-1.5590836038069682,9.15546605992369,9.198269,10.06974983215332
2024-01-06 03:00:00,10.360232000000002,0.877991839906997,10.442882551314725,10.090172,12.237749099731445
2024-01-06 04:00:00,10.503459,4.183353457071348,10.223526296712597,9.980222,10.933004379272461
2024-01-06 05:00:00,11.390625,10.327803057491849,9.98896829053452,9.969117,10.24576187133789
2024-01-06 06:00:00,11.852351999999996,11.323910385221396,11.610004510500259,10.911292,7.676084518432617
2024-01-06 07:00:00,8.120600999999997,5.660393114611182,10.480259577206967,9.593285,8.866914749145508
2024-01-06 08:00:00,3.112136,-7.524574170130421,6.695934734790732,5.8259754,7.579185485839844
2024-01-06 09:00:00,0.140608,-11.969190288364942,3.488513683473513,3.2786422,9.149858474731445
2024-01-06 10:00:00,4.492124999999999,-38.99417536428567,6.556855197385639,3.697701,12.658878326416016
2024-01-06 11:00:00,15.069223000000004,25.118405153692137,17.714045619539412,18.357723,13.891136169433594
2024-01-06 12:00:00,27.0,40.27172002391545,28.72105421348356,31.06723,36.39250946044922
2024-01-06 13:00:00,32.461759,63.131448649294825,37.2099773841325,36.64162,40.02666473388672
2024-01-06 14:00:00,31.554496000000004,62.31827370570868,34.061063959591486,32.24262,39.533119201660156
2024-01-06 15:00:00,27.270900999999995,41.757702868310375,28.313800198717455,24.933573,20.862781524658203
2024-01-06 16:00:00,12.487167999999995,14.844298905473238,14.195738711484436,11.906251,12.801603317260742
2024-01-06 17:00:00,13.312053000000002,-23.132984191508754,11.787773018407922,11.880172,12.117162704467773
2024-01-06 18:00:00,14.172488,-15.103521187283192,12.193384262675,11.138597,11.310548782348633
2024-01-06 19:00:00,17.373979,-2.1534368079806967,13.831949283985718,13.802847,10.854988098144531
2024-01-06 20:00:00,17.576,18.850986415475575,19.057193139369087,18.645412,13.78767204284668
2024-01-06 21:00:00,12.812903999999998,18.120332868660384,17.58303671112551,17.4154,18.761831283569336
2024-01-06 22:00:00,8.741816,9.154231556495745,11.337245666678239,11.519549,18.948083877563477
2024-01-06 23:00:00,7.529535999999999,-1.71300860882846,6.919631324723736,7.499654,12.567300796508789
2024-01-07 00:00:00,7.189056999999999,-0.17382876639973688,6.764896163116054,7.166062,9.130409240722656
2024-01-07 01:00:00,7.880599,-5.778492833887626,6.624053881936714,7.0065947,9.863725662231445
2024-01-07 02:00:00,8.365426999999997,-4.8233943951995,8.206698921423262,8.606582,10.336097717285156
2024-01-07 03:00:00,9.129328999999998,-4.3742520213133105,8.01798344123783,8.305028,11.389928817749023
2024-01-07 04:00:00,11.239424000000003,1.1316290527378072,9.2871961402452,9.501122,10.06182861328125
2024-01-07 05:00:00,12.977875,14.622131099769462,11.947531119434862,11.127716,9.129167556762695
2024-01-07 06:00:00,13.481272,17.44871552268077,13.37008041346405,13.01938,8.251192092895508
2024-01-07 07:00:00,11.239424000000003,12.591461328748053,12.154592753696663,10.841277,8.882518768310547
2024-01-07 08:00:00,4.826809,4.389251247401944,10.377730662802314,9.594998,8.299333572387695
2024-01-07 09:00:00,0.778688,-4.14736067814961,5.874939184473006,5.125461,10.84139633178711
2024-01-07 10:00:00,1.5208749999999998,-19.107267444417786,7.410078985627274,2.5647993,15.222253799438477
2024-01-07 11:00:00,6.229504,-4.597343015072383,10.542814585206257,11.562004,16.822904586791992
2024-01-07 12:00:00,13.481272,14.877561816716991,15.950587553758833,16.370039,24.387332916259766
2024-01-07 13:00:00,18.821096000000004,35.16562199435039,22.176254318387883,20.946293,31.335983276367188
2024-01-07 14:00:00,20.570824000000005,34.058723368061166,22.051461531327735,22.13457,29.510746002197266
2024-01-07 15:00:00,19.248832000000004,21.32187290946679,20.006215515118676,18.985172,18.692394256591797
2024-01-07 16:00:00,9.938375,7.193872265245915,13.596113296344797,9.858931,11.351924896240234
2024-01-07 17:00:00,9.129328999999998,-22.75556576505744,8.457584629967574,9.498834,10.798517227172852
2024-01-07 18:00:00,8.998912,-25.980902778108785,8.568993923595219,7.3794,10.49470329284668
2024-01-07 19:00:00,12.649337,-16.121531156994607,8.79109453962036,9.480863,8.66179084777832
2024-01-07 20:00:00,14.348907000000002,7.826580447396083,15.691775671034431,15.617867,10.630701065063477
2024-01-07 21:00:00,14.526784,8.324544780777714,15.259692176242977,15.517145,15.413448333740234
2024-01-07 22:00:00,12.326391,12.700293270155868,14.576292100154605,14.93017,15.931840896606445
2024-01-07 23:00:00,9.528128,-0.44701951492356784,11.50443450210333,11.688367,13.798049926757812
2024-01-08 00:00:00,8.615124999999997,-4.148628506840112,8.654132825292587,8.908703,10.798517227172852
2024-01-08 01:00:00,8.489664000000001,-5.80347288928489,7.8321932320295184,8.2937355,9.63840103149414
2024-01-08 02:00:00,8.489664000000001,-9.748286486336795,8.034689472912437,8.392705,11.340156555175781
2024-01-08 03:00:00,7.880599,-10.34402320812002,8.254122095231295,8.675103,11.595998764038086
2024-01-08 04:00:00,6.858999999999999,-9.111997745082107,7.671192295895743,8.0349455,12.125246047973633
2024-01-08 05:00:00,7.414874999999999,-4.126360182406245,6.282597485610778,6.3943963,9.640766143798828
2024-01-08 06:00:00,10.793861,-4.233510003208508,7.971350115186997,6.9522786,7.935935974121094
2024-01-08 07:00:00,12.977875,-0.30392325052640956,12.485322680896829,12.532107,7.603973388671875
2024-01-08 08:00:00,10.941048000000002,10.732160418675406,14.310892544743737,13.524351,9.766458511352539
2024-01-08 09:00:00,16.194276999999996,17.46309034972967,17.87402540676408,18.57131,11.705049514770508
2024-01-08 10:00:00,23.393656,40.917875202174244,32.87337560883734,30.26878,47.743682861328125
2024-01-08 11:00:00,42.875,54.09687129360766,35.39066043461628,38.293255,39.906959533691406
2024-01-08 12:00:00,50.653000000000006,87.61214184455254,63.833028762460806,61.489735,69.42514038085938
2024-01-08 13:00:00,49.027896000000005,92.48667497909646,54.88063085479111,55.378597,96.71044921875
2024-01-08 14:00:00,45.882712000000005,76.14418771889224,41.4530629269692,44.546047,59.441078186035156
2024-01-08 15:00:00,24.389,51.03173582519442,33.94690600849163,34.09581,37.03451919555664
2024-01-08 16:00:00,8.998912,5.735539433138385,10.204358037334472,8.318708,16.66053009033203
2024-01-08 17:00:00,4.657462999999999,-17.977177686243465,7.316341261609416,7.235659,10.145233154296875
2024-01-08 18:00:00,0.421875,-28.4622499493112,2.9187751236901445,3.1826823,9.526571273803711
2024-01-08 19:00:00,0.0297909999999999,-38.27881982451328,1.2816464173362458,0.7595097,5.87055778503418
2024-01-08 20:00:00,0.970299,-29.008874658256943,1.3617667422135655,1.8663894,5.40406608581543
2024-01-08 21:00:00,3.241792,-3.441709740419995,4.274044432799205,3.4606683,6.105249404907227
2024-01-08 22:00:00,5.929741000000001,6.887979022971749,6.156167860296519,6.5973682,9.300518035888672
2024-01-08 23:00:00,7.762391999999999,9.608881780276178,8.312026424084438,8.419166,8.717538833618164
2024-01-09 00:00:00,7.529535999999999,16.873536548841088,8.990964987729493,8.480941,12.217466354370117
2024-01-09 01:00:00,6.967870999999999,15.67747953166841,7.276082012720886,7.4433823,10.427072525024414
2024-01-09 02:00:00,7.077887999999999,12.064930413655006,6.401099090185507,6.9046535,11.674516677856445
2024-01-09 03:00:00,6.967870999999999,8.146430059719847,6.940608381664552,7.1498413,11.271541595458984
2024-01-09 04:00:00,6.331625000000001,5.150674697386293,6.5725097753813,6.876259,12.43100357055664
2024-01-09 05:00:00,5.268024,4.091065355491324,6.163407245017911,5.902014,10.080411911010742
2024-01-09 06:00:00,3.723875000000001,-4.1794975314967076,4.906862023296783,5.2030873,8.555671691894531
2024-01-09 07:00:00,2.744,-19.08350610113139,3.676799822356983,2.6995459,6.801361083984375
2024-01-09 08:00:00,2.4061040000000005,-25.84775299952969,5.115728626548348,3.6322436,6.491785049438477
2024-01-09 09:00:00,3.241792,-20.056275016084726,5.305634616434681,6.142672,6.760463714599609
2024-01-09 10:00:00,14.172488,-20.727294924602546,8.780116519681002,7.998385,11.02760124206543
2024-01-09 11:00:00,25.934336,25.75900176198344,26.49041149298112,28.381355,14.445110321044922
2024-01-09 12:00:00,34.64597599999999,44.54227458939279,36.481948994155886,37.488853,50.769195556640625
2024-01-09 13:00:00,38.272753,57.954344377339865,39.12107439897445,37.908875,40.85867691040039
2024-01-09 14:00:00,40.707584,51.611721283124936,38.186627391242254,33.903175,41.281044006347656
2024-01-09 15:00:00,47.045881,51.48867616281386,35.11026141534326,31.81005,23.803274154663086
2024-01-09 16:00:00,18.609625,57.999096685938824,17.871954673956516,19.93352,16.56260871887207
2024-01-09 17:00:00,21.024576,-0.31096084403837665,18.87171495855222,17.16561,16.184860229492188
2024-01-09 18:00:00,20.123648000000003,11.086761299355516,18.474879643912942,18.019962,11.022489547729492
2024-01-09 19:00:00,21.717639,10.055961770091784,19.423175230153173,19.809769,15.675687789916992
2024-01-09 20:00:00,22.906303999999995,18.307180497308508,22.476452873685858,21.43825,13.503631591796875
2024-01-09 21:00:00,23.887872,9.401091612589724,24.738116229391807,23.233263,23.043310165405273
2024-01-09 22:00:00,24.642171000000005,5.174809615650133,23.79697359832704,24.196604,20.76415252685547
2024-01-09 23:00:00,25.153757,9.431220561705786,24.006224853611187,24.316597,23.76599884033203
2024-01-10 00:00:00,24.137569000000003,11.145655402953096,23.877879084126103,24.46338,20.85995101928711
2024-01-10 01:00:00,22.425767999999994,8.3286129628693,23.58380744933101,24.11299,21.256900787353516
2024-01-10 02:00:00,21.951999999999995,11.109705165843792,20.50471432661898,21.185675,18.770809173583984
2024-01-10 03:00:00,21.951999999999995,14.631914176137897,21.655062788808177,21.032654,20.569950103759766
2024-01-10 04:00:00,22.188041,17.468025725320274,22.723248374494343,21.354753,22.646543502807617
2024-01-10 05:00:00,22.188041,27.79351889887728,22.091153469172994,20.511198,22.57072639465332
2024-01-10 06:00:00,23.393656,30.396292127981226,20.951606009779635,20.036356,20.36000633239746
2024-01-10 07:00:00,19.034163,29.713903074682733,20.782302316504207,18.770546,19.01268196105957
2024-01-10 08:00:00,16.194276999999996,24.543546909536772,16.89447917197336,19.26459,20.955907821655273
2024-01-10 09:00:00,9.528128,39.28370599989738,29.898686059189476,35.73874,23.931617736816406
2024-01-10 10:00:00,6.858999999999999,21.176700486487547,23.066765257029637,17.029894,66.923583984375
2024-01-10 11:00:00,20.123648000000003,10.650756767939043,13.875954535136907,15.663815,38.162479400634766
2024-01-10 12:00:00,45.882712000000005,55.326654174494436,41.27416553553555,42.763657,42.659698486328125
2024-01-10 13:00:00,74.08800000000001,86.99829074245604,70.7298344237938,70.73864,72.2625503540039
2024-01-10 14:00:00,95.44399300000002,107.23403626152587,103.10043137149803,89.45908,80.50257873535156
2024-01-10 15:00:00,89.91539200000003,105.78822031648569,64.2668345154061,71.12066,66.08198547363281
2024-01-10 16:00:00,26.198073000000004,74.41749473693035,28.392440763972374,28.233067,30.34892463684082
2024-01-10 17:00:00,28.094464,-3.8777280125821534,25.781738497798063,23.858482,22.896751403808594
2024-01-10 18:00:00,34.328125,25.964625868608195,26.0151084986156,26.068,17.893878936767578
2024-01-10 19:00:00,32.15743200000001,46.30660283852224,31.531274055908312,32.269684,19.80775260925293
2024-01-10 20:00:00,30.664297,48.878217551557,29.85376239436965,30.485088,22.1179256439209
2024-01-10 21:00:00,28.372625,37.01861358013572,27.690777274452287,29.621407,26.592613220214844
2024-01-10 22:00:00,19.248832000000004,31.373021976227207,25.8176889022462,26.846155,28.716466903686523
2024-01-10 23:00:00,11.852351999999996,18.910954576693854,16.5485969602042,16.89729,26.942123413085938
2024-01-11 00:00:00,10.077696,10.710824534164232,10.554436028900032,10.808102,18.18619155883789
2024-01-11 01:00:00,10.648000000000003,9.328096236353772,8.95386763277442,9.081281,12.442996978759766
2024-01-11 02:00:00,12.008989,9.044834343728382,10.741047114755412,10.631666,11.761041641235352
2024-01-11 03:00:00,13.823999999999998,14.280662272134762,12.889839902798329,13.1507225,11.603876113891602
2024-01-11 04:00:00,14.172488,18.526664967756815,14.162810563813819,14.281339,13.26028060913086
2024-01-11 05:00:00,12.008989,26.1946861879389,13.604687399529428,13.385016,13.964225769042969
2024-01-11 06:00:00,9.528128,22.515694295698225,10.863166471702057,10.860732,11.428619384765625
2024-01-11 07:00:00,6.644671999999999,9.963089308051522,8.433312247944357,6.9947724,8.977270126342773
2024-01-11 08:00:00,2.5154560000000004,0.7392704349747987,4.871011203490295,4.6967564,7.615179061889648
2024-01-11 09:00:00,0.012167,-12.02330807452556,6.936084889087707,9.252463,9.94758415222168
2024-01-11 10:00:00,2.803221,-44.44614734444807,7.898105827886706,5.901382,15.691001892089844
2024-01-11 11:00:00,19.034163,24.199071870777786,14.768106854776683,16.078539,13.914039611816406
2024-01-11 12:00:00,44.73887499999999,64.01222214552219,40.01940675849743,43.89411,34.407196044921875
2024-01-11 13:00:00,73.56005900000002,101.50162007549413,64.21963831386833,64.55346,60.76795959472656
2024-01-11 14:00:00,92.34540799999998,124.43650510220739,101.36112505358949,89.20162,71.86166381835938
2024-01-11 15:00:00,78.402752,118.84703482943392,62.239665756681845,68.67585,61.070072174072266
2024-01-11 16:00:00,21.024576,83.86113064839536,23.78106181816888,23.024944,25.204448699951172
2024-01-11 17:00:00,15.069223000000004,2.121014459977559,20.16737912390594,18.532581,18.762792587280273
2024-01-11 18:00:00,15.438249000000004,13.334080437090137,13.766388283561087,11.780623,14.69796371459961
2024-01-11 19:00:00,17.173512000000002,28.54770103892382,14.20896849495462,14.1284075,12.104496002197266
2024-01-11 20:00:00,19.902511,39.590623069628904,17.445770399586372,17.171846,13.215764999389648
2024-01-11 21:00:00,21.951999999999995,34.556484203071975,21.379670373930175,20.71741,16.39397430419922
2024-01-11 22:00:00,23.393656,22.9989199708791,22.366962354735712,22.502121,19.64107894897461
2024-01-11 23:00:00,25.153757,21.888666111582936,23.461442951823525,22.829512,21.183841705322266
2024-01-12 00:00:00,28.372625,25.316159103487408,25.248611300732982,26.159286,21.98843002319336
2024-01-12 01:00:00,31.255875,29.839238095996123,29.06732770399414,29.060831,21.252395629882812
2024-01-12 02:00:00,32.15743200000001,36.7484007190735,31.195061767804944,30.749327,22.055339813232422
2024-01-12 03:00:00,30.371328,39.5673161068368,31.39330240713257,31.353119,24.261030197143555
2024-01-12 04:00:00,26.730899000000004,37.59876085248136,30.01138616955392,27.905888,27.191932678222656
2024-01-12 05:00:00,23.639903000000004,38.78453744808205,24.51661236485258,23.77407,25.868572235107422
2024-01-12 06:00:00,22.188041,33.33248932678585,19.631884467807982,19.550238,21.71133804321289
2024-01-12 07:00:00,16.581374999999998,21.509689850506604,17.678169470735533,15.836344,19.319957733154297
2024-01-12 08:00:00,14.886936,11.637503019815682,14.46139547808954,14.82665,18.98157501220703
2024-01-12 09:00:00,17.173512000000002,32.41358040453976,25.26605257046403,29.944187,20.031938552856445
2024-01-12 10:00:00,19.465109,35.79505236992982,34.30438139923493,29.729465,83.8431396484375
2024-01-12 11:00:00,51.064811,35.276109907915256,22.494673793288374,30.774277,64.38982391357422
2024-01-12 12:00:00,108.53133299999998,99.90682127417581,84.09501270511686,84.995224,63.64033889770508
2024-01-12 13:00:00,138.991832,144.38109255977832,146.00184646052992,153.67612,133.2721405029297
2024-01-12 14:00:00,131.87222899999998,145.2055586740031,172.16880103785203,155.8911,171.4010467529297
2024-01-12 15:00:00,73.56005900000002,118.83009501499394,86.14728887907731,81.64319,90.17823791503906
2024-01-12 16:00:00,17.984728,58.63325276386972,19.992411453971084,18.275087,26.141494750976562
2024-01-12 17:00:00,12.326391,-3.3179212707483288,18.415840453655033,16.897844,16.470361709594727
2024-01-12 18:00:00,12.977875,18.130278980922697,11.299681246903772,11.104934,13.787178039550781
2024-01-12 19:00:00,11.239424000000003,35.04063123228373,12.626086854011378,12.496809,9.968498229980469
2024-01-12 20:00:00,7.301384,34.22952162838418,10.103148366731117,10.665481,11.437179565429688
2024-01-12 21:00:00,3.869893,16.07315947575276,6.145740645937458,6.506048,10.00560188293457
2024-01-12 22:00:00,4.330746999999999,7.8381005012450515,3.367944923723658,3.4489655,8.334802627563477
2024-01-12 23:00:00,6.967870999999999,14.200698144253309,5.192522211711415,5.2328434,6.374082565307617
2024-01-13 00:00:00,7.301384,21.68722135493944,9.505524761763882,9.55492,8.690267562866211
2024-01-13 01:00:00,6.028568000000001,18.599948539527162,7.598383909527843,7.355046,11.199607849121094
2024-01-13 02:00:00,4.912999999999999,16.126313463390062,6.302614895369707,5.4714937,9.878534317016602
2024-01-13 03:00:00,5.088448,10.391685322006566,4.6057920114206805,4.3855367,8.550289154052734
2024-01-13 04:00:00,6.128487000000001,8.196240559391939,4.916221099530746,5.1058583,6.541585922241211
2024-01-13 05:00:00,5.929741000000001,10.117166524569143,6.789266492969321,6.155814,6.670293807983398
2024-01-13 06:00:00,4.826809,-0.04818768794650907,6.108483162944354,5.845048,6.095510482788086
2024-01-13 07:00:00,3.375,-12.99938531921319,4.267116796502179,3.5882535,6.056377410888672
2024-01-13 08:00:00,1.860867,-22.480147098023295,3.289685742845633,2.684317,4.675834655761719
2024-01-13 09:00:00,0.3579109999999999,-23.800948860363548,2.3516514185731396,2.3211994,5.1481170654296875
2024-01-13 10:00:00,0.658503,-45.47453073462473,3.618774774662002,3.171394,5.903402328491211
2024-01-13 11:00:00,6.644671999999999,-32.36070573700843,7.143197312240873,7.461622,10.136327743530273
2024-01-13 12:00:00,20.570824000000005,15.531382635947494,18.867623034236075,16.896502,16.712953567504883
2024-01-13 13:00:00,39.651821000000005,55.811771185202176,37.51373624196149,36.035957,31.485633850097656
2024-01-13 14:00:00,57.51245599999999,85.31607333716603,53.47833065885833,52.120144,58.436309814453125
2024-01-13 15:00:00,41.781923000000006,94.09836881385924,69.7474350665896,60.48224,44.99642562866211
2024-01-13 16:00:00,15.625,56.32564711431196,21.560977957442702,20.58805,24.741024017333984
2024-01-13 17:00:00,17.373979,8.215585292325514,15.177913061648104,13.648246,11.870819091796875
2024-01-13 18:00:00,16.777216,6.72548972374112,15.800634808749953,15.217586,10.489080429077148
2024-01-13 19:00:00,17.373979,5.439261175398983,15.744333516593672,21.871569,11.688425064086914
2024-01-13 20:00:00,16.974592999999995,17.84675361243569,17.446502525670823,17.796106,14.656904220581055
2024-01-13 21:00:00,15.813250999999996,11.183814357561559,15.862522707737503,16.159826,19.334251403808594
2024-01-13 22:00:00,15.438249000000004,8.019183830275466,15.078762062741248,15.499768,17.654226303100586
2024-01-13 23:00:00,14.706125000000004,-1.9555104895473931,14.273797627807708,14.643681,15.297369003295898
2024-01-14 00:00:00,12.487167999999995,-6.806234388405954,13.950367251101254,14.40172,14.893867492675781
2024-01-14 01:00:00,11.089567,-14.170448769762274,11.398709527700753,11.673961,14.382734298706055
2024-01-14 02:00:00,10.503459,-12.024478790586372,10.182847795540082,10.553692,13.178367614746094
2024-01-14 03:00:00,9.393930999999998,-6.69302148141594,9.683657061435445,10.229713,13.618637084960938
2024-01-14 04:00:00,8.869742999999998,-2.0449079770677656,8.757392677488617,9.13627,12.452255249023438
2024-01-14 05:00:00,8.869742999999998,6.561383724822193,8.15321551711439,7.908617,10.61741828918457
2024-01-14 06:00:00,8.242408,5.8732726665567725,8.383053068412867,7.9609566,8.381185531616211
2024-01-14 07:00:00,5.929741000000001,0.37122052974673636,7.330011140116333,6.0259185,7.6923980712890625
2024-01-14 08:00:00,3.375,-6.007625440603277,5.17303130298533,4.571437,6.995532989501953
2024-01-14 09:00:00,5.177717,7.040823813500737,3.355366043689858,4.0557747,8.111827850341797
2024-01-14 10:00:00,7.880599,27.295061081845958,16.179211221281683,14.417549,14.50604248046875
2024-01-14 11:00:00,14.172488,18.816240676007396,17.272428005532376,16.510988,25.15134620666504
2024-01-14 12:00:00,29.218112,30.64167039995776,23.324669482994935,23.204128,35.67246627807617
2024-01-14 13:00:00,40.353607,67.9551866984646,41.87757710788228,43.540104,45.95820999145508
2024-01-14 14:00:00,41.781923000000006,68.92346457290314,44.33874147630684,45.6012,56.10348892211914
2024-01-14 15:00:00,33.076161,44.87365971165461,31.914448313437873,27.769875,35.105201721191406
2024-01-14 16:00:00,11.543175999999995,19.102065608297025,13.072072072594626,13.437678,15.36359977722168
2024-01-14 17:00:00,12.326391,-24.745207867256553,10.692563214389336,10.634026,13.25253677368164
2024-01-14 18:00:00,12.487167999999995,-15.223015122420463,12.779588243819896,12.654945,11.174211502075195
2024-01-14 19:00:00,12.812903999999998,-10.22799775013759,12.796621690216348,13.36416,11.245328903198242
2024-01-14 20:00:00,10.218312999999998,0.07252560202898906,12.540597769452804,12.9733515,15.390678405761719
2024-01-14 21:00:00,7.645372999999999,-7.266107318541614,8.921794494034753,9.614529,19.28428840637207
2024-01-14 22:00:00,6.751268999999999,-7.330980262180034,6.242676662733053,6.8383183,14.407182693481445
2024-01-14 23:00:00,7.189056999999999,-9.463912342055636,6.183195913154301,6.890281,10.705434799194336
2024-01-15 00:00:00,7.762391999999999,-6.936103732615564,7.428963208167932,7.6188703,9.282112121582031
2024-01-15 01:00:00,8.489664000000001,-5.500723438443586,7.887005113368414,8.413701,9.858682632446289
2024-01-15 02:00:00,9.393930999999998,-0.9933293480897589,8.556682451398945,8.647488,10.821874618530273
2024-01-15 03:00:00,10.503459,2.864156779427489,9.730400166002408,9.910514,11.429597854614258
2024-01-15 04:00:00,12.166999999999998,7.3479071355012024,10.72848561509469,11.019831,12.13564682006836
2024-01-15 05:00:00,13.651919,16.88972612811766,13.036266580387041,12.462329,11.45783805847168
2024-01-15 06:00:00,14.172488,15.699977629503138,13.42515358190053,13.501945,10.857566833496094
2024-01-15 07:00:00,12.649337,8.026059681137639,12.515657119330415,11.472843,10.72691535949707
2024-01-15 08:00:00,5.359375,7.425941491335493,11.571258852424576,11.472147,10.348106384277344
2024-01-15 09:00:00,0.681472,7.290133144835238,7.337355150763497,6.6231065,13.250146865844727
2024-01-15 10:00:00,0.493039,-16.83180005504296,6.731500208305001,4.213328,25.78221893310547
2024-01-15 11:00:00,6.858999999999999,-12.711263190197215,5.263599256598568,9.424891,20.595077514648438
2024-01-15 12:00:00,21.024576,34.58398281785976,19.030202176719726,20.646082,23.18616485595703
2024-01-15 13:00:00,32.461759,60.05392345103583,36.565542779254116,35.840614,42.117828369140625
2024-01-15 14:00:00,37.25970399999999,62.3793546552714,53.88100925304252,41.31462,46.315006256103516
2024-01-15 15:00:00,27.543608,50.32498800558797,32.65946083137979,34.05898,32.14304733276367
2024-01-15 16:00:00,10.077696,21.96275746785618,13.919333760163148,11.926006,17.28880500793457
2024-01-15 17:00:00,5.451776,-16.263306953112135,8.37114486291295,8.853575,12.132762908935547
2024-01-15 18:00:00,3.442951,-27.297052443510594,3.2172647919993675,2.6635966,10.856927871704102
2024-01-15 19:00:00,8.242408,-22.645709273853583,3.7509756005810266,4.8105426,7.309894561767578
2024-01-15 20:00:00,13.312053000000002,15.211261363605814,14.693310089816137,13.28289,7.570194244384766
2024-01-15 21:00:00,15.813250999999996,17.914743512257928,17.005258994776263,17.615099,15.136741638183594
2024-01-15 22:00:00,14.886936,21.286803392119296,16.402630677104643,16.728516,17.110498428344727
2024-01-15 23:00:00,11.390625,13.652901302310866,14.012796397345285,14.6086445,17.183452606201172
2024-01-16 00:00:00,7.529535999999999,10.079135470380876,9.960033189358214,9.99036,14.388208389282227
2024-01-16 01:00:00,4.912999999999999,-1.0790017201404538,6.218225326870748,6.733579,10.994352340698242
2024-01-16 02:00:00,2.803221,-5.39283984352646,4.408895003274345,4.2674155,9.041810989379883
2024-01-16 03:00:00,1.815848,-14.883274599076685,2.6862685691531647,2.945333,8.402008056640625
2024-01-16 04:00:00,1.685159,-15.338249546991818,1.8467556003695647,2.1540685,7.753093719482422
2024-01-16 05:00:00,2.5713530000000007,-8.81201955677372,2.4292755357747624,1.8789002,6.994447708129883
2024-01-16 06:00:00,4.492124999999999,-12.276376765698814,3.26611172444999,4.026471,5.863885879516602
2024-01-16 07:00:00,6.967870999999999,-12.910254529777887,7.069445823233654,6.902191,6.300409317016602
2024-01-16 08:00:00,7.645372999999999,5.366052191367686,8.226028739049731,7.6510935,7.177539825439453
2024-01-16 09:00:00,15.252992,19.041161939308466,11.656769102682778,10.145212,8.801246643066406
2024-01-16 10:00:00,37.93305599999999,49.759117601922966,31.264832734003004,26.739525,21.919395446777344
2024-01-16 11:00:00,68.92099999999998,95.07067486563265,58.127286964467146,61.414616,43.67353820800781
2024-01-16 12:00:00,78.953589,125.23835485433655,94.2089061557699,97.806984,111.81996154785156
2024-01-16 13:00:00,67.91731200000001,129.75085327896687,88.24275137204482,82.98404,134.8953399658203
2024-01-16 14:00:00,50.243409,107.51790579532097,52.66516301346283,46.88085,91.60835266113281
2024-01-16 15:00:00,28.372625,68.03597250013443,29.849837023052256,26.883451,37.11727523803711
2024-01-16 16:00:00,9.393930999999998,24.44069630946096,10.343291239453864,7.1935763,11.398187637329102
2024-01-16 17:00:00,5.735339000000001,-11.301518449856061,7.778848117263339,8.269092,9.931161880493164
2024-01-16 18:00:00,1.191016,-21.607262941011328,3.6127559573495667,3.304929,8.861763000488281
2024-01-16 19:00:00,3.375,-35.2643431267128,1.4488287876996861,1.034649,6.380720138549805
2024-01-16 20:00:00,9.938375,8.595612330577907,7.866014504769229,7.069896,5.477787017822266
2024-01-16 21:00:00,17.984728,22.594396223431303,15.18282957484065,16.408834,9.806648254394531
2024-01-16 22:00:00,23.393656,40.10995140831774,22.905605428191038,22.34154,14.246940612792969
2024-01-16 23:00:00,24.897088,46.30465303044021,25.07308207541179,24.16517,18.763835906982422
2024-01-17 00:00:00,24.642171000000005,48.931618600798416,25.08114021139066,25.55453,19.00330924987793
2024-01-17 01:00:00,23.393656,46.4142161798478,23.50239994838431,24.353395,18.896135330200195
2024-01-17 02:00:00,19.902511,40.50560449233866,21.057281354409316,21.650768,18.944963455200195
2024-01-17 03:00:00,14.886936,31.303546787469642,17.815584513690695,18.128008,20.984148025512695
2024-01-17 04:00:00,9.938375,26.36873828416161,13.96274896335942,13.578215,18.837390899658203
2024-01-17 05:00:00,7.529535999999999,23.239174205461737,8.332381475983626,8.147113,14.845325469970703
2024-01-17 06:00:00,6.331625000000001,17.182017479990222,6.181651197396881,6.6253247,9.40742301940918
2024-01-17 07:00:00,4.741631999999999,3.192825551029742,5.451134425798767,4.758389,8.557048797607422
2024-01-17 08:00:00,3.112136,-8.693989232135138,4.055957068972059,3.945587,7.578962326049805
2024-01-17 09:00:00,6.331625000000001,-7.387414872370428,3.438401261009255,3.489313,8.265390396118164
2024-01-17 10:00:00,16.581374999999998,8.440046656599336,18.07482273466422,15.820325,13.38467788696289
2024-01-17 11:00:00,31.255875,36.5763974204436,26.37731615027877,27.090878,23.575069427490234
2024-01-17 12:00:00,52.31362400000001,61.98318291973224,42.467919871466385,42.964577,45.86429214477539
2024-01-17 13:00:00,61.162984,93.2236702491323,62.49830991197537,62.571186,57.577476501464844
2024-01-17 14:00:00,46.26827899999999,92.72621263360092,63.4986878563312,59.13798,63.83433532714844
2024-01-17 15:00:00,23.393656,58.443077437018914,28.978161215877485,24.246721,32.80312728881836
2024-01-17 16:00:00,4.492124999999999,21.673368829489462,8.419746379047522,6.3098154,11.367486953735352
2024-01-17 17:00:00,2.197,-12.15780511950993,2.6823672361813715,3.9020875,8.44437026977539
2024-01-17 18:00:00,0.7049690000000001,-15.496797610672303,1.4440081665458602,1.8235826,6.454498291015625
2024-01-17 19:00:00,2.744,-30.67803932815552,1.1940078879841374,2.0692296,6.128032684326172
2024-01-17 20:00:00,6.434856000000001,5.658943458927055,7.326899984189215,7.1714816,5.692707061767578
2024-01-17 21:00:00,12.166999999999998,12.575652150351374,9.584663890711337,10.086494,9.351675033569336
2024-01-17 22:00:00,17.576,32.529541994706236,14.89579247338019,15.381676,11.827957153320312
2024-01-17 23:00:00,19.248832000000004,40.837408107635255,20.954729729238643,21.106077,16.123477935791016
2024-01-18 00:00:00,18.191447,44.55545903257881,19.188755974855244,19.19013,19.021087646484375
2024-01-18 01:00:00,16.387064000000002,37.70982172297663,17.00227706878391,18.128057,19.764455795288086
2024-01-18 02:00:00,14.886936,32.36058757272404,15.106626262272558,16.00873,18.904876708984375
2024-01-18 03:00:00,11.089567,27.46366418382179,14.083400262399163,14.284638,17.59311866760254
2024-01-18 04:00:00,7.189056999999999,18.407171233414616,9.821863683254376,9.501278,15.52218246459961
2024-01-18 05:00:00,4.741631999999999,10.860548707376878,5.8974856085053515,5.7222843,10.965417861938477
2024-01-18 06:00:00,3.581577,-1.1942910616744769,3.9497121478720527,3.7127004,8.007379531860352
2024-01-18 07:00:00,2.8632879999999994,-15.60509288808099,3.480557909565237,2.5871456,6.377153396606445
2024-01-18 08:00:00,1.0612080000000002,-18.29092654844672,3.0693265882866387,3.0109594,6.251800537109375
2024-01-18 09:00:00,0.5513679999999999,-26.04695168210563,2.4631877174080605,3.9079545,6.424121856689453
2024-01-18 10:00:00,11.089567,-32.41884128635979,4.429723534057557,4.958381,8.522394180297852
2024-01-18 11:00:00,34.012224,41.18603545221801,27.173182287489407,28.111776,13.87680435180664
2024-01-18 12:00:00,57.066625,78.38352513670391,55.19304972612933,54.671238,53.904640197753906
2024-01-18 13:00:00,59.77647100000001,104.01427287147929,75.84780696437505,72.222374,70.69622802734375
2024-01-18 14:00:00,53.582633,98.63795459507965,55.53949207404501,50.98852,70.37239074707031
2024-01-18 15:00:00,47.43792800000001,80.9686078533935,34.886509664593774,33.44989,29.715957641601562
2024-01-18 16:00:00,13.651919,55.491429317732454,16.438806707516036,16.797201,13.535293579101562
2024-01-18 17:00:00,14.172488,-4.598719210090593,12.763837362984832,12.9345455,13.733573913574219
2024-01-18 18:00:00,12.649337,13.91385372437152,12.760593504568428,12.227188,10.012983322143555
2024-01-18 19:00:00,12.649337,12.61200546641561,12.027249951505341,11.658906,11.934385299682617
2024-01-18 20:00:00,11.852351999999996,21.91481278488199,12.089409260196932,12.815869,10.629444122314453
2024-01-18 21:00:00,10.793861,10.88323141680415,11.360029066186737,12.134377,12.930900573730469
2024-01-18 22:00:00,9.800344,0.7125400384182257,9.543731749902287,10.156433,13.378013610839844
2024-01-18 23:00:00,9.129328999999998,3.674034026362392,9.312216154959927,9.453931,12.683361053466797
2024-01-19 00:00:00,9.800344,4.600522306267763,8.697177203485982,8.985861,10.663480758666992
2024-01-19 01:00:00,11.239424000000003,2.8168042320513393,10.053060078403242,9.902694,9.770328521728516
2024-01-19 02:00:00,11.852351999999996,6.762707719280996,11.998555620356965,11.330137,11.014251708984375
2024-01-19 03:00:00,10.793861,6.576036804430387,11.910563134204553,12.034657,13.358142852783203
2024-01-19 04:00:00,10.077696,1.774127642630404,9.17435202209685,9.840153,13.641353607177734
2024-01-19 05:00:00,9.528128,8.151352794995162,9.513391786559236,9.225655,10.40329360961914
2024-01-19 06:00:00,8.869742999999998,6.661395424006287,9.253482394602077,8.899063,7.729120254516602
2024-01-19 07:00:00,5.929741000000001,1.4230824873432937,7.779280128277138,6.6124353,6.976833343505859
2024-01-19 08:00:00,1.5608959999999996,-9.631761447655009,4.655573382281103,4.843698,6.714405059814453
2024-01-19 09:00:00,2.4061040000000005,-20.735140605885633,4.202335859482224,3.8122733,9.020143508911133
2024-01-19 10:00:00,14.886936,-2.4184195508491513,11.15285976798454,10.246136,13.498790740966797
2024-01-19 11:00:00,34.64597599999999,40.78219299771537,30.996428511323188,32.553066,29.219974517822266
2024-01-19 12:00:00,56.62310399999999,71.41804501013625,54.26360711389018,53.195255,60.961029052734375
2024-01-19 13:00:00,73.03463199999999,99.37889008231248,74.24303126927984,70.50887,81.03946685791016
2024-01-19 14:00:00,71.47337500000002,110.21969288618727,78.58828202212646,79.808334,80.1146240234375
2024-01-19 15:00:00,55.306341,92.35972156636426,57.81144444138661,58.372612,61.523658752441406
2024-01-19 16:00:00,13.823999999999998,50.256962521813975,18.609887583038613,16.944729,16.842966079711914
2024-01-19 17:00:00,8.869742999999998,-16.526447593920423,12.919412149627847,13.2044115,15.4390869140625
2024-01-19 18:00:00,4.410943999999999,-10.48169994496115,5.8092977919071,5.144822,10.574542999267578
2024-01-19 19:00:00,5.735339000000001,-18.213915656666174,3.6862148392351077,3.3117564,8.898069381713867
2024-01-19 20:00:00,6.858999999999999,4.013504738297144,7.340353509951135,7.58965,7.237068176269531
2024-01-19 21:00:00,5.177717,-6.229533434205962,7.905319499090847,7.856237,11.246500015258789
2024-01-19 22:00:00,4.096000000000001,-15.149650910057218,4.923832070313119,5.028711,11.655851364135742
2024-01-19 23:00:00,3.723875000000001,-13.506093347837336,3.7696099358164874,4.1368637,9.63121223449707
2024-01-20 00:00:00,3.723875000000001,-13.745197521047615,3.644146964250729,3.7386422,7.908464431762695
2024-01-20 01:00:00,3.442951,-13.01148484012775,3.747100162689246,3.8445091,7.974336624145508
2024-01-20 02:00:00,3.176523,-12.77236237217926,3.3312550085316315,3.7943711,7.61619758605957
2024-01-20 03:00:00,3.112136,-13.767611826866357,3.1476621715877116,3.2362256,7.7576446533203125
2024-01-20 04:00:00,3.176523,-14.108920181128397,3.270764922891361,3.200507,6.575937271118164
2024-01-20 05:00:00,2.924207,-9.027284182104424,3.775812916856811,2.9849336,6.208229064941406
2024-01-20 06:00:00,2.3526370000000005,-12.560653104767994,3.25610786437251,3.3321865,4.968511581420898
2024-01-20 07:00:00,1.6430319999999998,-21.851435569291382,2.831539553050031,2.6728358,5.032447814941406
2024-01-20 08:00:00,0.438976,-30.623405202951446,2.130866053554816,2.3437843,4.407596588134766
2024-01-20 09:00:00,1.771561,-43.359653414650225,2.563186764516272,3.0144198,4.795890808105469
2024-01-20 10:00:00,7.762391999999999,-17.93379290788613,6.488494500764149,8.84889,6.630134582519531
2024-01-20 11:00:00,25.153757,10.357445322645574,19.458171599822872,18.51122,18.493694305419922
2024-01-20 12:00:00,44.73887499999999,61.69112646297218,46.72222361961744,47.42193,28.16769790649414
2024-01-20 13:00:00,51.895117,93.30387399734089,58.003856626512736,59.883865,74.20673370361328
2024-01-20 14:00:00,55.306341,91.48977136600767,55.39754711721775,49.39618,59.24388122558594
2024-01-20 15:00:00,53.582633,90.04034956943987,51.662984519453346,46.393322,34.79338073730469
2024-01-20 16:00:00,14.172488,66.34555595841171,20.152621870887856,20.603964,16.058988571166992
2024-01-20 17:00:00,15.813250999999996,-7.042596164193881,13.113885774287839,13.541373,13.861181259155273
2024-01-20 18:00:00,13.651919,16.424158107262528,14.00140387807214,13.8185005,9.216789245605469
2024-01-20 19:00:00,14.526784,10.228847867580512,12.287933388680848,12.004045,11.414165496826172
2024-01-20 20:00:00,16.387064000000002,21.7655620262358,14.997889789379986,15.200477,10.377727508544922
2024-01-20 21:00:00,16.974592999999995,14.916288307773243,16.370314258202743,17.128595,14.189573287963867
2024-01-20 22:00:00,17.576,5.083632970095991,16.595235839209565,16.6823,16.279436111450195
2024-01-20 23:00:00,17.576,5.991347323960113,17.723540542720023,17.624178,16.925630569458008
2024-01-21 00:00:00,17.173512000000002,5.08355787966353,17.11388649476729,17.259058,16.57821273803711
2024-01-21 01:00:00,17.779580999999997,2.192357364509604,16.359340355375615,16.648382,15.238460540771484
2024-01-21 02:00:00,18.821096000000004,7.37931564054108,17.60906413057278,17.385134,15.448030471801758
2024-01-21 03:00:00,19.465109,11.15162341817215,18.67842202123759,18.61637,18.196332931518555
2024-01-21 04:00:00,19.683000000000003,14.41561817959861,18.5266668813397,18.17472,19.02161407470703
2024-01-21 05:00:00,18.821096000000004,23.91940278173216,19.225206538936234,18.712364,18.914525985717773
2024-01-21 06:00:00,17.779580999999997,22.648989671236436,17.662899309467374,16.942122,17.358003616333008
2024-01-21 07:00:00,11.697083,16.40921404014975,15.6323903310379,13.646392,16.129989624023438
2024-01-21 08:00:00,25.67237500000001,6.814374711690391,10.854884415723243,11.1041565,20.118877410888672
2024-01-21 09:00:00,70.444997,57.46041577941354,70.954710208482,69.08993,21.17984390258789
2024-01-21 10:00:00,133.43283100000002,117.35915614475014,106.03837494725856,101.37286,104.95124816894531
2024-01-21 11:00:00,207.474688,157.55631496126438,190.21230729507616,182.61049,139.2665557861328
2024-01-21 12:00:00,254.840104,199.0951988747904,273.0328864953689,272.8027,209.79119873046875
2024-01-21 13:00:00,258.474853,213.602355282673,283.1872232416201,298.5742,263.1260986328125
2024-01-21 14:00:00,206.425071,201.07834916669725,236.42313614558356,236.25133,288.38250732421875
2024-01-21 15:00:00,125.751501,154.23497235497234,133.99047994391438,140.16931,209.11700439453125
2024-01-21 16:00:00,28.372625,90.25609759191592,37.07916379189294,32.356,37.79576110839844
2024-01-21 17:00:00,15.069223000000004,12.567509157247585,22.457404178551286,22.646957,23.357303619384766
2024-01-21 18:00:00,11.852351999999996,16.155153482510883,14.119001734315157,13.205248,18.9863338470459
2024-01-21 19:00:00,10.648000000000003,21.546057212941705,12.472699815641842,11.057735,14.070350646972656
2024-01-21 20:00:00,11.543175999999995,23.57226256259652,9.460896055970316,10.384566,9.744344711303711
2024-01-21 21:00:00,12.649337,14.886865299592273,12.451493804665306,11.8805,10.689140319824219
2024-01-21 22:00:00,10.503459,12.57297256104873,12.841612928232449,12.89933,11.991710662841797
2024-01-21 23:00:00,9.800344,11.236320416245107,9.16573314627599,9.934656,13.19735336303711
2024-01-22 00:00:00,10.503459,15.758633857062478,9.374723911760357,9.52907,12.29532241821289
2024-01-22 01:00:00,10.793861,19.2695391505882,10.660646309570334,10.608033,12.235288619995117
2024-01-22 02:00:00,9.129328999999998,20.86461541168096,10.448224671527127,10.393309,14.958755493164062
2024-01-22 03:00:00,7.301384,15.366775679524636,8.340106947964749,8.710549,13.174110412597656
2024-01-22 04:00:00,6.539203000000001,7.405000618442784,6.461717511810187,6.4548903,11.699296951293945
2024-01-22 05:00:00,6.028568000000001,11.654774573468586,5.868284937858466,5.566505,8.514127731323242
2024-01-22 06:00:00,7.077887999999999,11.703132328548534,6.097841114038907,5.584713,7.368927001953125
2024-01-22 07:00:00,6.858999999999999,12.877541580471643,6.9667643256302885,6.0090876,6.465789794921875
2024-01-22 08:00:00,5.177717,5.531764725016956,5.450865973536589,5.430505,7.97319221496582
2024-01-22 09:00:00,2.3526370000000005,0.47818496004259714,21.629753895264397,13.490485,9.757925033569336
2024-01-22 10:00:00,15.069223000000004,-16.144619462761156,7.810148845629924,9.095423,15.825794219970703
2024-01-22 11:00:00,36.264691,41.118586742916094,34.75035632524625,35.27351,17.854366302490234
2024-01-22 12:00:00,52.31362400000001,72.69589671374912,57.52951301841729,59.55193,70.88467407226562
2024-01-22 13:00:00,54.439939,82.98977566591599,61.17063056892093,58.378017,67.26897430419922
2024-01-22 14:00:00,40.353607,72.45832055644074,51.0188277392922,50.18962,70.01336669921875
2024-01-22 15:00:00,24.642171000000005,44.65900425383184,29.481458199935695,22.06888,38.022483825683594
2024-01-22 16:00:00,6.229504,5.857837099178795,9.613390662188051,8.384774,9.560564041137695
2024-01-22 17:00:00,3.944312000000001,-28.274068819858073,4.637096353903938,5.3977675,8.309240341186523
2024-01-22 18:00:00,0.493039,-22.387452443995016,2.744229748542976,3.1183848,6.546499252319336
2024-01-22 19:00:00,1.7279999999999998,-52.17910431065753,1.2826776443089647,0.63743293,6.613554000854492
2024-01-22 20:00:00,6.858999999999999,-3.091340566782506,7.090603722104763,4.771619,5.764766693115234
2024-01-22 21:00:00,9.129328999999998,17.23209975359265,13.444478588237205,13.693384,7.927341461181641
2024-01-22 22:00:00,8.489664000000001,17.88717674445037,10.39379307977891,10.398901,13.117284774780273
2024-01-22 23:00:00,6.539203000000001,14.667160210776373,7.956642039730021,8.236681,11.74354362487793
2024-01-23 00:00:00,5.000210999999999,14.479597917448288,5.362207991479078,6.13283,9.936532974243164
2024-01-23 01:00:00,4.330746999999999,11.520746439207656,4.515962751499887,4.8264084,8.043130874633789
2024-01-23 02:00:00,5.359375,4.820010001471061,4.017814656376936,4.3456907,8.376977920532227
2024-01-23 03:00:00,6.644671999999999,4.147162629788326,5.970429466198868,6.199892,8.104896545410156
2024-01-23 04:00:00,6.229504,7.006377123429829,7.252092916142369,6.801735,9.420171737670898
2024-01-23 05:00:00,4.492124999999999,4.139690340570212,6.14593673616531,6.257492,8.156463623046875
2024-01-23 06:00:00,3.307949,-3.241017674197039,3.8248462099647393,4.177365,7.020097732543945
2024-01-23 07:00:00,2.8632879999999994,-13.307333506354752,2.9622889978112514,2.765753,5.223114013671875
2024-01-23 08:00:00,1.225043,-19.562979372210577,2.950727229467949,2.545399,5.2321319580078125
2024-01-23 09:00:00,0.5513679999999999,-32.40935139354062,2.6640608370752,4.3617735,5.284557342529297
2024-01-23 10:00:00,11.089567,-35.88354941472889,4.497583501697559,4.5060735,6.753423690795898
2024-01-23 11:00:00,34.965783,37.658112124228964,27.14299382395357,27.38942,12.117259979248047
2024-01-23 12:00:00,62.099136,80.72916258903548,55.82786874148064,54.82824,54.665374755859375
2024-01-23 13:00:00,80.62156800000001,112.85134134099953,83.51264044895639,81.81297,75.27987670898438
2024-01-23 14:00:00,76.225024,123.42616257571682,86.3136016274314,85.48359,95.52790832519531
2024-01-23 15:00:00,58.86386900000001,103.14278640238187,60.68640812239219,57.629726,66.53690338134766
2024-01-23 16:00:00,14.526784,64.49705811583233,18.449026770485236,18.82682,16.161396026611328
2024-01-23 17:00:00,12.977875,1.9719903673608883,14.040032953297711,13.897462,14.422618865966797
2024-01-23 18:00:00,8.489664000000001,13.261072259582463,11.070445760487837,10.379516,10.687129974365234
2024-01-23 19:00:00,8.489664000000001,-4.162038597073476,7.692585706129205,6.928477,11.22979736328125
2024-01-23 20:00:00,9.261,8.294536223623524,8.570621530181434,9.1354,9.757478713989258
2024-01-23 21:00:00,9.129328999999998,0.40009344078788445,9.581061401210315,9.922917,11.789953231811523
2024-01-23 22:00:00,8.365426999999997,-7.024464701004021,8.82990012180441,9.28551,12.979227066040039
2024-01-23 23:00:00,7.414874999999999,-5.593258694248817,7.624852369240979,7.8908467,12.127161026000977
2024-01-24 00:00:00,7.077887999999999,-8.516671466244063,6.993859388151684,7.213397,10.285564422607422
2024-01-24 01:00:00,7.762391999999999,-7.305193911479961,6.420580107824884,6.9311094,9.121316909790039
2024-01-24 02:00:00,8.741816,-3.6438645894459114,7.906862523037894,8.124546,9.055391311645508
2024-01-24 03:00:00,9.261,1.3130997608569288,8.645445604389018,8.644586,10.46290397644043
2024-01-24 04:00:00,8.869742999999998,3.555080812988038,9.236821779100614,9.292008,10.352426528930664
2024-01-24 05:00:00,7.880599,8.034316320498533,8.164280116829751,8.109142,10.107900619506836
2024-01-24 06:00:00,6.751268999999999,7.261241003442223,7.4021321156640125,7.523776,7.5487213134765625
2024-01-24 07:00:00,5.359375,0.5528007380998332,6.098066451410314,5.5578136,6.760251998901367
2024-01-24 08:00:00,3.241792,-6.470009310901645,4.524246499488166,3.926736,5.456571578979492
2024-01-24 09:00:00,0.250047,-8.512660407333897,4.7979113555726345,5.031509,8.477705001831055
2024-01-24 10:00:00,1.0,-35.817037350671654,3.3373845972553364,4.2482977,14.945369720458984
2024-01-24 11:00:00,9.129328999999998,-13.990805631584081,7.805005425270967,9.043798,16.427837371826172
2024-01-24 12:00:00,27.818127,31.94474991210261,22.21303548806949,21.77426,23.47846221923828
2024-01-24 13:00:00,46.26827899999999,70.19622647471401,43.31881799977933,43.72542,45.28619384765625
2024-01-24 14:00:00,63.044792,86.63850794664633,60.06400626863391,55.62363,57.47771072387695
2024-01-24 15:00:00,74.618461,98.67745007847701,61.1602090973123,55.074554,47.28889846801758
2024-01-24 16:00:00,19.248832000000004,100.511197598826,24.93727527811464,28.71276,21.435007095336914
2024-01-24 17:00:00,13.997521000000004,12.422513262341567,18.874953104317882,16.906391,19.718467712402344
2024-01-24 18:00:00,10.793861,14.347888988133548,12.232874154499802,10.306649,14.10380744934082
2024-01-24 19:00:00,12.326391,7.64784721540849,8.945083515424892,9.510991,11.617568969726562
2024-01-24 20:00:00,14.348907000000002,21.225993895112666,13.479113229732294,14.387385,10.147176742553711
2024-01-24 21:00:00,14.526784,14.647578188200129,15.285058901848524,15.490222,16.145252227783203
2024-01-24 22:00:00,12.008989,2.611745173754315,14.576292100154605,14.794677,17.796001434326172
2024-01-24 23:00:00,9.800344,-2.672112044343308,11.104382976101258,11.398457,17.044143676757812
2024-01-25 00:00:00,8.242408,-5.715203619080256,8.829522846867697,8.846414,13.11129379272461
2024-01-25 01:00:00,7.414874999999999,-8.653974954205879,7.356532323640083,7.7581997,10.084300994873047
2024-01-25 02:00:00,5.832000000000001,-5.307285991842775,6.993859388151684,7.153751,9.47873306274414
2024-01-25 03:00:00,4.410943999999999,-8.523621206619595,5.328279862339003,5.544024,9.414222717285156
2024-01-25 04:00:00,4.410943999999999,-10.688175519758104,3.8991725231707175,4.5081105,8.587005615234375
2024-01-25 05:00:00,4.251528,0.5677322261713016,4.540898072447406,4.3995695,6.916723251342773
2024-01-25 06:00:00,4.574296,1.091675535336961,4.062463662626495,3.9344237,6.06770133972168
2024-01-25 07:00:00,4.330746999999999,-0.30619562322955574,4.978996057673682,4.105264,5.504859924316406
2024-01-25 08:00:00,2.5154560000000004,-9.067184469744035,4.13401174617936,3.6174192,5.5097808837890625
2024-01-25 09:00:00,1.191016,-12.27062093204077,3.1903995287863616,3.0732448,6.16822624206543
2024-01-25 10:00:00,9.800344,-18.914615793909277,6.37069998437477,5.788028,9.571043014526367
2024-01-25 11:00:00,25.67237500000001,34.20714249470741,22.21950071969015,24.928814,15.362533569335938
2024-01-25 12:00:00,55.306341,63.27697190842885,44.163256261525596,43.98678,51.111175537109375
2024-01-25 13:00:00,99.89734399999998,105.60262167387297,79.40721080189569,74.561356,62.796783447265625
2024-01-25 14:00:00,92.959677,133.63201608116276,124.45507944985806,121.3338,108.59469604492188
2024-01-25 15:00:00,51.478848000000006,100.32320429683428,56.134577753230914,52.97838,117.29766845703125
2024-01-25 16:00:00,8.0,47.45377032272573,19.93888854711543,19.014631,24.91657829284668
2024-01-25 17:00:00,4.173281000000001,-12.053012395189569,7.185707319850832,6.940681,13.774429321289062
2024-01-25 18:00:00,2.3526370000000005,1.6457391727538067,2.6959201815287974,3.5605233,9.328104019165039
2024-01-25 19:00:00,3.869893,-9.320989449307035,2.605042103077434,2.429119,6.936073303222656
2024-01-25 20:00:00,6.434856000000001,7.169347171307891,6.543714986011667,6.4832864,6.762134552001953
2024-01-25 21:00:00,6.539203000000001,8.726737460314965,8.198721381025404,8.909934,8.813575744628906
2024-01-25 22:00:00,4.912999999999999,3.151789493661468,6.745750204505824,6.5606966,10.359245300292969
2024-01-25 23:00:00,3.5118080000000003,-0.687639984574659,4.509206750126044,4.8182774,9.125539779663086
2024-01-26 00:00:00,2.5154560000000004,-1.3516464085170412,3.349962465021431,3.702483,7.708520889282227
2024-01-26 01:00:00,1.860867,-5.497212302524176,2.7193998071852583,2.7319973,7.178398132324219
2024-01-26 02:00:00,1.030301,-6.254359626251883,2.064217912860592,2.214425,6.8066253662109375
2024-01-26 03:00:00,1.953125,-12.163606877576044,1.1624225618447546,1.6291556,6.328250885009766
2024-01-26 04:00:00,6.967870999999999,-2.4873228697883576,2.8813332091902577,2.4636343,5.880800247192383
2024-01-26 05:00:00,16.387064000000002,27.47922227747064,15.250413665071529,12.345312,6.575813293457031
2024-01-26 06:00:00,25.934336,56.112136144706014,27.831514289036658,24.813486,9.065380096435547
2024-01-26 07:00:00,21.484952,68.27451809022871,33.664317378951296,32.976112,22.19936752319336
2024-01-26 08:00:00,38.95821900000001,57.520810455108446,20.606196196962337,21.399607,29.08283233642578
2024-01-26 09:00:00,2.000376,107.73178628001126,61.80996677582516,63.591484,20.6181640625
2024-01-26 10:00:00,3.0486249999999995,-12.734678934990654,4.890436410325485,3.22749,39.288673400878906
2024-01-26 11:00:00,33.38624800000001,26.346012458467712,13.236459484075592,12.82421,17.42819595336914
2024-01-26 12:00:00,70.95794399999998,98.1524110897597,69.87631934673553,65.266846,17.814546585083008
2024-01-26 13:00:00,85.18400000000003,114.13365031041938,102.90630685238212,101.065025,76.12971496582031
2024-01-26 14:00:00,82.31287499999998,106.96124855802962,90.28752142644721,81.159355,65.08260345458984
2024-01-26 15:00:00,69.934528,100.51804558727169,62.72328240795721,57.475433,40.83956527709961
2024-01-26 16:00:00,16.581374999999998,89.60189889557519,20.638149162154495,20.1097,17.601484298706055
2024-01-26 17:00:00,12.977875,12.691348606991099,15.908794938005878,15.040466,17.727136611938477
2024-01-26 18:00:00,9.261,17.049669442294572,11.814366612780246,10.721833,12.092916488647461
2024-01-26 19:00:00,8.869742999999998,5.5320963961085,8.162363831174087,7.923408,11.252252578735352
2024-01-26 20:00:00,10.503459,18.087184868802595,8.345642143750634,8.798778,9.663639068603516
2024-01-26 21:00:00,12.008989,14.318017160120078,11.18897435592544,11.543362,10.934881210327148
2024-01-26 22:00:00,12.812903999999998,8.096978583429987,12.827305524403009,13.170201,13.962549209594727
2024-01-26 23:00:00,11.543175999999995,7.974708966100437,12.540467496198502,12.512745,13.795228958129883
2024-01-27 00:00:00,9.800344,3.1343351999349522,10.77414746674694,10.9521,15.03863525390625
2024-01-27 01:00:00,9.528128,0.5795390143623678,8.959129573894593,9.407973,11.865886688232422
2024-01-27 02:00:00,12.487167999999995,2.8243875303582797,9.735534158980606,9.920416,11.538536071777344
2024-01-27 03:00:00,16.777216,11.017749055821014,14.180999996893695,14.760659,12.739490509033203
2024-01-27 04:00:00,19.465109,19.81890796123183,17.867772946596787,17.160143,15.683425903320312
2024-01-27 05:00:00,19.683000000000003,28.79248201353856,19.970541625260132,18.767303,17.44232177734375
2024-01-27 06:00:00,18.191447,31.861196679158112,18.902718613436196,18.314852,17.488277435302734
2024-01-27 07:00:00,11.543175999999995,29.202043828762456,13.666376982121253,13.584262,16.06584930419922
2024-01-27 08:00:00,23.887872,17.707994130647364,11.349117191853782,11.012692,15.952417373657227
2024-01-27 09:00:00,97.97218100000002,60.709971696966065,61.56787836147669,64.90864,17.7244930267334
2024-01-27 10:00:00,175.61599999999996,161.88848411274182,159.77621676838032,153.00688,70.73762512207031
2024-01-27 11:00:00,234.885113,194.96040936755776,246.32399372821618,233.23828,181.17832946777344
2024-01-27 12:00:00,262.14400000000006,220.89179617210652,286.6994842597997,299.58575,258.0683288574219
2024-01-27 13:00:00,272.097792,224.12201655874878,269.5664447009965,275.5069,323.66900634765625
2024-01-27 14:00:00,258.474853,210.88485001923976,245.3996972926611,217.15564,317.9084777832031
2024-01-27 15:00:00,193.100552,176.52754087519264,180.81810576957497,186.0771,244.39353942871094
2024-01-27 16:00:00,38.272753,117.51868415375635,60.30309078237324,53.711998,78.80644226074219
2024-01-27 17:00:00,17.779580999999997,18.082791861425903,24.358735854447165,24.574165,26.141315460205078
2024-01-27 18:00:00,10.793861,24.935310411911004,15.816592396659724,16.000826,22.541950225830078
2024-01-27 19:00:00,8.365426999999997,27.019845009200694,9.072309266255207,9.333623,18.039981842041016
2024-01-27 20:00:00,7.189056999999999,29.871702507870694,7.419702706475049,7.7185583,12.370466232299805
2024-01-27 21:00:00,6.331625000000001,7.9746335146733,6.574816596506764,7.4308486,10.553281784057617
2024-01-27 22:00:00,5.832000000000001,-2.2927148958451227,5.673357717748046,6.223685,9.526229858398438
2024-01-27 23:00:00,5.6397520000000005,6.060583799617774,5.9886402060472195,6.5680285,8.595651626586914
2024-01-28 00:00:00,5.268024,8.218125635128985,6.121860523192318,6.174372,9.247337341308594
2024-01-28 01:00:00,4.741631999999999,6.819905190740471,5.062274840474987,5.511593,10.14052963256836
2024-01-28 02:00:00,3.869893,8.307228574957605,4.327589141373152,4.4736543,8.928495407104492
2024-01-28 03:00:00,3.869893,5.831136110950595,3.8944533012593627,3.8436913,7.891138076782227
2024-01-28 04:00:00,4.492124999999999,3.713974564662138,4.482415283101078,3.994705,6.259220123291016
2024-01-28 05:00:00,5.735339000000001,10.398273918028565,5.270064114656662,4.9716096,5.754032135009766
2024-01-28 06:00:00,5.5452330000000005,17.186088016673153,6.8469395673205575,7.7254505,5.041646957397461
2024-01-28 07:00:00,4.410943999999999,8.293881180719538,5.442981247576914,4.458148,6.230878829956055
2024-01-28 08:00:00,4.173281000000001,-1.4755380422963356,3.9527983388906383,2.8063192,5.963029861450195
2024-01-28 09:00:00,1.4428969999999997,-3.4102818264252903,8.816028310926468,8.745248,8.90652847290039
2024-01-28 10:00:00,2.803221,-28.51374668386731,6.047493126436214,6.2230344,14.72596549987793
2024-01-28 11:00:00,25.412184,-15.31517819443873,11.982318195528578,12.153085,15.468761444091797
2024-01-28 12:00:00,62.57077300000001,66.97024246985414,56.34331406895106,58.01777,21.948890686035156
2024-01-28 13:00:00,77.85448299999997,108.36130244546219,95.73996843304406,96.58037,81.21966552734375
2024-01-28 14:00:00,75.68696700000002,110.29432209344789,92.47251651177137,82.60202,95.39073181152344
2024-01-28 15:00:00,61.629875000000006,98.51994470781953,56.46790810991076,49.400356,48.62055587768555
2024-01-28 16:00:00,12.326391,71.08649097114672,18.735175536742464,19.238632,18.1419677734375
2024-01-28 17:00:00,4.492124999999999,-2.667583079944748,11.655638539168892,11.101387,13.363744735717773
2024-01-28 18:00:00,5.359375,-2.301791322292104,2.436957636969297,3.0762622,9.569284439086914
2024-01-28 19:00:00,10.077696,6.048710000723602,6.453097551207199,6.106144,7.248868942260742
2024-01-28 20:00:00,14.886936,30.651598135917325,13.491975301742261,13.955366,8.12047004699707
2024-01-28 21:00:00,19.465109,35.0335593269851,17.605284740866846,17.347273,12.012788772583008
2024-01-28 22:00:00,23.639903000000004,35.367517635496526,21.564947575207494,20.30022,16.732440948486328
2024-01-28 23:00:00,22.906303999999995,44.268927411821224,24.456259127520998,23.617285,18.14948081970215
2024-01-29 00:00:00,19.465109,39.42518779660192,21.074410052119337,21.89055,20.62493896484375
2024-01-29 01:00:00,14.348907000000002,29.635191086829266,16.98816855630532,17.827559,18.681968688964844
2024-01-29 02:00:00,11.089567,18.54467984340137,13.111483625726974,13.5987625,19.21236228942871
2024-01-29 03:00:00,10.503459,15.81107782926729,9.439805017597742,9.792035,15.194400787353516
2024-01-29 04:00:00,10.360232000000002,15.135749860867733,9.686214235716895,10.22675,14.134475708007812
2024-01-29 05:00:00,9.129328999999998,12.616251772914325,9.841724723707788,10.217445,12.419374465942383
2024-01-29 06:00:00,8.741816,4.3867455901547885,8.319924601420661,8.940829,11.681713104248047
2024-01-29 07:00:00,6.434856000000001,-3.492446731895356,7.776806193574003,6.921932,10.305364608764648
2024-01-29 08:00:00,5.832000000000001,-7.014812108419235,4.9311940972458235,6.3293386,11.647180557250977
2024-01-29 09:00:00,2.6280719999999995,7.677095031354526,13.653140595578344,9.874936,11.317102432250977
2024-01-29 10:00:00,6.751268999999999,-17.118526568467175,8.305082800311144,6.536462,20.295358657836914
2024-01-29 11:00:00,26.463592,3.6909029849760344,17.09930394147509,18.627165,20.512731552124023
2024-01-29 12:00:00,60.698457000000005,59.022118389765,52.646498524590804,52.03707,31.74802589416504
2024-01-29 13:00:00,84.60451899999998,103.10707477646726,89.15096529409169,94.51092,75.43215942382812
2024-01-29 14:00:00,74.08800000000001,118.0024494606542,101.61615921617262,93.40613,94.65476989746094
2024-01-29 15:00:00,50.243409,97.30654068697997,59.785730120689784,53.278286,65.24990844726562
2024-01-29 16:00:00,12.326391,58.56374411542235,15.925340858019718,15.523494,18.453550338745117
2024-01-29 17:00:00,13.823999999999998,-5.035137295892952,11.389744383253978,11.11756,10.677389144897461
2024-01-29 18:00:00,11.239424000000003,9.45475682681959,11.85880504104078,12.001499,8.255609512329102
2024-01-29 19:00:00,10.503459,-4.304269683168954,9.831857788572977,9.671583,13.411111831665039
2024-01-29 20:00:00,11.543175999999995,6.55860796768809,9.816811644908494,10.673346,12.054403305053711
2024-01-29 21:00:00,11.390625,0.9158717882195049,12.006799366930073,11.970356,13.018648147583008
2024-01-29 22:00:00,9.663596999999998,-2.6565607829650304,10.958536795868449,11.522169,17.106491088867188
2024-01-29 23:00:00,7.414874999999999,0.25294999759017855,8.957524947704497,9.253966,17.154346466064453
2024-01-30 00:00:00,5.832000000000001,-0.3715845076111606,6.413755046210399,6.763443,13.40618896484375
2024-01-30 01:00:00,5.268024,-2.126815849723613,5.3419151826291476,5.6574764,10.259632110595703
2024-01-30 02:00:00,5.6397520000000005,0.18284450244544814,5.062274840474987,5.585306,8.98974609375
2024-01-30 03:00:00,5.735339000000001,0.32822199090696813,6.112073065749043,6.260989,7.963216781616211
2024-01-30 04:00:00,5.5452330000000005,-0.35482562296444087,6.157347344919961,6.3890586,8.998575210571289
2024-01-30 05:00:00,6.229504,5.050039202235467,6.720098950745333,5.9760733,6.9741363525390625
2024-01-30 06:00:00,7.529535999999999,10.329297655468878,7.53496977477153,6.736109,6.183475494384766
2024-01-30 07:00:00,5.268024,12.668027847412532,8.239335796467063,7.2103395,5.80900764465332
2024-01-30 08:00:00,2.3526370000000005,1.5969858702930395,5.089892628200545,4.4242163,6.645626068115234
2024-01-30 09:00:00,6.229504,-8.027787437334709,4.864641570013471,3.9039683,7.1244049072265625
2024-01-30 10:00:00,13.823999999999998,15.006375700305952,15.903230584801143,16.4279,13.925975799560547
2024-01-30 11:00:00,23.639903000000004,27.198788322024726,23.323955510528375,22.897177,41.360111236572266
2024-01-30 12:00:00,36.594368,50.90780535583228,33.83798116796809,37.61227,42.92885971069336
2024-01-30 13:00:00,46.656000000000006,72.6594099063792,46.914670605362765,47.14571,58.326255798339844
2024-01-30 14:00:00,46.656000000000006,74.85725009685707,50.309020435229804,49.178856,54.53495788574219
2024-01-30 15:00:00,38.95821900000001,60.134261622505235,36.37603608550032,37.03322,49.80479431152344
2024-01-30 16:00:00,10.503459,32.11707297194398,16.09986761572453,15.213561,14.212827682495117
2024-01-30 17:00:00,9.663596999999998,-14.6679191768267,8.4783824889629,9.526758,12.09372329711914
2024-01-30 18:00:00,3.307949,-2.0945967914251327,8.000668233975093,7.4510736,8.766225814819336
2024-01-30 19:00:00,0.421875,-24.161490924112044,2.70679131223581,2.6864605,9.178777694702148
2024-01-30 20:00:00,0.132651,-25.60203761732457,1.385320123418491,1.6631916,6.599081039428711
2024-01-30 21:00:00,0.8043570000000001,-35.884073009875735,1.4325068842164712,1.4055665,6.1861114501953125
2024-01-30 22:00:00,2.5154560000000004,-18.024405017320845,2.624410923740569,2.2570853,6.410774230957031
2024-01-30 23:00:00,6.128487000000001,-3.770859350685029,4.614263272304605,5.3921704,7.383630752563477
2024-01-31 00:00:00,10.503459,9.766793861254413,10.145549713255322,9.945577,8.062210083007812
2024-01-31 01:00:00,13.481272,22.466973099155084,13.579110289915027,13.929219,11.092166900634766
2024-01-31 02:00:00,12.812903999999998,33.88051538137695,15.583908401256158,15.581601,11.47262954711914
2024-01-31 03:00:00,9.663596999999998,32.50046193491012,12.096228235601654,11.653846,13.904136657714844
2024-01-31 04:00:00,6.331625000000001,25.18352489233827,8.457646379387766,8.661989,12.230400085449219
2024-01-31 05:00:00,3.723875000000001,17.60749328060089,4.90219099373426,5.2310247,10.67315673828125
2024-01-31 06:00:00,1.6430319999999998,8.860907825303627,3.2182599298201784,3.7086673,7.771783828735352
2024-01-31 07:00:00,0.421875,-9.23257539457704,2.043024278476079,1.5432155,6.832374572753906
2024-01-31 08:00:00,0.157464,-24.49247618741262,1.3590415533760156,1.7378277,6.86613655090332
2024-01-31 09:00:00,2.000376,-26.419378404375095,3.6882198905879386,2.955123,7.499843597412109
2024-01-31 10:00:00,3.796416,3.4211547769952375,8.540227251546378,7.927194,9.863903045654297
2024-01-31 11:00:00,14.172488,0.1820475917590727,10.73038636770233,7.343051,18.55330467224121
2024-01-31 12:00:00,38.614472,45.46723270095653,22.884704925151382,26.192629,18.238752365112305
2024-01-31 13:00:00,56.62310399999999,85.03054908266581,67.77638900928073,70.112915,43.395172119140625
2024-01-31 14:00:00,45.882712000000005,100.27244902035052,68.5891626417903,62.387207,59.56591033935547
2024-01-31 15:00:00,22.906303999999995,78.6737132670902,36.23821390232155,21.138454,34.09856033325195
2024-01-31 16:00:00,2.6280719999999995,40.27401337269946,9.071169497976973,7.379634,11.529775619506836
2024-01-31 17:00:00,0.6141249999999999,-7.967546668691753,2.187431909680141,3.7433572,7.440008163452148
2024-01-31 18:00:00,5.359375,-15.450524313135134,1.1520981621939317,5.0161586,5.762306213378906
2024-01-31 19:00:00,14.172488,18.915346123089535,12.38395482746778,15.313483,6.458305358886719
2024-01-31 20:00:00,19.034163,38.413294813883155,22.582978139623926,21.818209,14.71888542175293
2024-01-31 21:00:00,21.024576,35.85211989961225,19.970280347823703,19.647957,26.837282180786133
2024-01-31 22:00:00,21.717639,36.83961874507277,20.934473683925425,20.625147,20.15234375
2024-01-31 23:00:00,21.951999999999995,43.75846000801032,22.772347208470013,21.178438,15.341753005981445
2024-02-01 00:00:00,24.642171000000005,46.04565241406512,23.45843119680814,21.999271,16.222665786743164
2024-02-01 01:00:00,36.594368,48.551258168130445,27.867690721517338,25.932068,19.413000106811523
2024-02-01 02:00:00,56.181887,72.33361265158429,44.4055749916141,43.3557,21.269149780273438
2024-02-01 03:00:00,72.511713,99.13689829621482,75.5519225666923,74.96215,29.985015869140625
2024-02-01 04:00:00,78.953589,116.78323241441181,95.93070245193526,91.81331,52.329559326171875
2024-02-01 05:00:00,86.93830699999998,119.32367490333176,92.47537641738127,87.790436,58.524925231933594
2024-02-01 06:00:00,111.98016800000002,118.13407837774919,100.41465973669717,105.954895,68.29081726074219
2024-02-01 07:00:00,172.80869300000003,131.4438767314391,146.21044742378572,132.66841,80.94215393066406
2024-02-01 08:00:00,259.694072,167.57180350250763,201.52752864523586,194.97481,94.48280334472656
2024-02-01 09:00:00,381.078125,209.23218257686,308.95929346656163,307.38748,157.39462280273438
2024-02-01 10:00:00,517.7816269999998,247.0319187295667,395.3264354216666,405.83337,283.9364013671875
2024-02-01 11:00:00,569.7227889999998,276.8188390961617,640.4926207360834,585.99396,367.55279541015625
2024-02-01 12:00:00,559.476224,269.7998889788846,599.651431765395,478.9446,445.6371154785156
2024-02-01 13:00:00,472.729139,259.37977586290356,529.3864223245836,529.8376,373.5203552246094
2024-02-01 14:00:00,335.702375,221.02068819415774,381.56955694,456.51764,317.890625
2024-02-01 15:00:00,187.149248,180.57399278378568,230.62402754233335,187.90382,193.31161499023438
2024-02-01 16:00:00,94.81881599999996,137.84663871217612,102.27516261599996,76.697495,92.08085632324219
2024-02-01 17:00:00,69.42653100000001,103.39601878909222,70.76797728665336,66.865425,161.7635498046875
2024-02-01 18:00:00,55.306341,94.25157392869234,75.71048548235716,87.120316,43.98795700073242
2024-02-01 19:00:00,34.965783,79.65352748270608,61.11313489710717,49.834076,19.67442512512207
2024-02-01 20:00:00,29.218112,54.31529606310288,30.67303409041248,25.882326,37.71780014038086
2024-02-01 21:00:00,27.543608,50.42498701604548,26.891453868223337,26.207296,20.695730209350586
2024-02-01 22:00:00,25.67237500000001,43.895746664714196,26.046583131651673,26.50297,16.85141372680664
2024-02-01 23:00:00,23.149125,45.06734411748958,25.651326183052557,25.3846,22.134410858154297
2024-02-02 00:00:00,19.248832000000004,45.798561600350055,20.69495404834018,21.578342,24.090877532958984
2024-02-02 01:00:00,16.387064000000002,36.81010084245953,18.775169403056758,17.077723,19.46501350402832
2024-02-02 02:00:00,14.526784,38.54586215050584,16.49363109917454,15.177506,17.76987075805664
2024-02-02 03:00:00,14.886936,32.37081617104728,14.534032266716963,13.8425665,16.531980514526367
2024-02-02 04:00:00,17.984728,28.38162066459161,14.959560384763115,14.647251,14.700563430786133
2024-02-02 05:00:00,22.425767999999994,27.063291515766466,18.625340201872756,18.66179,17.12928009033203
2024-02-02 06:00:00,25.934336,28.269556150896747,24.229387546083135,22.474976,20.628833770751953
2024-02-02 07:00:00,15.252992,28.29042627389539,24.99022237416253,23.83089,23.756668090820312
2024-02-02 08:00:00,20.346417,11.835122500253775,22.026972997295083,23.593946,25.304637908935547
2024-02-02 09:00:00,35.93699999999999,45.80168336215722,31.67486557717255,28.304493,17.374170303344727
2024-02-02 10:00:00,69.42653100000001,62.27279023321428,66.13637954925879,65.92656,28.734498977661133
2024-02-02 11:00:00,116.93016899999998,95.1109405768005,114.7255094976843,89.39754,26.5052547454834
2024-02-02 12:00:00,181.321496,127.22901834432498,160.22278881956944,167.51935,46.08470916748047
2024-02-02 13:00:00,222.54501599999995,162.12167513777615,224.9064719147795,217.53336,100.61016845703125
2024-02-02 14:00:00,214.921799,166.54193901784635,227.99629667563525,231.68065,174.12725830078125
2024-02-02 15:00:00,194.104539,145.86463188763668,172.6096224518011,175.6165,134.10113525390625
2024-02-02 16:00:00,64.96480799999998,135.086101810515,87.41140819536109,83.43592,53.642120361328125
2024-02-02 17:00:00,25.67237500000001,60.26495360981836,29.155744310542822,28.82725,31.98321533203125
2024-02-02 18:00:00,20.796875,40.544262154841434,22.178260726642375,23.231186,23.34122085571289
2024-02-02 19:00:00,19.465109,50.619368759917066,19.978546155935,18.295065,19.37664222717285
2024-02-02 20:00:00,23.149125,42.02225930990791,18.859421414945807,19.608511,15.668317794799805
2024-02-02 21:00:00,24.137569000000003,29.43123612171955,28.390125689771818,24.188574,18.38960075378418
2024-02-02 22:00:00,21.484952,18.202049432918983,28.293630241443925,25.761766,22.822784423828125
2024-02-02 23:00:00,21.717639,16.856985446121342,21.938529604709043,20.55135,24.117094039916992
2024-02-03 00:00:00,25.153757,26.060817434352842,21.667127695382543,22.085943,22.186466217041016
2024-02-03 01:00:00,31.255875,31.610030042545176,26.637254666472295,26.583158,23.80952262878418
2024-02-03 02:00:00,38.272753,46.97473304314455,32.87854484145656,33.165005,26.430438995361328
2024-02-03 03:00:00,43.24355099999999,60.758040468458105,41.955583323609716,42.40918,30.855117797851562
2024-02-03 04:00:00,42.50854900000001,71.05376347394038,52.10964338835434,44.164925,36.074459075927734
2024-02-03 05:00:00,43.98697699999999,79.88378395405972,40.06135737886786,39.79181,38.218963623046875
2024-02-03 06:00:00,35.93699999999999,89.33836375456188,42.468096051858076,41.26664,34.4637336730957
2024-02-03 07:00:00,23.149125,76.35609249315165,29.17944232807072,28.46594,36.26552200317383
2024-02-03 08:00:00,5.929741000000001,73.27455219781801,24.183690379787063,33.271076,30.7308349609375
2024-02-03 09:00:00,19.683000000000003,49.162768040917584,11.98603669754711,12.709793,48.87724304199219
2024-02-03 10:00:00,88.121125,89.55625223532381,49.26719071778491,47.908573,32.562198638916016
2024-02-03 11:00:00,49.430863,138.99147645835797,138.12269526147404,140.63998,82.8189697265625
2024-02-03 12:00:00,26.463592,68.47339420838033,26.359956208159268,19.528374,125.12060546875
2024-02-03 13:00:00,3.944312000000001,53.39717303267149,18.62532011713888,13.862591,45.89703369140625
2024-02-03 14:00:00,0.970299,-23.60984439024594,13.81565363940102,6.0754986,17.39897346496582
2024-02-03 15:00:00,2.197,-37.486594650892386,10.912779030252985,5.8592386,5.674097061157227
2024-02-03 16:00:00,1.2950290000000002,-23.07230172958684,9.651474316841226,3.2906556,4.366630554199219
2024-02-03 17:00:00,5.735339000000001,-34.657563650783516,1.780368644451691,5.1069956,5.35859489440918
2024-02-03 18:00:00,2.924207,5.021255965054763,12.665800616365507,14.122606,6.829504013061523
2024-02-03 19:00:00,2.248091,-28.07882873736311,2.8472119383801595,3.7988465,10.593515396118164
2024-02-03 20:00:00,4.330746999999999,-6.9232923797744235,2.9073297423293054,6.4922023,8.368181228637695
2024-02-03 21:00:00,8.998912,9.090048264222801,7.597100301418683,7.6332455,8.566808700561523
2024-02-03 22:00:00,11.390625,41.017395327333716,13.488755063522724,13.414677,13.606285095214844
2024-02-03 23:00:00,13.997521000000004,38.08914105174328,12.749891547875716,12.408708,16.952335357666016
2024-02-04 00:00:00,13.312053000000002,42.27695111035722,14.58184627248302,15.400402,17.419328689575195
2024-02-04 01:00:00,17.173512000000002,32.211648528419786,12.795711426589383,13.456023,17.68984031677246
2024-02-04 02:00:00,25.412184,40.0405718407297,18.19035772706097,18.421453,14.608236312866211
2024-02-04 03:00:00,20.570824000000005,49.63894615327284,30.74938098642219,29.690992,21.131038665771484
2024-02-04 04:00:00,1.0,26.70745251157591,18.13174714086582,18.983437,23.252273559570312
2024-02-04 05:00:00,3.796416,-39.92031661493155,3.588295924248537,5.907843,18.655670166015625
2024-02-04 06:00:00,14.172488,17.928983540433777,15.688079813965748,21.201832,7.857988357543945
2024-02-04 07:00:00,24.642171000000005,28.76795976607069,29.353781098020214,28.186533,24.10093879699707
2024-02-04 08:00:00,69.42653100000001,42.28173342131713,33.32801871665514,42.495792,17.250343322753906
2024-02-04 09:00:00,70.95794399999998,109.06900110533,115.29594323374937,117.966995,24.442623138427734
2024-02-04 10:00:00,75.15144799999999,92.56406201608799,87.28776637722773,86.510216,69.52403259277344
2024-02-04 11:00:00,74.618461,106.7578301961613,80.01919283641631,80.05025,29.887727737426758
2024-02-04 12:00:00,79.50699999999999,98.22845152436356,75.57113403359375,70.61666,69.6277084350586
2024-02-04 13:00:00,73.56005900000002,88.19186723142407,77.84636034094686,76.96672,46.07604217529297
2024-02-04 14:00:00,53.582633,56.03180754967501,64.5160298587958,61.394123,73.26199340820312
2024-02-04 15:00:00,30.664297,31.415988096848125,31.948457814062554,26.523638,44.182823181152344
2024-02-04 16:00:00,6.229504,33.32222747480229,9.509186174907624,10.25738,16.08660316467285
2024-02-04 17:00:00,4.019679000000001,-1.9262515048999518,4.347727482212577,5.067696,11.081239700317383
2024-02-04 18:00:00,2.000376,-0.8255562903888602,2.586963909183906,4.283605,7.1270599365234375
2024-02-04 19:00:00,0.7049690000000001,-12.53401442458582,1.4853536552019202,2.09991,6.436103820800781
2024-02-04 20:00:00,0.140608,-25.213343349767655,0.83799561867075,1.5127358,5.902677536010742
2024-02-04 21:00:00,2.7e-05,-38.041150141784755,0.40150759541984604,0.8364205,4.141294479370117
2024-02-04 22:00:00,0.0297909999999999,-54.055816057241046,0.4017338197700254,0.8450593,3.083251953125
2024-02-04 23:00:00,0.079507,-33.579026412428135,0.45645448724966287,0.91350096,2.2055816650390625
2024-02-05 00:00:00,0.3890169999999999,-35.62931321173481,0.4325176653407227,0.9523522,3.3329086303710938
2024-02-05 01:00:00,1.5208749999999998,-32.43115632863055,1.2055933576660287,1.1663139,2.662128448486328
2024-02-05 02:00:00,2.985984,-9.28212004017692,3.208847295028499,3.019367,3.4423065185546875
2024-02-05 03:00:00,4.251528,-0.8849748604101109,4.409996796811265,4.3364983,4.552631378173828
2024-02-05 04:00:00,4.574296,0.4158448436718203,8.864363425014083,4.68778,6.695285797119141
2024-02-05 05:00:00,4.251528,1.558063763734097,12.160034309666147,5.099539,7.937263488769531
2024-02-05 06:00:00,3.723875000000001,3.23410778159635,9.549336940130601,4.2049675,8.037710189819336
2024-02-05 07:00:00,2.197,-7.107181321023816,5.381634190637709,2.6595907,5.9887847900390625
2024-02-05 08:00:00,0.912673,-20.740096922525424,2.475496382284493,4.507551,6.126148223876953
2024-02-05 09:00:00,0.314432,-28.1371443765658,1.7798244042534719,3.733771,6.590343475341797
2024-02-05 10:00:00,6.331625000000001,-49.12364849753537,4.111636840267694,4.137358,6.305204391479492
2024-02-05 11:00:00,22.906303999999995,4.621894018796681,16.560646065890513,15.993358,5.9463653564453125
2024-02-05 12:00:00,39.651821000000005,42.47776938782785,43.07100837772067,39.748173,19.25946807861328
2024-02-05 13:00:00,45.118016,58.270031742423114,52.762808093397034,49.73318,35.7524528503418
2024-02-05 14:00:00,38.272753,57.45283684799493,48.73306582742267,42.06184,43.74505615234375
2024-02-05 15:00:00,28.652616,37.889551434230114,28.671400851409636,27.374592,26.547489166259766
2024-02-05 16:00:00,9.663596999999998,21.496739060743195,12.216977278734948,10.984642,15.228622436523438
2024-02-05 17:00:00,11.697083,-6.370417866539256,7.980537078371912,7.223383,10.240829467773438
2024-02-05 18:00:00,11.089567,11.106520677433167,12.322474407812411,13.2660055,6.945529937744141
2024-02-05 19:00:00,10.360232000000002,-3.3054093730166016,10.698182655797858,10.74208,13.775178909301758
2024-02-05 20:00:00,10.360232000000002,-2.9730495212709087,10.308568606108322,10.620341,10.217813491821289
2024-02-05 21:00:00,10.648000000000003,-10.587179413388341,9.942999626099937,10.928341,12.809907913208008
2024-02-05 22:00:00,10.793861,-12.42973397434676,11.497298274475419,11.055382,13.256065368652344
2024-02-05 23:00:00,11.089567,-10.100276435677529,11.383802930448633,10.825909,13.949474334716797
2024-02-06 00:00:00,10.793861,-8.986878760969716,11.62208564657752,12.065545,13.777498245239258
2024-02-06 01:00:00,9.393930999999998,-9.885131976737966,9.967293208085033,11.162703,17.667478561401367
2024-02-06 02:00:00,8.615124999999997,-7.084445728869198,8.747875783088414,9.527293,14.682533264160156
2024-02-06 03:00:00,9.393930999999998,-4.686885175694016,7.8724805652555006,8.367876,13.47620964050293
2024-02-06 04:00:00,9.261,-2.8131218593072305,9.524246210763394,9.9034,12.098079681396484
2024-02-06 05:00:00,8.242408,-1.0833363773960514,9.085279757373103,8.833708,14.267400741577148
2024-02-06 06:00:00,7.189056999999999,-1.207230745039979,7.467128310037559,7.191787,10.52685546875
2024-02-06 07:00:00,4.657462999999999,-5.928312035895715,7.044370463477844,5.0602827,9.434595108032227
2024-02-06 08:00:00,5.000210999999999,-1.5379076100194595,4.531349282329527,6.238453,8.952274322509766
2024-02-06 09:00:00,2.299968,15.25603366576253,7.887349325779628,6.8270483,15.250818252563477
2024-02-06 10:00:00,4.173281000000001,-12.26108421626384,5.115705712204329,4.202443,16.24759864807129
2024-02-06 11:00:00,21.484952,-1.1278924102884815,9.43397344285496,10.349782,13.751651763916016
2024-02-06 12:00:00,42.144192,56.02448672427535,39.73850836191633,43.91361,20.150217056274414
2024-02-06 13:00:00,58.411072,74.41307549373066,56.25818207887756,53.689205,54.48957061767578
2024-02-06 14:00:00,61.162984,85.88218676155763,69.64006916345679,64.69148,45.12408447265625
2024-02-06 15:00:00,57.066625,75.46222289692376,55.382518483629575,50.392563,43.06243896484375
2024-02-06 16:00:00,23.887872,59.06474048149336,23.863990173357035,25.188955,20.397380828857422
2024-02-06 17:00:00,18.821096000000004,24.379081862737777,15.980902303966468,15.319173,19.191164016723633
2024-02-06 18:00:00,16.003008,24.64131782046111,16.7337432179174,16.391436,12.41756820678711
2024-02-06 19:00:00,12.649337,12.919812431034913,15.216736298232783,13.960221,17.37750816345215
2024-02-06 20:00:00,13.312053000000002,6.585449104349962,11.236226024439393,11.957942,10.75369644165039
2024-02-06 21:00:00,13.823999999999998,1.8799597954106275,13.507732626483161,14.388402,17.616579055786133
2024-02-06 22:00:00,12.487167999999995,-1.4399958679552327,13.519476074014028,14.045591,16.80302619934082
2024-02-06 23:00:00,14.706125000000004,-5.776012405992546,11.934959954157687,12.010715,17.182809829711914
2024-02-07 00:00:00,13.997521000000004,2.09086731815637,15.63393172966989,15.613105,14.336692810058594
2024-02-07 01:00:00,12.326391,3.743656183242436,13.006183373615839,13.576627,18.428943634033203
2024-02-07 02:00:00,8.741816,5.8973394482014925,11.514790197843647,11.974042,15.082803726196289
2024-02-07 03:00:00,6.858999999999999,3.612415613670791,7.469775934739604,7.7333136,17.38245964050293
2024-02-07 04:00:00,7.077887999999999,6.299387308486942,5.880935804301763,6.685376,10.22142219543457
2024-02-07 05:00:00,10.077696,13.343970643578103,6.8764913860630115,6.75903,11.431816101074219
2024-02-07 06:00:00,13.823999999999998,22.770362294779616,11.743941363654615,11.152013,7.257444381713867
2024-02-07 07:00:00,8.998912,25.708985792772708,15.658694755145365,13.8206005,13.335689544677734
2024-02-07 08:00:00,13.651919,14.400449570860616,7.939960811702158,7.782528,11.489124298095703
2024-02-07 09:00:00,20.570824000000005,47.31617407821598,32.682541814963486,22.014011,15.905170440673828
2024-02-07 10:00:00,37.93305599999999,57.28335769522819,33.40549959359419,31.492802,28.329710006713867
2024-02-07 11:00:00,70.95794399999998,79.56536788947766,52.45465034796433,52.749783,41.84052276611328
2024-02-07 12:00:00,141.420761,118.52046212711589,108.18504932408268,107.6696,90.50132751464844
2024-02-07 13:00:00,209.58458400000004,170.21629761762398,198.27000670732662,193.80011,119.58035278320312
2024-02-07 14:00:00,231.475544,185.47990673580586,242.59001170922994,231.26485,178.96693420410156
2024-02-07 15:00:00,210.644875,176.74931576565245,180.65145511410722,189.7126,146.927978515625
2024-02-07 16:00:00,100.54462500000002,144.08568586774464,97.212313667,77.77362,43.95886993408203
2024-02-07 17:00:00,23.149125,80.54720492085376,40.866275103685375,35.317745,33.47330856323242
2024-02-07 18:00:00,19.683000000000003,31.288797181171375,19.896719794194652,20.726809,29.032798767089844
2024-02-07 19:00:00,16.003008,57.96019209851649,17.851220022867693,17.359152,22.463481903076172
2024-02-07 20:00:00,16.387064000000002,32.21278062586846,14.565068975923436,15.190477,17.417131423950195
2024-02-07 21:00:00,16.777216,18.236225652362563,16.190920922141107,17.117811,14.84219741821289
2024-02-07 22:00:00,18.399744,11.6571511859797,16.317099811955966,17.013693,16.42746925354004
2024-02-07 23:00:00,22.425767999999994,13.480900196633627,19.057425266362745,18.960312,18.453977584838867
2024-02-08 00:00:00,28.094464,24.386612188038967,23.513811887578,23.590504,20.678333282470703
2024-02-08 01:00:00,29.503629,36.14804107679264,29.558870664863456,30.90047,23.230308532714844
2024-02-08 02:00:00,29.218112,45.84482918465282,28.503848777612358,28.510021,24.4209041595459
2024-02-08 03:00:00,31.255875,44.98779347498338,27.13764057247533,27.798933,24.686492919921875
2024-02-08 04:00:00,33.38624800000001,45.61773817223467,31.04603429071302,30.475498,26.71087646484375
2024-02-08 05:00:00,36.264691,44.468004249315655,33.71294546246349,32.45525,27.667940139770508
2024-02-08 06:00:00,36.926037,47.03624063473457,37.885270586721575,38.033737,28.389204025268555
2024-02-08 07:00:00,28.372625,42.46956208437352,34.00803980054436,36.249744,28.34589385986328
2024-02-08 08:00:00,51.064811,49.874026153765,34.523020952388535,40.060177,29.209081649780273
2024-02-08 09:00:00,106.49642400000002,101.91931415272323,77.12689831709514,76.31109,57.994041442871094
2024-02-08 10:00:00,194.104539,150.24841154719314,161.57764467924946,164.49103,149.3080596923828
2024-02-08 11:00:00,240.641848,201.9457085194311,257.58437348730956,259.794,201.67807006835938
2024-02-08 12:00:00,288.80478100000005,217.43567667446501,279.44458794956813,279.09027,276.82916259765625
2024-02-08 13:00:00,334.25538400000005,225.59033219003322,297.8590017150556,291.195,288.6308288574219
2024-02-08 14:00:00,341.532099,220.48142186385417,310.65520873338113,280.82852,298.1651306152344
2024-02-08 15:00:00,300.76300000000003,189.95557532222466,271.33968044650595,224.17676,245.04103088378906
2024-02-08 16:00:00,128.024064,145.1929118795282,128.38064654931236,124.72505,82.8868179321289
2024-02-08 17:00:00,48.627125,59.77019974234902,36.77090782404744,36.20216,35.985069274902344
2024-02-08 18:00:00,35.93699999999999,28.545675817760966,44.68778285557548,47.703857,31.82571029663086
2024-02-08 19:00:00,28.652616,51.95153574101785,29.651850653713883,31.534239,27.72714614868164
2024-02-08 20:00:00,25.412184,49.53767278866239,25.620022145407088,24.830454,21.88727569580078
2024-02-08 21:00:00,22.425767999999994,34.209395847208654,24.485383385709152,24.089779,24.916715621948242
2024-02-08 22:00:00,15.813250999999996,28.5323406685432,20.531912269434656,21.841227,21.89456558227539
2024-02-08 23:00:00,9.528128,26.7008301212651,15.466094251392771,15.755444,22.925003051757812
2024-02-09 00:00:00,6.539203000000001,20.413026838320064,9.43821477381118,8.567008,18.176279067993164
2024-02-09 01:00:00,5.5452330000000005,9.616447524554616,5.020006342583032,5.897497,14.392965316772461
2024-02-09 02:00:00,5.268024,8.520898880480104,5.64705575497867,5.91646,11.411964416503906
2024-02-09 03:00:00,5.359375,7.918054507226856,5.20325913330134,5.717554,9.939132690429688
2024-02-09 04:00:00,5.268024,5.450873698388847,5.138241294261669,5.5272408,9.742555618286133
2024-02-09 05:00:00,4.492124999999999,7.452348995507265,5.090878880169221,4.946682,8.680683135986328
2024-02-09 06:00:00,2.6280719999999995,7.063233836960137,5.003592890676068,3.7165492,7.578069686889648
2024-02-09 07:00:00,0.5927039999999999,-7.901159959645341,2.5191524734072774,1.2035041,5.971445083618164
2024-02-09 08:00:00,0.5120000000000001,-15.458797828139936,4.021773350834297,8.8532,4.951255798339844
2024-02-09 09:00:00,6.229504,-11.009254848349684,15.326105016757126,19.558935,6.641120910644531
2024-02-09 10:00:00,15.625,29.13640951882563,25.28770241011366,25.368343,12.855960845947266
2024-02-09 11:00:00,27.543608,38.71028475026809,28.654511565187732,30.303133,25.296194076538086
2024-02-09 12:00:00,40.001688,65.29630656873353,44.93587783817075,43.4489,48.103607177734375
2024-02-09 13:00:00,47.43792800000001,80.40083577872538,53.60592789949944,51.891136,66.51490020751953
2024-02-09 14:00:00,46.26827899999999,67.55336447380553,50.79460855078164,46.15181,71.1720199584961
2024-02-09 15:00:00,35.93699999999999,44.025150104285686,35.805937952892144,34.180305,48.895957946777344
2024-02-09 16:00:00,10.218312999999998,17.78162424199705,14.848669395951397,14.782596,16.308074951171875
2024-02-09 17:00:00,8.365426999999997,-21.94389333950923,8.906662298069666,9.27719,11.771547317504883
2024-02-09 18:00:00,4.657462999999999,-20.98461264633059,6.077300857501438,6.0469837,9.107255935668945
2024-02-09 19:00:00,6.331625000000001,-38.23716505363606,4.238254939141045,4.3363953,8.293943405151367
2024-02-09 20:00:00,8.998912,-5.211045663598668,7.630924565781985,7.7324758,6.828218460083008
2024-02-09 21:00:00,10.360232000000002,-6.17011430375679,10.46305219129479,10.886199,11.500316619873047
2024-02-09 22:00:00,12.008989,-1.6452748738476686,10.764233726353535,11.186988,13.025161743164062
2024-02-09 23:00:00,14.348907000000002,7.476210669899231,12.811605778948936,12.999952,13.758417129516602
2024-02-10 00:00:00,16.194276999999996,15.549487051917083,15.340368380494063,15.3106,13.07687759399414
2024-02-10 01:00:00,15.438249000000004,15.476628726753333,16.480687344376967,16.538187,14.216699600219727
2024-02-10 02:00:00,13.651919,13.72621336826073,14.148521337039945,14.815285,14.729040145874023
2024-02-10 03:00:00,11.239424000000003,9.398101897581967,12.03576562029966,12.65962,14.209836959838867
2024-02-10 04:00:00,9.800344,4.378759369108806,10.009542395098247,9.992205,13.701839447021484
2024-02-10 05:00:00,12.812903999999998,3.5226802417984118,8.943134893412742,8.726369,11.090801239013672
2024-02-10 06:00:00,20.123648000000003,7.580895671436565,14.076513822516477,13.274103,8.759292602539062
2024-02-10 07:00:00,15.625,14.044939598652462,25.036824862893383,21.483541,11.093788146972656
2024-02-10 08:00:00,16.003008,26.062394389139044,16.452341846840724,16.518404,17.170812606811523
2024-02-10 09:00:00,0.0689209999999999,41.34666644950077,36.939839852246934,27.019703,14.534135818481445
2024-02-10 10:00:00,7.301384,-48.225790298677225,4.468243992043521,4.352103,38.3271369934082
2024-02-10 11:00:00,23.639903000000004,56.60859910923257,20.888442378153513,25.503277,17.109037399291992
2024-02-10 12:00:00,48.22854400000001,71.18590462334437,51.11822049689508,51.83309,56.1611328125
2024-02-10 13:00:00,73.03463199999999,96.07541421125255,72.31018991229737,65.911194,64.92335510253906
2024-02-10 14:00:00,80.06299099999998,114.34840610721274,95.61486983033878,82.38543,82.52777099609375
2024-02-10 15:00:00,73.03463199999999,91.29871712022445,70.90523635653211,76.59261,85.86433410644531
2024-02-10 16:00:00,23.393656,62.625345916937064,30.45018289863489,26.507086,22.17880630493164
2024-02-10 17:00:00,19.683000000000003,9.851007597988271,19.666481669797975,19.508497,17.925418853759766
2024-02-10 18:00:00,13.312053000000002,9.345362128590011,17.170418663500925,16.410685,13.35133171081543
2024-02-10 19:00:00,10.648000000000003,-2.9669058946136317,11.837470417993432,11.316429,13.751270294189453
2024-02-10 20:00:00,10.077696,12.977104338042949,8.783435943145165,10.105471,11.165018081665039
2024-02-10 21:00:00,10.218312999999998,4.314131735243677,9.740694846394103,10.154613,13.177274703979492
2024-02-10 22:00:00,10.793861,-1.5947676163811764,10.030760169172694,10.458856,13.428550720214844
2024-02-10 23:00:00,11.390625,3.910671202336019,10.60148441872499,10.551476,14.302852630615234
2024-02-11 00:00:00,11.390625,3.26451444479585,11.80756257994996,11.565287,12.551641464233398
2024-02-11 01:00:00,11.390625,0.5793645208093778,10.944259341190143,11.325276,11.72801399230957
2024-02-11 02:00:00,12.977875,1.7429845030159612,10.920101619691115,11.348735,10.814327239990234
2024-02-11 03:00:00,15.069223000000004,5.1511934825891075,13.250246389368233,13.519912,10.943756103515625
2024-02-11 04:00:00,15.625,7.1287222899745615,15.804650936960275,15.503792,13.446670532226562
2024-02-11 05:00:00,14.526784,13.841569774099426,15.09048781510429,15.019352,13.371761322021484
2024-02-11 06:00:00,15.252992,11.29480889383207,13.420195362906643,13.360141,11.14393424987793
2024-02-11 07:00:00,12.166999999999998,9.730920858710334,12.716115350103415,10.824709,8.511486053466797
2024-02-11 08:00:00,7.645372999999999,21.74818551813256,13.208363916458268,18.5532,9.501625061035156
2024-02-11 09:00:00,0.064,12.015368654260797,10.320831596696086,11.510341,14.651683807373047
2024-02-11 10:00:00,1.2950290000000002,-37.48902586140474,5.1951582721192615,9.077081,22.336345672607422
2024-02-11 11:00:00,9.938375,8.415803122840671,9.793863218834366,12.711905,18.083145141601562
2024-02-11 12:00:00,21.024576,44.61598357669858,23.353312649426098,23.143675,27.31094741821289
2024-02-11 13:00:00,27.818127,53.79190537475027,34.109986418411616,32.76459,51.651668548583984
2024-02-11 14:00:00,28.652616,55.483173412302776,34.13716143915616,33.784615,45.38433837890625
2024-02-11 15:00:00,27.818127,35.477091786627014,27.7118628494826,26.493027,35.21797561645508
2024-02-11 16:00:00,10.941048000000002,10.410937709734938,16.476847396842217,15.256781,13.241260528564453
2024-02-11 17:00:00,11.543175999999995,-19.433824037424316,9.266315672056002,10.788393,11.547578811645508
2024-02-11 18:00:00,8.741816,-21.20463583814167,10.861937850060793,10.341561,8.80972671508789
2024-02-11 19:00:00,13.312053000000002,-35.93745071331031,7.5227345068593,7.993581,9.636190414428711
2024-02-11 20:00:00,19.248832000000004,12.086904606671624,15.81315796563601,17.668943,8.864870071411133
2024-02-11 21:00:00,22.906303999999995,18.730827476771537,21.47376185816834,21.093533,17.10732078552246
2024-02-11 22:00:00,22.188041,24.325088622235867,24.544045661564258,23.941044,21.936372756958008
2024-02-11 23:00:00,20.346417,21.591828994683837,20.642147334611888,21.28116,24.448657989501953
2024-02-12 00:00:00,21.253933,19.626002667436424,19.23935397960833,19.804272,19.761714935302734
2024-02-12 01:00:00,16.003008,20.19583862784576,21.221470158705316,21.537874,15.834487915039062
2024-02-12 02:00:00,11.089567,4.033344140651792,14.392292777931294,14.933312,17.5140323638916
2024-02-12 03:00:00,12.487167999999995,3.084637686258006,9.242902687398491,9.6266,11.826351165771484
2024-02-12 04:00:00,17.373979,10.452482062712377,12.95649537352799,12.669847,11.642208099365234
2024-02-12 05:00:00,25.934336,16.482488021133406,20.962701857608412,20.244968,13.378206253051758
2024-02-12 06:00:00,35.611289,32.64511923133371,31.689649490262788,32.809917,17.402095794677734
2024-02-12 07:00:00,24.389,41.065038983598626,39.87383446164138,38.509514,21.160343170166016
2024-02-12 08:00:00,36.926037,39.51075782882843,25.410307247335624,38.322,30.19939422607422
2024-02-12 09:00:00,14.526784,83.28000281165758,50.74893456414335,59.642303,21.79463768005371
2024-02-12 10:00:00,24.642171000000005,31.163774480597695,16.39271970610109,20.174314,81.06443786621094
2024-02-12 11:00:00,37.595375,63.06957150762507,45.07408938523231,52.63443,38.18675994873047
2024-02-12 12:00:00,45.882712000000005,70.81545927467441,52.11980660436591,53.53966,73.51492309570312
2024-02-12 13:00:00,47.045881,62.48566835359965,49.43417257966443,46.81455,64.9568862915039
2024-02-12 14:00:00,64.48120099999998,46.13856228044078,45.596923418956834,44.11527,53.87439727783203
2024-02-12 15:00:00,51.895117,70.62472914470924,65.96739102099417,60.98679,43.9499626159668
2024-02-12 16:00:00,10.941048000000002,37.94703413311875,20.667857347445302,18.494328,29.39006805419922
2024-02-12 17:00:00,9.663596999999998,-12.056730905846536,9.103518984497988,10.935677,17.427011489868164
2024-02-12 18:00:00,3.375,9.288502039391503,8.684927935851979,9.641975,10.662467956542969
2024-02-12 19:00:00,0.970299,-18.963688894104976,2.509238821549515,2.788064,8.32352066040039
2024-02-12 20:00:00,0.5717869999999999,-6.487325801741903,1.3194388703166757,2.4179213,5.564701080322266
2024-02-12 21:00:00,2.4603750000000004,-18.903298004514525,1.331187660056881,1.608586,6.421712875366211
2024-02-12 22:00:00,6.331625000000001,5.625706600837077,5.643318840394308,6.3553743,7.174592971801758
2024-02-12 23:00:00,8.0,21.608925718109887,10.006798283528559,9.819266,9.76467514038086
2024-02-13 00:00:00,7.077887999999999,20.030226526742325,9.224582730370765,8.930803,11.855888366699219
2024-02-13 01:00:00,5.929741000000001,19.889482897101544,6.385151615740455,6.8567514,11.951765060424805
2024-02-13 02:00:00,4.826809,20.784384479879222,5.488242113287749,5.6133633,10.140157699584961
2024-02-13 03:00:00,3.652264,11.044822764970334,4.274714164148599,4.8695526,11.118402481079102
2024-02-13 04:00:00,2.5713530000000007,-2.410999253047166,3.5532534694582942,3.6397095,8.87690544128418
2024-02-13 05:00:00,1.7279999999999998,-10.15896323097435,2.7131140466761163,2.623115,7.90220832824707
2024-02-13 06:00:00,2.197,-20.91980283234318,2.059334022926752,2.06514,5.548313140869141
2024-02-13 07:00:00,3.112136,-21.832112894802634,2.769085716200453,1.1916846,5.604961395263672
2024-02-13 08:00:00,3.0486249999999995,0.49751914026502675,3.9949660628114403,3.8623075,5.4935760498046875
2024-02-13 09:00:00,1.7279999999999998,-11.646729599651152,5.8139329069452454,6.570707,8.361352920532227
2024-02-13 10:00:00,7.189056999999999,-27.305074619184026,5.572296634718989,5.3683915,8.302444458007812
2024-02-13 11:00:00,22.906303999999995,7.496975705387285,17.209411362983836,18.023886,10.394166946411133
2024-02-13 12:00:00,41.781923000000006,53.45252247915154,40.72905146970116,41.658928,28.245988845825195
2024-02-13 13:00:00,47.83214699999999,81.83552199542497,56.31579237075845,53.590824,58.78409957885742
2024-02-13 14:00:00,35.611289,67.92235840431896,48.46270990260742,44.975807,74.80253601074219
2024-02-13 15:00:00,22.425767999999994,41.149190540700474,24.151344430087647,22.71422,35.28855514526367
2024-02-13 16:00:00,6.128487000000001,23.57743250455458,9.525232303256493,8.306188,10.535804748535156
2024-02-13 17:00:00,5.451776,-4.336288980374775,4.681541909571831,5.542669,8.008798599243164
2024-02-13 18:00:00,2.1466890000000003,-15.574533688058807,5.475115054103511,5.2229323,6.496784210205078
2024-02-13 19:00:00,5.000210999999999,-43.34485103977103,1.5741348130835775,2.72581,6.737546920776367
2024-02-13 20:00:00,12.649337,-2.578245108096908,10.258956673208242,10.009564,5.648126602172852
2024-02-13 21:00:00,16.974592999999995,12.864866076911483,20.02096535341359,20.103758,12.216070175170898
2024-02-13 22:00:00,17.779580999999997,22.142690542141096,17.850585444959357,16.807491,17.327096939086914
2024-02-13 23:00:00,18.191447,18.064026205739765,17.928618819545335,17.830544,16.99241828918457
2024-02-14 00:00:00,19.465109,23.372071642979748,17.54435233209209,18.199308,17.54159927368164
2024-02-14 01:00:00,20.796875,21.904924674632483,18.716984433429158,18.485388,16.302383422851562
2024-02-14 02:00:00,21.253933,19.405885970701164,20.7139469681298,20.62826,18.11332130432129
2024-02-14 03:00:00,19.465109,17.206705510640617,20.98228917470632,21.28022,20.084470748901367
2024-02-14 04:00:00,17.779580999999997,17.319199702466236,17.956582012156403,17.971981,21.49216079711914
2024-02-14 05:00:00,17.373979,19.715098952183112,16.529186037175155,15.992564,18.81018829345703
2024-02-14 06:00:00,19.683000000000003,18.122792523027925,16.639457605454723,15.903441,15.473743438720703
2024-02-14 07:00:00,14.526784,14.487932125517531,16.141638228704313,15.084232,13.698099136352539
2024-02-14 08:00:00,19.683000000000003,20.294163258160694,13.54808272259806,18.92941,18.37401580810547
2024-02-14 09:00:00,1.191016,46.24818930003936,36.41361175986576,39.40164,15.839044570922852
2024-02-14 10:00:00,2.8632879999999994,-24.21576532358857,6.722435252069654,3.943009,42.0781135559082
2024-02-14 11:00:00,10.793861,16.600831053686036,13.371528893677324,15.298085,20.088787078857422
2024-02-14 12:00:00,28.652616,38.598463757724986,26.101448388707144,26.309696,28.18851089477539
2024-02-14 13:00:00,51.478848000000006,64.34996143003623,49.489792069261796,47.777554,41.18794631958008
2024-02-14 14:00:00,80.06299099999998,79.34586514296957,69.43982974862777,61.0471,69.5611572265625
2024-02-14 15:00:00,107.850176,99.0746276747275,83.12301912414523,92.54339,73.45228576660156
2024-02-14 16:00:00,56.62310399999999,112.77970999067291,51.080003071298954,50.755753,43.50568771362305
2024-02-14 17:00:00,25.412184,57.770194279799384,24.9211994827855,25.212687,26.081262588500977
2024-02-14 18:00:00,22.665187000000003,16.183411952578382,22.916509585483865,22.569164,20.49844741821289
2024-02-14 19:00:00,20.346417,34.99020300661972,20.317118854261242,19.41115,17.695707321166992
2024-02-14 20:00:00,18.821096000000004,42.348138735436706,18.68725222710569,18.739883,16.407424926757812
2024-02-14 21:00:00,17.779580999999997,33.99303880519936,17.91904950515064,18.348047,19.406187057495117
2024-02-14 22:00:00,16.974592999999995,22.554230836087342,16.689133129642375,17.480515,20.061296463012695
2024-02-14 23:00:00,15.813250999999996,15.85867832987283,15.761614476197266,16.182507,20.82192039489746
2024-02-15 00:00:00,13.312053000000002,10.25574496460925,15.04847037953034,15.732651,18.199312210083008
2024-02-15 01:00:00,10.793861,-0.49752706357008947,11.718039972653939,12.774112,15.909601211547852
2024-02-15 02:00:00,9.800344,-0.007050964985225505,8.686357503121851,9.493047,11.69914436340332
2024-02-15 03:00:00,9.528128,1.7180976544619995,9.324008339168756,9.621225,10.725284576416016
2024-02-15 04:00:00,9.261,-0.7046896141810493,9.757624427899962,9.706407,9.475532531738281
2024-02-15 05:00:00,8.869742999999998,0.3752644405546306,8.966162295312657,8.766493,9.801790237426758
2024-02-15 06:00:00,8.998912,3.392046914949674,8.140149750710883,7.7224746,8.157201766967773
2024-02-15 07:00:00,6.434856000000001,-0.16422355768293073,8.37236366302536,6.0959263,7.254507064819336
2024-02-15 08:00:00,1.906624,11.305064864603708,5.103320460233836,6.647152,6.270622253417969
2024-02-15 09:00:00,7.414874999999999,-9.50839688629479,5.342012415802262,4.0491357,12.845634460449219
2024-02-15 10:00:00,33.076161,33.41817742713097,19.71761660207072,20.182861,11.142316818237305
2024-02-15 11:00:00,63.044792,81.4722189880009,63.042621621782516,60.85185,54.63751220703125
2024-02-15 12:00:00,95.44399300000002,116.62672180979256,91.13868873434654,99.98071,92.5823745727539
2024-02-15 13:00:00,114.08412499999996,139.50776071640695,122.69297925112109,131.42828,134.005126953125
2024-02-15 14:00:00,111.98016800000002,131.1107949972856,121.62699620210432,120.42601,136.0274200439453
2024-02-15 15:00:00,100.54462500000002,107.67821562885125,85.73551119541116,82.859764,108.48417663574219
2024-02-15 16:00:00,36.926037,79.1896119246458,39.014043195463344,40.131725,33.225685119628906
2024-02-15 17:00:00,21.253933,13.72651744935878,20.902844940979712,22.67601,23.18294334411621
2024-02-15 18:00:00,19.465109,3.348606925180775,18.81480287959777,18.867022,17.486345291137695
2024-02-15 19:00:00,17.984728,13.417167615228706,17.046823084259014,16.223547,17.47808837890625
2024-02-15 20:00:00,17.779580999999997,21.515915571953244,16.646677493637377,17.001862,15.008172988891602
2024-02-15 21:00:00,16.974592999999995,10.786898691009256,17.01929852724008,17.643812,20.247514724731445
2024-02-15 22:00:00,15.438249000000004,4.95530330133856,15.761614476197266,16.37463,18.957788467407227
2024-02-15 23:00:00,13.651919,11.26533767302881,14.067876417744003,14.95532,21.142255783081055
2024-02-16 00:00:00,12.166999999999998,10.740941034275352,12.032141592179528,12.85454,17.819580078125
2024-02-16 01:00:00,11.852351999999996,7.027752430888924,11.297043568392285,11.615544,14.310281753540039
2024-02-16 02:00:00,12.487167999999995,9.910727394285729,11.425260100532517,11.967385,12.623132705688477
2024-02-16 03:00:00,13.997521000000004,9.110586255028863,12.351649456379642,12.478533,11.607675552368164
2024-02-16 04:00:00,14.172488,8.194259930354107,14.179153645449341,14.354329,12.554618835449219
2024-02-16 05:00:00,12.977875,9.123610661375395,13.658155499838779,13.337862,14.125665664672852
2024-02-16 06:00:00,10.648000000000003,11.879595045032403,11.886077180485179,11.74547,12.672388076782227
2024-02-16 07:00:00,5.088448,4.373969090302353,8.274295331165861,6.491977,9.398483276367188
2024-02-16 08:00:00,2.803221,12.33124093754968,4.690121417816857,5.781123,7.30925178527832
2024-02-16 09:00:00,6.858999999999999,10.900364650445923,7.308948759098996,8.226884,13.290349960327148
2024-02-16 10:00:00,12.487167999999995,26.85857141968161,17.716833643506288,21.173634,26.420974731445312
2024-02-16 11:00:00,32.15743200000001,22.697521748962757,20.668063757799224,25.212267,47.969215393066406
2024-02-16 12:00:00,60.236288,72.35234850271182,55.30950240530104,56.764442,52.83595657348633
2024-02-16 13:00:00,77.30877599999998,104.04090791511221,82.76575126892085,79.661156,94.62696075439453
2024-02-16 14:00:00,78.953589,115.18053004515802,85.44383014128465,85.17901,111.95645141601562
2024-02-16 15:00:00,64.96480799999998,90.44402573601853,66.85352666663154,64.9782,79.73600006103516
2024-02-16 16:00:00,21.484952,49.50668689975397,27.626802790559946,25.379528,28.26559829711914
2024-02-16 17:00:00,13.823999999999998,-3.000116350951103,18.314316165828956,18.16832,15.299726486206055
2024-02-16 18:00:00,10.503459,-6.989149963908844,12.198931625921936,11.65872,11.995067596435547
2024-02-16 19:00:00,10.218312999999998,-13.197676796766189,8.677132005780669,8.621982,11.757104873657227
2024-02-16 20:00:00,13.651919,3.4351337762720817,9.849485515240453,10.653576,9.766103744506836
2024-02-16 21:00:00,16.777216,3.201694330982562,16.098519405893622,16.157013,13.818815231323242
2024-02-16 22:00:00,16.003008,7.260023857924281,16.950487680568816,17.583797,17.429906845092773
2024-02-16 23:00:00,13.997521000000004,9.876536815108807,15.724596370878404,15.963086,20.800365447998047
2024-02-17 00:00:00,13.651919,10.16520103862537,12.36405042165783,13.084544,17.572063446044922
2024-02-17 01:00:00,16.581374999999998,10.629755698472636,13.05412654539406,13.289924,13.517555236816406
2024-02-17 02:00:00,16.974592999999995,12.424746132744502,16.995670320819148,17.337309,13.258623123168945
2024-02-17 03:00:00,13.823999999999998,9.594646656776064,16.60992083978242,16.473455,14.556089401245117
2024-02-17 04:00:00,10.218312999999998,5.571893680902122,12.101985512139791,12.824466,14.404886245727539
2024-02-17 05:00:00,7.645372999999999,5.710154385056484,8.148248232617592,8.398914,12.23802375793457
2024-02-17 06:00:00,7.414874999999999,3.97284368199891,6.152203012750456,5.966285,8.87061882019043
2024-02-17 07:00:00,5.451776,4.2532148752213175,6.6400475051386305,4.9871616,6.508302688598633
2024-02-17 08:00:00,5.268024,14.985336221180802,4.528728548337902,5.124376,7.155950546264648
2024-02-17 09:00:00,25.153757,10.483428479107985,13.770254967520437,10.174495,8.604328155517578
2024-02-17 10:00:00,48.22854400000001,74.49154069451775,49.95036539730871,54.20483,19.47330093383789
2024-02-17 11:00:00,66.92341599999997,96.46517759770198,71.21483901659542,65.41189,71.05020141601562
2024-02-17 12:00:00,85.76612100000001,116.17008254528007,81.98898992172373,83.050606,101.17318725585938
2024-02-17 13:00:00,100.54462500000002,131.24259803265528,98.52419492419027,95.91015,124.017822265625
2024-02-17 14:00:00,96.071912,130.40932907326635,102.92310567839021,98.916626,119.50308227539062
2024-02-17 15:00:00,84.027672,109.92917875330149,68.13802093488545,63.29667,92.7125015258789
2024-02-17 16:00:00,31.255875,79.90411524252461,28.439540753605847,29.066927,23.411258697509766
2024-02-17 17:00:00,17.576,26.066520631892317,19.949552625127577,20.757504,18.892545700073242
2024-02-17 18:00:00,11.697083,11.584868079891521,15.636302199791071,15.695645,14.241569519042969
2024-02-17 19:00:00,8.242408,1.5893611554134282,10.827458277005132,10.129311,13.330923080444336
2024-02-17 20:00:00,5.088448,7.816518167537112,7.251504867476899,7.7680736,9.424095153808594
2024-02-17 21:00:00,3.0486249999999995,-6.037150179755841,4.58228905327048,5.022713,10.447614669799805
2024-02-17 22:00:00,3.0486249999999995,-8.349019264324468,2.662599979899058,3.3649628,8.356744766235352
2024-02-17 23:00:00,5.832000000000001,0.9030906172191493,3.32628385319928,3.710489,7.50007438659668
2024-02-18 00:00:00,10.218312999999998,9.372305471759859,8.624026832953058,8.686982,7.50831413269043
2024-02-18 01:00:00,12.649337,16.386498835046936,13.883922758352616,13.599982,10.217708587646484
2024-02-18 02:00:00,11.852351999999996,23.40242055542528,14.215607362198051,13.640066,12.947839736938477
2024-02-18 03:00:00,10.360232000000002,29.099704943670602,11.436592945851967,11.903092,14.294656753540039
2024-02-18 04:00:00,11.089567,26.473979812311896,8.921850441050687,9.856802,11.804719924926758
2024-02-18 05:00:00,9.528128,28.70609520146344,11.293523548785794,10.446929,11.240316390991211
2024-02-18 06:00:00,6.434856000000001,20.13971977960213,8.991446872493777,8.37964,8.818679809570312
2024-02-18 07:00:00,2.924207,4.855289966090325,4.966663151606836,3.024056,7.029682159423828
2024-02-18 08:00:00,0.970299,1.0422287731292954,2.9525197952692146,3.6443763,6.270998001098633
2024-02-18 09:00:00,2.097152,-4.49062095478142,5.078699289932075,7.1777453,10.782136917114258
2024-02-18 10:00:00,24.897088,1.6045006644662578,7.9377350137462415,8.731161,17.535614013671875
2024-02-18 11:00:00,71.991296,77.04479445900468,57.461178158464776,59.53308,25.404251098632812
2024-02-18 12:00:00,48.627125,124.83198425268837,108.02964393226381,114.22438,77.20310974121094
2024-02-18 13:00:00,6.858999999999999,62.87391498150258,31.14387087146031,28.30542,94.21636962890625
2024-02-18 14:00:00,1.860867,-11.087296740202163,5.857713712237707,5.107222,20.44186782836914
2024-02-18 15:00:00,13.312053000000002,-10.3444212939023,2.008211843381177,1.3549789,6.713289260864258
2024-02-18 16:00:00,19.248832000000004,36.845642374498496,29.24742584508216,28.673986,4.369123458862305
2024-02-18 17:00:00,37.93305599999999,37.838287503404544,20.01784389102675,17.2111,26.938983917236328
2024-02-18 18:00:00,52.734375,62.40449710472326,52.562718356630874,43.853664,30.992921829223633
2024-02-18 19:00:00,57.066625,68.34929181279996,64.06850797385,72.24005,82.78861999511719
2024-02-18 20:00:00,54.01015199999999,89.00123685563695,74.16772102045238,67.34921,42.58684539794922
2024-02-18 21:00:00,54.87199999999999,85.72334537349904,43.67817218563928,47.36674,32.09125518798828
2024-02-18 22:00:00,54.439939,84.35727803584525,52.09865836093325,48.290638,30.1566162109375
2024-02-18 23:00:00,57.960603000000006,78.92156161780086,49.71167418658605,51.579224,35.81502151489258
2024-02-19 00:00:00,68.92099999999998,87.71458295709861,57.98506655375465,57.530735,41.329498291015625
2024-02-19 01:00:00,103.16170900000004,107.3951016107181,72.54926817510086,78.20851,47.03667068481445
2024-02-19 02:00:00,116.93016899999998,141.01917738382997,133.54981387364563,129.41731,53.22411346435547
2024-02-19 03:00:00,89.31462299999998,135.71783146627962,113.29775180457924,113.65567,59.580284118652344
2024-02-19 04:00:00,89.91539200000003,103.26944239552192,67.65602346771638,67.5504,64.57964324951172
2024-02-19 05:00:00,98.611128,112.77630093730654,92.13793732861832,96.38216,70.01323699951172
2024-02-19 06:00:00,123.50599200000003,112.27133191709116,107.42306648510767,115.65639,113.46504211425781
2024-02-19 07:00:00,236.029032,121.16674443052337,129.52594359851787,127.02741,136.8134765625
2024-02-19 08:00:00,438.976,206.91639295607143,294.2978690747466,348.14758,133.06387329101562
2024-02-19 09:00:00,721.7342730000001,284.5942162033222,539.1973202466668,527.4456,303.6251525878906
2024-02-19 10:00:00,1024.192512,345.74222471797356,690.36756699625,606.65314,406.06689453125
2024-02-19 11:00:00,1363.938029,385.37610729656,912.7292840900002,707.93494,455.9240417480469
2024-02-19 12:00:00,1728.0,432.59472947948143,901.8363913099997,671.884,521.44140625
2024-02-19 13:00:00,1883.652875,465.92209700488945,818.2060854299998,673.376,551.1503295898438
2024-02-19 14:00:00,1811.386459,468.91472726668735,803.1257775199998,572.7428,566.6986083984375
2024-02-19 15:00:00,1450.5719680000002,435.14080194423593,784.8936430099999,456.63385,571.6172485351562
2024-02-19 16:00:00,912.6729999999998,378.5343622565019,794.9012239500001,443.19653,545.8016357421875
2024-02-19 17:00:00,688.465387,306.1147498324797,713.36278264,350.9976,444.8611755371094
2024-02-19 18:00:00,647.2146250000001,281.8585711919302,535.2606461,468.39722,276.84161376953125
2024-02-19 19:00:00,582.182875,274.1563028225102,505.9192852399999,439.92618,279.61419677734375
2024-02-19 20:00:00,510.08239900000007,251.2849259814617,456.7670384566666,454.42514,332.4818420410156
2024-02-19 21:00:00,557.441767,231.7378711902441,431.5565233695454,393.12024,317.60662841796875
2024-02-19 22:00:00,529.4751289999999,246.85541383003311,454.32973588,507.3011,354.9273681640625
2024-02-19 23:00:00,377.9330670000001,240.0460382075854,516.9411588199998,516.9377,499.8548889160156
2024-02-20 00:00:00,268.33612500000004,204.20941433532124,301.30051885800003,294.03113,446.6000671386719
2024-02-20 01:00:00,200.20162499999995,180.2333386002374,184.45902172399983,175.51884,253.43563842773438
2024-02-20 02:00:00,155.720872,163.59728441411676,170.98454346686842,184.97353,191.5829620361328
2024-02-20 03:00:00,131.87222899999998,149.8379655842653,129.34910035513784,122.795425,150.81204223632812
2024-02-20 04:00:00,111.98016800000002,139.58569124226005,110.3894461925214,103.377365,122.80593872070312
2024-02-20 05:00:00,94.81881599999996,126.69932647974757,88.90768371557722,93.09003,127.82649230957031
2024-02-20 06:00:00,80.06299099999998,117.81382898874496,65.79397036860902,75.37795,106.50614929199219
2024-02-20 07:00:00,111.28464099999997,111.56841355731932,86.4712562087183,79.23489,86.00875854492188
2024-02-20 08:00:00,161.878625,145.796922153376,136.56461272664356,149.24518,71.33427429199219
2024-02-20 09:00:00,269.586136,177.5157940325829,203.81594751645284,196.46243,154.03904724121094
2024-02-20 10:00:00,300.76300000000003,222.56077953460743,291.6837687865796,282.57565,192.66111755371094
2024-02-20 11:00:00,306.182024,220.1660717386667,305.7630630255059,300.9859,230.93275451660156
2024-02-20 12:00:00,306.182024,212.3690894871208,279.8647294223335,241.67476,220.43177795410156
2024-02-20 13:00:00,281.011375,204.44653559110083,258.4024823331905,240.47356,232.60324096679688
2024-02-20 14:00:00,211.708736,178.47968098084175,227.14860024365197,234.58556,201.9163055419922
2024-02-20 15:00:00,129.55421599999997,134.8106898215142,139.19632978863498,124.90969,141.7025909423828
2024-02-20 16:00:00,27.543608,88.57493239320978,62.761324134024875,58.87611,53.444915771484375
2024-02-20 17:00:00,11.543175999999995,23.48023577351792,13.900084812415068,17.551989,28.384788513183594
2024-02-20 18:00:00,7.301384,25.741755825488625,15.044315050082188,12.373178,22.313467025756836
2024-02-20 19:00:00,5.451776,12.826446017695176,9.910747361468946,5.8698134,17.50831413269043
2024-02-20 20:00:00,5.735339000000001,10.41153674935083,14.17280746774326,9.955724,10.637535095214844
2024-02-20 21:00:00,7.189056999999999,10.148362567627473,19.179584334570023,8.082361,7.318918228149414
2024-02-20 22:00:00,8.615124999999997,13.269850196896016,18.33004839133578,11.164505,9.689525604248047
2024-02-20 23:00:00,10.503459,20.171505810712006,10.885901054468295,14.569289,9.451749801635742
2024-02-21 00:00:00,13.144256,24.133025539456284,12.703413821846311,12.439859,9.746726989746094
2024-02-21 01:00:00,16.974592999999995,29.06201966967636,17.163485661922177,15.749788,11.714738845825195
2024-02-21 02:00:00,20.796875,37.03758580730893,18.014794775486973,18.153688,13.744956970214844
2024-02-21 03:00:00,20.346417,38.78162241501779,23.40925595068525,23.22288,18.20964813232422
2024-02-21 04:00:00,16.974592999999995,28.152072271583492,20.697073119370884,21.390415,21.17768096923828
2024-02-21 05:00:00,12.326391,23.21394002159097,16.112986778412118,14.335448,21.13811683654785
2024-02-21 06:00:00,7.880599,17.857909613074156,10.66105526753922,9.981974,14.082084655761719
2024-02-21 07:00:00,2.4603750000000004,6.784925257099459,6.531602456723378,4.9654636,7.952915191650391
2024-02-21 08:00:00,0.085184,-11.370411628210832,2.8525588453973763,8.4627905,7.950664520263672
2024-02-21 09:00:00,7.414874999999999,-27.522915233885954,14.24152608998443,11.434951,10.311439514160156
2024-02-21 10:00:00,23.887872,44.52450955809955,23.20167072811365,23.489462,10.291263580322266
2024-02-21 11:00:00,49.430863,52.677046584436866,48.25856387720543,47.602814,21.2991886138916
2024-02-21 12:00:00,78.953589,88.1965509355302,80.61250645829426,72.14872,34.07009506225586
2024-02-21 13:00:00,101.847563,110.14705225470887,105.33654413204472,103.79435,81.0904541015625
2024-02-21 14:00:00,116.93016899999998,107.0878653887474,113.26631562706488,103.733185,83.296875
2024-02-21 15:00:00,111.28464099999997,122.87574148503673,91.73429076283048,93.12604,66.3659896850586
2024-02-21 16:00:00,47.83214699999999,111.8477374629697,38.19271617736928,36.31738,26.399682998657227
2024-02-21 17:00:00,16.387064000000002,57.23013429654627,20.490193948748228,21.726112,24.234092712402344
2024-02-21 18:00:00,13.997521000000004,32.21698763012371,15.849261382967127,15.682065,20.28219985961914
2024-02-21 19:00:00,11.543175999999995,31.224900143306698,12.496170176526848,12.192403,16.29770851135254
2024-02-21 20:00:00,15.069223000000004,7.53511868349689,10.41337251929876,10.896045,10.511299133300781
2024-02-21 21:00:00,21.253933,1.8071672814658228,18.620010082888342,17.76733,12.958381652832031
2024-02-21 22:00:00,27.543608,5.883857467387671,24.519532809785602,24.642464,21.284873962402344
2024-02-21 23:00:00,32.461759,20.128923720165602,29.88328592227857,30.116077,26.375574111938477
2024-02-22 00:00:00,34.64597599999999,28.050211200961783,34.730145002390735,34.112926,31.099170684814453
2024-02-22 01:00:00,33.698267,37.49336304815169,36.542470754219714,34.98359,30.578882217407227
2024-02-22 02:00:00,30.080231,46.34721798329018,33.86089531954447,31.87584,27.266170501708984
2024-02-22 03:00:00,22.425767999999994,41.36930446945546,26.32309257460867,27.119257,30.579057693481445
2024-02-22 04:00:00,13.312053000000002,34.19085325845738,17.880373972675017,19.644863,31.768152236938477
2024-02-22 05:00:00,5.6397520000000005,32.02742516001764,10.67554323310542,11.191709,23.63253402709961
2024-02-22 06:00:00,2.924207,22.32126352774786,4.554251833668558,3.9449797,16.779064178466797
2024-02-22 07:00:00,2.0483830000000003,13.116627820569434,3.0171857276278984,2.3285258,9.861370086669922
2024-02-22 08:00:00,5.929741000000001,28.929183752935856,3.658181748249558,7.308393,8.414339065551758
2024-02-22 09:00:00,9.938375,52.45045590967685,22.633954790886165,21.244995,14.880363464355469
2024-02-22 10:00:00,20.796875,35.35575847614551,21.50702359915624,19.010347,31.15496826171875
2024-02-22 11:00:00,51.895117,50.191327999326674,34.631966517780356,34.650696,29.41329574584961
2024-02-22 12:00:00,101.847563,110.67254301775732,82.11583208769167,83.094475,62.7647705078125
2024-02-22 13:00:00,155.720872,151.63881514212164,133.58835500369864,149.97513,109.95637512207031
2024-02-22 14:00:00,184.22000900000003,172.3194256574867,182.77215709810523,180.33537,151.68203735351562
2024-02-22 15:00:00,165.46914900000002,174.68492585530288,158.65398443385405,155.85318,130.01182556152344
2024-02-22 16:00:00,88.71653599999999,146.07400846801062,69.72142675117938,63.29337,33.487998962402344
2024-02-22 17:00:00,22.665187000000003,88.02504798196897,26.57392243316609,25.763952,27.92633056640625
2024-02-22 18:00:00,21.717639,29.568958207411995,19.65140393429146,20.375526,26.611682891845703
2024-02-22 19:00:00,18.609625,52.301521640604264,19.738587302522475,18.810516,22.618736267089844
2024-02-22 20:00:00,16.581374999999998,31.86010784802893,17.52981992709673,18.219416,18.329254150390625
2024-02-22 21:00:00,16.581374999999998,13.162150852066304,14.894867390794772,16.388838,16.606565475463867
2024-02-22 22:00:00,17.779580999999997,5.173373817924272,16.164540698761954,17.142588,17.469797134399414
2024-02-22 23:00:00,18.821096000000004,5.1916979622086785,18.154619580046774,18.24025,19.200429916381836
2024-02-23 00:00:00,18.609625,10.292491814236456,18.592207695598248,18.946648,21.881912231445312
2024-02-23 01:00:00,16.581374999999998,8.58385847343412,18.0724279041827,18.503817,20.214675903320312
2024-02-23 02:00:00,14.348907000000002,10.895174026490992,15.143796557048288,15.981449,17.620485305786133
2024-02-23 03:00:00,12.812903999999998,9.898482637575626,13.334637930611061,13.905622,15.972532272338867
2024-02-23 04:00:00,12.166999999999998,6.222319428532742,11.648558413799229,11.768572,15.37801742553711
2024-02-23 05:00:00,12.977875,1.8452958904635466,11.327408557065718,11.534216,14.609649658203125
2024-02-23 06:00:00,14.706125000000004,4.7863741002574045,12.401850709842858,12.581273,12.795955657958984
2024-02-23 07:00:00,13.823999999999998,8.678433455156267,13.57039470377943,10.662571,12.928346633911133
2024-02-23 08:00:00,1.225043,27.132215455762278,14.385396431405882,30.667913,13.760383605957031
2024-02-23 09:00:00,1.3676310000000005,-15.039485566490129,7.90312818522688,4.749561,52.54132843017578
2024-02-23 10:00:00,12.649337,4.557561414700899,11.851428274452214,11.073276,17.965051651000977
2024-02-23 11:00:00,41.781923000000006,51.740918860013196,33.11212189776879,33.961445,25.78299331665039
2024-02-23 12:00:00,73.56005900000002,94.35760578100927,77.71899866247513,75.02711,61.94810485839844
2024-02-23 13:00:00,97.33599999999998,119.60333103888722,112.11200092222701,106.2954,106.97532653808594
2024-02-23 14:00:00,102.50323199999998,138.42562432841186,105.82774669438517,102.52932,118.66563415527344
2024-02-23 15:00:00,86.93830699999998,116.04010368032716,89.44961034629938,92.44665,98.67652893066406
2024-02-23 16:00:00,48.22854400000001,69.31295855087943,43.43038891962051,31.884605,28.855323791503906
2024-02-23 17:00:00,19.248832000000004,27.45851648284399,17.40297294948221,18.918253,18.119346618652344
2024-02-23 18:00:00,19.248832000000004,5.071846910856124,16.88781040818164,17.500418,16.866771697998047
2024-02-23 19:00:00,15.252992,30.415072803704348,16.706115020240404,15.983817,14.951492309570312
2024-02-23 20:00:00,12.977875,25.197460301746574,13.899309047539894,14.668394,14.293802261352539
2024-02-23 21:00:00,12.008989,9.307192895198256,11.634629121214145,12.702168,15.442243576049805
2024-02-23 22:00:00,12.487167999999995,2.343467834341709,11.332805339309385,12.37098,16.868188858032227
2024-02-23 23:00:00,13.312053000000002,6.072008387984013,12.26942185005092,12.778995,18.043943405151367
2024-02-24 00:00:00,14.706125000000004,6.63178755328137,13.623318844054232,14.248531,17.65625762939453
2024-02-24 01:00:00,15.813250999999996,5.163600061035282,15.274040740535773,15.461349,15.047990798950195
2024-02-24 02:00:00,13.144256,4.835656043812833,15.512542883933897,16.386023,14.193487167358398
2024-02-24 03:00:00,9.528128,2.25771728321574,11.636877799963747,12.264252,14.146186828613281
2024-02-24 04:00:00,5.6397520000000005,-2.7396111689898675,8.287962151927788,8.962192,11.420400619506836
2024-02-24 05:00:00,2.5713530000000007,-10.318581952860356,4.810811697160087,4.730199,10.51651382446289
2024-02-24 06:00:00,1.771561,-15.793805220447155,2.8959365327208273,2.6004,7.433961868286133
2024-02-24 07:00:00,1.3310000000000004,-19.191163748450734,2.4277290525741515,0.3047146,5.621793746948242
2024-02-24 08:00:00,7.645372999999999,-12.40978482945539,3.0837881976817236,4.406145,5.729520797729492
2024-02-24 09:00:00,26.198073000000004,39.24956362238477,26.635646646104973,25.458267,9.297697067260742
2024-02-24 10:00:00,33.076161,80.3181589517959,47.124911590340496,46.022015,29.974519729614258
2024-02-24 11:00:00,44.73887499999999,72.84486841897926,38.28017947123811,41.740326,67.7655029296875
2024-02-24 12:00:00,59.319,93.85240720924058,50.49541966136122,53.38762,66.4992446899414
2024-02-24 13:00:00,67.91731200000001,99.72911887065534,65.07744806557982,65.312294,83.1158676147461
2024-02-24 14:00:00,69.42653100000001,96.00633978551072,67.44145605646767,62.284187,77.90060424804688
2024-02-24 15:00:00,54.87199999999999,81.02722675298016,52.94311042947765,48.53487,62.2982292175293
2024-02-24 16:00:00,23.639903000000004,45.290790422109254,19.753260328530757,21.192343,16.789457321166992
2024-02-24 17:00:00,10.648000000000003,8.507285361129462,10.969311999517204,10.599989,15.022512435913086
2024-02-24 18:00:00,8.242408,1.9176753510045899,8.893817124074628,9.225936,11.503608703613281
2024-02-24 19:00:00,4.492124999999999,-1.8566353663791801,6.942202286485843,6.909897,10.780025482177734
2024-02-24 20:00:00,3.307949,-13.419360375142702,3.7787283655912365,4.6405263,8.088916778564453
2024-02-24 21:00:00,4.657462999999999,-19.053827334489057,3.2762174086301656,3.8314838,7.542947769165039
2024-02-24 22:00:00,8.741816,-13.95145298491623,6.462730985432542,6.266313,8.314409255981445
2024-02-24 23:00:00,16.387064000000002,6.4736366287887535,13.00940861018458,11.372109,9.912294387817383
2024-02-25 00:00:00,24.137569000000003,25.905234989310955,20.212757565528037,19.87913,11.624113082885742
2024-02-25 01:00:00,26.463592,39.59162083090628,32.251408656603225,31.938475,20.379253387451172
2024-02-25 02:00:00,27.818127,40.91936584075454,25.871673406234354,25.957258,24.370838165283203
2024-02-25 03:00:00,26.730899000000004,41.866328387215745,28.237609880770894,27.549484,27.29668426513672
2024-02-25 04:00:00,24.389,37.302356007637385,25.966384240822027,25.602613,31.409950256347656
2024-02-25 05:00:00,21.253933,35.778823291974916,22.913395832494405,23.252691,27.01552963256836
2024-02-25 06:00:00,19.902511,30.882190094422285,17.844722210782905,17.928415,22.20702362060547
2024-02-25 07:00:00,11.543175999999995,27.313467382603605,14.928515781355724,14.102423,16.897310256958008
2024-02-25 08:00:00,2.4061040000000005,25.87857683278888,12.847765738302572,15.230125,20.284330368041992
2024-02-25 09:00:00,7.077887999999999,4.508142713700835,7.513574393154381,6.3657565,26.289955139160156
2024-02-25 10:00:00,24.137569000000003,32.78909301835806,19.154505743977808,19.499084,18.174358367919922
2024-02-25 11:00:00,53.15737599999999,57.986741385729474,52.83777425195887,52.057327,40.99148941040039
2024-02-25 12:00:00,95.44399300000002,94.34482570241592,81.50217590712654,80.964005,74.86837768554688
2024-02-25 13:00:00,126.50600799999997,134.31139424885998,126.99409155008424,139.31679,122.54313659667969
2024-02-25 14:00:00,128.024064,137.115781033364,143.35050691125485,144.22656,148.15423583984375
2024-02-25 15:00:00,99.89734399999998,120.80404987636676,85.67501871351992,87.174255,99.32231140136719
2024-02-25 16:00:00,45.882712000000005,87.29696940408463,41.47084959065765,34.80162,25.417621612548828
2024-02-25 17:00:00,19.034163,42.089803969541364,16.617653318467514,17.414356,19.44428825378418
2024-02-25 18:00:00,22.188041,14.709847971915309,17.129477682800555,17.884754,16.117883682250977
2024-02-25 19:00:00,19.034163,31.49231051129682,20.823374969657134,19.688295,13.870121002197266
2024-02-25 20:00:00,15.813250999999996,18.992146418231442,17.84774652807082,17.670204,13.83918571472168
2024-02-25 21:00:00,15.069223000000004,1.8749016852182763,14.378135595409347,15.7050705,16.40454864501953
2024-02-25 22:00:00,15.069223000000004,-2.8591199339859514,14.182591693033675,15.299105,18.73540687561035
2024-02-25 23:00:00,17.576,3.278990803176086,14.244937681861995,15.174752,20.237791061401367
2024-02-26 00:00:00,21.717639,11.53493386101816,19.23287072274858,18.907415,19.181297302246094
2024-02-26 01:00:00,28.372625,20.340381525383307,24.670745237829347,24.740768,18.03972816467285
2024-02-26 02:00:00,35.611289,41.14064688569384,32.5860615089322,31.992184,22.40230941772461
2024-02-26 03:00:00,39.651821000000005,46.69567342575782,37.084655599925554,37.77997,22.01114845275879
2024-02-26 04:00:00,38.614472,44.36843996646964,40.825418674010095,45.440414,33.580352783203125
2024-02-26 05:00:00,28.372625,51.09488477215997,36.396578775832225,38.459087,39.28502655029297
2024-02-26 06:00:00,19.683000000000003,43.35354582491938,24.99812606213339,23.97844,37.650936126708984
2024-02-26 07:00:00,17.576,36.03809893075608,14.089013627285613,12.280238,23.186054229736328
2024-02-26 08:00:00,17.779580999999997,52.46522012385613,17.815324087206164,25.786406,28.62078857421875
2024-02-26 09:00:00,8.741816,50.86220877214761,19.046975716995924,28.89391,54.29829025268555
2024-02-26 10:00:00,16.777216,23.42210725913121,18.748073916205016,15.302937,41.4883918762207
2024-02-26 11:00:00,23.149125,36.9013669759981,30.75805252930732,28.605247,40.03865051269531
2024-02-26 12:00:00,29.218112,37.74055356802411,30.091895902100976,29.915565,58.70375061035156
2024-02-26 13:00:00,29.218112,41.23640935142895,33.87295129553708,35.135345,49.01837158203125
2024-02-26 14:00:00,21.717639,20.622397934432016,28.237076425962613,26.184286,55.353614807128906
2024-02-26 15:00:00,12.008989,-2.1131442717170756,12.533437762388736,13.995251,25.97199821472168
2024-02-26 16:00:00,8.998912,-9.758844397241134,11.185642142629344,7.8168817,9.591484069824219
2024-02-26 17:00:00,10.648000000000003,-6.270109198247525,7.48939121941057,8.103335,6.818645477294922
2024-02-26 18:00:00,6.229504,-5.5868736376168044,10.598829645963779,10.902821,8.115095138549805
2024-02-26 19:00:00,1.124864,-27.91905371323736,5.192742916582975,5.1243563,8.848146438598633
2024-02-26 20:00:00,0.226981,-32.96713341363025,1.3513330370632153,1.4843929,7.93963623046875
2024-02-26 21:00:00,0.125,-33.53488451695401,1.0148382275311585,1.3773175,5.850984573364258
2024-02-26 22:00:00,4.492124999999999,-33.777145827625716,1.0108172799171262,1.3572053,6.070039749145508
2024-02-26 23:00:00,17.984728,24.206055436669615,11.580358741174331,12.171411,5.872133255004883
2024-02-27 00:00:00,23.639903000000004,56.56005965403584,39.3528936103363,39.696987,15.956546783447266
2024-02-27 01:00:00,27.543608,62.2000530529826,25.83149353810127,22.941473,22.37517547607422
2024-02-27 02:00:00,28.934442999999995,85.03064375777065,28.75084293430392,27.842627,20.841060638427734
2024-02-27 03:00:00,29.218112,91.08421447793548,29.007925053201458,28.363049,22.969654083251953
2024-02-27 04:00:00,26.463592,87.81127980195463,26.859509501010294,27.590069,30.684335708618164
2024-02-27 05:00:00,16.194276999999996,71.12579370418295,23.310027342685046,23.692667,32.42083740234375
2024-02-27 06:00:00,10.793861,47.57220960407828,14.95528432919572,14.256481,24.52741241455078
2024-02-27 07:00:00,11.390625,42.328463741666084,8.653381841867304,5.6570277,13.89963150024414
2024-02-27 08:00:00,43.24355099999999,48.23067216696789,11.635216769953267,11.539364,18.242111206054688
2024-02-27 09:00:00,51.895117,98.92307354739945,79.48031676675937,82.45113,31.99771499633789
2024-02-27 10:00:00,43.24355099999999,77.65778168204976,59.46769722988698,56.527992,87.02723693847656
2024-02-27 11:00:00,30.959144,53.55671917628136,39.113568204202906,35.190365,44.33363342285156
2024-02-27 12:00:00,23.887872,42.47305816048548,27.889198844071498,22.413836,24.820594787597656
2024-02-27 13:00:00,16.387064000000002,25.6405841806678,17.906150637597573,17.825647,19.833723068237305
2024-02-27 14:00:00,8.741816,4.569299688526016,9.619055066407427,11.031139,22.34048843383789
2024-02-27 15:00:00,3.869893,-7.967351148685921,11.204408413772194,9.492228,14.983528137207031
2024-02-27 16:00:00,0.5927039999999999,-24.42555958092524,3.4307557275900336,2.1137936,9.054370880126953
2024-02-27 17:00:00,0.0428749999999999,-30.015659626729928,1.1179863678491755,0.17371905,6.164684295654297
2024-02-27 18:00:00,0.2053789999999999,-43.632226970025926,0.842014574266289,0.42293414,5.308801651000977
2024-02-27 19:00:00,0.474552,-35.72654978528659,0.9101439199099575,1.3004018,5.624626159667969
2024-02-27 20:00:00,0.7049690000000001,-23.19551948652233,1.638527916111203,1.8034254,6.546150207519531
2024-02-27 21:00:00,2.985984,-13.654268901664139,1.3455382828826914,2.0100856,7.198640823364258
2024-02-27 22:00:00,8.869742999999998,17.21355551561848,6.16794298609766,6.7168074,6.6990203857421875
2024-02-27 23:00:00,16.194276999999996,47.38600686336396,14.752580793510715,14.342195,7.876873016357422
2024-02-28 00:00:00,19.465109,65.7390093495208,19.77678850659632,19.158615,13.991317749023438
2024-02-28 01:00:00,19.902511,59.65892123871275,20.67855948026087,19.536217,22.157896041870117
2024-02-28 02:00:00,18.821096000000004,52.004858165680744,20.076978248444345,20.444654,20.409358978271484
2024-02-28 03:00:00,17.173512000000002,45.56576340533205,17.642183781679208,18.615932,16.709936141967773
2024-02-28 04:00:00,15.813250999999996,37.10756913448334,15.974306912527043,16.51615,12.594833374023438
2024-02-28 05:00:00,16.387064000000002,23.871577502923245,14.88580519669012,14.85702,12.128618240356445
2024-02-28 06:00:00,17.576,19.332247172504964,15.864842635815918,15.582983,12.143957138061523
2024-02-28 07:00:00,21.253933,19.100683162945998,14.698846341700833,14.243344,12.651735305786133
2024-02-28 08:00:00,82.88185600000001,38.84000558125693,23.900578353520938,31.027496,12.930305480957031
2024-02-28 09:00:00,155.720872,140.82054249194653,159.79365150807217,142.11938,34.69733428955078
2024-02-28 10:00:00,180.362125,172.36801333986864,219.5094490793848,183.34486,95.04852294921875
2024-02-28 11:00:00,212.776173,178.36364893031055,217.58371124724235,206.2472,152.8170623779297
2024-02-28 12:00:00,265.847707,198.03431563838495,213.09919899842603,226.92484,208.90545654296875
2024-02-28 13:00:00,300.76300000000003,216.48005365705012,281.6811432476147,276.89844,316.5557556152344
2024-02-28 14:00:00,303.46444799999995,211.16438707724177,279.4364326177996,266.69162,339.54669189453125
2024-02-28 15:00:00,263.374721,170.29095937654387,240.42190458910525,233.44557,294.2142333984375
2024-02-28 16:00:00,156.59081899999998,129.11711555335074,136.33043360200006,123.922844,106.61323547363281
2024-02-28 17:00:00,40.353607,86.77087646059722,44.36438556422126,44.85041,34.82560348510742
2024-02-28 18:00:00,36.264691,8.032547341573519,30.890958236853045,32.887325,39.19501495361328
2024-02-28 19:00:00,31.855013,42.85771305399534,32.177941581352975,30.066093,25.84832000732422
2024-02-28 20:00:00,24.642171000000005,42.47689047126981,29.417637637802542,28.025528,25.068904876708984
2024-02-28 21:00:00,21.253933,28.775202694702912,25.405476242207943,23.96214,23.52106285095215
2024-02-28 22:00:00,20.123648000000003,26.545256631722523,20.521516162892773,20.223679,23.219375610351562
2024-02-28 23:00:00,19.902511,28.06468186252404,21.710751617627892,21.07274,20.146934509277344
2024-02-29 00:00:00,20.570824000000005,35.19032885942546,19.548020138221403,20.403276,22.806842803955078
2024-02-29 01:00:00,20.346417,35.437355738033105,20.41589865814989,20.806114,23.020587921142578
2024-02-29 02:00:00,17.173512000000002,36.3498989537308,20.064717796510074,20.731962,22.74846076965332
2024-02-29 03:00:00,12.812903999999998,34.413723520614994,15.27857754050242,15.96114,21.685302734375
2024-02-29 04:00:00,9.528128,27.494599114712642,11.163604185689161,11.256178,18.682432174682617
2024-02-29 05:00:00,8.489664000000001,19.563486931889983,8.508989531390029,8.920732,13.406375885009766
2024-02-29 06:00:00,9.261,21.84495708423556,7.665466004129857,7.456438,9.861574172973633
2024-02-29 07:00:00,5.359375,22.245159535877676,9.161467616066808,7.8102574,8.435556411743164
2024-02-29 08:00:00,6.434856000000001,11.618442713594916,8.981979411283096,17.533484,9.582645416259766
2024-02-29 09:00:00,50.653000000000006,25.06001157207332,31.032188415388074,35.49214,32.128536224365234
2024-02-29 10:00:00,94.196375,124.6708597427865,98.84348064951712,97.776505,36.711830139160156
2024-02-29 11:00:00,75.68696700000002,145.7297451575257,133.1844287237407,142.67441,115.03944396972656
2024-02-29 12:00:00,63.044792,120.57512391134493,77.74676454927558,79.065865,168.77703857421875
2024-02-29 13:00:00,71.47337500000002,108.90268426666857,52.73534476645863,54.007927,94.58606719970703
2024-02-29 14:00:00,84.60451899999998,91.86929712947058,70.34352722568786,73.52748,104.68017578125
2024-02-29 15:00:00,78.953589,95.41809923106918,80.10014504434696,79.406425,72.86822509765625
2024-02-29 16:00:00,48.627125,59.20773921070442,41.63440813349664,39.48339,31.25632095336914
2024-02-29 17:00:00,13.481272,13.31242904124494,16.805671768929933,16.342285,20.524818420410156
2024-02-29 18:00:00,8.869742999999998,-20.25629098832981,12.122762482961694,12.45949,17.42400550842285
2024-02-29 19:00:00,10.941048000000002,-0.3513164558642927,6.084807095324176,6.0620375,13.738252639770508
2024-02-29 20:00:00,18.399744,9.009982267405206,12.258861508969412,12.041946,9.434452056884766
2024-02-29 21:00:00,23.393656,24.87540551540225,23.17594740670784,23.832644,15.542104721069336
2024-02-29 22:00:00,22.425767999999994,31.10522147340673,24.819919030260234,23.96269,21.30961799621582
2024-02-29 23:00:00,16.974592999999995,34.369287994216435,20.62547031172612,21.828472,23.311138153076172
2024-03-01 00:00:00,11.089567,26.88747609524863,14.063443318323788,15.241988,22.11910629272461
2024-03-01 01:00:00,11.543175999999995,12.950971944919004,9.308963994798509,9.738392,16.622119903564453
2024-03-01 02:00:00,9.393930999999998,26.08947627632871,11.386060997463344,11.662526,11.754487991333008
2024-03-01 03:00:00,7.077887999999999,11.237506092993186,8.47739766665164,9.338487,13.859241485595703
2024-03-01 04:00:00,9.129328999999998,6.962316864322332,5.809832379678159,6.611656,9.369396209716797
2024-03-01 05:00:00,11.239424000000003,18.21889981044754,10.279911482328332,10.066067,10.042182922363281
2024-03-01 06:00:00,17.984728,26.284290148505832,12.190735334628563,11.330999,9.32571029663086
2024-03-01 07:00:00,20.570824000000005,46.76108436138334,23.381263867689473,20.636349,9.50252914428711
2024-03-01 08:00:00,10.503459,53.762183818029044,21.371516136425456,20.811218,15.745582580566406
2024-03-01 09:00:00,7.414874999999999,21.752912276383128,7.782587522415953,13.337387,17.753984451293945
2024-03-01 10:00:00,9.393930999999998,18.119740989206946,20.367843307526904,11.503034,15.164302825927734
2024-03-01 11:00:00,19.465109,11.668140120762715,15.939826006482432,14.884719,23.250080108642578
2024-03-01 12:00:00,41.421736,33.58267841836262,28.454843856313605,24.328224,25.692211151123047
2024-03-01 13:00:00,57.960603000000006,66.74162732636007,59.0480436579005,52.366184,36.54563522338867
2024-03-01 14:00:00,81.182737,78.73658345180853,70.84264508386782,65.07669,59.91252136230469
2024-03-01 15:00:00,106.49642400000002,105.97101541642341,74.00651048470657,69.15917,30.04437828063965
2024-03-01 16:00:00,88.71653599999999,114.93696417912507,55.22488620868415,62.11694,31.18387794494629
2024-03-01 17:00:00,84.60451899999998,96.93732345124455,57.418550751311784,45.17476,32.73247146606445
2024-03-01 18:00:00,160.98918400000002,106.53283785375923,83.27432015346152,60.956314,32.69568634033203
2024-03-01 19:00:00,82.88185600000001,160.51565666638282,145.4835253514285,187.40234,42.95747375488281
2024-03-01 20:00:00,28.934442999999995,85.33903337141417,79.62934310171227,93.352486,111.59197998046875
2024-03-01 21:00:00,25.67237500000001,58.106019736472476,22.686394962411768,23.173016,31.226943969726562
2024-03-01 22:00:00,168.19660799999997,72.92530078374723,25.86937060923698,23.754686,16.718217849731445
2024-03-01 23:00:00,506.261573,203.83220854316528,209.6529521343787,239.7704,63.5799560546875
2024-03-02 00:00:00,611.960049,304.599690631688,763.6922350799999,477.27502,194.273193359375
2024-03-02 01:00:00,565.6092829999999,303.0213793729087,761.4798912399997,610.2814,320.0381774902344
2024-03-02 02:00:00,449.455096,304.15208212316844,560.0260980912501,478.54007,387.9277648925781
2024-03-02 03:00:00,405.2240000000001,284.77970624823087,432.554091738,471.699,287.79693603515625
2024-03-02 04:00:00,416.83272299999993,268.1528746062328,307.05495504333317,281.58475,126.68208312988281
2024-03-02 05:00:00,433.7980930000001,250.99750557982577,328.94734971976186,291.136,133.20460510253906
2024-03-02 06:00:00,356.400829,237.98320314114522,357.5913272383332,277.87463,277.6604919433594
2024-03-02 07:00:00,359.42543100000006,205.73801617547832,275.43694374709526,233.85873,384.1163024902344
2024-03-02 08:00:00,390.61789099999993,213.20392672552242,273.9834084733452,286.30356,195.3797149658203
2024-03-02 09:00:00,465.484375,212.6775915676725,325.59204975892845,296.53418,306.1377258300781
2024-03-02 10:00:00,663.0548480000001,215.17668527715966,438.1666551333333,503.77997,425.9924011230469
2024-03-02 11:00:00,838.5618069999999,257.1847547109702,577.05123965,607.4871,375.7548522949219
2024-03-02 12:00:00,967.361669,286.71661549922857,717.29176289,579.2147,419.87432861328125
2024-03-02 13:00:00,941.1920000000002,312.643605415237,833.3320495099999,445.13794,552.6788940429688
2024-03-02 14:00:00,851.9713920000002,300.2803718108303,778.5903761999999,413.91364,539.7584228515625
2024-03-02 15:00:00,799.1787519999998,283.4452331639002,601.20282414125,524.2034,317.9432067871094
2024-03-02 16:00:00,647.2146250000001,267.80024945317433,587.3416021512498,516.20605,313.0775451660156
2024-03-02 17:00:00,559.476224,229.8275201220315,482.70658302124974,368.5506,368.49151611328125
2024-03-02 18:00:00,753.5709999999999,220.61925334379436,421.4977779874998,376.16846,232.45144653320312
2024-03-02 19:00:00,672.221376,268.11434652794884,553.6337920112496,433.74298,296.1528625488281
2024-03-02 20:00:00,686.1289680000001,244.4196769308785,504.9190350812498,488.57837,457.3630065917969
2024-03-02 21:00:00,938.3137389999996,263.2144476170936,520.19502469125,432.35565,445.32171630859375
2024-03-02 22:00:00,827.9360190000001,329.6016381498343,812.0169956300003,523.88275,470.4473876953125
2024-03-02 23:00:00,611.960049,301.26992275655755,639.32555755125,599.66986,581.7930297851562
2024-03-03 00:00:00,389.017,267.61845477894724,536.9625046699999,624.918,557.13720703125
2024-03-03 01:00:00,221.445125,225.81812449589,310.1841615399997,344.83444,359.9301452636719
2024-03-03 02:00:00,136.59087500000004,197.47932837837368,158.13147623499984,143.05869,221.95716857910156
2024-03-03 03:00:00,68.92099999999998,178.60488395320937,128.75072303217956,118.955315,203.6536865234375
2024-03-03 04:00:00,25.934336,128.6887096862052,58.17145640500003,51.341534,111.268798828125
2024-03-03 05:00:00,15.625,79.04403674064973,25.803219686799977,28.640083,52.27817916870117
2024-03-03 06:00:00,16.974592999999995,66.47462944922678,19.544547810803852,25.822119,14.964157104492188
2024-03-03 07:00:00,38.95821900000001,69.24539451820628,19.157740758232926,30.629566,13.052606582641602
2024-03-03 08:00:00,70.444997,106.62733278458059,79.07679057143072,87.81636,20.577552795410156
2024-03-03 09:00:00,144.703125,129.8623942272286,128.54831108814267,97.19669,57.44615173339844
2024-03-03 10:00:00,251.239591,185.0314891001001,203.3098933563022,212.50127,88.86296081542969
2024-03-03 11:00:00,306.182024,232.52812201601773,303.49094086474736,247.44579,203.8097686767578
2024-03-03 12:00:00,335.702375,237.02217033492104,304.5826994479851,333.1024,262.51519775390625
2024-03-03 13:00:00,307.546875,233.94401715493814,312.9853948873214,307.33975,245.64077758789062
2024-03-03 14:00:00,231.475544,199.9524270358159,243.48959710009404,265.5293,235.59559631347656
2024-03-03 15:00:00,125.751501,177.67752358891255,145.75952142111115,151.26634,160.3348846435547
2024-03-03 16:00:00,35.611289,136.67604240938567,60.360904589310586,63.856598,88.59085083007812
2024-03-03 17:00:00,9.528128,78.14688517640131,13.764108388867939,16.793207,35.4832649230957
2024-03-03 18:00:00,7.529535999999999,49.98656182415466,10.298217406158244,11.264909,11.338848114013672
2024-03-03 19:00:00,6.331625000000001,29.00718886541462,8.56661436139552,7.2848353,5.853240966796875
2024-03-03 20:00:00,8.998912,-1.628717302907262,12.40926937515908,6.7473907,5.399724960327148
2024-03-03 21:00:00,12.649337,-2.1695273047623402,13.488390398663558,12.368899,5.413885116577148
2024-03-03 22:00:00,16.777216,-13.359452969135575,15.876814035138565,17.230639,9.27857780456543
2024-03-03 23:00:00,21.951999999999995,0.5111038841589419,18.000313184703224,16.795069,12.848581314086914
2024-03-04 00:00:00,26.463592,20.27727052984467,27.817757466186734,25.487389,17.144439697265625
2024-03-04 01:00:00,29.791000000000004,36.543981127225734,29.168788637369612,27.801949,22.483867645263672
2024-03-04 02:00:00,32.15743200000001,49.5841633259444,30.497678375450764,35.98072,30.683664321899414
2024-03-04 03:00:00,32.15743200000001,48.3711165297854,31.547376964183428,32.291344,30.38048553466797
2024-03-04 04:00:00,28.652616,45.18111881186631,31.95921278162878,31.87416,34.101871490478516
2024-03-04 05:00:00,21.253933,43.161665244161966,26.425866764607203,26.252628,37.826385498046875
2024-03-04 06:00:00,16.003008,34.787975558857326,20.8045070722019,17.622896,30.731109619140625
2024-03-04 07:00:00,9.800344,29.87264533380177,15.596189456978504,17.128721,18.415164947509766
2024-03-04 08:00:00,6.229504,22.27047359980064,11.527993789670138,18.721447,21.437162399291992
2024-03-04 09:00:00,23.393656,25.638093687944988,24.811075642394943,24.358366,33.82004165649414
2024-03-04 10:00:00,51.895117,57.92666862053339,51.14461526402611,46.98857,19.18202018737793
2024-03-04 11:00:00,70.444997,71.26522589730642,80.0300935534412,76.13693,26.970808029174805
2024-03-04 12:00:00,49.027896000000005,85.16899757452894,96.59157384859995,90.96335,48.0882682800293
2024-03-04 13:00:00,31.255875,38.09140011947419,41.12969912954905,36.937252,74.07746887207031
2024-03-04 14:00:00,23.393656,18.78177300413762,22.735612029150346,21.350454,26.501544952392578
2024-03-04 15:00:00,20.346417,23.124274096338397,16.835903059445414,19.423748,20.37897491455078
2024-03-04 16:00:00,15.625,9.615265183250884,17.375347001004922,15.051007,10.814804077148438
2024-03-04 17:00:00,14.348907000000002,2.016637284718911,17.699395364644698,12.033034,13.544029235839844
2024-03-04 18:00:00,16.581374999999998,9.434826676007575,19.18243739428089,14.258376,10.557327270507812
2024-03-04 19:00:00,14.348907000000002,6.857643524711776,23.313255282442913,16.012985,15.220046997070312
2024-03-04 20:00:00,13.651919,-7.782817664422069,20.90307842064403,14.452082,13.52427864074707
2024-03-04 21:00:00,13.144256,-6.523998087354357,14.072114527173513,13.899989,19.086158752441406
2024-03-04 22:00:00,12.649337,-5.574961438211744,12.831618157903051,13.615153,19.468496322631836
2024-03-04 23:00:00,13.312053000000002,2.0762882939097693,11.891514667612201,13.0713,21.55460548400879
2024-03-05 00:00:00,13.997521000000004,-0.8496754108975608,14.294546975819266,15.235785,19.372175216674805
2024-03-05 01:00:00,14.886936,-0.32527329545364125,14.210164354701693,14.288484,16.831066131591797
2024-03-05 02:00:00,15.069223000000004,6.464259164588796,15.17650028375142,15.641421,15.082300186157227
2024-03-05 03:00:00,16.387064000000002,10.365475939585338,14.251447431670785,15.028323,16.73038101196289
2024-03-05 04:00:00,20.123648000000003,22.138052404389313,16.332440976338617,16.716398,17.41520881652832
2024-03-05 05:00:00,21.717639,38.80995354527447,31.45579833357361,24.626225,20.95128059387207
2024-03-05 06:00:00,21.253933,45.82731874228948,20.557920907495017,20.277254,23.671741485595703
2024-03-05 07:00:00,11.239424000000003,49.702911941754294,15.612930067729963,19.563307,21.607559204101562
2024-03-05 08:00:00,3.944312000000001,46.22999504647946,11.269899487114166,15.50449,19.989578247070312
2024-03-05 09:00:00,0.941192,30.904128798287147,8.308934708666317,7.119224,21.04712677001953
2024-03-05 10:00:00,8.741816,-4.07547629931382,7.838943473906422,10.68136,16.943620681762695
2024-03-05 11:00:00,23.393656,40.36257569134604,21.029714229028208,23.396534,16.42241096496582
2024-03-05 12:00:00,37.595375,51.39671759031397,40.11680734026604,37.87654,45.5799560546875
2024-03-05 13:00:00,40.001688,61.960843424878405,47.65295247230665,46.853523,41.765682220458984
2024-03-05 14:00:00,30.664297,54.84477877317509,37.785246130486364,35.818867,43.0974235534668
2024-03-05 15:00:00,26.463592,42.03514904075679,22.99640259167671,19.701757,25.565746307373047
2024-03-05 16:00:00,19.902511,13.843544584034447,13.454001006621418,13.49964,12.253135681152344
2024-03-05 17:00:00,9.938375,-3.8681488837804494,13.255161624253907,13.56598,12.264532089233398
2024-03-05 18:00:00,8.741816,-5.0585221667200955,8.534703974772603,8.585064,10.07248306274414
2024-03-05 19:00:00,6.331625000000001,-0.4375493154038992,7.7017898557576965,7.306595,8.072744369506836
2024-03-05 20:00:00,5.000210999999999,-18.55702191646182,5.551800553783413,6.0409665,6.983087539672852
2024-03-05 21:00:00,4.330746999999999,-20.10631334309241,4.598281609595067,5.388335,8.789215087890625
2024-03-05 22:00:00,3.581577,-22.138952660911755,4.199016742839473,4.7310977,10.459291458129883
2024-03-05 23:00:00,2.744,-22.846805791798403,3.5752814358040053,3.9089088,9.60943603515625
2024-03-06 00:00:00,2.985984,-27.642593379755894,2.8991578146629338,3.434743,8.307718276977539
2024-03-06 01:00:00,4.912999999999999,-29.7208137912678,3.2716584566073434,3.815342,7.664783477783203
2024-03-06 02:00:00,7.645372999999999,-16.34567634533532,7.868036305865246,6.938356,9.276042938232422
2024-03-06 03:00:00,8.741816,-1.7781831741603042,9.401111011267936,8.426293,10.70547866821289
2024-03-06 04:00:00,9.938375,7.571731051047493,8.82325747026391,8.685004,12.954967498779297
2024-03-06 05:00:00,6.858999999999999,15.417269566338845,10.33641863609656,9.767314,10.452337265014648
2024-03-06 06:00:00,2.4603750000000004,5.192362277754199,5.612037647891118,6.013944,10.651386260986328
2024-03-06 07:00:00,0.7535710000000001,-12.755893665143446,2.4295540929504966,2.6566033,5.817953109741211
2024-03-06 08:00:00,0.7535710000000001,-14.281780378155503,2.5188042036678038,4.997909,5.98478889465332
2024-03-06 09:00:00,1.4428969999999997,-12.683410657663217,5.597977952881859,6.302044,8.578680038452148
2024-03-06 10:00:00,5.735339000000001,-11.784167059390683,7.763299867784136,7.6392503,12.672054290771484
2024-03-06 11:00:00,24.897088,8.745556225617719,13.983004557008524,17.236307,20.209613800048828
2024-03-06 12:00:00,58.411072,67.02367200459652,56.43384495186835,57.197075,29.34640121459961
2024-03-06 13:00:00,91.125,109.62853039746192,85.41678666499848,86.6867,75.16937255859375
2024-03-06 14:00:00,86.350888,126.61442067282412,116.95675614229245,111.78358,100.0098648071289
2024-03-06 15:00:00,70.95794399999998,107.1045082475327,57.05908805309163,59.635445,83.77371215820312
2024-03-06 16:00:00,35.93699999999999,77.03731575500207,19.712945191732732,22.710896,21.620365142822266
2024-03-06 17:00:00,13.823999999999998,36.834083356204204,17.44979497224282,20.595163,18.982227325439453
2024-03-06 18:00:00,12.977875,20.227840419693948,12.875681139700111,12.626331,14.468664169311523
2024-03-06 19:00:00,10.941048000000002,29.852324293589405,11.895589273596505,11.55447,11.780433654785156
2024-03-06 20:00:00,9.393930999999998,11.883125024113937,9.567074155999846,10.340592,10.277320861816406
2024-03-06 21:00:00,9.528128,1.180430548114387,8.716581558410944,9.628491,11.361465454101562
2024-03-06 22:00:00,11.543175999999995,-3.5853013075698215,9.808744152183081,10.38462,10.87348747253418
2024-03-06 23:00:00,15.069223000000004,3.3939081456267672,12.606904306552623,12.425802,12.906608581542969
2024-03-07 00:00:00,18.609625,12.256913575538633,17.0455467204839,17.330412,13.403554916381836
2024-03-07 01:00:00,22.188041,18.68079437901774,20.521702743404717,20.248413,15.630853652954102
2024-03-07 02:00:00,25.153757,32.09831506529552,22.758291618334066,22.552082,15.892805099487305
2024-03-07 03:00:00,27.543608,39.14964178158458,26.010333614809106,26.008102,19.137422561645508
2024-03-07 04:00:00,30.080231,43.678163772565014,27.86026730436915,27.556274,21.566665649414062
2024-03-07 05:00:00,33.076161,46.026212078798395,29.731854230622524,29.93077,23.52547836303711
2024-03-07 06:00:00,27.0,43.7389958822976,33.90241665238509,33.3281,24.656644821166992
2024-03-07 07:00:00,19.248832000000004,33.90535065485197,23.135120394611803,28.94439,27.827655792236328
2024-03-07 08:00:00,4.410943999999999,46.867054374855755,19.43240625408172,28.611383,18.984066009521484
2024-03-07 09:00:00,0.1176489999999999,8.831144936697925,20.089007978533814,10.322867,46.21751403808594
2024-03-07 10:00:00,2.924207,-30.34357533612055,8.090503909390874,6.705016,17.03314781188965
2024-03-07 11:00:00,17.779580999999997,21.516375375136803,15.018711373628868,14.290637,13.056573867797852
2024-03-07 12:00:00,45.499293,53.86451733813779,37.36557796152291,37.14236,22.005155563354492
2024-03-07 13:00:00,73.03463199999999,78.07279075889424,69.61686828752657,67.280785,60.10844039916992
2024-03-07 14:00:00,95.44399300000002,101.404516291452,96.73492767591365,86.6856,62.5694580078125
2024-03-07 15:00:00,102.50323199999998,128.8928632831006,74.73169292410634,74.68322,63.61747741699219
2024-03-07 16:00:00,75.15144799999999,122.22444882436561,45.86764501056946,44.827927,31.62995719909668
2024-03-07 17:00:00,23.639903000000004,83.90503979843193,22.26470699393544,25.963036,24.036907196044922
2024-03-07 18:00:00,23.639903000000004,27.580921904548106,20.846149915282368,21.079266,21.189247131347656
2024-03-07 19:00:00,23.393656,43.312489585477024,20.99330399940415,19.932056,16.677490234375
2024-03-07 20:00:00,22.665187000000003,27.739791149526482,21.347153053959623,21.668312,14.403640747070312
2024-03-07 21:00:00,20.796875,21.8144207678031,21.383360717492415,22.295177,18.37444496154785
2024-03-07 22:00:00,18.821096000000004,10.073783087985333,19.270409457575642,19.730402,23.614416122436523
2024-03-07 23:00:00,16.974592999999995,2.609534798971964,17.768541608416516,18.584337,21.49043846130371
2024-03-08 00:00:00,16.581374999999998,-0.525757533026578,15.36141260749791,16.165863,19.775733947753906
2024-03-08 01:00:00,17.373979,-0.39399830446711803,16.05046181457501,16.867336,17.26838493347168
2024-03-08 02:00:00,18.399744,6.028333028241192,17.638704662611076,17.712423,16.648141860961914
2024-03-08 03:00:00,18.821096000000004,10.968575527651339,18.39240956129863,18.343924,19.14003562927246
2024-03-08 04:00:00,17.173512000000002,13.204590358918068,18.285711348071967,18.110123,21.345247268676758
2024-03-08 05:00:00,13.997521000000004,10.891714783768734,15.894281884987004,15.94519,20.389589309692383
2024-03-08 06:00:00,10.218312999999998,13.788221507552578,11.898410774508017,11.956701,18.068817138671875
2024-03-08 07:00:00,6.434856000000001,12.879654950133727,8.067582187983064,9.385761,12.083118438720703
2024-03-08 08:00:00,13.823999999999998,16.821000258581407,7.002761453415249,15.70621,13.671150207519531
2024-03-08 09:00:00,12.649337,45.02308555172162,35.94522552649801,37.411316,24.412282943725586
2024-03-08 10:00:00,14.706125000000004,16.856247056964193,17.707985996561934,17.84456,43.3654670715332
2024-03-08 11:00:00,29.791000000000004,20.228412391633526,20.075103927008133,25.895084,37.38732147216797
2024-03-08 12:00:00,53.582633,56.66206215589999,50.077997815501405,53.225155,47.9954833984375
2024-03-08 13:00:00,72.511713,86.36943587312386,69.8481352870558,72.15587,86.51068115234375
2024-03-08 14:00:00,74.618461,97.79996906101447,84.87638415127054,81.96935,99.27952575683594
2024-03-08 15:00:00,62.57077300000001,72.18005529230133,68.26825063500961,66.96988,81.80027770996094
2024-03-08 16:00:00,40.001688,46.23805885405851,42.16105391813592,40.163452,35.548099517822266
2024-03-08 17:00:00,16.777216,21.68742744698183,14.96492909063177,14.157349,15.47691535949707
2024-03-08 18:00:00,19.034163,-6.826355709214326,16.110180186817985,15.89297,14.22637939453125
2024-03-08 19:00:00,16.387064000000002,12.104485089843948,16.07120798663324,16.54252,12.332145690917969
2024-03-08 20:00:00,15.069223000000004,0.7873804567268792,14.873622344858545,15.671071,13.832548141479492
2024-03-08 21:00:00,14.886936,0.16151378232655134,14.183639561094198,15.1287565,15.254140853881836
2024-03-08 22:00:00,16.003008,3.374543106972496,14.196076939749107,15.136374,16.283313751220703
2024-03-08 23:00:00,17.373979,12.632437473159015,15.988717427284477,16.573221,17.407878875732422
2024-03-09 00:00:00,17.373979,14.050790135163979,17.846972665370455,17.806246,18.14940643310547
2024-03-09 01:00:00,17.373979,6.849260622519793,16.923073469094497,17.200888,17.08118438720703
2024-03-09 02:00:00,18.609625,10.296886622755608,16.898993928496864,17.077148,14.920516967773438
2024-03-09 03:00:00,19.902511,14.637714737228734,18.68128523887104,18.678816,14.105113983154297
2024-03-09 04:00:00,20.570824000000005,13.560130352886716,19.946242629681898,19.862682,14.377216339111328
2024-03-09 05:00:00,21.717639,13.870152260137004,20.05109227604025,20.41528,15.921783447265625
2024-03-09 06:00:00,20.570824000000005,19.10613814520461,20.404936883546128,20.186136,16.384273529052734
2024-03-09 07:00:00,19.034163,21.205800700290794,14.852220544977229,18.174334,16.38132667541504
2024-03-09 08:00:00,28.094464,38.394361638045964,20.50899558866372,34.35954,14.454217910766602
2024-03-09 09:00:00,43.98697699999999,61.603233368636,48.68420184967708,43.55955,56.11704635620117
2024-03-09 10:00:00,54.01015199999999,79.12355669712089,63.84015955010873,64.98598,62.33695983886719
2024-03-09 11:00:00,65.939264,89.5132124336756,71.6840714860745,76.32599,96.03790283203125
2024-03-09 12:00:00,75.15144799999999,99.95552379893049,86.36684215683479,91.86243,115.22865295410156
2024-03-09 13:00:00,89.91539200000003,100.07605218647025,86.80760098567511,86.20561,119.93464660644531
2024-03-09 14:00:00,100.54462500000002,112.11029417798515,97.74301512930442,91.01686,104.15325927734375
2024-03-09 15:00:00,97.97218100000002,87.27745513496573,99.34805367753532,94.454834,118.20892333984375
2024-03-09 16:00:00,62.099136,54.52642817365741,57.491191363105315,65.86554,63.97105026245117
2024-03-09 17:00:00,22.188041,24.325671533508157,18.014604872778325,18.868793,23.958255767822266
2024-03-09 18:00:00,23.887872,-11.347058195994506,21.533363511046545,20.20112,18.188262939453125
2024-03-09 19:00:00,18.399744,11.125963888379232,21.650305128709697,21.581081,15.174335479736328
2024-03-09 20:00:00,15.438249000000004,3.624335138689233,16.491787525132665,17.446203,16.161373138427734
2024-03-09 21:00:00,10.793861,4.456739023614688,13.847486693043338,14.647675,17.074996948242188
2024-03-09 22:00:00,14.348907000000002,-4.865243586097023,9.371450197973248,9.802886,16.430160522460938
2024-03-09 23:00:00,26.198073000000004,17.20176731916051,19.22161716150783,17.376993,13.429929733276367
2024-03-10 00:00:00,24.897088,43.90878427900488,37.90023249136782,39.291862,18.423175811767578
2024-03-10 01:00:00,13.651919,32.39444798391652,23.388170701426837,24.333813,24.67336654663086
2024-03-10 02:00:00,6.331625000000001,15.339666766128929,13.562079435255189,11.803122,18.8565731048584
2024-03-10 03:00:00,5.929741000000001,6.853655932142885,4.532525068763608,4.990581,11.881303787231445
2024-03-10 04:00:00,6.331625000000001,11.538711180841645,6.321362684433788,6.489157,8.21200942993164
2024-03-10 05:00:00,6.967870999999999,6.877663898646631,6.773876373948674,6.353862,8.366619110107422
2024-03-10 06:00:00,7.301384,14.428226038719558,7.244877592948998,6.8560195,7.814226150512695
2024-03-10 07:00:00,3.581577,11.59940694286962,7.541337815412151,7.038025,6.829669952392578
2024-03-10 08:00:00,13.144256,8.72498528311472,4.67341416150175,6.322215,7.351139068603516
2024-03-10 09:00:00,29.503629,58.60004415426725,37.99701629070104,37.756004,9.632062911987305
2024-03-10 10:00:00,14.526784,75.68386057748226,46.6117388764777,42.87823,55.49854278564453
2024-03-10 11:00:00,6.858999999999999,12.040236561936226,15.069304971134397,16.542173,55.62711715698242
2024-03-10 12:00:00,6.967870999999999,7.9894551090700645,11.41076349814013,7.8389435,25.336666107177734
2024-03-10 13:00:00,21.253933,6.254340237290066,12.705997201086184,11.600597,15.532876968383789
2024-03-10 14:00:00,26.730899000000004,34.590871064129274,38.10335294562327,37.302383,19.766223907470703
2024-03-10 15:00:00,18.399744,21.02463774347909,32.306367116015714,27.892595,62.9228515625
2024-03-10 16:00:00,11.390625,-6.136830822227381,10.665836203061126,11.201359,16.03546142578125
2024-03-10 17:00:00,8.615124999999997,-16.658278687737834,8.979548635148408,6.728178,11.183576583862305
2024-03-10 18:00:00,3.442951,-4.899477795890178,7.486424014648022,7.8708334,6.789545059204102
2024-03-10 19:00:00,1.7279999999999998,-19.936399919530075,2.4895243976130517,2.490227,8.56226921081543
2024-03-10 20:00:00,4.251528,-19.594105665804648,1.6165168267261865,2.7297761,4.954555511474609
2024-03-10 21:00:00,10.218312999999998,-3.8391156530223753,7.680837984321309,8.450349,5.557069778442383
2024-03-10 22:00:00,16.581374999999998,23.613677942250334,15.281851301052928,17.45934,13.852296829223633
2024-03-10 23:00:00,18.191447,44.662417630498695,20.56942237894256,19.685532,14.690044403076172
2024-03-11 00:00:00,17.173512000000002,38.197012419741,18.50361490465099,18.496536,18.608234405517578
2024-03-11 01:00:00,14.172488,33.46251485299918,16.16796763017394,16.502686,15.01544189453125
2024-03-11 02:00:00,11.697083,27.420400739671024,12.388647829297344,12.982631,17.552000045776367
2024-03-11 03:00:00,9.528128,20.57313551910869,10.622531351966114,10.606437,15.503763198852539
2024-03-11 04:00:00,9.129328999999998,12.99825539958914,8.819974121984938,9.126412,13.868432998657227
2024-03-11 05:00:00,8.365426999999997,14.123543492773308,8.736184492036127,8.713419,10.923057556152344
2024-03-11 06:00:00,6.858999999999999,5.921898933020543,7.602072761773956,7.216915,11.36868667602539
2024-03-11 07:00:00,7.645372999999999,-0.02968768719578918,5.979015629844177,5.2620726,7.527921676635742
2024-03-11 08:00:00,21.024576,20.33719861300976,9.776957355751199,9.99581,7.664482116699219
2024-03-11 09:00:00,34.64597599999999,56.716730217118496,39.71916035224121,44.217705,18.15300750732422
2024-03-11 10:00:00,49.430863,64.789596736364,44.021608665146225,44.339165,26.356304168701172
2024-03-11 11:00:00,62.099136,83.17439389244329,58.343583284764065,60.206158,58.72547912597656
2024-03-11 12:00:00,66.43012499999999,102.74365387530885,71.31583001376474,71.072075,84.83653259277344
2024-03-11 13:00:00,61.162984,99.41151763456513,64.9275181121363,69.745476,84.73529052734375
2024-03-11 14:00:00,44.361864,80.25892543500318,54.677036144427205,49.05028,75.05992126464844
2024-03-11 15:00:00,28.934442999999995,44.38201403758556,30.653697660917075,28.78541,57.698944091796875
2024-03-11 16:00:00,10.648000000000003,16.44682401072592,13.189971579713642,12.734971,24.493701934814453
2024-03-11 17:00:00,3.869893,-16.173883708299584,6.987036617291682,5.0929785,10.753181457519531
2024-03-11 18:00:00,6.644671999999999,-15.902281778470979,2.187902380467451,3.290112,7.415943145751953
2024-03-11 19:00:00,11.390625,-0.2047452813952475,10.56434918866162,10.062505,7.496007919311523
2024-03-11 20:00:00,12.649337,4.241486163492539,14.453784659225247,14.679885,8.782405853271484
2024-03-11 21:00:00,12.977875,10.368360935509358,12.76289422642181,12.91694,16.119983673095703
2024-03-11 22:00:00,14.172488,15.08405865114311,12.64936516074772,13.372562,15.18309211730957
2024-03-11 23:00:00,13.481272,27.219355873311528,14.014385213754023,14.216977,14.860906600952148
2024-03-12 00:00:00,10.793861,20.584531554130436,12.794494138426606,13.246729,15.612075805664062
2024-03-12 01:00:00,10.218312999999998,9.598383426920051,8.696370190354974,9.23966,14.8289794921875
2024-03-12 02:00:00,10.503459,10.306764060607236,9.755328419876117,10.003657,11.539926528930664
2024-03-12 03:00:00,10.503459,11.732020532734012,10.256440464095341,10.343773,14.639884948730469
2024-03-12 04:00:00,10.503459,9.025113726967689,10.133939604405647,10.256702,13.24786376953125
2024-03-12 05:00:00,8.998912,7.919018368830024,10.075453503907053,9.93505,15.604373931884766
2024-03-12 06:00:00,5.832000000000001,3.54938467996827,8.087048480858344,7.820411,11.316526412963867
2024-03-12 07:00:00,1.3676310000000005,2.717914009679305,5.087196321028876,4.194248,8.208988189697266
2024-03-12 08:00:00,7.189056999999999,-2.1803053337450393,3.1079010148487978,2.5479984,4.8538360595703125
2024-03-12 09:00:00,19.902511,40.86351010786409,25.716408920754144,29.997355,10.04146957397461
2024-03-12 10:00:00,21.717639,56.16208672432704,32.44495872513526,31.420616,24.321502685546875
2024-03-12 11:00:00,27.818127,41.31196098892859,22.631870100163788,23.592182,30.13269805908203
2024-03-12 12:00:00,39.651821000000005,60.02011684268642,31.096967105528094,32.08807,35.35047912597656
2024-03-12 13:00:00,52.31362400000001,72.23993646523813,46.6448667380146,46.19741,41.26301193237305
2024-03-12 14:00:00,58.86386900000001,82.0531610172062,57.54694977899064,55.25076,64.41783142089844
2024-03-12 15:00:00,57.960603000000006,90.98139482010414,59.8524109885671,56.003174,57.7765998840332
2024-03-12 16:00:00,38.95821900000001,66.41146783960174,44.90289184054946,45.346844,42.383880615234375
2024-03-12 17:00:00,13.144256,37.40631353199872,14.591351575502904,13.48226,16.684680938720703
2024-03-12 18:00:00,13.997521000000004,11.59404785791159,12.064079022740465,12.228242,14.072011947631836
2024-03-12 19:00:00,10.218312999999998,16.03864508058865,12.793593187777347,12.423864,11.270824432373047
2024-03-12 20:00:00,7.645372999999999,-13.357997547387711,8.533967129649046,9.370022,10.730096817016602
2024-03-12 21:00:00,6.644671999999999,-13.1036174984131,6.293549453828286,6.963756,9.991636276245117
2024-03-12 22:00:00,6.967870999999999,-17.539158513358686,5.915480137005451,6.555618,9.460445404052734
2024-03-12 23:00:00,8.741816,-9.989397354608343,7.437572452488721,7.7440395,12.086297988891602
2024-03-13 00:00:00,11.543175999999995,-3.110223817961824,9.675181090794954,9.637061,9.840890884399414
2024-03-13 01:00:00,13.144256,3.6082440592483067,12.89212894427183,12.717393,12.727720260620117
2024-03-13 02:00:00,11.543175999999995,11.921413952919963,13.69721092690252,13.701374,12.833276748657227
2024-03-13 03:00:00,8.998912,10.586986663611825,10.41066196311657,10.417669,16.663074493408203
2024-03-13 04:00:00,4.251528,7.798840730555398,8.008968362759884,8.25489,12.610574722290039
2024-03-13 05:00:00,2.744,-7.661569779287888,3.452340033221372,3.0084717,11.595027923583984
2024-03-13 06:00:00,2.8632879999999994,-6.132640758973537,2.765835952269885,2.575954,5.64454460144043
2024-03-13 07:00:00,1.4815439999999995,-4.263639055965058,3.5114274570030846,3.207613,6.401264190673828
2024-03-13 08:00:00,0.3732479999999999,4.714950198706362,2.6492995933546397,3.9510417,6.366222381591797
2024-03-13 09:00:00,8.0,-25.474872637975963,2.8275149563461777,2.573168,8.840707778930664
2024-03-13 10:00:00,16.003008,32.478111055633875,18.75083883422327,19.22656,10.76596450805664
2024-03-13 11:00:00,28.094464,37.343091819012685,24.692547615467518,23.77171,23.92758560180664
2024-03-13 12:00:00,41.781923000000006,62.951985458419,39.47317899280446,36.908817,26.612058639526367
2024-03-13 13:00:00,34.012224,82.17246045282128,46.03495443828696,50.64155,65.24005126953125
2024-03-13 14:00:00,7.414874999999999,35.38487844743078,26.269434087940322,22.63911,48.213409423828125
2024-03-13 15:00:00,0.0297909999999999,-22.484256324464,6.179142934379618,3.9248512,15.699922561645508
2024-03-13 16:00:00,1.225043,-45.67794394879849,2.4476444735904748,5.116493,4.953300476074219
2024-03-13 17:00:00,5.268024,9.771254932240794,6.446095017482931,3.156256,6.047155380249023
2024-03-13 18:00:00,15.438249000000004,28.99497127613573,10.894408807831407,12.4169035,9.483041763305664
2024-03-13 19:00:00,25.153757,49.9500620110242,30.989540320949615,24.405806,14.936113357543945
2024-03-13 20:00:00,38.272753,46.74205933544398,31.25005866856054,31.041098,47.88665008544922
2024-03-13 21:00:00,66.92341599999997,71.74861287162317,45.737075327209794,40.29568,48.800331115722656
2024-03-13 22:00:00,100.54462500000002,114.00141140304625,69.54390580724971,70.92335,44.68621063232422
2024-03-13 23:00:00,117.64900000000004,139.17857656631344,96.30069618457263,89.095856,61.230674743652344
2024-03-14 00:00:00,103.823,139.47127046017084,110.5131304223281,101.1099,68.14265441894531
2024-03-14 01:00:00,68.92099999999998,120.10168688149032,89.43630628423001,89.76274,68.38213348388672
2024-03-14 02:00:00,47.43792800000001,97.10990320436913,45.12855764453606,57.240093,70.19807434082031
2024-03-14 03:00:00,41.06362500000001,84.4608173757144,35.10167619732589,32.339317,58.689361572265625
2024-03-14 04:00:00,38.272753,71.20208472972355,38.47090932647833,41.04901,52.086692810058594
2024-03-14 05:00:00,35.28755199999999,53.9744968194634,37.14620312314325,35.81907,60.47978210449219
2024-03-14 06:00:00,25.67237500000001,39.31068189531585,34.558811155475865,32.79887,66.1605453491211
2024-03-14 07:00:00,28.094464,28.104675833983848,22.447900937183753,28.36756,70.86239624023438
2024-03-14 08:00:00,10.360232000000002,61.92840690022631,31.66706115325319,46.048153,50.33331298828125
2024-03-14 09:00:00,7.762391999999999,22.9953967537745,24.878327878295327,18.054914,49.00788879394531
2024-03-14 10:00:00,9.261,14.805490256231124,18.04752864167855,12.358199,15.577905654907227
2024-03-14 11:00:00,12.649337,9.74232015208753,19.642184369636194,17.31777,17.406810760498047
2024-03-14 12:00:00,17.984728,12.791502642351702,23.373942751352903,18.368591,31.776899337768555
2024-03-14 13:00:00,28.934442999999995,16.731398092854974,23.497908878798153,23.032684,32.98454666137695
2024-03-14 14:00:00,36.264691,41.12318012377709,36.706511246048734,37.28553,38.71089172363281
2024-03-14 15:00:00,34.965783,40.38756151943484,37.993765963764574,36.539963,56.292457580566406
2024-03-14 16:00:00,32.15743200000001,26.287024720115298,21.737492407155898,23.795214,35.34282684326172
2024-03-14 17:00:00,16.387064000000002,21.32457928466569,14.82024620679224,17.275232,18.75104331970215
2024-03-14 18:00:00,23.887872,-1.2909507123800523,16.042207000218646,15.969236,15.740108489990234
2024-03-14 19:00:00,24.137569000000003,22.288311392708763,32.106871200006694,29.963697,12.030782699584961
2024-03-14 20:00:00,22.425767999999994,17.960800116587293,22.79080878310315,23.996737,19.140579223632812
2024-03-14 21:00:00,22.188041,16.73196713641768,20.355015630470664,21.069902,17.89879608154297
2024-03-14 22:00:00,21.484952,16.026565379338322,21.82325710977857,21.471552,22.031482696533203
2024-03-14 23:00:00,19.902511,14.480579558489964,21.001035843913726,20.305939,22.08028221130371
2024-03-15 00:00:00,18.821096000000004,1.9817130611616847,19.471718641870098,19.88526,20.21398162841797
2024-03-15 01:00:00,17.779580999999997,-4.367414447008883,17.96165315474831,18.3045,17.97110939025879
2024-03-15 02:00:00,16.974592999999995,-2.523570650231221,16.6735797598964,16.870523,14.073265075683594
2024-03-15 03:00:00,15.069223000000004,2.5573358307965464,15.73757574480795,15.806194,12.814363479614258
2024-03-15 04:00:00,12.812903999999998,4.648854935971116,13.990938344648326,14.432852,11.045719146728516
2024-03-15 05:00:00,12.166999999999998,7.160494646259409,11.142166599114862,11.189845,9.925018310546875
2024-03-15 06:00:00,12.008989,13.859988042648666,11.239808760769735,11.34604,8.147407531738281
2024-03-15 07:00:00,12.487167999999995,20.506365733246497,10.348521287700121,11.247142,8.231025695800781
2024-03-15 08:00:00,38.95821900000001,34.53682912045245,15.192710722637484,25.871653,10.127412796020508
2024-03-15 09:00:00,54.01015199999999,102.76428704666317,79.6940607334411,71.91536,36.206947326660156
2024-03-15 10:00:00,70.95794399999998,102.38628514393965,71.26607538859211,73.50942,82.52621459960938
2024-03-15 11:00:00,103.16170900000004,122.86545264702839,102.04274115586075,106.72026,94.2623291015625
2024-03-15 12:00:00,149.72129099999998,149.7891380397324,137.73510380178163,145.05702,139.90110778808594
2024-03-15 13:00:00,199.176704,173.70175420252508,187.11887329268563,179.02138,187.96951293945312
2024-03-15 14:00:00,214.921799,192.5342264678971,217.0771005124442,219.62187,240.34085083007812
2024-03-15 15:00:00,192.100033,162.18340087079542,193.27075742012258,204.81032,251.03607177734375
2024-03-15 16:00:00,124.251499,118.04777946597584,122.4362842416111,113.06941,145.07339477539062
2024-03-15 17:00:00,30.664297,73.87839475511156,32.80722026841144,25.121235,31.16988754272461
2024-03-15 18:00:00,29.218112,8.192507416355028,25.21107309432463,25.84813,26.86821746826172
2024-03-15 19:00:00,25.412184,36.36180156898827,25.798783306668273,26.031,22.487808227539062
2024-03-15 20:00:00,22.425767999999994,25.13337610183585,23.13641228647689,23.806534,21.336875915527344
2024-03-15 21:00:00,20.796875,23.2052509711513,20.43860668751902,21.033474,21.72793960571289
2024-03-15 22:00:00,18.821096000000004,19.865724046653497,19.19934776268262,19.560724,21.93813133239746
2024-03-15 23:00:00,15.813250999999996,15.992823930810246,17.81683717265064,18.229017,20.48044776916504
2024-03-16 00:00:00,11.390625,18.008204219856353,14.540199919931322,15.385765,20.188308715820312
2024-03-16 01:00:00,11.543175999999995,11.774560907172457,9.922999169239414,9.772525,18.26300621032715
2024-03-16 02:00:00,13.651919,15.39910253949327,10.964986495490548,11.155176,13.382396697998047
2024-03-16 03:00:00,13.997521000000004,14.727214832183321,14.617753643040786,16.271782,13.446155548095703
2024-03-16 04:00:00,10.793861,8.631889889221142,13.502152813215039,13.491622,12.417116165161133
2024-03-16 05:00:00,8.615124999999997,-0.2501672423263841,8.449297005626537,8.698825,12.04853630065918
2024-03-16 06:00:00,8.869742999999998,4.024427595339432,7.611838098430867,6.9176493,8.889141082763672
2024-03-16 07:00:00,8.741816,16.07960092924141,7.100949297084544,7.6931,8.094091415405273
2024-03-16 08:00:00,5.832000000000001,22.624470591645164,29.295915219450777,37.389843,9.713680267333984
2024-03-16 09:00:00,1.6016129999999995,9.65898950571544,26.293964101995854,25.461842,50.555728912353516
2024-03-16 10:00:00,7.880599,-20.845795188570477,14.579864419471326,13.544393,30.48694610595703
2024-03-16 11:00:00,28.652616,26.13143515086945,22.127022548073,26.564709,22.815860748291016
2024-03-16 12:00:00,54.01015199999999,74.71838436377509,59.02093062758856,61.649662,52.69074249267578
2024-03-16 13:00:00,75.68696700000002,99.68170012987373,78.37524582997521,82.074036,89.14395141601562
2024-03-16 14:00:00,86.350888,110.27359588955447,91.773879756435,88.18264,110.46897888183594
2024-03-16 15:00:00,85.18400000000003,109.87435545071672,82.69697120617111,80.002525,104.1107177734375
2024-03-16 16:00:00,56.181887,86.65509884374875,54.466321207482025,52.701725,61.13890838623047
2024-03-16 17:00:00,17.373979,39.23900198109298,17.567697880141704,17.459913,19.939163208007812
2024-03-16 18:00:00,18.191447,-3.7230234473810384,16.274933084059718,16.792246,15.412088394165039
2024-03-16 19:00:00,18.609625,16.106118324006758,14.620844150529226,14.865297,13.304086685180664
2024-03-16 20:00:00,21.951999999999995,6.117545080023248,18.430351177357792,18.58906,13.77267837524414
2024-03-16 21:00:00,23.887872,16.05614746718055,22.469041316251513,22.553852,18.2406063079834
2024-03-16 22:00:00,23.887872,13.222763527035681,24.97435410160993,24.232859,23.497591018676758
2024-03-16 23:00:00,22.425767999999994,13.65135276732586,23.287810682351743,23.053684,24.25296401977539
2024-03-17 00:00:00,20.346417,11.6451005706284,20.770553920729352,21.114315,23.886783599853516
2024-03-17 01:00:00,19.465109,6.828123357225337,18.882717772828865,19.061506,21.83841323852539
2024-03-17 02:00:00,20.346417,8.873776907702592,18.28054757224412,17.973585,16.400745391845703
2024-03-17 03:00:00,21.951999999999995,9.032505091866994,20.444904151954958,20.511648,16.732892990112305
2024-03-17 04:00:00,23.887872,10.348973816948543,22.3624644463481,21.93889,15.198429107666016
2024-03-17 05:00:00,25.153757,13.906246467212355,24.881283299106425,24.381304,16.87266731262207
2024-03-17 06:00:00,21.951999999999995,19.82907379848534,23.322688793894145,23.086893,19.236238479614258
2024-03-17 07:00:00,17.373979,25.08657323630537,18.153968342445253,15.983401,18.54296875
2024-03-17 08:00:00,1.7279999999999998,37.95559554376142,21.89549809702443,21.700731,14.128795623779297
2024-03-17 09:00:00,0.531441,-7.26977793220864,8.531707654763649,5.419202,26.43496322631836
2024-03-17 10:00:00,6.434856000000001,-2.807819153731984,8.830736201190694,9.115252,19.533037185668945
2024-03-17 11:00:00,19.034163,43.96942343256477,20.30129576337173,22.906746,26.69704818725586
2024-03-17 12:00:00,34.328125,59.10319036375371,39.866110843083,42.598206,58.893943786621094
2024-03-17 13:00:00,47.83214699999999,71.65670433574307,48.5103906579683,45.692005,66.56144714355469
2024-03-17 14:00:00,51.478848000000006,88.53921000301007,53.91198652764384,56.265266,73.82477569580078
2024-03-17 15:00:00,49.430863,84.2286251832035,47.0468474072033,46.55286,73.38478088378906
2024-03-17 16:00:00,31.855013,48.124075947002424,34.92014863059671,32.85049,45.7887077331543
2024-03-17 17:00:00,12.977875,4.816731214353922,17.056041141889267,18.221115,18.424325942993164
2024-03-17 18:00:00,12.649337,-9.367265481742507,11.782325782581902,12.579846,12.338878631591797
2024-03-17 19:00:00,11.089567,8.200966718924832,12.31430073783195,10.528906,11.236076354980469
2024-03-17 20:00:00,9.800344,-0.3699626382234271,10.124690097421116,11.01142,10.673484802246094
2024-03-17 21:00:00,7.645372999999999,-2.8259455129193753,9.285511023512951,9.917542,13.478799819946289
2024-03-17 22:00:00,7.301384,-13.308336979497014,6.438040533716662,7.414777,15.666526794433594
2024-03-17 23:00:00,8.120600999999997,-8.01423539525915,6.7166243969269805,7.2179728,13.589542388916016
2024-03-18 00:00:00,8.869742999999998,-5.282422074851951,8.56047255675438,8.697441,12.139511108398438
2024-03-18 01:00:00,9.129328999999998,-2.605121025777578,8.68774448978095,8.769432,11.938241958618164
2024-03-18 02:00:00,8.741816,-1.622016974827858,8.995221232949389,9.474873,10.611276626586914
2024-03-18 03:00:00,8.615124999999997,-1.8540286347033685,8.085148375053903,8.388422,11.139471054077148
2024-03-18 04:00:00,8.998912,-2.9683591403782827,8.135128578538794,8.363916,8.70770263671875
2024-03-18 05:00:00,9.663596999999998,-2.5495964339319386,8.901164178505253,8.690815,9.383342742919922
2024-03-18 06:00:00,8.489664000000001,3.796306320010558,9.906153774542595,8.973542,8.566267013549805
2024-03-18 07:00:00,4.019679000000001,9.043350974448842,6.937908857449883,6.2147717,8.642047882080078
2024-03-18 08:00:00,0.531441,-2.277205845526538,4.213643461569526,2.9754248,5.8042755126953125
2024-03-18 09:00:00,0.300763,-19.70964633300973,3.343003861934625,3.0575535,11.109580993652344
2024-03-18 10:00:00,5.268024,-19.001620061790817,3.2490112612587723,4.5090766,14.511184692382812
2024-03-18 11:00:00,21.484952,22.005743499028583,15.50244399065621,18.257902,20.29790496826172
2024-03-18 12:00:00,40.353607,58.88750324475676,43.476067913305606,45.12969,43.45896530151367
2024-03-18 13:00:00,51.895117,88.51360925445299,59.9710927916556,57.516743,68.2757797241211
2024-03-18 14:00:00,51.895117,85.69056284516977,56.30072935611295,56.66003,73.55109405517578
2024-03-18 15:00:00,47.43792800000001,77.14353711045054,42.01000247991512,43.77196,65.76582336425781
2024-03-18 16:00:00,37.93305599999999,52.821296100962414,30.68823835191374,32.416393,39.09850311279297
2024-03-18 17:00:00,15.625,28.129690827426984,14.770236430089946,14.805207,15.300296783447266
2024-03-18 18:00:00,19.034163,5.632045308049271,14.750298384815057,14.4498625,14.719873428344727
2024-03-18 19:00:00,16.974592999999995,30.06989371774351,17.018250146440092,16.931847,13.229305267333984
2024-03-18 20:00:00,15.069223000000004,12.367634992400482,15.482085239685494,15.974844,15.696784973144531
2024-03-18 21:00:00,15.252992,8.251100694902703,14.019881190216656,15.025513,14.666873931884766
2024-03-18 22:00:00,15.438249000000004,2.8067601356023886,14.298685109261417,15.171039,17.235244750976562
2024-03-18 23:00:00,15.252992,-1.586870156341135,14.351986775127283,14.942147,19.819347381591797
2024-03-19 00:00:00,15.438249000000004,-3.1511887003530603,14.263943149302408,14.752558,20.095558166503906
2024-03-19 01:00:00,16.581374999999998,-9.72570949740691,14.33402201095271,14.721596,17.320995330810547
2024-03-19 02:00:00,18.821096000000004,-3.4750847157489773,16.24469189922559,16.573372,15.179920196533203
2024-03-19 03:00:00,22.665187000000003,1.446999010938029,19.528765772564878,19.048805,14.657651901245117
2024-03-19 04:00:00,26.463592,10.301196055610433,24.016377901790914,23.274496,15.100318908691406
2024-03-19 05:00:00,28.652616,20.11409768655315,27.34530351443983,27.309345,16.738262176513672
2024-03-19 06:00:00,24.389,28.382939302190422,28.46206845237996,28.05295,18.059911727905273
2024-03-19 07:00:00,31.554496000000004,30.475900572619636,19.233136205849004,24.547634,20.201122283935547
2024-03-19 08:00:00,9.129328999999998,72.48748945894754,28.03993934438646,35.058952,15.70088005065918
2024-03-19 09:00:00,5.268024,18.73418430151351,15.931659176509614,11.343985,46.80963134765625
2024-03-19 10:00:00,9.261,17.13975553690176,14.171337627179689,10.169071,22.604970932006836
2024-03-19 11:00:00,17.173512000000002,27.041495319661024,17.4801066486723,21.336935,28.132455825805664
2024-03-19 12:00:00,25.153757,33.80012907043199,28.097941697259344,26.64022,40.85436248779297
2024-03-19 13:00:00,30.959144,30.38019445895314,30.109505455077407,31.367067,52.40443801879883
2024-03-19 14:00:00,31.554496000000004,26.670927847426597,34.82361086243065,33.345192,46.90678405761719
2024-03-19 15:00:00,26.730899000000004,22.552773423569207,30.178701402470246,28.714437,44.49605178833008
2024-03-19 16:00:00,18.191447,5.870786384772472,16.5798881305846,16.892008,26.805641174316406
2024-03-19 17:00:00,8.0,-8.567995200707884,8.948840701219844,8.886348,12.122690200805664
2024-03-19 18:00:00,8.869742999999998,-9.223563847563057,7.208369120413895,7.218128,9.807746887207031
2024-03-19 19:00:00,7.529535999999999,2.529114375583916,9.478073088076169,8.559623,8.697460174560547
2024-03-19 20:00:00,8.365426999999997,-13.059416506309333,6.897717648375955,7.8846006,9.480052947998047
2024-03-19 21:00:00,9.261,-5.350364079595849,8.48146444249955,9.122685,11.412809371948242
2024-03-19 22:00:00,10.503459,-4.448315121088072,9.805910686021935,10.220799,16.88867950439453
2024-03-19 23:00:00,14.348907000000002,-0.7854280715960726,11.14969423240578,11.541545,16.57383918762207
2024-03-20 00:00:00,17.373979,7.05241491449479,17.018235827504565,17.008844,16.371807098388672
2024-03-20 01:00:00,21.717639,11.71575720021093,18.971092901463035,18.581936,19.955446243286133
2024-03-20 02:00:00,25.412184,23.503970084552847,24.36627409685373,23.295763,17.508686065673828
2024-03-20 03:00:00,26.730899000000004,31.683491601128154,26.631402019504616,26.276285,18.91986656188965
2024-03-20 04:00:00,29.791000000000004,35.88163330593521,26.95611738728369,26.123413,18.20069694519043
2024-03-20 05:00:00,32.461759,44.212535108509584,31.43006586330252,29.018566,18.44625473022461
2024-03-20 06:00:00,27.818127,46.84521861459076,33.41060451290824,31.614944,21.574363708496094
2024-03-20 07:00:00,44.361864,45.85046151070337,25.91268806476077,28.331633,24.188806533813477
2024-03-20 08:00:00,14.886936,93.26318913863359,56.23206745923324,52.543648,20.057336807250977
2024-03-20 09:00:00,43.98697699999999,33.22355309399693,14.193331713842472,11.118696,25.41332244873047
2024-03-20 10:00:00,107.171875,98.90836055476281,79.26882615739817,82.39007,15.341361999511719
2024-03-20 11:00:00,195.112,149.65052559718026,164.17611195801558,175.48495,106.24810791015625
2024-03-20 12:00:00,295.408296,193.25647120487565,250.31432020336152,265.6098,195.55479431152344
2024-03-20 13:00:00,318.611987,231.06240973291273,323.8387998277165,329.3211,311.0702819824219
2024-03-20 14:00:00,257.25945600000006,238.11419943969793,339.9226045576876,327.07407,378.6990661621094
2024-03-20 15:00:00,181.321496,187.99121749187634,185.94308383388915,191.37842,299.4540100097656
2024-03-20 16:00:00,94.81881599999996,125.24378090820751,112.1119465225725,113.79923,150.54026794433594
2024-03-20 17:00:00,19.034163,67.96953447312735,23.756925997025974,23.473576,23.24517822265625
2024-03-20 18:00:00,16.974592999999995,10.370313250855432,17.407629282031323,18.385435,25.328895568847656
2024-03-20 19:00:00,12.487167999999995,31.4105560733597,13.963665852039565,13.868589,20.83114242553711
2024-03-20 20:00:00,11.239424000000003,18.81029484746452,11.531043510150193,11.680924,17.20756721496582
2024-03-20 21:00:00,11.089567,24.085731820275058,10.546650906252141,11.370147,14.340604782104492
2024-03-20 22:00:00,10.077696,19.45545232840938,10.941767906896057,11.668285,13.069881439208984
2024-03-20 23:00:00,8.998912,18.181915012406847,9.477983750435753,9.811498,14.103857040405273
2024-03-21 00:00:00,7.645372999999999,20.905820861379382,8.327066686605423,8.588869,13.424558639526367
2024-03-21 01:00:00,5.088448,13.537541850994629,6.953612966127199,7.1809525,13.093086242675781
2024-03-21 02:00:00,3.5118080000000003,4.954611582384516,4.945076723111513,4.757832,10.942882537841797
2024-03-21 03:00:00,3.723875000000001,-1.3516461387687002,3.760841904560624,3.6620462,8.150062561035156
2024-03-21 04:00:00,5.268024,-4.0793533588876585,3.999760350470833,3.8044252,6.562604904174805
2024-03-21 05:00:00,6.644671999999999,1.0624819013009414,6.946019490219324,6.91451,6.912210464477539
2024-03-21 06:00:00,7.529535999999999,9.638271157725228,7.244429390420702,6.145431,7.475332260131836
2024-03-21 07:00:00,6.644671999999999,17.456555860839387,8.621737220766917,6.165994,8.7091064453125
2024-03-21 08:00:00,4.912999999999999,10.533255641119965,25.472264622668668,27.235989,13.060392379760742
2024-03-21 09:00:00,16.387064000000002,1.6814331088651926,19.72180180417628,20.553204,27.838321685791016
2024-03-21 10:00:00,38.614472,38.01748005674774,40.3217909290017,34.796364,34.057533264160156
2024-03-21 11:00:00,58.411072,74.9359199002731,66.81120719300304,66.769844,49.309059143066406
2024-03-21 12:00:00,63.044792,91.95274661966779,76.1940359239286,75.465164,94.89414978027344
2024-03-21 13:00:00,59.77647100000001,91.41392188693736,64.48625328848324,62.76467,83.70053100585938
2024-03-21 14:00:00,49.027896000000005,76.56321278475643,52.96043782610987,49.737473,62.6749267578125
2024-03-21 15:00:00,32.15743200000001,49.24298450917162,35.65907874763051,36.838215,58.695335388183594
2024-03-21 16:00:00,16.581374999999998,9.208450208482816,18.532050552235006,16.122011,29.262279510498047
2024-03-21 17:00:00,2.985984,-16.68709956837766,7.959261876216167,8.191133,9.000593185424805
2024-03-21 18:00:00,2.1466890000000003,-32.4325995822372,1.7457138220044823,2.7579875,7.820247650146484
2024-03-21 19:00:00,3.241792,-17.794244848522496,3.826480176315932,5.0878215,6.618650436401367
2024-03-21 20:00:00,8.242408,-20.150983102785162,5.021941058706778,5.4944305,5.682365417480469
2024-03-21 21:00:00,12.977875,9.918775537869678,13.168616897960161,13.587767,11.08437728881836
2024-03-21 22:00:00,14.526784,22.763461001012118,15.87128180692609,16.257175,16.809585571289062
2024-03-21 23:00:00,15.813250999999996,32.34367904193569,15.260786546355703,15.180652,18.969850540161133
2024-03-22 00:00:00,18.609625,35.337142653520985,15.590245893709566,15.920246,15.51019287109375
2024-03-22 01:00:00,20.796875,39.94620214081915,19.786579876324616,18.721684,15.51768684387207
2024-03-22 02:00:00,20.570824000000005,40.19380311208842,20.790747714180203,20.320465,15.012063980102539
2024-03-22 03:00:00,16.003008,32.03000943441431,20.137653094625684,20.332146,15.73708724975586
2024-03-22 04:00:00,12.977875,23.47640030803983,14.342338510074065,14.6491585,13.361150741577148
2024-03-22 05:00:00,16.003008,26.280679717153916,11.276369319151978,11.380265,11.049911499023438
2024-03-22 06:00:00,15.813250999999996,40.00538231269714,17.260409790803916,15.941774,9.67898178100586
2024-03-22 07:00:00,21.024576,42.025181862346855,13.721667754757949,16.050173,15.467098236083984
2024-03-22 08:00:00,7.414874999999999,51.36712533044708,22.672880633650312,26.058853,14.757743835449219
2024-03-22 09:00:00,8.242408,7.304749309824132,8.432489482050272,6.9319654,28.624128341674805
2024-03-22 10:00:00,26.463592,15.170494136590108,15.87164758803541,13.377113,13.343023300170898
2024-03-22 11:00:00,56.181887,53.391924472837175,53.1643532843357,49.318115,20.305767059326172
2024-03-22 12:00:00,93.576664,89.45657430592767,85.69489535983752,85.42154,81.69075012207031
2024-03-22 13:00:00,124.251499,123.9150085043119,130.38819105450128,125.40091,98.40267944335938
2024-03-22 14:00:00,142.23664799999997,147.84062771930934,136.19792561314603,141.98569,132.65493774414062
2024-03-22 15:00:00,141.420761,157.3070279746969,134.8765505470265,128.89748,144.5054168701172
2024-03-22 16:00:00,111.28464099999997,133.15220978623148,120.7599686710398,110.66237,109.79872131347656
2024-03-22 17:00:00,25.412184,94.29950597764643,27.257342143177393,28.667889,38.867156982421875
2024-03-22 18:00:00,22.906303999999995,21.17450192610316,22.364532606950785,22.213215,21.044389724731445
2024-03-22 19:00:00,23.149125,39.824605183195374,20.22651706127232,19.432646,18.045549392700195
2024-03-22 20:00:00,24.137569000000003,30.03365741987021,22.596798841437604,21.918709,16.6539249420166
2024-03-22 21:00:00,25.153757,31.40883201947527,24.164596514710606,24.803556,16.366392135620117
2024-03-22 22:00:00,26.198073000000004,23.620311208682395,23.953687804313677,24.24496,20.08675765991211
2024-03-22 23:00:00,25.934336,21.74466400653354,24.879368413229663,26.245502,19.94392967224121
2024-03-23 00:00:00,22.906303999999995,29.47160367914033,24.49226874460507,25.55211,23.047321319580078
2024-03-23 01:00:00,19.465109,21.946219955721332,20.957814800142295,21.597025,23.12436294555664
2024-03-23 02:00:00,18.609625,19.33308689370729,17.246623406232708,17.587336,18.827682495117188
2024-03-23 03:00:00,18.821096000000004,18.697961345026243,17.85249515313412,17.985437,16.121679306030273
2024-03-23 04:00:00,16.581374999999998,16.534577933669482,18.224343112317158,18.125055,14.52743148803711
2024-03-23 05:00:00,13.651919,8.903207780282244,15.085877405363922,15.665236,13.762413024902344
2024-03-23 06:00:00,10.077696,15.416683825017344,11.564919780719126,11.784983,10.742790222167969
2024-03-23 07:00:00,11.543175999999995,20.42178139902289,9.047908673550884,10.843091,10.83298110961914
2024-03-23 08:00:00,34.328125,40.285488864041284,31.112879448074697,30.904373,27.683917999267578
2024-03-23 09:00:00,113.379904,91.52928387395734,59.16262501610383,59.102837,45.47144317626953
2024-03-23 10:00:00,262.14400000000006,169.84963884763687,187.68993434282544,161.10742,83.0024185180664
2024-03-23 11:00:00,454.7566090000001,251.15632102335917,343.59712927500004,365.88785,237.76693725585938
2024-03-23 12:00:00,649.461896,314.13140976676243,535.937535101111,657.04456,405.1750793457031
2024-03-23 13:00:00,683.7978410000001,361.6042068065731,702.8373217999999,636.20526,511.9284973144531
2024-03-23 14:00:00,625.0263750000001,343.4201541192328,669.5560509499999,614.1445,559.9823608398438
2024-03-23 15:00:00,478.21176800000006,298.86907852504874,588.7078463299996,603.1379,506.5426940917969
2024-03-23 16:00:00,204.336469,232.11189568190264,308.4992740230358,519.03687,345.7145690917969
2024-03-23 17:00:00,36.926037,126.15323414800334,52.755180314200544,53.71538,62.865867614746094
2024-03-23 18:00:00,19.465109,50.972793229486754,25.888258197940498,27.390718,24.471824645996094
2024-03-23 19:00:00,12.008989,62.794273593458215,16.512047193213547,17.50172,19.41691017150879
2024-03-23 20:00:00,12.166999999999998,39.74727737309176,15.233598280149998,12.081393,16.994861602783203
2024-03-23 21:00:00,14.886936,38.123211122155496,13.73002440904122,12.726427,13.90383529663086
2024-03-23 22:00:00,18.399744,27.828094766133304,19.080570434486184,16.438124,13.54898452758789
2024-03-23 23:00:00,22.665187000000003,24.3831542833873,20.516443982310044,20.6606,13.652793884277344
2024-03-24 00:00:00,27.543608,39.529708791792714,24.77687960705964,24.372473,15.485160827636719
2024-03-24 01:00:00,28.372625,47.06578626232927,29.36220554365047,29.156912,19.564908981323242
2024-03-24 02:00:00,24.137569000000003,49.673079565845384,28.52757372368951,28.065441,21.121047973632812
2024-03-24 03:00:00,17.779580999999997,44.00675851050805,22.706990024902865,22.820177,21.97370147705078
2024-03-24 04:00:00,14.348907000000002,33.82277494414704,17.762719950896884,15.687635,21.03510093688965
2024-03-24 05:00:00,15.069223000000004,29.20980217717404,13.336156055199652,13.13318,16.347291946411133
2024-03-24 06:00:00,14.172488,37.09453850105196,14.758862304210888,14.14735,10.851753234863281
2024-03-24 07:00:00,7.077887999999999,37.67936213185935,12.246348023206721,13.220693,16.994388580322266
2024-03-24 08:00:00,11.852351999999996,28.543709186882595,11.222788011270563,21.505362,39.92197799682617
2024-03-24 09:00:00,53.15737599999999,50.8315599258175,22.629408289868675,28.17548,27.215320587158203
2024-03-24 10:00:00,96.702579,120.74764800471944,110.70389369526148,103.34588,66.55349731445312
2024-03-24 11:00:00,126.50600799999997,138.90622600333018,141.16494806174072,146.79843,114.26348876953125
2024-03-24 12:00:00,147.19795200000002,149.28051180611521,158.06672221494173,165.22798,158.56385803222656
2024-03-24 13:00:00,155.720872,139.7085174240189,165.97204331812694,164.69301,139.22914123535156
2024-03-24 14:00:00,119.095488,125.0177656199423,158.8135964938891,149.39787,121.83018493652344
2024-03-24 15:00:00,70.95794399999998,104.93580446116964,77.90522798094226,78.14198,126.98574829101562
2024-03-24 16:00:00,22.906303999999995,66.2546094658778,40.85312674073377,37.644016,66.6084213256836
2024-03-24 17:00:00,14.526784,26.992234704238754,9.25185615231725,7.9438004,13.613384246826172
2024-03-24 18:00:00,19.465109,40.10379537418625,13.535745216563418,13.272107,10.437627792358398
2024-03-24 19:00:00,18.821096000000004,32.40962391331301,20.106793783480548,19.094965,13.266357421875
2024-03-24 20:00:00,18.399744,10.703519159716336,17.7285199271855,18.105328,15.853418350219727
2024-03-24 21:00:00,16.777216,6.924102777530791,17.847076427180603,18.148165,16.102705001831055
2024-03-24 22:00:00,16.003008,0.1781526593331222,15.271338496039798,16.313015,18.49268341064453
2024-03-24 23:00:00,16.777216,10.218419292894481,15.74198690722781,16.211742,18.748926162719727
2024-03-25 00:00:00,16.974592999999995,9.21725528610878,16.441263740120156,16.737654,19.683813095092773
2024-03-25 01:00:00,16.777216,10.500936180929045,16.613328317498407,16.656752,20.701061248779297
2024-03-25 02:00:00,18.191447,12.7656771026289,16.189550192128387,16.385695,19.733240127563477
2024-03-25 03:00:00,19.248832000000004,13.721687424552385,18.267224165969136,18.386486,20.475683212280273
2024-03-25 04:00:00,20.123648000000003,13.218233938650926,18.630944622463023,18.113707,20.84561538696289
2024-03-25 05:00:00,20.346417,18.428973782414815,20.3438592822271,20.143877,19.697845458984375
2024-03-25 06:00:00,14.526784,19.66966801951112,18.987907130656573,18.994732,16.980113983154297
2024-03-25 07:00:00,14.172488,20.4493887810941,13.297384633533982,12.738804,16.389163970947266
2024-03-25 08:00:00,45.499293,55.5710797979316,15.781960902822291,16.358051,14.424335479736328
2024-03-25 09:00:00,58.411072,117.09728975199504,84.59122318507329,96.090385,41.4837532043457
2024-03-25 10:00:00,96.702579,101.60717923230531,75.21705330157505,78.09343,103.71409606933594
2024-03-25 11:00:00,219.256227,143.2442113013442,127.40936035658174,135.51544,120.32974243164062
2024-03-25 12:00:00,376.367048,216.5475173795959,293.69332106403084,317.7156,207.8160858154297
2024-03-25 13:00:00,398.688256,269.26327669593786,456.3794568347459,511.0745,385.86065673828125
2024-03-25 14:00:00,324.242703,258.91525119703795,420.90308737244044,424.20505,458.9241027832031
2024-03-25 15:00:00,277.1678079999999,213.5217089421655,289.5271583892378,280.34238,317.2908630371094
2024-03-25 16:00:00,220.348864,178.8974280125334,203.4678963211906,188.15572,153.92068481445312
2024-03-25 17:00:00,47.045881,143.21719589008188,69.64628328045393,64.29949,33.643150329589844
2024-03-25 18:00:00,26.463592,46.32473387395258,31.54536780346349,28.930357,77.10145568847656
2024-03-25 19:00:00,27.0,51.32641520672216,22.28643588145383,22.550953,27.741024017333984
2024-03-25 20:00:00,23.887872,49.74656126836048,24.92230888257554,25.584349,22.568368911743164
2024-03-25 21:00:00,22.188041,45.91488605949955,22.66100808313277,22.940031,21.468599319458008
2024-03-25 22:00:00,19.465109,39.27939663531264,20.04141466554454,20.48663,17.01336097717285
2024-03-25 23:00:00,17.576,26.234103972709065,17.71529234627581,18.008177,15.899904251098633
2024-03-26 00:00:00,16.003008,30.94050588977045,16.413706810484204,16.843184,17.626895904541016
2024-03-26 01:00:00,15.069223000000004,24.282210920266508,14.965633563147684,15.22795,18.378957748413086
2024-03-26 02:00:00,16.003008,19.19074032062609,14.19741331026593,14.78647,17.29651641845703
2024-03-26 03:00:00,17.779580999999997,20.09878597620167,15.97626719638327,16.000298,14.793855667114258
2024-03-26 04:00:00,19.034163,19.9474359389165,18.588605937866753,17.554214,13.232192993164062
2024-03-26 05:00:00,20.123648000000003,15.637792878966366,18.566597377774784,17.62797,12.7015380859375
2024-03-26 06:00:00,15.069223000000004,24.877781539282168,19.70525678957897,18.667171,12.493812561035156
2024-03-26 07:00:00,23.393656,28.34107456764447,14.746021165403743,17.04068,11.880716323852539
2024-03-26 08:00:00,105.82381700000003,69.84326164913948,47.39731469844053,42.88505,54.52992630004883
2024-03-26 09:00:00,165.46914900000002,186.51207301609202,186.21335011533967,207.49037,90.70429992675781
2024-03-26 10:00:00,186.169411,197.44813345740522,223.7693394029325,221.62654,206.333984375
2024-03-26 11:00:00,224.755712,211.49802569212164,205.0284331644053,203.87444,256.5362854003906
2024-03-26 12:00:00,308.915776,224.9070970622936,243.13375829360834,255.1393,237.88832092285156
2024-03-26 13:00:00,307.546875,229.08493195402514,336.2059560714434,364.77936,307.5608825683594
2024-03-26 14:00:00,218.167208,210.39610755429237,277.6085734007613,310.56503,393.7357177734375
2024-03-26 15:00:00,177.50432800000002,164.5048495834008,157.93942652033766,148.25673,265.0235595703125
2024-03-26 16:00:00,125.751501,127.697792791525,88.1499916710086,90.52495,112.52072143554688
2024-03-26 17:00:00,23.887872,85.16900906664226,30.665898334006755,30.069117,32.89601516723633
2024-03-26 18:00:00,22.906303999999995,13.26077411900026,21.970786154700303,20.863302,25.5184326171875
2024-03-26 19:00:00,21.024576,40.968372806175736,20.675818359449977,19.815683,20.87606430053711
2024-03-26 20:00:00,20.570824000000005,27.408597726305103,18.9805377067688,19.657736,23.037124633789062
2024-03-26 21:00:00,20.796875,35.41005218168489,20.216315826177457,20.403719,16.023069381713867
2024-03-26 22:00:00,17.984728,30.59544912137936,20.515778931062282,21.137327,11.411664962768555
2024-03-26 23:00:00,11.852351999999996,21.436007132658816,16.033738067866558,16.93099,21.80617904663086
2024-03-27 00:00:00,5.451776,18.656332174871153,10.790638311974035,11.175769,20.636085510253906
2024-03-27 01:00:00,3.442951,7.829907502906906,4.841953485691358,4.3241844,14.730268478393555
2024-03-27 02:00:00,7.077887999999999,1.4883898465694898,2.7883339677702725,3.5983338,8.572992324829102
2024-03-27 03:00:00,11.089567,14.355058311954181,12.222477041444083,12.354288,5.170989990234375
2024-03-27 04:00:00,13.481272,20.935726296690305,14.93759000775812,14.403818,10.675323486328125
2024-03-27 05:00:00,17.984728,19.756332166911506,14.27989714677405,14.367654,9.32608413696289
2024-03-27 06:00:00,17.373979,34.45853098969859,20.34541367253498,19.500578,11.052066802978516
2024-03-27 07:00:00,11.390625,46.9192501603287,15.093373799417552,14.673562,23.78112030029297
2024-03-27 08:00:00,25.412184,31.882028744382538,12.800179573928785,17.530842,31.39120101928711
2024-03-27 09:00:00,47.83214699999999,67.536236488818,60.63347334641714,54.343487,37.149452209472656
2024-03-27 10:00:00,70.444997,92.813245889676,74.96861915312086,68.23939,64.24494934082031
2024-03-27 11:00:00,91.125,110.16801906502381,98.75983499034213,92.46107,86.14865112304688
2024-03-27 12:00:00,117.64900000000004,122.38775591370306,105.95957996016875,116.17305,133.57464599609375
2024-03-27 13:00:00,141.420761,145.3217811791165,146.7118261497978,145.03558,146.8563995361328
2024-03-27 14:00:00,195.112,150.82228936677842,152.96322801348867,148.96089,190.02139282226562
2024-03-27 15:00:00,284.890312,166.42393469756348,195.0149531040858,200.40344,179.8566436767578
2024-03-27 16:00:00,220.348864,187.11623820414604,182.63166041612686,218.8033,245.20223999023438
2024-03-27 17:00:00,50.243409,134.19563856581937,84.4256297381109,81.403046,206.72885131835938
2024-03-27 18:00:00,16.974592999999995,44.56588715705654,30.057282534741656,30.934793,30.16096305847168
2024-03-27 19:00:00,17.984728,47.49447538166463,14.698444102822856,14.855766,22.133296966552734
2024-03-27 20:00:00,27.270900999999995,65.83355173296336,16.878454397448337,16.922112,19.17814826965332
2024-03-27 21:00:00,29.503629,72.17879808682262,31.14650695103019,30.627684,16.304197311401367
2024-03-27 22:00:00,27.270900999999995,57.56378759337316,28.1295651614981,28.78582,18.628921508789062
2024-03-27 23:00:00,26.730899000000004,42.57942658257308,25.134314223187857,25.28971,17.051719665527344
2024-03-28 00:00:00,26.463592,48.24510202791892,26.352965018219393,26.617147,19.77301597595215
2024-03-28 01:00:00,25.934336,46.873475800651235,25.179475610285284,25.972996,21.344280242919922
2024-03-28 02:00:00,25.153757,51.031228439069324,24.418556083967683,25.086922,20.502605438232422
2024-03-28 03:00:00,21.951999999999995,52.715917753116756,23.798676863953233,24.030308,17.74610710144043
2024-03-28 04:00:00,18.609625,39.511022315397284,19.85035525432011,19.619173,15.554105758666992
2024-03-28 05:00:00,15.069223000000004,33.28258744589884,17.224803580866215,17.000437,11.789789199829102
2024-03-28 06:00:00,10.503459,33.672356986125024,13.326199971921225,12.852772,9.368968963623047
2024-03-28 07:00:00,19.465109,29.04717886254282,7.71230404872138,11.590983,14.252145767211914
2024-03-28 08:00:00,53.582633,71.87769067693718,34.07233709108187,33.19586,47.92232131958008
2024-03-28 09:00:00,67.91731200000001,117.59182867669905,85.81055464243425,85.179695,82.78398132324219
2024-03-28 10:00:00,63.044792,102.14311054378346,80.67254809185665,78.96381,90.03296661376953
2024-03-28 11:00:00,44.73887499999999,94.85099663748925,57.897584910016214,62.682808,92.89710998535156
2024-03-28 12:00:00,42.144192,82.1890897264971,39.54362521053882,36.512554,86.09846496582031
2024-03-28 13:00:00,52.734375,71.95431586968469,48.82445730870153,44.24648,77.18476867675781
2024-03-28 14:00:00,84.60451899999998,75.29124707555913,65.91911754076418,59.49292,86.74293518066406
2024-03-28 15:00:00,139.79835900000003,79.52417968010694,81.04107740886938,78.24145,85.42988586425781
2024-03-28 16:00:00,131.87222899999998,104.17930266189383,106.23146575743777,116.657646,149.48028564453125
2024-03-28 17:00:00,66.43012499999999,91.83164213863729,68.5551179345942,91.48093,77.19039916992188
2024-03-28 18:00:00,30.371328,54.23021690918664,36.12296467445404,35.64501,24.617237091064453
2024-03-28 19:00:00,17.576,42.654325951970335,25.441156055291568,25.99626,22.813385009765625
2024-03-28 20:00:00,12.812903999999998,36.834888664577804,17.327522168375193,16.05766,18.94597816467285
2024-03-28 21:00:00,11.852351999999996,29.572882115071664,11.323629911893988,11.555209,14.625587463378906
2024-03-28 22:00:00,8.998912,25.960077082350367,11.30630507823558,12.0446825,12.686874389648438
2024-03-28 23:00:00,2.5713530000000007,13.362451641722927,7.999365235599267,8.112502,14.708078384399414
2024-03-29 00:00:00,1.191016,-9.35031441829831,2.3550223854220063,2.4601903,12.579442977905273
2024-03-29 01:00:00,2.5713530000000007,-12.355951371502059,1.0673714596336457,2.1346598,4.896526336669922
2024-03-29 02:00:00,4.410943999999999,0.48954860198603,4.951153092014569,4.558897,4.188581466674805
2024-03-29 03:00:00,4.741631999999999,14.718082588110065,6.622141937240981,5.977739,6.321346282958984
2024-03-29 04:00:00,4.251528,16.193460155489603,4.929124156666342,4.49751,5.736972808837891
2024-03-29 05:00:00,3.112136,15.02726033254892,4.007141385662973,3.7582655,5.625730514526367
2024-03-29 06:00:00,1.5608959999999996,11.173126942831118,2.683099696335841,2.6384537,3.9470138549804688
2024-03-29 07:00:00,0.140608,3.465327813199991,2.137173119711692,3.9321103,4.305120468139648
2024-03-29 08:00:00,11.852351999999996,-14.58056241231597,4.976956958856508,9.326765,9.431373596191406
2024-03-29 09:00:00,23.887872,80.64798363314058,31.036892772708725,31.170958,23.749969482421875
2024-03-29 10:00:00,29.218112,72.74627008656849,40.08867028523864,41.41914,67.19391632080078
2024-03-29 11:00:00,31.855013,75.30962700269184,36.94006244059083,41.18573,64.28561401367188
2024-03-29 12:00:00,38.614472,79.2915783946154,32.64499107013755,36.262897,58.61003875732422
2024-03-29 13:00:00,43.98697699999999,87.78657004867283,50.85602990839057,46.77284,48.10057067871094
2024-03-29 14:00:00,33.698267,72.63452989566419,45.37548676189644,44.934788,62.326210021972656
2024-03-29 15:00:00,24.389,35.96683186379194,26.838667284079712,26.253191,50.95454025268555
2024-03-29 16:00:00,14.886936,1.5752278540226428,12.900443069146341,12.816159,24.445045471191406
2024-03-29 17:00:00,5.451776,-16.698486866382055,8.835375021477763,9.700608,9.92530632019043
2024-03-29 18:00:00,1.157625,-20.91721184523584,4.100650248846409,4.302857,6.5111541748046875
2024-03-29 19:00:00,6.644671999999999,-22.2928964932174,5.483161430999347,6.111394,6.695356369018555
2024-03-29 20:00:00,38.272753,19.230987367288748,18.14227675853472,16.591917,4.738019943237305
2024-03-29 21:00:00,65.939264,73.67380229359314,90.37880593809724,95.84637,22.289474487304688
2024-03-29 22:00:00,58.411072,91.75163449321037,57.531079770166635,59.578583,53.756988525390625
2024-03-29 23:00:00,47.43792800000001,91.62239847728198,52.153747729630005,50.21657,49.325355529785156
2024-03-30 00:00:00,45.118016,87.28663658401199,37.36553876389489,36.005405,28.398042678833008
2024-03-30 01:00:00,43.24355099999999,80.06476463121193,50.682682906034515,47.559566,23.1448974609375
2024-03-30 02:00:00,34.328125,68.37761323508828,40.67317167110247,42.007477,19.690038681030273
2024-03-30 03:00:00,26.198073000000004,59.12527478970203,29.18847851816332,28.956537,23.072282791137695
2024-03-30 04:00:00,35.611289,62.7295747486002,19.473755290270052,24.47552,16.069873809814453
2024-03-30 05:00:00,74.618461,83.26433950899197,38.52884875538836,40.000744,15.878011703491211
2024-03-30 06:00:00,104.487111,119.27713875551645,118.60914961118414,120.67727,69.01937866210938
2024-03-30 07:00:00,156.59081899999998,127.20851197408147,133.87135683417517,119.35985,116.69515991210938
2024-03-30 08:00:00,141.420761,173.01914175525144,175.0424348395328,167.2548,82.72946166992188
2024-03-30 09:00:00,144.703125,152.68947335805456,119.34181829324598,92.06615,51.92295455932617
2024-03-30 10:00:00,138.991832,151.5684153277757,122.40367543709682,133.35669,36.55248260498047
2024-03-30 11:00:00,122.76347299999998,131.87861217636447,106.04594803142555,94.433464,137.04104614257812
2024-03-30 12:00:00,100.54462500000002,104.46185303954589,99.94311076108436,90.04504,125.81407165527344
2024-03-30 13:00:00,80.62156800000001,68.23534613386731,83.51756728403569,75.54553,86.60028839111328
2024-03-30 14:00:00,57.51245599999999,43.741847568967316,62.029251056868176,63.7264,54.93474578857422
2024-03-30 15:00:00,34.328125,47.89242357476151,44.02618346929255,39.95645,42.99195098876953
2024-03-30 16:00:00,16.194276999999996,21.136614767367334,14.299472743086492,16.979567,24.562240600585938
2024-03-30 17:00:00,3.5118080000000003,-8.625322309277308,8.699558767405232,9.651447,7.358850479125977
2024-03-30 18:00:00,1.225043,-6.15740527004624,2.0912474391198805,4.501996,4.874622344970703
2024-03-30 19:00:00,0.157464,-10.718684389956593,1.0990125145453695,3.2230122,4.3063507080078125
2024-03-30 20:00:00,0.0017279999999999,-33.816409261320075,1.1225382265514714,1.9656713,4.08552360534668
2024-03-30 21:00:00,0.287496,-37.006410302108605,1.0167408115884493,0.9747646,2.5920143127441406
2024-03-30 22:00:00,2.097152,-13.609358704906626,1.1737106631350178,1.4212561,2.0414581298828125
2024-03-30 23:00:00,4.173281000000001,6.709791876761798,4.27689036879093,5.80776,4.991281509399414
2024-03-31 00:00:00,7.301384,4.4936395150227355,5.946946862155935,6.3546643,7.120035171508789
2024-03-31 01:00:00,10.793861,22.28331671254604,10.51980581566934,10.084899,9.202486038208008
2024-03-31 02:00:00,13.144256,38.05443191636981,13.082328902626903,12.24269,8.54078483581543
2024-03-31 03:00:00,13.823999999999998,36.050229209014205,14.78538507470639,14.829202,10.157270431518555
2024-03-31 04:00:00,14.172488,38.082176329478145,13.778044591049586,13.845301,10.016380310058594
2024-03-31 05:00:00,12.487167999999995,42.16419095427874,13.898974388520028,13.348527,10.538991928100586
2024-03-31 06:00:00,7.645372999999999,34.765118798342385,11.20793673712074,11.516931,10.543115615844727
2024-03-31 07:00:00,2.5154560000000004,26.903819827484753,7.053908461064339,7.851368,10.567859649658203
2024-03-31 08:00:00,1.4815439999999995,14.344368783149093,4.94942709373521,8.688276,11.013141632080078
2024-03-31 09:00:00,5.929741000000001,2.7142534636099214,8.442422295702022,7.757607,12.7186279296875
2024-03-31 10:00:00,12.649337,11.573645675397813,16.497142007681646,16.295828,13.806055068969727
2024-03-31 11:00:00,20.123648000000003,20.32474948251108,21.420182510563013,22.951054,16.70608901977539
2024-03-31 12:00:00,32.15743200000001,32.94275675450827,27.737292808642355,30.083546,30.173295974731445
2024-03-31 13:00:00,43.98697699999999,52.244892566611284,40.29757293090822,39.375984,35.97801971435547
2024-03-31 14:00:00,56.181887,68.77171901056651,50.40552898571927,50.021736,49.206077575683594
2024-03-31 15:00:00,70.444997,76.27656937353218,64.14017080823506,59.908085,49.99913787841797
2024-03-31 16:00:00,78.402752,79.21272329081445,28.802815493214453,29.908003,59.289520263671875
2024-03-31 17:00:00,32.76800000000001,82.25915885423545,26.81239698062039,32.355328,36.42234802246094
2024-03-31 18:00:00,32.15743200000001,36.63237914179986,24.562180406008178,22.717262,23.204139709472656
2024-03-31 19:00:00,34.012224,42.00294231312979,35.16022951476873,29.144619,14.741935729980469
2024-03-31 20:00:00,25.412184,34.76187440712637,32.112279872013076,31.322721,21.841873168945312
2024-03-31 21:00:00,17.373979,26.72457486073175,21.557887427485962,22.777689,23.512216567993164
2024-03-31 22:00:00,13.144256,10.973323950755045,15.29826868576509,15.619285,16.553850173950195
2024-03-31 23:00:00,10.077696,1.589975374492937,11.592973517009545,12.145689,13.229877471923828
2024-04-01 00:00:00,9.129328999999998,-3.9009793567176985,8.47317917457582,9.086505,11.956644058227539
2024-04-01 01:00:00,8.869742999999998,-12.232893222148846,8.3975471390969,8.969222,10.71116828918457
2024-04-01 02:00:00,8.242408,-10.741693139445445,8.357658018793073,8.485703,9.013259887695312
2024-04-01 03:00:00,8.869742999999998,-8.240258510767418,7.650582272436331,8.01355,9.852758407592773
2024-04-01 04:00:00,9.528128,-6.899860046318551,8.658029585269716,9.393736,7.128335952758789
2024-04-01 05:00:00,8.242408,-7.50393644382855,10.067891541938282,10.075936,12.431772232055664
2024-04-01 06:00:00,4.330746999999999,-1.7628206413217384,7.355840769670103,6.9673715,10.87057113647461
2024-04-01 07:00:00,4.574296,0.3022250885273934,4.42045438547016,4.730261,11.740711212158203
2024-04-01 08:00:00,14.526784,12.52903945051986,11.264003046531586,10.162176,16.007455825805664
2024-04-01 09:00:00,28.934442999999995,42.52626212528976,27.412977424347304,26.96798,24.773393630981445
2024-04-01 10:00:00,34.328125,61.63874386196012,43.091595783369605,44.093246,35.01200485229492
2024-04-01 11:00:00,39.651821000000005,72.19609128896714,36.514841459254875,39.22359,51.991939544677734
2024-04-01 12:00:00,55.306341,79.3199280853304,46.28378658359222,48.906178,52.40772247314453
2024-04-01 13:00:00,66.43012499999999,100.83609315159366,67.99610710317398,67.595505,72.15525817871094
2024-04-01 14:00:00,77.85448299999997,106.96380324021875,71.4709553383512,69.23272,115.8365478515625
2024-04-01 15:00:00,84.60451899999998,104.46651882351357,72.7708579150653,75.356865,80.48973846435547
2024-04-01 16:00:00,76.765625,88.3347822145288,69.65309232263198,66.560585,100.52653503417969
2024-04-01 17:00:00,30.371328,56.58473271965936,27.830689008410985,28.23777,44.57857131958008
2024-04-01 18:00:00,21.717639,10.863030631396228,18.85104705234033,19.609121,17.025672912597656
2024-04-01 19:00:00,21.717639,13.41145635407591,18.27900723166727,17.558878,13.351490020751953
2024-04-01 20:00:00,18.821096000000004,11.282627019722312,21.58915823401045,20.656185,15.952699661254883
2024-04-01 21:00:00,16.194276999999996,10.083797284037033,17.596389464215886,17.9189,14.574987411499023
2024-04-01 22:00:00,14.886936,7.837702818303157,14.627811275271164,15.434102,12.266923904418945
2024-04-01 23:00:00,13.997521000000004,8.061223805115105,14.083495618560155,14.71194,18.110942840576172
2024-04-02 00:00:00,12.977875,11.724178775669543,12.48551773068074,13.102165,15.302621841430664
2024-04-02 01:00:00,12.812903999999998,9.258569103778697,12.161816426931855,12.395526,14.440227508544922
2024-04-02 02:00:00,14.526784,12.177327611058956,11.96400709160979,11.830305,12.404853820800781
2024-04-02 03:00:00,12.326391,16.269625146601683,15.578874172617338,15.206446,14.421466827392578
2024-04-02 04:00:00,9.129328999999998,6.719058238273519,11.409196027048825,11.36491,15.732095718383789
2024-04-02 05:00:00,8.741816,1.6792826342170883,7.95284436061547,7.940558,13.98497200012207
2024-04-02 06:00:00,6.128487000000001,8.444135288493143,8.083366285056256,6.5994406,9.362096786499023
2024-04-02 07:00:00,25.412184,6.696997717960585,4.539519177307969,6.5207667,11.204399108886719
2024-04-02 08:00:00,58.86386900000001,82.04854444619842,70.30432427150437,70.26572,11.258659362792969
2024-04-02 09:00:00,57.51245599999999,120.95575926096426,85.67673224615433,84.49679,75.03829956054688
2024-04-02 10:00:00,71.47337500000002,101.11136245652817,60.18954320491181,57.042736,85.25198364257812
2024-04-02 11:00:00,88.121125,121.80358487989788,90.91517145238576,91.92601,78.274658203125
2024-04-02 12:00:00,107.171875,130.07552932746768,107.09763585898425,106.04717,130.21925354003906
2024-04-02 13:00:00,140.608,137.6263600405494,130.6708946752846,127.14781,144.28318786621094
2024-04-02 14:00:00,155.720872,152.42302197978637,155.62700016633988,152.70377,157.35984802246094
2024-04-02 15:00:00,145.53157599999997,130.61745883051788,146.6722698271891,142.59747,216.77340698242188
2024-04-02 16:00:00,116.93016899999998,98.59209156878397,112.61840757500184,117.92761,133.8294219970703
2024-04-02 17:00:00,37.595375,68.78884371147832,29.49285633455692,29.635305,51.079429626464844
2024-04-02 18:00:00,24.897088,5.726115446868903,24.056672206032825,22.97422,21.701688766479492
2024-04-02 19:00:00,23.149125,13.806034941109203,21.019544369360418,21.922644,18.389707565307617
2024-04-02 20:00:00,17.984728,15.133932326254211,20.67867766121029,20.605566,18.606212615966797
2024-04-02 21:00:00,14.526784,14.03948368935724,15.493052414819356,16.572975,18.575634002685547
2024-04-02 22:00:00,15.625,8.769829254441333,13.624455797002456,14.020429,15.622621536254883
2024-04-02 23:00:00,17.984728,13.038667824476306,15.488736029506512,16.328022,15.536373138427734
2024-04-03 00:00:00,20.123648000000003,26.6508806557175,19.102321686158458,18.268026,17.31119155883789
2024-04-03 01:00:00,23.393656,24.990856941294126,20.802201468813504,20.602812,18.09758758544922
2024-04-03 02:00:00,25.934336,31.793030344820394,24.14349407017607,23.81094,18.774946212768555
2024-04-03 03:00:00,28.372625,37.98955362058375,26.44648098532631,26.240316,19.16180419921875
2024-04-03 04:00:00,26.198073000000004,43.25067284811969,28.917557872034212,28.351498,17.94418716430664
2024-04-03 05:00:00,22.665187000000003,36.842832818093214,23.80000273757189,23.173103,18.075658798217773
2024-04-03 06:00:00,16.581374999999998,40.00154649291268,18.04360421321854,17.117544,15.34891128540039
2024-04-03 07:00:00,11.697083,40.92582126172512,14.043420162268987,13.470996,14.034624099731445
2024-04-03 08:00:00,2.5713530000000007,36.73528739721037,13.170273431966233,22.575298,16.651836395263672
2024-04-03 09:00:00,3.723875000000001,6.118528283703753,11.592164448490434,9.854118,30.993087768554688
2024-04-03 10:00:00,12.812903999999998,18.11834508043934,16.24364836502205,16.739183,26.782588958740234
2024-04-03 11:00:00,28.934442999999995,41.20598585192981,27.816223130469297,27.803942,31.2491455078125
2024-04-03 12:00:00,49.836032,67.42774193277704,49.72015937453069,53.42188,72.4773178100586
2024-04-03 13:00:00,68.92099999999998,94.83613017130595,68.48368789952116,70.36853,86.05909729003906
2024-04-03 14:00:00,78.402752,109.7120241573998,80.36146993784106,77.79308,112.88482666015625
2024-04-03 15:00:00,72.511713,106.44033500364411,76.5494423695227,74.372574,90.41793823242188
2024-04-03 16:00:00,47.045881,72.71969525889493,51.47935619524341,48.185143,81.3055648803711
2024-04-03 17:00:00,12.166999999999998,31.169670460399388,15.874181974528419,16.745893,28.274032592773438
2024-04-03 18:00:00,12.649337,-10.112145173788278,9.964754805233778,11.363935,11.978031158447266
2024-04-03 19:00:00,9.663596999999998,11.28070225979738,12.744696402072632,10.7707,10.611080169677734
2024-04-03 20:00:00,9.129328999999998,-6.805351364673811,9.09315440694703,9.2428465,11.326509475708008
2024-04-03 21:00:00,9.938375,4.346434795895362,8.81689405153836,9.53483,10.230920791625977
2024-04-03 22:00:00,12.487167999999995,-1.7810742611405033,10.320013521968969,10.864472,17.11770248413086
2024-04-03 23:00:00,16.194276999999996,8.548530867987509,15.058548511852887,14.400983,18.197071075439453
2024-04-04 00:00:00,19.902511,21.100670878822925,17.919678887283574,17.439758,18.297237396240234
2024-04-04 01:00:00,22.906303999999995,21.038756712835223,22.768496617867346,21.093904,24.74721908569336
2024-04-04 02:00:00,21.717639,24.348161156766864,24.032570599148517,24.395557,25.728469848632812
2024-04-04 03:00:00,20.796875,20.616800606296337,20.294486300274187,20.821426,25.62744903564453
2024-04-04 04:00:00,19.034163,25.477333399484692,19.732217131076407,19.459785,22.308284759521484
2024-04-04 05:00:00,16.003008,23.025958885762535,17.65225288683295,17.156052,21.638973236083984
2024-04-04 06:00:00,7.189056999999999,20.83145404785769,14.336443379464509,12.331571,16.741008758544922
2024-04-04 07:00:00,0.2053789999999999,10.53518101303419,6.344423255330944,5.222394,11.113033294677734
2024-04-04 08:00:00,9.393930999999998,-17.39519444156278,4.355954637663202,7.0501037,8.517658233642578
2024-04-04 09:00:00,37.25970399999999,67.41573534755973,25.909805596781077,28.063131,14.607954025268555
2024-04-04 10:00:00,81.74650399999999,89.20687464846846,65.22952169255758,63.65106,42.86371994018555
2024-04-04 11:00:00,113.379904,137.3597316212569,123.42392717446201,123.59537,63.08722686767578
2024-04-04 12:00:00,105.82381700000003,159.57193165385883,142.10906342487272,148.00146,151.05075073242188
2024-04-04 13:00:00,92.34540799999998,148.02269352512798,99.76768875760881,98.50494,143.57713317871094
2024-04-04 14:00:00,84.027672,138.70987392720042,69.21321323872064,68.83126,91.98926544189453
2024-04-04 15:00:00,78.402752,108.50709500990347,66.23268720719402,69.47293,127.09333801269531
2024-04-04 16:00:00,60.698457000000005,66.13102758570277,41.61751783746526,43.377434,81.60480499267578
2024-04-04 17:00:00,23.639903000000004,35.69698255693531,18.843268517442574,21.371462,24.668537139892578
2024-04-04 18:00:00,19.902511,13.455145495658101,20.733139987063737,19.509779,17.12551498413086
2024-04-04 19:00:00,16.387064000000002,24.15795129401083,17.46395870560829,16.879547,13.785211563110352
2024-04-04 20:00:00,11.697083,8.89395154031088,14.637850449365777,15.055734,14.118349075317383
2024-04-04 21:00:00,7.880599,4.536597083529813,10.669825142699992,10.869832,13.304792404174805
2024-04-04 22:00:00,5.832000000000001,-8.505060177315912,6.917178190892985,7.8201427,10.849271774291992
2024-04-04 23:00:00,5.000210999999999,-11.624127946613697,5.256427489939724,6.102313,12.64068603515625
2024-04-05 00:00:00,7.077887999999999,-10.476237076186578,4.6708038711633035,5.2469606,11.303855895996094
2024-04-05 01:00:00,10.360232000000002,-6.585111064854843,8.172979196954858,8.569554,11.520940780639648
2024-04-05 02:00:00,12.487167999999995,1.4879313732492108,11.981710101830563,12.660983,11.921516418457031
2024-04-05 03:00:00,13.481272,7.493412708700006,13.717098352070488,13.641004,14.378318786621094
2024-04-05 04:00:00,16.003008,15.012554967126448,13.69744442494162,13.618527,13.505697250366211
2024-04-05 05:00:00,18.191447,23.772741548973855,16.906693399648898,15.970081,13.261068344116211
2024-04-05 06:00:00,12.812903999999998,29.461621010710346,16.222649002675418,15.450775,13.498882293701172
2024-04-05 07:00:00,10.077696,33.553210684597516,12.601740990711175,11.244686,12.953977584838867
2024-04-05 08:00:00,17.173512000000002,41.280156002322926,24.797113140366882,18.507093,11.131486892700195
2024-04-05 09:00:00,47.83214699999999,54.472843253178425,39.24683063195249,40.13018,20.989479064941406
2024-04-05 10:00:00,88.121125,97.03955089346881,74.57683167292002,77.20894,54.34727478027344
2024-04-05 11:00:00,136.59087500000004,133.9469808851244,128.95154354708222,139.97667,119.5948486328125
2024-04-05 12:00:00,192.100033,166.04897717662396,180.69732393763468,186.98544,214.76620483398438
2024-04-05 13:00:00,258.474853,193.1834109194795,226.95999548728628,240.51239,255.98672485351562
2024-04-05 14:00:00,315.821241,215.35177981649338,265.9708079618856,279.6984,320.2667541503906
2024-04-05 15:00:00,318.611987,216.08683423467693,321.559481139855,320.79694,355.5809326171875
2024-04-05 16:00:00,270.840023,185.03502140844506,254.868938498884,221.5716,322.40869140625
2024-04-05 17:00:00,83.45345300000001,145.16603702479114,111.34505126807517,110.202896,131.73301696777344
2024-04-05 18:00:00,31.855013,56.953593606112534,39.18461905592169,35.89994,31.080368041992188
2024-04-05 19:00:00,28.372625,37.4431040245545,28.37606738165403,26.938578,24.2557373046875
2024-04-05 20:00:00,22.665187000000003,42.68184464744367,25.37752325956781,26.300962,21.66905975341797
2024-04-05 21:00:00,17.576,32.50578208756632,19.834499673925016,20.553429,19.00657844543457
2024-04-05 22:00:00,15.625,14.699353478322507,15.717672747885592,16.20024,17.554107666015625
2024-04-05 23:00:00,15.252992,6.744881163130671,14.394560325636059,15.143141,14.492494583129883
2024-04-06 00:00:00,15.625,10.69529843119004,14.308510065715616,15.023199,14.285970687866211
2024-04-06 01:00:00,16.387064000000002,8.157328097739025,15.188886753255165,15.850155,16.024675369262695
2024-04-06 02:00:00,18.399744,10.440306217546492,16.221160798505906,16.89159,15.579477310180664
2024-04-06 03:00:00,19.034163,12.9878666620058,19.16724281949081,18.781164,14.423273086547852
2024-04-06 04:00:00,18.609625,13.271202920571525,18.453695489072107,18.36992,14.700443267822266
2024-04-06 05:00:00,17.576,9.08049988649637,17.850037863903744,17.287264,13.739889144897461
2024-04-06 06:00:00,10.503459,10.0821993018167,15.408970095969739,12.920286,13.452142715454102
2024-04-06 07:00:00,6.434856000000001,15.029030421596232,8.626613770003008,12.165975,14.393758773803711
2024-04-06 08:00:00,21.951999999999995,23.066903921659232,35.67433875198565,40.728436,20.850431442260742
2024-04-06 09:00:00,34.64597599999999,71.69325275974295,52.314763422667255,59.814598,29.339614868164062
2024-04-06 10:00:00,51.895117,66.20034924705455,55.77956778807024,56.53559,78.26554870605469
2024-04-06 11:00:00,74.618461,89.7242151939417,68.17748040174803,77.20442,95.43707275390625
2024-04-06 12:00:00,96.702579,111.02903267296408,100.88421955045004,105.10338,132.47354125976562
2024-04-06 13:00:00,115.501303,124.1205430105558,111.40916729238398,113.67358,169.68785095214844
2024-04-06 14:00:00,114.79125600000002,118.86216121910222,122.93916079459807,127.3803,172.3666229248047
2024-04-06 15:00:00,97.33599999999998,99.92962991349943,99.4437598118909,101.76241,173.94256591796875
2024-04-06 16:00:00,79.50699999999999,73.60441814003288,59.5755960183205,60.194313,115.7374267578125
2024-04-06 17:00:00,22.425767999999994,45.539244763034745,23.42205764284076,26.246838,32.79486083984375
2024-04-06 18:00:00,22.425767999999994,-11.906959233310872,21.47073311454885,20.229736,17.641555786132812
2024-04-06 19:00:00,17.984728,11.121395169142588,20.042393725377586,19.386467,13.791934967041016
2024-04-06 20:00:00,12.008989,-8.208596011978258,15.568972936963512,15.356239,18.048730850219727
2024-04-06 21:00:00,9.129328999999998,-6.269793687886647,10.997582861020922,11.554471,16.363847732543945
2024-04-06 22:00:00,8.242408,-10.569330148452238,7.937775945683357,8.880499,14.451805114746094
2024-04-06 23:00:00,9.129328999999998,-10.907457699866882,7.621327497161513,8.56932,15.435304641723633
2024-04-07 00:00:00,11.089567,-1.1978248189796545,9.734542607556081,10.555107,16.65976333618164
2024-04-07 01:00:00,12.649337,-3.3020714740754187,12.397520616771521,12.178736,16.547454833984375
2024-04-07 02:00:00,13.481272,1.1873346251853292,13.386452842762726,12.993807,15.36564826965332
2024-04-07 03:00:00,12.977875,6.382595419908796,13.745854047827002,13.869144,14.537809371948242
2024-04-07 04:00:00,12.008989,8.327545604718907,12.275145010271574,12.383704,12.723949432373047
2024-04-07 05:00:00,11.697083,5.16998508945251,11.19077251448357,10.972307,11.442895889282227
2024-04-07 06:00:00,8.120600999999997,8.280913729483828,10.99198635505585,8.7324915,9.56934928894043
2024-04-07 07:00:00,4.492124999999999,20.972755742510103,7.500501313358919,7.288715,8.608198165893555
2024-04-07 08:00:00,28.094464,15.770587299125836,10.794566037640235,12.516731,11.634958267211914
2024-04-07 09:00:00,46.656000000000006,94.29658689542607,60.79497014965304,66.27546,26.01706886291504
2024-04-07 10:00:00,62.57077300000001,93.31882901938233,66.78043498909472,66.85566,90.94229125976562
2024-04-07 11:00:00,91.125,118.40978696036224,79.58709032852975,88.431,107.41117858886719
2024-04-07 12:00:00,143.05566700000003,146.3819876081617,110.07620162827007,114.48095,146.30813598632812
2024-04-07 13:00:00,204.336469,169.25188642405612,181.55902844186312,189.27339,191.72450256347656
2024-04-07 14:00:00,231.475544,197.7252743028397,227.20231712585402,239.367,268.3097839355469
2024-04-07 15:00:00,222.54501599999995,190.2276696647972,226.6934746797342,240.24944,297.3763122558594
2024-04-07 16:00:00,181.321496,149.57236372378532,167.84309510588693,155.49092,218.4349822998047
2024-04-07 17:00:00,41.781923000000006,117.00041307454866,43.570371952156385,50.713062,52.1785888671875
2024-04-07 18:00:00,25.412184,37.474210205761025,30.58946737154655,28.031908,26.302268981933594
2024-04-07 19:00:00,20.346417,37.719692653367176,21.822066922745144,21.701094,22.06732749938965
2024-04-07 20:00:00,16.003008,16.801242260869344,18.081503548031254,18.475254,23.764785766601562
2024-04-07 21:00:00,13.481272,14.61527425589226,14.274200302255629,15.075797,18.02800941467285
2024-04-07 22:00:00,12.487167999999995,2.0036217341283447,11.876095527268783,13.203399,14.13528060913086
2024-04-07 23:00:00,12.977875,-2.7405731204645463,11.735213177135027,12.370656,16.156383514404297
2024-04-08 00:00:00,13.481272,6.889503838808579,12.731536136919322,13.46192,13.78226089477539
2024-04-08 01:00:00,13.481272,7.20117984591009,13.143760224905835,13.721682,15.681413650512695
2024-04-08 02:00:00,13.651919,4.813821602693039,12.96567325380988,13.800074,14.89546012878418
2024-04-08 03:00:00,13.312053000000002,4.074401809088755,13.21694791435411,13.643705,15.705829620361328
2024-04-08 04:00:00,12.649337,3.911056277991051,12.80675469427486,13.155105,14.444091796875
2024-04-08 05:00:00,11.239424000000003,-2.4734620406906203,11.684976801994239,11.401245,12.541269302368164
2024-04-08 06:00:00,6.434856000000001,-1.6830813103848214,10.083265246129487,8.474172,11.405126571655273
2024-04-08 07:00:00,4.492124999999999,10.546190700761187,5.071923209997474,5.8999414,10.960426330566406
2024-04-08 08:00:00,27.818127,15.144746767352274,32.48763958843655,28.461657,20.44198226928711
2024-04-08 09:00:00,48.627125,88.50503307061858,60.36220355717418,67.45461,39.28146743774414
2024-04-08 10:00:00,77.30877599999998,90.3314238021995,73.41828106287939,76.88398,79.8653564453125
2024-04-08 11:00:00,116.93016899999998,128.03271897798692,114.17487059258553,121.278755,109.09707641601562
2024-04-08 12:00:00,160.98918400000002,159.36010819871274,154.43815770023244,159.52588,179.25051879882812
2024-04-08 13:00:00,207.474688,160.94050695208875,189.62680238747572,196.74051,256.60052490234375
2024-04-08 14:00:00,237.1766590000001,183.73677703275126,222.68117740782054,222.4172,253.74742126464844
2024-04-08 15:00:00,233.744896,193.33154169465723,234.52638258322315,234.30907,292.28759765625
2024-04-08 16:00:00,185.193,161.01120322860464,187.59136086617633,197.2611,233.10398864746094
2024-04-08 17:00:00,42.875,118.8130321026242,49.399305823024434,47.824883,51.54082107543945
2024-04-08 18:00:00,27.818127,35.123197893928634,30.996191013861072,27.118057,27.84624671936035
2024-04-08 19:00:00,23.393656,40.285003355679564,25.04513401724604,24.86452,22.928144454956055
2024-04-08 20:00:00,19.465109,26.065400062358705,19.93929412979017,19.946161,21.713653564453125
2024-04-08 21:00:00,16.003008,24.957742782247422,17.212871957562403,17.911827,19.836650848388672
2024-04-08 22:00:00,12.812903999999998,10.660234451529405,14.514629904867279,15.328231,15.90835952758789
2024-04-08 23:00:00,10.793861,0.5386018243929271,11.347036715241012,11.733172,15.837587356567383
2024-04-09 00:00:00,11.239424000000003,3.712134992207325,9.243701973678355,10.395804,14.779275894165039
2024-04-09 01:00:00,13.144256,4.1228054395291025,11.640374921438521,11.691704,14.450382232666016
2024-04-09 02:00:00,16.387064000000002,7.852647660285854,14.05156316777613,15.865052,14.84835433959961
2024-04-09 03:00:00,18.191447,14.017048610669065,17.72449754987286,17.842579,13.908199310302734
2024-04-09 04:00:00,20.570824000000005,14.869992484723255,18.677521757128357,18.559198,13.790191650390625
2024-04-09 05:00:00,21.717639,17.87937108765847,20.597766041512056,19.909458,12.989072799682617
2024-04-09 06:00:00,12.487167999999995,26.507281130632933,18.710501272550886,17.62257,13.79507827758789
2024-04-09 07:00:00,6.539203000000001,26.893793624904347,12.972002235577504,13.016463,14.438274383544922
2024-04-09 08:00:00,6.539203000000001,29.490288115630293,31.226936606126447,33.39081,20.34552574157715
2024-04-09 09:00:00,23.149125,25.329404746363323,22.878449877756466,31.937471,34.32151794433594
2024-04-09 10:00:00,51.895117,61.85516083225819,47.55871339648616,53.35549,53.88725280761719
2024-04-09 11:00:00,100.54462500000002,98.17860887743997,84.13223271353041,85.72151,89.61539459228516
2024-04-09 12:00:00,171.87961599999997,140.23967390960024,154.68193428510946,158.93822,148.62644958496094
2024-04-09 13:00:00,253.636137,171.99536325989874,227.60075645161737,216.49915,227.68235778808594
2024-04-09 14:00:00,315.821241,214.30336056890872,287.0624518938808,316.92886,308.69427490234375
2024-04-09 15:00:00,327.0827689999999,232.7507394306798,334.5499450363033,335.6846,356.6621398925781
2024-04-09 16:00:00,264.609288,200.91618674604644,254.85434176727978,191.37259,299.1859436035156
2024-04-09 17:00:00,61.629875000000006,159.99962505943512,89.75963014168552,75.88887,82.81304168701172
2024-04-09 18:00:00,30.664297,61.81257168580218,31.874868934790296,34.217384,31.11568260192871
2024-04-09 19:00:00,22.188041,56.97013658524229,26.17504661533133,27.613766,25.475128173828125
2024-04-09 20:00:00,12.326391,41.699435279591384,18.585294085513404,18.935986,24.642330169677734
2024-04-09 21:00:00,6.434856000000001,25.302917979004476,11.204080011711456,11.469992,20.17955780029297
2024-04-09 22:00:00,5.929741000000001,5.394065406078397,4.799370329808102,5.2422414,11.966997146606445
2024-04-09 23:00:00,11.697083,-6.7443448279058344,6.227749236462568,7.0618267,7.951227188110352
2024-04-10 00:00:00,17.373979,14.199014398932036,18.55083997267882,20.071833,9.817434310913086
2024-04-10 01:00:00,20.796875,19.89251499731104,36.97424348431864,23.053682,16.165102005004883
2024-04-10 02:00:00,23.887872,24.283848418564006,24.02090666979861,22.8121,16.09504508972168
2024-04-10 03:00:00,24.137569000000003,31.888089010628434,25.738579027681205,25.537169,15.76502799987793
2024-04-10 04:00:00,23.887872,32.51079564441447,23.867866488723397,23.909075,19.455875396728516
2024-04-10 05:00:00,24.389,27.20974752888729,23.29258891850364,22.070469,17.108976364135742
2024-04-10 06:00:00,15.813250999999996,29.52034684827707,22.499669438373143,20.376465,13.958038330078125
2024-04-10 07:00:00,17.984728,34.81874644656658,14.909499782776972,19.010736,9.949930191040039
2024-04-10 08:00:00,0.085184,60.04362037399535,17.805112068385018,19.139256,16.541942596435547
2024-04-10 09:00:00,0.474552,-32.41229866911448,16.84448601795737,18.872566,30.84305763244629
2024-04-10 10:00:00,6.644671999999999,9.523527018508645,17.047284611754275,18.983213,33.49018096923828
2024-04-10 11:00:00,21.951999999999995,38.0104303738229,24.521602738334142,27.510227,40.04868698120117
2024-04-10 12:00:00,41.781923000000006,66.64715709040983,45.16789346001054,45.38084,68.46902465820312
2024-04-10 13:00:00,58.411072,73.67701899000672,70.1418320885683,60.375023,82.73477172851562
2024-04-10 14:00:00,60.698457000000005,97.52242441947344,71.30256597635443,69.11075,101.48258972167969
2024-04-10 15:00:00,55.306341,90.87741997429906,57.82501808042591,55.495495,105.81074523925781
2024-04-10 16:00:00,46.656000000000006,67.66934219945897,37.36559672288949,34.482864,53.525943756103516
2024-04-10 17:00:00,11.852351999999996,43.41177061488433,16.681705526864885,18.161966,15.989845275878906
2024-04-10 18:00:00,14.706125000000004,-2.7593510688969474,9.380489897242251,9.353019,12.932806015014648
2024-04-10 19:00:00,17.576,22.312940347855672,17.20461795891036,14.52957,10.790763854980469
2024-04-10 20:00:00,19.034163,11.45615402583384,20.005285742327963,19.981155,13.562856674194336
2024-04-10 21:00:00,21.024576,12.226461917033888,18.638523322612215,19.11733,16.987173080444336
2024-04-10 22:00:00,24.642171000000005,5.290368659232783,21.20271489440659,21.129856,23.094032287597656
2024-04-10 23:00:00,27.543608,14.476478136217935,26.138098242856493,26.111712,27.79457664489746
2024-04-11 00:00:00,27.270900999999995,24.796524691433703,28.01938559784618,27.570837,32.1591682434082
2024-04-11 01:00:00,16.194276999999996,21.1856938871437,26.982898007140637,26.627478,32.36748123168945
2024-04-11 02:00:00,6.967870999999999,3.3359297168784963,13.6513821979513,14.466324,25.432891845703125
2024-04-11 03:00:00,4.251528,-3.9786027284603165,4.999721111443895,5.534728,12.843244552612305
2024-04-11 04:00:00,9.938375,-8.35298060395803,3.2413081085937625,3.6182635,6.986476898193359
2024-04-11 05:00:00,21.253933,9.921093825810175,17.174410875129368,14.809591,5.6132049560546875
2024-04-11 06:00:00,30.371328,34.67454591046602,38.76495036157425,31.27097,16.951005935668945
2024-04-11 07:00:00,85.76612100000001,63.16137193631313,37.78439709088786,38.689125,18.423601150512695
2024-04-11 08:00:00,46.26827899999999,148.84734868600412,151.33934588402965,162.80605,27.409725189208984
2024-04-11 09:00:00,23.887872,97.30654409866331,25.801809150136368,28.881762,110.51707458496094
2024-04-11 10:00:00,16.194276999999996,75.17782333918477,18.08273038474053,18.860867,24.422225952148438
2024-04-11 11:00:00,8.120600999999997,52.74011267628494,16.278555893198174,15.104527,15.192283630371094
2024-04-11 12:00:00,5.5452330000000005,18.481907547583504,12.52083508756887,10.582706,24.542190551757812
2024-04-11 13:00:00,9.528128,4.9747409291069715,11.626810798081308,7.802576,25.056638717651367
2024-04-11 14:00:00,6.028568000000001,9.955481155629911,15.822694055503462,14.724311,18.32947540283203
2024-04-11 15:00:00,2.924207,-26.25180473985978,6.2073690767093925,5.765095,21.744792938232422
2024-04-11 16:00:00,17.373979,-39.36776175322336,4.058157672024039,4.3365946,11.501811981201172
2024-04-11 17:00:00,12.008989,31.27118057302117,35.63456641342023,39.0165,7.611139297485352
2024-04-11 18:00:00,17.984728,-5.7536676210348645,7.767499678059288,9.1956,28.880205154418945
2024-04-11 19:00:00,25.412184,4.755392031232915,23.378100374293624,28.323011,16.4074764251709
2024-04-11 20:00:00,25.153757,17.615013807757535,28.708147635385636,30.964079,23.283842086791992
2024-04-11 21:00:00,23.393656,22.253093198991238,23.545784634655693,24.216118,25.95306396484375
2024-04-11 22:00:00,24.642171000000005,17.626899042017556,21.06107949618913,21.593538,27.261302947998047
2024-04-11 23:00:00,27.270900999999995,25.042445720433747,24.65249091302121,25.558546,25.73126792907715
2024-04-12 00:00:00,29.791000000000004,28.578365541126956,28.00318369185304,27.56127,30.407297134399414
2024-04-12 01:00:00,32.15743200000001,25.775435064249805,29.8110863768757,29.175997,31.787899017333984
2024-04-12 02:00:00,33.698267,29.422504782886065,31.61412745388975,31.701084,31.33169174194336
2024-04-12 03:00:00,30.664297,35.231312909683155,33.11465262923402,32.412003,33.22969055175781
2024-04-12 04:00:00,24.389,27.765399563459553,29.31280087743585,29.497753,30.774477005004883
2024-04-12 05:00:00,19.034163,21.801414567608944,21.58048915552365,21.908596,28.092021942138672
2024-04-12 06:00:00,7.414874999999999,19.05821898225382,13.587235377573077,13.01526,17.19106101989746
2024-04-12 07:00:00,4.826809,11.126274032806947,6.357926894977905,7.990622,16.351465225219727
2024-04-12 08:00:00,15.252992,26.86412681078194,10.14631684804403,8.197686,13.033821105957031
2024-04-12 09:00:00,16.194276999999996,59.71039893621979,35.72335851873146,32.47383,18.290056228637695
2024-04-12 10:00:00,24.137569000000003,30.529649637481285,22.63099931268653,16.990547,38.94378662109375
2024-04-12 11:00:00,39.651821000000005,47.41576068027969,38.8856233290386,39.91479,44.93321990966797
2024-04-12 12:00:00,64.96480799999998,71.66896081603598,58.17490795692876,58.974365,68.8375015258789
2024-04-12 13:00:00,97.97218100000002,105.63678367418727,87.5825324940356,92.58532,87.12501525878906
2024-04-12 14:00:00,138.991832,121.35382898307803,117.06096002287,122.670006,144.0416717529297
2024-04-12 15:00:00,124.251499,143.6982627374507,146.3660808467469,145.2946,170.37506103515625
2024-04-12 16:00:00,74.08800000000001,116.33417811921608,91.5689483781439,83.10083,184.46788024902344
2024-04-12 17:00:00,15.069223000000004,62.797459483169675,19.669430963988056,17.952961,43.793975830078125
2024-04-12 18:00:00,13.144256,5.456612074765587,12.228001321317365,11.815939,15.335397720336914
2024-04-12 19:00:00,11.852351999999996,22.428458384824083,11.223289356889838,10.597984,13.244741439819336
2024-04-12 20:00:00,12.166999999999998,3.0829632524088026,11.30341691579163,11.073444,13.307510375976562
2024-04-12 21:00:00,14.348907000000002,13.426083981629603,11.936525309398366,12.869847,12.609838485717773
2024-04-12 22:00:00,16.003008,13.712840944614285,15.526391258744233,16.027607,17.116382598876953
2024-04-12 23:00:00,16.387064000000002,14.503739194297566,16.263160718241192,16.950321,21.75584602355957
2024-04-13 00:00:00,16.003008,22.96809453185095,16.252396401974817,16.644669,22.139331817626953
2024-04-13 01:00:00,14.886936,18.342245857719874,15.729182010866499,15.674986,21.017681121826172
2024-04-13 02:00:00,12.326391,20.62069699469886,14.083517360580577,14.444011,17.938383102416992
2024-04-13 03:00:00,13.481272,13.973825481869596,11.161404768339365,11.020943,15.329019546508789
2024-04-13 04:00:00,22.425767999999994,13.317567517124857,13.780699658773333,13.838056,11.050945281982422
2024-04-13 05:00:00,30.371328,28.372920084758803,36.72044825434285,32.704014,12.244468688964844
2024-04-13 06:00:00,21.484952,44.19561929436394,36.63847118703938,34.386135,16.30451011657715
2024-04-13 07:00:00,30.664297,39.92032356379961,16.857252112627403,15.527457,17.022165298461914
2024-04-13 08:00:00,7.529535999999999,73.49924866496436,40.840320243064205,41.936615,14.30337905883789
2024-04-13 09:00:00,28.372625,10.484630462451832,13.977305193306368,5.677754,25.76662826538086
2024-04-13 10:00:00,54.439939,82.83748565356926,70.56419578068935,72.347534,25.525564193725586
2024-04-13 11:00:00,75.15144799999999,100.2742982350204,80.30514580604812,83.8802,89.01231384277344
2024-04-13 12:00:00,79.50699999999999,115.57267951914504,99.126549594874,100.657845,126.28941345214844
2024-04-13 13:00:00,80.62156800000001,115.78849439830422,76.7421603232354,75.07061,134.1805877685547
2024-04-13 14:00:00,73.56005900000002,92.8080354870463,74.53345376434773,79.304474,116.70689392089844
2024-04-13 15:00:00,70.444997,64.05997848764663,59.97758710846096,58.64079,113.07864379882812
2024-04-13 16:00:00,72.511713,49.33469418917916,35.705789239414806,47.59918,68.86691284179688
2024-04-13 17:00:00,34.012224,43.444496836595434,27.435614968913427,33.26978,31.62886619567871
2024-04-13 18:00:00,24.897088,18.280102334473142,20.00258343837836,21.813185,21.892478942871094
2024-04-13 19:00:00,28.934442999999995,33.22417060233913,20.84305984598396,21.715042,13.682292938232422
2024-04-13 20:00:00,21.484952,43.127164388069545,28.373347270825892,31.715052,14.359521865844727
2024-04-13 21:00:00,14.706125000000004,26.180354548657633,17.695942003076297,18.594631,21.730783462524414
2024-04-13 22:00:00,12.166999999999998,13.196837911979372,13.29834751155043,13.281756,17.060970306396484
2024-04-13 23:00:00,16.003008,7.0681878443519395,11.218460009868929,11.740781,14.339471817016602
2024-04-14 00:00:00,20.570824000000005,18.71155439770672,17.70108324663188,17.809706,15.20645523071289
2024-04-14 01:00:00,14.348907000000002,14.720380282032465,23.133569206561265,22.578152,20.004547119140625
2024-04-14 02:00:00,3.796416,0.8264503254966797,13.087005321040927,13.215827,17.960769653320312
2024-04-14 03:00:00,4.096000000000001,-16.32603493879732,2.588373161798095,3.7744713,11.285232543945312
2024-04-14 04:00:00,9.663596999999998,2.791370974398177,4.5443249399721415,4.4221754,5.288440704345703
2024-04-14 05:00:00,9.528128,23.050263128431467,15.2168582075823,15.387457,7.396781921386719
2024-04-14 06:00:00,9.663596999999998,19.010631422753818,9.691747309555586,11.660533,16.372522354125977
2024-04-14 07:00:00,2.1466890000000003,20.158696890891193,10.315606553406072,14.933057,19.591567993164062
2024-04-14 08:00:00,4.912999999999999,-33.82599477567206,3.3529667456927847,8.603652,24.5218448638916
2024-04-14 09:00:00,48.22854400000001,8.680747779159589,18.987046757359458,18.083384,27.61618423461914
2024-04-14 10:00:00,73.03463199999999,114.44898093467721,83.82290726884592,103.21009,38.3277473449707
2024-04-14 11:00:00,86.350888,109.60830298014072,94.7091326046308,95.8819,120.97700500488281
2024-04-14 12:00:00,80.62156800000001,116.58879448315547,92.09549026978186,89.30712,46.99916076660156
2024-04-14 13:00:00,63.52119900000001,111.18131504464286,73.31094507838593,76.9455,45.130706787109375
2024-04-14 14:00:00,45.882712000000005,88.02103331476182,51.89372704813451,46.52165,46.563323974609375
2024-04-14 15:00:00,44.73887499999999,60.766259946799536,32.59052424832322,29.186512,47.160953521728516
2024-04-14 16:00:00,42.50854900000001,39.844810965181054,35.97998282157678,38.632793,41.48867416381836
2024-04-14 17:00:00,13.651919,39.60693401950245,20.702992065242043,21.553608,25.899686813354492
2024-04-14 18:00:00,7.880599,15.42075413995127,10.215928353802154,8.763657,9.563573837280273
2024-04-14 19:00:00,11.697083,20.8518889432237,6.12648365986492,6.3099127,4.692234039306641
2024-04-14 20:00:00,15.069223000000004,25.574306956951673,13.868465579820715,14.448061,7.4213104248046875
2024-04-14 21:00:00,19.034163,25.43677144753245,17.101536677772334,16.94265,10.234560012817383
2024-04-14 22:00:00,19.902511,28.682742117133117,20.589238228140285,20.046795,11.785211563110352
2024-04-14 23:00:00,18.191447,26.105684169148404,19.852075980156677,19.795876,16.94599151611328
2024-04-15 00:00:00,19.902511,27.149704383990084,16.585693515113554,17.628206,16.84149169921875
2024-04-15 01:00:00,23.393656,34.10023620114448,19.991270032545387,19.719208,14.537343978881836
2024-04-15 02:00:00,25.153757,38.775248002944366,24.39564612824118,23.975964,17.706289291381836
2024-04-15 03:00:00,25.67237500000001,37.55792164313543,24.8144083296197,24.951422,15.993284225463867
2024-04-15 04:00:00,26.463592,46.42993694698332,24.164472138538336,23.674871,13.156526565551758
2024-04-15 05:00:00,23.887872,51.50518172644867,24.813055879501512,25.19823,14.994430541992188
2024-04-15 06:00:00,11.852351999999996,52.21934376409767,20.364848747756938,19.889505,18.451759338378906
2024-04-15 07:00:00,15.252992,36.85440951222647,10.571601556461676,10.710172,21.3575496673584
2024-04-15 08:00:00,30.371328,63.63845505768272,16.149650446359654,16.635405,13.970417022705078
2024-04-15 09:00:00,59.319,81.46586804043882,52.344572811854526,48.268566,24.861600875854492
2024-04-15 10:00:00,102.50323199999998,108.48061928106993,79.22156847343625,78.40679,36.07973098754883
2024-04-15 11:00:00,139.79835900000003,143.55632116961186,131.4471682934411,143.38847,68.42352294921875
2024-04-15 12:00:00,165.46914900000002,163.41044774525125,172.7861779336703,160.57112,154.2293701171875
2024-04-15 13:00:00,154.854153,173.55930400142137,163.76438822722693,173.10966,213.30641174316406
2024-04-15 14:00:00,107.171875,163.03168254195077,130.3277676575487,131.14792,227.82659912109375
2024-04-15 15:00:00,61.629875000000006,120.21173310995691,51.10031777133785,47.093044,130.67221069335938
2024-04-15 16:00:00,19.248832000000004,81.67855269231045,22.859199190535946,24.08203,56.32598114013672
2024-04-15 17:00:00,1.815848,17.02671828203175,10.051353627962179,12.28095,29.966903686523438
2024-04-15 18:00:00,0.912673,-23.064471363170043,5.893193917290749,9.743443,6.731357574462891
2024-04-15 19:00:00,3.176523,-8.116194698859388,1.3395249687258213,3.0433455,2.9595870971679688
2024-04-15 20:00:00,4.096000000000001,6.442069924069173,7.7704674199318875,6.4825673,1.1277923583984375
2024-04-15 21:00:00,2.8632879999999994,0.024648558189809933,5.646199424104279,5.1157618,6.440032958984375
2024-04-15 22:00:00,1.815848,-14.891236233186987,2.712860525376677,3.4448528,6.4026947021484375
2024-04-15 23:00:00,0.778688,-15.27148296833235,1.8353771595792043,2.50954,3.394725799560547
2024-04-16 00:00:00,0.287496,-19.526977281736592,0.9077485945062981,1.5618113,2.3291664123535156
2024-04-16 01:00:00,0.531441,-26.512746340954237,0.6911084368370096,0.9937529,2.2684555053710938
2024-04-16 02:00:00,1.685159,-19.592948787494123,1.4975402754033942,1.6235061,0.9548835754394531
2024-04-16 03:00:00,2.000376,-7.047589172800528,3.5221440838724787,3.81563,3.3174896240234375
2024-04-16 04:00:00,1.860867,-17.267676196371113,2.488650932932513,2.4984927,3.5865249633789062
2024-04-16 05:00:00,2.097152,-24.5000391692478,2.281034240546766,2.262589,3.613616943359375
2024-04-16 06:00:00,1.3310000000000004,-20.027915797212046,2.617409253385101,1.5863448,3.0014381408691406
2024-04-16 07:00:00,0.970299,-19.83236544627563,2.308506040037058,3.1033094,4.549840927124023
2024-04-16 08:00:00,18.399744,-20.4034972605118,3.7946242862181645,7.3955626,5.107322692871094
2024-04-16 09:00:00,30.959144,72.7472188689173,47.16753348782219,45.390015,10.26546859741211
2024-04-16 10:00:00,50.653000000000006,72.45394860683514,40.545775194875,39.37368,61.794944763183594
2024-04-16 11:00:00,71.991296,104.63788264816772,66.27927380305748,66.04443,52.455078125
2024-04-16 12:00:00,107.850176,127.08451866520137,90.57451913891686,93.36969,89.71121215820312
2024-04-16 13:00:00,144.703125,152.8389128299495,128.3621210691535,127.7059,121.7415771484375
2024-04-16 14:00:00,175.61599999999996,164.73852431653944,163.47508871244486,166.58548,204.50941467285156
2024-04-16 15:00:00,182.284263,164.24023488586033,167.68012939457003,174.41066,207.21531677246094
2024-04-16 16:00:00,183.250432,142.37291032709817,136.33099514179554,145.2315,218.8240203857422
2024-04-16 17:00:00,99.252847,129.00269205013012,85.33130779310717,83.09093,102.11856079101562
2024-04-16 18:00:00,25.934336,81.02433276048554,29.036650271291848,25.406494,26.273317337036133
2024-04-16 19:00:00,26.463592,20.30854020579197,21.136420884692487,22.43638,22.02309226989746
2024-04-16 20:00:00,30.371328,45.47044890819295,24.701567019133194,24.534952,16.904314041137695
2024-04-16 21:00:00,34.012224,44.96324748895991,28.825475436125856,29.215647,17.207351684570312
2024-04-16 22:00:00,35.28755199999999,41.140824170573936,31.72756279844823,32.06737,18.334455490112305
2024-04-16 23:00:00,27.0,38.141546598672775,33.89582330774292,35.272324,17.747602462768555
2024-04-17 00:00:00,17.576,22.57752455570757,23.389999286214792,24.668762,21.562721252441406
2024-04-17 01:00:00,14.172488,10.233736431835098,14.998961785642717,15.588236,20.198875427246094
2024-04-17 02:00:00,12.812903999999998,10.88102862606381,12.303754662950373,12.791078,14.15389633178711
2024-04-17 03:00:00,11.697083,7.07966701255765,11.648981903553011,12.234079,13.249347686767578
2024-04-17 04:00:00,9.393930999999998,-2.1331587639567573,11.14284250425249,12.544428,11.778226852416992
2024-04-17 05:00:00,6.967870999999999,-13.274227261127123,8.523280931628767,9.999515,15.791372299194336
2024-04-17 06:00:00,12.812903999999998,-13.65221210308772,5.707410235677266,6.007098,15.037981033325195
2024-04-17 07:00:00,91.125,32.69638976081258,15.056327088557289,24.953873,24.394153594970703
2024-04-17 08:00:00,131.09651200000002,174.4618080928493,167.0093145539296,189.72234,92.49851989746094
2024-04-17 09:00:00,127.263527,178.47521624546994,175.768528838713,159.43024,215.15133666992188
2024-04-17 10:00:00,134.217728,176.34824812909488,118.13768587102746,104.31494,132.99856567382812
2024-04-17 11:00:00,131.87222899999998,183.25122227241803,133.7146601746096,126.619865,161.55474853515625
2024-04-17 12:00:00,105.154048,169.53317254259827,123.50949351875026,137.58804,248.16555786132812
2024-04-17 13:00:00,127.263527,136.60302432831952,92.70456793937883,100.866905,186.43434143066406
2024-04-17 14:00:00,203.297472,136.01561331945373,133.3725278876532,133.49777,146.0855712890625
2024-04-17 15:00:00,225.866529,163.6530118171235,211.77702423080828,211.69107,243.3939971923828
2024-04-17 16:00:00,198.155287,142.1376261373133,190.56734898170643,186.47458,278.9283752441406
2024-04-17 17:00:00,96.702579,96.21049267261019,85.85282737761611,84.11907,148.83139038085938
2024-04-17 18:00:00,28.934442999999995,33.19942029856027,30.10913894189644,31.014933,27.237030029296875
2024-04-17 19:00:00,22.665187000000003,2.549229728135856,25.62606600394102,26.493694,21.021055221557617
2024-04-17 20:00:00,20.346417,40.159408031451974,19.71005912256412,19.549038,18.314350128173828
2024-04-17 21:00:00,19.683000000000003,44.688592213936815,18.525859250461785,18.917873,18.286178588867188
2024-04-17 22:00:00,19.034163,36.08161207183561,19.34889605331625,19.80523,20.622516632080078
2024-04-17 23:00:00,17.779580999999997,27.829175784681823,18.12660350035545,18.821308,19.609209060668945
2024-04-18 00:00:00,14.172488,23.09145662240364,16.621357160532185,17.402555,19.54086685180664
2024-04-18 01:00:00,12.649337,18.30387501498808,12.370799181087797,12.879334,19.952539443969727
2024-04-18 02:00:00,12.487167999999995,27.080904599029097,11.538779861712573,11.621916,16.223434448242188
2024-04-18 03:00:00,11.239424000000003,27.548278167155004,11.994689150635704,12.221365,14.309951782226562
2024-04-18 04:00:00,10.793861,20.467544638374292,10.36664914382812,10.4395,11.200210571289062
2024-04-18 05:00:00,11.543175999999995,13.255381687286814,9.923554508153856,9.914351,8.123239517211914
2024-04-18 06:00:00,7.077887999999999,10.124046110366734,12.051567472493305,10.414305,7.2540130615234375
2024-04-18 07:00:00,33.38624800000001,11.076499458179498,6.246189983568955,13.134114,10.132162094116211
2024-04-18 08:00:00,104.487111,105.7032904665531,69.33741960289834,79.31692,20.513988494873047
2024-04-18 09:00:00,119.82315699999998,175.82109320651432,161.9866730368949,153.47162,136.7572784423828
2024-04-18 10:00:00,131.09651200000002,168.69130312187946,129.76138060694254,142.53575,191.4575958251953
2024-04-18 11:00:00,152.273304,178.1337692250296,143.68673735479,141.10771,203.8428955078125
2024-04-18 12:00:00,163.66732299999998,190.2906650003273,167.93606455042465,175.42323,208.57156372070312
2024-04-18 13:00:00,147.19795200000002,177.90544669856752,161.7035990080787,162.25436,219.942138671875
2024-04-18 14:00:00,124.251499,153.6670202107494,137.75703242079211,141.07278,222.5296630859375
2024-04-18 15:00:00,94.196375,130.4762663984398,93.41456305733465,85.58489,164.64227294921875
2024-04-18 16:00:00,64.96480799999998,88.00035819724609,66.8154865420852,61.952103,159.9561767578125
2024-04-18 17:00:00,16.777216,44.75493159785135,18.064000488806712,19.480124,46.537818908691406
2024-04-18 18:00:00,8.869742999999998,-10.82582975508906,11.72001991237972,12.089081,11.19682502746582
2024-04-18 19:00:00,9.129328999999998,-15.768762514406177,6.544293562057594,6.7117224,7.216392517089844
2024-04-18 20:00:00,15.252992,-12.53456253922181,9.921661296127471,9.876076,12.12801742553711
2024-04-18 21:00:00,22.906303999999995,16.141204670193474,18.72361684435198,19.075882,9.616966247558594
2024-04-18 22:00:00,29.218112,24.031261912021634,27.731848675602656,28.552162,19.360490798950195
2024-04-18 23:00:00,34.012224,38.59162315045087,32.09908237392442,33.54611,29.17221450805664
2024-04-19 00:00:00,36.594368,54.60476590675644,34.7347883146409,33.551693,30.783376693725586
2024-04-19 01:00:00,36.594368,52.89878145337299,37.25492378230513,36.17789,31.58872413635254
2024-04-19 02:00:00,35.28755199999999,55.224928111329504,34.248455044934424,35.4331,33.1910514831543
2024-04-19 03:00:00,33.076161,50.4435177071165,31.49102483922516,33.795662,31.0356388092041
2024-04-19 04:00:00,31.255875,44.08710640615267,30.633451750366444,30.516802,30.15052604675293
2024-04-19 05:00:00,29.503629,39.98027931756066,30.44934735050616,29.585657,28.722593307495117
2024-04-19 06:00:00,21.253933,41.28984803673491,27.885662494586033,26.44272,21.93526840209961
2024-04-19 07:00:00,42.875,48.65230793144549,17.90992065202132,26.336216,21.688371658325195
2024-04-19 08:00:00,32.461759,91.87633928260901,79.90447942918343,72.88876,19.88564682006836
2024-04-19 09:00:00,73.56005900000002,52.31858153083776,26.114153748292654,25.964579,23.728031158447266
2024-04-19 10:00:00,145.53157599999997,120.27065904352692,108.04813777183226,106.39033,30.95478630065918
2024-04-19 11:00:00,244.140625,171.34198270071846,196.62775496013091,228.95502,141.80067443847656
2024-04-19 12:00:00,343.0,219.50611636950134,323.85368235453217,334.74106,269.3355712890625
2024-04-19 13:00:00,395.446904,250.84191796506974,398.40232085640906,420.4577,413.463134765625
2024-04-19 14:00:00,416.83272299999993,252.9605272575855,412.3258253655947,422.48083,453.4117126464844
2024-04-19 15:00:00,387.420489,242.36500730516485,371.89037021115456,376.32443,415.55596923828125
2024-04-19 16:00:00,283.59339300000005,197.72475033374536,276.83378465108336,290.97113,391.1564636230469
2024-04-19 17:00:00,75.68696700000002,157.9003373581038,88.0222293049772,86.54083,130.539794921875
2024-04-19 18:00:00,26.730899000000004,85.67173252999974,33.60191961049761,32.417877,27.711223602294922
2024-04-19 19:00:00,21.951999999999995,69.9123945169304,23.46130566139833,23.363909,22.621767044067383
2024-04-19 20:00:00,12.166999999999998,68.45125188320044,20.08250212234295,19.749933,20.446762084960938
2024-04-19 21:00:00,2.924207,40.20372595435886,12.425979643989674,10.8696,17.491918563842773
2024-04-19 22:00:00,0.008,-3.8743809740428645,2.314309619195845,6.663068,8.139421463012695
2024-04-19 23:00:00,1.771561,-57.040760389696764,1.7238377249732002,3.8502095,3.8323135375976562
2024-04-20 00:00:00,4.173281000000001,7.129450976511862,6.823371186404825,4.8209662,0.7140388488769531
2024-04-20 01:00:00,3.796416,-2.423096697339332,7.236327834910249,8.417922,29.158737182617188
2024-04-20 02:00:00,1.771561,-8.596513825887442,4.541293962246738,5.2378273,9.724531173706055
2024-04-20 03:00:00,0.300763,-20.631672682795312,1.7297266061154968,1.7075236,5.8486328125
2024-04-20 04:00:00,0.0297909999999999,-35.29372163842399,0.9009758676143452,1.2556857,2.8997268676757812
2024-04-20 05:00:00,0.5717869999999999,-47.12806241138963,0.7874023192208898,0.76559615,3.150341033935547
2024-04-20 06:00:00,1.092727,-25.49705529781457,1.8476514947700917,2.4198496,2.9870834350585938
2024-04-20 07:00:00,8.998912,-1.8152624507478947,4.037135509051114,5.9724803,9.752944946289062
2024-04-20 08:00:00,26.730899000000004,49.85227939357476,31.224253207050705,37.042747,13.984310150146484
2024-04-20 09:00:00,48.22854400000001,89.76266266445693,43.822939848524655,42.645042,81.56314849853516
2024-04-20 10:00:00,70.95794399999998,114.1087250999205,73.00541299296512,69.85527,71.1647720336914
2024-04-20 11:00:00,106.49642400000002,132.31862394631293,94.9605562955335,98.782005,98.47957611083984
2024-04-20 12:00:00,140.608,155.8220246286694,133.59347662268638,130.56093,147.6572265625
2024-04-20 13:00:00,160.10300699999996,165.5203890170531,164.69068550462754,161.37923,187.05859375
2024-04-20 14:00:00,151.41943700000002,167.06990452882167,163.8000328014841,160.14017,190.8429718017578
2024-04-20 15:00:00,127.263527,145.03651305426422,129.51144442649255,139.73091,186.87161254882812
2024-04-20 16:00:00,103.16170900000004,103.74323416207169,82.0555413542184,84.65679,155.78082275390625
2024-04-20 17:00:00,44.361864,71.16277532158328,32.588679909394635,35.991528,53.660945892333984
2024-04-20 18:00:00,16.581374999999998,26.188057993938216,16.36721606789034,17.320242,15.491649627685547
2024-04-20 19:00:00,17.373979,2.1076390566943672,15.287703279715293,13.682575,11.19603157043457
2024-04-20 20:00:00,15.438249000000004,15.351080730163915,16.729914209589598,15.68509,11.84123420715332
2024-04-20 21:00:00,12.977875,9.67739485536137,13.849005613591844,14.576539,10.570268630981445
2024-04-20 22:00:00,10.941048000000002,6.053367464993414,11.596410166234413,12.276261,8.618270874023438
2024-04-20 23:00:00,9.938375,3.0146737999385778,9.71926471213928,10.40959,12.249988555908203
2024-04-21 00:00:00,10.077696,5.107296373701246,9.386717820056623,10.013663,11.743108749389648
2024-04-21 01:00:00,11.239424000000003,3.1100108560105895,10.03838410524099,10.142899,10.528532028198242
2024-04-21 02:00:00,12.487167999999995,4.592413024777457,11.883531000488738,11.507959,11.071014404296875
2024-04-21 03:00:00,11.543175999999995,4.528039222182926,12.926453751585523,12.855216,11.498573303222656
2024-04-21 04:00:00,7.880599,2.4410102349414444,10.692803257810505,10.81425,10.984472274780273
2024-04-21 05:00:00,3.375,-3.421370913328815,7.071628558362108,7.011471,8.238325119018555
2024-04-21 06:00:00,1.7279999999999998,-10.054511653132678,2.704715617248544,2.8706322,5.797767639160156
2024-04-21 07:00:00,1.5208749999999998,7.308528523157548,5.187193602920135,7.2657695,8.352493286132812
2024-04-21 08:00:00,9.528128,6.737953439970823,12.8787396911215,12.743708,28.39107894897461
2024-04-21 09:00:00,24.137569000000003,46.651035774381555,23.622708156816824,26.799799,38.81147766113281
2024-04-21 10:00:00,46.26827899999999,63.49334626355413,44.36682122318556,45.02295,50.45752716064453
2024-04-21 11:00:00,73.03463199999999,98.85736082159853,70.3453753234518,73.069145,77.75043487548828
2024-04-21 12:00:00,103.16170900000004,131.81049614384528,102.00908635226239,100.51862,109.70098876953125
2024-04-21 13:00:00,138.991832,156.03855506803876,126.9399799994548,124.735634,148.02584838867188
2024-04-21 14:00:00,163.66732299999998,172.4592156528907,157.658872626105,154.27232,170.5977783203125
2024-04-21 15:00:00,172.80869300000003,164.657753337281,154.82056033727514,156.832,208.68357849121094
2024-04-21 16:00:00,150.56876800000003,139.2599245159285,97.32592657140205,108.907326,193.5420379638672
2024-04-21 17:00:00,66.92341599999997,102.82915800266689,56.33563212585782,56.078022,85.87440490722656
2024-04-21 18:00:00,17.779580999999997,45.82206280335153,19.539296925194567,20.390873,21.630237579345703
2024-04-21 19:00:00,16.387064000000002,13.166817273885172,15.007575477586027,15.944409,17.54889678955078
2024-04-21 20:00:00,12.166999999999998,30.35832309408427,14.658284309044252,14.053901,15.324056625366211
2024-04-21 21:00:00,7.880599,13.518548570646118,11.087976280044618,11.450184,14.192424774169922
2024-04-21 22:00:00,5.6397520000000005,-4.166515628481676,6.848489299303177,7.629938,10.985347747802734
2024-04-21 23:00:00,5.735339000000001,-8.436863973316775,5.137718364425804,5.6574054,8.739175796508789
2024-04-22 00:00:00,7.645372999999999,-3.0801788838116835,6.331603204569668,6.8882103,7.537227630615234
2024-04-22 01:00:00,11.089567,4.125508576083959,8.925624023333274,8.417953,9.893949508666992
2024-04-22 02:00:00,16.387064000000002,15.103204636144454,12.949349158627003,12.988048,10.248851776123047
2024-04-22 03:00:00,20.123648000000003,28.281673771803938,19.958447279468288,20.184755,15.243989944458008
2024-04-22 04:00:00,18.399744,34.91654874088694,23.283988532488788,22.845015,14.540685653686523
2024-04-22 05:00:00,13.312053000000002,24.730847749974274,16.86826303695933,17.384531,18.184024810791016
2024-04-22 06:00:00,4.826809,15.044663511896331,11.345967148047755,11.879313,11.947978973388672
2024-04-22 07:00:00,2.097152,10.816800623681246,3.6801713917768435,8.753371,10.924697875976562
2024-04-22 08:00:00,28.094464,15.462391957840623,8.943657181154169,9.398104,18.037294387817383
2024-04-22 09:00:00,62.57077300000001,104.8043910152508,63.99571845461978,72.158554,34.26963806152344
2024-04-22 10:00:00,85.76612100000001,120.65949444439956,99.70059018152675,106.80655,88.90060424804688
2024-04-22 11:00:00,98.611128,137.77701134947677,114.7796517055796,114.05664,133.44874572753906
2024-04-22 12:00:00,112.678587,147.04960635283305,101.74925507718133,108.58926,152.31536865234375
2024-04-22 13:00:00,127.263527,154.4923017674376,115.9963837245337,118.52997,153.84730529785156
2024-04-22 14:00:00,131.87222899999998,150.95702515214202,130.72987324679013,136.38011,197.39414978027344
2024-04-22 15:00:00,127.263527,125.81065040689872,120.70216068438607,122.95493,175.7182159423828
2024-04-22 16:00:00,110.59199999999998,95.07189836574422,95.09258552660413,95.188736,147.85108947753906
2024-04-22 17:00:00,45.499293,69.87079159063332,30.887850680473207,36.639168,67.55387115478516
2024-04-22 18:00:00,20.346417,25.55168654899235,18.745303741690442,21.976686,18.538814544677734
2024-04-22 19:00:00,21.253933,11.474028279714986,17.854153707521466,17.849567,14.490400314331055
2024-04-22 20:00:00,17.373979,15.75923900055902,20.281263568731458,20.130703,16.360153198242188
2024-04-22 21:00:00,14.706125000000004,7.457104923666449,15.565553308858025,16.656422,15.692779541015625
2024-04-22 22:00:00,14.526784,1.2681601909891356,13.698246070477907,14.2560425,12.365806579589844
2024-04-22 23:00:00,15.252992,3.015514193629258,14.073431268304475,14.99815,16.222694396972656
2024-04-23 00:00:00,15.252992,10.5185533777545,14.705195771970775,15.584373,22.684349060058594
2024-04-23 01:00:00,14.706125000000004,6.274303084024112,14.263943149302408,14.956152,20.802305221557617
2024-04-23 02:00:00,14.706125000000004,6.058752239764814,13.950367251101254,14.530434,17.430644989013672
2024-04-23 03:00:00,13.651919,9.002476130434118,14.162621360638406,14.675207,13.84536361694336
2024-04-23 04:00:00,11.543175999999995,11.085436418166438,12.930497185337412,12.588449,11.884162902832031
2024-04-23 05:00:00,8.998912,9.935663042769534,10.174143001913256,9.754681,10.177360534667969
2024-04-23 06:00:00,4.096000000000001,10.937439821927157,7.592332120495453,7.231371,8.373884201049805
2024-04-23 07:00:00,0.085184,15.410448839295881,7.218580141018675,6.990881,9.489429473876953
2024-04-23 08:00:00,24.137569000000003,-11.715944767304165,13.93952149430436,17.213543,30.765518188476562
2024-04-23 09:00:00,57.066625,122.0400585078849,70.7330777540408,67.01981,36.59261703491211
2024-04-23 10:00:00,91.733851,120.88546625605021,93.68995739335708,91.99615,87.02134704589844
2024-04-23 11:00:00,125.0,148.2560556870019,127.72273643870291,130.92117,122.78326416015625
2024-04-23 12:00:00,153.13037499999996,175.31094500666524,151.33080864332905,159.8609,176.66754150390625
2024-04-23 13:00:00,159.220088,198.20075594530402,169.44592416335135,170.11194,218.28872680664062
2024-04-23 14:00:00,158.34042100000002,188.37477852197247,153.39592792756383,157.22531,257.498291015625
2024-04-23 15:00:00,134.217728,145.64776128356237,131.22375315779502,129.86006,196.48158264160156
2024-04-23 16:00:00,95.44399300000002,112.96162724253706,64.83730851082841,67.42412,154.81228637695312
2024-04-23 17:00:00,33.076161,80.23517265236184,22.950172867744186,24.943274,30.629545211791992
2024-04-23 18:00:00,14.886936,27.91419849750723,17.777579350511523,19.553268,21.786415100097656
2024-04-23 19:00:00,15.813250999999996,16.771540131604723,13.346484985680277,13.0169325,16.469144821166992
2024-04-23 20:00:00,13.481272,16.378248786863495,14.805288965187168,14.504079,15.424327850341797
2024-04-23 21:00:00,12.166999999999998,2.2340407790033368,11.884167768193219,13.26446,12.175857543945312
2024-04-23 22:00:00,12.326391,-4.5197694774955295,11.4067843842912,12.122824,9.887701034545898
2024-04-23 23:00:00,12.977875,0.5217905526767765,12.035922763338103,12.97473,16.35637855529785
2024-04-24 00:00:00,14.172488,6.40208451759203,12.815365347899997,13.624296,17.508766174316406
2024-04-24 01:00:00,15.625,2.8312722776749837,14.002040251061382,14.399862,15.443841934204102
2024-04-24 02:00:00,15.069223000000004,6.0915550722737635,15.716419075168583,16.713701,15.08650016784668
2024-04-24 03:00:00,13.997521000000004,6.636536615468984,14.22816048607756,14.844973,14.552133560180664
2024-04-24 04:00:00,11.852351999999996,3.2825445361181664,12.450659425501364,13.012987,11.428377151489258
2024-04-24 05:00:00,10.077696,-2.9650934415899854,10.925830312381706,10.670672,11.145927429199219
2024-04-24 06:00:00,5.929741000000001,-1.1530743715838128,8.395318258988848,8.344908,8.483665466308594
2024-04-24 07:00:00,1.0612080000000002,6.64569817720259,7.112032839138945,8.328666,13.841144561767578
2024-04-24 08:00:00,4.492124999999999,-9.135744127551149,19.94724936087219,19.681702,36.262271881103516
2024-04-24 09:00:00,15.625,20.203654196185553,16.77997226706738,15.4256935,39.1948127746582
2024-04-24 10:00:00,36.264691,39.07810379016736,34.64258879924098,35.319084,47.4409294128418
2024-04-24 11:00:00,61.162984,75.93845848702132,57.74893397247924,62.191868,66.54471588134766
2024-04-24 12:00:00,83.45345300000001,103.9266199204181,86.16734550211366,88.52639,99.17880249023438
2024-04-24 13:00:00,91.125,115.01730394991135,101.42946323147866,99.20696,129.19561767578125
2024-04-24 14:00:00,82.31287499999998,120.91100157988122,90.03732450382977,93.438034,150.60923767089844
2024-04-24 15:00:00,64.96480799999998,105.49427882592546,66.45290565562837,64.61712,112.80126953125
2024-04-24 16:00:00,45.882712000000005,75.2116315089656,39.37144338901964,42.71024,64.49366760253906
2024-04-24 17:00:00,17.779580999999997,46.383442989638056,15.795319502701448,18.870872,14.264307022094727
2024-04-24 18:00:00,8.998912,17.443319614874397,11.600602596083176,11.203591,12.402116775512695
2024-04-24 19:00:00,8.998912,13.173362112715168,7.333467482393894,7.304427,9.292243957519531
2024-04-24 20:00:00,8.869742999999998,9.238431071918228,8.981955925926327,9.214008,10.76375961303711
2024-04-24 21:00:00,10.503459,-0.5965323734797465,8.396632507975845,9.024618,9.717802047729492
2024-04-24 22:00:00,12.977875,-3.8644491171503716,11.334940118771167,11.712846,9.786056518554688
2024-04-24 23:00:00,16.387064000000002,3.337767503960137,14.515178656328647,14.856297,18.480518341064453
2024-04-25 00:00:00,19.902511,17.01456299231141,17.71383120396775,17.470047,18.712934494018555
2024-04-25 01:00:00,22.425767999999994,17.075482070321,22.537109041694197,21.086725,18.239870071411133
2024-04-25 02:00:00,22.665187000000003,21.65135509034924,23.231730785281638,23.472946,18.958803176879883
2024-04-25 03:00:00,20.570824000000005,20.03909863750657,22.794285285220955,22.502792,19.025768280029297
2024-04-25 04:00:00,17.779580999999997,15.927646587918844,18.645516693239866,18.819628,14.031854629516602
2024-04-25 05:00:00,14.172488,11.271053072770783,15.738321771973775,15.505847,11.026294708251953
2024-04-25 06:00:00,7.880599,9.970472430343449,12.31105411776985,12.058418,8.12286376953125
2024-04-25 07:00:00,4.330746999999999,15.043745165717823,5.993199908476617,8.025553,8.952508926391602
2024-04-25 08:00:00,21.253933,15.705980082528768,8.896917035297692,14.206804,15.05794906616211
2024-04-25 09:00:00,38.272753,71.8659288795189,47.47197361645103,48.40651,26.566516876220703
2024-04-25 10:00:00,64.0,78.92591167356231,60.12449463347334,57.232685,63.805118560791016
2024-04-25 11:00:00,105.154048,108.93779810914457,91.6296841984757,98.72536,88.51805114746094
2024-04-25 12:00:00,160.98918400000002,146.0321187813808,143.55632224355634,147.57207,130.01821899414062
2024-04-25 13:00:00,218.167208,176.30438434750891,202.06817492711204,202.75009,208.13519287109375
2024-04-25 14:00:00,240.641848,209.012068407438,235.25930397352474,246.84439,274.4029541015625
2024-04-25 15:00:00,222.54501599999995,198.74860909489848,234.9774396798032,243.687,310.3785705566406
2024-04-25 16:00:00,185.193,161.47631206510528,175.58291668177912,189.86519,230.7386474609375
2024-04-25 17:00:00,76.225024,130.33389165228118,78.20890979148734,66.64291,69.7439193725586
2024-04-25 18:00:00,22.906303999999995,63.355788551168175,24.172222685565686,22.537771,28.356243133544922
2024-04-25 19:00:00,22.425767999999994,22.17724998660431,19.87345917474621,19.983137,22.836891174316406
2024-04-25 20:00:00,21.024576,41.42870352967044,21.634287883357587,19.319038,18.956335067749023
2024-04-25 21:00:00,17.984728,39.005581917799006,19.5449269298352,19.305798,18.496566772460938
2024-04-25 22:00:00,14.886936,26.145964508180512,15.840796826467574,16.481419,18.574039459228516
2024-04-25 23:00:00,12.008989,15.872225223179342,13.700906855699673,14.565409,16.54422378540039
2024-04-26 00:00:00,11.089567,12.3181417332966,11.022801771733612,11.657101,16.689725875854492
2024-04-26 01:00:00,11.852351999999996,10.696958494008499,10.290603982624782,10.841558,13.918100357055664
2024-04-26 02:00:00,13.823999999999998,11.078207009427658,12.072850860401367,11.989284,12.19221305847168
2024-04-26 03:00:00,15.625,14.611386505871593,14.430878573088663,14.875703,12.649314880371094
2024-04-26 04:00:00,16.003008,16.400049601345245,15.894918230401936,16.250034,11.414773941040039
2024-04-26 05:00:00,15.625,10.701463844165147,15.889421863360903,15.228945,11.57121467590332
2024-04-26 06:00:00,10.648000000000003,11.81492384099326,14.301137190154044,13.886614,11.04008674621582
2024-04-26 07:00:00,5.088448,20.744462385918652,7.13438048756607,9.166227,11.768072128295898
2024-04-26 08:00:00,0.008,19.27870082596604,25.88892675949846,25.57065,25.79361343383789
2024-04-26 09:00:00,5.000210999999999,-40.54345064206339,11.84134855487144,13.63434,51.59043502807617
2024-04-26 10:00:00,25.153757,42.98584851356496,21.137814457086233,24.522818,40.879398345947266
2024-04-26 11:00:00,38.614472,71.98459919167492,54.703904505769344,50.591606,55.67353057861328
2024-04-26 12:00:00,35.28755199999999,77.72065573589315,57.910210137069306,56.02702,92.72409057617188
2024-04-26 13:00:00,28.372625,66.22123355539419,29.78724450544251,30.976913,58.402122497558594
2024-04-26 14:00:00,27.270900999999995,72.48606938862308,22.053480985588397,24.82395,37.428367614746094
2024-04-26 15:00:00,26.463592,65.20452998669926,24.39553508362736,26.287542,48.35184860229492
2024-04-26 16:00:00,20.123648000000003,29.916110397632664,22.78135846729613,24.331194,37.07562255859375
2024-04-26 17:00:00,3.652264,-0.5370349582730114,11.536446703041438,10.166873,18.44696807861328
2024-04-26 18:00:00,2.924207,-36.952115314980844,2.5661815243738517,0.6036367,7.927345275878906
2024-04-26 19:00:00,7.189056999999999,-21.701104079827772,3.882692169558018,3.9879215,4.206254959106445
2024-04-26 20:00:00,13.144256,-11.0617217299705,12.2629017243482,13.202545,6.332403182983398
2024-04-26 21:00:00,6.751268999999999,8.838005879492911,18.103739444942747,16.711256,15.746976852416992
2024-04-26 22:00:00,1.5208749999999998,-10.522380959201115,5.40830534269896,6.0563164,27.369670867919922
2024-04-26 23:00:00,15.438249000000004,-17.153066940476904,1.0558493467468784,1.309347,13.007547378540039
2024-04-27 00:00:00,18.609625,62.89019761303173,35.06289449011692,38.74001,4.453609466552734
2024-04-27 01:00:00,9.938375,40.38100125043617,20.243805188454527,17.139719,39.78544235229492
2024-04-27 02:00:00,294.079625,19.7047579415741,10.833122443721917,8.720391,30.13824462890625
2024-04-27 03:00:00,690.807104,308.5550367786163,373.5098143316667,380.0715,13.526941299438477
2024-04-27 04:00:00,738.7632639999998,375.8567440077607,752.0950945399996,789.7005,124.01556396484375
2024-04-27 05:00:00,588.4804720000002,374.68316476645964,610.1208534700003,605.07526,166.58033752441406
2024-04-27 06:00:00,483.736625,344.33989068826827,491.7716512833337,542.5384,160.3015899658203
2024-04-27 07:00:00,356.400829,328.03687428381755,401.7239165100832,530.1064,171.58245849609375
2024-04-27 08:00:00,163.66732299999998,262.8805458505168,268.7948604333333,200.53328,196.55528259277344
2024-04-27 09:00:00,37.25970399999999,194.00015079303728,137.41553300857146,112.78847,82.8447265625
2024-04-27 10:00:00,22.188041,114.15275279727133,25.278883174320953,27.20014,54.97399139404297
2024-04-27 11:00:00,31.255875,97.78409137556214,15.468038040099358,21.887537,47.2470817565918
2024-04-27 12:00:00,35.28755199999999,82.42650299664756,46.73426689911877,40.1975,65.64572143554688
2024-04-27 13:00:00,47.83214699999999,58.93660370260706,39.48342411890713,37.18374,96.71876525878906
2024-04-27 14:00:00,51.895117,45.76747144158138,57.59596241885325,53.211502,87.67216491699219
2024-04-27 15:00:00,57.960603000000006,47.40330520496853,40.999222880971935,43.214962,105.37049865722656
2024-04-27 16:00:00,55.74296799999999,47.35349974441597,55.147061645394515,60.540844,48.43192672729492
2024-04-27 17:00:00,20.570824000000005,55.387651535616286,47.85418513778725,62.513844,30.615678787231445
2024-04-27 18:00:00,19.683000000000003,27.198451407982773,15.345368539348273,14.778118,18.769697189331055
2024-04-27 19:00:00,27.270900999999995,35.849678069984876,19.832336096839818,18.349472,11.302734375
2024-04-27 20:00:00,36.264691,20.43616842349283,29.71001303270839,29.516949,27.651287078857422
2024-04-27 21:00:00,45.499293,24.674333567500568,34.25314854035405,38.338184,54.91213607788086
2024-04-27 22:00:00,48.22854400000001,27.085717918391126,45.714780085977864,51.675575,101.60745239257812
2024-04-27 23:00:00,47.83214699999999,34.60386292602668,43.89912789879298,47.661964,93.05874633789062
2024-04-28 00:00:00,44.361864,45.00695159371257,46.106663625987714,45.596127,83.023681640625
2024-04-28 01:00:00,40.353607,36.50746431130675,39.77378417862465,41.421703,70.48648834228516
2024-04-28 02:00:00,33.076161,44.677887354793214,36.15191003675562,37.596756,47.69422912597656
2024-04-28 03:00:00,23.149125,28.218391920616668,28.643558395865345,30.482912,38.103240966796875
2024-04-28 04:00:00,13.823999999999998,18.01479972354805,16.841631350840373,18.139326,38.0771484375
2024-04-28 05:00:00,8.120600999999997,6.375162392113907,11.85653474474197,10.333195,52.96129608154297
2024-04-28 06:00:00,2.803221,2.2143763311419917,7.884539647039967,6.728513,57.12324523925781
2024-04-28 07:00:00,0.6141249999999999,-8.495119239101555,5.089156784251116,11.102867,58.517208099365234
2024-04-28 08:00:00,6.967870999999999,-12.239826025001975,11.508352071859989,9.421332,51.043968200683594
2024-04-28 09:00:00,11.852351999999996,33.963367284344585,22.314289962640345,19.735065,41.187835693359375
2024-04-28 10:00:00,24.137569000000003,17.03088789141613,21.91424654665932,18.570232,37.99990463256836
2024-04-28 11:00:00,35.611289,53.49074037578221,41.223200543045586,42.749817,42.4403076171875
2024-04-28 12:00:00,40.353607,69.98038678624816,48.372625814016686,49.28537,71.97840881347656
2024-04-28 13:00:00,47.045881,83.49008889960963,45.72103157741216,47.57986,64.1282730102539
2024-04-28 14:00:00,56.181887,102.33899841942015,51.583201676524105,50.870995,71.17942810058594
2024-04-28 15:00:00,58.86386900000001,90.67101091558688,61.18746144730141,62.33792,75.89839172363281
2024-04-28 16:00:00,55.74296799999999,73.46165476531912,55.29910630625207,51.296402,73.17141723632812
2024-04-28 17:00:00,25.67237500000001,53.39570857782526,22.991021172783142,25.163603,26.69356346130371
2024-04-28 18:00:00,7.077887999999999,16.18859037553085,10.06428115623083,10.604209,17.107318878173828
2024-04-28 19:00:00,3.796416,1.191785063301154,5.295617852010363,6.2157016,9.594480514526367
2024-04-28 20:00:00,3.944312000000001,7.316271693447305,2.4827673644718153,3.7869754,8.060567855834961
2024-04-28 21:00:00,6.539203000000001,9.781226557030806,5.041944829408683,5.1395593,5.815189361572266
2024-04-28 22:00:00,10.941048000000002,13.741918691418121,9.116196756786772,9.628125,7.613828659057617
2024-04-28 23:00:00,15.252992,21.8449403957445,12.89642021610614,13.610403,15.58033561706543
2024-04-29 00:00:00,18.821096000000004,31.0405340611088,17.54875034838951,16.836422,16.47211456298828
2024-04-29 01:00:00,22.665187000000003,31.596849940521608,20.205078279335872,19.492273,16.059062957763672
2024-04-29 02:00:00,23.887872,40.84939304671836,24.252711217334458,23.537125,18.2763614654541
2024-04-29 03:00:00,9.528128,42.60009333468663,24.095716056704106,24.04399,25.826923370361328
2024-04-29 04:00:00,1.225043,8.438516617136699,8.54485983029567,7.274697,18.803163528442383
2024-04-29 05:00:00,24.897088,-17.083177520291002,0.9841847096242095,2.2184243,7.061603546142578
2024-04-29 06:00:00,63.044792,98.42228658987018,64.95053189354898,68.464165,3.5718650817871094
2024-04-29 07:00:00,38.95821900000001,137.93170662695223,115.39590893132129,119.45876,161.68405151367188
2024-04-29 08:00:00,3.241792,97.38704220751852,44.80261130268761,41.780582,126.87551879882812
2024-04-29 09:00:00,27.270900999999995,13.894633911450242,5.91596559167534,13.86106,32.77074432373047
2024-04-29 10:00:00,101.847563,118.31066742470746,66.24149943430555,65.92655,22.921537399291992
2024-04-29 11:00:00,197.13736800000004,171.86816867817174,169.0756932824502,168.32292,59.431236267089844
2024-04-29 12:00:00,315.821241,211.02971493587813,243.03850126890592,246.17953,91.04266357421875
2024-04-29 13:00:00,549.3532589999999,249.05875274174684,364.6957752199523,406.097,124.66372680664062
2024-04-29 14:00:00,629.4227930000001,321.00223508108553,608.6610922647617,537.4173,292.58758544921875
2024-04-29 15:00:00,291.434247,305.8661337984827,627.4319922933333,359.22537,413.4468078613281
2024-04-29 16:00:00,209.58458400000004,175.74075998599085,216.71005542566664,185.53166,342.25933837890625
2024-04-29 17:00:00,152.273304,156.0985562591846,162.1397924189999,136.71118,167.45249938964844
2024-04-29 18:00:00,59.319,117.108809111605,92.46122952927387,83.391594,183.22695922851562
2024-04-29 19:00:00,30.959144,64.75181280821398,54.480478278040934,55.311684,86.3062744140625
2024-04-29 20:00:00,17.779580999999997,57.590827087779346,26.69881860563372,24.11379,26.39374542236328
2024-04-29 21:00:00,17.373979,25.26341453933135,16.330821082095405,16.779688,25.4314022064209
2024-04-29 22:00:00,19.465109,21.33561932461312,16.832478501667783,15.901281,23.91360855102539
2024-04-29 23:00:00,20.346417,21.97384946928507,19.333269689037532,19.133612,35.79634475708008
2024-04-30 00:00:00,19.902511,25.202758354178982,20.993072610523637,21.10751,27.369659423828125
2024-04-30 01:00:00,20.796875,27.4540119579283,19.627815469655637,19.996817,28.05327606201172
2024-04-30 02:00:00,21.024576,36.18521106727333,20.661321147148364,20.692104,15.775897979736328
2024-04-30 03:00:00,18.191447,38.52705654982434,20.72841659561053,20.772058,25.19009017944336
2024-04-30 04:00:00,12.812903999999998,37.397983253232454,16.533630956887738,17.220737,14.062744140625
2024-04-30 05:00:00,8.489664000000001,30.4090639348441,10.919153902520701,11.553479,17.447858810424805
2024-04-30 06:00:00,3.652264,17.76057267686491,7.170484830089224,8.651763,9.080465316772461
2024-04-30 07:00:00,1.3310000000000004,3.5572435229590837,7.699898837274654,12.171568,15.006690979003906
2024-04-30 08:00:00,8.741816,-0.5014972731183178,11.916704480291894,13.7261505,18.68738555908203
2024-04-30 09:00:00,24.389,43.31288528632281,33.64210621799617,36.631905,21.85019302368164
2024-04-30 10:00:00,49.027896000000005,58.58416527635377,47.84743944981596,47.94339,31.24989128112793
2024-04-30 11:00:00,89.91539200000003,91.67416189445119,80.34527467488346,82.83324,47.98825454711914
2024-04-30 12:00:00,153.13037499999996,132.1707650746235,128.40090969922485,130.89308,82.51115417480469
2024-04-30 13:00:00,206.425071,181.68129416954974,191.60577126928493,195.73425,160.34637451171875
2024-04-30 14:00:00,226.981,206.42310545402324,224.13953139973557,221.61475,236.76551818847656
2024-04-30 15:00:00,214.921799,183.64715914993803,220.39918890993505,212.66936,241.51890563964844
2024-04-30 16:00:00,189.11922400000003,149.16580918698014,132.12279231178852,144.90146,214.9640350341797
2024-04-30 17:00:00,104.487111,122.28650667980385,61.36358721081162,58.50391,67.82605743408203
2024-04-30 18:00:00,27.818127,68.45987070794321,31.899085954505452,31.01673,31.150066375732422
2024-04-30 19:00:00,28.934442999999995,10.358500434019263,25.437271164496664,25.339687,26.411285400390625
2024-04-30 20:00:00,24.389,45.48902432611406,26.14264798879872,27.482803,21.95758819580078
2024-04-30 21:00:00,17.576,35.760582543513735,24.029147938339023,23.757622,24.040523529052734
2024-04-30 22:00:00,14.706125000000004,21.782556932561235,15.56429298052077,16.188475,23.557716369628906
2024-04-30 23:00:00,11.852351999999996,16.299686311514265,13.713116640419083,14.114166,18.481277465820312
2024-05-01 00:00:00,9.800344,8.368463950354567,10.994627921879712,11.783305,20.009132385253906
2024-05-01 01:00:00,10.077696,-1.1652556778984575,8.863717847293515,9.375926,18.785465240478516
2024-05-01 02:00:00,7.414874999999999,-4.273388104188584,10.303533301813232,10.161532,13.702461242675781
2024-05-01 03:00:00,1.5608959999999996,-9.585759372254898,6.253885934240747,6.5012784,12.854026794433594
2024-05-01 04:00:00,0.059319,-26.604828645985577,1.1487609906588143,2.1907015,8.74344253540039
2024-05-01 05:00:00,0.0689209999999999,-39.313177912677276,1.230348841143835,0.9868586,5.964298248291016
2024-05-01 06:00:00,0.778688,-27.747108063767584,1.083904621433082,0.8209784,7.564826965332031
2024-05-01 07:00:00,19.248832000000004,10.213931992338118,7.894129658241582,5.624344,8.647882461547852
2024-05-01 08:00:00,60.236288,100.33369783344692,54.371881376770105,52.783375,19.419504165649414
2024-05-01 09:00:00,99.89734399999998,144.50652287063775,103.91884501729857,91.30302,70.9881820678711
2024-05-01 10:00:00,136.59087500000004,174.03446266931263,132.57250603661282,127.54164,70.70074462890625
2024-05-01 11:00:00,181.321496,205.54028787563936,168.13949917303256,169.79735,128.3686981201172
2024-05-01 12:00:00,218.167208,227.07150329933643,208.43270923004323,207.20609,209.93521118164062
2024-05-01 13:00:00,229.220928,223.21347835596418,222.7912822836214,241.93541,298.68231201171875
2024-05-01 14:00:00,219.256227,196.35068324054163,205.76824623700833,188.23486,297.1990966796875
2024-05-01 15:00:00,197.13736800000004,177.02979762413423,180.66902431497056,170.53777,222.3456268310547
2024-05-01 16:00:00,154.854153,149.50252257484044,142.4979913548482,140.18481,163.73748779296875
2024-05-01 17:00:00,75.68696700000002,105.12624938504645,51.68702626360365,60.33209,45.64726638793945
2024-05-01 18:00:00,14.526784,52.95253908040324,20.342918297175185,20.17952,23.77503204345703
2024-05-01 19:00:00,10.503459,-5.929841255857895,13.55740047082157,13.149312,17.38997459411621
2024-05-01 20:00:00,7.529535999999999,10.34430998457978,10.366353250672866,9.1372595,10.323759078979492
2024-05-01 21:00:00,8.365426999999997,-0.9249421744928839,6.228208494039925,6.8975964,8.084238052368164
2024-05-01 22:00:00,11.089567,1.6463413754258625,8.780521587154063,9.288816,7.353424072265625
2024-05-01 23:00:00,12.812903999999998,8.824312131963723,12.6380051962164,13.4256115,11.19107437133789
2024-05-02 00:00:00,14.706125000000004,10.177234758035354,13.463700929685313,13.152585,15.619672775268555
2024-05-02 01:00:00,17.779580999999997,16.02809197121509,15.66255068969797,15.561592,18.85129737854004
2024-05-02 02:00:00,23.149125,29.080567945470094,19.577898690951816,18.5573,17.713947296142578
2024-05-02 03:00:00,26.463592,39.67681853632605,26.166975396278282,24.681921,16.022600173950195
2024-05-02 04:00:00,24.389,39.558949584608925,36.03932522659721,27.323372,20.733455657958984
2024-05-02 05:00:00,17.576,29.066207638121185,28.013952367476268,23.153202,16.014745712280273
2024-05-02 06:00:00,12.008989,20.036143591044933,13.774561130619693,15.379083,16.819244384765625
2024-05-02 07:00:00,13.481272,33.471915495793226,12.705241176937816,10.688051,12.312690734863281
2024-05-02 08:00:00,49.836032,44.132944487871114,28.267382458491976,26.191988,24.13888168334961
2024-05-02 09:00:00,101.847563,109.54010766595685,86.49394174375746,89.3451,32.505821228027344
2024-05-02 10:00:00,185.193,148.51480423138537,154.43130023822147,162.29665,102.14486694335938
2024-05-02 11:00:00,283.59339300000005,205.34266780540594,255.6606895676963,269.84415,244.6632080078125
2024-05-02 12:00:00,377.9330670000001,248.03273310129038,336.5554931011036,366.59848,384.4087829589844
2024-05-02 13:00:00,454.7566090000001,278.2255443814402,442.5372199190117,464.60068,459.26055908203125
2024-05-02 14:00:00,474.552,290.74277814490307,456.8368075496192,443.0742,506.8258361816406
2024-05-02 15:00:00,410.172407,258.84514594211413,404.4873518779763,427.67355,481.96112060546875
2024-05-02 16:00:00,334.25538400000005,203.9137315612731,308.4979987689913,280.92416,365.8938293457031
2024-05-02 17:00:00,176.55848100000003,159.34979505390237,118.62357336124997,86.947365,144.78619384765625
2024-05-02 18:00:00,39.304,95.92843942594568,39.379456778202716,38.4197,36.9672737121582
2024-05-02 19:00:00,31.554496000000004,17.555029204067836,34.746393864470626,34.648445,30.413951873779297
2024-05-02 20:00:00,26.463592,46.93290101557737,26.486367143157036,27.46261,23.59988021850586
2024-05-02 21:00:00,20.570824000000005,45.47475752782465,24.17764933813951,24.735765,21.23086929321289
2024-05-02 22:00:00,18.399744,33.15836985560789,18.083221380094542,18.904331,20.332386016845703
2024-05-02 23:00:00,18.609625,30.64957843473995,16.94219122338923,17.582432,17.033187866210938
2024-05-03 00:00:00,19.902511,28.47553772668313,18.09286477233815,18.655163,14.503183364868164
2024-05-03 01:00:00,19.683000000000003,29.36877317528861,20.61046903370529,20.056986,15.465667724609375
2024-05-03 02:00:00,24.137569000000003,25.798179660528987,19.73376537760151,19.74742,14.968269348144531
2024-05-03 03:00:00,26.730899000000004,33.28609005779181,27.562023974879622,27.07816,13.766284942626953
2024-05-03 04:00:00,18.821096000000004,34.82132721166214,27.138657815049378,26.985483,15.906883239746094
2024-05-03 05:00:00,12.326391,18.617983269960874,19.700691848073184,16.441814,14.859136581420898
2024-05-03 06:00:00,4.410943999999999,10.646723750411553,10.43231145120976,10.049113,7.150508880615234
2024-05-03 07:00:00,50.243409,10.524509303481466,8.573513547138797,15.227497,5.109125137329102
2024-05-03 08:00:00,174.676879,143.80250736232495,130.72287955069953,143.50745,33.458805084228516
2024-05-03 09:00:00,166.375,224.4816385892907,250.99775514980828,242.02077,207.5770263671875
2024-05-03 10:00:00,133.43283100000002,191.59253786449142,175.72640511311963,169.0574,297.12725830078125
2024-05-03 11:00:00,123.50599200000003,181.68142922405326,128.235893775,127.87647,198.4219970703125
2024-05-03 12:00:00,153.13037499999996,176.04576300038212,114.74773558596752,124.62173,237.4924774169922
2024-05-03 13:00:00,207.474688,171.2921437975367,165.3556173100329,177.61891,223.90859985351562
2024-05-03 14:00:00,269.586136,184.8547747549767,223.1188309556219,226.7951,259.39190673828125
2024-05-03 15:00:00,274.625,171.50215461045383,223.51622323232576,223.34746,327.19879150390625
2024-05-03 16:00:00,148.87699999999998,135.4267944375461,161.79474070105954,163.03209,339.4780578613281
2024-05-03 17:00:00,43.24355099999999,75.04319838947994,46.56236162323313,39.543938,148.35972595214844
2024-05-03 18:00:00,20.123648000000003,27.509845796878025,21.842515836950444,22.14815,17.743738174438477
2024-05-03 19:00:00,12.008989,18.808736975304313,16.989178753649227,16.835268,13.421876907348633
2024-05-03 20:00:00,16.194276999999996,15.425329549725717,11.241539018798912,10.598929,13.894004821777344
2024-05-03 21:00:00,16.194276999999996,39.71676551573778,19.89072272555857,19.229483,10.713899612426758
2024-05-03 22:00:00,16.581374999999998,28.005162823884362,15.999507949327972,15.951389,12.879632949829102
2024-05-03 23:00:00,16.777216,31.387303716987915,16.17107252726287,16.468386,17.748672485351562
2024-05-04 00:00:00,11.697083,38.26885042198991,16.28609388681231,16.290455,16.964847564697266
2024-05-04 01:00:00,7.189056999999999,26.666377047026216,10.40781042673374,10.141534,16.39836311340332
2024-05-04 02:00:00,6.858999999999999,16.756426312850053,5.8222291162507425,6.021122,10.384675979614258
2024-05-04 03:00:00,10.218312999999998,13.015433106916973,6.344942511584024,6.850432,9.203107833862305
2024-05-04 04:00:00,16.387064000000002,16.684943352154036,13.708001960013679,13.003909,9.071483612060547
2024-05-04 05:00:00,23.639903000000004,22.713377295725067,21.363474569667375,20.64997,13.938848495483398
2024-05-04 06:00:00,42.144192,38.9981713458797,28.461551287498125,27.520607,15.415502548217773
2024-05-04 07:00:00,63.52119900000001,99.90120469357093,77.25571511455601,62.642307,19.1685733795166
2024-05-04 08:00:00,72.511713,131.85081916794326,72.72287657442395,74.65107,40.39784622192383
2024-05-04 09:00:00,146.36318299999996,133.0214582417231,79.21793116458045,77.314445,26.324371337890625
2024-05-04 10:00:00,180.362125,199.9165845080637,198.06600569174108,201.6784,57.268123626708984
2024-05-04 11:00:00,208.52785699999995,201.93756704049764,215.66994512971166,212.90994,273.3365478515625
2024-05-04 12:00:00,365.525875,207.14125364274963,225.3316285690883,236.69617,282.3723449707031
2024-05-04 13:00:00,653.9720319999999,265.0052193673781,404.8379607923016,460.29272,270.41387939453125
2024-05-04 14:00:00,609.800192,327.69426065770864,621.7407319733331,512.9344,487.2342834472656
2024-05-04 15:00:00,362.467097,270.3557152600073,558.7413605440278,506.999,617.2955932617188
2024-05-04 16:00:00,202.262003,183.0098333753386,229.93219941466657,304.94098,480.9800109863281
2024-05-04 17:00:00,79.50699999999999,131.47019207569724,138.53440029743274,116.58532,199.19476318359375
2024-05-04 18:00:00,20.796875,70.45098384551103,24.218885700410294,20.193727,23.20871925354004
2024-05-04 19:00:00,22.906303999999995,12.003600279228692,18.016578328290578,17.13796,12.553224563598633
2024-05-04 20:00:00,24.137569000000003,33.46758590885109,24.266915126147893,21.81873,10.430807113647461
2024-05-04 21:00:00,26.463592,28.994552431763466,24.52739141837368,25.067987,14.916996002197266
2024-05-04 22:00:00,27.543608,27.847921235096024,25.940822197528107,26.157774,13.916643142700195
2024-05-04 23:00:00,28.094464,32.200688897892874,27.498912457899536,26.838835,22.37743377685547
2024-05-05 00:00:00,27.0,37.873976348319545,28.099112405534825,27.575428,22.743297576904297
2024-05-05 01:00:00,25.412184,38.77714653747695,26.344111050048717,26.030708,24.716793060302734
2024-05-05 02:00:00,23.149125,38.613725796085575,24.068808204363314,24.030107,24.91372299194336
2024-05-05 03:00:00,20.570824000000005,32.0718777091591,20.95847256451535,21.022774,24.550323486328125
2024-05-05 04:00:00,18.821096000000004,24.61257465650327,19.427746534490492,18.556389,21.698383331298828
2024-05-05 05:00:00,15.813250999999996,17.473414056454814,17.705366056215492,16.96839,15.01617431640625
2024-05-05 06:00:00,9.800344,13.682199157873285,14.58861058017094,14.072128,13.88553237915039
2024-05-05 07:00:00,30.664297,20.704881633115562,8.303745833203227,12.319726,12.606977462768555
2024-05-05 08:00:00,63.044792,85.99892620240375,71.50751916697378,74.31032,21.485137939453125
2024-05-05 09:00:00,75.15144799999999,115.02781390582699,94.08385082115892,86.388214,43.784976959228516
2024-05-05 10:00:00,105.82381700000003,115.5109009098298,96.17705871928834,101.84242,114.04655456542969
2024-05-05 11:00:00,150.56876800000003,147.58157621012595,134.87103917018277,151.40376,164.13943481445312
2024-05-05 12:00:00,202.262003,171.9273677763569,199.7220821272944,192.79448,217.48219299316406
2024-05-05 13:00:00,251.239591,190.25457799019017,231.313576133001,226.6955,308.05487060546875
2024-05-05 14:00:00,288.80478100000005,198.89964077429897,270.473502260071,256.03458,342.0717468261719
2024-05-05 15:00:00,298.07763199999994,196.12035588545228,281.47278907928273,290.99335,367.1315612792969
2024-05-05 16:00:00,269.586136,173.97507225607222,210.14208047850002,207.03136,348.77947998046875
2024-05-05 17:00:00,153.13037499999996,144.89509141668714,109.11128488031012,118.18656,206.1367950439453
2024-05-05 18:00:00,30.080231,88.5116070226925,35.05814920669475,34.21824,40.51443099975586
2024-05-05 19:00:00,22.665187000000003,6.581501381860974,27.353641996478828,26.864288,24.344120025634766
2024-05-05 20:00:00,18.399744,37.69173055082307,20.01736794822467,19.527632,17.816511154174805
2024-05-05 21:00:00,14.886936,36.394709844067094,16.52875964475375,16.98648,18.62326431274414
2024-05-05 22:00:00,11.852351999999996,26.339907895705338,13.406608298596511,13.83497,18.93179702758789
2024-05-05 23:00:00,9.800344,14.917630120959188,11.384767716636278,11.528245,16.661968231201172
2024-05-06 00:00:00,8.869742999999998,4.577923347031017,8.861024190830841,9.350423,14.377147674560547
2024-05-06 01:00:00,8.489664000000001,4.960413004605584,8.161002078870096,9.763749,12.352560043334961
2024-05-06 02:00:00,8.489664000000001,3.284161806371074,8.011815304442887,9.52737,10.469842910766602
2024-05-06 03:00:00,9.663596999999998,2.455961083526219,8.223189694353517,9.76755,12.166885375976562
2024-05-06 04:00:00,10.941048000000002,4.137253786124575,10.268275795384358,11.396739,8.482534408569336
2024-05-06 05:00:00,12.487167999999995,3.3331979922248536,11.559050069876497,11.834812,9.753288269042969
2024-05-06 06:00:00,12.649337,6.911752868344777,14.613979455935812,13.601137,7.947467803955078
2024-05-06 07:00:00,2.8632879999999994,28.41896875645604,10.113992458904407,17.6709,15.302978515625
2024-05-06 08:00:00,2.248091,-5.30895908077423,18.396395601728354,18.93597,30.618305206298828
2024-05-06 09:00:00,12.008989,-1.2973656726998684,16.747319463016403,15.381293,40.807106018066406
2024-05-06 10:00:00,27.818127,46.0306667079047,32.73794742143601,35.19175,50.722381591796875
2024-05-06 11:00:00,43.98697699999999,75.05479118680621,51.31358376037595,53.422127,80.54782104492188
2024-05-06 12:00:00,59.319,96.4085577397167,61.6021869375673,64.91021,98.04923248291016
2024-05-06 13:00:00,80.62156800000001,116.12256205606293,66.97965657774942,71.13489,118.37701416015625
2024-05-06 14:00:00,106.49642400000002,127.51392885344625,90.21105961572455,93.063866,137.49545288085938
2024-05-06 15:00:00,131.09651200000002,140.18103191567474,110.8307224347092,111.824776,179.87692260742188
2024-05-06 16:00:00,139.79835900000003,138.15480483390195,121.61421270460428,123.62081,177.18861389160156
2024-05-06 17:00:00,81.182737,113.51606022181907,56.89803767753158,57.617786,141.8294677734375
2024-05-06 18:00:00,22.906303999999995,63.00269518267821,25.985020866012984,21.935863,41.35441589355469
2024-05-06 19:00:00,20.796875,15.454594479799724,19.203915516508815,20.029545,13.35439682006836
2024-05-06 20:00:00,17.984728,29.567225984875776,18.164961782510673,17.621584,13.414083480834961
2024-05-06 21:00:00,15.252992,17.345110955415237,15.802209711164117,16.001293,17.722900390625
2024-05-06 22:00:00,12.812903999999998,10.689342605732818,13.325598512330801,13.744451,15.812643051147461
2024-05-06 23:00:00,10.218312999999998,1.8496139810880976,10.539315780102088,11.085908,16.11797332763672
2024-05-07 00:00:00,7.645372999999999,-3.2659700997333374,8.692004644973238,9.354971,16.228055953979492
2024-05-07 01:00:00,5.451776,-6.724971277722858,6.254975717467436,6.647649,13.213024139404297
2024-05-07 02:00:00,3.176523,-8.248519804717787,4.691689304390145,4.904772,9.427251815795898
2024-05-07 03:00:00,2.5154560000000004,-14.787729600734835,2.51776336968832,2.660449,7.29560661315918
2024-05-07 04:00:00,4.251528,-19.072804381324048,2.8526933343383045,3.252798,3.404529571533203
2024-05-07 05:00:00,8.869742999999998,-9.791418114672723,6.02133834204408,5.474343,5.5172271728515625
2024-05-07 06:00:00,12.977875,10.686072899007328,16.028242692595196,19.792215,6.429443359375
2024-05-07 07:00:00,4.826809,35.28868772263287,23.631339383096318,18.818283,16.568708419799805
2024-05-07 08:00:00,0.1176489999999999,7.7704033404085635,10.419741107473955,11.238802,28.195951461791992
2024-05-07 09:00:00,3.442951,-36.14194844655239,7.434608119482541,7.676323,41.873382568359375
2024-05-07 10:00:00,16.003008,27.081026858659456,14.104449355096573,16.757488,36.96346664428711
2024-05-07 11:00:00,37.25970399999999,60.16330839230234,35.29431914156177,39.956516,43.214290618896484
2024-05-07 12:00:00,62.57077300000001,88.83645802012056,59.08997740603548,60.31086,70.01852416992188
2024-05-07 13:00:00,89.91539200000003,114.53022187335951,84.6533417453503,87.37159,106.09324645996094
2024-05-07 14:00:00,97.97218100000002,151.79402482111118,100.78768483904645,102.995224,142.4774627685547
2024-05-07 15:00:00,88.71653599999999,143.59330610392396,95.16384189187328,102.11594,168.5338134765625
2024-05-07 16:00:00,69.934528,101.13402201197557,61.082089150962375,67.44934,94.69120788574219
2024-05-07 17:00:00,22.665187000000003,63.61828717177589,20.001618404510065,21.622248,52.94314193725586
2024-05-07 18:00:00,9.261,5.697757911247237,15.472335870333504,14.034569,12.981864929199219
2024-05-07 19:00:00,7.189056999999999,-1.6599747599542098,7.01633580849539,6.9695077,5.145862579345703
2024-05-07 20:00:00,5.5452330000000005,0.4160216811491466,5.4503014180009846,5.58484,8.352642059326172
2024-05-07 21:00:00,4.657462999999999,-4.15435302240931,5.38769166388536,5.6456695,7.313112258911133
2024-05-07 22:00:00,4.330746999999999,-12.898983312005228,4.282525659605001,4.8821354,6.536706924438477
2024-05-07 23:00:00,4.912999999999999,-18.811552462480478,4.275582292453765,4.914771,10.627265930175781
2024-05-08 00:00:00,6.539203000000001,-10.363821020230645,5.570134885106742,5.3835793,8.443044662475586
2024-05-08 01:00:00,9.663596999999998,-8.493732772690493,7.2785707581511225,7.2580104,8.207046508789062
2024-05-08 02:00:00,13.651919,3.1798075763346247,11.91437121668709,11.150009,7.616758346557617
2024-05-08 03:00:00,17.984728,13.328397960383214,16.587911147909484,16.22961,13.02676010131836
2024-05-08 04:00:00,21.717639,20.724601268695736,20.163344953496427,18.534033,11.356191635131836
2024-05-08 05:00:00,23.639903000000004,23.9228409429018,23.063495396034043,21.961239,17.210281372070312
2024-05-08 06:00:00,34.012224,34.029492660793025,23.660843426525993,23.28806,12.973201751708984
2024-05-08 07:00:00,35.93699999999999,76.8558257287112,34.05922747884678,33.64384,16.288206100463867
2024-05-08 08:00:00,22.425767999999994,81.50337199839588,38.90442194772281,36.249775,19.701461791992188
2024-05-08 09:00:00,17.779580999999997,49.214151147310034,21.690551115307997,22.747757,22.96625518798828
2024-05-08 10:00:00,21.253933,41.46650512057646,18.24007826860321,23.994677,30.161888122558594
2024-05-08 11:00:00,29.503629,42.101918823329285,25.463081002882163,28.603619,42.89466857910156
2024-05-08 12:00:00,33.698267,49.43859403480512,40.97867972600418,45.282433,55.82655334472656
2024-05-08 13:00:00,33.698267,49.398753071163085,36.717943107159066,36.988174,75.59876251220703
2024-05-08 14:00:00,37.25970399999999,32.91398361306206,33.878630491409375,35.76786,58.14341354370117
2024-05-08 15:00:00,39.304,31.881840342540684,38.00443403410234,42.419884,49.53965759277344
2024-05-08 16:00:00,32.461759,20.58751355181785,36.53801506676938,38.251446,51.95537567138672
2024-05-08 17:00:00,10.648000000000003,-4.943078839115984,17.597360554436666,17.161648,33.098350524902344
2024-05-08 18:00:00,2.299968,-34.64178515835269,6.250076597318039,5.2258053,8.694921493530273
2024-05-08 19:00:00,1.225043,-36.92510373048526,1.4278433381567681,1.5323906,2.903289794921875
2024-05-08 20:00:00,3.0486249999999995,-24.40718199751244,1.9298591027178278,3.1947937,3.8590087890625
2024-05-08 21:00:00,10.941048000000002,2.2129919988696543,7.617983060660277,5.6319733,4.336114883422852
2024-05-08 22:00:00,20.796875,27.306571701896686,23.15523461826628,22.239199,11.13821792602539
2024-05-08 23:00:00,28.934442999999995,40.40124507722088,28.876389074317864,28.090761,29.34491729736328
2024-05-09 00:00:00,36.264691,54.59950193537411,33.894019592849205,34.69279,36.10594177246094
2024-05-09 01:00:00,42.50854900000001,56.60196619546586,40.4845081633721,39.97721,37.540252685546875
2024-05-09 02:00:00,43.614208,66.01632367491005,45.001139608205534,45.679115,39.310394287109375
2024-05-09 03:00:00,39.304,62.04166964453633,39.987450638227536,43.24008,40.66735076904297
2024-05-09 04:00:00,34.328125,51.43141146252357,35.07556311319894,37.252663,36.880767822265625
2024-05-09 05:00:00,30.371328,44.44905239074494,29.526514110878292,31.59171,32.81023406982422
2024-05-09 06:00:00,93.576664,42.50219360831342,30.69046011163082,24.135042,28.34621810913086
2024-05-09 07:00:00,155.720872,137.95295300151315,167.73540124607305,170.89272,32.64590072631836
2024-05-09 08:00:00,111.28464099999997,168.15973888100848,197.44607857263898,174.83406,93.43201446533203
2024-05-09 09:00:00,63.52119900000001,120.87347827360357,84.88577713141272,64.12086,49.760231018066406
2024-05-09 10:00:00,45.499293,95.79155894487418,27.88379762517146,34.19409,21.794815063476562
2024-05-09 11:00:00,49.430863,80.95456831500054,30.82440867785666,26.138653,31.409639358520508
2024-05-09 12:00:00,52.734375,78.61202990680253,69.2857358670507,58.989674,40.461448669433594
2024-05-09 13:00:00,47.83214699999999,78.37110940438974,59.31113678043296,58.696934,58.95527648925781
2024-05-09 14:00:00,50.243409,63.78648932681118,43.22754155295511,41.231,83.82581329345703
2024-05-09 15:00:00,51.064811,48.17931748355498,44.10595681569316,49.80855,53.307010650634766
2024-05-09 16:00:00,48.22854400000001,34.44614411529459,42.10361663503965,41.979782,71.15022277832031
2024-05-09 17:00:00,28.094464,22.207857648506476,28.997192098030705,23.595867,36.136749267578125
2024-05-09 18:00:00,4.657462999999999,-0.4211540850089648,7.984290727452937,8.2351885,12.042354583740234
2024-05-09 19:00:00,0.941192,-22.691746478963154,2.666820614337494,3.4836488,4.688873291015625
2024-05-09 20:00:00,0.2159999999999999,-10.63050000831629,0.9926611804982778,2.3000789,4.859764099121094
2024-05-09 21:00:00,4.657462999999999,-13.092878079813659,0.9785124679911309,1.5556009,3.1829795837402344
2024-05-09 22:00:00,11.239424000000003,35.484446013866645,11.283476420228142,11.574565,3.035594940185547
2024-05-09 23:00:00,16.387064000000002,38.4944830383903,19.155115736371005,18.588247,23.13396453857422
2024-05-10 00:00:00,20.570824000000005,46.06092279614664,20.282648284283006,18.98057,21.748437881469727
2024-05-10 01:00:00,24.642171000000005,45.36674785148948,23.566203367856442,22.539316,17.853551864624023
2024-05-10 02:00:00,28.652616,53.37820672231301,26.79737558528135,26.448368,18.753582000732422
2024-05-10 03:00:00,30.959144,55.128168489599474,29.47673397960117,29.899574,22.759628295898438
2024-05-10 04:00:00,33.076161,50.33924083444394,31.384364228901568,30.519396,22.38461685180664
2024-05-10 05:00:00,31.855013,51.555561848610196,32.682034389523324,32.11089,23.999744415283203
2024-05-10 06:00:00,81.182737,52.75163497222228,31.846174944090176,30.99489,21.840473175048828
2024-05-10 07:00:00,153.13037499999996,136.8390415845198,128.03150572873335,140.03981,20.536788940429688
2024-05-10 08:00:00,99.89734399999998,181.67567327843682,198.05524722717288,181.20686,40.717430114746094
2024-05-10 09:00:00,42.875,115.64245304241255,73.48242302842064,50.95532,50.9860954284668
2024-05-10 10:00:00,31.855013,76.87194960510412,18.14842136486111,20.312391,41.268157958984375
2024-05-10 11:00:00,50.243409,73.91754251762923,21.649776020725277,28.812403,43.62367248535156
2024-05-10 12:00:00,80.06299099999998,94.87306994430809,73.82980704748283,69.69818,60.80671691894531
2024-05-10 13:00:00,104.487111,101.15630124399395,96.46246518998946,103.35699,124.89079284667969
2024-05-10 14:00:00,116.93016899999998,109.93558664157219,125.50744257642197,113.63379,178.50868225097656
2024-05-10 15:00:00,122.76347299999998,117.03083756063658,112.19904919882836,114.25095,165.20733642578125
2024-05-10 16:00:00,109.902239,109.81619072531625,93.62787589385174,97.94337,139.93760681152344
2024-05-10 17:00:00,36.926037,79.6233049546726,40.33162236874935,48.645187,85.72129821777344
2024-05-10 18:00:00,8.365426999999997,11.734070159179382,11.440671845426033,12.862689,18.193784713745117
2024-05-10 19:00:00,6.858999999999999,0.12312523179103607,6.047903867507362,6.1958685,6.148887634277344
2024-05-10 20:00:00,8.741816,21.72269691720625,5.7699655259792415,6.5883102,6.851654052734375
2024-05-10 21:00:00,11.239424000000003,24.978328812342838,9.900943707229233,9.956919,5.877355575561523
2024-05-10 22:00:00,12.166999999999998,26.39893406859595,12.812740044492216,11.634522,8.708295822143555
2024-05-10 23:00:00,12.487167999999995,20.337411052183853,12.63818829377514,12.34255,13.457803726196289
2024-05-11 00:00:00,11.697083,20.354809730267903,12.330053261557858,12.564004,11.66478157043457
2024-05-11 01:00:00,10.503459,17.471161554967722,11.259410116796015,11.355207,12.057723999023438
2024-05-11 02:00:00,9.663596999999998,16.440196699223094,9.301778995433034,10.062862,9.124763488769531
2024-05-11 03:00:00,10.218312999999998,13.386463165729666,9.331467416815698,9.345246,10.133869171142578
2024-05-11 04:00:00,10.503459,10.155011169508867,10.368256332664405,10.190959,6.596096038818359
2024-05-11 05:00:00,7.645372999999999,3.4563303945024444,10.24023178260527,10.187749,10.476194381713867
2024-05-11 06:00:00,0.941192,-4.345317437284265,6.213722459504171,7.1194425,5.56028938293457
2024-05-11 07:00:00,9.800344,-30.927199614029348,7.464733583405715,7.343163,6.827814102172852
2024-05-11 08:00:00,48.22854400000001,38.978949758947564,33.678175600003065,37.35256,13.812711715698242
2024-05-11 09:00:00,75.68696700000002,98.25722683978061,79.07147093592755,79.94813,47.09969711303711
2024-05-11 10:00:00,97.33599999999998,120.12384409146905,102.04126416245518,103.60221,88.82096862792969
2024-05-11 11:00:00,125.0,131.70157169216918,109.83565600164575,107.92567,108.86094665527344
2024-05-11 12:00:00,167.28415099999998,152.27811946178895,140.4601820734772,147.57607,159.76951599121094
2024-05-11 13:00:00,223.648543,193.9257702512308,175.5676599647897,182.45297,192.78004455566406
2024-05-11 14:00:00,258.474853,207.13572682498682,226.90777855473675,226.95866,279.43597412109375
2024-05-11 15:00:00,257.25945600000006,188.35945340385217,255.17282226080195,239.54184,298.7065124511719
2024-05-11 16:00:00,204.336469,183.38544842501364,166.7521677683704,173.02234,243.1396942138672
2024-05-11 17:00:00,110.59199999999998,149.90813965642985,92.8542764534691,82.8813,139.50888061523438
2024-05-11 18:00:00,18.609625,93.68645134044361,35.055227156316704,28.894714,30.274608612060547
2024-05-11 19:00:00,13.651919,17.909872593012253,16.04927018877596,15.883983,18.45552635192871
2024-05-11 20:00:00,12.166999999999998,40.961609959039734,11.43573506916436,11.6928005,9.102987289428711
2024-05-11 21:00:00,10.360232000000002,20.92600576586419,11.219364051111473,11.49467,11.144878387451172
2024-05-11 22:00:00,9.800344,2.242008641137886,9.013080834625121,10.034309,7.499177932739258
2024-05-11 23:00:00,11.239424000000003,-0.29674993767964963,9.300406769641832,9.9308815,4.341533660888672
2024-05-12 00:00:00,14.526784,-3.4693066279458975,12.12058192361976,12.454661,10.087930679321289
2024-05-12 01:00:00,18.399744,5.097040588885193,16.285699544841133,17.323395,9.064292907714844
2024-05-12 02:00:00,22.188041,16.6730324331929,20.67270136683161,20.347757,11.799022674560547
2024-05-12 03:00:00,26.730899000000004,30.510953947514693,22.88602298801919,22.617079,15.149063110351562
2024-05-12 04:00:00,32.461759,38.411704926853545,28.6745187112253,28.553228,13.840404510498047
2024-05-12 05:00:00,30.664297,46.06680398741089,34.79409340110734,32.608875,17.180564880371094
2024-05-12 06:00:00,34.328125,45.64343101638475,32.35809477008683,32.330437,16.107940673828125
2024-05-12 07:00:00,7.414874999999999,78.45319919629786,32.68037508408664,35.477573,17.70801544189453
2024-05-12 08:00:00,19.902511,18.84286217328942,15.621400490132327,17.699162,20.557296752929688
2024-05-12 09:00:00,24.642171000000005,64.86741807121432,42.304175642236444,48.595276,19.842519760131836
2024-05-12 10:00:00,19.465109,54.20331498630729,31.90093158871051,35.861313,50.793880462646484
2024-05-12 11:00:00,20.346417,35.85397085954169,16.356388556122536,19.343027,47.349788665771484
2024-05-12 12:00:00,34.965783,39.444649245214535,22.18056191222015,23.959791,37.28298568725586
2024-05-12 13:00:00,60.698457000000005,62.806706856728326,43.31238608057536,43.56777,66.07237243652344
2024-05-12 14:00:00,66.92341599999997,100.56722654195032,83.60156996377513,79.427986,91.333984375
2024-05-12 15:00:00,46.656000000000006,88.37042936316944,64.00123483328579,62.96068,125.78372192382812
2024-05-12 16:00:00,27.818127,38.57844684656989,31.767404015254918,29.922398,71.46400451660156
2024-05-12 17:00:00,14.172488,10.67537006845211,9.715199976074942,11.163224,21.562171936035156
2024-05-12 18:00:00,4.574296,-16.642476254839465,6.647662650440475,6.7567987,4.340646743774414
2024-05-12 19:00:00,8.0,-33.7086305933982,2.4267758177149696,4.2659607,3.1127281188964844
2024-05-12 20:00:00,11.239424000000003,-1.0589017194591577,14.438464800801842,12.381275,6.246788024902344
2024-05-12 21:00:00,12.487167999999995,1.2873705003367064,13.950464473793447,12.391819,13.44465446472168
2024-05-12 22:00:00,12.487167999999995,0.8147045357175529,13.01989083022781,12.966332,11.733068466186523
2024-05-12 23:00:00,10.793861,5.621545481058618,12.185361997200774,12.655407,15.443710327148438
2024-05-13 00:00:00,8.0,11.751242990217605,9.355376272814054,10.085685,12.738813400268555
2024-05-13 01:00:00,5.735339000000001,5.605026089669437,7.15748938559353,7.44,9.470146179199219
2024-05-13 02:00:00,4.741631999999999,0.5510522561812508,5.097226722278712,5.375817,5.5840911865234375
2024-05-13 03:00:00,5.451776,-3.4557961762679668,4.24040299863752,4.261782,8.293262481689453
2024-05-13 04:00:00,7.529535999999999,-4.738078568659176,5.566123952161916,6.0343275,5.754892349243164
2024-05-13 05:00:00,9.393930999999998,-1.8143247273731333,9.076570096837974,8.069306,8.583404541015625
2024-05-13 06:00:00,6.967870999999999,6.247125902531337,12.440299578596289,11.377402,6.059595108032227
2024-05-13 07:00:00,2.3526370000000005,3.6048855754569473,4.955987490485662,6.6421776,8.852888107299805
2024-05-13 08:00:00,5.268024,-5.826706463317976,7.201625591325734,6.38729,7.542829513549805
2024-05-13 09:00:00,13.823999999999998,12.645640292016893,14.710434788582031,15.459936,15.167600631713867
2024-05-13 10:00:00,31.855013,32.48128276952296,25.828120385428353,27.5103,29.1826229095459
2024-05-13 11:00:00,65.939264,74.13134253791328,50.724991504587194,50.499237,43.77093505859375
2024-05-13 12:00:00,117.64900000000004,122.53351371193123,95.30370191284801,96.90543,88.14091491699219
2024-05-13 13:00:00,177.50432800000002,173.14221592232497,167.45814437050467,168.94997,164.8231964111328
2024-05-13 14:00:00,202.262003,202.28675799865613,221.55524336723002,213.05746,247.28489685058594
2024-05-13 15:00:00,188.13251700000004,189.06406813339737,199.7929171142825,201.14165,298.6576232910156
2024-05-13 16:00:00,160.10300699999996,156.64246212988996,148.03228675394982,158.95786,218.42880249023438
2024-05-13 17:00:00,88.121125,121.81009076321446,68.69150129705,62.022636,104.87928771972656
2024-05-13 18:00:00,21.484952,65.58250638998679,21.8323734439369,22.839718,26.604549407958984
2024-05-13 19:00:00,22.906303999999995,5.21808705270081,18.188823903620754,18.903925,20.645231246948242
2024-05-13 20:00:00,22.665187000000003,34.031004352916554,23.125279212388993,21.068369,17.280776977539062
2024-05-13 21:00:00,22.188041,33.558738542229904,21.607381070056682,22.43147,18.836538314819336
2024-05-13 22:00:00,21.024576,25.62355288525778,21.36718307198616,21.202938,20.11805534362793
2024-05-13 23:00:00,19.683000000000003,19.055863113379345,20.073540217983638,20.141367,21.116226196289062
2024-05-14 00:00:00,18.399744,14.374891170267247,19.243632468902316,19.718159,25.011409759521484
2024-05-14 01:00:00,18.609625,7.774657871659542,17.536715288886604,18.0325,23.014816284179688
2024-05-14 02:00:00,19.465109,7.7055400422106715,18.086657946003978,18.717,18.04257583618164
2024-05-14 03:00:00,19.034163,6.928910985906015,18.584053501881513,18.782381,17.996265411376953
2024-05-14 04:00:00,16.974592999999995,6.914900839672825,18.18206728347677,18.236603,15.121822357177734
2024-05-14 05:00:00,13.651919,4.19067730768117,15.408780258312918,14.70034,12.006139755249023
2024-05-14 06:00:00,8.0,0.0907193708720655,12.436878990967767,10.951279,7.6557464599609375
2024-05-14 07:00:00,0.085184,17.188212350635823,23.788592100415194,19.221298,9.520706176757812
2024-05-14 08:00:00,8.489664000000001,-22.800821080000276,17.80406095123891,18.268661,35.219383239746094
2024-05-14 09:00:00,24.642171000000005,72.82102088623894,29.677045187341204,28.424301,47.523799896240234
2024-05-14 10:00:00,46.656000000000006,79.11518647742567,56.84702903433097,53.82081,78.95503234863281
2024-05-14 11:00:00,65.939264,106.74283514062465,80.16408223605673,78.329285,100.0906982421875
2024-05-14 12:00:00,78.953589,123.8535727439333,86.40571491121656,93.19778,124.05825805664062
2024-05-14 13:00:00,86.93830699999998,138.2678759680715,89.19264298862748,86.30861,138.6357879638672
2024-05-14 14:00:00,92.959677,128.3521121739489,86.92262582003254,87.10958,149.37286376953125
2024-05-14 15:00:00,97.33599999999998,109.84099251523286,89.18952009375394,90.68603,138.13107299804688
2024-05-14 16:00:00,96.702579,87.16688735146859,79.36178780402648,86.158394,126.98625183105469
2024-05-14 17:00:00,54.87199999999999,66.21387961770169,49.60734752260617,47.34384,59.38726043701172
2024-05-14 18:00:00,20.796875,25.37325917884239,19.29636162330463,19.323614,19.19215202331543
2024-05-14 19:00:00,24.897088,-9.165452486473626,18.177353671329456,19.064104,11.441888809204102
2024-05-14 20:00:00,22.425767999999994,11.214498037616536,27.5452192394774,24.743967,13.189517974853516
2024-05-14 21:00:00,16.777216,15.0568822215822,20.27473751773998,21.337132,18.327096939086914
2024-05-14 22:00:00,12.649337,7.110847952961024,14.410980949975913,14.886112,22.52576446533203
2024-05-14 23:00:00,12.008989,2.7600156646704477,11.269758130582032,11.375173,19.790218353271484
2024-05-15 00:00:00,15.252992,8.89071115145822,11.580973701331311,12.362714,21.178508758544922
2024-05-15 01:00:00,19.465109,11.341886935967139,16.16862495578372,16.552414,19.951923370361328
2024-05-15 02:00:00,22.425767999999994,16.15006073352548,21.668390792148237,19.971869,21.983543395996094
2024-05-15 03:00:00,21.484952,19.065427935629486,26.565610379561026,23.280495,25.40391731262207
2024-05-15 04:00:00,19.683000000000003,19.936004222915912,20.53471482504444,19.985403,24.305389404296875
2024-05-15 05:00:00,16.974592999999995,18.367180105519566,18.65418511034531,17.834393,15.124305725097656
2024-05-15 06:00:00,13.481272,16.94169858658195,14.521455526310302,13.194266,8.562658309936523
2024-05-15 07:00:00,2.803221,35.29970423918546,9.994128253430397,18.409176,8.362649917602539
2024-05-15 08:00:00,8.489664000000001,14.44933922803368,20.964634227920584,12.499959,26.409595489501953
2024-05-15 09:00:00,22.906303999999995,49.9003650865415,28.10063055422529,28.95398,41.479339599609375
2024-05-15 10:00:00,42.144192,69.15044183103889,45.70973942818822,45.107624,71.61299133300781
2024-05-15 11:00:00,68.41792899999999,91.63850837472206,68.67809048600176,64.81992,89.73165893554688
2024-05-15 12:00:00,109.215352,121.0210103881597,94.58234813454425,95.66158,105.15966796875
2024-05-15 13:00:00,159.220088,155.3600216795474,145.45229740233412,139.72177,157.811279296875
2024-05-15 14:00:00,200.20162499999995,177.45384004288627,187.17921198908923,192.28296,231.98477172851562
2024-05-15 15:00:00,214.921799,180.2982242215711,210.76436997990484,211.77414,277.5421447753906
2024-05-15 16:00:00,197.13736800000004,167.29910242063892,184.44419529793967,208.77419,259.3252258300781
2024-05-15 17:00:00,85.18400000000003,140.68690442882018,89.19875189891775,86.96091,129.39088439941406
2024-05-15 18:00:00,20.123648000000003,69.75637706692142,22.707387017132987,22.635319,28.42857551574707
2024-05-15 19:00:00,16.387064000000002,16.05894390037693,16.751700580594036,17.673738,20.15323829650879
2024-05-15 20:00:00,10.941048000000002,28.559918883468853,14.17785453032124,13.397017,17.45583724975586
2024-05-15 21:00:00,8.120600999999997,17.316800171156643,9.21760805231436,9.256626,15.727828979492188
2024-05-15 22:00:00,8.242408,6.247795837646947,6.876306790809838,7.9506187,12.357622146606445
2024-05-15 23:00:00,11.390625,2.9592387986281636,7.942561045053177,8.6974325,11.492515563964844
2024-05-16 00:00:00,15.252992,12.098725690419812,13.931958991943498,14.054476,13.845678329467773
2024-05-16 01:00:00,18.821096000000004,14.763311899734319,17.435801743993053,18.007246,18.0042667388916
2024-05-16 02:00:00,19.683000000000003,21.65320617228251,21.106272125872398,20.250322,18.951942443847656
2024-05-16 03:00:00,19.034163,22.750032487283235,19.924426944927777,19.944784,22.692764282226562
2024-05-16 04:00:00,17.779580999999997,19.27161700308082,18.189668039186994,17.88985,16.517967224121094
2024-05-16 05:00:00,15.813250999999996,12.430755678050701,16.379423200318502,15.71526,14.52701187133789
2024-05-16 06:00:00,11.852351999999996,8.279773114897495,14.117886528099298,13.5580635,11.049093246459961
2024-05-16 07:00:00,2.6856189999999995,21.532571852722313,10.508945464918643,9.842457,11.66508674621582
2024-05-16 08:00:00,7.301384,1.23055928840661,17.31132487240272,17.9358,20.28177261352539
2024-05-16 09:00:00,34.012224,34.52235927770907,25.78404057818214,26.320559,42.62812423706055
2024-05-16 10:00:00,82.31287499999998,87.51760462789115,65.0487598992468,65.03262,76.609375
2024-05-16 11:00:00,148.87699999999998,136.68493772193688,126.37226494142698,126.07791,120.59385681152344
2024-05-16 12:00:00,222.54501599999995,185.79204447069236,201.6362280269783,202.26115,213.90771484375
2024-05-16 13:00:00,295.408296,228.88864169944776,266.6013247312792,271.50778,301.0781555175781
2024-05-16 14:00:00,324.242703,251.0743466882564,305.7632101850051,321.49173,383.0225830078125
2024-05-16 15:00:00,313.046839,238.49690412588131,328.93820726996637,327.59256,437.5359802246094
2024-05-16 16:00:00,270.840023,203.56322989223963,281.72334892514965,308.1754,382.1141357421875
2024-05-16 17:00:00,123.50599200000003,161.58122826682836,113.64646666673374,119.617065,238.82350158691406
2024-05-16 18:00:00,24.137569000000003,86.50783202969653,27.737287846478736,25.782583,51.65037536621094
2024-05-16 19:00:00,21.484952,16.850313525215455,22.10412074956231,22.24229,20.82257652282715
2024-05-16 20:00:00,19.034163,43.545858300070975,18.732412750083213,17.793694,17.322248458862305
2024-05-16 21:00:00,18.191447,39.872818543211494,17.753743685927546,17.526558,17.725635528564453
2024-05-16 22:00:00,15.252992,35.35992121166707,16.914128186544158,17.622717,17.437875747680664
2024-05-16 23:00:00,11.697083,24.8680518378862,13.743279735271367,13.229666,17.38176727294922
2024-05-17 00:00:00,8.489664000000001,17.604684405530136,9.793179253093186,9.861629,15.309598922729492
2024-05-17 01:00:00,5.735339000000001,12.73611937895474,7.304875262508265,7.525924,12.050012588500977
2024-05-17 02:00:00,3.442951,6.94424587243995,4.757103549524145,5.4723186,7.537065505981445
2024-05-17 03:00:00,2.6280719999999995,-1.0030574153766452,2.7787781893621557,3.3763826,5.92643928527832
2024-05-17 04:00:00,3.176523,-5.267578818719869,2.8371711669087176,2.505004,2.6818771362304688
2024-05-17 05:00:00,4.741631999999999,-8.644076526665174,3.3883806929643088,2.9716694,4.77520751953125
2024-05-17 06:00:00,6.331625000000001,-0.18764113220889556,10.218265935856506,6.125154,6.141698837280273
2024-05-17 07:00:00,15.438249000000004,13.627599864605457,21.618426506012433,14.745954,9.281335830688477
2024-05-17 08:00:00,8.0,47.66060225383019,28.177214004320568,32.462547,23.538009643554688
2024-05-17 09:00:00,21.951999999999995,6.556938136454988,22.447752503800483,23.581516,70.30003356933594
2024-05-17 10:00:00,42.50854900000001,62.46786740977676,48.26316390413533,47.515106,55.92188262939453
2024-05-17 11:00:00,76.765625,97.95719258335124,71.47546341033211,77.227875,82.71477508544922
2024-05-17 12:00:00,141.420761,143.08874278887248,110.10278406124908,111.95989,128.49122619628906
2024-05-17 13:00:00,229.220928,197.29343078283722,188.09713423213347,188.64658,195.34376525878906
2024-05-17 14:00:00,283.59339300000005,246.298723022263,283.6528772601448,275.65353,316.5279541015625
2024-05-17 15:00:00,281.011375,240.63288904044623,293.11542596601487,318.51947,399.3104248046875
2024-05-17 16:00:00,238.32800000000003,200.18961220296728,251.49910169082938,276.71832,391.6294250488281
2024-05-17 17:00:00,111.98016800000002,155.44906864501786,115.1996385764117,138.97122,275.95745849609375
2024-05-17 18:00:00,25.934336,80.09742153438371,25.898930192926937,28.075315,109.99702453613281
2024-05-17 19:00:00,24.642171000000005,12.07379832425147,23.00697772777309,22.275211,16.73229217529297
2024-05-17 20:00:00,23.149125,41.797278197330556,22.317756329398204,22.405275,15.063037872314453
2024-05-17 21:00:00,21.717639,38.89777017925083,21.173860250329184,21.926336,18.173877716064453
2024-05-17 22:00:00,18.399744,28.47285644740687,20.033002471002725,20.398598,17.298431396484375
2024-05-17 23:00:00,15.438249000000004,14.709083808545131,16.94576428490728,16.851849,17.39208221435547
2024-05-18 00:00:00,12.649337,8.660381935376222,13.130414344245134,12.708044,16.822284698486328
2024-05-18 01:00:00,10.218312999999998,4.958210855065673,9.734192864586484,10.156288,14.980911254882812
2024-05-18 02:00:00,10.503459,0.9388811151247012,8.67348252764203,9.133867,10.658929824829102
2024-05-18 03:00:00,13.312053000000002,3.7506368560292316,10.298980163519927,10.104247,9.89488410949707
2024-05-18 04:00:00,16.194276999999996,7.575533305557386,16.39675923534901,16.385735,8.30118179321289
2024-05-18 05:00:00,18.191447,9.471807128868491,17.55731166934212,16.486979,12.281702041625977
2024-05-18 06:00:00,23.887872,17.49291237433698,18.350346383405224,17.29839,11.46554946899414
2024-05-18 07:00:00,10.218312999999998,56.67114610737265,24.180248972073056,23.334381,13.97889518737793
2024-05-18 08:00:00,33.076161,25.017186924396995,14.878439880611769,18.140743,25.901039123535156
2024-05-18 09:00:00,75.15144799999999,91.7263591551836,71.60466758750835,69.968796,31.903738021850586
2024-05-18 10:00:00,155.720872,136.9443538573089,121.9706317893292,122.30394,99.30410766601562
2024-05-18 11:00:00,275.89445099999995,199.9783274746796,207.91487009606874,218.43655,195.3266143798828
2024-05-18 12:00:00,411.8307840000001,260.55265110201395,359.76751950121803,387.06357,334.89227294921875
2024-05-18 13:00:00,533.4117309999999,310.2058478761689,464.43580563643343,477.41696,463.5834045410156
2024-05-18 14:00:00,578.009537,330.01274983105174,564.9920024104161,502.4202,550.1285400390625
2024-05-18 15:00:00,559.476224,306.12699205209054,520.2092677619444,448.28632,580.164306640625
2024-05-18 16:00:00,504.358336,261.89320181197985,452.7239585290534,403.4122,536.4793090820312
2024-05-18 17:00:00,306.182024,219.9900661346971,340.4123757286667,265.684,411.71673583984375
2024-05-18 18:00:00,61.162984,150.95411735425012,95.54795416476838,60.231663,191.8867950439453
2024-05-18 19:00:00,41.421736,43.62143614130183,42.99144956936879,38.050987,23.251819610595703
2024-05-18 20:00:00,36.594368,68.31639237130862,36.1903495713095,35.023582,16.55197525024414
2024-05-18 21:00:00,32.76800000000001,68.45742309312747,31.279531552352072,31.148262,26.483131408691406
2024-05-18 22:00:00,28.934442999999995,61.034394518650814,30.75963253875414,28.669514,26.926128387451172
2024-05-18 23:00:00,23.639903000000004,51.20123549384998,25.214323898684057,26.767883,25.406051635742188
2024-05-19 00:00:00,17.984728,36.36429433578262,21.569244575333705,20.921944,20.175079345703125
2024-05-19 01:00:00,14.706125000000004,30.75132219510668,16.998317661673966,15.598849,15.588546752929688
2024-05-19 02:00:00,12.977875,26.063713615369565,12.565521585125799,12.24415,11.08841323852539
2024-05-19 03:00:00,12.649337,20.99235209465509,10.765425455653066,11.209521,10.925333023071289
2024-05-19 04:00:00,13.997521000000004,16.70936497772331,12.049456477651008,10.997489,8.989297866821289
2024-05-19 05:00:00,13.312053000000002,12.635122377647207,14.184777717566686,13.761639,10.259916305541992
2024-05-19 06:00:00,13.481272,5.98672489930108,11.819028465675125,11.330857,11.003360748291016
2024-05-19 07:00:00,5.359375,28.68551036423996,12.844881521571644,20.347534,11.064451217651367
2024-05-19 08:00:00,44.361864,15.055613519503467,41.12696857121442,36.467937,39.233375549316406
2024-05-19 09:00:00,103.16170900000004,119.78854590637947,109.97773286586107,98.59157,59.51850891113281
2024-05-19 10:00:00,187.149248,164.35305732240192,170.47005744136356,188.82863,149.2672119140625
2024-05-19 11:00:00,287.4959999999999,220.91356852045976,250.42289933360246,268.88754,272.70416259765625
2024-05-19 12:00:00,385.82835200000005,262.1769772446984,337.40141958106085,352.9752,364.7494201660156
2024-05-19 13:00:00,465.484375,296.4032158286096,432.69643452750023,462.1861,460.5335998535156
2024-05-19 14:00:00,483.736625,308.38307979074466,435.3198146001177,489.41098,507.6407775878906
2024-05-19 15:00:00,442.450728,276.23670656091207,392.2761453299026,446.81973,512.0708618164062
2024-05-19 16:00:00,359.42543100000006,228.80997613425234,341.9562248758246,297.02496,455.7651062011719
2024-05-19 17:00:00,204.336469,182.7364564081696,181.54786413166676,231.58789,324.3598327636719
2024-05-19 18:00:00,31.554496000000004,124.54195347524895,60.73902293330797,52.04923,96.1050796508789
2024-05-19 19:00:00,20.346417,17.16044533507356,25.864929987082345,25.943178,19.086776733398438
2024-05-19 20:00:00,14.886936,36.335701584967936,16.040031876284143,16.787718,12.51492691040039
2024-05-19 21:00:00,11.390625,28.050043297477444,13.512683730234738,13.2996025,22.65550422668457
2024-05-19 22:00:00,10.077696,19.80038956155032,10.065829487458123,9.300894,16.1610107421875
2024-05-19 23:00:00,10.793861,14.349435361409348,9.159083126816896,9.143871,9.936620712280273
2024-05-20 00:00:00,11.852351999999996,13.023983310455264,10.909252241559338,10.157189,8.508859634399414
2024-05-20 01:00:00,13.481272,21.099366003576066,12.56335947035048,12.257607,8.124000549316406
2024-05-20 02:00:00,16.194276999999996,26.27977121559745,14.408557994941644,14.344309,7.617397308349609
2024-05-20 03:00:00,18.191447,33.09150679501825,17.341161778300492,16.793533,10.10280990600586
2024-05-20 04:00:00,17.373979,34.246455059611165,19.277387781385947,18.37058,8.850759506225586
2024-05-20 05:00:00,14.706125000000004,26.6838769472062,16.70317239727593,15.613074,9.601509094238281
2024-05-20 06:00:00,12.008989,16.64541333113104,12.714138331219793,12.450106,7.635137557983398
2024-05-20 07:00:00,0.140608,29.439827954806972,11.237134182496623,17.972364,14.103836059570312
2024-05-20 08:00:00,12.326391,-20.860411819834127,23.257065899285926,24.836237,45.0804443359375
2024-05-20 09:00:00,38.95821900000001,86.80679208183163,55.95528517972221,61.29872,79.39469146728516
2024-05-20 10:00:00,73.56005900000002,102.53476903948821,87.25988722589678,88.16619,120.89555358886719
2024-05-20 11:00:00,120.55378400000002,139.51085529135491,115.92316354195283,121.4355,147.1940460205078
2024-05-20 12:00:00,173.74111200000002,177.91706875915634,165.43684732852208,170.43625,203.69989013671875
2024-05-20 13:00:00,231.475544,213.34763922664632,218.53527349238283,217.46222,272.34320068359375
2024-05-20 14:00:00,295.408296,211.9084157336029,261.52955728162067,293.91867,355.66778564453125
2024-05-20 15:00:00,347.42892700000004,220.98717650097814,284.70482944436964,314.84512,414.0015869140625
2024-05-20 16:00:00,353.39324300000004,231.95709379684018,310.9050123281913,283.06027,440.1789245605469
2024-05-20 17:00:00,234.885113,206.169695195438,247.85302481916665,218.36818,358.66668701171875
2024-05-20 18:00:00,50.653000000000006,149.70341689122,93.02960404959997,92.67961,161.05667114257812
2024-05-20 19:00:00,37.25970399999999,48.38917136461227,35.80669468220452,33.555344,22.793066024780273
2024-05-20 20:00:00,32.76800000000001,54.40390726372324,34.90492074559085,32.049107,18.409038543701172
2024-05-20 21:00:00,29.218112,47.42240532414549,30.978981106534178,29.304817,51.780399322509766
2024-05-20 22:00:00,25.934336,39.18443325122435,26.34400573336315,26.478853,33.19349670410156
2024-05-20 23:00:00,20.796875,26.179976430515623,23.670447318238708,23.803144,23.68610954284668
2024-05-21 00:00:00,15.252992,11.452083960049805,22.34089409532341,18.344606,20.11566925048828
2024-05-21 01:00:00,11.390625,7.103406000776189,11.892577854505905,12.339346,13.980596542358398
2024-05-21 02:00:00,13.312053000000002,6.804493224105983,9.12155867615918,9.322924,9.495288848876953
2024-05-21 03:00:00,22.665187000000003,11.317561822661233,14.671206357905712,15.091375,9.492677688598633
2024-05-21 04:00:00,31.855013,26.094650469388185,32.07927814668886,32.04463,12.233901977539062
2024-05-21 05:00:00,32.461759,30.742454355826666,38.397883126601194,37.57771,23.33266258239746
2024-05-21 06:00:00,59.77647100000001,31.797329143227373,36.18629139291393,31.787983,28.929534912109375
2024-05-21 07:00:00,24.897088,109.89544241696301,70.84131122990792,91.85839,24.94662857055664
2024-05-21 08:00:00,0.3429999999999999,64.08098941471219,24.07208482424164,17.614128,76.44964599609375
2024-05-21 09:00:00,1.225043,-13.230671829683416,18.56170314056569,19.540638,72.8336181640625
2024-05-21 10:00:00,16.387064000000002,36.809438448649146,26.686485181707134,24.652428,67.06840515136719
2024-05-21 11:00:00,54.87199999999999,89.13723623531801,44.567222960089275,53.53997,95.16600036621094
2024-05-21 12:00:00,114.08412499999996,133.80843119897924,102.59414192495493,102.34152,121.58509826660156
2024-05-21 13:00:00,177.50432800000002,179.94079540688477,174.46628947465268,202.03372,194.5700225830078
2024-05-21 14:00:00,238.32800000000003,218.69844690939192,231.46905701801072,222.32979,281.91650390625
2024-05-21 15:00:00,274.625,236.03543337895894,259.74809340899924,275.69928,361.36944580078125
2024-05-21 16:00:00,265.847707,216.48475030529113,255.69843281811518,267.88177,395.6954040527344
2024-05-21 17:00:00,174.676879,180.74188861872375,120.08156069126088,133.58963,276.30078125
2024-05-21 18:00:00,28.372625,126.26173152289566,40.86792229651557,38.603596,73.90365600585938
2024-05-21 19:00:00,19.248832000000004,23.93178574454531,26.598963253860873,24.3258,23.349712371826172
2024-05-21 20:00:00,15.438249000000004,55.78325109050884,15.33254442725012,16.31331,18.854679107666016
2024-05-21 21:00:00,11.239424000000003,48.05655654533861,13.014931470634249,13.019056,20.32630157470703
2024-05-21 22:00:00,8.998912,27.415340825057328,9.476768185968035,9.063002,18.304035186767578
2024-05-21 23:00:00,9.393930999999998,12.332077760076828,7.580523547307928,8.593905,13.68049430847168
2024-05-22 00:00:00,13.481272,4.216245520958083,10.013169023791539,10.34756,11.254444122314453
2024-05-22 01:00:00,19.902511,15.077354467435228,18.120946622343588,17.92477,12.090576171875
2024-05-22 02:00:00,26.730899000000004,29.27554779001933,27.06063504344796,23.7657,16.315031051635742
2024-05-22 03:00:00,30.959144,40.86309635352019,29.88200044818439,30.02903,25.64395523071289
2024-05-22 04:00:00,33.38624800000001,43.22955651461713,34.02846462238908,31.72256,26.255224227905273
2024-05-22 05:00:00,31.855013,40.24699012626856,35.233627764075116,33.267735,25.399585723876953
2024-05-22 06:00:00,59.77647100000001,36.27393754852319,33.642028274599504,28.480688,22.912830352783203
2024-05-22 07:00:00,56.181887,103.92974635400726,74.97996863519472,86.22756,18.307363510131836
2024-05-22 08:00:00,25.67237500000001,97.44077975701602,52.511434969844004,43.9923,28.025821685791016
2024-05-22 09:00:00,30.959144,55.038581729728364,24.811391658846006,23.03913,44.287254333496094
2024-05-22 10:00:00,49.836032,77.87220316996441,42.63034762608612,48.054935,61.65564727783203
2024-05-22 11:00:00,74.618461,93.72588288879153,72.17600351302346,73.69022,98.38687133789062
2024-05-22 12:00:00,103.16170900000004,112.38124082720783,96.76298922500622,98.45572,117.17214965820312
2024-05-22 13:00:00,123.50599200000003,129.04625902108364,132.3600643468504,123.23427,162.7673797607422
2024-05-22 14:00:00,125.0,136.63086111015048,125.8071736726069,121.12714,214.33016967773438
2024-05-22 15:00:00,110.59199999999998,123.5813341203751,117.84792140683922,115.82713,215.44497680664062
2024-05-22 16:00:00,80.06299099999998,91.04329936835508,89.8178701080624,91.83877,166.63755798339844
2024-05-22 17:00:00,31.554496000000004,53.33603583510846,30.175499512289385,24.972223,76.41018676757812
2024-05-22 18:00:00,4.741631999999999,10.730472323520814,10.981113477567922,11.816881,13.608470916748047
2024-05-22 19:00:00,1.4049280000000004,-26.56709227955507,2.779533785492019,5.0316467,5.026844024658203
2024-05-22 20:00:00,0.421875,-14.29094870645234,3.158865917648908,2.3063726,4.734825134277344
2024-05-22 21:00:00,0.8847359999999999,-6.35487292780077,7.121709685154886,1.4653813,2.1781959533691406
2024-05-22 22:00:00,2.803221,-2.705696664323341,6.1443553266262105,2.729264,0.9554061889648438
2024-05-22 23:00:00,6.858999999999999,7.499188609323582,6.5248577045444245,6.291952,4.115766525268555
2024-05-23 00:00:00,12.812903999999998,23.433252999731636,13.547327714867174,12.233363,7.571020126342773
2024-05-23 01:00:00,16.974592999999995,32.99762607482158,16.482031510816647,17.058893,11.54466438293457
2024-05-23 02:00:00,19.683000000000003,39.98858543185942,17.314797551795117,17.807518,15.849895477294922
2024-05-23 03:00:00,22.425767999999994,42.656952793175336,24.230218438766798,20.778847,20.50552749633789
2024-05-23 04:00:00,25.67237500000001,41.543306898777146,24.318547366168687,22.855415,17.0103702545166
2024-05-23 05:00:00,27.270900999999995,42.09482394488778,26.04300930311497,24.889185,16.926977157592773
2024-05-23 06:00:00,104.487111,46.10618934472991,27.97223892318693,26.487698,14.369281768798828
2024-05-23 07:00:00,173.74111200000002,168.28921797587822,178.74679358151997,173.8342,15.03542709350586
2024-05-23 08:00:00,129.55421599999997,204.13555132643523,245.53001157115423,232.84348,90.27023315429688
2024-05-23 09:00:00,71.991296,161.17342144581494,111.38382959043378,104.86739,136.12277221679688
2024-05-23 10:00:00,45.118016,127.81383263037354,65.10626821894218,49.017403,92.5423355102539
2024-05-23 11:00:00,38.272753,98.39256133097398,28.62385838830002,26.78672,57.3477897644043
2024-05-23 12:00:00,37.93305599999999,78.22379685966784,32.33989949400959,37.20904,47.437255859375
2024-05-23 13:00:00,38.614472,69.26909622412707,34.07370191418324,37.44375,45.9495735168457
2024-05-23 14:00:00,40.353607,56.334500007972466,38.154149213459135,42.210667,59.53445816040039
2024-05-23 15:00:00,41.421736,40.47872219675456,40.93514231747408,37.64194,68.10511016845703
2024-05-23 16:00:00,38.614472,20.039648810828808,38.4163382949033,34.24979,57.8385124206543
2024-05-23 17:00:00,24.642171000000005,14.810298832804989,22.332029375497495,21.002918,35.884521484375
2024-05-23 18:00:00,4.330746999999999,-1.2919139902081156,8.602486866500504,8.77456,9.210515975952148
2024-05-23 19:00:00,2.924207,-29.92881816288056,2.514520641683552,2.387141,3.4048805236816406
2024-05-23 20:00:00,2.5713530000000007,-3.4319357797376853,2.388636102105248,2.7003837,3.6007080078125
2024-05-23 21:00:00,3.241792,-4.346832430557868,3.465661890739481,3.763579,4.920413970947266
2024-05-23 22:00:00,5.5452330000000005,-0.2963721928886116,3.667876516192206,4.2849655,7.035560607910156
2024-05-23 23:00:00,8.998912,8.807306713839736,7.791972377648732,7.983416,8.906557083129883
2024-05-24 00:00:00,13.144256,16.911091998224578,12.477781932386707,12.044231,11.534429550170898
2024-05-24 01:00:00,16.974592999999995,21.0321166680814,16.854340157212015,15.485765,12.351873397827148
2024-05-24 02:00:00,19.465109,26.933964406196182,17.96480349695906,17.023327,13.006633758544922
2024-05-24 03:00:00,21.717639,29.735525060450968,19.86333541931961,18.974825,16.945863723754883
2024-05-24 04:00:00,24.897088,32.683396361375785,22.084196620878565,21.416876,13.872535705566406
2024-05-24 05:00:00,29.218112,35.99068460344709,26.194455418229367,25.243565,17.864376068115234
2024-05-24 06:00:00,77.85448299999997,46.66372215341342,29.176923410657526,32.93562,16.35167121887207
2024-05-24 07:00:00,81.74650399999999,133.98432648190152,143.91473576372954,149.20729,27.134014129638672
2024-05-24 08:00:00,51.895117,125.43076290361067,92.55768600001952,84.54611,76.3517074584961
2024-05-24 09:00:00,29.503629,87.09417274468983,43.268195734892394,34.333195,41.63390350341797
2024-05-24 10:00:00,21.024576,61.52241441269872,22.041916070648213,23.49255,30.45777130126953
2024-05-24 11:00:00,23.639903000000004,45.697551096260966,15.346058838648439,18.369333,23.64507293701172
2024-05-24 12:00:00,38.614472,47.65790086775961,23.58932949380465,26.887074,27.499086380004883
2024-05-24 13:00:00,62.099136,66.10753586946352,53.81113604350478,56.844772,45.010765075683594
2024-05-24 14:00:00,77.85448299999997,86.63710148519739,80.04235706865447,77.855255,83.81097412109375
2024-05-24 15:00:00,86.93830699999998,89.3815149820039,80.30647544010252,78.6184,89.89907836914062
2024-05-24 16:00:00,91.125,84.42252944091068,78.21532606550797,78.324974,93.43833923339844
2024-05-24 17:00:00,65.939264,77.23890007432625,59.7849156007267,62.182266,57.989498138427734
2024-05-24 18:00:00,13.823999999999998,41.6959634023285,18.49500928194304,18.564114,18.211050033569336
2024-05-24 19:00:00,11.697083,-11.026276782810996,10.992161004735147,9.443927,7.829015731811523
2024-05-24 20:00:00,10.077696,25.582215144120553,10.155155974480666,9.050215,5.430637359619141
2024-05-24 21:00:00,9.261,23.33580832456589,8.789354136205912,9.160588,8.085079193115234
2024-05-24 22:00:00,9.528128,20.546751791236872,8.291442457280427,8.575588,8.820745468139648
2024-05-24 23:00:00,10.793861,18.513295630369683,10.128716944548728,9.925251,10.493507385253906
2024-05-25 00:00:00,11.852351999999996,15.386801371692727,11.473565901843324,10.893838,11.732048034667969
2024-05-25 01:00:00,12.326391,12.44714177004974,12.474275769318059,12.1796875,11.030624389648438
2024-05-25 02:00:00,12.008989,11.89704073860274,12.435995161059694,12.086297,9.603155136108398
2024-05-25 03:00:00,10.793861,9.825442361800356,11.625995927735339,11.964924,12.528297424316406
2024-05-25 04:00:00,9.129328999999998,7.519390236931997,9.094282715176009,9.551757,8.063709259033203
2024-05-25 05:00:00,6.644671999999999,1.2330628066052896,7.950371392056639,8.079591,8.039102554321289
2024-05-25 06:00:00,2.4603750000000004,-8.116496303112143,5.621647039118596,6.0183825,4.299846649169922
2024-05-25 07:00:00,14.172488,-10.963750609027443,6.512676280540645,4.444161,6.168682098388672
2024-05-25 08:00:00,91.733851,58.00642531840525,43.897053368089225,47.48139,16.04014778137207
2024-05-25 09:00:00,170.95387499999998,166.0177613369661,146.64932520275082,165.4631,53.06049346923828
2024-05-25 10:00:00,259.694072,207.34191365598997,231.48429052791735,227.47707,165.34286499023438
2024-05-25 11:00:00,359.42543100000006,255.24509297793395,347.37956107721993,344.1277,288.5645751953125
2024-05-25 12:00:00,483.736625,298.13298858038786,425.50408495998386,448.99515,412.1465759277344
2024-05-25 13:00:00,633.839779,334.2772127951411,506.12480525537876,555.1112,480.1363830566406
2024-05-25 14:00:00,674.5261329999998,350.65794226939397,616.5673446899998,509.61993,539.9993286132812
2024-05-25 15:00:00,614.125,324.86651087184947,560.5504397066663,478.3195,572.1858520507812
2024-05-25 16:00:00,521.6601250000001,277.53884811326645,461.92263015199984,440.94424,535.729736328125
2024-05-25 17:00:00,367.061696,228.11430300925593,365.52861707962484,268.62296,373.1393737792969
2024-05-25 18:00:00,79.50699999999999,170.81039839793993,159.98513420999998,159.00578,129.6719207763672
2024-05-25 19:00:00,41.421736,48.3154680979717,44.226385573210116,40.46016,30.51920509338379
2024-05-25 20:00:00,42.875,55.862320402270186,33.56313511573514,36.49416,21.739425659179688
2024-05-25 21:00:00,44.73887499999999,72.53942617342084,37.734420315033724,42.469128,24.798675537109375
2024-05-25 22:00:00,30.664297,70.63481012923383,36.40517407102408,40.414246,29.60444450378418
2024-05-25 23:00:00,17.576,48.24593572549655,26.621252025767152,26.466312,33.134342193603516
2024-05-26 00:00:00,13.312053000000002,26.24194417941972,27.163089440595687,14.826596,24.583175659179688
2024-05-26 01:00:00,11.543175999999995,25.893762057076955,9.339630749867156,10.605722,12.843114852905273
2024-05-26 02:00:00,11.239424000000003,25.015136773759465,11.079806854288416,9.554433,11.926107406616211
2024-05-26 03:00:00,11.852351999999996,22.97665796727442,12.269813643647806,10.260455,11.962821960449219
2024-05-26 04:00:00,12.487167999999995,18.210828936069248,13.360179383642969,11.2018,11.91563606262207
2024-05-26 05:00:00,11.089567,13.242776370645458,13.41153555196523,11.583373,14.134710311889648
2024-05-26 06:00:00,12.166999999999998,8.31017386073215,12.001960555187113,9.20315,12.462446212768555
2024-05-26 07:00:00,0.778688,35.403630553084255,25.827359933371678,31.029015,11.829444885253906
2024-05-26 08:00:00,18.399744,-10.289587400686699,21.431805449113682,28.760157,47.28895568847656
2024-05-26 09:00:00,52.734375,90.14296897977847,55.79594868126892,63.230843,63.62526321411133
2024-05-26 10:00:00,116.93016899999998,117.51801663489765,95.25600895642752,97.623184,107.16691589355469
2024-05-26 11:00:00,216.0,177.56146434874307,185.77599316542523,214.08043,174.331298828125
2024-05-26 12:00:00,350.402625,239.48275438997604,296.27362467769086,315.0939,284.4664001464844
2024-05-26 13:00:00,485.587656,291.85904714288966,452.4275220555555,423.476,414.6182861328125
2024-05-26 14:00:00,539.3531440000002,324.75532529756987,491.07433805717943,494.72736,517.0372924804688
2024-05-26 15:00:00,491.1690689999999,317.02376097652905,528.2144760399999,442.77722,568.8231811523438
2024-05-26 16:00:00,401.947272,266.80839582323796,386.9218619032501,426.06125,525.0529174804688
2024-05-26 17:00:00,250.047,212.89048342749186,199.26574491333338,175.68037,385.2103271484375
2024-05-26 18:00:00,45.499293,147.70790709019218,66.54790874873274,56.853348,156.44383239746094
2024-05-26 19:00:00,33.698267,25.956888457613232,35.661606013499494,33.505573,23.118572235107422
2024-05-26 20:00:00,30.080231,46.0837675652367,30.543240778277955,29.053108,15.897430419921875
2024-05-26 21:00:00,27.270900999999995,44.97190992956202,26.060380667797858,27.695143,28.19749641418457
2024-05-26 22:00:00,23.393656,38.58235797481383,25.366761774901192,25.357449,25.894582748413086
2024-05-26 23:00:00,17.984728,26.938513480687064,22.245084071836413,21.291769,22.31260108947754
2024-05-27 00:00:00,16.777216,12.123588178720269,17.15914135865974,15.533399,19.399993896484375
2024-05-27 01:00:00,18.399744,20.273653603412143,15.160275505729267,15.046517,16.052759170532227
2024-05-27 02:00:00,22.188041,20.60565416257289,19.220297436905295,19.038609,14.776355743408203
2024-05-27 03:00:00,24.897088,23.819554133587715,23.332323360610843,22.887993,19.447818756103516
2024-05-27 04:00:00,25.934336,24.529442356753563,28.100758823558397,25.671848,17.27143096923828
2024-05-27 05:00:00,21.024576,24.082573590106662,24.59246598821893,24.48827,16.003646850585938
2024-05-27 06:00:00,21.024576,14.805597682301453,21.704538921605522,15.964491,16.32496452331543
2024-05-27 07:00:00,1.3676310000000005,46.66695748002927,36.806871292536776,25.13883,23.110000610351562
2024-05-27 08:00:00,33.38624800000001,2.2689685019155093,29.471232938547217,22.217278,72.74516296386719
2024-05-27 09:00:00,76.765625,131.05889734869868,80.05710655944807,82.25795,95.18666076660156
2024-05-27 10:00:00,138.188413,147.95507452325148,127.78592058924994,122.61495,162.74581909179688
2024-05-27 11:00:00,209.58458400000004,190.66396234690956,202.8107368846422,208.72736,222.7099151611328
2024-05-27 12:00:00,272.097792,227.945754097472,280.23665325340113,266.1273,298.57269287109375
2024-05-27 13:00:00,304.82121700000005,259.06523951814614,311.00305698460227,301.46985,387.3183288574219
2024-05-27 14:00:00,310.2887329999999,253.81529330597715,308.1220278721845,294.64554,424.9756164550781
2024-05-27 15:00:00,288.80478100000005,224.5214162648404,286.29623538187974,311.5833,407.6451416015625
2024-05-27 16:00:00,240.641848,186.9411035003273,244.07262514299987,254.6896,395.18115234375
2024-05-27 17:00:00,152.273304,146.21865313692166,105.1703484817121,95.09631,273.6702880859375
2024-05-27 18:00:00,31.554496000000004,97.783992502875,36.82499911732095,31.91642,78.97259521484375
2024-05-27 19:00:00,31.855013,-2.11480021344849,27.780879311791164,27.989717,20.631898880004883
2024-05-27 20:00:00,29.503629,23.967553896292358,30.721271470262174,29.28759,17.79646110534668
2024-05-27 21:00:00,26.730899000000004,30.668109430389407,26.406684176079843,29.054419,27.464752197265625
2024-05-27 22:00:00,22.425767999999994,32.66685256859979,25.278346475693255,24.373882,29.676006317138672
2024-05-27 23:00:00,17.373979,25.04081450522311,23.38075255473802,20.403978,25.05023956298828
2024-05-28 00:00:00,13.651919,17.52401392047679,15.629403287614974,14.968787,22.65280532836914
2024-05-28 01:00:00,11.697083,17.80337337405099,9.74859205276581,10.971712,17.758028030395508
2024-05-28 02:00:00,10.648000000000003,16.960368267037623,10.80597940512207,9.826409,12.495574951171875
2024-05-28 03:00:00,10.077696,12.434556200681541,9.625154359797458,9.920045,12.580375671386719
2024-05-28 04:00:00,9.261,5.812182262525695,9.805885212063043,9.425623,9.681217193603516
2024-05-28 05:00:00,7.762391999999999,-0.8770635990887001,8.406469918751945,8.139394,9.450294494628906
2024-05-28 06:00:00,5.000210999999999,-5.097662198262725,7.922431799919699,5.984134,7.786457061767578
2024-05-28 07:00:00,18.399744,8.873436390037966,35.90064146248472,35.223087,10.400554656982422
2024-05-28 08:00:00,59.77647100000001,80.50762070629709,56.107859917353714,60.27396,47.788482666015625
2024-05-28 09:00:00,90.51884900000002,133.4302899110014,103.70247529661692,98.78377,111.49470520019531
2024-05-28 10:00:00,131.09651200000002,153.4376944129632,125.20203722580013,132.4498,154.15728759765625
2024-05-28 11:00:00,183.250432,190.50979215945063,173.67204190112653,182.17412,201.6228485107422
2024-05-28 12:00:00,239.483061,219.70423885949276,220.48447614560675,231.27646,253.56552124023438
2024-05-28 13:00:00,281.011375,245.3645907780259,276.03718257908736,274.60602,328.1214599609375
2024-05-28 14:00:00,294.079625,247.157008901229,293.6786996479032,311.01938,387.8627624511719
2024-05-28 15:00:00,277.1678079999999,227.0895917474532,269.97270797702583,281.14392,404.5965881347656
2024-05-28 16:00:00,230.346397,187.1066456358294,240.37215329996417,263.46396,373.415771484375
2024-05-28 17:00:00,125.0,141.6815909295284,121.8631291437121,118.13458,281.5338439941406
2024-05-28 18:00:00,25.934336,80.52454243183028,32.757707103611374,28.934807,88.14865112304688
2024-05-28 19:00:00,23.393656,-18.80178468952103,22.95970418659777,20.892996,18.480783462524414
2024-05-28 20:00:00,16.194276999999996,1.62241096859114,25.53703061771444,19.014584,15.055051803588867
2024-05-28 21:00:00,10.941048000000002,11.177001495597665,13.623639821897955,13.804995,22.213420867919922
2024-05-28 22:00:00,8.998912,11.878089710193777,9.810456522446067,8.26109,20.990135192871094
2024-05-28 23:00:00,11.390625,6.856949716197931,8.175834860863043,8.869131,12.101377487182617
2024-05-29 00:00:00,17.984728,12.00363546967607,15.23440107554579,11.98225,8.951305389404297
2024-05-29 01:00:00,28.652616,23.131345704309737,28.826510874010605,25.392412,11.042640686035156
2024-05-29 02:00:00,41.06362500000001,35.55895789533194,63.38652765258997,38.362614,17.44889259338379
2024-05-29 03:00:00,50.243409,49.249577309744,51.99208270829832,50.53422,28.631359100341797
2024-05-29 04:00:00,56.62310399999999,57.426426651247866,57.63336575178849,57.404793,34.91898727416992
2024-05-29 05:00:00,49.027896000000005,61.95016176093121,61.63692034839459,57.816055,33.94010925292969
2024-05-29 06:00:00,91.733851,58.3891506371388,44.5021200326951,46.73678,30.40315055847168
2024-05-29 07:00:00,40.707584,150.90100402881097,118.8509828023111,115.29981,26.03909683227539
2024-05-29 08:00:00,12.166999999999998,94.78746086260891,29.00748590444443,28.12078,83.75030517578125
2024-05-29 09:00:00,40.707584,60.92297060766565,17.56179190336429,15.310379,66.615966796875
2024-05-29 10:00:00,84.60451899999998,126.11776517189504,93.25636483166016,95.05248,85.63245391845703
2024-05-29 11:00:00,119.095488,144.90539736967634,133.18474238875996,135.65887,135.29513549804688
2024-05-29 12:00:00,131.09651200000002,154.72733124541907,161.834953424099,161.13101,182.627685546875
2024-05-29 13:00:00,117.64900000000004,155.83188226682984,141.35617206459622,144.83304,210.6869354248047
2024-05-29 14:00:00,89.91539200000003,138.97073306112594,99.28335141858206,102.70175,194.408447265625
2024-05-29 15:00:00,64.0,104.07223337367303,70.92428954334925,75.9661,173.92831420898438
2024-05-29 16:00:00,41.781923000000006,64.35524045763232,44.169413013538204,43.969063,129.8568115234375
2024-05-29 17:00:00,13.823999999999998,31.729946166361984,28.383788512141397,26.929728,38.74296951293945
2024-05-29 18:00:00,2.803221,-10.380945643469971,8.098653383533225,6.064007,9.64617919921875
2024-05-29 19:00:00,0.5717869999999999,-38.235442644491016,4.35251784389848,4.9205384,3.7191009521484375
2024-05-29 20:00:00,1.4049280000000004,-36.875512272264714,8.78236755309806,4.94806,4.024196624755859
2024-05-29 21:00:00,8.0,3.0697828002614926,6.435499941244532,8.681644,3.1867713928222656
2024-05-29 22:00:00,16.777216,25.83702678539082,20.268509828421397,21.003698,3.7291030883789062
2024-05-29 23:00:00,23.887872,33.36668476853454,26.748917383474755,29.27698,15.037271499633789
2024-05-30 00:00:00,28.372625,51.61028789728486,30.928861410739643,30.972021,26.53325653076172
2024-05-30 01:00:00,33.38624800000001,48.17791121642303,47.258461633457266,35.036854,29.61082649230957
2024-05-30 02:00:00,34.965783,51.13940196788745,34.22590100952054,32.862015,31.719179153442383
2024-05-30 03:00:00,35.93699999999999,41.74340541766044,35.89512989577383,34.15491,37.04927444458008
2024-05-30 04:00:00,37.93305599999999,36.94772716891087,35.59509107257556,34.73058,37.58158874511719
2024-05-30 05:00:00,35.611289,39.96235114577668,36.89092961654869,37.75589,35.67514419555664
2024-05-30 06:00:00,59.319,40.03941962099789,35.30397560711795,32.386917,37.5334587097168
2024-05-30 07:00:00,85.76612100000001,102.35917877846659,81.01251654171004,96.329796,42.35594940185547
2024-05-30 08:00:00,81.74650399999999,139.54524499723573,105.19502305805997,97.29095,71.66354370117188
2024-05-30 09:00:00,89.91539200000003,122.73292231540991,89.9273752856269,82.682884,43.180667877197266
2024-05-30 10:00:00,94.81881599999996,124.87258184316441,103.57615252926061,104.583176,36.6104736328125
2024-05-30 11:00:00,95.44399300000002,118.41903927727544,103.23197881066957,111.98802,75.14511108398438
2024-05-30 12:00:00,97.97218100000002,95.57130180578149,95.01177743260835,100.488556,95.43299102783203
2024-05-30 13:00:00,111.28464099999997,78.54199231178448,88.11918065889863,107.77257,94.00677490234375
2024-05-30 14:00:00,140.608,107.87340679366223,108.07335835078176,113.17185,106.33457946777344
2024-05-30 15:00:00,177.50432800000002,129.9039905420659,135.68236429613114,131.08224,140.420166015625
2024-05-30 16:00:00,209.58458400000004,127.32264472459967,129.28330313966754,150.0152,189.81214904785156
2024-05-30 17:00:00,166.375,134.3636498986943,102.92172009538264,112.11962,156.93968200683594
2024-05-30 18:00:00,45.118016,107.56872172305039,66.9988323613389,61.51707,95.31768798828125
2024-05-30 19:00:00,38.614472,3.7209561414145327,36.46469873676378,29.94939,34.82486343383789
2024-05-30 20:00:00,31.554496000000004,19.95250038426363,38.93647290189497,37.87941,21.088666915893555
2024-05-30 21:00:00,25.67237500000001,24.648890254668387,38.25863690325245,46.2829,30.68429183959961
2024-05-30 22:00:00,22.906303999999995,21.352191943188146,30.40632113799938,20.864151,31.295936584472656
2024-05-30 23:00:00,25.153757,14.012703147155904,26.59491465315308,19.144562,24.968494415283203
2024-05-31 00:00:00,33.38624800000001,12.96872295004978,26.603938175234063,25.63153,21.145191192626953
2024-05-31 01:00:00,42.50854900000001,29.28901527974982,38.48443435240885,35.966057,20.998443603515625
2024-05-31 02:00:00,46.26827899999999,39.60977450555082,51.235184311740994,49.340824,26.533342361450195
2024-05-31 03:00:00,45.499293,42.81734331747175,48.2409350528553,50.34892,38.30795669555664
2024-05-31 04:00:00,43.614208,40.30331609369644,44.106738243866694,45.061527,43.62078094482422
2024-05-31 05:00:00,33.38624800000001,32.932738837979386,41.369828758782184,42.710896,33.04995346069336
2024-05-31 06:00:00,15.813250999999996,20.87956137900484,28.06600923347685,32.384415,25.161090850830078
2024-05-31 07:00:00,1.157625,32.33610341615743,15.888485785933778,17.538877,18.932889938354492
2024-05-31 08:00:00,13.144256,7.275836528679079,30.167448225833006,17.838491,24.609046936035156
2024-05-31 09:00:00,37.25970399999999,88.41714540982314,49.57282882466664,58.036057,62.92980194091797
2024-05-31 10:00:00,65.45082700000002,105.29778724953685,71.9023587580498,77.19549,114.09016418457031
2024-05-31 11:00:00,103.16170900000004,130.16913990552803,107.8420702044868,103.59148,138.32582092285156
2024-05-31 12:00:00,149.72129099999998,163.14626614430762,143.5987750863509,153.90227,171.53549194335938
2024-05-31 13:00:00,198.155287,202.25921888241533,190.09195051846854,177.24437,220.10166931152344
2024-05-31 14:00:00,225.866529,206.7566383589284,217.35807551882812,218.00331,295.68341064453125
2024-05-31 15:00:00,228.09913100000003,195.52796304339142,218.47144754281297,222.28947,343.72265625
2024-05-31 16:00:00,212.776173,179.24223124849095,185.66321197038252,192.00685,301.23126220703125
2024-05-31 17:00:00,125.0,155.1051988551734,96.33632949904612,80.29377,178.02413940429688
2024-05-31 18:00:00,22.425767999999994,101.47440438499923,34.5456260289265,26.748796,35.69865798950195
2024-05-31 19:00:00,17.779580999999997,1.2051175930545241,15.5118867657693,16.956999,22.343124389648438
2024-05-31 20:00:00,12.977875,12.92380935340232,16.03909958580481,14.19552,17.588863372802734
2024-05-31 21:00:00,13.997521000000004,14.110692703968738,12.656566673915165,10.912507,19.262269973754883
2024-05-31 22:00:00,20.796875,18.28048245532277,14.096187368550126,13.211204,16.37905502319336
2024-05-31 23:00:00,30.371328,20.389171274361345,28.83191458766342,26.195936,15.84476089477539
2024-06-01 00:00:00,38.614472,26.304317965523396,57.93890684923459,45.357864,23.95749282836914
2024-06-01 01:00:00,43.614208,34.299303919701984,48.99900482428676,51.768867,32.27790069580078
2024-06-01 02:00:00,44.73887499999999,42.07764999954166,44.97886216280617,47.528893,34.698856353759766
2024-06-01 03:00:00,37.93305599999999,41.893038811491735,42.27262688262538,44.812675,35.33938980102539
2024-06-01 04:00:00,23.887872,30.87134514103174,32.32630187460966,31.760094,33.387718200683594
2024-06-01 05:00:00,14.706125000000004,12.315776960323163,18.36808274377655,20.969309,25.45408821105957
2024-06-01 06:00:00,7.414874999999999,8.153353002315654,11.109301885197901,10.346066,14.18580436706543
2024-06-01 07:00:00,2.5713530000000007,21.34432094256819,9.710751995428867,13.863095,11.61001968383789
2024-06-01 08:00:00,22.906303999999995,22.788465882384102,36.031631346866504,18.815294,18.311185836791992
2024-06-01 09:00:00,45.499293,98.48332950235239,56.66621838836489,58.055367,31.125560760498047
2024-06-01 10:00:00,85.18400000000003,104.23099096391645,76.99815877609036,70.63114,83.16840362548828
2024-06-01 11:00:00,146.36318299999996,151.39801387633253,124.92376215184841,125.837944,118.15667724609375
2024-06-01 12:00:00,223.648543,194.3042694731593,192.83110762787143,197.38295,191.01931762695312
2024-06-01 13:00:00,279.726264,235.0136004319496,260.03230879406846,264.8449,285.2148742675781
2024-06-01 14:00:00,240.641848,235.1577905855392,294.3918223751914,321.3887,379.8351745605469
2024-06-01 15:00:00,154.854153,203.62725093187447,199.18115112345268,208.22778,391.3321228027344
2024-06-01 16:00:00,88.71653599999999,155.51014674864706,96.70073197596462,92.4615,262.56658935546875
2024-06-01 17:00:00,36.264691,105.45217257144965,30.57679114804257,33.948246,62.79638671875
2024-06-01 18:00:00,6.028568000000001,54.107369670222496,12.793857950008439,14.084507,16.963890075683594
2024-06-01 19:00:00,3.0486249999999995,-10.08225756085504,5.519805143688606,6.4431186,9.412225723266602
2024-06-01 20:00:00,2.097152,-12.12902788330021,2.6610198888032297,4.4324,6.4014129638671875
2024-06-01 21:00:00,1.3676310000000005,-7.862608562751845,2.918999273248225,11.525583,4.620615005493164
2024-06-01 22:00:00,0.314432,-18.656329739716824,4.206105461998875,2.8387976,4.51728630065918
2024-06-01 23:00:00,0.002197,-35.04389923124745,7.113572755543576,2.1421697,5.241519927978516
2024-06-02 00:00:00,0.064,-53.03826706378099,5.225721458251814,1.2948631,3.545574188232422
2024-06-02 01:00:00,0.3429999999999999,-42.772589762133734,1.1947227563153249,1.543303,1.3815231323242188
2024-06-02 02:00:00,1.030301,-41.83424689834305,1.3757770260635684,1.8916972,2.771015167236328
2024-06-02 03:00:00,1.685159,-38.61637408271899,3.1970341742727895,2.4677649,4.233606338500977
2024-06-02 04:00:00,2.097152,-35.915892598321875,5.107559332722194,2.6064277,5.520727157592773
2024-06-02 05:00:00,1.7279999999999998,-35.85730630183363,5.576080837208426,2.4542432,5.603586196899414
2024-06-02 06:00:00,1.2597120000000002,-41.06683609946123,7.816963290708019,3.0603404,5.091039657592773
2024-06-02 07:00:00,16.194276999999996,-37.27187623767804,22.69863205444083,9.124046,5.0378265380859375
2024-06-02 08:00:00,45.499293,66.23263348223522,53.96621402272064,58.318653,9.588560104370117
2024-06-02 09:00:00,70.95794399999998,111.14685534457753,75.61543313024272,71.92256,40.17633056640625
2024-06-02 10:00:00,99.252847,137.7957886100392,105.96952755777876,107.05753,93.05294799804688
2024-06-02 11:00:00,137.38809600000002,165.84989619951523,121.1958452374069,131.3576,157.50250244140625
2024-06-02 12:00:00,202.262003,191.58441127354928,170.27149105543828,169.75366,209.24562072753906
2024-06-02 13:00:00,295.408296,219.74942020545978,235.8610435193658,242.38214,283.1058044433594
2024-06-02 14:00:00,370.146232,239.03725400298242,315.73990811275314,326.81454,373.4499816894531
2024-06-02 15:00:00,410.172407,251.1903181509652,354.3115050527082,388.79608,449.1485900878906
2024-06-02 16:00:00,406.869021,235.33074899146942,354.4372502548244,355.91367,443.5278625488281
2024-06-02 17:00:00,304.82121700000005,203.71938754133907,259.23593248315797,249.70924,343.1315002441406
2024-06-02 18:00:00,71.47337500000002,151.12831201583737,109.5440019580952,84.2455,179.51426696777344
2024-06-02 19:00:00,37.93305599999999,29.275474729246852,38.43713573510827,34.721256,31.2706356048584
2024-06-02 20:00:00,33.38624800000001,32.780832867233855,42.31104753873189,32.573402,16.711578369140625
2024-06-02 21:00:00,30.080231,43.92306843074037,40.01794773923595,30.518162,18.203582763671875
2024-06-02 22:00:00,26.463592,39.450798740591736,37.793409270394775,27.72492,21.199159622192383
2024-06-02 23:00:00,22.188041,29.10193293463273,29.291023919428508,23.864836,22.950851440429688
2024-06-03 00:00:00,17.373979,16.668397807676357,25.604641897882082,18.776604,20.795673370361328
2024-06-03 01:00:00,13.651919,12.868636186133728,14.94204428516624,15.745895,16.132705688476562
2024-06-03 02:00:00,11.852351999999996,8.94752506148805,9.41631919676836,12.052911,11.008060455322266
2024-06-03 03:00:00,11.852351999999996,5.2979169001904864,10.631999968082903,11.66528,12.241704940795898
2024-06-03 04:00:00,12.977875,6.6182986508685815,11.395044761785314,12.293956,11.437076568603516
2024-06-03 05:00:00,11.852351999999996,8.168208836630384,13.341046501493242,13.68807,11.446172714233398
2024-06-03 06:00:00,18.821096000000004,1.6314254457106188,10.304058616407197,10.643495,10.886106491088867
2024-06-03 07:00:00,0.7535710000000001,51.11724711581864,28.229430851862585,28.24417,11.081802368164062
2024-06-03 08:00:00,35.28755199999999,-16.255512389693465,24.574689789720054,24.722195,32.759517669677734
2024-06-03 09:00:00,89.31462299999998,136.575217520946,77.95187440010774,88.63142,63.97662353515625
2024-06-03 10:00:00,158.34042100000002,162.34008196789068,132.57843263084712,140.85342,153.64932250976562
2024-06-03 11:00:00,228.09913100000003,208.2065734624536,215.47538901775897,238.91505,227.11624145507812
2024-06-03 12:00:00,283.59339300000005,244.42916479614695,283.6202688657328,272.33072,314.3015441894531
2024-06-03 13:00:00,327.0827689999999,262.14721416005386,310.7246737174688,327.04294,403.68585205078125
2024-06-03 14:00:00,344.47210099999995,266.13504267246833,345.79579847059534,342.83746,453.4154968261719
2024-06-03 15:00:00,338.608873,242.72200666380212,318.36897954519804,322.629,450.0771179199219
2024-06-03 16:00:00,300.76300000000003,210.29410227033338,283.4697357650415,285.56033,419.7452697753906
2024-06-03 17:00:00,174.676879,172.3280492193328,134.92156114006062,120.55005,272.84527587890625
2024-06-03 18:00:00,23.887872,115.78932807607582,37.21624250368568,33.08409,88.67057037353516
2024-06-03 19:00:00,12.649337,13.247129225800762,18.91108401829818,19.071228,21.527267456054688
2024-06-03 20:00:00,8.869742999999998,26.907590821777248,9.320492858745274,10.849738,14.338846206665039
2024-06-03 21:00:00,9.528128,22.825368940774993,6.516794589448241,8.882808,17.351606369018555
2024-06-03 22:00:00,9.129328999999998,23.609361635173357,13.489286619079815,11.45083,13.180379867553711
2024-06-03 23:00:00,7.762391999999999,10.484683810147999,10.331090760799361,10.697441,10.157917022705078
2024-06-04 00:00:00,6.644671999999999,-1.2963005067554292,6.94883161467484,8.472125,9.115909576416016
2024-06-04 01:00:00,5.359375,-2.89381329556862,6.03105385158072,7.478231,6.1158599853515625
2024-06-04 02:00:00,3.307949,-6.204125748071064,5.3299758631198495,5.276206,5.719318389892578
2024-06-04 03:00:00,0.912673,-13.124094894939702,2.6840513880967136,2.6946952,4.954782485961914
2024-06-04 04:00:00,0.166375,-28.189001307895964,0.9121770305788287,1.12617,2.5299110412597656
2024-06-04 05:00:00,0.681472,-41.044527067795016,0.6378236876939978,0.41597256,1.1838417053222656
2024-06-04 06:00:00,3.723875000000001,-27.73736090959784,2.1003952097283602,2.2829974,3.0405654907226562
2024-06-04 07:00:00,40.001688,12.585309504059381,22.8635147127329,15.039754,9.95574951171875
2024-06-04 08:00:00,103.823,135.96830616660515,101.38824982497266,105.64138,52.16212463378906
2024-06-04 09:00:00,138.991832,187.52663584559713,158.65722419152138,170.68356,127.36026000976562
2024-06-04 10:00:00,193.100552,203.15546847404266,179.96995677914376,171.94887,226.97911071777344
2024-06-04 11:00:00,273.35944900000004,242.80025848701484,226.75388259611827,237.21725,267.1883239746094
2024-06-04 12:00:00,359.42543100000006,270.2890500178595,310.2832239965955,311.58575,354.710205078125
2024-06-04 13:00:00,428.661064,291.26726483572526,374.9352093414446,442.46362,471.0541076660156
2024-06-04 14:00:00,445.9437439999999,291.8017236689115,402.2304490205746,403.85864,506.4400939941406
2024-06-04 15:00:00,416.83272299999993,268.3895612575493,386.55414399208325,364.1878,522.94091796875
2024-06-04 16:00:00,353.39324300000004,227.78664033940112,330.1578464263332,319.09296,485.3189392089844
2024-06-04 17:00:00,222.54501599999995,180.60792037608792,219.67031395566667,182.1047,372.3714294433594
2024-06-04 18:00:00,30.371328,119.76823736483733,72.39712239844641,63.339222,167.2913055419922
2024-06-04 19:00:00,13.481272,-3.871698848324769,26.365222160030303,22.463022,17.952823638916016
2024-06-04 20:00:00,7.762391999999999,12.987059213070665,10.957088939020712,12.444723,11.334924697875977
2024-06-04 21:00:00,6.967870999999999,14.130724012056248,5.836240902605306,7.0785556,11.774673461914062
2024-06-04 22:00:00,7.414874999999999,20.86559258157628,7.167642383545663,6.7140923,11.404794692993164
2024-06-04 23:00:00,8.741816,13.77034107455269,8.01803810302672,7.434031,10.525232315063477
2024-06-05 00:00:00,10.360232000000002,11.11819618769843,10.04939620360387,9.970716,11.849559783935547
2024-06-05 01:00:00,12.977875,17.163132225093975,12.11662010192377,10.822438,9.874351501464844
2024-06-05 02:00:00,17.576,25.327974783252827,15.049770339676025,14.489367,9.080558776855469
2024-06-05 03:00:00,19.248832000000004,34.20103139891522,28.080190608299393,21.105932,9.400627136230469
2024-06-05 04:00:00,18.821096000000004,31.96525492977635,18.48133161027684,18.418184,10.579313278198242
2024-06-05 05:00:00,13.823999999999998,28.657505467334502,17.98942271972435,17.667156,10.110769271850586
2024-06-05 06:00:00,16.974592999999995,11.43965272815457,9.492728569614636,10.789544,8.916191101074219
2024-06-05 07:00:00,1.2597120000000002,45.666435357978074,16.09209038444946,20.126049,7.476324081420898
2024-06-05 08:00:00,12.326391,-12.023454510165564,32.687141603014645,33.325264,21.341995239257812
2024-06-05 09:00:00,25.153757,63.49206250287425,52.859741030393934,57.629673,42.10112762451172
2024-06-05 10:00:00,51.478848000000006,67.09356546220319,49.01731421893417,52.04105,103.47416687011719
2024-06-05 11:00:00,92.959677,104.95194618781592,82.35425399321475,86.57799,112.21366882324219
2024-06-05 12:00:00,167.28415099999998,145.54775014471778,136.859152051443,135.80104,153.61427307128906
2024-06-05 13:00:00,258.474853,202.7448561560011,221.85532827746235,224.0793,228.5531463623047
2024-06-05 14:00:00,205.37900000000005,194.63229905096983,291.65358928567707,305.7464,375.60931396484375
2024-06-05 15:00:00,101.194696,148.97546681259456,147.48802319785563,125.76167,409.5735168457031
2024-06-05 16:00:00,49.430863,92.82846640823966,47.972621771413806,50.510647,203.43186950683594
2024-06-05 17:00:00,25.934336,72.08578060875551,21.23245197793057,32.25599,26.766639709472656
2024-06-05 18:00:00,3.944312000000001,57.527708969009566,14.762760804869217,21.91188,13.49085807800293
2024-06-05 19:00:00,5.929741000000001,-4.734577328686186,2.7436070614014647,6.729755,10.05937385559082
2024-06-05 20:00:00,10.648000000000003,4.682043918449708,9.304658634475139,8.834369,6.127708435058594
2024-06-05 21:00:00,9.393930999999998,12.24311504249981,18.800747587360313,15.243759,8.131210327148438
2024-06-05 22:00:00,8.242408,-2.251372661967139,9.112928382130022,9.101509,11.845211029052734
2024-06-05 23:00:00,7.529535999999999,2.065229033166119,6.9929376956293,7.5473394,10.905540466308594
2024-06-06 00:00:00,5.832000000000001,4.017846119176255,7.039162259332377,7.153132,8.371753692626953
2024-06-06 01:00:00,3.241792,-1.0868973343994384,5.317711239158678,5.9915853,7.901803970336914
2024-06-06 02:00:00,0.8305839999999999,-6.22661942157211,2.3383092844040076,3.1710043,5.420803070068359
2024-06-06 03:00:00,14.348907000000002,-41.526277395845085,0.8630278443064924,1.3593992,3.5207672119140625
2024-06-06 04:00:00,41.421736,46.292536453393424,38.74602687056705,37.5711,1.6736564636230469
2024-06-06 05:00:00,58.86386900000001,67.44473728763826,81.68738951881092,78.524445,39.41518783569336
2024-06-06 06:00:00,64.96480799999998,77.0757808558699,72.06077890971856,83.98981,36.74043273925781
2024-06-06 07:00:00,11.852351999999996,89.39735139365011,73.85684377785404,74.84166,39.97353744506836
2024-06-06 08:00:00,3.176523,16.83973066976914,13.195178003526554,14.088236,30.347915649414062
2024-06-06 09:00:00,29.791000000000004,16.951967828915812,13.680776117246607,7.0716825,18.64130973815918
2024-06-06 10:00:00,81.74650399999999,91.71934736157122,77.70849231716343,73.28594,32.890037536621094
2024-06-06 11:00:00,151.41943700000002,130.0614641536224,130.96663991195538,132.21413,138.63133239746094
2024-06-06 12:00:00,223.648543,188.14098718151638,198.8147590822279,194.09467,182.45794677734375
2024-06-06 13:00:00,274.625,226.5466988419941,273.9174589507585,260.80466,280.14398193359375
2024-06-06 14:00:00,279.726264,244.9356350264237,295.8099469858782,290.64273,366.78558349609375
2024-06-06 15:00:00,260.917119,218.82252759504468,260.2007013255502,277.83856,378.2972106933594
2024-06-06 16:00:00,229.220928,180.20281135169864,205.648145083041,215.07016,288.3566589355469
2024-06-06 17:00:00,170.95387499999998,137.7235458512913,130.4722993977766,122.63467,222.85671997070312
2024-06-06 18:00:00,35.93699999999999,102.72979805737127,45.87652047785771,35.824287,64.73607635498047
2024-06-06 19:00:00,21.253933,20.641251460937795,29.055290708192725,24.669096,23.75333023071289
2024-06-06 20:00:00,21.253933,41.78898889397455,16.87998827983595,17.328278,17.434532165527344
2024-06-06 21:00:00,19.465109,42.03254625443664,20.75465175221629,19.186848,14.770135879516602
2024-06-06 22:00:00,17.984728,28.15584069798807,18.244339109001753,17.779694,13.644248962402344
2024-06-06 23:00:00,16.974592999999995,21.539264039279047,16.333967970955467,16.57969,16.04141616821289
2024-06-07 00:00:00,16.974592999999995,12.772360839603394,15.69115703232838,15.159966,13.033576965332031
2024-06-07 01:00:00,16.581374999999998,16.831487966744177,16.493768905252285,15.8255005,13.493961334228516
2024-06-07 02:00:00,15.069223000000004,20.343471947777147,16.05557847857964,15.657543,10.927421569824219
2024-06-07 03:00:00,13.651919,19.866035008977832,13.505894515490711,13.747644,12.05833625793457
2024-06-07 04:00:00,12.166999999999998,25.585426025643287,11.78865323648241,11.907255,8.524415969848633
2024-06-07 05:00:00,8.0,16.764113500687415,11.205118377145839,10.861481,10.627128601074219
2024-06-07 06:00:00,7.762391999999999,-1.1076648823999449,7.166725474706061,7.393012,7.653850555419922
2024-06-07 07:00:00,22.425767999999994,18.16781983902696,15.469421559379077,19.852268,9.232479095458984
2024-06-07 08:00:00,78.402752,69.85052256463554,50.06718402018119,47.47645,31.454952239990234
2024-06-07 09:00:00,128.024064,146.6861626562964,125.02163455863588,126.03012,75.73799133300781
2024-06-07 10:00:00,191.102976,177.18825485187074,173.27991207690062,183.67673,194.9387969970703
2024-06-07 11:00:00,268.33612500000004,219.65269600776423,234.31847497522193,242.30719,252.3011016845703
2024-06-07 12:00:00,340.0683920000001,254.4504277141309,321.3216570795474,320.4823,359.5884094238281
2024-06-07 13:00:00,385.82835200000005,273.40738625434284,373.82419127366086,374.40692,433.38165283203125
2024-06-07 14:00:00,415.160936,275.7392879040936,392.53241604524123,426.00073,466.5127258300781
2024-06-07 15:00:00,390.61789099999993,252.03017795234507,381.1028041870745,369.5237,457.9067687988281
2024-06-07 16:00:00,329.939371,200.7381529216393,315.0296479813333,326.50592,428.0040283203125
2024-06-07 17:00:00,239.483061,161.44044855430008,199.0164735100001,176.63907,292.13055419921875
2024-06-07 18:00:00,50.653000000000006,126.26291126119212,79.42429790413475,75.98171,83.32039642333984
2024-06-07 19:00:00,25.412184,22.24764381525084,30.76228013606384,31.135246,26.69857406616211
2024-06-07 20:00:00,21.951999999999995,34.51539344985527,20.711864828182964,21.889677,17.983552932739258
2024-06-07 21:00:00,19.465109,41.19846137687286,19.74712229127702,19.558565,19.025136947631836
2024-06-07 22:00:00,16.974592999999995,35.98430631824645,17.887002836957365,17.186573,17.31401824951172
2024-06-07 23:00:00,14.886936,26.86483992456671,15.011029997238056,14.533633,15.897825241088867
2024-06-08 00:00:00,13.312053000000002,15.983658557348036,13.641290660718237,13.530658,13.19621467590332
2024-06-08 01:00:00,12.649337,15.384825864363833,10.339247536811097,11.755912,11.3443603515625
2024-06-08 02:00:00,12.487167999999995,14.383118672667521,11.508388798130941,11.64362,9.262996673583984
2024-06-08 03:00:00,10.503459,13.000784176317026,12.12896091855607,12.492102,10.664011001586914
2024-06-08 04:00:00,9.393930999999998,6.389663627788238,9.244233149135724,9.679288,9.844745635986328
2024-06-08 05:00:00,8.365426999999997,2.8668415557733766,8.9044248139043,8.637511,8.912031173706055
2024-06-08 06:00:00,19.683000000000003,-1.5518775473722854,7.572138373573301,7.8643312,8.163572311401367
2024-06-08 07:00:00,33.38624800000001,53.45563276706868,44.971045696929934,48.63734,9.787004470825195
2024-06-08 08:00:00,48.627125,83.6954192511818,53.254989624818066,43.704502,50.28965759277344
2024-06-08 09:00:00,94.81881599999996,101.36213357604002,61.9216199916074,63.718945,65.71083068847656
2024-06-08 10:00:00,155.720872,156.94450527382725,140.98625661095122,153.72273,113.84437561035156
2024-06-08 11:00:00,184.22000900000003,193.22059505095308,205.04525951614877,211.07008,228.35328674316406
2024-06-08 12:00:00,174.676879,195.9942289977991,209.25980164102555,200.25703,295.9611511230469
2024-06-08 13:00:00,162.771336,181.14716201648025,167.19723819333086,183.80418,262.57562255859375
2024-06-08 14:00:00,181.321496,162.9529431775946,139.3101634835279,134.69661,240.08628845214844
2024-06-08 15:00:00,194.104539,155.6137105558978,153.32796620005115,156.72551,265.3963928222656
2024-06-08 16:00:00,170.95387499999998,137.97635111696337,176.06156251439413,178.16302,262.4731140136719
2024-06-08 17:00:00,122.023936,101.25954895140553,104.85814717248091,110.33201,185.39483642578125
2024-06-08 18:00:00,29.503629,67.4100283480599,30.02929557560278,30.07801,45.99751281738281
2024-06-08 19:00:00,21.951999999999995,2.175842661502614,22.863959257960754,21.57256,16.230409622192383
2024-06-08 20:00:00,24.642171000000005,27.592104478127297,16.461051945746068,18.126999,8.971944808959961
2024-06-08 21:00:00,23.639903000000004,35.85365185936094,25.128057789090672,24.666843,14.842767715454102
2024-06-08 22:00:00,19.248832000000004,31.952071066742107,21.313951238552335,21.099411,15.569208145141602
2024-06-08 23:00:00,13.997521000000004,23.969367461336347,17.154774708866633,17.029543,17.17200469970703
2024-06-09 00:00:00,8.615124999999997,15.345879352240956,10.777452275687324,11.078253,13.533258438110352
2024-06-09 01:00:00,5.088448,6.074425152624187,5.8946720073814785,7.0053835,8.676441192626953
2024-06-09 02:00:00,4.330746999999999,-1.818109495799618,4.397853023612589,4.8009853,5.639471054077148
2024-06-09 03:00:00,4.019679000000001,-7.5227919237962055,4.156743083738798,4.67678,5.158208847045898
2024-06-09 04:00:00,3.581577,-15.286977196002923,4.193891658730312,4.7772675,5.973608016967773
2024-06-09 05:00:00,2.8632879999999994,-14.578875379981184,3.6459678463886496,3.13898,6.101398468017578
2024-06-09 06:00:00,7.762391999999999,-19.664334173945534,4.018460077167111,4.298499,4.540021896362305
2024-06-09 07:00:00,65.45082700000002,26.230072154347326,36.3976314006713,38.447987,5.881923675537109
2024-06-09 08:00:00,181.321496,158.49366221052492,132.5024606265466,125.64845,29.901962280273438
2024-06-09 09:00:00,273.35944900000004,233.29434338296954,260.9079300632978,245.95387,100.71485900878906
2024-06-09 10:00:00,340.0683920000001,272.13063078087646,345.236569055621,339.65344,278.3726806640625
2024-06-09 11:00:00,384.2405829999999,293.6475479139163,392.68955701068234,391.24094,424.6951599121094
2024-06-09 12:00:00,408.518488,303.6526955038693,412.99450483460316,439.72095,467.6640930175781
2024-06-09 13:00:00,420.189749,298.5089744561692,403.96568374720556,429.8371,465.44000244140625
2024-06-09 14:00:00,392.223168,275.47929030713044,389.10290563996364,392.43417,463.537109375
2024-06-09 15:00:00,341.532099,233.13827547294858,350.5989373259724,375.53555,437.0219421386719
2024-06-09 16:00:00,287.4959999999999,186.34802034348894,262.7113280806212,252.28978,387.8231201171875
2024-06-09 17:00:00,208.52785699999995,145.74407188330042,137.3807053790482,133.13531,255.2660369873047
2024-06-09 18:00:00,40.001688,99.68560981776265,60.59802117587462,47.07477,58.52199172973633
2024-06-09 19:00:00,30.664297,-17.94984418779852,35.63221326543728,30.441214,20.78434181213379
2024-06-09 20:00:00,27.818127,10.330246172839779,26.058066636243243,28.183798,14.216798782348633
2024-06-09 21:00:00,24.642171000000005,21.329055116783096,25.515565995431317,26.483501,21.78089714050293
2024-06-09 22:00:00,20.346417,27.22622212776953,23.029851932556785,23.533257,23.228700637817383
2024-06-09 23:00:00,16.387064000000002,20.35618948954172,18.061863468824985,18.06285,21.456865310668945
2024-06-10 00:00:00,16.194276999999996,10.428397553602323,14.381430698727637,14.0261755,17.431854248046875
2024-06-10 01:00:00,17.576,19.07871934582029,15.878777424843076,15.659252,13.049825668334961
2024-06-10 02:00:00,17.576,22.64576292819676,18.069357536063443,17.608803,12.691230773925781
2024-06-10 03:00:00,15.069223000000004,21.590360279064143,17.00692153514987,16.58237,17.07526397705078
2024-06-10 04:00:00,7.414874999999999,18.442683705078494,13.136785625026402,12.780606,14.328041076660156
2024-06-10 05:00:00,3.112136,6.055535258511668,7.054086512020773,5.128785,11.581645965576172
2024-06-10 06:00:00,0.5717869999999999,1.4050475265509164,2.785896045832739,4.4794607,5.748319625854492
2024-06-10 07:00:00,4.492124999999999,0.6348592699513063,22.58554681378545,29.192905,18.368179321289062
2024-06-10 08:00:00,19.248832000000004,52.731287785160376,42.51221801199248,44.47431,65.67936706542969
2024-06-10 09:00:00,50.243409,79.27163210748209,48.867635475664926,49.242596,116.09536743164062
2024-06-10 10:00:00,101.194696,120.52348717453224,94.28686555058,85.4817,130.04220581054688
2024-06-10 11:00:00,167.28415099999998,172.41499186083553,151.784915315937,150.21606,170.5653533935547
2024-06-10 12:00:00,231.475544,213.19725043210786,213.73874648053018,226.23596,246.09901428222656
2024-06-10 13:00:00,278.445077,241.73236069301277,269.9256419233218,285.05405,329.19049072265625
2024-06-10 14:00:00,295.408296,247.7632911048815,285.95738745868533,320.93686,382.1978759765625
2024-06-10 15:00:00,265.847707,232.7202590088835,271.31697690183483,291.29163,401.6690368652344
2024-06-10 16:00:00,216.0,190.01623921714003,220.3809396828092,215.88042,376.8560485839844
2024-06-10 17:00:00,151.41943700000002,149.52713248347555,106.78879291273427,94.32053,243.28431701660156
2024-06-10 18:00:00,27.543608,112.95923856760363,34.58474762564552,35.490368,46.74736785888672
2024-06-10 19:00:00,20.346417,3.1814668078722548,24.38960992122548,23.416092,22.85988998413086
2024-06-10 20:00:00,14.348907000000002,16.63799024341391,15.719770728365761,16.748373,14.856000900268555
2024-06-10 21:00:00,8.869742999999998,11.250681022102157,10.695449446199316,12.138062,19.027612686157227
2024-06-10 22:00:00,5.832000000000001,4.831173227531536,6.294313363169326,6.662625,13.068519592285156
2024-06-10 23:00:00,5.088448,-5.679148745782399,4.689551638020793,5.052414,7.672046661376953
2024-06-11 00:00:00,5.832000000000001,-8.999033116494331,4.861483174606618,5.1299825,6.204044342041016
2024-06-11 01:00:00,7.301384,-4.353528129360171,6.762818754153344,6.8782754,5.502857208251953
2024-06-11 02:00:00,8.242408,-2.261562331362512,8.261478494540103,7.9658847,6.693389892578125
2024-06-11 03:00:00,8.120600999999997,-3.407043501561162,8.619594737745622,8.865871,7.346780776977539
2024-06-11 04:00:00,6.858999999999999,-4.9761542828055525,7.826773517175773,7.8263736,6.101446151733398
2024-06-11 05:00:00,4.410943999999999,-9.316240954598754,6.617506713928662,6.2265344,5.841091156005859
2024-06-11 06:00:00,2.248091,-20.217388320312097,3.776556310705502,3.872564,4.218587875366211
2024-06-11 07:00:00,12.487167999999995,-5.6114307490352076,16.7944086762763,17.876547,5.507785797119141
2024-06-11 08:00:00,40.353607,63.654515460189984,47.75037656673709,56.105972,28.659488677978516
2024-06-11 09:00:00,74.618461,109.76216294680496,90.08445506280486,72.14239,94.82347869873047
2024-06-11 10:00:00,125.0,141.09224941676092,119.07254737863148,120.30426,133.67788696289062
2024-06-11 11:00:00,194.104539,188.26244961794947,167.3162491247531,171.84598,185.48861694335938
2024-06-11 12:00:00,274.625,218.57585422906942,237.15390433745023,246.84248,278.7859802246094
2024-06-11 13:00:00,334.25538400000005,254.04185453697585,307.6029757889597,305.69177,387.42279052734375
2024-06-11 14:00:00,350.402625,264.8083618772716,359.5130567175596,358.053,467.74652099609375
2024-06-11 15:00:00,320.01350399999995,247.93176699334816,323.1454724752924,325.8661,481.6785888671875
2024-06-11 16:00:00,258.474853,208.6441384384878,283.19736802303777,292.52188,423.15478515625
2024-06-11 17:00:00,169.112377,159.91768543672242,124.615312547474,116.925354,313.6257019042969
2024-06-11 18:00:00,28.652616,108.30793337705718,34.31108853514494,32.58112,88.28093719482422
2024-06-11 19:00:00,25.412184,-6.319910556436227,25.122804284591716,23.911774,20.983623504638672
2024-06-11 20:00:00,17.984728,17.525623158912126,21.891168141030047,21.68945,13.583732604980469
2024-06-11 21:00:00,12.008989,14.389880240222581,15.28356612854278,15.863392,25.05514144897461
2024-06-11 22:00:00,11.239424000000003,13.605347875451145,9.246130964249474,9.3940525,21.95231819152832
2024-06-11 23:00:00,10.941048000000002,10.37619123536885,10.810386815326815,9.777859,12.932380676269531
2024-06-12 00:00:00,11.543175999999995,7.33369924352597,11.287872664927885,10.073579,11.0416259765625
2024-06-12 01:00:00,12.166999999999998,13.290786475843689,12.750970458781426,10.95509,9.869287490844727
2024-06-12 02:00:00,11.852351999999996,12.17479459074248,12.294679263058695,11.340296,8.561092376708984
2024-06-12 03:00:00,11.239424000000003,7.296411844470782,12.1455207334895,10.756144,10.059173583984375
2024-06-12 04:00:00,9.938375,5.11474747778901,10.642159009112445,9.559321,8.699638366699219
2024-06-12 05:00:00,7.414874999999999,-0.7187260336386743,9.34836138885003,8.159371,8.44875717163086
2024-06-12 06:00:00,5.177717,-9.69277494875378,6.723348544869431,6.814764,6.124910354614258
2024-06-12 07:00:00,6.967870999999999,9.326095841574144,27.69235259564195,25.940784,7.151426315307617
2024-06-12 08:00:00,44.73887499999999,29.979198861445653,42.78776882349999,49.01572,22.648855209350586
2024-06-12 09:00:00,91.733851,121.01353531257483,106.63165511366762,97.13791,84.40967559814453
2024-06-12 10:00:00,158.34042100000002,156.28807688118167,131.72157302649723,144.96437,140.9132080078125
2024-06-12 11:00:00,239.483061,208.720305265746,219.20053166085486,227.73976,218.91744995117188
2024-06-12 12:00:00,331.373888,250.42227632270232,295.45060480521767,297.68512,319.80389404296875
2024-06-12 13:00:00,392.223168,282.97880435619913,384.73434460919265,379.96854,424.33514404296875
2024-06-12 14:00:00,362.467097,289.1131748443821,399.60454052414457,387.25693,496.8045959472656
2024-06-12 15:00:00,295.408296,249.02694828698213,321.2750291541112,352.86484,496.2492980957031
2024-06-12 16:00:00,223.648543,199.06653836005017,238.75536686663625,242.93584,384.8838806152344
2024-06-12 17:00:00,131.87222899999998,148.57873668870877,108.73891699113273,91.551796,282.5014953613281
2024-06-12 18:00:00,21.024576,96.0768144851114,30.732729670743364,27.45125,56.324100494384766
2024-06-12 19:00:00,18.399744,-10.119808324076686,15.451729305237475,15.117674,18.581642150878906
2024-06-12 20:00:00,15.252992,11.844057438756238,16.27931524222596,15.194519,11.892547607421875
2024-06-12 21:00:00,13.144256,14.558804497687447,13.119459412417035,12.831861,17.657752990722656
2024-06-12 22:00:00,10.793861,19.206420271505365,10.431477728651478,10.790181,15.502948760986328
2024-06-12 23:00:00,9.261,10.937409877720015,9.06900424485996,9.317599,12.377660751342773
2024-06-13 00:00:00,8.998912,5.7403305938956635,8.667134440778433,8.699919,9.979606628417969
2024-06-13 01:00:00,9.938375,8.541488049031742,9.971413659087462,9.8199005,7.624641418457031
2024-06-13 02:00:00,10.941048000000002,7.269846719503093,13.343031755515106,10.185623,7.004215240478516
2024-06-13 03:00:00,11.543175999999995,4.651127031245181,13.13844204135801,10.499155,8.834291458129883
2024-06-13 04:00:00,11.852351999999996,0.868199717868265,12.952993580145062,10.748476,8.118316650390625
2024-06-13 05:00:00,10.503459,-3.4290860018962093,12.127506388133385,10.401395,9.039117813110352
2024-06-13 06:00:00,11.390625,-10.63614828114369,8.28162959643724,8.1142,7.86970329284668
2024-06-13 07:00:00,2.3526370000000005,20.06626327829852,22.057566199047592,32.951653,8.789358139038086
2024-06-13 08:00:00,30.959144,-2.991144663146912,29.715604502369146,22.239132,22.42571258544922
2024-06-13 09:00:00,84.60451899999998,105.1036405730869,76.54492059679752,75.220314,57.579315185546875
2024-06-13 10:00:00,183.250432,153.7928421300178,127.39206936059128,130.12097,122.75457763671875
2024-06-13 11:00:00,335.702375,224.56446935540532,261.74151662324095,268.53067,214.05116271972656
2024-06-13 12:00:00,517.7816269999998,292.1608644294475,434.93645185266644,454.9741,358.5218200683594
2024-06-13 13:00:00,674.5261329999998,348.4336080578438,599.555725838333,519.1696,511.8670959472656
2024-06-13 14:00:00,704.969,370.4574619107512,588.3010905699997,530.0791,600.2889404296875
2024-06-13 15:00:00,633.839779,342.80738279122335,507.6773406925,455.4933,623.370849609375
2024-06-13 16:00:00,517.7816269999998,292.19232858187036,448.7820662245,446.34018,577.4798583984375
2024-06-13 17:00:00,347.42892700000004,237.31780545094534,358.309877257625,266.5729,468.94873046875
2024-06-13 18:00:00,65.939264,180.91139018797634,154.04901592624998,85.12549,261.3408203125
2024-06-13 19:00:00,27.270900999999995,56.3839970636496,35.60385665506424,38.419727,54.78494644165039
2024-06-13 20:00:00,22.188041,46.66038638711176,21.95009920000134,24.389574,13.508203506469727
2024-06-13 21:00:00,16.387064000000002,49.46149977853226,21.06962001366482,19.263048,22.75328826904297
2024-06-13 22:00:00,11.852351999999996,40.53818881094527,16.866685496900377,14.967371,21.881591796875
2024-06-13 23:00:00,8.120600999999997,24.77074012659814,17.406221724257644,10.363892,18.485977172851562
2024-06-14 00:00:00,4.912999999999999,4.693190767714711,6.428351448077481,6.724169,14.101009368896484
2024-06-14 01:00:00,3.652264,-1.400557477177415,5.245818441377569,3.5647485,11.197021484375
2024-06-14 02:00:00,3.375,-1.017658185552932,4.536637025504495,3.7180817,8.040948867797852
2024-06-14 03:00:00,3.5118080000000003,-7.23044857933823,5.018327676599607,3.7746282,6.325418472290039
2024-06-14 04:00:00,3.375,-13.50620350577151,5.336252248835794,4.3139176,6.455629348754883
2024-06-14 05:00:00,3.307949,-22.332596734283328,5.099443918935858,4.036378,5.862236022949219
2024-06-14 06:00:00,2.985984,-29.12281224025942,5.841213210021819,3.888394,4.358442306518555
2024-06-14 07:00:00,23.639903000000004,-12.984160614720295,25.88755790114582,22.832153,5.5132904052734375
2024-06-14 08:00:00,87.52838400000002,93.26399047469327,73.61680367509297,63.886734,31.522579193115234
2024-06-14 09:00:00,148.035889,167.56591211476103,134.77021561736936,139.09029,100.05744934082031
2024-06-14 10:00:00,206.425071,205.63545592208726,208.22335988201723,212.13397,200.9225616455078
2024-06-14 11:00:00,260.917119,238.57761457727497,253.055241934974,264.70496,302.4555358886719
2024-06-14 12:00:00,329.939371,259.44716536770176,302.79583638501293,313.9025,365.22113037109375
2024-06-14 13:00:00,406.869021,281.40223588391785,372.21468828838886,374.4902,426.1476745605469
2024-06-14 14:00:00,454.7566090000001,279.9309064206505,398.220448162047,413.3909,474.8700256347656
2024-06-14 15:00:00,485.587656,267.2971908182181,410.27889613513884,451.1855,497.35284423828125
2024-06-14 16:00:00,481.890304,249.71348934697716,374.75757509249974,423.11444,488.60009765625
2024-06-14 17:00:00,395.446904,220.46898230423318,296.64743375399996,263.97223,444.5543212890625
2024-06-14 18:00:00,117.64900000000004,175.4681898850606,196.35610541000005,173.67967,273.5304260253906
2024-06-14 19:00:00,40.001688,62.69004349645304,38.66455962664039,30.168724,79.36504364013672
2024-06-14 20:00:00,33.38624800000001,35.49080626405747,35.16895086870988,35.381443,15.215898513793945
2024-06-14 21:00:00,28.934442999999995,56.908424206867366,31.580839040979424,28.250164,18.80422019958496
2024-06-14 22:00:00,24.137569000000003,52.91749102965365,25.650874395915476,25.46111,24.985641479492188
2024-06-14 23:00:00,20.796875,38.57358526840379,22.99170216348542,22.627552,25.283199310302734
2024-06-15 00:00:00,19.034163,26.333870058311348,20.948823509801155,18.309443,19.623729705810547
2024-06-15 01:00:00,18.191447,20.665543050781693,17.940233173259372,17.125692,14.593652725219727
2024-06-15 02:00:00,14.526784,25.7792049034354,16.762375630606652,17.349503,12.228645324707031
2024-06-15 03:00:00,9.528128,19.078466435983742,12.21271733054723,12.356903,12.933694839477539
2024-06-15 04:00:00,6.967870999999999,7.438529968091771,7.319453127218626,7.719687,9.947669982910156
2024-06-15 05:00:00,4.330746999999999,-1.1540526988478064,5.836540453801363,6.0588894,7.51817512512207
2024-06-15 06:00:00,9.393930999999998,-14.936509509664518,3.90714256884249,3.5348065,7.3414459228515625
2024-06-15 07:00:00,43.98697699999999,31.4393429809666,57.3547710211984,55.905197,10.380218505859375
2024-06-15 08:00:00,124.251499,115.92173960737973,110.02527647103624,103.6899,55.604286193847656
2024-06-15 09:00:00,223.648543,186.70907714411334,212.7318448569218,211.49654,115.80503845214844
2024-06-15 10:00:00,353.39324300000004,244.00941084224638,313.00578218621234,332.13675,253.7613525390625
2024-06-15 11:00:00,496.793088,298.0700203086058,467.7806212386664,445.80957,389.89215087890625
2024-06-15 12:00:00,638.2773809999999,340.9885185022631,567.2340738961904,529.0423,513.22216796875
2024-06-15 13:00:00,751.089429,365.5720084321193,595.7441055399996,555.88885,584.9577026367188
2024-06-15 14:00:00,786.3304670000001,371.15761759376915,601.94271378,511.2918,607.767822265625
2024-06-15 15:00:00,766.0608750000001,347.3429723149677,601.5944433614286,433.45453,606.2838745117188
2024-06-15 16:00:00,707.347971,304.6383896689337,533.3827876614288,422.41858,576.952880859375
2024-06-15 17:00:00,539.3531440000002,259.3505716117022,378.9723200314286,229.43097,495.43145751953125
2024-06-15 18:00:00,184.22000900000003,198.9089180915767,361.56774144895826,182.91122,317.8414001464844
2024-06-15 19:00:00,58.411072,91.4741189781656,72.00627270093224,88.91367,137.7806396484375
2024-06-15 20:00:00,39.651821000000005,54.17519925489198,48.202512094175816,47.626064,19.22515869140625
2024-06-15 21:00:00,28.372625,68.60141935174714,36.038247421888634,31.443644,18.923545837402344
2024-06-15 22:00:00,22.425767999999994,57.60157999997615,24.554071422956163,23.751179,25.07028579711914
2024-06-15 23:00:00,18.191447,45.06676110283719,24.007248726991126,19.39407,25.504619598388672
2024-06-16 00:00:00,13.823999999999998,31.471517323251007,19.753741872754198,17.692312,22.888713836669922
2024-06-16 01:00:00,9.938375,18.80187984427309,18.300317612759958,10.689806,20.442888259887695
2024-06-16 02:00:00,5.929741000000001,16.014162714166076,9.235323280591306,8.211014,14.497127532958984
2024-06-16 03:00:00,3.442951,6.2739375505331765,5.140853923952018,5.111252,10.070795059204102
2024-06-16 04:00:00,2.6856189999999995,-0.7497825148563209,4.0066195707225125,2.769465,9.135871887207031
2024-06-16 05:00:00,2.197,-7.396800779598948,4.994164328483341,2.2685363,9.10354995727539
2024-06-16 06:00:00,3.176523,-18.225528071759015,8.201222776924844,3.1368818,10.074665069580078
2024-06-16 07:00:00,32.461759,3.9368213807526757,29.794239053477803,20.011406,11.039663314819336
2024-06-16 08:00:00,88.71653599999999,113.42590735999885,83.98235269005667,76.00393,46.2828254699707
2024-06-16 09:00:00,153.13037499999996,163.13442130732267,134.11924541287786,138.30582,107.62675476074219
2024-06-16 10:00:00,238.32800000000003,209.16186757948037,209.725075105751,220.98058,201.4662628173828
2024-06-16 11:00:00,340.0683920000001,257.3273465934885,304.23696672990064,319.91544,295.8905029296875
2024-06-16 12:00:00,437.245479,295.99743219504745,416.3765932633332,421.51184,407.4652099609375
2024-06-16 13:00:00,523.6066160000001,319.2490867309473,466.25272271366657,464.45074,490.5606994628906
2024-06-16 14:00:00,575.930368,322.2212851471148,537.8144621419998,442.4863,524.0869750976562
2024-06-16 15:00:00,561.515625,311.5698547350857,524.6300581061247,428.77353,533.4535522460938
2024-06-16 16:00:00,487.443403,273.75988019312456,458.4420249715533,412.95517,522.2913208007812
2024-06-16 17:00:00,353.39324300000004,220.7930162523919,264.41505275399993,231.35342,441.6592102050781
2024-06-16 18:00:00,91.125,163.71276560141905,156.95637569500002,83.70388,245.87335205078125
2024-06-16 19:00:00,32.76800000000001,48.253714947937496,40.59519301418493,41.82391,53.497596740722656
2024-06-16 20:00:00,24.137569000000003,31.127603496295436,28.661020458509164,27.801682,13.12611198425293
2024-06-16 21:00:00,18.609625,44.10236775371972,21.433105582302414,21.60104,16.87735366821289
2024-06-16 22:00:00,12.977875,39.862630701726445,17.117563706987056,16.751825,18.85028839111328
2024-06-16 23:00:00,8.615124999999997,23.85258794905174,9.738146580773966,9.885015,17.106689453125
2024-06-17 00:00:00,6.028568000000001,8.972363143671004,5.852289779634606,6.7039833,13.02250862121582
2024-06-17 01:00:00,4.826809,5.934162516243617,5.026452991594883,5.2814445,9.974931716918945
2024-06-17 02:00:00,4.330746999999999,7.381027671109862,5.0411749692979235,4.654806,6.609729766845703
2024-06-17 03:00:00,4.330746999999999,2.3971964502409406,6.107663749407894,4.5092154,7.821937561035156
2024-06-17 04:00:00,4.410943999999999,-1.0096727653701123,7.041160011554798,4.612422,6.582742691040039
2024-06-17 05:00:00,3.796416,-7.9595075867337926,6.61155274344472,4.255813,5.709955215454102
2024-06-17 06:00:00,4.741631999999999,-17.545622993042684,6.040004844918604,4.3454113,5.763736724853516
2024-06-17 07:00:00,41.781923000000006,7.6051993269945655,26.836769537578377,33.673717,7.98089599609375
2024-06-17 08:00:00,129.55421599999997,131.2093747590677,112.33504325039172,110.53667,53.70759201049805
2024-06-17 09:00:00,208.52785699999995,203.20895210909686,227.723072398897,233.83595,135.18479919433594
2024-06-17 10:00:00,295.408296,242.4086764588472,289.3931829264898,289.47702,272.8172302246094
2024-06-17 11:00:00,392.223168,282.57311373949597,354.03892627875,357.26074,372.5592041015625
2024-06-17 12:00:00,474.552,311.1141704122831,471.4489150738332,522.1508,477.1480407714844
2024-06-17 13:00:00,519.7184639999998,315.32071472536927,472.5743617063332,516.7781,547.0952758789062
2024-06-17 14:00:00,521.6601250000001,306.7271350664073,507.7139597619998,461.11014,554.9721069335938
2024-06-17 15:00:00,489.303872,282.2166492816009,456.17768687812475,454.27585,535.373046875
2024-06-17 16:00:00,438.976,245.56932359127404,376.6978374359998,389.04962,492.36688232421875
2024-06-17 17:00:00,308.915776,204.62976362607174,233.35504886828568,166.90617,411.4806213378906
2024-06-17 18:00:00,85.18400000000003,154.61835308879137,113.4239361135752,114.31026,229.96475219726562
2024-06-17 19:00:00,32.461759,57.27885552036834,42.32658947124134,39.804405,46.008792877197266
2024-06-17 20:00:00,21.717639,41.87024322346157,29.42577356967748,28.988102,14.651102066040039
2024-06-17 21:00:00,15.625,46.37212771725352,17.443068552735568,18.275593,19.95993995666504
2024-06-17 22:00:00,11.697083,37.252162583974055,14.096469906410894,13.068009,22.349563598632812
2024-06-17 23:00:00,9.129328999999998,22.529225954808524,10.216936539311758,9.191776,21.784320831298828
2024-06-18 00:00:00,7.301384,12.547602712891887,7.673639151010516,8.094965,17.07402801513672
2024-06-18 01:00:00,5.929741000000001,7.790034174840798,6.857366336026765,6.3113837,14.924301147460938
2024-06-18 02:00:00,6.128487000000001,8.567807212326485,6.8581509337532145,5.947365,10.126781463623047
2024-06-18 03:00:00,6.644671999999999,9.517416059490898,9.90095412326229,8.289746,7.810426712036133
2024-06-18 04:00:00,6.967870999999999,4.551110057431714,8.796463709727332,7.6506867,6.686952590942383
2024-06-18 05:00:00,6.539203000000001,-3.1184232218993344,7.861056638296259,7.587084,6.051425933837891
2024-06-18 06:00:00,31.554496000000004,-10.061441079599831,7.543399295942205,6.6612835,7.064079284667969
2024-06-18 07:00:00,152.273304,87.73910557128413,75.09819577411113,65.64648,12.480913162231445
2024-06-18 08:00:00,337.153536,218.57766974496326,225.86005350116054,232.77231,116.69851684570312
2024-06-18 09:00:00,458.314011,294.0030755441402,428.57648146999986,424.3484,280.2974853515625
2024-06-18 10:00:00,527.514112,326.3618196964279,526.9762043838946,584.7418,469.5355224609375
2024-06-18 11:00:00,569.7227889999998,343.862604278334,564.376034203333,555.6713,577.1338500976562
2024-06-18 12:00:00,607.6454230000002,347.5896962029279,528.6384151253868,574.4092,594.1994018554688
2024-06-18 13:00:00,633.839779,337.043933347004,544.8277179504282,474.01785,588.9761962890625
2024-06-18 14:00:00,596.947688,317.7512921403097,529.4175548314286,413.077,563.0880126953125
2024-06-18 15:00:00,541.343375,277.3980179265649,489.88888394142833,376.49234,543.8491821289062
2024-06-18 16:00:00,480.048687,237.61846358749415,422.3853870390534,367.07608,497.0194091796875
2024-06-18 17:00:00,345.9484079999999,196.3697072187959,263.976424734,254.90593,423.09356689453125
2024-06-18 18:00:00,84.027672,139.11176051068912,161.46874065499998,112.99946,239.9574737548828
2024-06-18 19:00:00,31.554496000000004,33.28993564437734,43.79453885344992,38.29691,51.28812026977539
2024-06-18 20:00:00,26.730899000000004,37.946610215721066,24.155055144794296,26.753805,12.339597702026367
2024-06-18 21:00:00,21.951999999999995,59.11732200288559,23.504226650757506,24.499907,17.931556701660156
2024-06-18 22:00:00,15.252992,54.8197809635969,21.29009817580129,19.546501,25.008865356445312
2024-06-18 23:00:00,10.941048000000002,38.16391847093128,16.142659859622952,12.229275,26.141876220703125
2024-06-19 00:00:00,8.741816,24.172701464930824,11.767231572179298,9.778797,20.156757354736328
2024-06-19 01:00:00,7.301384,20.21172521656615,7.202053743869008,8.317406,17.24791145324707
2024-06-19 02:00:00,5.088448,19.175729936545935,6.630410458639128,6.3967047,13.504732131958008
2024-06-19 03:00:00,5.177717,8.711946367777486,5.726572008134857,4.3626986,11.07220458984375
2024-06-19 04:00:00,5.451776,6.604989978873775,6.4580073549451935,6.3846874,5.240200042724609
2024-06-19 05:00:00,3.869893,3.2018009551722884,6.470187715793095,5.589928,6.382490158081055
2024-06-19 06:00:00,0.300763,-8.541844775061051,4.938534289287264,4.706271,3.8848495483398438
2024-06-19 07:00:00,32.15743200000001,-29.291719911804165,27.228285769207442,17.732769,15.031906127929688
2024-06-19 08:00:00,109.215352,128.19646395920762,83.92625147915106,75.52115,56.639678955078125
2024-06-19 09:00:00,183.250432,180.20652953888685,185.06048136491935,191.95541,152.6470489501953
2024-06-19 10:00:00,254.840104,223.34688376623524,237.45789388357332,251.64604,273.38751220703125
2024-06-19 11:00:00,340.0683920000001,262.11142047925995,322.74670354663357,339.00113,343.833984375
2024-06-19 12:00:00,438.976,297.33790258833653,398.04139049890443,412.8932,444.96160888671875
2024-06-19 13:00:00,543.3384960000001,316.8602253751854,459.67946731670315,470.44897,507.2064514160156
2024-06-19 14:00:00,575.930368,322.821738845757,540.570143548833,484.90027,539.9493408203125
2024-06-19 15:00:00,529.4751289999999,296.1910690794184,511.25924730612473,449.6598,552.3875732421875
2024-06-19 16:00:00,418.5089920000001,253.86078053964275,444.5252920030532,432.78882,513.1571044921875
2024-06-19 17:00:00,228.09913100000003,201.6634046668442,213.38974508666658,205.56471,401.96502685546875
2024-06-19 18:00:00,54.01015199999999,132.58033652107775,75.96788410768828,69.13409,169.57118225097656
2024-06-19 19:00:00,11.852351999999996,48.04529990135818,28.800309120657534,30.015917,18.006912231445312
2024-06-19 20:00:00,5.832000000000001,21.987659152956766,10.865454307488045,25.297365,11.891450881958008
2024-06-19 21:00:00,2.985984,23.414954971068497,6.207414542204544,6.241453,8.279895782470703
2024-06-19 22:00:00,1.685159,12.878263024750964,3.5786280048106653,3.7765467,7.742000579833984
2024-06-19 23:00:00,1.5608959999999996,-0.5673635546641123,7.63314171899632,3.5752199,7.275291442871094
2024-06-20 00:00:00,2.000376,-5.589903551854505,6.305107170659739,3.3937538,7.37156867980957
2024-06-20 01:00:00,3.307949,-9.229378252995303,6.371414176457567,5.0912895,6.733755111694336
2024-06-20 02:00:00,6.028568000000001,3.788299212224203,6.003509358387863,4.93745,4.776430130004883
2024-06-20 03:00:00,9.528128,19.65614295163121,11.051576292899266,9.294889,5.445411682128906
2024-06-20 04:00:00,11.852351999999996,27.071627417353326,17.790714287852186,13.732975,7.129142761230469
2024-06-20 05:00:00,8.741816,35.146427244243895,16.747463294763808,12.440841,9.292245864868164
2024-06-20 06:00:00,9.938375,34.23508823286808,7.521067370464526,19.523737,10.051149368286133
2024-06-20 07:00:00,3.0486249999999995,34.06065280882585,14.083795405652591,15.953659,8.364675521850586
2024-06-20 08:00:00,7.645372999999999,-12.364127569123752,23.76258219747966,21.763754,15.524736404418945
2024-06-20 09:00:00,17.576,9.360828488644614,31.151269825160327,34.7017,28.25229263305664
2024-06-20 10:00:00,25.153757,31.27217866276426,35.1605092368804,35.6835,64.08834838867188
2024-06-20 11:00:00,31.855013,35.64401704062949,35.38178140022224,35.174213,79.8729248046875
2024-06-20 12:00:00,40.707584,42.64021059322674,46.95298971738351,49.00149,65.7046890258789
2024-06-20 13:00:00,49.430863,67.085639651363,50.24615278037572,46.68508,77.00241088867188
2024-06-20 14:00:00,49.027896000000005,80.33988083389535,55.61229649691277,51.76183,84.07659912109375
2024-06-20 15:00:00,45.499293,53.318678803570734,42.31976046838553,44.596832,79.01006317138672
2024-06-20 16:00:00,40.707584,30.553546433253146,37.40956505096816,40.06008,62.13071823120117
2024-06-20 17:00:00,30.371328,15.810496523950931,28.42363248340251,26.931963,53.50141906738281
2024-06-20 18:00:00,4.826809,0.5650429726402137,10.284807344789613,9.596414,23.072368621826172
2024-06-20 19:00:00,2.0483830000000003,-41.29231046924973,2.6631565924807603,1.7972872,6.141115188598633
2024-06-20 20:00:00,0.148877,-23.36676401292972,1.4786595773972315,1.202636,2.4361915588378906
2024-06-20 21:00:00,0.0269999999999999,-46.71561228394525,0.9877072693683167,1.3967019,2.552196502685547
2024-06-20 22:00:00,1.2597120000000002,-33.02210996029534,1.0806507791628777,1.3551073,0.7969551086425781
2024-06-20 23:00:00,4.574296,-1.1965155543962993,4.0222834003210135,3.5297792,1.0173416137695312
2024-06-21 00:00:00,7.414874999999999,11.408040881769239,7.832505759208448,8.311165,7.915163040161133
2024-06-21 01:00:00,8.869742999999998,15.383451104857215,9.873651088159258,8.558604,9.395570755004883
2024-06-21 02:00:00,8.741816,19.794556847434322,9.970133067123541,8.945009,9.947248458862305
2024-06-21 03:00:00,7.301384,21.043735972875467,7.972510413776863,8.067269,10.248931884765625
2024-06-21 04:00:00,4.826809,11.05825068849471,6.354980058302397,6.41635,6.615453720092773
2024-06-21 05:00:00,1.860867,2.7334296942419343,4.098385145333051,3.539475,5.904848098754883
2024-06-21 06:00:00,1.6016129999999995,-1.609137770900574,3.092571307010999,2.2819088,3.0217323303222656
2024-06-21 07:00:00,3.442951,-3.563211594803022,4.858296955464581,3.7644875,2.800537109375
2024-06-21 08:00:00,1.092727,1.9433312573018071,10.640703002394682,6.232014,9.479156494140625
2024-06-21 09:00:00,0.421875,-44.38108638683325,7.364742036460298,3.1338618,17.3968563079834
2024-06-21 10:00:00,0.8043570000000001,-51.9727352302993,7.5139039719896985,6.8710628,16.30126953125
2024-06-21 11:00:00,3.375,-38.43184009380454,7.955387464145349,4.73468,12.612686157226562
2024-06-21 12:00:00,14.706125000000004,-7.20578614375701,11.09592827290932,17.307127,13.245962142944336
2024-06-21 13:00:00,42.50854900000001,50.63529958589346,28.453364391932908,30.418795,21.379302978515625
2024-06-21 14:00:00,59.77647100000001,103.35075919356716,73.43186140908797,71.82884,42.60438919067383
2024-06-21 15:00:00,51.064811,130.14993533468805,49.72738760871308,51.485695,68.06263732910156
2024-06-21 16:00:00,34.64597599999999,106.60402241568663,40.10029080810284,35.495266,41.55854797363281
2024-06-21 17:00:00,19.034163,64.5052728615595,11.788820224604253,12.624273,19.921010971069336
2024-06-21 18:00:00,4.574296,21.24697072533398,7.600060482386961,7.9197097,9.602375030517578
2024-06-21 19:00:00,3.869893,-13.1034154958503,2.3362622188470716,1.9959955,5.214313507080078
2024-06-21 20:00:00,2.6856189999999995,2.468826129154735,4.258848054341662,3.275927,4.258892059326172
2024-06-21 21:00:00,1.0612080000000002,-9.659500647869336,2.6365351507512838,3.1259174,6.14747428894043
2024-06-21 22:00:00,0.300763,-26.120007655863574,1.1096761128158823,2.0019238,4.5753631591796875
2024-06-21 23:00:00,0.8043570000000001,-43.00216473704231,0.9699218099514296,0.94631,1.758544921875
2024-06-22 00:00:00,2.097152,-31.474261606503006,1.9548011511269194,1.9292624,0.963897705078125
2024-06-22 01:00:00,3.176523,-24.255867763379683,3.9942788680969015,3.6546857,2.9866294860839844
2024-06-22 02:00:00,3.796416,-21.635632099938093,3.864513517114222,3.7886698,3.052295684814453
2024-06-22 03:00:00,3.869893,-21.240214167769665,4.515709924465421,4.105274,3.3383407592773438
2024-06-22 04:00:00,3.581577,-17.34473682517131,4.0895136792001745,3.794821,2.9040298461914062
2024-06-22 05:00:00,2.248091,-16.79855525509069,3.569204748222093,3.2786283,3.1918601989746094
2024-06-22 06:00:00,0.7290000000000001,-24.64887834573294,3.3655510682765617,3.4604194,2.6867027282714844
2024-06-22 07:00:00,0.039304,-27.137440885409887,3.831363531234774,2.3836417,3.539398193359375
2024-06-22 08:00:00,1.4815439999999995,-40.46869898061826,7.508598729634672,4.443109,9.503259658813477
2024-06-22 09:00:00,7.880599,0.5925672371567998,10.873955510900643,8.84286,19.744993209838867
2024-06-22 10:00:00,22.425767999999994,32.5828839378738,23.105767937014416,21.425638,31.057872772216797
2024-06-22 11:00:00,45.882712000000005,73.97915001024548,42.05963449927595,41.88122,33.852378845214844
2024-06-22 12:00:00,75.68696700000002,114.72705381542228,63.70794464228906,64.582855,43.931358337402344
2024-06-22 13:00:00,100.54462500000002,146.960382653995,103.23119541658991,102.76599,67.99775695800781
2024-06-22 14:00:00,82.88185600000001,162.31394351522067,116.35131422449021,102.36762,105.58953857421875
2024-06-22 15:00:00,49.027896000000005,118.92606697517864,68.85514503056747,56.63367,103.01519775390625
2024-06-22 16:00:00,24.897088,66.94706337823978,25.214068724535224,22.57367,44.35102081298828
2024-06-22 17:00:00,10.941048000000002,27.03858568386663,10.676827978730016,10.513702,14.02505111694336
2024-06-22 18:00:00,2.097152,-2.5824331138828,4.476812514952484,4.371682,4.921167373657227
2024-06-22 19:00:00,2.248091,-31.19172849001238,1.2779825504686257,0.42698884,2.337390899658203
2024-06-22 20:00:00,3.307949,-14.48008005481968,5.432114724740723,5.0220084,2.1076316833496094
2024-06-22 21:00:00,5.000210999999999,-18.429513743413807,5.335574701223273,5.0941644,4.477256774902344
2024-06-22 22:00:00,6.644671999999999,-14.023952460303505,7.4951607112387695,6.9656596,5.658441543579102
2024-06-22 23:00:00,7.414874999999999,-7.077644276053562,7.702123145890946,7.0794725,6.6288299560546875
2024-06-23 00:00:00,7.414874999999999,0.7445390149230207,8.39825868748797,7.8794174,7.4120025634765625
2024-06-23 01:00:00,7.189056999999999,-0.166555851274083,7.025530779375366,7.3305717,6.363790512084961
2024-06-23 02:00:00,6.858999999999999,-5.393413510504843,6.634019701520461,6.968742,5.035053253173828
2024-06-23 03:00:00,6.434856000000001,-8.96634176337615,6.402511037144217,6.8154855,5.241426467895508
2024-06-23 04:00:00,7.645372999999999,-13.263719781914546,6.251815316515371,6.253553,3.8635635375976562
2024-06-23 05:00:00,8.489664000000001,-8.980888860877684,8.63084476251141,7.6957273,4.800701141357422
2024-06-23 06:00:00,14.348907000000002,0.7265403442752358,8.797214910965135,9.578193,5.867252349853516
2024-06-23 07:00:00,1.5608959999999996,34.91141044368716,17.99123822630832,15.640432,7.881206512451172
2024-06-23 08:00:00,1.0612080000000002,-28.388899092740445,6.316233752286037,3.4565418,14.31081771850586
2024-06-23 09:00:00,5.451776,-14.031828105517377,9.413004251660162,8.324099,16.929428100585938
2024-06-23 10:00:00,17.373979,14.608644233788866,22.314405583472045,18.691025,21.27436065673828
2024-06-23 11:00:00,35.28755199999999,48.314848589578574,35.970261049859076,36.024902,32.83352279663086
2024-06-23 12:00:00,54.439939,79.32258865605915,52.60677688099203,53.08086,49.09064483642578
2024-06-23 13:00:00,72.511713,112.30783942366519,70.75863840921272,72.293434,71.20411682128906
2024-06-23 14:00:00,74.618461,127.08874003018117,84.3851497429421,80.02492,81.3614501953125
2024-06-23 15:00:00,61.629875000000006,119.46221203511986,68.36796313910918,65.07595,82.8954849243164
2024-06-23 16:00:00,45.882712000000005,68.90036395774412,46.001331544417226,46.10782,53.455718994140625
2024-06-23 17:00:00,30.080231,38.84543363758702,25.09648247277378,20.346756,25.806703567504883
2024-06-23 18:00:00,5.000210999999999,29.025399645846946,8.30100326649321,9.327427,8.047821044921875
2024-06-23 19:00:00,4.657462999999999,-9.967712572528086,3.0267262508683705,1.5629387,4.889509201049805
2024-06-23 20:00:00,3.796416,16.649740140493535,3.473667952987703,3.8594413,2.7077102661132812
2024-06-23 21:00:00,2.744,4.385181799577111,4.591409738625094,3.7311628,4.502653121948242
2024-06-23 22:00:00,1.225043,-6.530350836462432,2.794673881709719,3.197754,4.570610046386719
2024-06-23 23:00:00,0.226981,-22.71195128961388,0.9606091783902887,1.5050732,2.6774024963378906
2024-06-24 00:00:00,0.050653,-35.06389965710851,0.6757247896903934,0.58990496,1.0452728271484375
2024-06-24 01:00:00,0.8305839999999999,-37.00929053149987,0.6681840061117211,0.7618669,-0.4848518371582031
2024-06-24 02:00:00,2.803221,-8.617224929015222,2.2402165033979413,2.5838318,-0.6035499572753906
2024-06-24 03:00:00,4.826809,0.26592217024450804,6.07249681474865,6.115093,5.95897102355957
2024-06-24 04:00:00,5.832000000000001,6.9798499347544265,6.923705484610434,7.2155123,5.69195556640625
2024-06-24 05:00:00,4.019679000000001,5.224703495267875,6.523096899402479,6.619383,7.372549057006836
2024-06-24 06:00:00,4.019679000000001,-1.7587638905120428,3.504841332031932,4.831272,6.271005630493164
2024-06-24 07:00:00,2.3526370000000005,7.9838281459364,6.0693656500258415,6.9815874,6.554746627807617
2024-06-24 08:00:00,5.268024,-8.500805208671068,8.043296657434169,14.860885,13.682531356811523
2024-06-24 09:00:00,8.365426999999997,6.2100406209957555,18.40595456272718,21.372492,22.254077911376953
2024-06-24 10:00:00,12.326391,10.184911617810272,17.351821709759545,15.320549,30.03414535522461
2024-06-24 11:00:00,19.683000000000003,26.36062518757454,18.950849659005563,19.522795,26.929737091064453
2024-06-24 12:00:00,34.965783,43.0582809325348,27.78054470243246,31.335842,25.871662139892578
2024-06-24 13:00:00,61.162984,72.43375264822906,46.026799893533244,47.53887,37.005897521972656
2024-06-24 14:00:00,84.027672,110.48265645137552,86.32915647837912,77.5914,69.11170196533203
2024-06-24 15:00:00,88.71653599999999,125.48880423100364,88.03236431350733,88.58798,88.1690444946289
2024-06-24 16:00:00,78.402752,102.31672897480568,73.16794729440001,76.7763,76.12554931640625
2024-06-24 17:00:00,42.50854900000001,75.5908988508899,35.902223383984136,34.0115,54.31654739379883
2024-06-24 18:00:00,8.615124999999997,34.032417402011035,13.189856949143518,12.451263,16.571210861206055
2024-06-24 19:00:00,8.0,-5.758799965804073,6.194020365917579,5.8300624,5.013080596923828
2024-06-24 20:00:00,5.088448,14.428535947795424,7.6102383676212115,7.6213946,4.9008941650390625
2024-06-24 21:00:00,2.1466890000000003,-8.933649769770895,4.446993619852706,4.5674124,5.669317245483398
2024-06-24 22:00:00,0.456533,-18.566976894856566,1.7789206498352663,2.0683846,3.922882080078125
2024-06-24 23:00:00,0.0740879999999999,-33.25011834941952,0.8880769582347813,0.77226204,1.7166366577148438
2024-06-25 00:00:00,0.474552,-38.643743073193434,0.6955998130196893,0.61453015,0.7208251953125
2024-06-25 01:00:00,1.4049280000000004,-23.36053224810756,1.5060857772161809,1.3465414,0.3441581726074219
2024-06-25 02:00:00,1.906624,-13.529035336830887,2.6725219133094993,3.0216403,2.3764572143554688
2024-06-25 03:00:00,1.5608959999999996,-12.07118455519283,2.4902251754702522,2.469164,4.141941070556641
2024-06-25 04:00:00,1.3310000000000004,-15.367291754086665,1.9906455571213226,1.951084,3.002765655517578
2024-06-25 05:00:00,1.0,-16.942750145073205,1.5579396442722129,1.5373445,2.1791954040527344
2024-06-25 06:00:00,1.4428969999999997,-18.532386423512804,1.8892900907066146,2.4007835,2.2871055603027344
2024-06-25 07:00:00,2.5154560000000004,-12.80176362484228,5.71770922116747,3.9019196,3.7266616821289062
2024-06-25 08:00:00,7.762391999999999,-7.449145886903068,8.770941107468792,8.967329,12.58658218383789
2024-06-25 09:00:00,23.887872,18.291323148324366,23.772978015931407,20.449997,26.87012481689453
2024-06-25 10:00:00,54.01015199999999,67.37653520350084,50.34239199434394,51.384342,45.416446685791016
2024-06-25 11:00:00,93.576664,123.81192148674974,74.64281560473574,80.799644,67.69478607177734
2024-06-25 12:00:00,128.024064,162.1915859017185,134.27263225899458,127.37676,119.73426818847656
2024-06-25 13:00:00,153.99065600000003,188.31567139708096,152.9717882176828,156.10384,188.16844177246094
2024-06-25 14:00:00,149.72129099999998,199.805809894822,166.32547094725692,162.27684,215.6104736328125
2024-06-25 15:00:00,122.023936,171.96687820663112,129.37198976599174,129.652,244.2779998779297
2024-06-25 16:00:00,92.959677,125.50727652179252,81.67871912102848,85.03148,173.93319702148438
2024-06-25 17:00:00,60.698457000000005,84.66348327011075,37.904709974058186,30.021173,84.65169525146484
2024-06-25 18:00:00,9.938375,52.337666348451634,16.344579163677935,18.355242,22.212440490722656
2024-06-25 19:00:00,7.529535999999999,-4.204996702093311,6.988066816965536,6.247654,10.029468536376953
2024-06-25 20:00:00,5.088448,22.613444075864905,5.645694793157548,5.597906,4.656776428222656
2024-06-25 21:00:00,2.985984,4.483813548519876,4.693053315262098,4.264282,4.248868942260742
2024-06-25 22:00:00,1.4049280000000004,-4.805596538651699,2.4570731354058055,2.8589413,3.1568374633789062
2024-06-25 23:00:00,0.287496,-14.872864977240312,0.9643185692599421,1.6217836,1.8402252197265625
2024-06-26 00:00:00,0.019683,-31.15478104099489,0.7146195451727838,0.53686213,1.2570114135742188
2024-06-26 01:00:00,1.0,-39.180036810061154,0.7270158812252108,0.69375473,-0.25250244140625
2024-06-26 02:00:00,4.657462999999999,-5.993246995492626,3.145686138164115,3.2706833,-0.392669677734375
2024-06-26 03:00:00,8.365426999999997,12.37396467754725,8.597820265576699,9.993251,6.443958282470703
2024-06-26 04:00:00,9.800344,20.935152771807267,12.553254492797887,11.049493,9.892967224121094
2024-06-26 05:00:00,8.120600999999997,21.145499083884502,11.690965934500218,9.68598,13.135456085205078
2024-06-26 06:00:00,9.129328999999998,19.453802043695788,7.022739497934199,8.171623,10.365900039672852
2024-06-26 07:00:00,1.3676310000000005,37.62773210495722,11.750334336000101,8.550622,9.810667037963867
2024-06-26 08:00:00,7.762391999999999,-8.971747594304432,10.69653792289626,8.182489,15.244070053100586
2024-06-26 09:00:00,21.024576,40.306643868306324,29.31681144545567,23.122179,25.838836669921875
2024-06-26 10:00:00,38.614472,61.87936644259271,38.22362124682677,39.46812,53.86541748046875
2024-06-26 11:00:00,56.62310399999999,90.11690637016436,58.6895241101248,60.59161,60.874061584472656
2024-06-26 12:00:00,72.511713,109.65834215624493,74.43199586806793,73.82289,85.9466781616211
2024-06-26 13:00:00,82.88185600000001,127.9072693585532,85.03373700340826,92.05232,96.07720947265625
2024-06-26 14:00:00,74.08800000000001,130.4888513562716,89.16186840696821,91.44415,106.46522521972656
2024-06-26 15:00:00,60.698457000000005,103.58974713948363,65.60170462945982,59.411297,98.89879608154297
2024-06-26 16:00:00,51.895117,69.50344244245464,46.81858996048423,45.511757,61.738800048828125
2024-06-26 17:00:00,41.781923000000006,36.84089024609135,25.50148444262828,24.031229,51.736602783203125
2024-06-26 18:00:00,9.938375,18.962492868466583,14.734474488404672,13.978006,17.515201568603516
2024-06-26 19:00:00,13.997521000000004,-22.453139097236345,6.651962027634205,6.5517554,6.67540168762207
2024-06-26 20:00:00,20.796875,15.095783218041603,16.82129805229816,16.979364,3.208507537841797
2024-06-26 21:00:00,25.934336,28.602009073701296,23.865133444019456,23.28708,10.059946060180664
2024-06-26 22:00:00,27.818127,39.80422827047123,27.90753763712265,27.378588,14.785820007324219
2024-06-26 23:00:00,22.665187000000003,42.35741925701193,27.970476385960218,27.43532,18.759878158569336
2024-06-27 00:00:00,16.581374999999998,38.701983036607274,24.95479026165622,20.7276,19.958969116210938
2024-06-27 01:00:00,11.543175999999995,29.589016097419417,13.627104984584939,14.001491,14.870195388793945
2024-06-27 02:00:00,5.5452330000000005,15.118389358165075,9.00961107308435,8.842454,8.787010192871094
2024-06-27 03:00:00,2.248091,-5.582799887200707,4.077109568037678,4.3453946,7.161828994750977
2024-06-27 04:00:00,1.092727,-22.196834693050135,1.8695005673874316,1.9900298,4.285083770751953
2024-06-27 05:00:00,0.5927039999999999,-30.239885473854017,1.2718346126383915,1.4099034,5.408912658691406
2024-06-27 06:00:00,0.778688,-35.25142513490232,1.0298643985509444,5.9575577,7.102945327758789
2024-06-27 07:00:00,2.299968,-27.10371083574985,5.08176155592814,5.2666883,9.548807144165039
2024-06-27 08:00:00,4.410943999999999,-9.242430786400945,10.663949729324196,7.301468,21.79458999633789
2024-06-27 09:00:00,8.615124999999997,-1.483579962075794,15.64958657196167,11.280576,31.07107162475586
2024-06-27 10:00:00,15.069223000000004,15.18683673017918,16.998555734781903,17.125078,37.080970764160156
2024-06-27 11:00:00,24.389,41.565972692381635,25.919112362882206,23.018578,37.5703010559082
2024-06-27 12:00:00,32.15743200000001,61.54840812401444,34.71838313908094,33.950253,33.118045806884766
2024-06-27 13:00:00,36.926037,76.99456348274138,38.018780768950386,38.24417,39.22097396850586
2024-06-27 14:00:00,36.926037,77.37502148404324,39.49301151591899,42.44346,34.95823287963867
2024-06-27 15:00:00,31.554496000000004,66.90018656975964,30.926431503512834,34.953594,33.40077209472656
2024-06-27 16:00:00,25.153757,49.614988126037574,21.404083155695695,21.715654,25.90601348876953
2024-06-27 17:00:00,16.777216,25.194021852579212,13.697153611672574,14.555834,13.775224685668945
2024-06-27 18:00:00,6.434856000000001,-0.8858861229894899,8.300415329050239,10.510791,7.446832656860352
2024-06-27 19:00:00,4.912999999999999,-14.518792765516764,4.44901641694032,4.1588063,3.596660614013672
2024-06-27 20:00:00,4.019679000000001,-6.14474512076788,4.2087452523394315,3.963682,2.1340408325195312
2024-06-27 21:00:00,3.241792,-17.904717968577415,3.6665443217765756,4.231773,2.78839111328125
2024-06-27 22:00:00,1.860867,-21.102121276903162,2.930843832222434,3.528643,3.0792884826660156
2024-06-27 23:00:00,0.531441,-30.30584468605977,1.604211194061846,2.1753812,1.8764114379882812
2024-06-28 00:00:00,0.132651,-41.91136227704334,0.9866898154548148,1.3049663,0.8795661926269531
2024-06-28 01:00:00,0.0689209999999999,-50.12669039281628,0.5546528120483321,0.7462577,-0.030979156494140625
2024-06-28 02:00:00,0.778688,-49.27110332110957,0.5874830956041723,0.70315,-0.31453704833984375
2024-06-28 03:00:00,1.906624,-19.77292243123955,1.8212931901892406,1.7472658,-0.002773284912109375
2024-06-28 04:00:00,0.636056,-9.203742586312714,3.0955542967594516,2.9143224,3.356525421142578
2024-06-28 05:00:00,0.0138239999999999,-29.987197690306502,0.8075616487230373,1.7425288,4.636199951171875
2024-06-28 06:00:00,0.2159999999999999,-47.369314877157095,0.7011353010154031,4.693783,3.7674827575683594
2024-06-28 07:00:00,1.191016,-21.329680963280225,3.296453944007362,3.6102417,7.063875198364258
2024-06-28 08:00:00,2.8632879999999994,-12.209186737719563,4.825010926712467,5.376569,19.450212478637695
2024-06-28 09:00:00,4.657462999999999,-9.369583010366739,10.130443739496302,9.922375,28.69729995727539
2024-06-28 10:00:00,8.489664000000001,-9.475574252340564,10.519030153530116,10.354475,30.937612533569336
2024-06-28 11:00:00,16.581374999999998,6.3153689554365116,15.395741860055418,16.015158,28.266260147094727
2024-06-28 12:00:00,34.328125,36.42440536208859,26.860620673582954,26.090174,23.939926147460938
2024-06-28 13:00:00,53.582633,70.91008021328837,51.34626379203641,49.96363,36.545711517333984
2024-06-28 14:00:00,52.31362400000001,96.28051602517182,65.91911877550248,63.11979,74.89385986328125
2024-06-28 15:00:00,42.144192,81.91657959353934,46.80185544789983,44.521835,63.38311767578125
2024-06-28 16:00:00,29.791000000000004,56.89017191028195,35.73052489371036,32.15699,27.43109130859375
2024-06-28 17:00:00,16.777216,22.73967748102605,14.499354375081657,12.748796,19.390090942382812
2024-06-28 18:00:00,5.6397520000000005,-7.290489860542792,6.909793131504236,7.9523463,6.414150238037109
2024-06-28 19:00:00,1.860867,-27.56350832459991,3.403629010372983,2.712897,2.377696990966797
2024-06-28 20:00:00,2.000376,-26.7472447372013,1.1397008736997771,0.77807885,0.534759521484375
2024-06-28 21:00:00,3.0486249999999995,-9.26542511111495,2.8822217973942537,2.0942357,0.5102615356445312
2024-06-28 22:00:00,4.741631999999999,-6.564270550095188,3.960136962724461,3.2626772,3.0261688232421875
2024-06-28 23:00:00,5.451776,1.0495874739202122,6.367694712391169,5.569218,2.870647430419922
2024-06-29 00:00:00,4.826809,6.802289252478147,5.465900463927102,5.9203644,4.330068588256836
2024-06-29 01:00:00,3.869893,2.9582391340438647,4.396662841754898,4.6844654,2.603179931640625
2024-06-29 02:00:00,2.6856189999999995,0.4958308665561191,3.781250705868323,3.9442048,1.6323471069335938
2024-06-29 03:00:00,0.912673,-8.206448225256679,2.411213888322921,3.0450952,1.3103752136230469
2024-06-29 04:00:00,0.300763,-23.76135135494623,0.8336961952149252,1.321717,0.627288818359375
2024-06-29 05:00:00,0.274625,-28.403872323075902,0.4825975498600458,0.70134175,0.9299392700195312
2024-06-29 06:00:00,0.017576,-28.71060247517802,0.8774889725084776,2.077947,2.477783203125
2024-06-29 07:00:00,0.8305839999999999,-47.11346427873939,4.107987936899498,2.3483129,4.748104095458984
2024-06-29 08:00:00,15.813250999999996,-8.811182247857715,6.427552843107861,5.964184,10.07078742980957
2024-06-29 09:00:00,59.77647100000001,70.756761481733,41.884742003663014,40.28963,18.622146606445312
2024-06-29 10:00:00,111.28464099999997,135.76514717251308,104.67907599770793,98.12187,72.76203918457031
2024-06-29 11:00:00,145.53157599999997,179.1814963843413,152.74555968053133,150.067,133.67063903808594
2024-06-29 12:00:00,187.149248,202.5003824977324,173.77361765135421,177.60074,187.01150512695312
2024-06-29 13:00:00,225.866529,226.35925010963888,198.39399398704435,199.02902,185.42507934570312
2024-06-29 14:00:00,229.220928,230.79538756042433,237.42262313987817,221.91718,221.0574188232422
2024-06-29 15:00:00,208.52785699999995,209.57900868463088,197.98400739656802,181.8574,237.81536865234375
2024-06-29 16:00:00,170.031464,167.13998975215014,169.95856578581896,164.62646,180.28919982910156
2024-06-29 17:00:00,125.751501,125.54263087763486,73.72411797252086,54.36311,132.04200744628906
2024-06-29 18:00:00,49.430863,93.60964770728158,43.81355264163547,42.917324,48.93871307373047
2024-06-29 19:00:00,15.252992,40.215259224549115,27.256647361496825,26.35849,15.59402084350586
2024-06-29 20:00:00,7.880599,15.092702335483906,12.815085309732313,11.177004,8.70164680480957
2024-06-29 21:00:00,3.652264,16.20414553366831,5.775385346082602,6.0005007,4.2203826904296875
2024-06-29 22:00:00,2.0483830000000003,-0.7338110181588888,2.7895319663333975,2.7383394,1.9398612976074219
2024-06-29 23:00:00,2.000376,-8.827565334787934,1.546492035881905,1.9537748,0.23340988159179688
2024-06-30 00:00:00,2.299968,-9.82090379093303,2.343330689847879,2.209522,0.44504547119140625
2024-06-30 01:00:00,2.3526370000000005,-12.905777539920237,2.718851755579793,2.8640966,1.6954765319824219
2024-06-30 02:00:00,1.860867,-10.520883130027798,2.6245546782217293,3.2444057,0.5142440795898438
2024-06-30 03:00:00,1.5608959999999996,-14.447335837864074,1.9614082442694103,2.0526872,0.5483627319335938
2024-06-30 04:00:00,1.4815439999999995,-11.916082825764065,1.7970399414260911,2.0247872,-1.1234169006347656
2024-06-30 05:00:00,1.7279999999999998,-9.453611477766273,1.603266421496287,1.4277791,-0.4432411193847656
2024-06-30 06:00:00,8.120600999999997,-9.143778928223853,3.5021339300894443,4.0918813,-0.9319801330566406
2024-06-30 07:00:00,15.438249000000004,42.88286685659345,27.658090055633178,26.15744,2.9520645141601562
2024-06-30 08:00:00,29.218112,58.97959741365416,22.951782998520486,28.996044,38.68897247314453
2024-06-30 09:00:00,54.439939,87.1672763260709,43.5603744262326,46.463093,35.36262893676758
2024-06-30 10:00:00,86.93830699999998,120.06074604251667,74.39314465496271,77.28773,68.18446350097656
2024-06-30 11:00:00,122.023936,145.66350076009758,108.31410868682862,110.00021,110.59962463378906
2024-06-30 12:00:00,150.56876800000003,167.31257175034955,143.342800116295,149.98819,148.98342895507812
2024-06-30 13:00:00,170.95387499999998,180.58628486394178,174.48285425452153,174.20566,170.3297119140625
2024-06-30 14:00:00,154.854153,179.9386666609484,167.1113019798257,168.71495,178.72760009765625
2024-06-30 15:00:00,119.82315699999998,149.01086171890682,134.00039595417115,126.951385,181.3433837890625
2024-06-30 16:00:00,89.31462299999998,104.98181828489457,73.53719107329766,76.49461,113.44459533691406
2024-06-30 17:00:00,47.83214699999999,63.85885578034875,30.19700594638888,29.30152,70.50669860839844
2024-06-30 18:00:00,7.762391999999999,24.411517661035944,14.071138427538568,13.256641,17.139217376708984
2024-06-30 19:00:00,3.0486249999999995,-18.704864486692514,4.722736996402378,4.3897476,4.604536056518555
2024-06-30 20:00:00,2.5713530000000007,2.878143503526232,1.7523383944260984,1.7545812,1.6686973571777344
2024-06-30 21:00:00,2.197,5.246998775304178,3.8329674768354733,3.6357,1.3471565246582031
2024-06-30 22:00:00,2.3526370000000005,-2.3550041123279186,2.542097537185161,2.3250678,1.4704704284667969
2024-06-30 23:00:00,2.4061040000000005,-1.4991461661890497,2.8547870546409753,3.0547419,1.5879707336425781
2024-07-01 00:00:00,0.941192,-1.6520296318473129,2.7192923115086636,3.1521683,1.7986793518066406
2024-07-01 01:00:00,0.2159999999999999,-14.457908098550973,0.9206974052429971,1.5930629,1.1572647094726562
2024-07-01 02:00:00,0.125,-20.791325526763927,0.5673114293009723,0.80950433,-1.3510971069335938
2024-07-01 03:00:00,0.2159999999999999,-21.884500052082444,0.627170815450513,1.1455437,-1.0173187255859375
2024-07-01 04:00:00,0.456533,-18.50599344520171,0.6533467127954595,0.95790607,-1.0939064025878906
2024-07-01 05:00:00,1.092727,-15.00762906557452,1.1438742842380996,1.1111091,-0.45149993896484375
2024-07-01 06:00:00,1.4049280000000004,-14.942985908038978,2.337632400496672,5.3550243,0.9420509338378906
2024-07-01 07:00:00,13.651919,-14.324408581212637,4.702325005043729,5.551607,5.614294052124023
2024-07-01 08:00:00,31.255875,64.14694088255872,34.27287731521559,34.708965,16.436975479125977
2024-07-01 09:00:00,57.51245599999999,88.5743102093111,50.23204969769306,47.673443,55.97698211669922
2024-07-01 10:00:00,86.93830699999998,120.78756754703794,79.3102927074594,76.581955,56.141788482666016
2024-07-01 11:00:00,137.38809600000002,147.9572782672239,106.70510616644191,110.418274,106.35231018066406
2024-07-01 12:00:00,191.102976,186.09091002420354,181.23723583578393,177.48576,120.43092346191406
2024-07-01 13:00:00,226.981,213.4669500262372,222.3629104865018,227.66542,209.47628784179688
2024-07-01 14:00:00,226.981,215.128326016733,243.6266377041115,216.8232,225.2787628173828
2024-07-01 15:00:00,207.474688,184.23134134481757,207.06557574690643,187.5473,232.3555450439453
2024-07-01 16:00:00,179.40614399999995,155.32253084739114,171.67714438681597,166.52028,181.81712341308594
2024-07-01 17:00:00,116.93016899999998,117.62825516516567,91.24159719479648,79.74693,136.61959838867188
2024-07-01 18:00:00,31.855013,68.8071949203419,30.397732850227854,31.15907,51.7857666015625
2024-07-01 19:00:00,16.003008,17.605683977037117,24.787912524124923,21.387142,15.143062591552734
2024-07-01 20:00:00,14.706125000000004,33.33010221001605,12.350015606499053,12.1360235,8.53483772277832
2024-07-01 21:00:00,12.649337,38.55040699426199,12.633571333856846,12.017181,5.640615463256836
2024-07-01 22:00:00,8.998912,31.410182668393603,10.707741566277425,10.412171,7.490053176879883
2024-07-01 23:00:00,8.489664000000001,19.74404895538028,7.2753350424986545,7.567326,4.779075622558594
2024-07-02 00:00:00,7.880599,17.509863343310002,7.812763150204913,8.052487,4.299909591674805
2024-07-02 01:00:00,10.077696,12.678551277523383,7.586373715631843,8.235928,5.087188720703125
2024-07-02 02:00:00,8.998912,26.872405784082034,12.297390267293858,11.262622,2.9025840759277344
2024-07-02 03:00:00,4.826809,23.112696999478786,8.208669007431656,8.34133,8.034290313720703
2024-07-02 04:00:00,1.7279999999999998,10.472373444208472,3.9571452791300636,4.0069647,2.3682823181152344
2024-07-02 05:00:00,0.941192,-1.8651484650605141,1.3463997250604758,1.3328009,2.735443115234375
2024-07-02 06:00:00,7.529535999999999,-12.134411301213447,1.451062689076997,4.4763618,0.6211013793945312
2024-07-02 07:00:00,39.304,41.14354453351571,21.162271685058773,22.390423,10.385910034179688
2024-07-02 08:00:00,80.62156800000001,109.36908630250501,93.02112674323834,86.02205,60.49815368652344
2024-07-02 09:00:00,105.154048,150.92986279011222,108.36417061911911,107.91972,113.8031005859375
2024-07-02 10:00:00,137.38809600000002,165.6561879153599,126.19092522777704,123.12639,119.1424560546875
2024-07-02 11:00:00,158.34042100000002,186.24902143600332,157.09585995506987,150.11635,143.33348083496094
2024-07-02 12:00:00,149.72129099999998,178.52350568953767,167.42593239746193,163.4065,158.41392517089844
2024-07-02 13:00:00,137.38809600000002,148.226364344184,143.82943823346946,135.7109,140.03990173339844
2024-07-02 14:00:00,122.76347299999998,134.72241432546838,124.60049036672939,127.16195,110.44349670410156
2024-07-02 15:00:00,88.121125,112.03472103616882,88.17732287618566,90.71662,97.16302490234375
2024-07-02 16:00:00,47.83214699999999,72.69713340015407,54.846692967362934,57.789894,66.18559265136719
2024-07-02 17:00:00,15.252992,35.0346844992451,20.718372623203035,18.658484,33.3658447265625
2024-07-02 18:00:00,4.574296,-2.492074036972724,5.337890524908205,6.1878915,8.998086929321289
2024-07-02 19:00:00,1.4815439999999995,-8.272057502739457,2.3493530534705966,2.1492474,1.5468292236328125
2024-07-02 20:00:00,3.375,-0.8577130011038747,2.192293814525664,2.9611936,0.9660072326660156
2024-07-02 21:00:00,7.189056999999999,20.594071485153208,6.963238784270135,5.042395,0.9446907043457031
2024-07-02 22:00:00,15.252992,18.20600750677974,11.423711976106906,11.3314495,4.934604644775391
2024-07-02 23:00:00,16.974592999999995,43.65888858301925,21.104331416231442,26.12987,4.892377853393555
2024-07-03 00:00:00,15.252992,47.2085683155219,16.78746884637553,15.3607025,24.640464782714844
2024-07-03 01:00:00,12.326391,40.30299218686632,12.9272591722608,13.737146,7.769096374511719
2024-07-03 02:00:00,7.301384,26.772906960364637,9.908983885532168,10.552654,9.907255172729492
2024-07-03 03:00:00,6.128487000000001,9.472104894491679,5.886593030089603,5.6883597,4.953575134277344
2024-07-03 04:00:00,11.543175999999995,9.825841349399894,5.547330624782952,5.745816,5.246969223022461
2024-07-03 05:00:00,21.951999999999995,32.05421295978847,16.655084481912308,16.81305,10.962581634521484
2024-07-03 06:00:00,29.218112,59.74031807068313,38.645923207942744,35.460087,29.77663803100586
2024-07-03 07:00:00,30.959144,67.55825388573699,33.55732091043089,30.257915,35.07115936279297
2024-07-03 08:00:00,25.934336,58.38992755243878,33.12892174022385,33.374866,42.37857437133789
2024-07-03 09:00:00,21.717639,38.23891963873565,21.485159418728255,22.531647,23.537464141845703
2024-07-03 10:00:00,29.791000000000004,25.208642004159103,17.478293808315403,19.139565,17.449052810668945
2024-07-03 11:00:00,47.83214699999999,38.96431236413163,38.80654544910771,39.144035,17.945199966430664
2024-07-03 12:00:00,69.934528,63.97256578028332,61.18199066237567,62.100697,43.22001647949219
2024-07-03 13:00:00,85.76612100000001,87.80351301465053,87.49177991300314,88.17204,67.67527770996094
2024-07-03 14:00:00,84.027672,104.03805470464924,89.86136535806742,94.46031,78.43504333496094
2024-07-03 15:00:00,70.95794399999998,100.40463644001797,71.74733312360631,72.54887,74.71451568603516
2024-07-03 16:00:00,57.066625,73.54392017154218,50.62584631656786,52.925884,54.22281265258789
2024-07-03 17:00:00,56.62310399999999,40.299938001867744,21.094392659036586,23.083296,41.43204116821289
2024-07-03 18:00:00,64.0,36.408243466494284,19.350077178162042,24.247639,18.03230857849121
2024-07-03 19:00:00,83.45345300000001,47.12818203515876,33.53101016480448,36.503456,16.161701202392578
2024-07-03 20:00:00,72.511713,84.00147814694087,78.918109632255,93.07133,19.93421745300293
2024-07-03 21:00:00,84.027672,75.55979955177882,60.27417029235401,59.593098,31.294910430908203
2024-07-03 22:00:00,82.88185600000001,93.13464025022493,70.69389096587946,90.94696,22.69281768798828
2024-07-03 23:00:00,57.51245599999999,88.12994239649275,62.92389646334335,79.23423,61.72411346435547
2024-07-04 00:00:00,34.012224,68.2094722355091,42.42599961247233,49.64576,56.87382507324219
2024-07-04 01:00:00,25.934336,48.203398991920594,27.24060620555185,27.432209,32.595245361328125
2024-07-04 02:00:00,13.651919,43.48142873766743,20.4947401708913,22.813694,20.148555755615234
2024-07-04 03:00:00,5.929741000000001,26.37044490313862,10.833613097322607,10.372627,26.46413230895996
2024-07-04 04:00:00,2.803221,17.796258622805283,4.137815438043088,3.9419327,17.70366096496582
2024-07-04 05:00:00,2.3526370000000005,10.824234281835118,2.3902007963802103,2.2672732,18.219226837158203
2024-07-04 06:00:00,8.120600999999997,9.959972576616849,4.175901534463718,4.6432457,15.746927261352539
2024-07-04 07:00:00,22.188041,45.39590018761474,21.444348503669,22.420593,18.74620819091797
2024-07-04 08:00:00,39.651821000000005,72.92457333154108,44.43710373064353,45.07871,40.053348541259766
2024-07-04 09:00:00,56.181887,88.63336839357324,57.23755668472309,54.589966,46.879066467285156
2024-07-04 10:00:00,76.765625,99.53118053544519,73.53339464605094,70.83319,71.94914245605469
2024-07-04 11:00:00,99.89734399999998,116.63276087787098,92.65172567173332,94.074715,71.06344604492188
2024-07-04 12:00:00,115.501303,131.4211655946504,118.8736072313506,109.5582,93.55609893798828
2024-07-04 13:00:00,125.751501,125.4097102918452,120.02969222907441,123.50981,156.64328002929688
2024-07-04 14:00:00,118.370771,138.6098393359631,125.17731296682237,124.43142,142.7052001953125
2024-07-04 15:00:00,99.89734399999998,125.39277759542314,85.78234155076149,90.735176,155.8734893798828
2024-07-04 16:00:00,83.45345300000001,116.09661060218981,64.9963439332979,66.05745,129.4279022216797
2024-07-04 17:00:00,51.478848000000006,100.42527805722763,56.27410748383516,53.542885,65.6668930053711
2024-07-04 18:00:00,9.129328999999998,56.95352084620082,20.338335253770712,19.457798,48.52677536010742
2024-07-04 19:00:00,2.000376,-0.2791681703385791,5.067111767171443,3.771863,6.969717025756836
2024-07-04 20:00:00,2.4061040000000005,8.907261512756861,1.6899903671796013,0.75112545,2.070819854736328
2024-07-04 21:00:00,4.096000000000001,21.73124584081485,4.483031910389291,3.676539,0.9026832580566406
2024-07-04 22:00:00,4.912999999999999,24.988733606805752,5.95810746816054,5.014924,2.2269668579101562
2024-07-04 23:00:00,5.177717,20.585129608313977,5.789218381057197,5.353991,4.299825668334961
2024-07-05 00:00:00,4.741631999999999,16.12662640661891,5.182998121330874,5.5687566,4.076108932495117
2024-07-05 01:00:00,3.652264,14.483106094506496,4.289800382182436,4.15163,4.107585906982422
2024-07-05 02:00:00,1.906624,6.4857144592677685,3.5071036553981783,3.2021081,1.4499320983886719
2024-07-05 03:00:00,0.778688,-3.0585798905246975,1.4895359959051857,1.3242893,1.2706146240234375
2024-07-05 04:00:00,0.405224,-15.030007724179711,0.750484895881328,0.8350725,0.363555908203125
2024-07-05 05:00:00,0.421875,-21.62616615257194,0.6008792305163084,0.49462453,1.4512405395507812
2024-07-05 06:00:00,4.330746999999999,-23.68111802253712,0.9602249132208648,2.014123,2.3883132934570312
2024-07-05 07:00:00,19.902511,24.449100086982057,13.390709734165755,16.213554,6.015188217163086
2024-07-05 08:00:00,44.361864,77.31595084951262,40.22416404194418,39.422165,26.72941017150879
2024-07-05 09:00:00,62.099136,114.56608312388046,62.69770673191064,63.431072,64.1603775024414
2024-07-05 10:00:00,77.30877599999998,127.38507340085384,72.30678237368546,71.97538,78.09291076660156
2024-07-05 11:00:00,89.91539200000003,135.62679474096848,90.06449698084418,89.96802,68.81401824951172
2024-07-05 12:00:00,97.97218100000002,135.48033869159764,100.19589207573335,97.64107,108.67012023925781
2024-07-05 13:00:00,101.194696,128.38704498590226,99.02926341889145,108.59337,95.63317108154297
2024-07-05 14:00:00,86.93830699999998,100.10824839566477,99.69273187340785,88.25442,72.11167907714844
2024-07-05 15:00:00,58.411072,89.48606449060064,69.01941945822625,64.823875,86.00096893310547
2024-07-05 16:00:00,27.0,65.28212124473565,36.599964385865086,36.98185,48.285125732421875
2024-07-05 17:00:00,6.539203000000001,15.600722245045901,11.504261933238933,10.401733,21.30038833618164
2024-07-05 18:00:00,1.157625,-29.74171392181738,2.8750233936178478,0.94285494,2.9165191650390625
2024-07-05 19:00:00,1.685159,-36.795886013182084,0.8863688328714038,0.10119649,-0.08240127563476562
2024-07-05 20:00:00,4.096000000000001,-9.40087636687575,4.052409547029944,2.3729088,-0.41634368896484375
2024-07-05 21:00:00,12.326391,11.867357916642476,6.6759004911276785,6.6564612,2.792675018310547
2024-07-05 22:00:00,23.887872,38.83075404420087,20.298009865511727,19.80602,4.22346305847168
2024-07-05 23:00:00,23.639903000000004,64.7842743540054,35.504830032749226,36.08223,16.748868942260742
2024-07-06 00:00:00,20.346417,66.64226262935254,22.600435236116578,21.28527,22.62879753112793
2024-07-06 01:00:00,14.348907000000002,54.30146050104294,17.65775470370635,17.950031,14.592288970947266
2024-07-06 02:00:00,9.528128,37.42637791209971,11.758801251311036,11.65977,10.740846633911133
2024-07-06 03:00:00,6.539203000000001,19.575908662680305,8.030473044842939,7.9940357,5.866758346557617
2024-07-06 04:00:00,4.741631999999999,10.80488908896777,5.175471467441806,5.270765,6.201089859008789
2024-07-06 05:00:00,6.331625000000001,4.764701039589923,4.039129638636799,4.03748,9.76397705078125
2024-07-06 06:00:00,16.974592999999995,17.28184623449944,7.5743351323391614,12.459054,13.053176879882812
2024-07-06 07:00:00,43.24355099999999,57.23742215699805,29.780965742551256,28.48425,29.04621124267578
2024-07-06 08:00:00,90.51884900000002,102.20775743627841,68.96950815287751,67.6402,38.5144157409668
2024-07-06 09:00:00,105.154048,141.76437409707074,123.3595094539558,125.89134,64.017578125
2024-07-06 10:00:00,47.83214699999999,137.49547375741002,117.69882751215124,118.60656,101.91877746582031
2024-07-06 11:00:00,5.000210999999999,76.80403794194622,20.311676465510683,17.237608,81.04340362548828
2024-07-06 12:00:00,0.3890169999999999,3.7649678157363695,10.418044383339213,3.987901,16.3294677734375
2024-07-06 13:00:00,2.6856189999999995,-29.2322825786122,4.669919445894428,4.161665,13.61819076538086
2024-07-06 14:00:00,2.1466890000000003,-1.037350637501902,16.220127207492997,9.105753,13.362113952636719
2024-07-06 15:00:00,16.194276999999996,-19.652102137816826,7.927972307109846,4.1329618,10.045282363891602
2024-07-06 16:00:00,22.188041,42.95320140544716,33.073868342580525,32.094444,3.924762725830078
2024-07-06 17:00:00,14.706125000000004,25.200222513995655,21.004596512651577,18.575876,54.936279296875
2024-07-06 18:00:00,3.5118080000000003,15.91877043265886,9.523582478280176,7.6519403,9.236488342285156
2024-07-06 19:00:00,1.2597120000000002,-6.039014129521718,1.8741714253557022,3.0532742,6.511280059814453
2024-07-06 20:00:00,1.6016129999999995,1.0431970549847591,2.5487441833900006,2.4508452,0.9264793395996094
2024-07-06 21:00:00,4.019679000000001,12.079847718838295,2.350104443870818,2.7044103,2.8413925170898438
2024-07-06 22:00:00,8.615124999999997,21.329344693423238,6.665998248683009,6.5034704,3.642498016357422
2024-07-06 23:00:00,10.360232000000002,38.591049757873336,13.167388829554886,12.498141,5.4649505615234375
2024-07-07 00:00:00,16.581374999999998,45.63753580717328,10.828361221675287,10.074175,10.862215042114258
2024-07-07 01:00:00,25.934336,64.27665621653297,21.63227399743183,19.679401,7.093561172485352
2024-07-07 02:00:00,30.959144,80.44517932881784,33.36904038162473,32.752808,15.098821640014648
2024-07-07 03:00:00,23.149125,78.55942793528725,33.52059187030059,32.433723,17.218339920043945
2024-07-07 04:00:00,18.191447,53.73450888232263,19.338129284475084,20.952652,24.980998992919922
2024-07-07 05:00:00,22.188041,44.52364190462647,15.034153119784655,15.437121,14.271442413330078
2024-07-07 06:00:00,41.421736,58.80074407552421,22.578149061028206,25.625496,20.372100830078125
2024-07-07 07:00:00,47.045881,92.02365145413144,62.2395106182739,53.836864,25.26498794555664
2024-07-07 08:00:00,54.439939,78.97686313273176,54.53577063953699,51.85561,74.63870239257812
2024-07-07 09:00:00,63.52119900000001,75.43885067584107,58.99367325270942,61.947067,28.486217498779297
2024-07-07 10:00:00,60.236288,75.96230897931714,71.13584199148826,71.915794,39.27347183227539
2024-07-07 11:00:00,53.582633,63.26613558258107,50.00934445532084,54.946613,47.40787887573242
2024-07-07 12:00:00,48.627125,53.3001649504527,43.71831113869933,44.353985,37.67616653442383
2024-07-07 13:00:00,42.144192,49.260301367413675,50.52521912990529,45.072865,30.971498489379883
2024-07-07 14:00:00,31.855013,45.15092763306497,37.233595631577494,36.379738,27.60091209411621
2024-07-07 15:00:00,25.153757,26.183395037389502,25.886646870640547,22.341043,22.325511932373047
2024-07-07 16:00:00,21.484952,2.28073225926984,19.69782638992109,20.58823,15.86471176147461
2024-07-07 17:00:00,16.777216,-10.445490416870399,14.167366236277635,11.59925,9.274068832397461
2024-07-07 18:00:00,8.0,-18.78474645058671,9.858855659005405,8.598441,5.053712844848633
2024-07-07 19:00:00,3.723875000000001,-23.561717681842126,5.034832942858195,5.2358847,2.651317596435547
2024-07-07 20:00:00,3.307949,-8.96473394441081,2.4081051805178526,2.538397,0.8727188110351562
2024-07-07 21:00:00,2.6280719999999995,5.105588813355723,3.448292454016262,3.7002807,1.28912353515625
2024-07-07 22:00:00,2.6856189999999995,-2.980017055572759,2.6462981971977286,3.2884853,2.4803695678710938
2024-07-07 23:00:00,3.442951,-0.20696090072539164,3.0620068605496247,3.3756423,1.9270172119140625
2024-07-08 00:00:00,3.241792,6.320340909360866,3.82138617134414,4.186774,2.837047576904297
2024-07-08 01:00:00,2.0483830000000003,-1.6678469630832211,3.1605918280791157,3.6489491,2.7364578247070312
2024-07-08 02:00:00,0.681472,-13.9200311788275,1.6711185276567215,2.3578029,1.2062110900878906
2024-07-08 03:00:00,0.2383279999999999,-26.51312258894798,0.7322519527707634,1.0192554,1.0818023681640625
2024-07-08 04:00:00,0.314432,-31.39847080214075,0.37408724325181497,0.48510748,0.03563690185546875
2024-07-08 05:00:00,1.4049280000000004,-28.48925863192673,0.6714607212304652,0.92875415,1.1200981140136719
2024-07-08 06:00:00,14.886936,-10.241618553839857,3.5361109697018334,4.993274,2.6744956970214844
2024-07-08 07:00:00,41.421736,67.68807396230152,39.88943422225021,38.39948,11.482688903808594
2024-07-08 08:00:00,52.734375,112.71926624123167,72.13410481566574,74.40495,70.51294708251953
2024-07-08 09:00:00,63.52119900000001,115.89646207686316,61.84322878802228,63.163994,50.168880462646484
2024-07-08 10:00:00,78.402752,121.05211511013793,72.18610721959048,70.523926,46.836761474609375
2024-07-08 11:00:00,100.54462500000002,126.5346203409813,91.02548420764417,89.85375,80.84788513183594
2024-07-08 12:00:00,122.76347299999998,134.45627608151364,122.74964993972043,119.348175,103.10920715332031
2024-07-08 13:00:00,134.217728,138.9437433459405,131.95397824287468,138.95786,134.92799377441406
2024-07-08 14:00:00,122.023936,128.0336808392491,133.3411331606332,126.718544,142.54490661621094
2024-07-08 15:00:00,94.81881599999996,122.63135347527712,105.02549180773947,104.27011,115.73002624511719
2024-07-08 16:00:00,67.41914300000002,92.70157270599772,68.34333940983969,70.396286,95.78897094726562
2024-07-08 17:00:00,35.93699999999999,50.18569085211105,30.706446251124426,29.810526,47.996826171875
2024-07-08 18:00:00,9.528128,13.028339416925235,8.957713705012464,9.049897,9.50700569152832
2024-07-08 19:00:00,3.112136,-15.774620549907624,6.053994492159722,4.9603496,3.509410858154297
2024-07-08 20:00:00,2.6280719999999995,-6.403511359728256,1.6781966178139742,1.5757115,0.9058265686035156
2024-07-08 21:00:00,2.6856189999999995,5.482463336359402,3.7550395714907525,3.6631637,0.8493995666503906
2024-07-08 22:00:00,4.019679000000001,-0.9701663651819672,3.088171237519664,3.3938768,2.135150909423828
2024-07-08 23:00:00,4.251528,6.122696631419288,5.779322138156361,5.379034,2.0394325256347656
2024-07-09 00:00:00,2.1466890000000003,4.000636861986095,4.283154852416584,4.2428136,3.5238494873046875
2024-07-09 01:00:00,1.0612080000000002,-11.593574204926085,1.660498734973134,2.0128427,1.8881568908691406
2024-07-09 02:00:00,0.474552,-12.723525928119528,1.0873988991920207,1.0509676,-0.5818367004394531
2024-07-09 03:00:00,0.1176489999999999,-19.66421545151678,0.7002715739241121,0.5959113,0.22613525390625
2024-07-09 04:00:00,0.004096,-27.525359720479827,0.33729425845729943,0.40218425,-0.4284706115722656
2024-07-09 05:00:00,0.0138239999999999,-41.18879886036959,0.3244680832974039,0.37437585,-0.006793975830078125
2024-07-09 06:00:00,0.3429999999999999,-38.677659532926015,0.855499368095662,2.2203805,0.074127197265625
2024-07-09 07:00:00,3.375,-20.62769228566873,5.267476895107737,6.0649505,3.5853271484375
2024-07-09 08:00:00,7.189056999999999,12.676199078878625,13.398039093398852,15.393305,14.735960006713867
2024-07-09 09:00:00,6.858999999999999,19.523363097291195,14.913492799547077,15.509328,24.445350646972656
2024-07-09 10:00:00,9.393930999999998,8.468110373279984,10.279416407577592,11.067735,29.599624633789062
2024-07-09 11:00:00,15.252992,20.7314779417638,13.269338773815855,15.911012,26.20458221435547
2024-07-09 12:00:00,20.796875,41.18044263504906,23.128423646566954,23.866959,24.337757110595703
2024-07-09 13:00:00,23.393656,52.74952543489705,24.9956319044697,25.459234,33.91476058959961
2024-07-09 14:00:00,26.463592,53.195949729637576,23.611760594853564,25.632624,30.703500747680664
2024-07-09 15:00:00,27.270900999999995,45.547578481053975,26.917803374588065,27.26994,25.55129623413086
2024-07-09 16:00:00,26.198073000000004,26.55874765570006,25.469058571044165,24.395891,25.51079559326172
2024-07-09 17:00:00,20.123648000000003,6.301418121149226,19.93653690774079,20.28602,16.097673416137695
2024-07-09 18:00:00,9.663596999999998,-13.144721291654932,10.286663920226802,9.470985,9.363039016723633
2024-07-09 19:00:00,5.832000000000001,-28.605953570577256,7.031031678041037,6.5235853,3.0206756591796875
2024-07-09 20:00:00,3.375,-17.706695781296006,4.456758230602603,4.283305,1.9270057678222656
2024-07-09 21:00:00,1.3310000000000004,-16.59014508026246,2.5040031610939524,3.2657099,3.0071640014648438
2024-07-09 22:00:00,1.685159,-27.74078327675248,0.9473508762421874,1.9191084,1.079498291015625
2024-07-09 23:00:00,3.869893,-18.00641395321138,2.3705813312723114,2.0233698,0.5873489379882812
2024-07-10 00:00:00,5.359375,2.7655720349141575,6.171023263270095,6.2639947,3.3030052185058594
2024-07-10 01:00:00,5.6397520000000005,3.2797892243312816,6.327275222670761,6.771963,4.077245712280273
2024-07-10 02:00:00,5.000210999999999,1.1537231362571276,6.157604524152288,5.908894,2.6282615661621094
2024-07-10 03:00:00,3.723875000000001,0.312771359778381,4.667803512834415,4.491324,3.996959686279297
2024-07-10 04:00:00,2.4061040000000005,0.5571399728274287,3.2774175013033733,3.3548932,1.9903717041015625
2024-07-10 05:00:00,1.4428969999999997,-4.2263778891099975,2.3805620323236467,2.1942897,2.497417449951172
2024-07-10 06:00:00,0.3890169999999999,-9.454333805683945,1.776260890974738,3.0281866,1.6041297912597656
2024-07-10 07:00:00,6.229504,-18.139373783452143,3.3980927119474016,3.3542845,7.290246963500977
2024-07-10 08:00:00,16.974592999999995,39.277691886747604,15.650535120353839,17.08744,10.924726486206055
2024-07-10 09:00:00,30.959144,51.12733000066727,27.403682337273217,28.51926,26.620454788208008
2024-07-10 10:00:00,50.653000000000006,73.62752124633916,43.54654922447601,42.944134,31.241348266601562
2024-07-10 11:00:00,75.15144799999999,103.77399920293,64.6326399445465,64.41918,54.398380279541016
2024-07-10 12:00:00,97.33599999999998,129.2474594421223,92.05421050633363,95.476974,74.66862487792969
2024-07-10 13:00:00,106.49642400000002,146.71709995936482,107.56238424294457,106.525894,91.72349548339844
2024-07-10 14:00:00,87.52838400000002,144.38477924341657,106.01860952789659,107.953835,99.20348358154297
2024-07-10 15:00:00,61.629875000000006,111.7733725658983,67.93189603067115,64.63405,89.03858947753906
2024-07-10 16:00:00,42.50854900000001,73.1491818177973,42.77516150644843,38.289825,50.46436309814453
2024-07-10 17:00:00,23.639903000000004,43.25470078327912,21.817287621750566,21.044645,29.199007034301758
2024-07-10 18:00:00,7.645372999999999,15.547414517078323,6.906661936649112,6.8076,6.492399215698242
2024-07-10 19:00:00,3.723875000000001,-11.232174701070733,4.570657697060261,4.8653135,2.356212615966797
2024-07-10 20:00:00,1.6430319999999998,-7.316747468269668,2.205358686685079,2.5354764,1.4656410217285156
2024-07-10 21:00:00,0.5120000000000001,-16.364517869572452,1.242458268783361,1.9539813,0.9783210754394531
2024-07-10 22:00:00,0.2383279999999999,-22.86446670751623,0.8027598822013613,0.86906385,0.6111183166503906
2024-07-10 23:00:00,0.438976,-25.711021987582626,0.6165086356144054,0.49405405,0.06571197509765625
2024-07-11 00:00:00,0.6141249999999999,-12.88768942933109,1.103736460116597,1.0934329,0.005092620849609375
2024-07-11 01:00:00,0.5927039999999999,-16.912865498022043,1.2201841913741653,1.6727258,0.17772674560546875
2024-07-11 02:00:00,0.7535710000000001,-24.552067793036557,1.0606244147369503,1.6767676,-0.6699790954589844
2024-07-11 03:00:00,1.030301,-22.0561897985055,1.1306033631509167,1.5541229,-0.35939788818359375
2024-07-11 04:00:00,1.030301,-17.503803432478918,1.4342986071486308,1.7308992,-0.8838005065917969
2024-07-11 05:00:00,0.681472,-22.038491438631453,1.3132447679345591,1.1805197,0.034442901611328125
2024-07-11 06:00:00,1.771561,-24.18125156226911,0.9921123584787357,2.599199,0.20949935913085938
2024-07-11 07:00:00,11.852351999999996,-3.7324631586664196,7.517084630813295,7.662716,2.3918075561523438
2024-07-11 08:00:00,21.253933,53.150305870413504,29.450025160376253,28.497166,15.46664047241211
2024-07-11 09:00:00,35.611289,60.04856514881341,33.308597242484296,35.071167,38.698028564453125
2024-07-11 10:00:00,62.099136,85.85219640062643,50.407187149410184,50.828407,43.85954284667969
2024-07-11 11:00:00,106.49642400000002,119.97238561333684,86.68730343132285,85.30445,70.22601318359375
2024-07-11 12:00:00,161.878625,155.97970718237468,140.8651731267502,149.34584,118.98994445800781
2024-07-11 13:00:00,218.167208,191.65224754944262,195.67413762222003,199.00949,172.99891662597656
2024-07-11 14:00:00,244.140625,209.86504055970266,232.67110794386332,237.57887,212.42874145507812
2024-07-11 15:00:00,226.981,200.21036475896,242.49022993768907,224.59464,244.4624786376953
2024-07-11 16:00:00,173.74111200000002,165.274539360093,191.23519458178066,175.87547,203.77015686035156
2024-07-11 17:00:00,82.31287499999998,123.36108376293085,88.00439918149038,76.193825,119.89605712890625
2024-07-11 18:00:00,17.984728,68.53370526928857,21.927576148937543,19.452961,30.926185607910156
2024-07-11 19:00:00,10.360232000000002,19.042023061853527,12.405335083386362,13.328629,10.084339141845703
2024-07-11 20:00:00,8.0,31.46017565641033,7.783058552355744,7.6535287,6.671491622924805
2024-07-11 21:00:00,6.128487000000001,23.498510137720146,6.58517488003866,6.830842,3.9114227294921875
2024-07-11 22:00:00,3.869893,13.285317789905562,5.4513949225509615,5.536581,3.635761260986328
2024-07-11 23:00:00,2.803221,-1.4797102675550633,3.352784082094562,3.2607884,2.214569091796875
2024-07-12 00:00:00,1.6430319999999998,-5.383733566497568,2.4747739141041283,2.7478464,1.2515106201171875
2024-07-12 01:00:00,0.941192,-12.516597745615243,1.5610287517375674,1.9190078,0.5759391784667969
2024-07-12 02:00:00,1.2950290000000002,-13.733040960927525,1.0110512063460064,1.1420879,-1.4778480529785156
2024-07-12 03:00:00,1.3676310000000005,-5.832492411406491,1.6367515731951499,1.4967309,-1.4773292541503906
2024-07-12 04:00:00,1.0,-7.526070646650027,1.4812203183217005,1.443757,-0.8344650268554688
2024-07-12 05:00:00,0.5927039999999999,-15.362904104244848,1.1466004272052692,0.9554065,-1.0839500427246094
2024-07-12 06:00:00,7.414874999999999,-14.309325272477878,1.1119206635917933,3.0068288,-0.6449470520019531
2024-07-12 07:00:00,42.875,55.1709663487144,22.837035248550272,25.682808,2.5729904174804688
2024-07-12 08:00:00,69.934528,134.06071378274407,97.53439402584785,83.08461,60.61871337890625
2024-07-12 09:00:00,84.60451899999998,144.4817514507822,97.47254635334345,89.277756,112.31227111816406
2024-07-12 10:00:00,92.959677,144.76231769579152,93.54685806703185,90.165405,86.17191314697266
2024-07-12 11:00:00,105.154048,152.08589209242763,95.0916349582631,100.512024,96.93833923339844
2024-07-12 12:00:00,119.095488,152.1909066875234,103.06456135706823,105.1819,93.42100524902344
2024-07-12 13:00:00,129.55421599999997,143.24082229156818,114.42969852485261,123.78242,120.55607604980469
2024-07-12 14:00:00,108.53133299999998,139.08112555339943,128.81733841504646,125.83057,121.51283264160156
2024-07-12 15:00:00,71.991296,95.33289686328776,80.86489079878284,85.1667,120.93173217773438
2024-07-12 16:00:00,43.24355099999999,66.46047932682383,48.10889476270509,42.630424,63.88469696044922
2024-07-12 17:00:00,21.951999999999995,42.34573764618507,22.57286989004931,19.449568,20.191055297851562
2024-07-12 18:00:00,9.261,4.006243326964011,7.0305665173670455,6.0592003,5.210306167602539
2024-07-12 19:00:00,5.832000000000001,-15.409850432080404,6.324921357508634,6.6459904,1.5693893432617188
2024-07-12 20:00:00,4.741631999999999,-9.715156210434813,4.493554900143121,4.5830445,1.8068771362304688
2024-07-12 21:00:00,3.176523,-10.292188423959757,4.184699227840285,4.6418037,2.4380836486816406
2024-07-12 22:00:00,1.4049280000000004,-13.010450625300265,2.6826546361035613,2.933909,3.394512176513672
2024-07-12 23:00:00,0.5717869999999999,-22.034000328707876,0.9489879037497367,1.5753849,1.5058441162109375
2024-07-13 00:00:00,0.3429999999999999,-22.716890844518318,0.7336146722512518,1.0644201,0.6386604309082031
2024-07-13 01:00:00,0.3429999999999999,-26.850706878305942,0.7014548140360999,0.7613113,-0.3897705078125
2024-07-13 02:00:00,0.314432,-29.067829495295385,0.7018073788188935,0.67383903,-0.7948379516601562
2024-07-13 03:00:00,0.456533,-30.272986035502115,0.6839442657496965,0.6468848,-0.649200439453125
2024-07-13 04:00:00,1.092727,-32.6893741681273,1.0551506552599919,0.76504296,-1.0804367065429688
2024-07-13 05:00:00,1.191016,-18.707236251276953,1.7915994615204303,1.4978749,-0.06888961791992188
2024-07-13 06:00:00,4.574296,-8.189588530925505,1.7270313216700712,2.3590205,1.2478981018066406
2024-07-13 07:00:00,27.818127,28.785386865994965,12.394666970635884,13.5087185,2.782573699951172
2024-07-13 08:00:00,34.012224,99.56353946808944,70.76609398784062,67.98559,23.73279571533203
2024-07-13 09:00:00,31.554496000000004,85.1352722506774,41.98344950566163,33.713203,70.96880340576172
2024-07-13 10:00:00,32.461759,81.42158272315184,32.805751705991796,31.780533,43.059391021728516
2024-07-13 11:00:00,38.614472,81.18061636637596,36.574177017941906,35.839863,35.2696418762207
2024-07-13 12:00:00,44.361864,74.65493586263382,47.484739789946545,49.625515,36.32876205444336
2024-07-13 13:00:00,49.027896000000005,67.15529323039833,46.25437132040676,47.414623,38.50324630737305
2024-07-13 14:00:00,46.656000000000006,58.55771751749178,51.89192053912673,50.956223,41.02699279785156
2024-07-13 15:00:00,45.499293,55.360720478241504,39.850594572734785,39.286446,42.60701370239258
2024-07-13 16:00:00,41.421736,37.158314705221485,38.824152195210786,38.886864,18.717262268066406
2024-07-13 17:00:00,28.934442999999995,12.264029447219684,31.726753462136642,29.046785,28.53659439086914
2024-07-13 18:00:00,11.239424000000003,-18.649542781757503,8.567696265386562,9.439886,9.473342895507812
2024-07-13 19:00:00,7.529535999999999,-32.82963375532974,7.885157790443239,7.9584055,3.0266380310058594
2024-07-13 20:00:00,7.301384,-10.910980472089463,5.791975395884244,5.5015645,1.2084312438964844
2024-07-13 21:00:00,7.077887999999999,-1.7140745698264936,6.604545748070365,6.9964232,2.8900833129882812
2024-07-13 22:00:00,6.539203000000001,-1.4696047813325919,6.509804165081114,6.969535,4.203041076660156
2024-07-13 23:00:00,6.229504,-2.6195419713222208,5.9904804234206805,6.071914,4.394153594970703
2024-07-14 00:00:00,5.735339000000001,0.28737293944749354,6.333938244635672,6.5201497,4.099554061889648
2024-07-14 01:00:00,5.000210999999999,-8.765124038928903,5.933488633379431,6.5962105,2.7369384765625
2024-07-14 02:00:00,3.796416,-10.430221902005798,4.675182353722634,4.9882517,1.8306427001953125
2024-07-14 03:00:00,2.3526370000000005,-11.618309517985224,3.433722822796529,4.0328493,2.2684402465820312
2024-07-14 04:00:00,1.4428969999999997,-17.911085321595053,2.005912653913256,2.7004666,0.46761322021484375
2024-07-14 05:00:00,0.681472,-21.517681735565972,1.1264018948421415,1.4819429,1.0955238342285156
2024-07-14 06:00:00,3.652264,-20.355195049985312,0.8612365863373518,2.4032977,1.1418991088867188
2024-07-14 07:00:00,13.823999999999998,22.16390546476113,13.174265799305635,10.780067,3.8849525451660156
2024-07-14 08:00:00,16.003008,56.687909667558486,30.309466447152907,30.025751,22.875701904296875
2024-07-14 09:00:00,19.465109,42.734060479611756,18.0195912296365,17.980017,30.656187057495117
2024-07-14 10:00:00,27.270900999999995,54.86274244920487,21.929022483995904,24.200918,27.2666015625
2024-07-14 11:00:00,38.614472,68.87557463738325,35.005674610976214,35.27558,29.79901885986328
2024-07-14 12:00:00,51.064811,83.37791002197763,50.88374871831496,52.423264,41.864349365234375
2024-07-14 13:00:00,61.629875000000006,96.58315580375093,57.50414399671176,60.40769,51.58200454711914
2024-07-14 14:00:00,58.86386900000001,101.35545097911974,68.59248220523072,64.424,65.53007507324219
2024-07-14 15:00:00,49.836032,85.38760409294902,55.61935329674206,54.123898,51.56390380859375
2024-07-14 16:00:00,40.353607,54.66580097217884,36.884004686868764,37.496094,30.5601806640625
2024-07-14 17:00:00,24.897088,26.450655762901405,27.41409720208534,27.76247,20.312847137451172
2024-07-14 18:00:00,7.762391999999999,3.4733950684386627,7.573940938666178,8.265174,6.744945526123047
2024-07-14 19:00:00,5.359375,-16.288969769526076,4.835743171664472,4.5569105,2.097972869873047
2024-07-14 20:00:00,3.581577,3.9507936425779207,4.020817348579036,4.0299506,1.2180557250976562
2024-07-14 21:00:00,1.815848,2.9491672542131226,3.1066297360399666,3.2595563,2.3607406616210938
2024-07-14 22:00:00,0.8043570000000001,-8.456405924112971,1.4395226069239937,1.3977535,1.2422561645507812
2024-07-14 23:00:00,0.681472,-16.945227647902897,0.8407760030045166,0.8792415,0.7069282531738281
2024-07-15 00:00:00,0.7049690000000001,-15.0137609601354,0.9448375673635766,1.029418,0.29911041259765625
2024-07-15 01:00:00,0.7290000000000001,-15.412146905454492,0.9768557754086713,1.4746878,0.02593994140625
2024-07-15 02:00:00,1.815848,-16.69352467728804,0.99820606489297,1.6269114,-0.7529945373535156
2024-07-15 03:00:00,4.251528,-3.7104529868970104,3.275414424400535,3.6457422,0.15798568725585938
2024-07-15 04:00:00,6.434856000000001,10.959390329004975,6.038167714048871,6.5845776,1.7666168212890625
2024-07-15 05:00:00,8.869742999999998,17.508698518664687,7.820836899711151,8.292508,5.926843643188477
2024-07-15 06:00:00,10.941048000000002,32.20120092664415,11.30349979587707,12.609411,9.417745590209961
2024-07-15 07:00:00,3.723875000000001,40.087569019895156,11.479148593692305,8.990847,16.28301429748535
2024-07-15 08:00:00,1.815848,-4.3725625640458645,4.522506649675859,3.4534223,17.999732971191406
2024-07-15 09:00:00,2.000376,-17.859456297306053,3.908050544681953,4.3279457,15.833919525146484
2024-07-15 10:00:00,3.944312000000001,-24.006473963997095,7.046073528951364,5.834269,18.499120712280273
2024-07-15 11:00:00,8.365426999999997,-20.915736099350468,7.623129693969606,17.255949,22.023601531982422
2024-07-15 12:00:00,14.706125000000004,-2.3756801901060385,15.249149466190863,16.668013,22.861328125
2024-07-15 13:00:00,19.034163,19.3747278184684,22.90814076800693,22.09906,23.561176300048828
2024-07-15 14:00:00,18.399744,28.196029841759568,23.444222583930472,25.220394,28.879287719726562
2024-07-15 15:00:00,16.777216,19.52405891596517,16.86642080936377,17.41453,20.164936065673828
2024-07-15 16:00:00,14.526784,4.414242750500705,14.418069637485116,14.63446,14.22189712524414
2024-07-15 17:00:00,9.938375,-16.449924417824704,11.58444836455434,9.801696,8.410037994384766
2024-07-15 18:00:00,3.375,-29.604814939474508,4.891550194564553,5.085418,4.228708267211914
2024-07-15 19:00:00,2.0483830000000003,-38.09433183222052,1.8145236820565045,0.91951275,0.927459716796875
2024-07-15 20:00:00,1.953125,-20.035611128105415,1.5216985266632985,2.2271273,0.12567138671875
2024-07-15 21:00:00,3.112136,-8.36641074781366,2.542187980707324,2.3012059,1.2894935607910156
2024-07-15 22:00:00,4.574296,0.5144858886079646,4.132191584311571,3.7079847,1.7443771362304688
2024-07-15 23:00:00,4.741631999999999,3.7058504777065906,6.40275948364954,5.5395594,3.4583473205566406
2024-07-16 00:00:00,3.944312000000001,2.2669037393944222,4.501229098318778,4.5246468,4.027942657470703
2024-07-16 01:00:00,3.5118080000000003,-6.536925794911852,3.9082455076948706,3.8993995,3.588134765625
2024-07-16 02:00:00,3.0486249999999995,-8.382274028908796,3.470652065617645,3.462281,1.9342918395996094
2024-07-16 03:00:00,2.5713530000000007,-11.636011101699651,3.032749778717582,2.8918135,2.804981231689453
2024-07-16 04:00:00,1.953125,-15.6366231745141,2.7904829225224193,3.0021288,1.2880134582519531
2024-07-16 05:00:00,2.5154560000000004,-21.505212830472132,1.8550972650327477,1.8737962,2.6065025329589844
2024-07-16 06:00:00,11.543175999999995,-15.578726818659362,5.507294253246681,4.469879,1.6926612854003906
2024-07-16 07:00:00,14.172488,41.59637745139763,34.826286305328125,27.34158,6.963405609130859
2024-07-16 08:00:00,12.812903999999998,37.22249449414251,20.98526770053083,16.64212,25.055702209472656
2024-07-16 09:00:00,13.823999999999998,26.107646588636626,16.292920561788115,11.804405,15.4024658203125
2024-07-16 10:00:00,19.465109,24.756063948240026,20.03852345767688,17.856344,18.884069442749023
2024-07-16 11:00:00,26.730899000000004,34.12100341947665,26.886096628983907,26.38193,21.05084228515625
2024-07-16 12:00:00,36.264691,43.08407926674862,32.94979820089364,33.8382,34.833412170410156
2024-07-16 13:00:00,45.882712000000005,61.91316782907735,43.796455673350856,41.91387,36.06812286376953
2024-07-16 14:00:00,49.430863,73.64971737749873,53.4213936103143,51.987545,55.20219421386719
2024-07-16 15:00:00,42.144192,66.49343338087517,43.64252718604284,47.338314,45.40589904785156
2024-07-16 16:00:00,32.76800000000001,36.98022678627787,33.132685867119044,28.831728,38.65499496459961
2024-07-16 17:00:00,19.465109,10.494527915831881,17.928571299972788,17.89824,14.526691436767578
2024-07-16 18:00:00,6.434856000000001,-14.292656825707738,6.499036262858731,7.216984,6.325998306274414
2024-07-16 19:00:00,2.1466890000000003,-27.37154474035765,3.5076019231767304,2.7913733,1.4436149597167969
2024-07-16 20:00:00,0.421875,-15.246013599087988,1.202603528379882,1.0191863,0.4659996032714844
2024-07-16 21:00:00,0.000343,-19.471800260899826,0.660887486782658,0.74014825,0.6071624755859375
2024-07-16 22:00:00,0.287496,-35.91037704307773,0.4462647616662312,0.37341747,-0.10225677490234375
2024-07-16 23:00:00,1.3310000000000004,-1.5107395039626397,0.8188884889579947,0.6887106,-0.8684616088867188
2024-07-17 00:00:00,1.3676310000000005,10.309639303643536,3.0802401933525316,2.4121861,0.9327011108398438
2024-07-17 01:00:00,0.456533,-1.2816793609960655,1.5356912350370564,1.7294229,1.452301025390625
2024-07-17 02:00:00,0.287496,-18.31865939302962,0.6267811761900355,0.60557896,0.42352294921875
2024-07-17 03:00:00,0.405224,-14.178826164999194,0.5736852095779372,0.50363046,-0.153778076171875
2024-07-17 04:00:00,0.5927039999999999,-13.670939538955025,0.8669418481701439,0.56628275,0.07397842407226562
2024-07-17 05:00:00,0.8847359999999999,-17.672906737669578,1.1165351055701707,1.0584607,0.8212318420410156
2024-07-17 06:00:00,1.4428969999999997,-19.897117718384976,1.405928079125885,2.5473146,1.4018745422363281
2024-07-17 07:00:00,1.4815439999999995,-15.087069698604282,3.6527366263612437,3.9159763,5.008623123168945
2024-07-17 08:00:00,1.0612080000000002,-23.13402065547426,3.8993837294371194,3.9184282,10.934696197509766
2024-07-17 09:00:00,2.3526370000000005,-36.98849862397624,4.053240045904215,3.4802277,13.461042404174805
2024-07-17 10:00:00,7.880599,-26.716610758473294,7.230172152554575,8.380954,14.814287185668945
2024-07-17 11:00:00,16.777216,6.745238857888751,16.96839515106863,17.748642,17.697101593017578
2024-07-17 12:00:00,25.67237500000001,33.90850911551256,25.73030255657873,25.415512,24.535526275634766
2024-07-17 13:00:00,32.76800000000001,52.82768752924768,33.575179283307406,34.07822,35.647891998291016
2024-07-17 14:00:00,34.965783,67.50850428353338,35.30309520677347,34.37608,33.57955551147461
2024-07-17 15:00:00,32.76800000000001,72.6639813837849,33.56290386417059,32.68085,33.956565856933594
2024-07-17 16:00:00,26.730899000000004,48.358767709929865,26.40545420129838,23.78195,21.381366729736328
2024-07-17 17:00:00,16.581374999999998,24.482246404194356,17.200047980529167,16.498829,16.314041137695312
2024-07-17 18:00:00,5.832000000000001,1.296888060285795,6.830156070035717,8.456812,7.401559829711914
2024-07-17 19:00:00,2.8632879999999994,-22.1682148998741,3.160684959028166,2.1071794,2.3871994018554688
2024-07-17 20:00:00,2.5154560000000004,-12.20220504191785,1.7019188859062249,2.1397474,0.59747314453125
2024-07-17 21:00:00,2.4061040000000005,-8.014769858199585,3.3199530569605304,3.489607,1.52044677734375
2024-07-17 22:00:00,2.4061040000000005,-14.933306746348947,2.651097575246646,3.2760892,2.6647071838378906
2024-07-17 23:00:00,2.803221,-16.92969635255183,2.5791391339373173,2.9833374,1.7586326599121094
2024-07-18 00:00:00,2.985984,-14.584294775831992,3.179730951999093,3.2363076,1.7113914489746094
2024-07-18 01:00:00,2.5713530000000007,-18.87729353278236,3.229736762555642,3.1198473,1.486572265625
2024-07-18 02:00:00,2.0483830000000003,-22.467083612086967,2.7808293516641442,3.005492,0.33972930908203125
2024-07-18 03:00:00,1.7279999999999998,-23.941226449542754,1.9105624153199292,2.0594015,0.6527137756347656
2024-07-18 04:00:00,1.5208749999999998,-23.78276842888839,1.9410176723907762,1.8479135,0.00354766845703125
2024-07-18 05:00:00,1.3310000000000004,-25.35117273227314,1.5811057499355354,1.41689,1.4660491943359375
2024-07-18 06:00:00,0.7290000000000001,-25.340569733467774,1.9374299674385065,2.9479268,1.6905403137207031
2024-07-18 07:00:00,1.0612080000000002,-29.190501561553106,2.4370674468323426,2.6153274,4.442039489746094
2024-07-18 08:00:00,5.088448,-21.50875720224576,4.258322085098285,3.795652,6.924400329589844
2024-07-18 09:00:00,17.984728,10.103219410409565,12.223109404199523,13.640341,13.02008056640625
2024-07-18 10:00:00,46.26827899999999,49.60742731158739,34.47648969405429,33.49702,23.8251953125
2024-07-18 11:00:00,76.765625,96.70877311098847,67.1298657863698,70.62225,48.98894500732422
2024-07-18 12:00:00,94.81881599999996,124.75165473180506,103.86199572301079,103.53836,88.53843688964844
2024-07-18 13:00:00,102.50323199999998,144.99486630875998,106.6838490268241,103.37339,94.05207824707031
2024-07-18 14:00:00,89.31462299999998,147.58071888559817,103.61699713904116,99.368225,90.67362976074219
2024-07-18 15:00:00,65.939264,117.75950291270907,72.34156420593445,67.657005,87.33216094970703
2024-07-18 16:00:00,45.499293,75.59988897592551,42.225452610615115,39.916473,54.69142150878906
2024-07-18 17:00:00,23.149125,36.52884063105931,22.840966949291715,21.287294,31.697402954101562
2024-07-18 18:00:00,6.331625000000001,0.4949833543024198,7.819544839043419,6.9433722,7.467428207397461
2024-07-18 19:00:00,2.1466890000000003,-21.24941442849206,3.9643474229324447,2.9634886,1.7762184143066406
2024-07-18 20:00:00,1.030301,-17.427758094345535,1.1964754148737529,1.1992273,0.7914276123046875
2024-07-18 21:00:00,0.7535710000000001,-17.38274340513607,1.0552751880477766,1.3893797,0.21337890625
2024-07-18 22:00:00,1.4815439999999995,-16.264819898071593,0.8250049244147667,0.6917979,0.37895965576171875
2024-07-18 23:00:00,3.241792,-6.613062537561817,2.3445000215305694,2.2665193,0.6553268432617188
2024-07-19 00:00:00,4.826809,13.824627199203178,4.872450995263827,5.1730976,2.450458526611328
2024-07-19 01:00:00,5.177717,13.402006031597622,6.146603980332069,6.472349,3.1262779235839844
2024-07-19 02:00:00,4.492124999999999,11.640802790030989,5.270649176083948,5.7347484,2.5003738403320312
2024-07-19 03:00:00,3.581577,5.652126398347036,4.119633227938022,4.404373,3.353759765625
2024-07-19 04:00:00,2.985984,-0.20444633926065592,3.5194093998586187,3.2357137,1.0429306030273438
2024-07-19 05:00:00,1.953125,-7.636768431356188,2.9820240408605816,2.658175,1.8507766723632812
2024-07-19 06:00:00,0.079507,-14.266118773568323,3.3900569324519143,3.5272505,1.7227058410644531
2024-07-19 07:00:00,2.803221,-36.00683751602345,3.341048488424002,2.9848695,7.287958145141602
2024-07-19 08:00:00,10.077696,21.905611531684585,11.753582976076292,10.889557,12.659278869628906
2024-07-19 09:00:00,15.252992,30.420016432501555,18.760966273937708,18.945726,24.68753433227539
2024-07-19 10:00:00,19.902511,32.43690967154011,22.811839477007585,23.150738,32.81980895996094
2024-07-19 11:00:00,23.639903000000004,39.60771657959076,27.193081778678483,27.151842,34.86931610107422
2024-07-19 12:00:00,28.652616,42.27158909095816,24.645811461984273,29.972961,33.168060302734375
2024-07-19 13:00:00,31.855013,55.615367129988655,33.25686553453346,32.040054,27.281225204467773
2024-07-19 14:00:00,34.012224,54.79723094006842,32.95140807829967,31.896376,36.9435920715332
2024-07-19 15:00:00,30.080231,46.872049111716635,33.52693010011845,33.351135,25.73298454284668
2024-07-19 16:00:00,23.639903000000004,25.954042401128262,24.4947206601843,22.922342,25.680532455444336
2024-07-19 17:00:00,15.252992,5.395512790613651,13.360300065298443,12.623667,10.246149063110352
2024-07-19 18:00:00,4.574296,-10.107584802285885,7.075044489797415,7.342573,6.12940788269043
2024-07-19 19:00:00,2.744,-27.673437606813337,2.336007733584724,2.3472955,1.3762664794921875
2024-07-19 20:00:00,2.803221,-10.77826620298265,2.1738551034941342,2.3833845,0.9348220825195312
2024-07-19 21:00:00,5.735339000000001,-4.687434028288536,3.6499695440405096,4.1809893,1.8198204040527344
2024-07-19 22:00:00,11.697083,10.962003566611699,8.799550361014118,9.1133175,2.388652801513672
2024-07-19 23:00:00,16.974592999999995,28.144347854818832,18.62180850060556,17.264254,6.636371612548828
2024-07-20 00:00:00,17.373979,45.68385636471349,21.979953995954535,18.859015,11.42408561706543
2024-07-20 01:00:00,13.651919,40.31277520379736,17.368461206721143,16.641647,14.047563552856445
2024-07-20 02:00:00,8.869742999999998,28.692314405934454,10.803102501205469,11.085854,7.895200729370117
2024-07-20 03:00:00,5.6397520000000005,13.480518986547779,6.354260473756457,6.6002574,6.3491363525390625
2024-07-20 04:00:00,4.741631999999999,1.8581783463005905,4.752473451615295,4.662081,2.623859405517578
2024-07-20 05:00:00,7.189056999999999,1.3843889834646177,4.2516182666534705,4.231659,4.866922378540039
2024-07-20 06:00:00,12.649337,17.771421914551496,9.769708925798255,14.587153,6.57752799987793
2024-07-20 07:00:00,12.166999999999998,37.118170482676916,14.54924534801252,18.027761,21.68175506591797
2024-07-20 08:00:00,14.348907000000002,17.806914892963476,12.461051955661665,14.329701,19.252851486206055
2024-07-20 09:00:00,14.526784,17.17262873029398,18.642860501349574,16.909801,17.0318660736084
2024-07-20 10:00:00,17.984728,8.636332442255338,15.61331160068718,14.041862,25.171817779541016
2024-07-20 11:00:00,24.389,11.277360561158062,25.030578930954075,23.559895,22.66622543334961
2024-07-20 12:00:00,33.076161,20.739414649524363,30.079702464331447,29.960295,32.611846923828125
2024-07-20 13:00:00,45.118016,40.7541573007678,38.95498788154371,39.796574,29.974571228027344
2024-07-20 14:00:00,44.73887499999999,61.48927491288846,52.80881443774859,51.60804,46.35820007324219
2024-07-20 15:00:00,33.698267,47.659561504804614,42.30397407477965,42.212017,51.33214569091797
2024-07-20 16:00:00,17.576,18.89160453402242,25.32488814090823,22.254063,22.845516204833984
2024-07-20 17:00:00,6.128487000000001,-12.031710517533597,8.420479878380387,7.688503,9.841302871704102
2024-07-20 18:00:00,1.0,-33.13086902187143,2.8797542987126774,0.76738715,2.290264129638672
2024-07-20 19:00:00,0.2383279999999999,-39.35305936587464,0.8801529547257797,-0.28383183,-0.2248687744140625
2024-07-20 20:00:00,0.8043570000000001,-25.939969875591615,0.6227062305928974,0.40509495,-0.19861602783203125
2024-07-20 21:00:00,1.906624,0.9970447726493461,1.877876854102459,1.6564999,0.12025833129882812
2024-07-20 22:00:00,2.803221,9.225924330162897,3.0160190186916225,2.5044513,2.077301025390625
2024-07-20 23:00:00,3.0486249999999995,7.104652186641985,3.819783188961336,3.530773,1.200775146484375
2024-07-21 00:00:00,2.803221,10.082297832800549,3.259086516573801,3.1522155,2.5519256591796875
2024-07-21 01:00:00,2.299968,5.3778301726975,3.0235591293238526,3.07796,1.3370170593261719
2024-07-21 02:00:00,2.1466890000000003,-1.1658435113644288,2.2708290407633602,2.510622,1.1257057189941406
2024-07-21 03:00:00,2.4061040000000005,-7.549301983358191,2.21382335021709,2.3413916,1.1751670837402344
2024-07-21 04:00:00,2.5154560000000004,-11.101168306634207,2.6748422936216163,2.6728232,0.7499427795410156
2024-07-21 05:00:00,2.5154560000000004,-13.19881895422435,2.834834679029201,2.6722527,1.7966117858886719
2024-07-21 06:00:00,5.000210999999999,-13.305002238069576,4.782187948692189,4.6372924,2.2956161499023438
2024-07-21 07:00:00,8.869742999999998,10.751504622744804,9.784091126557694,8.459448,6.22856330871582
2024-07-21 08:00:00,15.813250999999996,20.6684327581561,13.77403589480535,13.858195,14.059469223022461
2024-07-21 09:00:00,16.777216,33.00596805889295,23.89972214969368,24.45513,18.263154983520508
2024-07-21 10:00:00,16.387064000000002,23.22836161466971,20.787600298574542,19.320572,28.50539779663086
2024-07-21 11:00:00,20.346417,15.446758360170833,17.934567566830502,18.598198,26.393531799316406
2024-07-21 12:00:00,28.652616,16.058015406397146,25.976368704252224,25.1893,22.011619567871094
2024-07-21 13:00:00,37.25970399999999,35.099241491039194,35.78611207738991,35.098797,22.58339500427246
2024-07-21 14:00:00,37.595375,52.730846781253476,43.50386996814472,41.484406,42.8603401184082
2024-07-21 15:00:00,32.461759,33.06523681558424,30.908015585535214,32.885017,32.120018005371094
2024-07-21 16:00:00,24.642171000000005,23.3690774026647,22.91353924249818,22.432875,19.49386215209961
2024-07-21 17:00:00,13.312053000000002,13.91202231180202,12.729631350391108,11.542585,9.632648468017578
2024-07-21 18:00:00,4.330746999999999,-12.194281898357218,5.729509481340316,6.1694126,3.8590660095214844
2024-07-21 19:00:00,1.4049280000000004,-25.5861653002203,2.1709526179757326,1.9541634,1.0022773742675781
2024-07-21 20:00:00,0.8847359999999999,-19.172465888555394,0.9006623910933688,0.7762639,0.16202163696289062
2024-07-21 21:00:00,0.7049690000000001,-14.178446741705187,1.0049826255377925,1.232076,0.4583740234375
2024-07-21 22:00:00,0.8573749999999999,-21.73000231308616,0.8168558414037673,1.0245688,0.9884681701660156
2024-07-21 23:00:00,1.3676310000000005,-18.66142653553443,1.1557529412586347,1.1298823,0.4280891418457031
2024-07-22 00:00:00,1.815848,-7.933004333687791,1.700752265892554,1.9941024,0.4436607360839844
2024-07-22 01:00:00,2.097152,-8.616719543822995,2.1679841945441134,2.2691002,0.6108818054199219
2024-07-22 02:00:00,1.906624,-7.700037380405149,2.387317123942665,2.3907325,0.2948799133300781
2024-07-22 03:00:00,1.092727,-9.285129991844855,2.043751715096223,2.0561316,1.6438140869140625
2024-07-22 04:00:00,0.8847359999999999,-20.188938018644436,1.1653706215780557,1.1130538,0.5769920349121094
2024-07-22 05:00:00,3.442951,-23.2957380273851,1.0569320364214094,0.80473715,1.003082275390625
2024-07-22 06:00:00,6.434856000000001,6.101401457362812,7.501011565007661,8.539082,1.8924713134765625
2024-07-22 07:00:00,9.663596999999998,17.1446134761501,9.53454316009156,10.411895,13.743707656860352
2024-07-22 08:00:00,17.576,25.810252812474843,16.872043770534038,12.349398,15.142385482788086
2024-07-22 09:00:00,18.191447,45.09907184107105,25.92882226337598,28.275549,21.518035888671875
2024-07-22 10:00:00,19.902511,35.06712235717852,20.014676098424893,23.212385,29.09260368347168
2024-07-22 11:00:00,27.270900999999995,35.7857096898701,21.917825003948607,24.28176,26.119064331054688
2024-07-22 12:00:00,40.707584,51.21847477773501,33.64453720267664,34.899254,26.8237247467041
2024-07-22 13:00:00,51.478848000000006,72.04042805793976,51.07731862067742,48.605797,42.9687614440918
2024-07-22 14:00:00,49.027896000000005,85.21258276931174,57.56007822832196,54.64475,61.58976745605469
2024-07-22 15:00:00,35.93699999999999,76.53073699633283,41.050215545665516,40.548813,43.46577072143555
2024-07-22 16:00:00,24.389,38.521031771546134,22.053004415616257,22.900427,26.144878387451172
2024-07-22 17:00:00,25.153757,0.05911442661455624,11.408398686116143,10.365338,11.054218292236328
2024-07-22 18:00:00,28.934442999999995,-0.015718219990006332,16.035538923302497,18.086164,5.140163421630859
2024-07-22 19:00:00,35.611289,13.834999610495075,27.817940629974352,27.068323,6.71330451965332
2024-07-22 20:00:00,33.698267,36.96363730953054,33.25087040721467,33.73887,8.175422668457031
2024-07-22 21:00:00,28.652616,34.626530750173416,32.19101302598451,30.266981,14.269725799560547
2024-07-22 22:00:00,21.024576,26.844801748760645,28.59602646187206,25.999653,11.581451416015625
2024-07-22 23:00:00,13.997521000000004,18.76325961227512,15.045963095914148,17.192617,14.695920944213867
2024-07-23 00:00:00,9.129328999999998,15.657597449022788,10.096523728250894,10.627414,10.161834716796875
2024-07-23 01:00:00,5.5452330000000005,6.102051172814271,7.268547373019436,7.2407146,10.521858215332031
2024-07-23 02:00:00,3.869893,-0.6131244816600088,4.66374996855886,4.4563203,4.444061279296875
2024-07-23 03:00:00,2.3526370000000005,-0.5955312589888848,3.400622004563837,3.3094552,2.9772720336914062
2024-07-23 04:00:00,1.5608959999999996,-5.098755985814307,1.9406593962985699,2.1013913,1.8353118896484375
2024-07-23 05:00:00,1.092727,-3.9570429585215976,1.4639854039927014,1.749887,2.7061500549316406
2024-07-23 06:00:00,0.287496,-3.8886238175582832,1.6897751175369187,2.071516,5.065162658691406
2024-07-23 07:00:00,2.803221,-14.905395457958278,2.9025886472907394,2.8070056,9.671379089355469
2024-07-23 08:00:00,12.326391,21.903409418391774,12.066033051238621,10.944667,9.250606536865234
2024-07-23 09:00:00,23.639903000000004,46.04422892247642,24.545434925157895,23.989279,21.439308166503906
2024-07-23 10:00:00,34.328125,59.3341614426554,36.225559374605794,38.601295,31.0745849609375
2024-07-23 11:00:00,36.264691,72.99504396564588,44.13133194707432,43.970436,37.261138916015625
2024-07-23 12:00:00,31.554496000000004,71.14885123983491,38.089282350228274,39.081226,46.09950256347656
2024-07-23 13:00:00,24.137569000000003,65.22668367457227,27.641167276400015,25.00729,29.605899810791016
2024-07-23 14:00:00,16.003008,51.49599244793727,18.7555554693168,18.349613,25.066612243652344
2024-07-23 15:00:00,11.239424000000003,16.648099392847897,9.625036692833358,10.02792,19.17514991760254
2024-07-23 16:00:00,6.751268999999999,-12.344932349401859,7.174754412284872,7.6953883,9.166507720947266
2024-07-23 17:00:00,3.442951,-22.960937731144014,3.8610816940599517,4.1922297,5.371002197265625
2024-07-23 18:00:00,1.6016129999999995,-32.95211467303693,2.146939986391407,1.605961,1.0813484191894531
2024-07-23 19:00:00,1.3310000000000004,-39.35915086084225,1.2663772006357865,1.7867595,0.3608818054199219
2024-07-23 20:00:00,1.860867,-23.549927684995808,1.466218611132417,1.2180051,1.0202445983886719
2024-07-23 21:00:00,1.7279999999999998,-8.766606096312955,2.2788108253036943,2.1321623,1.5585517883300781
2024-07-23 22:00:00,1.225043,-8.822914329769347,2.0557798916857224,2.254245,1.5732231140136719
2024-07-23 23:00:00,0.970299,-6.5485683255726315,1.2577407361814705,1.5129774,0.5001945495605469
2024-07-24 00:00:00,1.6016129999999995,-3.5724874992438487,1.1470931828204416,1.0275594,0.24454116821289062
2024-07-24 01:00:00,2.744,-1.1293634726590938,2.2083122217109983,1.7491955,0.149993896484375
2024-07-24 02:00:00,4.410943999999999,4.957833491479832,3.7098842919239945,3.664781,0.8924789428710938
2024-07-24 03:00:00,8.242408,15.689142931565101,5.723527756763083,5.453759,2.6051712036132812
2024-07-24 04:00:00,13.144256,30.11477552364694,12.895849647888255,10.520448,3.8373565673828125
2024-07-24 05:00:00,13.481272,41.08923411320298,16.541881484617463,16.217112,16.392240524291992
2024-07-24 06:00:00,16.974592999999995,39.556861464687145,12.339442591015917,14.776458,22.125102996826172
2024-07-24 07:00:00,24.642171000000005,50.12595810914296,15.525774486503241,13.707618,15.955488204956055
2024-07-24 08:00:00,33.076161,54.38368414525762,32.93031537353015,30.427881,17.94761848449707
2024-07-24 09:00:00,34.965783,55.7676532214587,40.45759114253779,39.736446,23.43633270263672
2024-07-24 10:00:00,36.594368,48.5411630130814,35.67360421010969,35.394768,32.397029876708984
2024-07-24 11:00:00,37.93305599999999,47.28343425146333,38.95136709942364,38.11425,31.880495071411133
2024-07-24 12:00:00,45.499293,46.823486127143624,38.742112772615165,40.928402,41.1718635559082
2024-07-24 13:00:00,51.895117,54.854920125037225,50.254024378718206,50.899216,31.20313835144043
2024-07-24 14:00:00,40.707584,62.99157474963944,54.02530310950156,52.872,56.974571228027344
2024-07-24 15:00:00,27.543608,33.579661032438295,33.21464658604625,30.030552,30.672529220581055
2024-07-24 16:00:00,21.024576,6.74164579250882,17.62975670935704,15.960915,13.786947250366211
2024-07-24 17:00:00,13.997521000000004,-0.41944440564520846,10.938041416260681,10.177373,8.276384353637695
2024-07-24 18:00:00,6.858999999999999,-11.823759652955118,6.069261320042569,7.2680197,4.068174362182617
2024-07-24 19:00:00,3.442951,-17.155662248126234,4.230186952191851,3.907615,1.4050559997558594
2024-07-24 20:00:00,2.4603750000000004,-8.421639075681526,2.1887303540480056,2.2407496,0.9334678649902344
2024-07-24 21:00:00,2.6856189999999995,-0.8631478603741556,2.6516903816846993,2.84155,1.1276435852050781
2024-07-24 22:00:00,3.442951,2.3107250243256345,3.1498896319758103,3.3698862,1.7506256103515625
2024-07-24 23:00:00,4.492124999999999,4.971099900258622,3.848335938524497,3.967477,2.211254119873047
2024-07-25 00:00:00,5.268024,9.854662576131489,5.466299308883103,5.0496325,2.673046112060547
2024-07-25 01:00:00,5.268024,9.415961579488894,5.6433068764059815,5.7838283,3.438983917236328
2024-07-25 02:00:00,4.574296,9.378724134447552,5.113023251258852,5.233572,2.029743194580078
2024-07-25 03:00:00,4.019679000000001,6.781157839296725,4.1120268926667665,4.2203765,3.6166534423828125
2024-07-25 04:00:00,3.375,1.9232512549019987,3.9340765561915516,3.8651164,2.051799774169922
2024-07-25 05:00:00,3.944312000000001,-4.608970251620519,3.2199557827851106,3.1447434,5.376899719238281
2024-07-25 06:00:00,13.997521000000004,0.0021326497568310288,4.928619099957663,8.918884,4.6066436767578125
2024-07-25 07:00:00,18.609625,49.31383252558088,31.029480194408293,27.406677,14.375886917114258
2024-07-25 08:00:00,19.034163,41.65244647345246,22.03348871729613,25.363241,45.363121032714844
2024-07-25 09:00:00,18.821096000000004,28.594243865596056,17.777215078089885,20.980942,21.63532257080078
2024-07-25 10:00:00,19.465109,16.06489950132847,17.68185839077511,18.956718,17.10150909423828
2024-07-25 11:00:00,20.123648000000003,6.774086495174657,19.15899148379364,19.479137,20.15138053894043
2024-07-25 12:00:00,20.123648000000003,1.4793107194927444,20.676707360169438,22.238703,20.06687355041504
2024-07-25 13:00:00,19.465109,-3.4219419387615915,19.80881521741351,21.471071,18.342313766479492
2024-07-25 14:00:00,16.974592999999995,-6.384266641152806,17.377520884537503,19.282911,16.407629013061523
2024-07-25 15:00:00,13.823999999999998,-4.885616800631553,14.1378472922189,13.642317,12.912399291992188
2024-07-25 16:00:00,9.129328999999998,-11.28617175215274,9.266337025512676,9.806547,8.363672256469727
2024-07-25 17:00:00,4.173281000000001,-31.853076047973204,5.189814586311481,5.5923076,4.442865371704102
2024-07-25 18:00:00,1.5208749999999998,-41.199931382474745,3.293352089250238,1.2503196,1.2832069396972656
2024-07-25 19:00:00,1.6430319999999998,-32.57841168117045,1.0376849046558296,-0.015962582,-0.3118438720703125
2024-07-25 20:00:00,2.8632879999999994,-7.7864124077892996,2.2303328485695157,1.343366,-0.19592666625976562
2024-07-25 21:00:00,3.442951,14.066768043226375,4.221755996593654,3.379262,0.641326904296875
2024-07-25 22:00:00,2.6856189999999995,22.89245058220739,3.8528643954619657,3.6667578,1.1389732360839844
2024-07-25 23:00:00,1.906624,20.06721409509123,2.974141555435638,2.6406705,1.470672607421875
2024-07-26 00:00:00,1.6016129999999995,20.228348161119726,1.9287834620888809,1.780638,0.8776321411132812
2024-07-26 01:00:00,1.7279999999999998,12.988306551153428,1.8622754959892394,1.7561529,0.380218505859375
2024-07-26 02:00:00,1.6016129999999995,12.874549703510155,2.08172035016235,1.7868773,0.14150619506835938
2024-07-26 03:00:00,0.941192,5.33812100362762,1.8877926153232878,1.8084546,1.4127616882324219
2024-07-26 04:00:00,0.3890169999999999,-10.458930432952869,1.127632343085523,1.0702512,0.8887519836425781
2024-07-26 05:00:00,0.085184,-22.318769926016458,0.5401324911410152,0.41212356,1.2266082763671875
2024-07-26 06:00:00,0.531441,-30.007452277011325,0.5776622680871335,1.554952,1.2107429504394531
2024-07-26 07:00:00,18.191447,-14.525170271837595,3.4821581393414682,3.2082489,1.532562255859375
2024-07-26 08:00:00,40.707584,85.20920576417068,51.264024328990956,51.648746,4.489919662475586
2024-07-26 09:00:00,49.836032,99.27751821839236,57.24331567225924,53.781334,53.56005096435547
2024-07-26 10:00:00,52.734375,102.46052806555402,56.93735477692042,58.599598,46.66740417480469
2024-07-26 11:00:00,57.066625,108.26621173653596,54.3873455745203,55.316,56.22848892211914
2024-07-26 12:00:00,67.91731200000001,107.71551822202552,58.21669966954151,58.429733,58.375640869140625
2024-07-26 13:00:00,84.027672,113.58155234737275,72.55617977877864,72.5156,64.43423461914062
2024-07-26 14:00:00,91.125,113.30785127447082,90.05459834176344,92.34796,78.88489532470703
2024-07-26 15:00:00,85.18400000000003,99.60995384888007,81.38900719492337,87.819046,90.18413543701172
2024-07-26 16:00:00,71.991296,84.87254712866245,65.56497698735748,64.08435,56.14970397949219
2024-07-26 17:00:00,40.001688,72.33383864082474,44.49763203636354,46.49528,29.95928955078125
2024-07-26 18:00:00,10.503459,37.855803328538215,12.294327865967235,11.72893,10.066364288330078
2024-07-26 19:00:00,4.574296,5.381839600050355,7.058866302804002,6.23259,3.6639976501464844
2024-07-26 20:00:00,1.953125,13.394480140207051,2.6567256277488904,2.793331,1.4669303894042969
2024-07-26 21:00:00,2.5154560000000004,2.893068866438554,1.3719729201050008,1.3602536,0.4109764099121094
2024-07-26 22:00:00,2.924207,10.406960243046072,3.3178394798151714,2.5855093,0.1807403564453125
2024-07-26 23:00:00,2.8632879999999994,5.93511943503303,3.1449794076721362,3.292145,3.2921485900878906
2024-07-27 00:00:00,3.241792,1.9783771487041406,3.090282098335036,3.3847404,2.5678787231445312
2024-07-27 01:00:00,2.803221,-4.84490546563012,3.3534790613198506,3.695914,1.8308067321777344
2024-07-27 02:00:00,3.581577,-10.390913485010316,2.944282645920853,3.0112245,0.5302772521972656
2024-07-27 03:00:00,3.723875000000001,-0.8087408545324735,4.313383453627833,3.8911452,0.679351806640625
2024-07-27 04:00:00,3.176523,-5.060241590834423,3.763065243826974,3.4269414,1.3793373107910156
2024-07-27 05:00:00,2.924207,-11.323182052947118,2.9570294724093786,2.660221,2.9735565185546875
2024-07-27 06:00:00,4.574296,-12.40900934016716,4.675484111747413,4.838582,5.325593948364258
2024-07-27 07:00:00,5.359375,3.456794344915039,8.60574961550964,9.400097,12.675863265991211
2024-07-27 08:00:00,10.218312999999998,-4.471693240538443,9.537654622137563,10.404029,21.764907836914062
2024-07-27 09:00:00,17.984728,8.188414411419657,15.54916461170967,19.462345,19.31599235534668
2024-07-27 10:00:00,29.791000000000004,25.225547080688656,25.27048632670278,26.191936,26.683963775634766
2024-07-27 11:00:00,47.83214699999999,50.658017823102156,41.14421530942263,41.02751,38.40201950073242
2024-07-27 12:00:00,57.51245599999999,77.17502570111579,64.44244946906973,61.551727,52.96257400512695
2024-07-27 13:00:00,56.181887,89.86690671585647,61.22112843678022,60.818626,72.76420593261719
2024-07-27 14:00:00,45.882712000000005,73.81481522118638,49.3574333208496,51.45824,46.98241424560547
2024-07-27 15:00:00,37.595375,48.231068623140985,32.647037795781856,29.084667,35.9637565612793
2024-07-27 16:00:00,29.791000000000004,31.172443641476193,21.964885066224838,23.924498,21.30646514892578
2024-07-27 17:00:00,15.625,15.818143058871769,17.76119057467964,15.388347,9.50499153137207
2024-07-27 18:00:00,4.492124999999999,-4.704347028661061,6.110672617195961,7.487904,4.674345016479492
2024-07-27 19:00:00,3.796416,-15.426600960783645,2.2076072074940494,2.1979764,0.8552322387695312
2024-07-27 20:00:00,6.539203000000001,2.86885859692471,3.472739435658226,3.4167948,0.4684638977050781
2024-07-27 21:00:00,10.503459,16.56167380335441,8.994406199469983,9.696889,3.032623291015625
2024-07-27 22:00:00,14.526784,27.70931039136427,12.453396290768035,12.982943,6.752498626708984
2024-07-27 23:00:00,17.984728,37.30486060816348,17.920316389230724,16.70827,7.114606857299805
2024-07-28 00:00:00,20.123648000000003,46.245088925026565,19.28505661561707,18.107588,11.753644943237305
2024-07-28 01:00:00,21.253933,45.019098938846966,20.686373686991587,20.354792,14.498334884643555
2024-07-28 02:00:00,18.191447,48.63591655732763,21.011363604948873,20.75532,12.663227081298828
2024-07-28 03:00:00,12.166999999999998,41.25173083403753,16.243268788542547,16.013012,12.027301788330078
2024-07-28 04:00:00,7.301384,29.995615224281195,9.229693218724128,9.8213625,8.53619384765625
2024-07-28 05:00:00,4.826809,20.480757206652683,5.781097608014817,5.2790775,10.805740356445312
2024-07-28 06:00:00,5.177717,18.469860191070694,4.061670939437408,5.4951367,9.613525390625
2024-07-28 07:00:00,8.998912,16.335117202473057,5.033906370339686,6.236009,10.307123184204102
2024-07-28 08:00:00,10.218312999999998,23.087556923389414,14.993726913755326,14.442061,14.62727165222168
2024-07-28 09:00:00,19.034163,9.074958902250259,11.14077143939805,11.884235,13.687597274780273
2024-07-28 10:00:00,31.554496000000004,26.561412965119146,30.03649839368328,31.202538,18.5582332611084
2024-07-28 11:00:00,38.614472,44.683411376068634,44.31212812163321,42.34056,38.8934326171875
2024-07-28 12:00:00,41.781923000000006,55.19294558896881,47.220374059506874,48.25739,45.397926330566406
2024-07-28 13:00:00,43.614208,63.44114627038333,38.46744192300889,41.921818,36.30828857421875
2024-07-28 14:00:00,43.614208,71.9709041457195,39.24655124843071,42.119,44.905128479003906
2024-07-28 15:00:00,37.595375,65.77374558795576,38.068856102455186,39.36733,28.727638244628906
2024-07-28 16:00:00,24.897088,46.99203059807452,26.079686470965477,26.992157,27.786483764648438
2024-07-28 17:00:00,15.813250999999996,15.411619505558932,11.962333185101153,11.533406,12.577497482299805
2024-07-28 18:00:00,5.6397520000000005,2.8944581731653756,6.734461608487482,6.8928123,4.023521423339844
2024-07-28 19:00:00,2.924207,-3.7412546960108273,4.247013840046953,3.673273,2.0884132385253906
2024-07-28 20:00:00,2.6856189999999995,4.824227045831634,1.8178055530938908,2.2734742,1.1130485534667969
2024-07-28 21:00:00,5.088448,3.8771797201117835,3.267765512479229,3.600702,1.3603515625
2024-07-28 22:00:00,8.365426999999997,22.687762575690087,8.503924522935103,8.497331,2.2795257568359375
2024-07-28 23:00:00,9.800344,33.21026433765,11.687065661961531,9.737745,6.586503982543945
2024-07-29 00:00:00,10.648000000000003,33.82439252493536,10.684659645759778,9.875703,5.697229385375977
2024-07-29 01:00:00,11.239424000000003,29.199503452274215,11.007605346237726,10.161158,5.9178314208984375
2024-07-29 02:00:00,10.503459,31.033562220446342,11.73209406841995,10.684447,4.003993988037109
2024-07-29 03:00:00,9.528128,27.509399240947815,9.550326929457428,9.669045,8.778045654296875
2024-07-29 04:00:00,9.261,18.745580387650776,9.153718231715072,9.147361,4.141788482666016
2024-07-29 05:00:00,7.301384,16.080253125228694,9.137353364461816,9.197704,9.080543518066406
2024-07-29 06:00:00,10.077696,14.603754508166986,6.372323394314464,10.385578,7.728544235229492
2024-07-29 07:00:00,4.574296,35.12935105869353,15.722332480764646,12.335315,17.86551284790039
2024-07-29 08:00:00,5.6397520000000005,-5.312289463021173,5.780523314090845,5.1737905,17.63853645324707
2024-07-29 09:00:00,27.270900999999995,-7.862789547613332,11.207163820533319,10.953463,15.367223739624023
2024-07-29 10:00:00,56.181887,49.318287787827515,50.22977109044933,51.030796,21.325117111206055
2024-07-29 11:00:00,62.099136,80.66238969237286,84.75266492092736,80.45067,78.84599304199219
2024-07-29 12:00:00,57.066625,86.7422468396304,70.76701559345254,64.99785,70.31553649902344
2024-07-29 13:00:00,65.45082700000002,87.50507783738645,48.3555757147838,52.31434,36.52313232421875
2024-07-29 14:00:00,67.41914300000002,82.92136204303937,67.28785078112799,64.46006,62.60271453857422
2024-07-29 15:00:00,60.698457000000005,73.63965738185091,56.12506012628578,61.010292,63.779239654541016
2024-07-29 16:00:00,39.304,53.05620444615069,47.48519092599081,49.917046,40.107547760009766
2024-07-29 17:00:00,15.813250999999996,19.477761496621213,20.643104144581063,15.418797,22.385059356689453
2024-07-29 18:00:00,4.657462999999999,-5.563758555661352,5.481080357348979,6.059164,4.362987518310547
2024-07-29 19:00:00,2.248091,-6.763698755908919,2.198532422175738,2.203073,1.0709762573242188
2024-07-29 20:00:00,2.985984,-3.6472150815279747,1.4639361333164373,1.3743873,0.6079216003417969
2024-07-29 21:00:00,5.451776,11.120136254956023,3.8306989698314955,3.3704722,1.2093429565429688
2024-07-29 22:00:00,4.826809,24.394867972647702,7.2032540703324415,7.384639,4.0250701904296875
2024-07-29 23:00:00,2.6856189999999995,14.072110839711456,4.420622862012878,4.538205,3.85650634765625
2024-07-30 00:00:00,2.4603750000000004,4.416133641583187,2.3160079939637503,2.9826074,2.5574989318847656
2024-07-30 01:00:00,5.088448,2.069964307299813,2.8086759770075247,3.2382247,0.9229774475097656
2024-07-30 02:00:00,6.229504,21.191654108137996,8.956373226770923,8.248626,1.0591316223144531
2024-07-30 03:00:00,5.359375,19.25855638172561,6.8001534433347475,6.1364946,8.053945541381836
2024-07-30 04:00:00,7.301384,7.73537280469202,4.950093644137497,4.9307175,4.200862884521484
2024-07-30 05:00:00,8.615124999999997,16.326293219755286,8.403394412361184,7.511631,7.530506134033203
2024-07-30 06:00:00,13.651919,20.29338614830928,10.427894429559215,12.044735,9.393043518066406
2024-07-30 07:00:00,9.393930999999998,35.2479187085536,17.50006957110319,19.317764,24.54810333251953
2024-07-30 08:00:00,4.492124999999999,3.9514477309585487,9.282199418514114,9.9584465,36.52709197998047
2024-07-30 09:00:00,7.301384,-22.41715030942953,6.947968136091082,5.368795,14.093240737915039
2024-07-30 10:00:00,11.697083,-11.235204601857163,13.26660352568845,13.387166,11.308382034301758
2024-07-30 11:00:00,14.886936,-7.66372287400992,17.523745526997075,16.7774,18.761436462402344
2024-07-30 12:00:00,21.024576,-0.414615771367707,19.95591895109772,18.937847,20.591964721679688
2024-07-30 13:00:00,29.791000000000004,18.997070079704287,25.797520461580117,26.223871,20.314773559570312
2024-07-30 14:00:00,32.461759,41.06905305477484,36.851980641874164,36.231663,27.261581420898438
2024-07-30 15:00:00,31.855013,38.95260727100141,32.90200185595451,31.647083,30.928668975830078
2024-07-30 16:00:00,23.887872,28.01822845301335,26.180899104565814,24.892769,19.147306442260742
2024-07-30 17:00:00,10.793861,8.46553541179533,13.806757333810811,13.870307,13.060419082641602
2024-07-30 18:00:00,3.0486249999999995,-14.74764078988946,4.1551554704919775,3.830165,3.8947601318359375
2024-07-30 19:00:00,1.5608959999999996,-23.350215715190444,1.5574046559201553,0.8878888,0.6305580139160156
2024-07-30 20:00:00,1.4815439999999995,-7.011978888831962,1.314557224281846,1.7542175,0.45603179931640625
2024-07-30 21:00:00,0.7290000000000001,2.031889891850298,1.645250740769341,1.4270383,0.6803627014160156
2024-07-30 22:00:00,0.079507,-8.764271310852251,0.745599422697948,1.3288542,0.6940498352050781
2024-07-30 23:00:00,0.0138239999999999,-22.358490745230284,0.3241847583362836,0.89661306,-0.2631340026855469
2024-07-31 00:00:00,0.039304,-19.48472968420279,0.31764256919152645,0.893552,-1.0232734680175781
2024-07-31 01:00:00,0.091125,-17.610307104767315,0.32749402100156233,0.9188712,-1.027679443359375
2024-07-31 02:00:00,0.125,-17.538815290760382,0.3516310462375586,0.3285025,-0.6755142211914062
2024-07-31 03:00:00,0.1951119999999999,-19.376916158704987,0.35794638768535725,0.34808853,-0.3120460510253906
2024-07-31 04:00:00,1.092727,-20.143441176477708,0.3616303934955095,0.34387144,-0.5366287231445312
2024-07-31 05:00:00,1.2950290000000002,0.5333866740379705,2.7846093965393446,2.7522223,-0.12675857543945312
2024-07-31 06:00:00,1.030301,-3.3062221950729906,2.0960696257823264,2.759001,2.7406768798828125
2024-07-31 07:00:00,8.242408,-10.768393715989788,2.6428134948482924,2.938859,4.836688995361328
2024-07-31 08:00:00,23.393656,48.017653245314634,19.858592431678403,20.570192,8.02256965637207
2024-07-31 09:00:00,34.64597599999999,77.22282951969062,40.60371350786211,37.88988,20.119892120361328
2024-07-31 10:00:00,53.15737599999999,83.84298798256977,47.849857495295254,44.069862,47.639549255371094
2024-07-31 11:00:00,86.350888,105.622572700553,67.8396436272896,68.16235,51.04056930541992
2024-07-31 12:00:00,141.420761,135.01208653219106,104.89522464106525,110.33809,93.07437133789062
2024-07-31 13:00:00,219.256227,171.421463578658,177.0143978412403,181.25613,125.4605712890625
2024-07-31 14:00:00,258.474853,206.6043410463153,242.03291231412567,249.5701,178.0194091796875
2024-07-31 15:00:00,211.708736,202.14337782947655,256.04816095466015,250.68826,209.68429565429688
2024-07-31 16:00:00,121.287375,155.04593540304722,162.12220484164382,161.30899,174.57818603515625
2024-07-31 17:00:00,60.698457000000005,108.31631717898752,54.716539813119056,63.471096,67.54363250732422
2024-07-31 18:00:00,7.762391999999999,77.61199191174624,21.665010608839275,19.524195,12.978754043579102
2024-07-31 19:00:00,3.723875000000001,11.47662554811916,7.327708243631722,3.2895916,8.274023056030273
2024-07-31 20:00:00,3.652264,29.94065506614804,2.7010742494979705,2.021194,1.9451103210449219
2024-07-31 21:00:00,2.3526370000000005,24.61445454439017,4.189885131315893,3.881626,-0.22628402709960938
2024-07-31 22:00:00,10.503459,10.635683233860831,2.0266053559941355,2.7094436,2.566925048828125
2024-07-31 23:00:00,59.319,61.29469045760773,25.804367634536344,24.937859,0.478607177734375
2024-08-01 00:00:00,129.55421599999997,150.6498040999577,131.12452635321432,110.052704,19.400035858154297
2024-08-01 01:00:00,228.09913100000003,204.11679883485647,182.25373102352606,170.58806,82.900146484375
2024-08-01 02:00:00,175.61599999999996,258.95793186680345,320.21921991037783,320.68155,184.96519470214844
2024-08-01 03:00:00,63.044792,217.6146298584991,156.07488423306546,164.61647,273.40875244140625
2024-08-01 04:00:00,11.697083,145.2069403575743,32.43705514166666,33.57559,146.8504638671875
2024-08-01 05:00:00,2.985984,82.80395279063414,8.71407002640835,11.001928,45.927127838134766
2024-08-01 06:00:00,6.644671999999999,62.18089694989159,5.333552854685306,19.324009,20.69155502319336
2024-08-01 07:00:00,7.301384,74.56992410439095,17.867505950682997,22.536718,15.88007926940918
2024-08-01 08:00:00,2.097152,36.061151554891595,33.89582506292831,29.234346,61.19487380981445
2024-08-01 09:00:00,2.197,-23.042759649141317,20.00892922640051,13.792548,31.940017700195312
2024-08-01 10:00:00,1.906624,-25.521103241821308,21.096851404500615,14.328834,12.196195602416992
2024-08-01 11:00:00,5.000210999999999,-36.36253230328023,22.02748945658849,13.118102,11.916898727416992
2024-08-01 12:00:00,10.503459,-8.899354946022939,29.326531995991264,21.673098,12.489456176757812
2024-08-01 13:00:00,6.028568000000001,12.040265189095777,19.956001162894303,23.639364,14.862653732299805
2024-08-01 14:00:00,4.912999999999999,-20.97664132540551,12.827087563905257,11.777162,19.75782585144043
2024-08-01 15:00:00,6.967870999999999,-25.963281501090023,11.908228240155326,10.027434,6.319246292114258
2024-08-01 16:00:00,6.128487000000001,-29.084008333170004,13.76850282397134,13.350574,6.124992370605469
2024-08-01 17:00:00,3.723875000000001,-35.034968172772125,7.817700310502203,6.6983557,7.41221809387207
2024-08-01 18:00:00,0.778688,-40.114261906623184,3.141284357785377,2.3089168,4.512847900390625
2024-08-01 19:00:00,0.5120000000000001,-47.54720715591615,0.7537878573355339,0.36291465,2.5763778686523438
2024-08-01 20:00:00,0.8305839999999999,-25.932144477831798,1.0913610509079412,1.6024904,1.2318038940429688
2024-08-01 21:00:00,0.970299,-12.162364865594455,1.2374235667788123,1.1882758,2.0269012451171875
2024-08-01 22:00:00,1.030301,-6.050507568663903,1.3727996527202737,1.0341103,2.536693572998047
2024-08-01 23:00:00,0.8573749999999999,-5.553937428566314,1.3095576606519819,0.9818526,1.4313201904296875
2024-08-02 00:00:00,1.7279999999999998,-12.818062599907861,1.0352823238768634,0.6806061,1.3194313049316406
2024-08-02 01:00:00,2.299968,-6.7797622033318845,2.644935221514106,1.8752581,0.6731300354003906
2024-08-02 02:00:00,1.906624,-3.041954298987193,2.803650532703541,3.1313307,2.005382537841797
2024-08-02 03:00:00,1.815848,-8.640489572140993,1.977249871867543,2.7872424,2.8275222778320312
2024-08-02 04:00:00,2.000376,-5.498670160253738,2.116218313027896,1.6869187,2.4286117553710938
2024-08-02 05:00:00,1.5608959999999996,-4.231347448548476,2.212893698048418,1.7271262,2.814098358154297
2024-08-02 06:00:00,0.5120000000000001,-9.633268621777432,3.011603946768639,3.0793636,2.68280029296875
2024-08-02 07:00:00,0.008,-22.601708582195627,2.8613510404957143,2.0385532,2.6119384765625
2024-08-02 08:00:00,1.0,-43.895615158055705,2.7107570991919308,2.3486333,3.024139404296875
2024-08-02 09:00:00,3.375,-6.924855654646379,6.317829266265424,4.5474615,5.268381118774414
2024-08-02 10:00:00,7.077887999999999,-6.496637175119048,9.324921781355599,7.75315,10.901159286499023
2024-08-02 11:00:00,14.526784,7.6442469988241015,13.039130431874323,13.076099,13.214277267456055
2024-08-02 12:00:00,26.730899000000004,32.72511991280008,21.995754324334854,21.402061,13.908235549926758
2024-08-02 13:00:00,42.875,59.8712731810805,36.20974521111319,36.906685,19.472822189331055
2024-08-02 14:00:00,55.74296799999999,89.15642698575878,53.19374680384739,53.88288,45.10523986816406
2024-08-02 15:00:00,52.31362400000001,96.7022536856975,66.17976425712442,60.59696,62.024818420410156
2024-08-02 16:00:00,36.926037,72.77711866030093,32.31822140317676,31.303541,62.40656280517578
2024-08-02 17:00:00,16.003008,48.06303995148714,14.202288913581656,13.394033,26.770774841308594
2024-08-02 18:00:00,2.803221,20.797103220271325,7.139459852612821,8.044072,9.900789260864258
2024-08-02 19:00:00,1.5208749999999998,-6.363300902095446,1.5627606934123188,1.0358766,3.1453628540039062
2024-08-02 20:00:00,3.307949,0.33889129675273466,1.5269924369362737,2.1637282,1.2018585205078125
2024-08-02 21:00:00,8.869742999999998,13.014179746406057,5.493609965132012,4.809183,1.3969383239746094
2024-08-02 22:00:00,16.387064000000002,32.259411773593385,14.895637823569281,13.695588,5.919744491577148
2024-08-02 23:00:00,20.346417,44.310907512945974,20.782087038705754,19.251019,8.469390869140625
2024-08-03 00:00:00,18.399744,48.37878843556628,23.336753705345,21.560816,20.63567543029785
2024-08-03 01:00:00,13.997521000000004,40.58975238071987,17.001491085529494,17.042324,17.097137451171875
2024-08-03 02:00:00,11.089567,32.67815286706467,11.012568099837301,11.22404,11.714506149291992
2024-08-03 03:00:00,9.393930999999998,24.41800348581272,9.175807353819893,9.387337,8.324995040893555
2024-08-03 04:00:00,8.0,18.347985733509788,8.490210974919016,8.584392,8.272415161132812
2024-08-03 05:00:00,6.229504,13.137089352777622,7.256536170480843,7.4197316,10.072925567626953
2024-08-03 06:00:00,5.929741000000001,10.280579109615203,5.575616499890896,7.173919,10.646270751953125
2024-08-03 07:00:00,13.144256,7.514904164691117,6.322836319831539,7.2922354,10.602977752685547
2024-08-03 08:00:00,23.393656,28.259528648848416,19.516561242699943,22.048391,15.890571594238281
2024-08-03 09:00:00,38.272753,37.56619342238842,31.461433065214962,28.89062,27.394824981689453
2024-08-03 10:00:00,63.044792,56.91586021767857,48.85599706896758,54.41825,29.435359954833984
2024-08-03 11:00:00,90.51884900000002,87.1151384774959,81.15741016704658,88.71456,65.86882781982422
2024-08-03 12:00:00,106.49642400000002,108.92980044532267,109.1544886789587,109.34534,98.33191680908203
2024-08-03 13:00:00,104.487111,113.22545486736722,116.07900954256581,113.69013,124.47123718261719
2024-08-03 14:00:00,74.08800000000001,106.70505296443604,87.08629698253189,82.73129,103.32760620117188
2024-08-03 15:00:00,43.98697699999999,71.0277859705076,51.162615759473596,46.905857,81.31194305419922
2024-08-03 16:00:00,22.665187000000003,44.13611043480451,21.435688860600777,23.272705,32.85531234741211
2024-08-03 17:00:00,10.503459,31.850582809524,10.362450195698225,9.439373,12.491151809692383
2024-08-03 18:00:00,5.268024,25.23774332572451,5.072764516735342,4.4241347,6.376346588134766
2024-08-03 19:00:00,7.189056999999999,19.082291739602297,2.9880712956028463,3.2725596,3.8467063903808594
2024-08-03 20:00:00,10.077696,32.698558243820955,8.661334476060484,7.641575,3.5636215209960938
2024-08-03 21:00:00,12.812903999999998,37.02192496184698,12.030729773474945,10.781609,8.41122055053711
2024-08-03 22:00:00,13.823999999999998,43.64100165961621,14.19482790977623,13.56686,9.097757339477539
2024-08-03 23:00:00,10.793861,47.773941877930284,13.825792636728766,14.005414,11.244617462158203
2024-08-04 00:00:00,6.229504,39.273043403222616,8.922665765549187,8.979863,10.673120498657227
2024-08-04 01:00:00,2.4603750000000004,20.311348136031512,4.772468615426649,4.807991,7.805421829223633
2024-08-04 02:00:00,0.421875,3.3142617501763567,2.0025903908943707,1.7221498,3.616748809814453
2024-08-04 03:00:00,0.140608,-15.800476475488821,0.5626721437870568,0.5488781,2.1926918029785156
2024-08-04 04:00:00,0.5513679999999999,-21.617945436192073,0.3504785074256823,0.37828952,1.853607177734375
2024-08-04 05:00:00,1.0,-12.719512469220845,1.2093161133638237,1.2309781,2.000102996826172
2024-08-04 06:00:00,1.906624,-8.049313051823077,1.75189118353675,2.4069464,4.191703796386719
2024-08-04 07:00:00,7.414874999999999,1.4475981601131451,5.505257034940586,4.6466346,4.585929870605469
2024-08-04 08:00:00,14.172488,39.22653804059583,16.694247280806664,16.567326,8.749181747436523
2024-08-04 09:00:00,18.399744,49.600372118472606,20.961410814156935,22.13276,17.18962860107422
2024-08-04 10:00:00,24.897088,49.48581953946366,21.796451076791673,23.263527,24.01181983947754
2024-08-04 11:00:00,36.926037,57.932258112146926,30.194135997587846,29.572737,25.2388916015625
2024-08-04 12:00:00,54.01015199999999,71.68560101029856,48.95848468674845,48.308544,38.38601303100586
2024-08-04 13:00:00,74.618461,94.08773208423527,67.24782478376864,70.092384,56.327781677246094
2024-08-04 14:00:00,86.350888,118.24181964107503,85.46728923817979,81.604576,72.68569946289062
2024-08-04 15:00:00,80.06299099999998,120.59312048986324,79.02285838833394,76.01518,83.37666320800781
2024-08-04 16:00:00,54.01015199999999,99.99415341082111,60.45513892591105,57.49279,56.267215728759766
2024-08-04 17:00:00,25.153757,65.03716658757726,25.81073180155696,25.584423,27.568042755126953
2024-08-04 18:00:00,7.529535999999999,29.961347464587888,8.019591363745294,8.211659,7.105167388916016
2024-08-04 19:00:00,4.912999999999999,4.40266780046619,5.583266692940385,4.6330466,2.5829391479492188
2024-08-04 20:00:00,3.581577,6.300215408907917,3.746722194530977,3.5670648,1.6100502014160156
2024-08-04 21:00:00,3.112136,-3.6520192607654707,3.2314284242110323,3.5528288,2.4710617065429688
2024-08-04 22:00:00,4.657462999999999,-4.94366038212091,3.0408453585575925,2.9015563,3.2506027221679688
2024-08-04 23:00:00,8.242408,6.504567974632678,6.1072459024574925,5.407277,3.1739654541015625
2024-08-05 00:00:00,9.938375,24.11563822849429,11.69342701270514,10.021782,5.953813552856445
2024-08-05 01:00:00,9.938375,27.150863010041846,10.672859075114834,9.934753,7.791412353515625
2024-08-05 02:00:00,7.880599,27.391937490376435,9.745733954091634,9.386531,6.836992263793945
2024-08-05 03:00:00,4.410943999999999,20.883004299974814,7.003080292085413,7.3050237,4.606557846069336
2024-08-05 04:00:00,1.4815439999999995,6.653801981164321,3.6478420229211315,3.5566475,3.412403106689453
2024-08-05 05:00:00,0.912673,-9.772993313666092,0.9793238626789288,1.1016631,4.161680221557617
2024-08-05 06:00:00,0.941192,-6.2933475942127615,1.1265037962797764,2.399246,5.248857498168945
2024-08-05 07:00:00,0.941192,-1.891829393833504,2.848026771729108,2.7996197,10.31822395324707
2024-08-05 08:00:00,6.331625000000001,-15.980625349840736,3.6477374069670647,4.4055514,13.708124160766602
2024-08-05 09:00:00,14.172488,13.12473506628207,14.383199462835291,14.6592655,14.590408325195312
2024-08-05 10:00:00,24.642171000000005,23.186537646057005,22.39738520934064,21.9507,24.461421966552734
2024-08-05 11:00:00,34.965783,51.01102980101483,35.086367891880634,36.003094,34.13270568847656
2024-08-05 12:00:00,40.353607,68.14886580319363,44.636610470901786,45.668255,47.588035583496094
2024-08-05 13:00:00,43.98697699999999,69.81257996787339,45.548163478266325,41.683285,50.784210205078125
2024-08-05 14:00:00,40.707584,71.99652297905148,43.54916781958961,43.627796,45.143592834472656
2024-08-05 15:00:00,32.461759,60.69649561690092,36.27218402236912,33.901802,45.066688537597656
2024-08-05 16:00:00,19.034163,40.074851939226804,21.646584651131402,21.166988,21.806720733642578
2024-08-05 17:00:00,6.858999999999999,12.737655517709001,8.643801097137242,7.4981904,9.177600860595703
2024-08-05 18:00:00,2.5154560000000004,-6.523535766655058,3.1702959061384983,1.8849474,2.3237533569335938
2024-08-05 19:00:00,1.815848,-9.651770506608784,1.4476327580977404,1.3496908,0.4767608642578125
2024-08-05 20:00:00,2.299968,-8.93357056753203,1.7867966504442887,2.1637578,0.9558982849121094
2024-08-05 21:00:00,3.5118080000000003,-2.4658885437393536,2.8474134189783977,2.8854253,2.1794967651367188
2024-08-05 22:00:00,3.723875000000001,0.6187776810318866,4.8602491178952665,4.378696,2.6394195556640625
2024-08-05 23:00:00,2.803221,-3.7682034694280446,3.8384464959152536,3.580318,2.9601821899414062
2024-08-06 00:00:00,3.375,-7.56474032706241,2.6450291149539824,2.7461183,2.8649864196777344
2024-08-06 01:00:00,3.375,-4.195535331614849,3.5900168766287073,3.4387505,2.226909637451172
2024-08-06 02:00:00,2.248091,-7.178015226988947,3.335456391350902,3.3163574,2.9952468872070312
2024-08-06 03:00:00,0.970299,-16.074862858925115,1.884357866790961,2.1679904,3.6202011108398438
2024-08-06 04:00:00,0.438976,-26.8213212124177,1.0314046500901,0.9834106,2.937480926513672
2024-08-06 05:00:00,0.300763,-33.28825305768031,0.631712123977402,0.58324945,2.8646240234375
2024-08-06 06:00:00,0.456533,-31.281102002734073,0.6184460734836195,2.3209093,3.096446990966797
2024-08-06 07:00:00,0.3429999999999999,-26.764122238261436,2.5043689665807864,3.655074,4.099702835083008
2024-08-06 08:00:00,0.493039,-42.54840469046013,2.1818500799354466,2.9531035,6.655445098876953
2024-08-06 09:00:00,2.1466890000000003,-47.907830460420726,3.5418294479236194,2.9850087,8.541679382324219
2024-08-06 10:00:00,8.489664000000001,-27.15469890373818,6.806777812319872,7.1425343,12.511083602905273
2024-08-06 11:00:00,17.984728,7.434733812674651,16.577365243993142,16.577234,17.271127700805664
2024-08-06 12:00:00,29.503629,36.3898192950024,25.23546872169617,27.44841,24.464824676513672
2024-08-06 13:00:00,36.926037,56.86636799410023,38.42528988669775,38.055614,37.620689392089844
2024-08-06 14:00:00,35.28755199999999,65.6978040911791,42.430250539506545,40.407207,48.87295150756836
2024-08-06 15:00:00,34.328125,49.58106742382732,27.59977906466533,29.404205,35.1639404296875
2024-08-06 16:00:00,30.371328,37.912258878322106,23.158857486921644,23.720327,21.34774398803711
2024-08-06 17:00:00,18.399744,34.78572262921172,18.130094357082697,18.000118,16.998477935791016
2024-08-06 18:00:00,5.359375,25.00151438047247,7.218238875609147,7.8780866,7.252767562866211
2024-08-06 19:00:00,3.944312000000001,6.978940567515679,3.476357203275664,2.8956692,3.7850570678710938
2024-08-06 20:00:00,3.307949,17.91289142668346,3.2528496496015777,3.581627,0.6364288330078125
2024-08-06 21:00:00,2.4603750000000004,4.558573720271511,2.956775749984746,3.4372845,3.7186241149902344
2024-08-06 22:00:00,1.815848,-7.8538093635940385,2.526910398529174,2.6607726,2.580047607421875
2024-08-06 23:00:00,1.6430319999999998,-13.723739279788816,1.8169308288508481,1.825083,2.138477325439453
2024-08-07 00:00:00,1.685159,-16.49720011830722,1.9160662394589867,1.8127704,1.6439208984375
2024-08-07 01:00:00,1.5208749999999998,-20.095240704767534,2.033452273520706,1.792021,2.0395965576171875
2024-08-07 02:00:00,1.092727,-23.167006461971184,1.5811057499355354,1.3636082,1.424407958984375
2024-08-07 03:00:00,1.092727,-25.69744580749564,1.2338625315414102,0.99310774,2.0296974182128906
2024-08-07 04:00:00,1.4049280000000004,-19.755895105008975,1.365353610772233,1.0182402,1.5128669738769531
2024-08-07 05:00:00,0.658503,-16.796682980749566,1.6442456830012282,1.4329889,2.878376007080078
2024-08-07 06:00:00,1.4049280000000004,-30.55232967868656,0.9259090787291739,3.1368406,3.4195098876953125
2024-08-07 07:00:00,2.744,-11.745130186851526,3.3881982568823092,3.8081205,3.923065185546875
2024-08-07 08:00:00,5.832000000000001,-5.484232526236113,7.258878548392093,5.5116825,8.635610580444336
2024-08-07 09:00:00,12.812903999999998,7.020737480110242,11.816274821374838,9.95081,10.663530349731445
2024-08-07 10:00:00,31.255875,30.314655054231096,21.26060921656329,19.90325,15.225637435913086
2024-08-07 11:00:00,84.027672,58.5974874943726,46.81328617964845,46.572266,24.285545349121094
2024-08-07 12:00:00,173.74111200000002,113.55024562916024,125.36910342103583,127.48895,62.18295669555664
2024-08-07 13:00:00,259.694072,174.9078948273795,228.77020444641818,231.93578,132.27711486816406
2024-08-07 14:00:00,245.314376,186.54549421004873,322.6173541917106,291.80106,219.71946716308594
2024-08-07 15:00:00,158.34042100000002,173.78816987541302,205.4642361725009,194.99042,231.38047790527344
2024-08-07 16:00:00,86.350888,145.497739732691,112.30935177611259,113.94275,116.17582702636719
2024-08-07 17:00:00,32.461759,98.53525666551529,51.272283865906495,44.323692,51.35657501220703
2024-08-07 18:00:00,7.762391999999999,46.554893002850704,17.652643512828174,10.264717,13.186954498291016
2024-08-07 19:00:00,4.251528,22.61910442622549,4.517063846677996,2.6752546,7.005382537841797
2024-08-07 20:00:00,4.912999999999999,30.626670312482688,2.912133333278155,2.4031487,3.3011436462402344
2024-08-07 21:00:00,6.331625000000001,31.740566515711905,5.995963987861561,5.2700996,1.3706893920898438
2024-08-07 22:00:00,6.967870999999999,34.48732268206338,7.137796993184988,6.0856876,3.0339317321777344
2024-08-07 23:00:00,7.077887999999999,30.050406801772553,7.531887530283201,7.08435,4.8015289306640625
2024-08-08 00:00:00,7.077887999999999,28.1868660099574,6.985889952374564,6.716415,5.5402069091796875
2024-08-08 01:00:00,7.414874999999999,29.0232355536089,6.557795973463729,6.340507,6.122245788574219
2024-08-08 02:00:00,5.929741000000001,32.752541077191054,7.2348069389610234,6.6857276,2.7208099365234375
2024-08-08 03:00:00,3.796416,22.419522636663444,5.330318684244185,4.99458,3.0259628295898438
2024-08-08 04:00:00,1.953125,8.14807978728085,3.277962521846843,3.2374165,2.086467742919922
2024-08-08 05:00:00,0.531441,-7.50094897267644,1.6814915545904348,1.2756706,3.627147674560547
2024-08-08 06:00:00,1.0612080000000002,-20.505467623516125,0.8492535324018836,1.9316671,5.083160400390625
2024-08-08 07:00:00,8.120600999999997,-4.3713403102780575,4.949385998354809,4.424459,7.293169021606445
2024-08-08 08:00:00,12.812903999999998,38.0365865930864,22.926400404607197,22.86697,24.29288101196289
2024-08-08 09:00:00,17.576,32.95561429702316,19.071945165890703,18.437311,34.93304443359375
2024-08-08 10:00:00,27.818127,42.811283868245326,22.55661909401826,23.906637,33.33217239379883
2024-08-08 11:00:00,38.614472,61.12970274434282,40.636374579994865,38.661877,40.18369674682617
2024-08-08 12:00:00,38.614472,72.80134026770789,50.65494643945077,50.47797,51.944976806640625
2024-08-08 13:00:00,31.255875,64.87058674046723,38.58194134463314,40.582558,55.884422302246094
2024-08-08 14:00:00,24.389,40.74166150771076,25.903603772223974,24.638885,33.41154098510742
2024-08-08 15:00:00,21.484952,14.814060488682856,18.586504397049136,19.052925,22.433307647705078
2024-08-08 16:00:00,18.399744,9.48848174743037,15.02473377841957,13.798018,13.678609848022461
2024-08-08 17:00:00,11.390625,7.345242357193229,11.93927933739239,9.811081,9.42141342163086
2024-08-08 18:00:00,3.0486249999999995,-5.922992123399695,4.773908628264101,5.614379,4.645336151123047
2024-08-08 19:00:00,1.6430319999999998,-25.377289056405388,1.5683294021716878,1.4947134,2.2797813415527344
2024-08-08 20:00:00,1.3310000000000004,-12.401492685407817,1.4329392904775755,2.1473336,0.8002357482910156
2024-08-08 21:00:00,1.5208749999999998,-11.698811792041198,1.4409283287639258,1.9039047,2.1809844970703125
2024-08-08 22:00:00,1.4049280000000004,-10.66236138472162,1.6202854687315045,1.6634995,1.8619461059570312
2024-08-08 23:00:00,1.3676310000000005,-13.774099379538868,1.4528949849421544,1.4729447,2.1675338745117188
2024-08-09 00:00:00,1.5608959999999996,-16.205565385552262,1.442593985888965,1.4660599,1.5047874450683594
2024-08-09 01:00:00,2.1466890000000003,-19.894997554173074,1.8184231284312062,1.7910616,1.8507804870605469
2024-08-09 02:00:00,2.744,-12.71118982432884,2.4638533884280345,2.3349686,1.4623489379882812
2024-08-09 03:00:00,1.7279999999999998,-6.1437474233352845,3.2602744713104705,2.8753698,3.006134033203125
2024-08-09 04:00:00,0.7535710000000001,-18.38852719888017,1.6856719746495048,1.7659211,2.8714828491210938
2024-08-09 05:00:00,0.658503,-27.593718729126607,0.7839867366010712,0.91321295,3.167430877685547
2024-08-09 06:00:00,2.4061040000000005,-25.344210203400195,1.1037780329461864,3.2493746,2.5105667114257812
2024-08-09 07:00:00,3.581577,0.25918622134503266,9.386255293040362,8.594575,5.082773208618164
2024-08-09 08:00:00,7.414874999999999,-4.42868853810225,7.276418309467577,5.3903384,11.32154655456543
2024-08-09 09:00:00,17.173512000000002,10.93319821881012,13.122496362164682,12.970551,11.806257247924805
2024-08-09 10:00:00,29.218112,40.271722926350876,26.8317064508977,25.885065,17.5256404876709
2024-08-09 11:00:00,41.06362500000001,59.52743166872544,39.341308808905,41.30308,32.58164596557617
2024-08-09 12:00:00,52.734375,71.3508109455825,49.208283003901855,51.552166,45.89016342163086
2024-08-09 13:00:00,57.960603000000006,86.51114142751318,61.02721429289481,64.54527,48.10813522338867
2024-08-09 14:00:00,49.430863,89.21873999108674,56.95919239555688,58.80544,57.11601638793945
2024-08-09 15:00:00,36.594368,66.73141037212044,38.33673728914571,37.782204,39.86216354370117
2024-08-09 16:00:00,23.887872,42.71980505684634,21.378723920120983,21.17931,21.290796279907227
2024-08-09 17:00:00,13.312053000000002,16.465890348968358,9.580962946725467,11.050929,11.589975357055664
2024-08-09 18:00:00,3.241792,-4.058857809772988,5.775732346457404,5.996695,5.265214920043945
2024-08-09 19:00:00,1.124864,-25.942664225720733,1.6479796051133153,1.4327191,2.6220054626464844
2024-08-09 20:00:00,0.941192,-21.831714612075046,0.8629224140716378,1.201459,0.9581527709960938
2024-08-09 21:00:00,1.2950290000000002,-17.326856673400968,1.0846420683789437,1.356488,0.9399642944335938
2024-08-09 22:00:00,1.4428969999999997,-10.277684534211232,1.605952510240365,1.4582485,1.4439048767089844
2024-08-09 23:00:00,1.815848,-6.175600657991794,1.4726988507952683,1.3242424,1.8001937866210938
2024-08-10 00:00:00,2.3526370000000005,-1.5468709478266476,2.1428976597565152,1.751877,1.5613975524902344
2024-08-10 01:00:00,2.299968,-0.06683735835233051,2.7904026812348675,2.8512385,2.042278289794922
2024-08-10 02:00:00,1.4815439999999995,-0.039242708416580285,2.385098535010514,2.1800332,1.5812530517578125
2024-08-10 03:00:00,1.157625,-10.022582785016468,1.3150619328808395,1.3354083,2.272552490234375
2024-08-10 04:00:00,1.092727,-13.826951866650646,1.2637372133905296,0.9843857,1.6411247253417969
2024-08-10 05:00:00,1.191016,-16.60268776308027,1.3387718616281696,1.0586909,3.135101318359375
2024-08-10 06:00:00,2.924207,-19.66600766584476,1.8026939827676893,3.1393425,3.682819366455078
2024-08-10 07:00:00,4.330746999999999,-1.36807059273427,7.847901216098282,6.3999977,5.98277473449707
2024-08-10 08:00:00,4.410943999999999,-2.0378768933529727,9.441370703181342,7.255784,10.21108627319336
2024-08-10 09:00:00,4.410943999999999,-14.26460702943848,6.586638590582708,5.978426,11.413518905639648
2024-08-10 10:00:00,5.268024,-22.425822725185554,6.39714887307774,6.312436,12.356121063232422
2024-08-10 11:00:00,11.239424000000003,-24.932555799020875,7.549163717963438,10.406438,14.308494567871094
2024-08-10 12:00:00,17.779580999999997,3.932896542589276,18.963641264593317,20.151527,14.316606521606445
2024-08-10 13:00:00,22.425767999999994,5.77500130121102,23.653054327188542,25.475822,19.97066307067871
2024-08-10 14:00:00,25.934336,22.378403472939496,24.37077600647914,26.741484,22.408031463623047
2024-08-10 15:00:00,20.570824000000005,38.28916703786031,25.15468693967882,23.695065,17.41043472290039
2024-08-10 16:00:00,13.651919,21.199926793076557,13.292964544521077,12.489173,16.9483699798584
2024-08-10 17:00:00,6.128487000000001,7.014675104079259,6.030448182987819,6.249539,7.033863067626953
2024-08-10 18:00:00,1.815848,-10.5107935567531,3.053642967235068,2.7778394,3.9937896728515625
2024-08-10 19:00:00,0.8043570000000001,-23.694981017483173,1.1468663237447962,0.9371308,1.2717704772949219
2024-08-10 20:00:00,0.531441,-19.530078853782328,0.7869509589095752,1.0928451,1.0781822204589844
2024-08-10 21:00:00,0.6141249999999999,-21.107125868650343,0.804070353325166,1.118632,1.0857429504394531
2024-08-10 22:00:00,0.474552,-22.23294058318416,1.0124979998371775,1.0517726,0.8218040466308594
2024-08-10 23:00:00,0.456533,-27.71313345804529,0.8608912641074518,0.6769842,1.0016899108886719
2024-08-11 00:00:00,0.8573749999999999,-25.667183497901433,0.9010467068125864,0.65531945,0.4572410583496094
2024-08-11 01:00:00,1.6430319999999998,-16.156140117449326,1.4444533550227652,1.101544,0.5153007507324219
2024-08-11 02:00:00,2.803221,-2.330242382997355,2.544217676812757,1.9573319,0.6619949340820312
2024-08-11 03:00:00,4.173281000000001,10.294184908835405,3.764865333184375,3.3437562,1.6757278442382812
2024-08-11 04:00:00,5.6397520000000005,17.323008074052254,5.33531562802507,4.7806373,2.2688560485839844
2024-08-11 05:00:00,6.434856000000001,23.555179201383893,8.649564097834496,7.457737,5.240978240966797
2024-08-11 06:00:00,12.166999999999998,27.44604683365806,8.607651729240523,10.743588,7.117734909057617
2024-08-11 07:00:00,16.777216,51.676739798631715,26.201576051559663,19.93301,10.529504776000977
2024-08-11 08:00:00,43.98697699999999,50.55289976425148,19.621305008652786,19.594374,21.57757568359375
2024-08-11 09:00:00,82.31287499999998,94.74733185936641,61.56483511260249,77.05957,20.66845703125
2024-08-11 10:00:00,128.024064,123.67415252834202,124.24398145712281,119.05248,105.0919189453125
2024-08-11 11:00:00,170.031464,149.0243312020205,153.2967883087076,153.83617,104.71791076660156
2024-08-11 12:00:00,189.11922400000003,166.60163204895207,180.15850399795477,188.06073,157.3218231201172
2024-08-11 13:00:00,151.41943700000002,169.04231709579005,186.7463281949678,179.15929,164.63320922851562
2024-08-11 14:00:00,81.182737,128.68986065189642,126.14019466492182,123.659424,139.5834197998047
2024-08-11 15:00:00,37.595375,81.0352189070167,53.605698541448916,46.47349,62.454463958740234
2024-08-11 16:00:00,15.069223000000004,45.81907510301154,14.917576843647577,10.801365,17.81381607055664
2024-08-11 17:00:00,6.539203000000001,20.87829061407406,6.674201718919229,6.7291126,7.255712509155273
2024-08-11 18:00:00,1.7279999999999998,10.622807797351896,3.311020346515856,2.3096466,2.9361953735351562
2024-08-11 19:00:00,0.059319,-11.944024136988688,1.1572753661899886,0.8840275,1.6578865051269531
2024-08-11 20:00:00,0.2053789999999999,-34.28087994854785,0.422190195957881,0.5449203,0.3172340393066406
2024-08-11 21:00:00,0.5120000000000001,-2.196311243240359,0.39064982335594167,0.6470225,-0.7835769653320312
2024-08-11 22:00:00,1.3310000000000004,-2.094543846077215,1.1627573896119825,1.8212914,0.2679901123046875
2024-08-11 23:00:00,2.8632879999999994,11.68452397048955,2.0832362338829755,2.2290323,1.7340888977050781
2024-08-12 00:00:00,3.176523,24.046223765389314,4.134086337107953,3.9523427,2.043182373046875
2024-08-12 01:00:00,2.000376,21.1607112455208,3.322502106498777,2.9099996,2.9920730590820312
2024-08-12 02:00:00,1.4049280000000004,14.982432647758287,1.6590322961436756,1.6814511,1.4998779296875
2024-08-12 03:00:00,0.8847359999999999,3.355199397908848,1.3582253557392303,1.2970684,1.2007942199707031
2024-08-12 04:00:00,0.287496,-10.664247595792702,1.0052466322109996,0.7949972,1.8100128173828125
2024-08-12 05:00:00,0.0033749999999999,-26.21170948974428,0.47511287850873835,0.41495025,2.3445701599121094
2024-08-12 06:00:00,0.3732479999999999,-42.99017356039036,0.3482292691135219,1.3327054,2.132801055908203
2024-08-12 07:00:00,0.474552,-12.115264382965933,2.128949867457858,2.0051808,2.2455101013183594
2024-08-12 08:00:00,0.636056,-30.261801003300803,2.8622015596857655,3.6224499,5.759975433349609
2024-08-12 09:00:00,5.6397520000000005,-33.08521270242507,3.2618137208256037,3.1143239,7.150575637817383
2024-08-12 10:00:00,18.821096000000004,18.82939224359778,15.809868305203302,15.625436,9.1123046875
2024-08-12 11:00:00,36.594368,52.52840790499771,37.80329139271539,36.068493,17.914440155029297
2024-08-12 12:00:00,47.045881,76.65730965603491,50.84920975966,49.52143,47.21527099609375
2024-08-12 13:00:00,49.430863,81.7563449651529,55.25445685134524,57.313866,55.092018127441406
2024-08-12 14:00:00,40.707584,87.4192197996366,47.311427266782154,51.61533,48.969505310058594
2024-08-12 15:00:00,26.463592,72.2877685797579,34.39527705396381,31.973175,39.48616027832031
2024-08-12 16:00:00,12.812903999999998,49.23664862594366,18.260398528316593,15.962494,21.842761993408203
2024-08-12 17:00:00,3.442951,13.48804945898965,5.747865525038107,5.2566648,8.28763198852539
2024-08-12 18:00:00,0.5717869999999999,-22.31432978699334,1.700092158270195,0.7607648,2.929454803466797
2024-08-12 19:00:00,0.287496,-35.45708405412623,0.6886305586798137,0.6085022,0.6422538757324219
2024-08-12 20:00:00,0.132651,-26.930012973680647,0.8067278209249379,0.82938343,0.6766510009765625
2024-08-12 21:00:00,0.059319,-31.978333742462127,0.41347231082559466,0.5046048,0.7370796203613281
2024-08-12 22:00:00,0.091125,-31.943593220934332,0.32305033793445564,0.34760147,0.34195709228515625
2024-08-12 23:00:00,0.3429999999999999,-27.657643916640907,0.3374745436167118,0.31911072,0.20361709594726562
2024-08-13 00:00:00,0.941192,-11.40662840046447,0.6600232171919919,0.50839555,0.3945884704589844
2024-08-13 01:00:00,2.000376,-0.3129775701407027,1.7265381212113644,1.3414379,0.6573333740234375
2024-08-13 02:00:00,2.924207,8.06872177095201,2.627335036814912,1.7608566,1.0692405700683594
2024-08-13 03:00:00,3.5118080000000003,12.36253468156201,3.530345298121055,2.9760673,2.0929107666015625
2024-08-13 04:00:00,3.5118080000000003,10.73372784520285,4.200649645264343,3.4985058,2.1247596740722656
2024-08-13 05:00:00,2.985984,5.677013675520271,4.9070734773889395,3.4207137,3.926097869873047
2024-08-13 06:00:00,6.028568000000001,2.8541876083297666,4.728301374805201,4.053669,3.9191360473632812
2024-08-13 07:00:00,6.128487000000001,25.44714433935603,12.172983150180617,12.116743,5.72130012512207
2024-08-13 08:00:00,8.365426999999997,12.235315575672004,9.937993737435733,6.150173,14.712596893310547
2024-08-13 09:00:00,10.793861,13.160282789772808,11.271667308364473,11.200958,11.30038070678711
2024-08-13 10:00:00,16.003008,9.565234085702699,14.279773913451844,13.393669,16.212234497070312
2024-08-13 11:00:00,19.902511,15.025827453840222,22.76087215098461,22.81359,16.101062774658203
2024-08-13 12:00:00,18.399744,16.637593271685574,22.95248963068317,22.82345,23.278573989868164
2024-08-13 13:00:00,15.069223000000004,7.73526252265647,16.376387006943972,16.308979,18.916223526000977
2024-08-13 14:00:00,10.360232000000002,1.2799750226946003,12.552515021128313,11.051814,14.655595779418945
2024-08-13 15:00:00,5.929741000000001,-12.856690384256666,6.902721657789535,8.019765,9.915321350097656
2024-08-13 16:00:00,3.723875000000001,-32.025271084644956,4.367657860665007,4.6783514,5.701648712158203
2024-08-13 17:00:00,1.3676310000000005,-40.17121494746253,2.9788974318078107,2.4688482,2.4984703063964844
2024-08-13 18:00:00,0.3890169999999999,-47.45600000695495,0.957984306257174,-0.05360483,1.2572517395019531
2024-08-13 19:00:00,0.1038229999999999,-43.16574070673272,0.6160703902855805,0.25505772,0.4593849182128906
2024-08-13 20:00:00,0.0740879999999999,-41.12068052377154,0.47477130020565056,0.4682947,0.5060005187988281
2024-08-13 21:00:00,0.405224,-32.559322074218514,0.34878482616739764,0.64325666,0.5201606750488281
2024-08-13 22:00:00,1.225043,-11.68245668860169,0.8974190935026737,0.6569281,0.43862152099609375
2024-08-13 23:00:00,1.771561,1.2092363488385445,1.9685622254485438,1.75306,1.049407958984375
2024-08-14 00:00:00,1.6430319999999998,7.132707475707932,2.3217882612282486,1.9159846,1.5660743713378906
2024-08-14 01:00:00,1.191016,-0.14219650946225215,1.9253891986648828,1.7686994,1.9498519897460938
2024-08-14 02:00:00,0.636056,-4.7991290882857385,1.2979647900900966,0.9976061,1.5042648315429688
2024-08-14 03:00:00,0.2159999999999999,-17.21004512854445,0.6963069659937107,0.7711378,1.7409324645996094
2024-08-14 04:00:00,0.0689209999999999,-30.042250285561693,0.34738945625352663,0.37107077,1.3113365173339844
2024-08-14 05:00:00,0.054872,-39.00247587684511,0.3174073853719744,0.3822929,1.3735275268554688
2024-08-14 06:00:00,0.050653,-40.44109211493449,0.3960539216804756,1.4127336,1.45880126953125
2024-08-14 07:00:00,0.405224,-44.227758051753725,2.655546550271471,1.8040879,1.9415779113769531
2024-08-14 08:00:00,5.735339000000001,-28.3673247870357,2.787869752994886,2.4570901,3.347259521484375
2024-08-14 09:00:00,10.793861,21.66828269462603,13.941655717593035,16.004303,6.927038192749023
2024-08-14 10:00:00,12.166999999999998,24.82271572408912,16.70834019545954,16.366087,16.552282333374023
2024-08-14 11:00:00,14.706125000000004,23.06033304954984,15.684872916493426,14.680841,22.242738723754883
2024-08-14 12:00:00,19.465109,30.554747465545447,17.186274676097728,16.060673,19.06986427307129
2024-08-14 13:00:00,25.67237500000001,22.172949551693577,23.36443719217932,23.667534,20.02182388305664
2024-08-14 14:00:00,29.218112,24.86359703193766,30.682995269252107,28.617743,20.900033950805664
2024-08-14 15:00:00,28.934442999999995,40.515868321940914,28.222072356641224,27.452314,27.448829650878906
2024-08-14 16:00:00,22.425767999999994,33.002305133134385,21.54983896356646,19.35635,17.156208038330078
2024-08-14 17:00:00,8.489664000000001,19.082930618382363,11.719876772456116,11.696258,12.723424911499023
2024-08-14 18:00:00,2.5713530000000007,-0.9185878760608972,3.505985529718215,2.8564022,4.437530517578125
2024-08-14 19:00:00,1.225043,-17.807540951320178,1.6007089515962567,1.317506,0.7031593322753906
2024-08-14 20:00:00,0.8305839999999999,-19.714493985504276,0.9593657555577696,1.4315199,0.4776420593261719
2024-08-14 21:00:00,0.5717869999999999,-18.519051150958745,0.8599125386328627,1.0294174,1.02734375
2024-08-14 22:00:00,0.6141249999999999,-20.448811606704226,0.7949698104972116,0.878253,0.7069664001464844
2024-08-14 23:00:00,1.3676310000000005,-18.172022534522114,1.0010696340231344,0.96069133,0.4109992980957031
2024-08-15 00:00:00,2.3526370000000005,-9.437093606816774,1.9438838913208918,1.9364547,0.4478187561035156
2024-08-15 01:00:00,3.176523,-0.8212822846639511,2.893283831699888,2.9809012,1.3891220092773438
2024-08-15 02:00:00,2.8632879999999994,6.204553899836057,3.6541686554925548,3.1197214,1.2770309448242188
2024-08-15 03:00:00,3.176523,1.8617115703675609,3.016866101478084,2.838267,2.865375518798828
2024-08-15 04:00:00,3.375,3.76507127024135,3.3217781231834933,2.9873953,2.1090049743652344
2024-08-15 05:00:00,3.581577,0.3907146658348353,3.5769653575349634,3.369831,5.237524032592773
2024-08-15 06:00:00,2.299968,-0.8990347339704101,5.374894524542079,4.9297624,4.8013916015625
2024-08-15 07:00:00,2.097152,-11.097411147919757,4.829978025404125,3.6745605,9.438499450683594
2024-08-15 08:00:00,0.7535710000000001,-17.22100267986154,4.673750827480524,3.8397353,8.418413162231445
2024-08-15 09:00:00,1.2950290000000002,-49.33782758165163,2.4126269642668157,1.1901153,10.549095153808594
2024-08-15 10:00:00,5.177717,-40.512766903619976,2.9502579850554524,4.4249616,9.349174499511719
2024-08-15 11:00:00,12.326391,-19.449534244215656,10.468192426961693,12.775463,10.6915283203125
2024-08-15 12:00:00,16.777216,3.3981581206401756,22.031544335161012,19.475847,14.818483352661133
2024-08-15 13:00:00,19.034163,13.082362703866877,20.01658188587123,19.859898,21.36431884765625
2024-08-15 14:00:00,21.024576,18.865284782856108,19.907030584362754,20.530575,19.865461349487305
2024-08-15 15:00:00,22.665187000000003,22.523911493257444,20.70405378026341,21.268496,15.450057983398438
2024-08-15 16:00:00,14.706125000000004,18.946951731983916,21.516533794926385,21.710958,14.369165420532227
2024-08-15 17:00:00,5.451776,-6.924461292481851,9.87812046708529,8.6431675,12.324413299560547
2024-08-15 18:00:00,2.248091,-26.332112278767525,2.442622321149317,1.2814339,4.017879486083984
2024-08-15 19:00:00,2.6280719999999995,-23.740006473954352,1.2326150106134535,0.8855677,1.2044715881347656
2024-08-15 20:00:00,2.744,-4.324874783106395,3.2643684922446647,3.0140662,1.2650947570800781
2024-08-15 21:00:00,2.6280719999999995,3.2697507894741733,3.1222009535789788,3.0698502,2.3715362548828125
2024-08-15 22:00:00,1.685159,1.2874744865835055,2.862322254069905,2.917997,1.4536781311035156
2024-08-15 23:00:00,0.474552,-6.525687051069582,1.639309288365147,1.759254,1.6803054809570312
2024-08-16 00:00:00,0.438976,-14.838921479005663,0.6340938189794795,0.5570717,0.6417427062988281
2024-08-16 01:00:00,4.492124999999999,-16.766455167661093,0.878342324162365,0.6259174,0.193939208984375
2024-08-16 02:00:00,10.360232000000002,27.938316736788565,9.006722241794353,10.284724,0.7338981628417969
2024-08-16 03:00:00,8.998912,42.891203097200346,17.923331512616382,16.822327,9.947141647338867
2024-08-16 04:00:00,1.771561,30.377003435685296,9.097700123846542,8.126589,8.107196807861328
2024-08-16 05:00:00,0.132651,-8.350735467836103,1.559405010697209,0.83229095,9.657480239868164
2024-08-16 06:00:00,0.7290000000000001,-25.25065066019249,0.6017908190523901,1.4092693,3.377178192138672
2024-08-16 07:00:00,4.741631999999999,-0.20083348629216857,5.378982715515504,6.801872,2.8303298950195312
2024-08-16 08:00:00,11.239424000000003,18.95938291647998,14.481681703477193,13.777609,8.774829864501953
2024-08-16 09:00:00,22.425767999999994,26.076996376025576,19.7771193014283,18.474363,13.397165298461914
2024-08-16 10:00:00,37.25970399999999,48.4797582589206,33.58498060032546,33.250195,21.29595947265625
2024-08-16 11:00:00,44.361864,74.6646377406288,51.03667920003718,56.330975,42.06980895996094
2024-08-16 12:00:00,41.06362500000001,78.75973926580447,51.772777989580575,49.5738,66.66399383544922
2024-08-16 13:00:00,31.554496000000004,66.02477706379788,37.98167812176472,39.61312,53.47124481201172
2024-08-16 14:00:00,19.683000000000003,49.17547590745788,25.03015313170439,25.128914,32.3321647644043
2024-08-16 15:00:00,11.089567,23.440144617704547,12.4078016370613,14.419671,18.51239585876465
2024-08-16 16:00:00,7.189056999999999,-6.288652224576467,6.818881883060059,6.721147,9.582550048828125
2024-08-16 17:00:00,3.241792,-19.890908946031416,3.8390750054928926,3.4164538,4.5166015625
2024-08-16 18:00:00,1.5608959999999996,-31.69949939081667,1.8116779216899885,0.7864087,2.0092926025390625
2024-08-16 19:00:00,3.442951,-31.902322235908542,1.1755290693737435,1.2364627,0.8560523986816406
2024-08-16 20:00:00,5.832000000000001,0.7802249513421771,6.296966541614698,5.3363624,0.8753433227539062
2024-08-16 21:00:00,8.365426999999997,20.22262418155428,7.509453149100042,7.5266714,2.7848281860351562
2024-08-16 22:00:00,12.977875,34.7340257687613,10.127919532092966,8.229319,4.756441116333008
2024-08-16 23:00:00,15.252992,56.5407021947283,16.98752046686838,16.051146,9.458402633666992
2024-08-17 00:00:00,13.997521000000004,61.371443600636084,15.60735835485749,14.729504,14.745508193969727
2024-08-17 01:00:00,11.697083,47.666673512556784,11.645250047889242,11.471902,18.31772804260254
2024-08-17 02:00:00,11.239424000000003,36.95676819402159,10.285584066452405,10.27211,11.954404830932617
2024-08-17 03:00:00,12.487167999999995,31.30291627655795,10.918481852855905,10.482531,8.86777114868164
2024-08-17 04:00:00,14.886936,31.070559165810366,14.564825428082942,12.2637415,10.73906135559082
2024-08-17 05:00:00,18.609625,34.99656969697652,15.819265118457396,15.017195,21.743053436279297
2024-08-17 06:00:00,24.897088,43.35001278226481,20.654934717597147,22.852919,27.09756088256836
2024-08-17 07:00:00,36.264691,54.586999273832376,37.125722125712805,30.651909,36.66370391845703
2024-08-17 08:00:00,37.595375,64.99121641485972,49.05889187860403,51.210022,53.113319396972656
2024-08-17 09:00:00,30.080231,50.31749686862172,43.019816328848634,41.21626,65.1054916381836
2024-08-17 10:00:00,20.796875,26.911666406202315,27.28384309723639,27.626339,41.7654914855957
2024-08-17 11:00:00,21.717639,4.884476757470466,15.777494629417035,18.142979,21.705413818359375
2024-08-17 12:00:00,22.425767999999994,6.808534400401825,21.141810752640136,22.540295,14.573469161987305
2024-08-17 13:00:00,21.717639,0.7607495179951087,22.1145121827549,23.49862,20.41638946533203
2024-08-17 14:00:00,23.639903000000004,-15.09104582023015,18.842885193857562,19.964544,18.374868392944336
2024-08-17 15:00:00,28.652616,-19.722140681365076,21.614087039391958,21.425528,17.821413040161133
2024-08-17 16:00:00,24.389,4.69636371563071,24.476906169110762,26.910639,16.40974235534668
2024-08-17 17:00:00,11.543175999999995,7.50420581486145,16.52123519973716,16.031734,12.85385513305664
2024-08-17 18:00:00,4.826809,-2.686136938540244,5.7747213503365025,5.45252,6.826015472412109
2024-08-17 19:00:00,6.434856000000001,0.7054657394910606,2.776263472400615,1.9090499,2.1671714782714844
2024-08-17 20:00:00,7.645372999999999,26.91025812796805,7.437689535986704,6.3314795,1.3493118286132812
2024-08-17 21:00:00,8.489664000000001,34.13242758269648,8.637395858061018,7.282434,8.572090148925781
2024-08-17 22:00:00,9.938375,37.000625597542225,9.360550438204543,8.283654,8.051868438720703
2024-08-17 23:00:00,11.852351999999996,38.12593821201874,10.585708427101633,9.830784,10.14567756652832
2024-08-18 00:00:00,12.649337,43.209978023332454,15.675027094850318,12.244002,9.888383865356445
2024-08-18 01:00:00,11.543175999999995,37.58960501206029,13.413874778559272,12.440955,14.489030838012695
2024-08-18 02:00:00,9.528128,31.382687537471142,10.612151831750555,10.778041,10.73609733581543
2024-08-18 03:00:00,7.414874999999999,24.083459408109448,10.950328663842752,8.955602,9.606748580932617
2024-08-18 04:00:00,6.858999999999999,13.383974937674566,6.6096279803638955,6.4557457,7.597743988037109
2024-08-18 05:00:00,5.735339000000001,6.262337075115951,6.5338287450566055,6.8298655,7.621885299682617
2024-08-18 06:00:00,9.129328999999998,-2.669393432083851,6.58217472257635,8.013876,8.52177619934082
2024-08-18 07:00:00,25.67237500000001,13.676309233916399,14.799450654325343,15.040132,7.334455490112305
2024-08-18 08:00:00,51.064811,56.93333648721209,47.645565309953156,52.452137,17.719314575195312
2024-08-18 09:00:00,71.991296,83.55297701861987,75.86210184284789,70.27431,43.09677505493164
2024-08-18 10:00:00,87.52838400000002,98.16037647888622,91.11280464383151,92.18223,73.09091186523438
2024-08-18 11:00:00,97.33599999999998,108.42432085829692,104.91977155854524,104.88814,91.77869415283203
2024-08-18 12:00:00,106.49642400000002,113.92881265442482,103.58956200812877,107.02886,109.48065185546875
2024-08-18 13:00:00,111.28464099999997,117.54474763906119,110.86108559455722,112.73526,97.29756164550781
2024-08-18 14:00:00,108.53133299999998,105.4609495048718,106.57263893023536,107.75788,111.86611938476562
2024-08-18 15:00:00,97.33599999999998,90.37279194677463,86.9357064518042,91.06014,85.48060607910156
2024-08-18 16:00:00,78.402752,78.69124339444339,59.87540935072502,60.60872,61.64031982421875
2024-08-18 17:00:00,51.478848000000006,66.29120782709059,33.28414000996074,34.27243,17.834135055541992
2024-08-18 18:00:00,18.609625,52.8862120007751,14.678282677201992,16.337479,17.945024490356445
2024-08-18 19:00:00,10.077696,25.34946637556898,12.796930815275584,11.950752,15.235784530639648
2024-08-18 20:00:00,4.492124999999999,29.994468338080864,7.778163551279422,7.390999,7.711458206176758
2024-08-18 21:00:00,1.771561,17.130964418570173,3.1114421649387065,3.1549392,4.1830291748046875
2024-08-18 22:00:00,0.658503,5.745214515830469,1.3515198395491541,1.2043836,2.0313186645507812
2024-08-18 23:00:00,0.287496,-2.46760308112799,0.6922082503406112,0.7898571,0.6733856201171875
2024-08-19 00:00:00,0.157464,-8.956179890943858,0.5040545157033546,0.42856178,0.11054229736328125
2024-08-19 01:00:00,0.1176489999999999,-16.691244416042082,0.3517789416854737,0.25275433,0.17877578735351562
2024-08-19 02:00:00,0.148877,-18.93770094108237,0.33147263567110186,0.23477761,0.2839546203613281
2024-08-19 03:00:00,0.148877,-18.60970448645783,0.3517789416854737,0.33614108,0.5721664428710938
2024-08-19 04:00:00,0.1851929999999999,-22.113170862013618,0.3517789416854737,0.32595116,0.6563835144042969
2024-08-19 05:00:00,0.2383279999999999,-23.442702815284974,0.3517789416854737,0.32892737,1.0651931762695312
2024-08-19 06:00:00,0.421875,-25.605739519535348,0.3889441552858153,2.5591736,2.152862548828125
2024-08-19 07:00:00,1.6430319999999998,-25.39930142419182,3.5017529507229246,3.6162949,4.246236801147461
2024-08-19 08:00:00,5.929741000000001,-13.46250308503977,6.045703730346422,6.0105557,9.030134201049805
2024-08-19 09:00:00,13.651919,6.22386673750313,14.629498726776909,13.522989,16.353219985961914
2024-08-19 10:00:00,16.387064000000002,23.918324391735,21.221440606171118,21.883484,23.21790313720703
2024-08-19 11:00:00,19.248832000000004,21.719843493058036,20.127774769296426,17.868776,30.3665828704834
2024-08-19 12:00:00,24.897088,28.149575531300613,19.449164390620837,21.328405,28.665409088134766
2024-08-19 13:00:00,33.698267,42.053925909696076,31.205119781974886,28.84782,25.546001434326172
2024-08-19 14:00:00,41.06362500000001,51.646039633063296,38.99297090371282,38.82167,31.857099533081055
2024-08-19 15:00:00,41.06362500000001,56.854463127289065,42.47936087147422,41.833603,40.888160705566406
2024-08-19 16:00:00,31.554496000000004,44.387041926919764,35.59315875331343,32.1343,32.67392349243164
2024-08-19 17:00:00,18.609625,23.1171701294122,20.871235368687326,16.990112,15.981555938720703
2024-08-19 18:00:00,6.434856000000001,10.563342759752445,7.870625707459016,9.087374,6.507268905639648
2024-08-19 19:00:00,5.735339000000001,-3.8365327107345166,3.479554378428022,2.182453,2.804607391357422
2024-08-19 20:00:00,4.410943999999999,12.016776119852054,5.653131868430806,5.4362063,1.8957672119140625
2024-08-19 21:00:00,3.5118080000000003,7.070186628685462,3.9111590093365205,4.064021,4.3167877197265625
2024-08-19 22:00:00,1.953125,4.737816255747447,3.4670683445912456,3.3264682,3.2286453247070312
2024-08-19 23:00:00,0.8043570000000001,-3.8230138310767927,1.5051693289417956,1.3766532,2.692188262939453
2024-08-20 00:00:00,0.287496,-10.299464936581131,0.7820100437234023,0.8061684,1.3344154357910156
2024-08-20 01:00:00,0.0243889999999999,-20.169210853538445,0.46797201192162086,0.38902506,0.7410354614257812
2024-08-20 02:00:00,0.0092609999999999,-31.31365925029992,0.31528372993278514,0.34203315,0.5080146789550781
2024-08-20 03:00:00,0.1851929999999999,-31.47135794150158,0.31764256919152645,0.33682346,0.3251914978027344
2024-08-20 04:00:00,0.7290000000000001,-19.57255111984047,0.37801830343299686,0.3564095,0.6321907043457031
2024-08-20 05:00:00,1.3310000000000004,-12.38168372379073,1.5202147068424032,1.5251554,1.8336143493652344
2024-08-20 06:00:00,4.173281000000001,-4.716455067960197,2.17935632580368,3.053417,2.7776145935058594
2024-08-20 07:00:00,13.651919,25.34932291696127,8.456694223487995,8.400415,4.771940231323242
2024-08-20 08:00:00,36.264691,62.45345081736839,24.81992332544206,23.505842,10.086502075195312
2024-08-20 09:00:00,54.01015199999999,104.20638249615529,56.5610473240572,57.08391,24.678485870361328
2024-08-20 10:00:00,66.92341599999997,115.66387231553308,68.58862257416109,68.545815,57.5208854675293
2024-08-20 11:00:00,81.74650399999999,119.92867701536532,83.71570738712691,77.68541,65.72187805175781
2024-08-20 12:00:00,96.071912,127.73521348296013,92.67627182650386,94.96416,91.52638244628906
2024-08-20 13:00:00,104.487111,133.5625177043283,101.81625736322557,109.89581,108.22885131835938
2024-08-20 14:00:00,94.196375,123.89312169823445,106.54905608831767,104.05441,124.97930908203125
2024-08-20 15:00:00,74.08800000000001,98.28454240013549,80.685793134724,82.560585,88.7908706665039
2024-08-20 16:00:00,54.439939,69.89967241535528,49.952678258344875,51.30897,54.57688522338867
2024-08-20 17:00:00,24.642171000000005,45.54499524504389,26.554834237310615,27.222992,21.92951774597168
2024-08-20 18:00:00,4.741631999999999,12.695171323450992,7.626421980642768,8.242987,7.144493103027344
2024-08-20 19:00:00,1.6016129999999995,-15.51990943129762,2.5382069573244075,2.2390988,3.4214935302734375
2024-08-20 20:00:00,0.2053789999999999,-11.913897285108092,1.1131640363742343,1.1382884,0.906341552734375
2024-08-20 21:00:00,0.097336,-23.857212205860066,0.3708962733546523,0.13558428,0.31848907470703125
2024-08-20 22:00:00,0.015625,-16.91285548911698,0.34200085477563774,0.3783329,-0.452667236328125
2024-08-20 23:00:00,0.0007289999999999,-28.6205547025409,0.31764256919152645,0.30045894,-0.2215423583984375
2024-08-21 00:00:00,0.250047,-33.25349933324635,0.31764256919152645,0.43748522,-0.31613922119140625
2024-08-21 01:00:00,1.2950290000000002,-9.017822204384288,0.414160677644083,0.41282398,-0.5791473388671875
2024-08-21 02:00:00,2.248091,6.875638765160687,2.71280068287657,2.1510286,0.5750961303710938
2024-08-21 03:00:00,1.771561,13.917114655198333,2.7325148948942473,2.6439524,1.986175537109375
2024-08-21 04:00:00,1.815848,6.211403537147518,1.851198111290411,1.7100333,2.2962303161621094
2024-08-21 05:00:00,2.1466890000000003,5.658343228324156,2.128932196370121,1.7144971,2.2927474975585938
2024-08-21 06:00:00,2.4061040000000005,1.7570200915232448,3.489508755215246,3.567458,4.18115234375
2024-08-21 07:00:00,7.414874999999999,0.19130089741425138,5.228554356590486,4.745983,7.120517730712891
2024-08-21 08:00:00,19.034163,33.83237294810225,18.115486657853907,15.761482,15.212160110473633
2024-08-21 09:00:00,29.791000000000004,55.466746271610404,31.417306974257794,32.52022,26.217382431030273
2024-08-21 10:00:00,40.353607,62.57172762296567,40.12294629943838,40.466827,43.07902145385742
2024-08-21 11:00:00,51.064811,72.59620729133628,51.64071725630766,52.615032,55.297630310058594
2024-08-21 12:00:00,63.044792,81.14358403538806,61.69743095654881,63.36554,67.43719482421875
2024-08-21 13:00:00,76.765625,92.61990225143187,72.47125868982626,75.45522,66.02577209472656
2024-08-21 14:00:00,85.76612100000001,99.93056580024641,86.4147445530216,84.03453,77.12246704101562
2024-08-21 15:00:00,84.60451899999998,96.31980915153174,79.74692204744997,81.786644,75.87734985351562
2024-08-21 16:00:00,69.934528,76.37344493136918,73.1835557572146,75.868164,58.25859832763672
2024-08-21 17:00:00,34.328125,49.815199969910665,34.46403536335124,33.86509,29.176076889038086
2024-08-21 18:00:00,8.489664000000001,16.965477394987175,9.233765488695475,8.916672,9.612394332885742
2024-08-21 19:00:00,5.929741000000001,-7.171725679797447,5.374078088139957,4.4675865,5.287485122680664
2024-08-21 20:00:00,5.088448,11.183657732831776,4.6471235559216035,4.6070766,2.609619140625
2024-08-21 21:00:00,4.912999999999999,10.993360593820356,4.7716845749825145,4.8833737,2.7985610961914062
2024-08-21 22:00:00,6.229504,12.642787405899938,4.751694035012042,4.4774227,4.293699264526367
2024-08-21 23:00:00,6.751268999999999,20.10862796060269,6.940059921780781,6.585405,3.5975799560546875
2024-08-22 00:00:00,6.539203000000001,19.316547327947916,7.621553778141749,7.1388335,5.203029632568359
2024-08-22 01:00:00,5.451776,14.492832121313313,6.487966468087954,6.409028,4.737298965454102
2024-08-22 02:00:00,5.000210999999999,10.29164689741269,5.05467655264921,4.9471264,3.0022201538085938
2024-08-22 03:00:00,5.359375,8.112851834675553,4.763398166434107,4.4728947,3.7453880310058594
2024-08-22 04:00:00,5.929741000000001,5.8510928029980676,5.209088923958859,5.3317122,4.464426040649414
2024-08-22 05:00:00,5.5452330000000005,2.24604201992085,7.474867798873244,6.3851104,8.179351806640625
2024-08-22 06:00:00,9.261,-5.112914552307657,11.298823470226232,10.710179,9.216876983642578
2024-08-22 07:00:00,21.253933,21.298221762142433,19.470417672378648,17.594347,16.915908813476562
2024-08-22 08:00:00,38.614472,55.743809892250354,36.81006920472012,36.93639,45.54316711425781
2024-08-22 09:00:00,49.430863,73.66844284809541,54.82055252641926,56.312202,44.01218032836914
2024-08-22 10:00:00,59.319,78.5942423109097,57.525769244353924,57.87208,56.290794372558594
2024-08-22 11:00:00,66.92341599999997,84.33435706605964,68.79417319433448,69.76171,65.22200775146484
2024-08-22 12:00:00,75.15144799999999,87.3914118776825,72.55201161329222,74.664,74.29292297363281
2024-08-22 13:00:00,77.85448299999997,91.01170908250207,81.54180290358241,86.30624,75.21649932861328
2024-08-22 14:00:00,65.939264,89.04164680481598,76.16028456009758,78.32301,86.9959945678711
2024-08-22 15:00:00,58.86386900000001,66.94379898406233,49.17003262318204,54.47599,63.24662780761719
2024-08-22 16:00:00,43.98697699999999,44.2938394493401,49.424070086228674,49.685272,34.80320739746094
2024-08-22 17:00:00,20.796875,19.42452871992522,25.008704909663102,22.63263,18.43099594116211
2024-08-22 18:00:00,5.832000000000001,-4.349006098207909,6.564866363072142,6.3836017,5.80048942565918
2024-08-22 19:00:00,4.096000000000001,-16.886507471912537,3.43503605481493,2.8654473,2.395069122314453
2024-08-22 20:00:00,3.375,3.729735085307439,2.7727923895837474,2.9794214,1.220123291015625
2024-08-22 21:00:00,2.8632879999999994,6.51274191333512,2.9907860207710293,3.1233587,1.7684440612792969
2024-08-22 22:00:00,2.5154560000000004,8.256034740929039,2.876187369209369,2.742092,2.720672607421875
2024-08-22 23:00:00,1.685159,7.279191820834612,2.7724903591737338,2.597324,1.9247398376464844
2024-08-23 00:00:00,1.191016,-0.09252857477410714,1.696208825915606,1.6857777,1.4446907043457031
2024-08-23 01:00:00,0.941192,-4.54322506170395,1.244932520031621,0.87961644,0.5840187072753906
2024-08-23 02:00:00,1.124864,-5.082415636888385,1.0229615866063961,0.88162017,0.24444580078125
2024-08-23 03:00:00,1.4815439999999995,-3.879058581622104,1.4404971783143972,0.88162017,1.0898704528808594
2024-08-23 04:00:00,1.7279999999999998,-6.17411210447608,1.7294798725807976,1.2206575,1.4567298889160156
2024-08-23 05:00:00,1.5608959999999996,-9.006868262206524,2.1164579121194107,1.695468,2.9199905395507812
2024-08-23 06:00:00,0.3890169999999999,-14.291493661385843,2.623971564374587,3.1406078,3.702301025390625
2024-08-23 07:00:00,1.5608959999999996,-30.4769758990722,2.9725334405924513,3.770766,5.809539794921875
2024-08-23 08:00:00,11.239424000000003,-5.4900142626781445,5.8551890169221235,7.004485,9.760021209716797
2024-08-23 09:00:00,22.188041,36.99122128400363,24.477636989404818,24.07325,16.326723098754883
2024-08-23 10:00:00,25.934336,46.05018528075921,34.33433642923881,33.33679,31.121723175048828
2024-08-23 11:00:00,25.67237500000001,49.24553312099302,27.68747587961645,27.663784,43.622901916503906
2024-08-23 12:00:00,24.389,47.39875796464362,23.09612809041944,24.5073,34.73942565917969
2024-08-23 13:00:00,23.639903000000004,39.52604384704675,22.341947570106772,21.216413,23.924165725708008
2024-08-23 14:00:00,20.796875,34.799550146054415,20.460202499761127,19.860678,19.10770034790039
2024-08-23 15:00:00,22.425767999999994,15.4991479815439,16.165580719040644,15.889673,19.243656158447266
2024-08-23 16:00:00,22.188041,8.911745126308404,20.18421965915695,19.42718,10.952510833740234
2024-08-23 17:00:00,13.312053000000002,8.488364056193063,17.056012855793405,14.622441,10.455307006835938
2024-08-23 18:00:00,4.330746999999999,-2.5422352093950877,5.910533166436379,6.227681,4.286317825317383
2024-08-23 19:00:00,2.4603750000000004,-21.14540417712442,2.3979354680833675,2.2571335,1.1667747497558594
2024-08-23 20:00:00,1.771561,-16.871465213460127,2.079300887176008,2.1001277,0.7578620910644531
2024-08-23 21:00:00,1.4428969999999997,-17.820722995184397,1.7891597733931095,2.039544,1.7879409790039062
2024-08-23 22:00:00,1.5208749999999998,-19.069517245067544,1.4185138766669843,1.5046605,1.5348014831542969
2024-08-23 23:00:00,1.685159,-15.728622758157087,1.6128796001540575,1.5569726,1.4292678833007812
2024-08-24 00:00:00,1.6430319999999998,-14.587688049476853,2.038725258968735,2.086358,1.4477920532226562
2024-08-24 01:00:00,1.191016,-20.28958773877035,1.932826368829202,2.0492375,1.4325714111328125
2024-08-24 02:00:00,0.531441,-25.42480161623979,1.2594089344696977,1.1411406,0.7842292785644531
2024-08-24 03:00:00,0.097336,-30.84308734981252,0.6832623095872418,0.7643578,0.8960456848144531
2024-08-24 04:00:00,0.0428749999999999,-39.43395482953177,0.32810990509268073,0.40342382,0.3068351745605469
2024-08-24 05:00:00,0.262144,-43.35852901800797,0.31764256919152645,0.37708324,0.54376220703125
2024-08-24 06:00:00,0.274625,-33.0133138767945,0.4969008882607548,1.3293238,1.3768196105957031
2024-08-24 07:00:00,0.140608,-34.616172264966195,3.3193099583882697,2.6710002,3.852985382080078
2024-08-24 08:00:00,0.8305839999999999,-48.02554957111414,2.256409447171684,2.3244803,7.2290802001953125
2024-08-24 09:00:00,2.000376,-34.51186214936635,3.4251108748276984,3.7710676,11.28825569152832
2024-08-24 10:00:00,3.307949,-29.16578908150086,4.751152285471058,4.6706786,15.31515884399414
2024-08-24 11:00:00,5.268024,-24.94189073234817,7.250999468798418,6.6177077,18.36320686340332
2024-08-24 12:00:00,8.120600999999997,-18.049233240886252,9.032091118092314,10.744911,19.10410499572754
2024-08-24 13:00:00,9.261,-6.917222273092932,11.239552148392425,12.606559,16.13530158996582
2024-08-24 14:00:00,8.242408,-20.081383588852958,12.205923611188688,10.534564,14.301151275634766
2024-08-24 15:00:00,6.229504,-27.85294260823855,7.338549735536275,6.1268024,12.007524490356445
2024-08-24 16:00:00,4.912999999999999,-16.649659168657692,3.6055276434003325,5.274571,7.886539459228516
2024-08-24 17:00:00,3.5118080000000003,-15.725024768268497,4.80147602804781,3.220228,3.9253387451171875
2024-08-24 18:00:00,1.7279999999999998,-27.089671961649742,2.8331473197395773,2.4291375,2.241626739501953
2024-08-24 19:00:00,1.4428969999999997,-28.311026551634257,1.341558989164279,1.3814543,1.3495292663574219
2024-08-24 20:00:00,1.157625,-22.208729828729986,1.4859890603065156,1.7420899,1.119720458984375
2024-08-24 21:00:00,0.474552,-30.411535338521688,1.2639801347947188,1.2501798,1.4841117858886719
2024-08-24 22:00:00,0.157464,-35.088079598533014,0.6425912108387669,0.60578406,0.8404083251953125
2024-08-24 23:00:00,0.287496,-37.3746444433681,0.3486182454778453,0.43035346,0.22026443481445312
2024-08-25 00:00:00,0.7535710000000001,-29.348371074444927,0.5880532063505707,0.5621214,0.013767242431640625
2024-08-25 01:00:00,1.4049280000000004,-27.48158878346456,1.3899362321911726,1.0782223,0.2884521484375
2024-08-25 02:00:00,2.5713530000000007,-15.454858509870476,1.8416521542951316,1.7314373,0.3447227478027344
2024-08-25 03:00:00,3.307949,0.8646656015679781,3.404616639376603,3.5805476,1.1803207397460938
2024-08-25 04:00:00,3.869893,6.244956089650344,3.9523934542504953,3.5499177,1.6703910827636719
2024-08-25 05:00:00,4.019679000000001,9.99755148794442,4.267881602837615,3.8413908,3.424274444580078
2024-08-25 06:00:00,3.375,8.305467812532058,4.502481799068411,3.910781,4.443571090698242
2024-08-25 07:00:00,4.410943999999999,3.144943471398932,4.298717500168843,4.156429,5.626466751098633
2024-08-25 08:00:00,12.166999999999998,5.328746346720706,7.817156085495935,6.5269217,6.954620361328125
2024-08-25 09:00:00,19.683000000000003,27.90338632434448,22.657447849368396,19.156307,11.052736282348633
2024-08-25 10:00:00,19.902511,27.6097722332358,26.565460389724034,27.080078,21.52001953125
2024-08-25 11:00:00,17.576,14.527732001139043,19.84621713200501,21.18771,29.619489669799805
2024-08-25 12:00:00,15.438249000000004,5.1482473522817145,16.51021987135849,16.728367,21.231443405151367
2024-08-25 13:00:00,15.069223000000004,-4.1499486917690405,13.175314034890414,11.140168,13.913480758666992
2024-08-25 14:00:00,15.069223000000004,-6.080987901760764,13.837270558779867,12.0159,13.791072845458984
2024-08-25 15:00:00,12.977875,-0.8597878605722826,13.930244974671886,11.387723,13.101448059082031
2024-08-25 16:00:00,7.645372999999999,-7.421866562336106,9.472022828571593,8.511232,10.287811279296875
2024-08-25 17:00:00,2.5713530000000007,-26.744467250441872,4.230096436869288,3.7333636,5.302827835083008
2024-08-25 18:00:00,0.8043570000000001,-39.15115178779776,1.5012831657055938,0.64461184,2.0454330444335938
2024-08-25 19:00:00,0.778688,-37.0757749305112,0.7774252343409889,0.30868262,0.5922088623046875
2024-08-25 20:00:00,1.157625,-24.873193391948988,1.0473031721891213,1.0080535,0.6351318359375
2024-08-25 21:00:00,1.4815439999999995,-10.352752040764713,1.5910838425286113,1.2702495,1.1442642211914062
2024-08-25 22:00:00,1.685159,-7.538223016952699,1.6359570210670633,1.3346586,1.6372947692871094
2024-08-25 23:00:00,2.097152,-4.241564110138597,2.0467041875800525,1.7911799,1.8458061218261719
2024-08-26 00:00:00,3.112136,4.080640790722995,2.35582239195888,2.0762331,2.5350570678710938
2024-08-26 01:00:00,4.410943999999999,11.309694472799052,3.8649753554906585,3.3327274,3.3010330200195312
2024-08-26 02:00:00,4.574296,19.726129611447547,5.477909080450661,4.9436483,3.2331809997558594
2024-08-26 03:00:00,3.5118080000000003,14.349231480179924,4.713311399795508,4.28988,6.031389236450195
2024-08-26 04:00:00,1.4428969999999997,3.10856478665859,3.4761907994252357,3.2205946,4.241601943969727
2024-08-26 05:00:00,0.1951119999999999,-15.240787776391883,1.1946736327077674,1.0277169,4.890308380126953
2024-08-26 06:00:00,0.474552,-33.231898807904344,0.3872692034922098,0.6394312,2.4919700622558594
2024-08-26 07:00:00,1.4428969999999997,-17.67646188391558,3.016817461409399,2.2249703,2.3926353454589844
2024-08-26 08:00:00,6.644671999999999,-13.240930774978551,3.891202742883239,4.5347133,5.27294921875
2024-08-26 09:00:00,13.481272,11.271260755514547,14.750014692511147,14.190816,9.026044845581055
2024-08-26 10:00:00,17.576,22.07563881617999,20.99915086156722,20.357864,15.026422500610352
2024-08-26 11:00:00,18.399744,29.773936486478377,21.681061124330583,21.818026,25.906631469726562
2024-08-26 12:00:00,17.373979,32.2880273432513,19.283384314947696,19.817963,28.54884147644043
2024-08-26 13:00:00,13.997521000000004,28.027584463706106,17.223178888713118,16.726889,22.857234954833984
2024-08-26 14:00:00,10.503459,14.242716958749497,10.088729192535466,10.732511,16.53968620300293
2024-08-26 15:00:00,6.539203000000001,-12.487879031246848,7.726711754268685,8.854292,10.186197280883789
2024-08-26 16:00:00,2.299968,-29.558656559116173,4.088919017754077,5.1943574,7.058708190917969
2024-08-26 17:00:00,0.7049690000000001,-38.25527384024241,2.0713894147781704,0.24570806,2.614044189453125
2024-08-26 18:00:00,0.1851929999999999,-46.36937152106822,0.8701511868465771,-0.2783551,0.45465087890625
2024-08-26 19:00:00,0.287496,-46.20269787664745,0.5822585787717831,0.031639975,0.0938262939453125
2024-08-26 20:00:00,1.4049280000000004,-22.05249885203648,0.8156946094694365,0.8254079,0.345733642578125
2024-08-26 21:00:00,2.985984,2.9802592407429955,3.2403608946780453,2.4708061,0.9168128967285156
2024-08-26 22:00:00,4.173281000000001,8.975729154426645,4.6596212057162125,3.9570508,1.5031661987304688
2024-08-26 23:00:00,4.657462999999999,15.076946774329187,5.10598106370712,4.259962,2.2791786193847656
2024-08-27 00:00:00,4.492124999999999,18.229620973775056,5.085605740557777,4.978365,3.292327880859375
2024-08-27 01:00:00,4.410943999999999,8.269763592478952,4.329930309216001,4.3308935,4.653709411621094
2024-08-27 02:00:00,3.723875000000001,3.245610764330152,4.398161562666668,4.173264,3.386829376220703
2024-08-27 03:00:00,2.299968,-4.81656995189411,3.5995253374961376,3.2248065,5.511941909790039
2024-08-27 04:00:00,1.225043,-13.175472058435503,1.8874976715742253,1.7316442,3.4325218200683594
2024-08-27 05:00:00,0.531441,-20.641862293935674,1.0979645617504215,0.9665063,3.6378021240234375
2024-08-27 06:00:00,0.157464,-28.643325024836315,0.7349561173819508,1.0695897,2.574298858642578
2024-08-27 07:00:00,0.474552,-35.390826195446266,1.888795280749364,1.2361646,2.961090087890625
2024-08-27 08:00:00,3.944312000000001,-29.588052532441296,2.9379269070609797,4.4559536,3.9463424682617188
2024-08-27 09:00:00,11.390625,-0.2582824188029207,10.794331086663117,10.026677,7.378238677978516
2024-08-27 10:00:00,14.526784,16.41981398970053,19.97877830045954,19.513674,13.535995483398438
2024-08-27 11:00:00,15.813250999999996,13.654470304917211,19.917677911913756,18.030674,24.151142120361328
2024-08-27 12:00:00,16.387064000000002,22.302212715971834,16.670814599761457,17.123446,22.098251342773438
2024-08-27 13:00:00,16.974592999999995,15.144446529015454,16.732736483232223,16.624315,20.33542251586914
2024-08-27 14:00:00,12.487167999999995,5.61923880347247,16.829352455026932,15.962467,16.243030548095703
2024-08-27 15:00:00,5.6397520000000005,-14.309899640082861,8.334518641166506,8.683665,14.650323867797852
2024-08-27 16:00:00,1.3676310000000005,-30.4126930845692,4.206265791845208,3.5639863,6.690118789672852
2024-08-27 17:00:00,0.3890169999999999,-41.052660318294485,1.525414234256128,-0.45071036,2.25628662109375
2024-08-27 18:00:00,0.250047,-44.3600214224731,0.6587260218527382,-0.10639075,0.6356925964355469
2024-08-27 19:00:00,0.7049690000000001,-39.03365414016686,0.5152074944420919,0.07307535,0.5752105712890625
2024-08-27 20:00:00,1.4815439999999995,-15.741779143804976,1.3483841078341103,1.4218067,0.7403068542480469
2024-08-27 21:00:00,2.5713530000000007,-3.282216334019452,2.269183973924575,1.9868898,0.9191131591796875
2024-08-27 22:00:00,3.112136,7.475593015937491,3.862369714805642,3.650141,0.8273696899414062
2024-08-27 23:00:00,3.176523,14.139178534521648,3.361500241405805,3.2000616,1.5421600341796875
2024-08-28 00:00:00,3.0486249999999995,13.815445587281502,3.288601316542688,2.9179184,2.1169166564941406
2024-08-28 01:00:00,3.375,5.347795071397286,3.18616208335034,2.833495,3.59002685546875
2024-08-28 02:00:00,3.442951,2.9134836155691914,3.5603683845025045,3.4554663,2.4896697998046875
2024-08-28 03:00:00,2.803221,-0.5437770291824933,3.4337785887091927,3.6317236,4.720630645751953
2024-08-28 04:00:00,2.0483830000000003,-9.062602135980356,2.9051739265256287,2.7899835,3.311267852783203
2024-08-28 05:00:00,1.4428969999999997,-16.522635743353078,1.8584544813519406,1.9635713,4.39348030090332
2024-08-28 06:00:00,1.2597120000000002,-24.795446371145502,1.819704104571304,1.7699034,3.3984298706054688
2024-08-28 07:00:00,3.112136,-24.753429712825408,2.2018613574227306,3.1525724,4.129905700683594
2024-08-28 08:00:00,5.5452330000000005,-11.848195944443901,9.04575213245285,6.6126833,5.709550857543945
2024-08-28 09:00:00,6.331625000000001,-12.715093734647596,11.278350602151422,10.651495,10.17451286315918
2024-08-28 10:00:00,7.762391999999999,-23.687468567780826,10.546960971386836,9.421386,12.436906814575195
2024-08-28 11:00:00,10.648000000000003,-23.736974107869116,11.641315242625842,12.44292,15.46839714050293
2024-08-28 12:00:00,14.706125000000004,-10.321756919119949,14.126124910716833,14.020355,16.538881301879883
2024-08-28 13:00:00,16.581374999999998,3.509861220424412,20.123887946741988,19.706398,14.257305145263672
2024-08-28 14:00:00,12.977875,-8.542860839268698,16.902793489696542,17.859179,18.617359161376953
2024-08-28 15:00:00,8.741816,-24.62814969659469,8.80996617279047,8.360709,12.381168365478516
2024-08-28 16:00:00,4.826809,-21.264933880339385,5.575169380281206,5.1571803,7.487371444702148
2024-08-28 17:00:00,1.5608959999999996,-18.97764747079529,3.2269177626425236,2.1628919,2.8254356384277344
2024-08-28 18:00:00,0.5927039999999999,-24.669210594444664,1.0602449087112458,-0.09796104,0.9785804748535156
2024-08-28 19:00:00,0.300763,-22.047807928139946,0.7203745019021245,0.61963713,0.4744834899902344
2024-08-28 20:00:00,0.1176489999999999,-25.1007739234732,0.7106130563743785,0.72017884,0.7968940734863281
2024-08-28 21:00:00,0.3285089999999999,-26.722254517249013,0.3392392436727723,0.48793304,0.5729751586914062
2024-08-28 22:00:00,0.8573749999999999,-15.655401985223392,0.6564469414377208,0.6310398,0.0776214599609375
2024-08-28 23:00:00,0.912673,-7.957588936707879,1.6222196258594415,1.3060062,0.35869598388671875
2024-08-29 00:00:00,0.7049690000000001,-10.895749634178287,1.1794885353910562,1.2312729,0.7242164611816406
2024-08-29 01:00:00,0.8847359999999999,-22.924422503224477,0.7992184070224263,0.7587425,1.1017990112304688
2024-08-29 02:00:00,1.5608959999999996,-15.914053367954978,1.1949396489389081,0.8963928,0.7141685485839844
2024-08-29 03:00:00,2.097152,-7.025719198271517,2.16604800759969,1.9109533,1.510101318359375
2024-08-29 04:00:00,2.5713530000000007,-6.570261570635807,2.432681871498043,2.1279013,1.9920310974121094
2024-08-29 05:00:00,2.6280719999999995,-6.770641630130299,3.0400672089571823,3.012105,3.3308372497558594
2024-08-29 06:00:00,6.128487000000001,-9.034536239010663,3.688433070354658,3.550591,4.182487487792969
2024-08-29 07:00:00,14.706125000000004,20.645214406408527,13.171411596288651,11.969638,5.173700332641602
2024-08-29 08:00:00,34.012224,48.17559311536364,25.96053209020468,21.898792,11.341634750366211
2024-08-29 09:00:00,62.099136,78.59360538239183,48.7794168301047,50.78958,23.71257209777832
2024-08-29 10:00:00,111.28464099999997,106.53969614891248,86.9573050190396,92.8061,63.3355827331543
2024-08-29 11:00:00,183.250432,145.18416072882627,136.05144048999907,135.8535,86.74652099609375
2024-08-29 12:00:00,211.708736,183.66663759669024,234.59569214405747,263.0711,146.62655639648438
2024-08-29 13:00:00,189.11922400000003,183.52187786557522,222.19019206193312,223.31514,171.9112091064453
2024-08-29 14:00:00,123.50599200000003,162.53812874915707,162.2871533773059,138.08156,120.68016052246094
2024-08-29 15:00:00,57.960603000000006,127.09444910507564,84.44220095488689,76.90127,74.65515899658203
2024-08-29 16:00:00,17.373979,73.14331169507112,34.64573153997838,27.040005,31.69269371032715
2024-08-29 17:00:00,2.3526370000000005,29.943387483757633,8.39439161303401,3.7094579,7.336702346801758
2024-08-29 18:00:00,0.405224,-1.727840569511713,3.1105140537230955,0.46102554,2.2642478942871094
2024-08-29 19:00:00,0.3732479999999999,-16.141568255868407,0.9378596707397955,0.6592362,-0.6460418701171875
2024-08-29 20:00:00,1.2950290000000002,-18.21878236660355,0.8694811325032913,0.9655718,-1.6038055419921875
2024-08-29 21:00:00,2.4061040000000005,4.8306658478451965,2.9703913743371246,1.8613392,-0.14799118041992188
2024-08-29 22:00:00,2.8632879999999994,10.609257938269096,3.30280680852279,2.8604772,2.807392120361328
2024-08-29 23:00:00,2.744,16.64842987409064,3.1811421358755267,2.7999017,2.9551544189453125
2024-08-30 00:00:00,2.744,22.677388444262633,3.0341660179572187,2.8138547,2.6924476623535156
2024-08-30 01:00:00,3.176523,21.142592634293678,3.0341660179572187,2.7035196,2.628192901611328
2024-08-30 02:00:00,4.096000000000001,18.763265113209968,3.3026285356271763,2.927789,1.7671318054199219
2024-08-30 03:00:00,4.826809,15.153446671474796,4.84755515741664,4.069712,2.292980194091797
2024-08-30 04:00:00,4.492124999999999,12.29634907861275,5.451344250645837,5.246549,3.2032012939453125
2024-08-30 05:00:00,2.924207,5.7940591702773645,4.175622142928354,4.01046,4.664636611938477
2024-08-30 06:00:00,0.681472,-3.775820866316792,2.6426912892720082,2.6629584,4.997064590454102
2024-08-30 07:00:00,0.021952,-20.515589738120113,3.465968145619331,2.9118125,4.628826141357422
2024-08-30 08:00:00,2.5154560000000004,-41.52832403052396,3.449446138530482,3.0945804,5.732913970947266
2024-08-30 09:00:00,12.326391,4.914539279252139,10.54115661153221,9.0258465,10.660196304321289
2024-08-30 10:00:00,20.123648000000003,25.182080403013416,24.004584713379646,24.783607,23.557506561279297
2024-08-30 11:00:00,24.137569000000003,30.647425747209283,29.15003907387073,29.700956,36.4102668762207
2024-08-30 12:00:00,24.137569000000003,27.38774913441567,28.317705776274796,27.625793,40.61509704589844
2024-08-30 13:00:00,21.253933,27.654688037986332,22.297815836018344,21.43843,31.971378326416016
2024-08-30 14:00:00,18.821096000000004,19.233357341903584,16.14178802535129,16.55407,23.518306732177734
2024-08-30 15:00:00,13.144256,0.9527588249080878,13.16135368753604,12.136823,15.013408660888672
2024-08-30 16:00:00,6.331625000000001,5.487721385594355,6.392512659716925,7.007194,10.911617279052734
2024-08-30 17:00:00,3.5118080000000003,4.987660589035599,3.14784816594368,2.448183,4.945943832397461
2024-08-30 18:00:00,1.685159,-6.960343315941259,2.2724640134004654,2.2783084,1.8635177612304688
2024-08-30 19:00:00,2.4061040000000005,-17.244670967630057,1.2719520489505387,1.2582622,1.6278419494628906
2024-08-30 20:00:00,2.985984,-6.715124689355818,3.229185821724119,3.1739247,1.5020103454589844
2024-08-30 21:00:00,3.307949,-9.689610628306838,3.4448183905293983,3.2365334,2.622081756591797
2024-08-30 22:00:00,3.581577,-8.905714854603445,3.539694736344405,3.474923,2.0876998901367188
2024-08-30 23:00:00,3.581577,-6.53864847255204,3.778375420518283,3.623347,2.9299278259277344
2024-08-31 00:00:00,3.375,-1.9367594506583714,3.717440938281521,3.4827135,2.784893035888672
2024-08-31 01:00:00,3.307949,-10.670567500568893,3.3019914460621402,3.2269044,3.298015594482422
2024-08-31 02:00:00,3.307949,-11.479230174567064,3.300395294328886,3.2503676,1.8729782104492188
2024-08-31 03:00:00,3.112136,-11.737190274657053,3.3067898473503146,3.2893844,2.957508087158203
2024-08-31 04:00:00,2.8632879999999994,-15.771203839045427,3.1067849589206147,2.8813777,2.1897621154785156
2024-08-31 05:00:00,3.0486249999999995,-21.98172032365457,3.7587635769640233,2.8553963,3.6475181579589844
2024-08-31 06:00:00,2.5713530000000007,-25.085354641034485,4.262679434420611,3.702963,3.4622268676757812
2024-08-31 07:00:00,5.000210999999999,-20.874066677559,5.672749041253461,5.4798737,5.474008560180664
2024-08-31 08:00:00,11.697083,7.539364339516865,16.947528280920643,11.579239,8.299320220947266
2024-08-31 09:00:00,34.012224,20.533509766756893,21.468608032761026,20.245037,16.19748306274414
2024-08-31 10:00:00,50.243409,60.25099786452411,51.00984058442069,50.89592,28.301612854003906
2024-08-31 11:00:00,52.734375,77.90697803830047,60.44218417421651,61.548378,72.12641906738281
2024-08-31 12:00:00,52.31362400000001,82.09204945809442,53.056574019363936,53.150066,60.958744049072266
2024-08-31 13:00:00,52.31362400000001,79.9817791924472,51.346809415580026,52.01854,48.16045379638672
2024-08-31 14:00:00,56.62310399999999,75.61591238140169,51.754213110251754,52.66842,53.21484375
2024-08-31 15:00:00,60.236288,60.67139474504749,55.733336076770705,57.696537,37.105445861816406
2024-08-31 16:00:00,55.306341,44.284907677164185,50.511063400388394,50.59018,42.801788330078125
2024-08-31 17:00:00,31.554496000000004,34.662394979644475,25.66835020204623,23.741697,17.052053451538086
2024-08-31 18:00:00,12.008989,16.485241355138825,9.508365237922346,10.209705,12.130338668823242
2024-08-31 19:00:00,12.487167999999995,-2.16411132159287,9.985870334127473,9.123687,5.651342391967773
2024-08-31 20:00:00,11.089567,18.422126204342376,12.066039259264299,11.225867,4.049835205078125
2024-08-31 21:00:00,7.645372999999999,15.114949465606799,10.148498631262127,10.447932,9.008260726928711
2024-08-31 22:00:00,5.000210999999999,8.805989145837998,6.298602732470986,6.217084,7.058198928833008
2024-08-31 23:00:00,3.869893,6.309926948000964,4.360061246089753,3.744697,5.354434967041016
2024-09-01 00:00:00,3.5118080000000003,6.797891310627875,3.5235998282133014,3.4597318,3.484088897705078
2024-09-01 01:00:00,3.375,5.124625319622808,3.504936395937758,3.2104683,3.3848609924316406
2024-09-01 02:00:00,2.5154560000000004,4.216589754291078,3.329061838329473,3.085719,2.4335403442382812
2024-09-01 03:00:00,1.815848,-1.9555462538185964,2.5802634622154157,2.3868804,3.051929473876953
2024-09-01 04:00:00,1.860867,-6.944230622301134,1.8190968440998998,1.5942171,2.25390625
2024-09-01 05:00:00,2.299968,-8.244026580285876,2.1465610177829015,1.6491967,3.2104759216308594
2024-09-01 06:00:00,1.685159,-6.589710449086354,2.8069829386717227,3.41335,4.188310623168945
2024-09-01 07:00:00,9.129328999999998,-5.887013626768194,3.8172746971481484,4.3447156,6.5646820068359375
2024-09-01 08:00:00,21.484952,37.45789226705163,24.062865315079048,24.640915,10.580360412597656
2024-09-01 09:00:00,24.642171000000005,49.63951905832006,36.794144561632855,32.235214,31.72532844543457
2024-09-01 10:00:00,27.0,40.88171163149782,28.02524409574578,27.225557,43.040061950683594
2024-09-01 11:00:00,31.554496000000004,45.7444025896816,30.02258877267306,31.821505,39.72532272338867
2024-09-01 12:00:00,36.926037,53.82705143859003,34.98703541891516,38.180943,38.59625244140625
2024-09-01 13:00:00,41.781923000000006,49.05545245986876,43.00565950987556,44.52317,39.349769592285156
2024-09-01 14:00:00,42.875,47.64355977528753,43.213582080260146,44.59932,50.432411193847656
2024-09-01 15:00:00,38.272753,31.42483218734351,37.90214562102611,37.47784,47.60498809814453
2024-09-01 16:00:00,30.664297,23.686256932566167,26.282145498615012,24.4199,27.52652359008789
2024-09-01 17:00:00,15.252992,20.540244673902976,17.770423157553772,16.582657,9.49488639831543
2024-09-01 18:00:00,4.251528,4.436262169209229,6.149656801563058,7.6296587,5.677694320678711
2024-09-01 19:00:00,3.0486249999999995,-11.098352181921697,2.2953942155913167,1.8352954,2.7206192016601562
2024-09-01 20:00:00,2.248091,1.413281691373129,2.501707266480506,2.5952642,1.6415939331054688
2024-09-01 21:00:00,1.3676310000000005,-6.097949377130078,2.102852907833981,2.4721718,3.359760284423828
2024-09-01 22:00:00,0.5513679999999999,-9.548028721529874,1.2355765348506649,1.3581598,3.057384490966797
2024-09-01 23:00:00,0.2053789999999999,-17.076364952322592,0.690760617558388,0.7708967,2.787891387939453
2024-09-02 00:00:00,0.1038229999999999,-25.03845813937427,0.35242456865266414,0.38538137,1.5558547973632812
2024-09-02 01:00:00,0.035937,-30.283489653830628,0.33147263567110186,0.4344128,1.1129417419433594
2024-09-02 02:00:00,0.0092609999999999,-36.613584356201656,0.31528372993278514,0.39554098,0.6697578430175781
2024-09-02 03:00:00,0.0466559999999999,-41.86841337046077,0.31764256919152645,0.3098999,0.8230400085449219
2024-09-02 04:00:00,0.1176489999999999,-38.6165790466312,0.31764256919152645,0.29098564,0.9527778625488281
2024-09-02 05:00:00,0.166375,-39.9453944704059,0.3374745436167118,0.33451077,1.725921630859375
2024-09-02 06:00:00,0.091125,-41.47005223512534,0.4109112476260551,1.0378096,2.391918182373047
2024-09-02 07:00:00,0.636056,-39.30525153725374,6.263864023128816,3.1060266,3.1895980834960938
2024-09-02 08:00:00,1.685159,-18.946075118076138,4.258429100167608,5.980694,4.654485702514648
2024-09-02 09:00:00,3.869893,-17.81793220767139,6.061054300107004,5.7052526,7.913055419921875
2024-09-02 10:00:00,8.120600999999997,-7.018508493134931,8.37261752144311,7.5182705,9.750432968139648
2024-09-02 11:00:00,14.886936,11.230150231789125,12.923839672806327,14.095996,12.472295761108398
2024-09-02 12:00:00,25.67237500000001,29.6959831079579,20.42674055862375,21.297222,16.210416793823242
2024-09-02 13:00:00,42.875,52.8171754359371,35.80075831797526,37.604214,20.94919204711914
2024-09-02 14:00:00,55.74296799999999,85.46528433213233,56.058759247297495,54.662796,37.91114044189453
2024-09-02 15:00:00,64.0,96.56996450224817,65.44263464034667,56.884495,53.164581298828125
2024-09-02 16:00:00,52.734375,94.03037041521743,33.927874850621514,33.580917,36.42479705810547
2024-09-02 17:00:00,27.543608,65.10451661798704,22.357482307445434,21.1605,32.25025939941406
2024-09-02 18:00:00,10.360232000000002,33.18705264977946,17.6702778953215,16.156185,11.542438507080078
2024-09-02 19:00:00,6.434856000000001,15.399373547143725,7.338234637388885,7.0056534,5.868724822998047
2024-09-02 20:00:00,4.657462999999999,12.792274444759812,4.882486928229439,4.853157,3.21478271484375
2024-09-02 21:00:00,4.096000000000001,1.612927129618427,3.9425502129644783,4.079188,4.188005447387695
2024-09-02 22:00:00,3.581577,-4.307862835625855,3.9838161343033276,4.0998845,3.7781333923339844
2024-09-02 23:00:00,3.652264,-10.601203616832578,3.582767629808616,3.421506,3.9518890380859375
2024-09-03 00:00:00,4.492124999999999,-7.578266475274006,3.7314383067291534,3.4582038,2.9032440185546875
2024-09-03 01:00:00,6.229504,-0.799976472306966,5.2531118383874,4.9017057,3.307506561279297
2024-09-03 02:00:00,6.858999999999999,11.78289160979351,7.433340866330955,6.819546,2.8098487854003906
2024-09-03 03:00:00,6.967870999999999,15.305165051530224,8.65708740577039,7.2496543,4.784978866577148
2024-09-03 04:00:00,7.529535999999999,14.719846679365048,7.858970196890994,6.996468,5.308801651000977
2024-09-03 05:00:00,7.529535999999999,14.463828643857752,8.379284276862956,7.486389,8.694639205932617
2024-09-03 06:00:00,3.869893,9.413462926097083,7.399283864922731,7.4398828,9.144926071166992
2024-09-03 07:00:00,9.528128,-2.7598519346960444,3.451163486894331,6.356143,12.392362594604492
2024-09-03 08:00:00,16.003008,32.39520967151235,27.91343795020928,27.122776,10.086875915527344
2024-09-03 09:00:00,21.024576,32.877223941532904,22.34758760282662,22.911438,22.052738189697266
2024-09-03 10:00:00,23.887872,30.600427158151476,26.309343295551574,23.935871,21.57250213623047
2024-09-03 11:00:00,25.934336,32.15413576000209,25.699433305230517,26.75758,34.35586929321289
2024-09-03 12:00:00,28.094464,40.60862040450955,24.483852544818824,26.28455,27.751197814941406
2024-09-03 13:00:00,28.934442999999995,44.65614557454434,27.932223072450675,29.195774,28.16689682006836
2024-09-03 14:00:00,26.463592,21.238761896703252,27.53557725794503,27.795856,29.569656372070312
2024-09-03 15:00:00,20.123648000000003,4.709642601039988,20.3757366369227,19.944458,19.697994232177734
2024-09-03 16:00:00,11.697083,-0.7742425282782222,11.241773876582554,10.749669,10.919775009155273
2024-09-03 17:00:00,4.657462999999999,-10.558626468456538,5.56926414301033,4.677523,3.788738250732422
2024-09-03 18:00:00,2.000376,-21.442057288253963,2.2003810638006596,2.1135066,1.8934974670410156
2024-09-03 19:00:00,2.6280719999999995,-16.92574242730734,1.3089983158103888,0.929603,0.6874237060546875
2024-09-03 20:00:00,4.173281000000001,-2.087924461284686,3.428335895203273,3.4844816,1.8555221557617188
2024-09-03 21:00:00,4.657462999999999,1.841347492856542,5.576397138204997,5.2504272,3.444671630859375
2024-09-03 22:00:00,4.330746999999999,0.8114033969419552,5.1097311474157,5.0684276,4.420808792114258
2024-09-03 23:00:00,3.796416,4.267726630499581,4.168791777105418,4.248736,5.266664505004883
2024-09-04 00:00:00,3.723875000000001,7.700357943762171,3.7782561937231933,3.6048095,4.52143669128418
2024-09-04 01:00:00,3.796416,1.5455314979293462,3.7304254302971422,3.3248467,4.080387115478516
2024-09-04 02:00:00,3.5118080000000003,0.8932169856769292,3.9585086682370583,3.7022204,3.5503616333007812
2024-09-04 03:00:00,3.796416,-2.2931618239547333,3.591005308103766,3.280455,4.766201019287109
2024-09-04 04:00:00,4.330746999999999,-1.557800440130876,4.054981577811869,3.787323,3.7703819274902344
2024-09-04 05:00:00,4.019679000000001,-1.3139578638086107,4.809085687293044,4.3900414,5.512424468994141
2024-09-04 06:00:00,2.197,-4.12327263055775,4.136770077394703,3.699484,4.550970077514648
2024-09-04 07:00:00,0.010648,-8.56417944788025,2.773394397024445,3.5882027,5.474308013916016
2024-09-04 08:00:00,1.0612080000000002,-45.677741582717374,2.210360856204906,2.759683,4.971790313720703
2024-09-04 09:00:00,6.967870999999999,-2.421499120627047,5.517659953921981,5.2461,5.739534378051758
2024-09-04 10:00:00,17.173512000000002,9.3203279179247,15.728222118723505,15.612455,13.484241485595703
2024-09-04 11:00:00,27.543608,36.20633633901535,26.35081480361713,25.930237,19.039880752563477
2024-09-04 12:00:00,39.651821000000005,60.76223068117956,34.54329868626485,34.04256,29.905736923217773
2024-09-04 13:00:00,52.31362400000001,78.75878321089273,46.59593068299145,47.218925,31.175724029541016
2024-09-04 14:00:00,58.411072,98.1274197453982,60.575493337747965,55.946808,40.395729064941406
2024-09-04 15:00:00,57.51245599999999,95.49694383369088,57.2256473504928,56.91385,41.460113525390625
2024-09-04 16:00:00,49.430863,71.68683373019583,47.093043915721864,45.826065,38.54642105102539
2024-09-04 17:00:00,25.412184,55.29006782505489,21.539398333919667,25.6083,18.541961669921875
2024-09-04 18:00:00,7.189056999999999,29.463879746977014,12.642141986230035,11.527907,11.630500793457031
2024-09-04 19:00:00,5.5452330000000005,3.972919602981108,5.477119055015155,4.230402,4.425298690795898
2024-09-04 20:00:00,5.088448,11.467731996940813,4.729717941688391,4.6308374,2.4014358520507812
2024-09-04 21:00:00,4.492124999999999,3.157854838328902,4.778033654230549,5.050317,4.727855682373047
2024-09-04 22:00:00,3.5118080000000003,0.342908313020601,4.119405733554985,4.419167,5.013570785522461
2024-09-04 23:00:00,2.744,-2.4592714687477297,3.4744944443186356,3.4743755,4.935129165649414
2024-09-05 00:00:00,2.5713530000000007,-5.984585205392406,2.7997615557843103,2.9340658,3.8789596557617188
2024-09-05 01:00:00,2.5154560000000004,-6.773695314093061,2.829910533571928,2.9484208,4.2264404296875
2024-09-05 02:00:00,2.6280719999999995,-5.727885085340247,2.831966706642398,2.6412816,3.206462860107422
2024-09-05 03:00:00,3.0486249999999995,-4.215402293125791,2.871271837616701,2.8438473,3.3572158813476562
2024-09-05 04:00:00,3.0486249999999995,-3.565371256164539,3.2367650783697557,2.9236834,3.1847190856933594
2024-09-05 05:00:00,2.299968,-9.78201870625368,3.2142526201731028,2.8772423,5.004940032958984
2024-09-05 06:00:00,1.2597120000000002,-18.737853391685675,3.3054507146911054,3.339584,4.864200592041016
2024-09-05 07:00:00,0.140608,-19.65724522172991,2.497224095870652,3.5388017,5.852241516113281
2024-09-05 08:00:00,0.970299,-39.83443089697751,2.9670919880173448,3.301287,8.366096496582031
2024-09-05 09:00:00,6.644671999999999,-24.429480013536846,5.753692997467573,5.1484294,10.45150375366211
2024-09-05 10:00:00,10.648000000000003,-1.006650498845076,15.529611758836234,14.990218,18.840320587158203
2024-09-05 11:00:00,14.526784,3.9199119410366166,14.694832229947597,15.041821,25.381488800048828
2024-09-05 12:00:00,20.123648000000003,15.804256909815791,19.367392699323563,19.82821,22.867389678955078
2024-09-05 13:00:00,25.412184,32.42027110647713,24.939346837047115,25.812773,23.059446334838867
2024-09-05 14:00:00,30.371328,49.96569430675065,27.425481573735432,27.41305,26.029600143432617
2024-09-05 15:00:00,33.076161,46.96041874900648,30.94397390578541,29.70957,25.727916717529297
2024-09-05 16:00:00,28.652616,36.58261167829524,21.01594608326709,22.430183,23.654247283935547
2024-09-05 17:00:00,13.997521000000004,23.548479382339323,14.883918877443271,14.500173,11.458930969238281
2024-09-05 18:00:00,3.723875000000001,2.9100898716508112,7.198590596236091,8.100108,6.774538040161133
2024-09-05 19:00:00,2.097152,-10.376782739079147,2.138722407191126,1.5366869,2.1563262939453125
2024-09-05 20:00:00,1.4428969999999997,-7.70574584599413,1.8394680223193876,2.5179794,1.8337936401367188
2024-09-05 21:00:00,1.0,-17.032558007609083,1.321115194821911,1.5211535,2.541950225830078
2024-09-05 22:00:00,0.5120000000000001,-21.207471715958732,1.1407539324667808,1.1177379,2.2878494262695312
2024-09-05 23:00:00,0.226981,-28.079696776830588,0.690569932650515,0.8956209,2.0449066162109375
2024-09-06 00:00:00,0.148877,-32.878209432096185,0.3486182454778453,0.5203838,1.3782882690429688
2024-09-06 01:00:00,0.250047,-37.4022346849315,0.3570444005368185,0.5426562,1.0907020568847656
2024-09-06 02:00:00,0.405224,-29.331298932204177,0.3623593955608861,0.45402187,1.0602378845214844
2024-09-06 03:00:00,0.7535710000000001,-24.28670272867184,0.8084334848837308,0.45673,1.7163200378417969
2024-09-06 04:00:00,1.685159,-15.590479865612565,1.2835612084401615,1.0514907,1.7086181640625
2024-09-06 05:00:00,4.019679000000001,-2.570622262453469,3.0478754822149963,2.6762123,2.616100311279297
2024-09-06 06:00:00,4.173281000000001,13.704026194127465,7.386824271469083,6.854281,3.598255157470703
2024-09-06 07:00:00,6.858999999999999,17.127524275966337,9.21222288161728,4.532888,7.586225509643555
2024-09-06 08:00:00,11.852351999999996,35.372984810891936,15.827523369335722,15.13505,10.280799865722656
2024-09-06 09:00:00,16.387064000000002,37.896751821965935,14.471033449565532,16.156605,14.933036804199219
2024-09-06 10:00:00,15.069223000000004,34.38822381330307,19.125208648648464,19.996595,17.956073760986328
2024-09-06 11:00:00,13.144256,20.179115084715562,14.164278087593923,13.522825,23.171417236328125
2024-09-06 12:00:00,13.997521000000004,9.886859266632968,11.142112677258353,11.097174,16.945819854736328
2024-09-06 13:00:00,17.576,6.78512305798634,13.397816634464782,12.492416,13.851310729980469
2024-09-06 14:00:00,22.188041,7.734705552523195,19.517893547653255,19.803228,14.90580940246582
2024-09-06 15:00:00,23.887872,19.230531847764283,24.467307818227894,23.906065,15.432769775390625
2024-09-06 16:00:00,19.248832000000004,12.745364404139778,21.579122393216775,18.29928,14.60359001159668
2024-09-06 17:00:00,8.365426999999997,-2.935277034512552,11.024505265992637,8.879902,9.009405136108398
2024-09-06 18:00:00,2.4061040000000005,-20.30984835323102,4.419166856802252,3.575738,4.567996978759766
2024-09-06 19:00:00,1.4428969999999997,-25.362430188021477,1.3630527370331054,1.3638206,1.4049453735351562
2024-09-06 20:00:00,0.8043570000000001,-19.706697895105947,1.0988682525803461,2.0120933,2.1149024963378906
2024-09-06 21:00:00,0.262144,-27.728363317731393,0.8067427654526728,1.0699321,2.697021484375
2024-09-06 22:00:00,0.0689209999999999,-34.60819599719396,0.37263231803092245,0.43736285,1.7321014404296875
2024-09-06 23:00:00,0.019683,-37.46627859950547,0.3174073853719744,0.4369671,1.28594970703125
2024-09-07 00:00:00,0.012167,-38.80713264334712,0.31764256919152645,0.48282114,1.0823020935058594
2024-09-07 01:00:00,0.021952,-39.58642809840292,0.3269840619514345,0.44075108,1.0455551147460938
2024-09-07 02:00:00,0.035937,-36.901137127612785,0.3269840619514345,0.45026478,1.0787391662597656
2024-09-07 03:00:00,0.054872,-40.09298350014163,0.31764256919152645,0.43443584,1.0392837524414062
2024-09-07 04:00:00,0.140608,-39.84140330805094,0.31764256919152645,0.35523632,0.9437751770019531
2024-09-07 05:00:00,0.3429999999999999,-36.87845097611225,0.40290918549810784,0.41117036,1.2168312072753906
2024-09-07 06:00:00,0.314432,-31.3539702161102,0.6635383185131326,0.8204331,1.8049964904785156
2024-09-07 07:00:00,0.0297909999999999,-32.01818199562739,2.9245906493437626,1.6886718,2.728961944580078
2024-09-07 08:00:00,0.059319,-53.855920741247665,2.5318237625089477,2.4977002,4.40318489074707
2024-09-07 09:00:00,1.2597120000000002,-58.17556891198982,3.4484308947430167,3.0622845,6.690345764160156
2024-09-07 10:00:00,5.832000000000001,-32.23544238308786,5.99272615607945,5.1350446,10.781024932861328
2024-09-07 11:00:00,16.003008,-3.3196159171916833,13.207768138179837,13.365907,14.460227966308594
2024-09-07 12:00:00,23.149125,34.87593598805792,26.212995443754203,26.922104,19.94422149658203
2024-09-07 13:00:00,27.0,48.590783510002936,28.446587645856606,27.961163,34.55150604248047
2024-09-07 14:00:00,27.543608,47.000607946248195,27.895733068349646,27.135283,24.904434204101562
2024-09-07 15:00:00,25.412184,44.67887983510356,25.533528676531713,24.108128,24.343692779541016
2024-09-07 16:00:00,19.683000000000003,36.38777607960044,17.942730359226445,15.906338,15.325933456420898
2024-09-07 17:00:00,8.741816,20.170162708470457,11.836711272177375,10.050577,9.981386184692383
2024-09-07 18:00:00,2.6280719999999995,-1.1879266910808752,4.5477117273928735,4.1555867,4.62297248840332
2024-09-07 19:00:00,1.906624,-11.326156639947698,1.5888875569621923,1.4850982,1.3423004150390625
2024-09-07 20:00:00,1.685159,-11.758717148169652,1.8294954897060112,2.6032946,1.5500335693359375
2024-09-07 21:00:00,1.4049280000000004,-22.189352277103296,2.014247801392732,2.046314,2.443767547607422
2024-09-07 22:00:00,1.2597120000000002,-30.38846042074117,1.431573797350688,1.5243031,1.8851661682128906
2024-09-07 23:00:00,1.2597120000000002,-31.37099679794069,1.3483290793316016,1.474237,1.834930419921875
2024-09-08 00:00:00,1.4428969999999997,-27.4044069285373,1.362074198262709,1.4218501,1.7021865844726562
2024-09-08 01:00:00,1.685159,-24.50120929429947,1.4790381011489293,1.3424351,1.8365936279296875
2024-09-08 02:00:00,1.771561,-15.90179995876349,2.053632476856568,1.7838604,1.6095848083496094
2024-09-08 03:00:00,1.5208749999999998,-12.059141562493537,2.0780556524692426,1.76138,2.0646896362304688
2024-09-08 04:00:00,1.225043,-13.305444219007555,1.5753705872225157,1.2959031,1.8058509826660156
2024-09-08 05:00:00,1.2950290000000002,-18.08365649612074,1.3199861035383538,1.0073327,2.606555938720703
2024-09-08 06:00:00,1.030301,-20.7634077122877,1.6744227117191244,1.6942793,2.8870506286621094
2024-09-08 07:00:00,0.287496,-20.995150233003628,1.6124134876597782,2.1314602,4.164928436279297
2024-09-08 08:00:00,0.1851929999999999,-32.294923030917786,2.854826464205361,2.1656575,5.956426620483398
2024-09-08 09:00:00,3.869893,-45.07112337048064,3.5589680144169615,3.4716132,9.139945983886719
2024-09-08 10:00:00,9.663596999999998,-8.935669861797365,10.692685378865574,10.338418,15.046417236328125
2024-09-08 11:00:00,15.069223000000004,4.810716497963497,15.815115693828723,15.718114,21.532482147216797
2024-09-08 12:00:00,22.188041,18.45098474987897,20.312376917855932,20.159416,23.357032775878906
2024-09-08 13:00:00,29.218112,32.58133991742345,26.631315805028066,27.746841,21.743539810180664
2024-09-08 14:00:00,33.698267,59.53709942486604,32.96457182334334,32.76242,24.95766830444336
2024-09-08 15:00:00,34.328125,53.65000888529575,31.679482264408612,32.84665,28.038673400878906
2024-09-08 16:00:00,27.0,39.90282046934074,19.073286145738617,21.69846,21.133941650390625
2024-09-08 17:00:00,13.823999999999998,32.36051207842495,13.1699764678765,13.43389,12.332338333129883
2024-09-08 18:00:00,4.574296,12.670145490171677,7.116230078173249,7.7824607,5.3235931396484375
2024-09-08 19:00:00,4.251528,-4.740269164608563,2.6254952672060052,2.625734,2.514129638671875
2024-09-08 20:00:00,4.410943999999999,4.547228208823398,3.965823269435907,3.7848861,1.5369071960449219
2024-09-08 21:00:00,4.741631999999999,-5.947351803248637,4.7728397286949225,4.6246963,5.001228332519531
2024-09-08 22:00:00,5.000210999999999,-9.530419735644173,4.915001141064291,4.5615788,4.008312225341797
2024-09-08 23:00:00,5.359375,-7.652255571743808,4.89459767064653,4.6527967,5.615148544311523
2024-09-09 00:00:00,5.268024,-3.2731723489188624,5.217566060165138,5.487728,4.693140029907227
2024-09-09 01:00:00,5.000210999999999,-1.4026281698930063,5.086375949408644,5.1827083,5.992500305175781
2024-09-09 02:00:00,3.723875000000001,0.7252463317414026,4.7202851302554425,4.405011,4.046741485595703
2024-09-09 03:00:00,2.000376,-3.831851511797339,3.282685574636707,3.1794972,5.0065460205078125
2024-09-09 04:00:00,0.5717869999999999,-10.857367827153581,1.5334244615112669,1.3287194,3.3937225341796875
2024-09-09 05:00:00,0.0428749999999999,-25.02653008309447,0.6870848141793505,0.7838446,3.755168914794922
2024-09-09 06:00:00,0.008,-38.69865916167049,0.34596594316567064,0.6702439,2.9211349487304688
2024-09-09 07:00:00,1.092727,-33.63654744244491,1.9553971851034202,1.7546662,3.0409927368164062
2024-09-09 08:00:00,3.375,-1.6244116115034046,5.184338300842819,4.5882,4.609773635864258
2024-09-09 09:00:00,6.858999999999999,-6.036181464520169,10.218439869369687,7.7573276,14.78231430053711
2024-09-09 10:00:00,10.218312999999998,-0.7875048324292635,12.726625720392375,12.894874,17.525711059570312
2024-09-09 11:00:00,14.706125000000004,12.981241059381873,13.684981944314895,13.610892,20.151046752929688
2024-09-09 12:00:00,23.149125,26.80724054878779,19.57422563018356,19.613382,19.044723510742188
2024-09-09 13:00:00,35.611289,46.63690478825335,29.174524750773422,32.1089,23.07379150390625
2024-09-09 14:00:00,41.421736,47.063989258836116,44.72665313306236,43.638912,41.08026885986328
2024-09-09 15:00:00,38.614472,57.5559692191071,41.55359043572811,37.413574,43.280818939208984
2024-09-09 16:00:00,27.0,64.95329305065805,30.851943694358106,28.353573,24.73424530029297
2024-09-09 17:00:00,12.166999999999998,43.9142060133277,12.73363326196091,12.942963,11.121343612670898
2024-09-09 18:00:00,4.019679000000001,15.983408134688133,5.754722773930439,5.9299564,6.753129959106445
2024-09-09 19:00:00,3.581577,2.275346814925868,2.285122790332226,1.98499,2.471912384033203
2024-09-09 20:00:00,2.985984,5.610605047058371,3.63106530049453,3.3854797,2.0349082946777344
2024-09-09 21:00:00,2.3526370000000005,-3.1368357542666985,2.9869103601303006,2.9281707,3.7792091369628906
2024-09-09 22:00:00,1.771561,-8.537606230194555,2.332213823481402,2.736976,2.903705596923828
2024-09-09 23:00:00,1.771561,-10.977985828120183,1.8116954171426831,1.7925828,2.5284576416015625
2024-09-10 00:00:00,1.4049280000000004,-7.892685216649724,2.0709576789350157,1.7938147,1.8730735778808594
2024-09-10 01:00:00,0.912673,-15.745758551719504,1.419081753416214,1.3245015,2.4632225036621094
2024-09-10 02:00:00,0.421875,-15.481136731120017,0.9990071000602915,0.9985754,1.6114044189453125
2024-09-10 03:00:00,0.125,-22.8884766854776,0.628678784370007,0.5428923,1.9603767395019531
2024-09-10 04:00:00,0.0058319999999999,-31.73426139569125,0.34257540040895174,0.41611248,1.544769287109375
2024-09-10 05:00:00,0.019683,-46.26429496783356,0.32119212024488614,0.40775016,1.6894416809082031
2024-09-10 06:00:00,0.166375,-40.30575616777111,0.4408192899084396,0.624902,1.4170951843261719
2024-09-10 07:00:00,1.225043,-26.3732474210055,3.8038020424875305,1.5778842,2.0977401733398438
2024-09-10 08:00:00,15.252992,-5.601052007199101,4.859690736645778,4.220036,4.409543991088867
2024-09-10 09:00:00,46.656000000000006,71.75018788484185,36.08697971955846,35.014484,9.408327102661133
2024-09-10 10:00:00,80.06299099999998,114.23540855148842,71.81085724001233,75.30718,41.14377975463867
2024-09-10 11:00:00,96.702579,139.16763962385767,126.29177262487669,117.52148,75.75772094726562
2024-09-10 12:00:00,80.62156800000001,152.56877715165245,106.94416500848179,102.44198,107.65901184082031
2024-09-10 13:00:00,59.319,122.1217251605063,74.55131750940876,74.48065,84.74021911621094
2024-09-10 14:00:00,32.15743200000001,92.40905862480425,47.608329201171685,41.50016,33.81410217285156
2024-09-10 15:00:00,17.173512000000002,57.24288516935748,20.16923710783844,19.985449,40.78257369995117
2024-09-10 16:00:00,11.239424000000003,28.87837708481929,8.691549693313592,8.267603,10.649444580078125
2024-09-10 17:00:00,5.929741000000001,8.059068747089512,4.2777584804979005,5.3231916,4.771768569946289
2024-09-10 18:00:00,3.0486249999999995,-5.4001089105298945,2.976093733070295,2.7423398,3.1517982482910156
2024-09-10 19:00:00,2.924207,-12.728699671141484,1.9146545803100603,2.2062979,2.5929222106933594
2024-09-10 20:00:00,2.4061040000000005,-15.908093755940342,3.411891453807812,3.482521,2.1931991577148438
2024-09-10 21:00:00,2.803221,-20.57200681034628,2.3896828200849414,2.9016528,2.593212127685547
2024-09-10 22:00:00,4.173281000000001,-11.676451643655142,3.148450451896726,2.9595175,2.259502410888672
2024-09-10 23:00:00,4.741631999999999,1.593670971423819,5.196460784681816,4.7719517,3.3604049682617188
2024-09-11 00:00:00,4.657462999999999,5.1964446617057405,5.204712632122364,4.749324,3.7191009521484375
2024-09-11 01:00:00,5.088448,2.042856624759523,4.325472880567114,4.103274,3.9037132263183594
2024-09-11 02:00:00,5.000210999999999,5.476534869708686,5.073128947307328,5.1151404,2.9376487731933594
2024-09-11 03:00:00,3.869893,3.7712372535147267,4.759084670596344,4.4153514,4.150396347045898
2024-09-11 04:00:00,2.803221,-0.7348742162904642,3.4808517878048217,3.5254738,3.8732147216796875
2024-09-11 05:00:00,2.000376,-2.9133787240696876,2.9107333532359525,2.8193567,4.569293975830078
2024-09-11 06:00:00,1.191016,-6.992140929336983,2.1312583900394997,2.0929377,4.272388458251953
2024-09-11 07:00:00,0.132651,-5.069743628100724,1.7857249373715751,1.7609717,4.812490463256836
2024-09-11 08:00:00,0.493039,-30.738472879164547,1.3144678895128878,1.6329899,5.234357833862305
2024-09-11 09:00:00,2.744,-22.219101277386642,3.665720389105222,3.219522,6.310651779174805
2024-09-11 10:00:00,12.487167999999995,-15.630250581861887,9.293115273942153,9.235186,12.659732818603516
2024-09-11 11:00:00,27.543608,22.221565722995635,24.476629545079575,23.650124,18.39687728881836
2024-09-11 12:00:00,38.272753,58.72395151426342,41.26078431123895,39.31684,28.737152099609375
2024-09-11 13:00:00,47.045881,74.77006213249003,45.302602899707416,45.93836,52.939292907714844
2024-09-11 14:00:00,59.77647100000001,83.31874676629305,52.12833847065868,50.12929,39.09086608886719
2024-09-11 15:00:00,66.92341599999997,94.17290884549236,62.15580481996256,61.59521,46.71097946166992
2024-09-11 16:00:00,45.118016,93.90480175108208,53.93303356104889,53.48201,52.752410888671875
2024-09-11 17:00:00,14.886936,53.36864042172884,18.716526736128994,18.420408,25.152210235595703
2024-09-11 18:00:00,7.189056999999999,17.108284754551534,7.176639070345009,7.716538,7.186103820800781
2024-09-11 19:00:00,6.644671999999999,19.067921037649555,5.556122740024367,4.8348007,4.071376800537109
2024-09-11 20:00:00,7.762391999999999,16.469916303774482,5.881939975675984,6.115822,3.9275741577148438
2024-09-11 21:00:00,9.528128,18.24274816225197,8.796518231799258,8.316056,5.83854866027832
2024-09-11 22:00:00,12.008989,22.087344832295642,10.824902848380207,10.160926,5.318302154541016
2024-09-11 23:00:00,13.997521000000004,30.923145813309887,13.368016914464198,13.421133,7.693569183349609
2024-09-12 00:00:00,16.777216,39.247438906160156,14.416809430006438,13.944825,8.510444641113281
2024-09-12 01:00:00,21.253933,42.37744925768838,16.726581775077328,16.519297,10.564798355102539
2024-09-12 02:00:00,21.951999999999995,53.79705317499234,23.80001327688464,22.909952,10.208431243896484
2024-09-12 03:00:00,17.984728,49.418451216081266,22.157989813910284,21.583675,17.963123321533203
2024-09-12 04:00:00,12.008989,36.69244174780424,15.806808396961108,15.236035,13.229606628417969
2024-09-12 05:00:00,10.648000000000003,23.471320243811206,10.239716977633305,10.296175,11.821325302124023
2024-09-12 06:00:00,13.481272,24.226060494263166,8.950307221719063,9.443705,7.126932144165039
2024-09-12 07:00:00,42.50854900000001,40.893848223378214,20.953330196331805,15.73026,10.548860549926758
2024-09-12 08:00:00,90.51884900000002,98.65940528588821,79.26360130945112,81.07435,21.193340301513672
2024-09-12 09:00:00,110.59199999999998,134.18332590287247,135.03298088182126,127.99501,108.1182861328125
2024-09-12 10:00:00,93.576664,137.7402511200845,129.89083937649409,126.48152,126.4400634765625
2024-09-12 11:00:00,58.411072,117.14348852786536,71.08373090464282,66.33639,90.59724426269531
2024-09-12 12:00:00,22.906303999999995,84.95954611393584,35.134458060374165,28.877506,59.96803665161133
2024-09-12 13:00:00,3.723875000000001,24.234034438548136,13.332358943140095,12.015521,36.8550910949707
2024-09-12 14:00:00,2.8632879999999994,-14.27101642838089,7.256680790456317,4.4028907,12.980873107910156
2024-09-12 15:00:00,6.539203000000001,-9.57484830499375,7.63220896202119,3.8996785,4.167169570922852
2024-09-12 16:00:00,6.644671999999999,0.13470113996400812,15.62787699952614,11.322164,2.3291587829589844
2024-09-12 17:00:00,4.330746999999999,-4.518107790693378,7.6360920010116935,4.4083505,6.852434158325195
2024-09-12 18:00:00,2.4603750000000004,-7.49530517606685,3.468288800976312,2.8325586,5.2501983642578125
2024-09-12 19:00:00,1.906624,-9.38221778671668,1.9879378346809977,1.9726408,3.9147605895996094
2024-09-12 20:00:00,1.906624,2.6004780804153853,1.8911852013968087,2.3382463,3.5087966918945312
2024-09-12 21:00:00,4.741631999999999,2.9039381539353855,2.1305082859292424,1.948453,4.665184020996094
2024-09-12 22:00:00,10.503459,21.465303881665605,6.850414412295845,7.0799313,5.033901214599609
2024-09-12 23:00:00,14.348907000000002,43.31606594900124,18.267541854409785,16.482935,9.223287582397461
2024-09-13 00:00:00,11.543175999999995,48.798723233281734,18.21625564031099,15.721053,14.163351058959961
2024-09-13 01:00:00,6.858999999999999,35.21187534360028,10.565241385625047,9.8890505,15.120079040527344
2024-09-13 02:00:00,4.251528,20.136540527438513,5.535428474185741,6.050737,9.153642654418945
2024-09-13 03:00:00,2.744,9.454727980048474,3.396404464999396,3.4451087,5.97430419921875
2024-09-13 04:00:00,2.0483830000000003,-3.4564137464374483,2.5618046263427163,2.493085,5.193384170532227
2024-09-13 05:00:00,2.0483830000000003,-14.087939206648528,1.9223618948551264,1.9112494,4.607677459716797
2024-09-13 06:00:00,3.723875000000001,-18.311909214438586,2.725398335674697,2.7481387,4.706825256347656
2024-09-13 07:00:00,36.926037,-5.173840423141613,6.082292005351531,5.9343104,4.854471206665039
2024-09-13 08:00:00,140.608,96.62139279127997,67.64755742965608,80.20454,8.198013305664062
2024-09-13 09:00:00,347.42892700000004,188.86298244549482,233.92907046104105,224.03004,101.53326416015625
2024-09-13 10:00:00,496.793088,282.25923099635605,416.87071346333346,369.5986,174.37210083007812
2024-09-13 11:00:00,371.694959,317.94247078035534,622.8284906477521,587.5119,283.6842041015625
2024-09-13 12:00:00,251.239591,252.3091813404941,332.3824217387498,323.10556,239.381591796875
2024-09-13 13:00:00,274.625,221.72857345886285,169.16254212999996,151.12413,68.05436706542969
2024-09-13 14:00:00,300.76300000000003,215.39432760307653,231.05260109136142,215.31026,113.02900695800781
2024-09-13 15:00:00,220.348864,195.2641402796047,226.21808378000006,202.12225,256.1551513671875
2024-09-13 16:00:00,103.823,162.87034787403945,163.97411218868777,152.98288,109.08732604980469
2024-09-13 17:00:00,26.463592,116.93081937684913,72.10198486071587,49.395245,28.37746810913086
2024-09-13 18:00:00,5.6397520000000005,59.735008467722636,16.67276254518837,12.916331,33.50501251220703
2024-09-13 19:00:00,3.241792,31.762147749439194,5.678112014721088,3.9582584,10.501092910766602
2024-09-13 20:00:00,1.953125,27.089560133168774,2.586412072302437,3.3661048,3.4883270263671875
2024-09-13 21:00:00,1.191016,11.267016951227617,3.9340817075310714,2.0707693,0.5887870788574219
2024-09-13 22:00:00,0.7049690000000001,-4.871581142664738,1.1925520554335323,1.1388849,0.8633613586425781
2024-09-13 23:00:00,0.3429999999999999,-14.992401265705467,0.7405333431847662,0.9251309,-0.5372428894042969
2024-09-14 00:00:00,0.438976,-20.092439658444434,0.6671408974280187,0.5952603,-1.4713821411132812
2024-09-14 01:00:00,0.8043570000000001,-18.40438637894438,1.0710364506329497,0.7725174,-1.7365875244140625
2024-09-14 02:00:00,1.685159,-8.777113525446737,1.4830109020421032,1.0452971,-0.9357376098632812
2024-09-14 03:00:00,3.0486249999999995,-0.289231642188156,2.832655846420419,1.8318799,-0.04871368408203125
2024-09-14 04:00:00,4.096000000000001,3.2904515040856097,4.956096636810008,3.441032,2.102142333984375
2024-09-14 05:00:00,5.929741000000001,0.16603027194190645,6.364783632787102,3.9992886,4.068273544311523
2024-09-14 06:00:00,4.657462999999999,10.430223854612493,9.565326304001147,8.220881,5.493093490600586
2024-09-14 07:00:00,12.649337,3.459819036598901,5.144851295076681,6.514172,7.914176940917969
2024-09-14 08:00:00,33.698267,49.18433149942989,35.00485856716697,43.53209,12.07298469543457
2024-09-14 09:00:00,50.243409,87.63974748360918,50.099070188079786,55.504356,37.959163665771484
2024-09-14 10:00:00,52.31362400000001,88.84402996688839,65.2342194408479,60.69549,51.03527069091797
2024-09-14 11:00:00,51.064811,82.99492583607143,54.38007769089486,47.49575,68.75894927978516
2024-09-14 12:00:00,55.306341,78.7630142870381,49.402098260985206,50.720306,51.76931381225586
2024-09-14 13:00:00,63.044792,68.43056255732132,54.84761559660348,54.770123,55.28909683227539
2024-09-14 14:00:00,64.96480799999998,78.7426822248389,69.87379312752343,68.67036,60.598793029785156
2024-09-14 15:00:00,60.698457000000005,68.60235496261122,57.37670891425111,57.893635,53.17039489746094
2024-09-14 16:00:00,42.875,44.92145939622414,43.63120480980382,41.946583,30.721240997314453
2024-09-14 17:00:00,14.348907000000002,21.671908662263107,15.291933874512667,13.877554,13.280298233032227
2024-09-14 18:00:00,4.741631999999999,-2.482795098912902,10.65385889583741,9.883157,7.425865173339844
2024-09-14 19:00:00,3.796416,-9.491175688305518,2.8120747868752987,2.6212192,3.8170623779296875
2024-09-14 20:00:00,3.723875000000001,-5.682261390056908,3.4641422994275843,3.7146883,2.993114471435547
2024-09-14 21:00:00,3.944312000000001,-8.087796999509123,3.794544484987287,3.6135452,5.60777473449707
2024-09-14 22:00:00,4.251528,-4.571363871983209,4.297648914538849,4.148935,4.123586654663086
2024-09-14 23:00:00,4.330746999999999,-1.1219068194447317,4.36497413159202,4.09377,5.113645553588867
2024-09-15 00:00:00,4.019679000000001,2.087990355037576,4.5751651826621496,4.346292,5.04020881652832
2024-09-15 01:00:00,3.869893,3.597415500683553,4.012923263133627,3.7202897,5.967342376708984
2024-09-15 02:00:00,4.019679000000001,5.831740474635907,3.971154895225153,3.4773285,4.060602188110352
2024-09-15 03:00:00,3.581577,5.727123596101322,4.2066300858022085,3.911662,4.487600326538086
2024-09-15 04:00:00,2.8632879999999994,-1.1169622011884854,3.603450198716187,3.200802,4.109724044799805
2024-09-15 05:00:00,2.1466890000000003,-10.450296869717192,3.3316134016170236,2.6732879,4.92210578918457
2024-09-15 06:00:00,1.0612080000000002,-17.972120439848013,2.7916408030276885,2.559207,4.878030776977539
2024-09-15 07:00:00,4.330746999999999,-19.00595859733265,1.5793959748644621,2.2597084,5.785915374755859
2024-09-15 08:00:00,18.191447,12.671772758995147,12.643431891418158,11.964268,7.626010894775391
2024-09-15 09:00:00,29.503629,53.64416531588493,36.95072959499043,34.076077,22.11539077758789
2024-09-15 10:00:00,37.93305599999999,59.552044170458075,37.04019994007554,34.92322,40.17792892456055
2024-09-15 11:00:00,51.064811,72.14794149865666,44.70187179646057,44.68807,46.53696060180664
2024-09-15 12:00:00,70.95794399999998,90.32815764074165,60.20607480173301,60.2279,51.85133361816406
2024-09-15 13:00:00,88.121125,100.73072915915294,85.1871985490258,89.38743,70.44770050048828
2024-09-15 14:00:00,97.33599999999998,102.99322858036997,96.65411976882682,92.49791,89.46807861328125
2024-09-15 15:00:00,101.194696,96.98646950846346,74.81504465860986,70.16099,73.66607666015625
2024-09-15 16:00:00,81.74650399999999,93.02475142935414,60.983360471142234,54.429813,54.52443313598633
2024-09-15 17:00:00,34.965783,72.85916034533473,33.59136363527958,34.57946,31.941730499267578
2024-09-15 18:00:00,15.813250999999996,35.71906905693184,23.636825921255973,13.72173,11.439258575439453
2024-09-15 19:00:00,12.812903999999998,29.49389103291135,12.1981328767628,11.506142,5.23698616027832
2024-09-15 20:00:00,9.800344,27.81574838622454,10.996595797483806,10.774262,5.572572708129883
2024-09-15 21:00:00,8.120600999999997,17.71509243766272,8.546301747224206,8.680558,10.351051330566406
2024-09-15 22:00:00,6.967870999999999,13.395787213259439,7.457940029126819,7.3901167,7.839239120483398
2024-09-15 23:00:00,6.331625000000001,8.759061956918273,6.286378436716109,6.5936584,7.399223327636719
2024-09-16 00:00:00,6.128487000000001,8.763927369313365,5.984169405732108,5.7660875,7.034820556640625
2024-09-16 01:00:00,6.128487000000001,7.195423992762599,6.318649339052204,6.3894963,7.843744277954102
2024-09-16 02:00:00,6.751268999999999,9.763875861887584,6.472594784450667,6.2947397,6.230474472045898
2024-09-16 03:00:00,7.414874999999999,10.974555208069873,7.240132046380999,7.3912272,3.8739356994628906
2024-09-16 04:00:00,8.0,9.546389084745627,8.345006267073648,7.7333593,4.900745391845703
2024-09-16 05:00:00,8.242408,5.903795394282355,8.49157140863485,8.342924,7.206367492675781
2024-09-16 06:00:00,5.832000000000001,3.051571066999145,8.099642949007418,8.403357,10.769020080566406
2024-09-16 07:00:00,20.570824000000005,0.9250081827432837,5.381313804460688,8.638471,13.630121231079102
2024-09-16 08:00:00,42.875,61.01420817477303,46.71465144551361,49.36674,18.486892700195312
2024-09-16 09:00:00,64.48120099999998,82.32220883147632,59.976757732965744,58.438366,71.86529541015625
2024-09-16 10:00:00,67.91731200000001,99.81433062939475,80.07788481899564,84.76414,72.78819274902344
2024-09-16 11:00:00,63.044792,98.58230629673197,67.91066927900683,73.15987,106.10383605957031
2024-09-16 12:00:00,60.236288,91.57918269575673,56.6020325123284,63.698215,77.85221862792969
2024-09-16 13:00:00,64.96480799999998,83.57750094358558,49.97693341322395,56.3023,68.15065002441406
2024-09-16 14:00:00,68.92099999999998,78.59726823724945,63.2398661422736,68.729195,72.3902587890625
2024-09-16 15:00:00,71.991296,59.777890990763055,63.13331483933589,61.826134,64.49784088134766
2024-09-16 16:00:00,66.43012499999999,50.02591174181127,54.89239780473508,54.526928,53.209259033203125
2024-09-16 17:00:00,29.218112,42.51771971478662,26.545796965873556,24.76905,24.29683494567871
2024-09-16 18:00:00,12.166999999999998,13.852468074014837,16.382000528933315,16.184662,14.761802673339844
2024-09-16 19:00:00,9.261,8.466993986558805,11.068746347731995,10.370454,8.847677230834961
2024-09-16 20:00:00,7.301384,21.13579061072518,7.890985041414108,8.038424,6.888545989990234
2024-09-16 21:00:00,6.331625000000001,17.719332401101994,6.346278693139226,6.387286,7.089134216308594
2024-09-16 22:00:00,6.331625000000001,14.872755078485795,5.646736845937325,5.4623523,6.108541488647461
2024-09-16 23:00:00,6.539203000000001,15.099133648032947,6.355873057890841,6.435369,5.837518692016602
2024-09-17 00:00:00,6.644671999999999,12.131479119306618,6.994866306323379,6.5834527,5.441686630249023
2024-09-17 01:00:00,6.858999999999999,8.816461568519415,6.879816195604987,6.470563,5.463525772094727
2024-09-17 02:00:00,7.301384,9.641689306948933,7.726780105293306,7.0221057,4.053064346313477
2024-09-17 03:00:00,6.751268999999999,13.310209155188986,8.19584181968957,6.835103,5.283805847167969
2024-09-17 04:00:00,6.128487000000001,10.62429989308707,6.255021159787159,6.305697,6.066642761230469
2024-09-17 05:00:00,6.229504,6.747405674178111,6.116684161550333,5.9583244,6.73066520690918
2024-09-17 06:00:00,4.019679000000001,6.386624334227747,6.429898916974623,5.774839,5.141698837280273
2024-09-17 07:00:00,3.581577,0.1932221410359034,3.874248879672566,5.5258393,5.627845764160156
2024-09-17 08:00:00,4.912999999999999,2.145815596521956,6.441463730508402,8.721188,9.42764663696289
2024-09-17 09:00:00,6.539203000000001,-3.7440936580722735,11.672583173369123,11.872689,14.669326782226562
2024-09-17 10:00:00,6.967870999999999,-15.636222896572448,11.18297950804204,12.70223,19.992074966430664
2024-09-17 11:00:00,6.434856000000001,-19.47592190203892,10.916452315847264,10.675353,19.209104537963867
2024-09-17 12:00:00,7.880599,-24.63795678445568,9.464383017158827,9.647842,15.97846794128418
2024-09-17 13:00:00,13.823999999999998,-21.533544263881268,10.93288558307331,12.716221,13.149105072021484
2024-09-17 14:00:00,21.717639,-0.12605685816075152,22.08637858957226,20.83412,13.150468826293945
2024-09-17 15:00:00,24.642171000000005,8.084396144601058,28.24964417578797,27.371767,19.625619888305664
2024-09-17 16:00:00,14.706125000000004,4.186611722016863,23.02721725363451,21.664341,17.793033599853516
2024-09-17 17:00:00,7.301384,-10.936923132885724,8.698454103013358,8.051041,10.065839767456055
2024-09-17 18:00:00,2.5154560000000004,-10.605165179296563,4.749111637069436,3.5091379,3.788330078125
2024-09-17 19:00:00,1.157625,-14.715211263606108,1.5613668696746772,1.3581558,2.7666168212890625
2024-09-17 20:00:00,0.157464,-9.421689804311626,0.9818457093162725,1.4505597,2.4779739379882812
2024-09-17 21:00:00,0.015625,-23.201747763005272,0.35682115256923663,0.48711056,2.261363983154297
2024-09-17 22:00:00,0.2159999999999999,-27.050757283406526,0.3255740542234872,0.33820492,1.2832145690917969
2024-09-17 23:00:00,0.8043570000000001,-6.183405843839196,0.38328376228434174,0.5324295,0.6677131652832031
2024-09-18 00:00:00,0.8573749999999999,-0.864832433490875,1.5616191244713016,1.2986661,1.2142829895019531
2024-09-18 01:00:00,0.681472,-12.84348787501554,1.1213810965339612,0.977074,2.128814697265625
2024-09-18 02:00:00,0.8043570000000001,-15.216895076896506,0.8116014144359163,0.8018176,2.232208251953125
2024-09-18 03:00:00,1.2950290000000002,-8.297918392378108,1.010780134155013,0.9189656,2.229766845703125
2024-09-18 04:00:00,1.860867,-6.227296805205754,1.7128994981075705,1.4930068,2.5175514221191406
2024-09-18 05:00:00,2.803221,-9.860558208511137,2.208917685342736,1.7564712,3.363445281982422
2024-09-18 06:00:00,2.4061040000000005,-7.102971269053455,3.629804036239341,3.6754127,3.822254180908203
2024-09-18 07:00:00,3.112136,-2.8552913172737107,3.884885985336407,3.7417948,5.186456680297852
2024-09-18 08:00:00,5.735339000000001,0.12372323520699524,5.739480782940318,5.0717087,5.572658538818359
2024-09-18 09:00:00,10.360232000000002,6.915235005252626,12.427296642819767,11.337225,9.91215705871582
2024-09-18 10:00:00,15.625,10.090516128408964,14.394604325335042,14.769425,12.54648208618164
2024-09-18 11:00:00,27.543608,18.913019760930737,20.612137917317554,20.846216,15.819034576416016
2024-09-18 12:00:00,47.045881,44.29004594789227,38.45938914162395,37.163616,17.76708984375
2024-09-18 13:00:00,52.734375,69.87863787777938,64.85793150221457,63.020695,40.6989860534668
2024-09-18 14:00:00,39.651821000000005,60.86987707511905,53.51258257455671,55.476074,53.81092071533203
2024-09-18 15:00:00,18.821096000000004,39.93238663603553,31.93426080019695,29.007845,23.89437484741211
2024-09-18 16:00:00,6.128487000000001,15.446443010680497,8.56863685880657,8.25523,10.345396041870117
2024-09-18 17:00:00,1.6016129999999995,-8.153245932607888,2.89559425949,2.4306765,3.252513885498047
2024-09-18 18:00:00,2.248091,-20.08128753890503,1.0596596811622834,1.3660574,1.4560928344726562
2024-09-18 19:00:00,9.528128,-3.1945004184462533,3.4505174009649755,2.9029293,1.2236976623535156
2024-09-18 20:00:00,16.974592999999995,26.92345758988138,16.702822335158274,16.619247,3.559368133544922
2024-09-18 21:00:00,23.149125,34.260121636650936,21.933478325389665,19.365664,11.30827522277832
2024-09-18 22:00:00,28.934442999999995,51.21737151068554,25.157737462043706,26.169418,10.604207992553711
2024-09-18 23:00:00,29.503629,73.06543942664631,31.815181539968748,32.279743,14.104293823242188
2024-09-19 00:00:00,25.412184,72.65402629867016,28.037566189613184,27.973965,15.566513061523438
2024-09-19 01:00:00,20.570824000000005,52.78727322131785,26.462875845516404,23.471796,17.546546936035156
2024-09-19 02:00:00,15.625,43.84741726244765,17.65618020964323,17.81186,12.492622375488281
2024-09-19 03:00:00,12.326391,37.02283791348212,13.673259172729813,13.735669,10.210973739624023
2024-09-19 04:00:00,9.129328999999998,32.07538395101626,11.439858853976922,10.906897,9.342889785766602
2024-09-19 05:00:00,6.028568000000001,23.57362822804872,8.13529203882104,7.8695517,11.766942977905273
2024-09-19 06:00:00,3.241792,10.404368161044786,4.801385883587953,4.6672273,9.480110168457031
2024-09-19 07:00:00,2.803221,3.1010857736896185,2.802234290565675,3.1614382,7.454446792602539
2024-09-19 08:00:00,0.970299,7.4145938258379545,6.25362458051991,4.852609,6.560277938842773
2024-09-19 09:00:00,8.365426999999997,-16.379071471570583,5.4518894240684315,4.1210403,9.120391845703125
2024-09-19 10:00:00,15.625,30.718515802965342,21.169284392837454,19.957287,10.495315551757812
2024-09-19 11:00:00,16.003008,30.47538175491725,23.59538419361953,22.788155,31.60995101928711
2024-09-19 12:00:00,16.003008,21.291720276055216,17.51662478709424,15.444096,30.252500534057617
2024-09-19 13:00:00,16.974592999999995,16.432521801557755,16.616677417848308,14.77654,22.822322845458984
2024-09-19 14:00:00,20.346417,19.20937279024156,16.782279370816028,14.984072,20.847572326660156
2024-09-19 15:00:00,28.372625,15.856199752055971,24.424413884382826,21.741163,15.544736862182617
2024-09-19 16:00:00,26.730899000000004,23.246297113668547,30.274256545679187,29.29487,18.63103675842285
2024-09-19 17:00:00,13.481272,12.186570565595645,15.371524436539135,14.426364,19.7228946685791
2024-09-19 18:00:00,8.120600999999997,-7.892351032420123,8.551525727772875,9.501481,11.399822235107422
2024-09-19 19:00:00,8.0,0.7014959446326117,6.273344120808516,5.6844,5.8480377197265625
2024-09-19 20:00:00,7.645372999999999,12.548997087813703,7.6850976716914445,8.390995,5.553190231323242
2024-09-19 21:00:00,7.077887999999999,7.903104705593478,7.30521917121543,7.4325466,6.8000946044921875
2024-09-19 22:00:00,6.644671999999999,6.936462154258535,6.440948896219535,6.593759,5.013113021850586
2024-09-19 23:00:00,6.229504,6.835879941031308,5.986379426403312,5.9149284,5.463960647583008
2024-09-20 00:00:00,5.6397520000000005,3.5271119364748813,6.22618079138867,6.163448,5.171882629394531
2024-09-20 01:00:00,5.000210999999999,-6.000063187970937,5.837162523430679,5.70304,6.126441955566406
2024-09-20 02:00:00,4.826809,-8.9035164550463,4.6319099653214115,4.4035463,4.753887176513672
2024-09-20 03:00:00,4.574296,-10.354019165357641,4.397532007531233,4.522469,5.947319030761719
2024-09-20 04:00:00,4.826809,-12.032216400927496,4.220752369818264,4.172456,4.97749137878418
2024-09-20 05:00:00,5.177717,-12.00334096049184,4.5703259901891276,4.6402,5.548810958862305
2024-09-20 06:00:00,3.5118080000000003,-10.465471984891607,5.124556947375984,5.26304,4.235736846923828
2024-09-20 07:00:00,0.405224,-10.938367667067524,4.045435046171252,3.4366755,4.912883758544922
2024-09-20 08:00:00,2.3526370000000005,-34.325113267808845,2.3861197435864963,2.547725,5.650617599487305
2024-09-20 09:00:00,13.144256,-2.295770690449899,12.290670178610629,9.526039,8.73876953125
2024-09-20 10:00:00,28.652616,26.677447718287894,27.174239590194926,24.656225,18.640625
2024-09-20 11:00:00,39.304,56.83282932591207,43.33459347009809,41.18909,36.592437744140625
2024-09-20 12:00:00,45.499293,73.78653246774304,48.65541821963721,51.237312,57.74517059326172
2024-09-20 13:00:00,49.430863,82.57605670123884,49.832765099707146,49.599796,53.169456481933594
2024-09-20 14:00:00,49.027896000000005,87.60610018481937,51.49214555075491,52.99573,55.911067962646484
2024-09-20 15:00:00,45.882712000000005,68.38933766146083,40.15525666703213,43.85192,46.51369857788086
2024-09-20 16:00:00,34.64597599999999,39.34790666649367,32.21868439216336,34.46925,32.74747085571289
2024-09-20 17:00:00,12.977875,16.012254502132237,14.456288235514423,14.592924,13.28712272644043
2024-09-20 18:00:00,8.489664000000001,-8.30465405707254,7.801222603916577,9.46447,6.45697021484375
2024-09-20 19:00:00,7.189056999999999,6.986256563212194,6.9456637221260085,6.2532225,3.8798675537109375
2024-09-20 20:00:00,6.539203000000001,8.269749741702825,6.263777878273268,6.591975,5.333250045776367
2024-09-20 21:00:00,5.832000000000001,7.624828412082152,5.9038728166035375,5.946887,5.703493118286133
2024-09-20 22:00:00,5.451776,6.7510395928106135,5.776053094515217,5.9211307,5.195859909057617
2024-09-20 23:00:00,4.912999999999999,8.657150562851243,5.060041469603548,5.0975423,4.9583282470703125
2024-09-21 00:00:00,4.096000000000001,8.537944730484526,4.6692657330698175,4.3497396,4.5633697509765625
2024-09-21 01:00:00,2.985984,2.115577020502954,3.758921111442723,3.6173007,4.130266189575195
2024-09-21 02:00:00,1.953125,-2.117342478926872,2.7984229401219536,2.4674547,2.6191139221191406
2024-09-21 03:00:00,1.2597120000000002,-8.067539977491052,1.6971590340696037,1.6779466,2.5623397827148438
2024-09-21 04:00:00,1.0612080000000002,-16.057848148132365,1.270411029724723,1.2637368,2.049907684326172
2024-09-21 05:00:00,1.2597120000000002,-21.186321681608845,1.287853010443078,0.9319823,2.56146240234375
2024-09-21 06:00:00,1.0612080000000002,-19.441490635109346,1.6212172967599963,1.4012203,2.9350128173828125
2024-09-21 07:00:00,0.5120000000000001,-18.07549398842623,1.6139814612726484,2.6343806,4.672389984130859
2024-09-21 08:00:00,8.869742999999998,-37.198175161628356,4.273668946368974,4.165737,8.098564147949219
2024-09-21 09:00:00,19.902511,25.531367185045966,20.187359049900508,19.06928,11.6474609375
2024-09-21 10:00:00,27.543608,34.53296194932567,30.881724872361875,29.070814,29.54136848449707
2024-09-21 11:00:00,32.15743200000001,46.993696592192165,36.34614434181924,36.636467,42.993812561035156
2024-09-21 12:00:00,37.595375,56.28180062931206,35.93456944026293,38.330406,48.60161209106445
2024-09-21 13:00:00,44.361864,67.39392232672468,42.21473478792058,44.491524,41.591583251953125
2024-09-21 14:00:00,49.027896000000005,68.12988433797564,50.25157708838054,49.309692,49.608482360839844
2024-09-21 15:00:00,54.439939,54.61097876195332,43.37536859937654,46.331505,49.531646728515625
2024-09-21 16:00:00,49.836032,44.782917141383805,46.40825682527593,47.23533,40.562904357910156
2024-09-21 17:00:00,21.484952,31.832981960573377,20.177567203914883,20.028706,19.03535270690918
2024-09-21 18:00:00,8.998912,4.927722940551831,10.287628252716159,10.174788,10.191652297973633
2024-09-21 19:00:00,8.242408,7.971830529297932,6.212532127486892,5.5078435,4.94047737121582
2024-09-21 20:00:00,7.762391999999999,20.139746450872693,7.955706372233222,7.2857685,4.066415786743164
2024-09-21 21:00:00,7.189056999999999,15.58996748794975,7.4831275844617355,7.652015,5.493082046508789
2024-09-21 22:00:00,6.751268999999999,14.064319951625052,6.661808336390749,6.496064,4.694995880126953
2024-09-21 23:00:00,6.229504,10.588369686923926,6.297069276332005,6.621533,5.170269012451172
2024-09-22 00:00:00,5.451776,5.101633956259576,6.156797548608044,6.1479692,4.68403434753418
2024-09-22 01:00:00,4.574296,0.46914628910897704,5.060097062694771,4.928925,4.985443115234375
2024-09-22 02:00:00,4.019679000000001,-0.7815732482788178,4.087620540544755,3.9445484,3.162738800048828
2024-09-22 03:00:00,3.375,-3.00679739957954,3.932559030907364,3.8215945,3.7834854125976562
2024-09-22 04:00:00,2.6856189999999995,-8.490100213708018,3.1015382521976322,3.0573807,3.536670684814453
2024-09-22 05:00:00,2.3526370000000005,-14.428079907231648,3.140507017949089,2.76261,5.044839859008789
2024-09-22 06:00:00,1.815848,-15.44343683837647,3.1278922312958155,3.206958,4.841045379638672
2024-09-22 07:00:00,1.157625,-18.608780649775767,3.31440403930352,3.294711,6.850742340087891
2024-09-22 08:00:00,1.6430319999999998,-25.684838552501176,4.115370890205452,4.999695,10.713071823120117
2024-09-22 09:00:00,6.434856000000001,-30.395146954853274,5.021234007779491,5.316224,13.197479248046875
2024-09-22 10:00:00,15.625,-7.522268372127897,14.93176284640827,13.632999,18.039342880249023
2024-09-22 11:00:00,27.0,20.57360155021216,24.337596032165152,26.908674,23.5733642578125
2024-09-22 12:00:00,39.304,46.28869440803034,39.70337791465524,39.875256,35.657752990722656
2024-09-22 13:00:00,50.243409,69.97561946582876,51.01168910731218,51.46213,47.121639251708984
2024-09-22 14:00:00,54.439939,79.61700768936898,57.74907424934525,60.06135,56.88648223876953
2024-09-22 15:00:00,51.895117,69.35285710880216,52.53964690945635,52.612843,59.28023910522461
2024-09-22 16:00:00,41.781923000000006,43.68624924361414,37.81135886368258,37.01458,41.33399963378906
2024-09-22 17:00:00,14.706125000000004,29.20014485066757,18.131817993281643,16.99403,15.045175552368164
2024-09-22 18:00:00,6.229504,4.08010425397552,8.714226461540845,9.268988,7.850286483764648
2024-09-22 19:00:00,5.929741000000001,8.814267110915083,4.635640637284495,3.927647,3.638813018798828
2024-09-22 20:00:00,6.644671999999999,16.74874133605873,6.394629091277044,6.1134243,3.819202423095703
2024-09-22 21:00:00,7.301384,14.186098144525886,7.325272097497121,6.856749,4.903242111206055
2024-09-22 22:00:00,7.189056999999999,12.226597810559625,8.084508759070731,7.2837687,5.092325210571289
2024-09-22 23:00:00,6.751268999999999,9.59179805476326,6.680482028890659,6.6043,5.463132858276367
2024-09-23 00:00:00,6.028568000000001,7.971580720983511,6.2717535275338205,6.456938,5.216075897216797
2024-09-23 01:00:00,5.6397520000000005,7.18991096282133,5.966132000298386,5.6956506,4.9396820068359375
2024-09-23 02:00:00,5.177717,7.463092119610437,5.961067458630445,5.5226445,3.1938247680664062
2024-09-23 03:00:00,4.657462999999999,5.327168040298602,5.034461288742997,5.022619,5.40144157409668
2024-09-23 04:00:00,4.574296,3.763644439215554,4.186859653135923,4.154537,4.929664611816406
2024-09-23 05:00:00,5.088448,0.4581612865023459,4.260352328538986,4.3516784,6.452112197875977
2024-09-23 06:00:00,3.869893,2.1805484123706123,4.983806647545194,5.278805,4.940763473510742
2024-09-23 07:00:00,0.658503,-4.166077472911951,3.6228291239977493,3.6353145,5.879396438598633
2024-09-23 08:00:00,0.474552,-25.85872807961087,2.260339418738159,3.5168083,7.432134628295898
2024-09-23 09:00:00,5.359375,-24.73391249123577,4.092756822374367,3.696271,8.655580520629883
2024-09-23 10:00:00,12.487167999999995,4.68715590429133,13.198050758031325,15.216553,14.691638946533203
2024-09-23 11:00:00,17.373979,15.215132239151998,22.71604135538359,20.777367,24.14579200744629
2024-09-23 12:00:00,21.717639,28.539932010523202,22.36828327957417,22.296001,29.798168182373047
2024-09-23 13:00:00,26.198073000000004,40.98487558251203,24.656582633514855,24.729376,28.613691329956055
2024-09-23 14:00:00,30.664297,49.43653520974836,27.89160718706028,29.438532,25.514690399169922
2024-09-23 15:00:00,33.698267,43.35193581126238,31.011983237719217,32.676968,29.895559310913086
2024-09-23 16:00:00,27.818127,26.52658028826029,25.152014221446258,28.646303,22.42931365966797
2024-09-23 17:00:00,9.938375,10.625070324706371,14.81010669280536,14.116676,12.194082260131836
2024-09-23 18:00:00,7.529535999999999,-9.725706434519836,6.905796497323486,6.6760106,5.27580451965332
2024-09-23 19:00:00,7.301384,10.422363298458905,5.943651492538325,5.527522,2.3067665100097656
2024-09-23 20:00:00,7.529535999999999,11.861093010121664,6.6656080126373425,6.8986793,4.615764617919922
2024-09-23 21:00:00,7.301384,10.401725430135556,7.512200318373658,7.3180957,4.780893325805664
2024-09-23 22:00:00,6.229504,8.310834372140718,6.738798768751114,6.6755443,5.364950180053711
2024-09-23 23:00:00,5.451776,4.8602566110082535,5.66692663402856,5.5154734,5.557884216308594
2024-09-24 00:00:00,4.574296,5.194357017552704,4.959487525733344,5.0081506,5.58226203918457
2024-09-24 01:00:00,3.723875000000001,0.18406141989895275,4.101575955064044,4.0025344,5.670829772949219
2024-09-24 02:00:00,3.0486249999999995,-0.6076858787825756,3.5819196461382603,3.2563004,4.155012130737305
2024-09-24 03:00:00,3.442951,-2.934972319903281,2.8892281097273953,2.5267477,4.2430877685546875
2024-09-24 04:00:00,4.574296,-2.477147940094355,3.7509882032086166,3.4286106,3.1830978393554688
2024-09-24 05:00:00,5.735339000000001,-2.6914481376928023,5.575244075143993,5.067639,4.734289169311523
2024-09-24 06:00:00,4.173281000000001,1.0533903259520798,6.733457318972987,6.5525074,4.898347854614258
2024-09-24 07:00:00,2.5713530000000007,-3.0479366755695736,3.6442926115790497,3.8712513,7.341985702514648
2024-09-24 08:00:00,2.6280719999999995,-9.081034884353173,4.215794151398039,5.2731743,6.6560211181640625
2024-09-24 09:00:00,6.331625000000001,-19.67962480824646,7.862509621526587,6.327329,9.209470748901367
2024-09-24 10:00:00,8.365426999999997,-13.586068475696905,12.98405933890614,12.016339,14.596067428588867
2024-09-24 11:00:00,8.998912,-14.93971044836627,11.803617968943358,12.839537,19.556058883666992
2024-09-24 12:00:00,9.393930999999998,-13.51271579828554,12.067176525313032,10.552774,17.445035934448242
2024-09-24 13:00:00,11.390625,-8.805483547281668,11.240516306302341,9.286002,14.678352355957031
2024-09-24 14:00:00,14.348907000000002,-1.9130698394543089,15.8126377290799,12.937444,11.963552474975586
2024-09-24 15:00:00,16.581374999999998,-4.225878238957478,17.744871683506332,17.398668,12.953235626220703
2024-09-24 16:00:00,11.852351999999996,-15.850432750432375,18.44239794076554,16.692032,10.630332946777344
2024-09-24 17:00:00,5.6397520000000005,-27.70108200827407,6.691493347578715,5.8226705,6.944190979003906
2024-09-24 18:00:00,3.796416,-27.19397643840223,3.0346337753748265,2.4786997,2.5008888244628906
2024-09-24 19:00:00,2.924207,-15.192457075773902,2.88760985609099,2.9849064,1.2148551940917969
2024-09-24 20:00:00,2.4061040000000005,-9.271298204784543,2.6764396216760695,2.9215536,2.0915870666503906
2024-09-24 21:00:00,2.299968,-6.744641680219843,2.4131900932195283,2.8238623,2.0209922790527344
2024-09-24 22:00:00,1.5208749999999998,-6.450976538372174,2.4005639070922684,2.4825668,1.7399749755859375
2024-09-24 23:00:00,0.681472,-10.924555718030206,1.3294507256126036,1.5832037,2.0954246520996094
2024-09-25 00:00:00,0.287496,-19.77980889868445,0.7119555999067942,0.7795141,1.4621162414550781
2024-09-25 01:00:00,0.3579109999999999,-28.807484718550185,0.4900612925121866,0.4296038,1.1903190612792969
2024-09-25 02:00:00,0.250047,-25.6963001006974,0.6417879450551109,0.4827277,0.7750091552734375
2024-09-25 03:00:00,0.140608,-34.67383003659137,0.35573746061409983,0.44755378,1.3550949096679688
2024-09-25 04:00:00,0.175616,-42.424087973442326,0.3498328804584919,0.34472468,1.0623626708984375
2024-09-25 05:00:00,0.3285089999999999,-44.02871375925679,0.35396998794441004,0.21907122,1.1766242980957031
2024-09-25 06:00:00,0.3732479999999999,-37.9677436133659,0.6282719408593852,0.83212894,1.755889892578125
2024-09-25 07:00:00,0.0058319999999999,-33.22820382758634,1.9035693116877312,0.9635659,2.9187545776367188
2024-09-25 08:00:00,1.191016,-59.62794770280472,2.376695328669554,2.3499448,4.677928924560547
2024-09-25 09:00:00,7.077887999999999,-12.311391769517542,4.8248339294418905,4.908418,7.195459365844727
2024-09-25 10:00:00,18.609625,12.914246545026344,15.84148641567025,15.196375,12.34320068359375
2024-09-25 11:00:00,28.094464,45.720121594855485,30.989932790668874,31.793398,18.896421432495117
2024-09-25 12:00:00,30.959144,63.423939088700266,37.657781246132544,35.52494,38.90776824951172
2024-09-25 13:00:00,28.652616,64.29632256121575,32.762752011982776,30.74582,42.39313888549805
2024-09-25 14:00:00,22.188041,49.69688057285414,25.164416522128075,25.575628,31.998865127563477
2024-09-25 15:00:00,14.526784,27.4409401538676,14.385563206557062,15.213315,20.50904655456543
2024-09-25 16:00:00,6.331625000000001,2.3353035090514425,7.682847104682656,8.225797,10.81300163269043
2024-09-25 17:00:00,3.0486249999999995,-17.119900766982127,2.6796507077687237,1.5004991,4.182178497314453
2024-09-25 18:00:00,2.299968,-14.572042271814453,1.5576345880944418,1.0883701,0.6809463500976562
2024-09-25 19:00:00,2.299968,-10.047680774115648,2.3780393066974352,2.3929033,0.8803329467773438
2024-09-25 20:00:00,2.924207,-13.352863271155655,2.8847054377484755,2.8260992,1.814666748046875
2024-09-25 21:00:00,5.451776,-11.72198171912676,3.2965691286646064,3.2247832,1.9976348876953125
2024-09-25 22:00:00,6.229504,5.274084062920352,7.004150493817408,7.4025187,2.048694610595703
2024-09-25 23:00:00,5.359375,12.310096849296912,6.686294810313764,6.129939,4.000724792480469
2024-09-26 00:00:00,5.000210999999999,8.706948207157154,4.953138446485311,5.0575833,3.594493865966797
2024-09-26 01:00:00,5.735339000000001,4.7238346498922965,4.694895084428455,4.4512005,4.5058746337890625
2024-09-26 02:00:00,8.120600999999997,9.226867338565086,6.417375994698228,6.141997,2.9496116638183594
2024-09-26 03:00:00,12.326391,18.390076657297683,11.035751138765443,8.461614,5.540277481079102
2024-09-26 04:00:00,16.387064000000002,32.66819529703024,21.360128793549507,15.466797,5.914218902587891
2024-09-26 05:00:00,13.651919,44.114742370324436,18.924485323543816,18.143904,18.14847755432129
2024-09-26 06:00:00,17.373979,32.80335556250522,12.170244516535792,14.257727,19.975847244262695
2024-09-26 07:00:00,34.64597599999999,48.550653356396694,17.161817906454615,24.32375,21.21420669555664
2024-09-26 08:00:00,51.064811,79.99649847098569,51.52851201608132,49.74046,33.04109573364258
2024-09-26 09:00:00,45.118016,84.62779799678638,61.05965351496863,69.992096,83.33348083496094
2024-09-26 10:00:00,36.264691,61.51280581375586,42.22441421754021,38.962944,59.68791198730469
2024-09-26 11:00:00,31.255875,45.73765835325135,27.80639615266101,28.36346,32.14628982543945
2024-09-26 12:00:00,23.639903000000004,33.880974229933415,27.061312412970274,28.12154,15.979839324951172
2024-09-26 13:00:00,14.706125000000004,12.69389713668241,15.426851377688804,17.248274,15.205511093139648
2024-09-26 14:00:00,9.129328999999998,-8.943087354980847,8.919946458396312,9.630363,11.581306457519531
2024-09-26 15:00:00,5.5452330000000005,-13.148760983608526,5.774082849642354,6.234057,8.439708709716797
2024-09-26 16:00:00,2.924207,-25.32179712739061,3.3712138905335944,4.090615,5.357913970947266
2024-09-26 17:00:00,0.970299,-37.00677872082575,1.9991726415672293,1.7199471,3.3735313415527344
2024-09-26 18:00:00,0.287496,-39.14899787198078,0.8870616123203405,0.31695068,2.054370880126953
2024-09-26 19:00:00,0.3285089999999999,-37.592925099590545,0.8604499293136209,0.8037016,1.2370071411132812
2024-09-26 20:00:00,1.906624,-22.902661723787602,1.0041929328038726,0.74191993,1.1289024353027344
2024-09-26 21:00:00,4.912999999999999,12.114264958844359,4.328189568247629,3.7253878,1.6673202514648438
2024-09-26 22:00:00,7.880599,27.020997265086194,7.048990361380134,8.04499,3.8965415954589844
2024-09-26 23:00:00,8.998912,38.43920900623941,10.019261614596745,9.741812,5.699363708496094
2024-09-27 00:00:00,8.615124999999997,41.94767681230046,9.329163517108226,9.025491,8.03068733215332
2024-09-27 01:00:00,8.242408,39.8562000919499,8.109059877590246,7.924239,7.819679260253906
2024-09-27 02:00:00,7.189056999999999,34.09216959202031,7.702958564516616,7.5932746,6.034727096557617
2024-09-27 03:00:00,5.6397520000000005,21.832633213996232,6.580642397206837,6.6336017,6.448139190673828
2024-09-27 04:00:00,2.6856189999999995,13.565122357067537,5.276976472426695,4.8529744,5.523307800292969
2024-09-27 05:00:00,1.0612080000000002,-2.3693514480420106,2.454574577456352,2.2983863,5.613229751586914
2024-09-27 06:00:00,0.6141249999999999,-14.86967267742068,1.219748600756972,1.3766553,3.5233535766601562
2024-09-27 07:00:00,0.091125,-19.5498491766633,1.587501845956636,1.3966974,3.194194793701172
2024-09-27 08:00:00,3.581577,-37.44634071271692,1.7515515802106307,1.1044376,4.502031326293945
2024-09-27 09:00:00,9.938375,15.232335510334266,11.440840577722627,10.621409,6.746784210205078
2024-09-27 10:00:00,14.526784,17.454594376936967,15.426347282096335,16.072903,14.289857864379883
2024-09-27 11:00:00,18.399744,24.660094560641184,19.829321582765598,18.031616,21.623214721679688
2024-09-27 12:00:00,25.153757,36.02121183255535,21.37234114375214,22.80236,24.801868438720703
2024-09-27 13:00:00,33.698267,50.14967868881088,31.239240034522773,28.036774,21.641826629638672
2024-09-27 14:00:00,35.28755199999999,51.99228897469523,37.71963029133757,34.82277,32.75349807739258
2024-09-27 15:00:00,31.554496000000004,52.92971061927925,31.95364401517086,32.352997,35.13471221923828
2024-09-27 16:00:00,19.902511,52.01740114386165,21.077320395697388,18.174532,18.327558517456055
2024-09-27 17:00:00,4.741631999999999,26.697710068618605,8.348191093026829,8.006965,10.341127395629883
2024-09-27 18:00:00,1.157625,-6.891597704855528,2.4583626011930577,1.8634531,5.035425186157227
2024-09-27 19:00:00,0.300763,-13.130550909360522,0.8586162249722789,0.20763552,2.119434356689453
2024-09-27 20:00:00,0.0740879999999999,-26.979350403030722,0.5354143330693012,0.7575745,2.417713165283203
2024-09-27 21:00:00,0.085184,-33.770533222029385,0.34284260255061966,0.4044541,1.6474189758300781
2024-09-27 22:00:00,0.132651,-31.608151789842225,0.3344636843731935,0.45853037,1.2597160339355469
2024-09-27 23:00:00,0.175616,-33.018522690612485,0.3547229638004823,0.50240713,1.3644561767578125
2024-09-28 00:00:00,0.1851929999999999,-32.562975763884836,0.3517789416854737,0.39903617,1.1410598754882812
2024-09-28 01:00:00,0.1851929999999999,-38.45532962999512,0.3517789416854737,0.3784655,1.1228103637695312
2024-09-28 02:00:00,0.140608,-34.04006377497409,0.3517789416854737,0.3771508,1.0108566284179688
2024-09-28 03:00:00,0.175616,-37.643713232380776,0.3498328804584919,0.3633462,1.0169486999511719
2024-09-28 04:00:00,0.262144,-39.032941639272664,0.3517789416854737,0.35983118,0.8973541259765625
2024-09-28 05:00:00,0.438976,-39.9580750212416,0.41806110543399916,0.32677054,1.4747123718261719
2024-09-28 06:00:00,0.3579109999999999,-37.07441205570731,1.2199933142918575,0.96477145,2.1998062133789062
2024-09-28 07:00:00,0.5927039999999999,-42.9802874755007,3.004634821142213,1.6427585,3.5596885681152344
2024-09-28 08:00:00,3.307949,-36.22790867438202,3.4882651187728597,4.2025623,5.467132568359375
2024-09-28 09:00:00,14.706125000000004,-9.530094313699848,10.745915311252272,10.514187,10.391519546508789
2024-09-28 10:00:00,36.264691,36.54839031228077,26.010705243293724,26.370161,17.355438232421875
2024-09-28 11:00:00,52.31362400000001,79.12301159814639,54.1973256313968,59.32159,39.600341796875
2024-09-28 12:00:00,58.86386900000001,95.21755244624605,65.08639491489824,64.631134,72.47053527832031
2024-09-28 13:00:00,58.411072,98.65780770904503,63.98496021241588,66.63051,69.74352264404297
2024-09-28 14:00:00,49.430863,89.3533290522454,51.12666811970241,54.114326,56.65190887451172
2024-09-28 15:00:00,36.264691,60.77270287267014,38.25225234731957,37.636654,47.46442794799805
2024-09-28 16:00:00,19.034163,30.0949948259411,20.684201825381855,20.87829,24.41532325744629
2024-09-28 17:00:00,5.832000000000001,4.271122012648362,8.067788082852775,6.801695,7.349506378173828
2024-09-28 18:00:00,2.803221,-16.684375253603363,3.394208404483996,2.0231202,2.3538131713867188
2024-09-28 19:00:00,0.912673,-14.331345949201861,1.6800268931597273,2.0576422,1.7165565490722656
2024-09-28 20:00:00,0.493039,-28.186480282574053,0.8375630194651856,1.3551129,2.684539794921875
2024-09-28 21:00:00,0.8043570000000001,-25.9300743131719,0.7409107230797243,0.9935089,1.9363479614257812
2024-09-28 22:00:00,1.124864,-18.85663691732755,1.166666377689782,1.3301764,1.720062255859375
2024-09-28 23:00:00,1.3310000000000004,-13.819668873351318,1.5082945718763876,1.584502,2.5326499938964844
2024-09-29 00:00:00,1.4428969999999997,-14.630831484644574,1.5637421189176721,1.7961923,2.729869842529297
2024-09-29 01:00:00,1.6430319999999998,-18.41564310051453,1.4726988507952683,1.479613,3.205883026123047
2024-09-29 02:00:00,2.0483830000000003,-13.898577517728114,1.9773429966615739,1.7857606,2.1920166015625
2024-09-29 03:00:00,2.1466890000000003,-11.086971589628234,2.229798047494403,2.0708144,2.535846710205078
2024-09-29 04:00:00,1.860867,-15.41158520367496,2.330190063404632,2.176179,2.692432403564453
2024-09-29 05:00:00,1.906624,-22.048156319073286,1.9685440673217633,1.6834053,3.615997314453125
2024-09-29 06:00:00,1.860867,-22.28567299272079,2.159989685907425,2.0795128,4.25792121887207
2024-09-29 07:00:00,4.096000000000001,-25.206655436923455,3.0502672907701873,2.5115778,6.292032241821289
2024-09-29 08:00:00,23.639903000000004,0.8284314870147682,10.724440953985832,8.980891,9.82290267944336
2024-09-29 09:00:00,47.045881,71.81535053182249,67.05031223369295,50.635403,18.93222427368164
2024-09-29 10:00:00,57.066625,89.04938066519965,66.8529568874258,65.79252,58.603919982910156
2024-09-29 11:00:00,63.52119900000001,94.9645022445144,71.22630223400526,70.98435,72.94175720214844
2024-09-29 12:00:00,68.41792899999999,101.14350846574716,70.03381974590052,66.69472,76.165283203125
2024-09-29 13:00:00,68.41792899999999,103.9504099920835,65.113592098084,74.738144,67.7745132446289
2024-09-29 14:00:00,60.236288,88.54132921349667,56.40264882846405,63.106937,71.1607666015625
2024-09-29 15:00:00,51.895117,60.8866686940472,47.14491577569261,46.41512,54.48468780517578
2024-09-29 16:00:00,35.611289,32.03711231122044,32.50914077920641,32.469616,27.879940032958984
2024-09-29 17:00:00,11.089567,6.531347371639399,12.51134799834669,12.11637,11.85862922668457
2024-09-29 18:00:00,9.261,-19.370652691477446,8.8088664020409,8.25485,6.198747634887695
2024-09-29 19:00:00,7.880599,2.564584476071346,8.324396336581934,7.548483,3.9388465881347656
2024-09-29 20:00:00,7.414874999999999,-2.776540701168827,7.371700168958783,7.6923847,5.299680709838867
2024-09-29 21:00:00,7.301384,2.464799928973221,7.0516128300667775,7.107444,7.810386657714844
2024-09-29 22:00:00,7.301384,5.180816720903124,6.738798768751114,6.6045985,6.892513275146484
2024-09-29 23:00:00,7.762391999999999,7.050815701260078,6.7986113833681125,6.624016,7.4466552734375
2024-09-30 00:00:00,8.615124999999997,10.51388587166467,7.8265167168206995,7.6739607,7.193559646606445
2024-09-30 01:00:00,9.938375,13.569561337947974,8.658480622689055,8.233252,7.561923980712891
2024-09-30 02:00:00,10.941048000000002,19.591322974504862,10.341055856076277,9.7128105,5.878253936767578
2024-09-30 03:00:00,12.008989,21.47419190093673,11.8757287456442,10.390291,10.494190216064453
2024-09-30 04:00:00,12.166999999999998,21.613104071767523,13.74563177538126,12.002006,11.237312316894531
2024-09-30 05:00:00,12.166999999999998,18.20282386584968,11.623548203363466,11.837162,16.344867706298828
2024-09-30 06:00:00,7.762391999999999,20.62532264246586,11.748244245833243,12.301372,15.219161987304688
2024-09-30 07:00:00,11.543175999999995,8.49094994255907,7.16918070541783,7.180728,18.499393463134766
2024-09-30 08:00:00,32.461759,27.601045431994166,19.8895285509176,19.545752,16.40718650817871
2024-09-30 09:00:00,47.43792800000001,68.11462410050642,51.59906087083164,47.59265,41.9879035949707
2024-09-30 10:00:00,60.236288,69.39014276700645,58.73386009510737,60.842697,55.821868896484375
2024-09-30 11:00:00,80.06299099999998,84.4493803752831,71.986937599398,69.33905,66.63887023925781
2024-09-30 12:00:00,103.16170900000004,104.24459110682038,96.93982683335547,102.68637,82.5023193359375
2024-09-30 13:00:00,122.76347299999998,124.2374337840099,126.62974468168899,125.788734,101.29280090332031
2024-09-30 14:00:00,128.787625,124.88107358031853,124.71193388703966,125.91161,121.46907043457031
2024-09-30 15:00:00,118.370771,113.86515203235233,116.10559741955316,116.52426,104.2247314453125
2024-09-30 16:00:00,77.30877599999998,87.53971227330611,85.81131240121039,83.09823,63.78436279296875
2024-09-30 17:00:00,22.665187000000003,49.754104552493445,26.27129789245796,25.662067,28.280601501464844
2024-09-30 18:00:00,13.144256,15.95127826080315,14.03824120183152,14.360792,15.812519073486328
2024-09-30 19:00:00,11.390625,35.150466180264615,11.313443490486065,10.213349,12.24608039855957
2024-09-30 20:00:00,10.503459,36.86032807110648,10.243729401370606,10.346386,9.019136428833008
2024-09-30 21:00:00,9.261,34.8168055967338,9.516555015185476,9.949856,10.150482177734375
2024-09-30 22:00:00,8.0,29.250293794334638,9.00011630446369,8.221484,8.295686721801758
2024-09-30 23:00:00,7.414874999999999,22.31889950019992,7.8355321177353865,7.397642,7.191112518310547
2024-10-01 00:00:00,7.645372999999999,22.248586379314744,7.009864807391117,6.6444774,6.381549835205078
2024-10-01 01:00:00,8.998912,24.26531449199753,7.405658815390286,6.9090014,6.849309921264648
2024-10-01 02:00:00,9.528128,30.36587482155214,9.642131343661953,8.97684,6.047018051147461
2024-10-01 03:00:00,8.998912,27.884116372747215,12.620515833934348,9.68869,7.791006088256836
2024-10-01 04:00:00,7.880599,21.849580418713444,10.584069612594039,9.191513,8.47007942199707
2024-10-01 05:00:00,7.645372999999999,14.11644939232292,8.742451893647186,8.228173,8.168766021728516
2024-10-01 06:00:00,4.826809,12.628438512130899,8.11526768777423,10.033041,6.487710952758789
2024-10-01 07:00:00,16.194276999999996,-0.8731865469265045,4.412973610511915,6.5739365,12.35704231262207
2024-10-01 08:00:00,49.836032,49.602761761300556,42.62232567119252,45.238564,11.68812370300293
2024-10-01 09:00:00,70.95794399999998,98.57547540478366,78.49827194310835,78.65696,68.33668518066406
2024-10-01 10:00:00,87.52838400000002,103.05249868485281,95.66440218092794,96.9588,74.72111511230469
2024-10-01 11:00:00,109.902239,118.314228288114,105.51081607284341,104.89517,91.51687622070312
2024-10-01 12:00:00,134.217728,132.6142012476157,138.78789582041117,140.90733,121.57295227050781
2024-10-01 13:00:00,154.854153,142.85270866628912,147.60688762395392,151.55367,130.71444702148438
2024-10-01 14:00:00,165.46914900000002,138.77556596413666,162.49155703617652,163.40993,146.63821411132812
2024-10-01 15:00:00,151.41943700000002,128.53365705212195,148.34098097845322,149.38666,132.06886291503906
2024-10-01 16:00:00,96.702579,101.53850220127917,97.6302216833202,102.61521,81.8597183227539
2024-10-01 17:00:00,24.897088,66.17197120462124,36.351925336395105,30.372961,33.49943161010742
2024-10-01 18:00:00,15.813250999999996,22.29076326358721,16.796054271052157,17.338137,19.475162506103516
2024-10-01 19:00:00,14.706125000000004,42.40184921352737,13.465896232630934,12.850255,15.455169677734375
2024-10-01 20:00:00,13.997521000000004,41.80632909307748,13.710132192823199,13.460304,12.266376495361328
2024-10-01 21:00:00,13.481272,37.72184255963121,12.86093824213701,13.0764265,12.66830062866211
2024-10-01 22:00:00,13.144256,35.83811295336575,12.988137516902604,12.895599,10.222696304321289
2024-10-01 23:00:00,13.651919,33.53872195784662,12.46372386425586,12.244639,10.621410369873047
2024-10-02 00:00:00,13.144256,35.378138948962985,13.30270149617562,12.950575,10.824689865112305
2024-10-02 01:00:00,12.487167999999995,31.623062262304515,12.492525869448814,12.2304325,12.230520248413086
2024-10-02 02:00:00,12.008989,32.53080671182191,11.745364343271385,11.189982,10.421396255493164
2024-10-02 03:00:00,10.793861,30.226433888327946,11.438116459439309,11.41483,11.092496871948242
2024-10-02 04:00:00,9.261,24.538537755986326,9.512265181740215,9.338341,10.711715698242188
2024-10-02 05:00:00,7.645372999999999,17.731403460619816,9.85025175861815,8.154439,9.356046676635742
2024-10-02 06:00:00,5.359375,17.051291111126076,6.803273858817326,6.6893935,6.919820785522461
2024-10-02 07:00:00,4.574296,8.92638032627984,4.568847118331546,5.459988,8.565462112426758
2024-10-02 08:00:00,36.926037,7.4571579396535554,26.851079579238206,21.00676,13.878162384033203
2024-10-02 09:00:00,92.34540799999998,100.08995096192554,65.89324820402945,68.89238,38.1112174987793
2024-10-02 10:00:00,135.005697,136.39722472139687,131.70790645847472,129.62085,77.05498504638672
2024-10-02 11:00:00,167.28415099999998,160.34810869463485,175.39024148239864,166.75777,148.0592498779297
2024-10-02 12:00:00,189.11922400000003,179.33729168043158,185.34003498498762,185.92162,159.5596466064453
2024-10-02 13:00:00,191.102976,188.0734812007277,192.13645882625843,189.14313,188.7801055908203
2024-10-02 14:00:00,160.10300699999996,170.52034461176987,180.8769896322849,164.06815,156.52040100097656
2024-10-02 15:00:00,107.171875,132.27877787269688,120.5652361142322,111.04977,134.00038146972656
2024-10-02 16:00:00,43.614208,86.41917388736051,61.16563534305206,51.452236,45.38078308105469
2024-10-02 17:00:00,14.348907000000002,37.91039870384752,14.945094511088385,12.55199,21.221012115478516
2024-10-02 18:00:00,14.172488,18.01855315866844,13.086906001210014,12.739264,14.594480514526367
2024-10-02 19:00:00,13.144256,32.75281436901771,13.17157001743492,12.286083,11.868551254272461
2024-10-02 20:00:00,12.977875,20.87086150196795,12.319188301956366,12.905002,11.423093795776367
2024-10-02 21:00:00,12.649337,24.352644269549884,12.303086533513206,12.493288,13.349273681640625
2024-10-02 22:00:00,11.852351999999996,22.682732768640406,11.867496867917632,11.840633,10.913333892822266
2024-10-02 23:00:00,10.793861,24.801048188653894,11.383908874039616,11.745621,12.653911590576172
2024-10-03 00:00:00,10.077696,26.837514160319003,9.383250307092956,9.539745,11.26368522644043
2024-10-03 01:00:00,9.663596999999998,25.568872750823076,9.659001958454088,9.151511,11.432998657226562
2024-10-03 02:00:00,9.938375,24.517818349891016,9.41453545308132,8.941481,9.554374694824219
2024-10-03 03:00:00,9.393930999999998,22.59892038899939,9.988125933478592,9.392737,10.502490997314453
2024-10-03 04:00:00,8.489664000000001,16.187765999139245,9.022571046870302,8.849325,9.284208297729492
2024-10-03 05:00:00,7.645372999999999,14.236006831455,7.727875138685931,7.313844,9.576995849609375
2024-10-03 06:00:00,6.331625000000001,15.507105448420148,7.225306275271197,6.472489,7.154727935791016
2024-10-03 07:00:00,2.1466890000000003,10.211423257141547,4.756915078051554,5.531654,8.012943267822266
2024-10-03 08:00:00,5.929741000000001,-4.187169795816914,12.748235299130142,13.297809,11.641633987426758
2024-10-03 09:00:00,19.034163,20.894026638309796,21.87886250200934,19.120956,29.07566261291504
2024-10-03 10:00:00,29.218112,41.05821765729671,36.45383329656748,34.825054,40.53154754638672
2024-10-03 11:00:00,38.614472,45.94982527221039,39.90563602815442,39.21414,45.290313720703125
2024-10-03 12:00:00,50.243409,63.073926436832764,49.00610532282785,50.568752,46.25267028808594
2024-10-03 13:00:00,62.099136,79.90769663967113,58.64793593401788,59.515007,52.64145278930664
2024-10-03 14:00:00,65.939264,84.86662905042026,69.24600384516606,66.22008,63.3890495300293
2024-10-03 15:00:00,55.306341,74.9464339392119,59.750315142223684,59.928493,58.428131103515625
2024-10-03 16:00:00,31.855013,44.10461033909233,40.157022013494306,36.188084,31.402976989746094
2024-10-03 17:00:00,12.326391,14.868782432482192,11.761792537393857,9.575916,12.416816711425781
2024-10-03 18:00:00,10.503459,4.893537936512203,11.086603723019586,11.1741,8.900121688842773
2024-10-03 19:00:00,10.077696,18.52528875844571,8.97711734685415,8.822043,8.723203659057617
2024-10-03 20:00:00,11.390625,11.082496381187184,9.744441351554418,9.595533,9.521329879760742
2024-10-03 21:00:00,12.649337,12.757487713225927,12.059079747467438,11.4803,11.575870513916016
2024-10-03 22:00:00,12.812903999999998,18.29842133043931,12.80680332322131,12.705037,11.77140998840332
2024-10-03 23:00:00,12.166999999999998,22.211038159394533,12.319391949923718,12.219767,12.544189453125
2024-10-04 00:00:00,11.543175999999995,19.867826643420074,11.578961028756511,11.8383665,11.861135482788086
2024-10-04 01:00:00,10.218312999999998,20.46177505545255,10.83546826022062,10.547411,11.530132293701172
2024-10-04 02:00:00,10.648000000000003,18.916980029200715,9.157169595020752,9.333241,9.432369232177734
2024-10-04 03:00:00,12.166999999999998,17.54527200712144,10.550375464713186,9.936433,9.50103759765625
2024-10-04 04:00:00,13.481272,16.574695587681504,13.104560362486449,12.496575,9.813575744628906
2024-10-04 05:00:00,14.706125000000004,16.75024269161422,13.611352280191372,13.380224,12.990163803100586
2024-10-04 06:00:00,13.651919,20.36687280807027,15.017118971042823,14.373408,11.559961318969727
2024-10-04 07:00:00,10.077696,20.099176379016555,11.796456063669002,9.49034,11.840639114379883
2024-10-04 08:00:00,1.0,18.321319077373758,10.513083439626092,9.204991,9.154397964477539
2024-10-04 09:00:00,3.5118080000000003,-23.39188068267198,5.480052264284325,4.505894,18.77996826171875
2024-10-04 10:00:00,13.481272,3.9396175509086646,13.194097863109747,11.614541,12.541391372680664
2024-10-04 11:00:00,27.543608,22.192933573302398,23.955111420865336,23.991707,17.361013412475586
2024-10-04 12:00:00,36.926037,51.56293653959638,40.939109337320495,38.90981,30.87250518798828
2024-10-04 13:00:00,38.95821900000001,61.90499982754828,44.928787120410334,46.109917,46.190696716308594
2024-10-04 14:00:00,37.25970399999999,57.41141759747718,38.82686884199961,38.920662,38.291282653808594
2024-10-04 15:00:00,29.218112,50.02044257316233,30.49986586972299,30.640608,27.937103271484375
2024-10-04 16:00:00,17.373979,18.458349139466307,21.173580822382196,16.63859,16.996803283691406
2024-10-04 17:00:00,8.489664000000001,-6.745804315178162,8.48198512970253,7.711795,8.83697509765625
2024-10-04 18:00:00,7.189056999999999,-4.916062259971156,6.961344603200915,6.745596,6.741069793701172
2024-10-04 19:00:00,6.331625000000001,4.869920688317833,6.06759071848901,5.9004054,6.924083709716797
2024-10-04 20:00:00,6.331625000000001,-0.08720866268642169,5.657863826814375,5.8851337,7.628454208374023
2024-10-04 21:00:00,8.365426999999997,-1.0374402614233134,6.413515735536567,6.6747146,8.555082321166992
2024-10-04 22:00:00,11.239424000000003,6.1703394083253755,9.611215992634722,9.092607,8.82402229309082
2024-10-04 23:00:00,13.823999999999998,20.062120147726787,12.54624080557912,12.25186,9.384943008422852
2024-10-05 00:00:00,16.194276999999996,25.229570245013676,14.808957661815123,14.892189,11.208059310913086
2024-10-05 01:00:00,17.779580999999997,27.982993841941166,16.636219297104613,16.483334,13.102949142456055
2024-10-05 02:00:00,19.248832000000004,30.85884975448333,18.53353383138892,17.225079,13.004602432250977
2024-10-05 03:00:00,19.034163,32.49810197946728,18.655448923050532,18.136786,15.626405715942383
2024-10-05 04:00:00,17.576,29.831011259423192,17.943431126900762,17.491934,16.689002990722656
2024-10-05 05:00:00,15.813250999999996,29.025482302529568,16.41585422119879,15.843644,16.980552673339844
2024-10-05 06:00:00,12.487167999999995,26.4216763553717,14.624396239647362,14.344871,12.79432487487793
2024-10-05 07:00:00,4.657462999999999,18.657372055035594,10.528132616106552,9.216937,9.417932510375977
2024-10-05 08:00:00,1.6016129999999995,3.5197248552061353,3.2799148617594347,2.7817059,7.2118377685546875
2024-10-05 09:00:00,11.543175999999995,-4.88646351362901,6.468016973681574,3.9095654,9.996793746948242
2024-10-05 10:00:00,16.194276999999996,35.49264955124234,29.871164671750442,26.1336,13.888851165771484
2024-10-05 11:00:00,18.191447,12.724995075899699,22.754817964486804,20.943115,28.661827087402344
2024-10-05 12:00:00,17.373979,23.081651256205518,20.75939544218902,19.530954,23.47083282470703
2024-10-05 13:00:00,15.252992,19.011584921858784,17.648349804899144,15.7165785,20.540924072265625
2024-10-05 14:00:00,13.997521000000004,3.2132204503580937,13.068953922013348,11.219407,14.122600555419922
2024-10-05 15:00:00,11.390625,-6.527555946420932,9.316907323388687,10.444936,12.536001205444336
2024-10-05 16:00:00,7.414874999999999,-23.692589249414723,10.14078442102529,8.44812,9.71074104309082
2024-10-05 17:00:00,4.096000000000001,-37.63467227162886,4.591327334236189,3.753484,6.209035873413086
2024-10-05 18:00:00,3.375,-34.90230916240432,3.4113616774049493,3.2724895,4.51246452331543
2024-10-05 19:00:00,5.359375,-23.880236648875368,3.1374907298059713,3.7274692,4.852485656738281
2024-10-05 20:00:00,11.089567,-9.983678718788966,7.818412791561218,7.9564137,5.532711029052734
2024-10-05 21:00:00,17.984728,10.758368086303847,16.11485334756925,16.901777,9.606155395507812
2024-10-05 22:00:00,21.253933,35.29810761027217,22.83440955749549,21.80376,16.21151351928711
2024-10-05 23:00:00,21.951999999999995,49.42455057691156,22.017547728058936,21.34798,17.75951385498047
2024-10-06 00:00:00,22.188041,50.58050512122249,22.206993373889496,21.608198,18.322050094604492
2024-10-06 01:00:00,22.188041,50.242367611133275,22.243849392989215,21.324638,18.029008865356445
2024-10-06 02:00:00,17.373979,48.2585095099259,22.07635207630053,20.910734,15.739595413208008
2024-10-06 03:00:00,10.793861,35.98387211141052,14.526182474840152,14.704333,18.20229721069336
2024-10-06 04:00:00,6.434856000000001,25.743685906651038,8.265734534369042,8.475317,13.616325378417969
2024-10-06 05:00:00,1.771561,18.920492625630757,4.68730687785,4.905053,9.732662200927734
2024-10-06 06:00:00,0.3285089999999999,-2.0998112136364284,1.9137244447884014,1.485523,5.533672332763672
2024-10-06 07:00:00,1.092727,-15.654105908446098,1.7029059810134597,0.9556366,3.5845489501953125
2024-10-06 08:00:00,14.886936,12.24938277337256,3.8146223143701463,3.8533502,3.7020187377929688
2024-10-06 09:00:00,26.463592,62.26862571330399,31.54085313318519,36.278103,9.858434677124023
2024-10-06 10:00:00,36.926037,56.27297265682206,35.438857291925714,35.474617,30.938570022583008
2024-10-06 11:00:00,45.882712000000005,67.55791760199305,47.48461613520352,46.869267,39.1706428527832
2024-10-06 12:00:00,52.734375,86.09365124674157,52.78824772525958,49.625744,53.348121643066406
2024-10-06 13:00:00,58.86386900000001,92.07108309486158,58.5726601024905,59.91759,56.52766036987305
2024-10-06 14:00:00,67.41914300000002,81.16373645965503,59.94110305593387,59.66345,52.20530700683594
2024-10-06 15:00:00,68.41792899999999,79.88358808307775,60.08910743837016,60.602577,49.38932418823242
2024-10-06 16:00:00,42.50854900000001,69.38697047942911,44.71031409209136,42.10305,41.177486419677734
2024-10-06 17:00:00,17.576,36.76089067946201,14.865874189920287,13.886209,18.77256965637207
2024-10-06 18:00:00,17.984728,18.930811816403747,15.871390125900776,15.770769,14.24875259399414
2024-10-06 19:00:00,17.779580999999997,33.86770688937328,15.849581948123923,15.050887,11.60483169555664
2024-10-06 20:00:00,16.194276999999996,22.577884629419643,16.89961260094439,16.623022,13.564582824707031
2024-10-06 21:00:00,14.706125000000004,18.338872891673162,15.019100539391511,15.468592,15.008443832397461
2024-10-06 22:00:00,13.651919,15.926270241331466,13.881521472195935,14.201288,12.930536270141602
2024-10-06 23:00:00,12.008989,17.380720399688798,12.479292090900254,12.6829605,13.312063217163086
2024-10-07 00:00:00,10.218312999999998,15.57785802539712,11.19373910730438,11.161889,11.284812927246094
2024-10-07 01:00:00,8.998912,14.000338281579602,8.938217093869007,9.04763,10.41400146484375
2024-10-07 02:00:00,8.242408,13.224012718979992,8.18819515774559,8.119485,7.57356071472168
2024-10-07 03:00:00,8.120600999999997,10.545391056977422,7.607250117906956,7.4574323,8.782333374023438
2024-10-07 04:00:00,7.880599,7.030779045972693,7.848147845904885,7.813558,8.681377410888672
2024-10-07 05:00:00,7.762391999999999,3.236307459361143,7.611342640852392,7.7053614,9.05078125
2024-10-07 06:00:00,7.077887999999999,3.788342201471849,7.339672266691779,7.3979063,6.416528701782227
2024-10-07 07:00:00,2.3526370000000005,5.043555006420021,5.366236731276803,5.017901,5.143344879150391
2024-10-07 08:00:00,0.6141249999999999,-7.440537749622948,3.4394118403210956,3.7119093,4.102579116821289
2024-10-07 09:00:00,9.663596999999998,-16.128882505068617,6.043062182835293,6.2822227,7.797733306884766
2024-10-07 10:00:00,25.67237500000001,36.090450600563244,20.9007086458407,23.472902,14.466896057128906
2024-10-07 11:00:00,36.264691,51.8066824378774,42.93189137575957,36.971916,33.668052673339844
2024-10-07 12:00:00,39.304,71.00399541271231,46.83071603958075,45.095066,52.65138626098633
2024-10-07 13:00:00,41.781923000000006,70.98122809049853,43.61136632592332,43.443134,48.05460739135742
2024-10-07 14:00:00,43.614208,64.1201723014734,37.7735695633829,41.228813,37.8677864074707
2024-10-07 15:00:00,39.651821000000005,55.347133372008656,36.870608338412815,36.387928,33.02418899536133
2024-10-07 16:00:00,27.818127,29.605469098131735,27.159669020851453,24.32908,21.863513946533203
2024-10-07 17:00:00,12.166999999999998,9.762595647016695,13.286045036344463,11.147349,12.188308715820312
2024-10-07 18:00:00,11.697083,3.5541183838395938,11.378234966524378,11.054838,10.830829620361328
2024-10-07 19:00:00,11.239424000000003,24.042909015439037,11.265873845252674,10.39272,9.745983123779297
2024-10-07 20:00:00,10.503459,15.45184727330097,10.73023507413243,11.000174,11.226802825927734
2024-10-07 21:00:00,10.218312999999998,6.675291028232934,9.775775319871494,10.30098,10.741825103759766
2024-10-07 22:00:00,10.503459,9.523153748809676,9.840767812976448,10.0112095,10.277275085449219
2024-10-07 23:00:00,10.360232000000002,13.762972672179586,10.273397445699636,10.163508,9.948528289794922
2024-10-08 00:00:00,9.938375,12.703589342844381,9.817836176676547,9.864261,9.819053649902344
2024-10-08 01:00:00,9.663596999999998,10.315865787547594,9.572446680796553,9.161175,9.498828887939453
2024-10-08 02:00:00,9.663596999999998,10.8027387395653,9.533449952482592,9.231131,7.652471542358398
2024-10-08 03:00:00,9.393930999999998,9.140519428164495,9.75622623624482,9.274035,8.515090942382812
2024-10-08 04:00:00,8.741816,6.656624313436382,9.219370457075513,9.082655,7.958272933959961
2024-10-08 05:00:00,7.880599,3.799263756786189,8.065481206913292,7.7170396,9.166248321533203
2024-10-08 06:00:00,6.539203000000001,3.222178200656714,7.2709506835206446,7.1990395,6.719631195068359
2024-10-08 07:00:00,2.0483830000000003,0.4414288095670713,4.887927508792167,3.9898694,5.420816421508789
2024-10-08 08:00:00,0.493039,-12.520241323681532,2.0837893148048194,2.2826154,4.822160720825195
2024-10-08 09:00:00,3.944312000000001,-23.150850087927452,3.9584626552209023,3.4739094,7.749980926513672
2024-10-08 10:00:00,11.852351999999996,2.3535073985375305,11.097746465778245,10.599633,11.911701202392578
2024-10-08 11:00:00,18.399744,21.05950890812055,20.72479152853987,20.170527,18.783893585205078
2024-10-08 12:00:00,21.253933,31.146356055016227,24.448593132566142,24.719072,23.597091674804688
2024-10-08 13:00:00,22.188041,37.254707708195966,21.78269410724982,21.806635,31.06328582763672
2024-10-08 14:00:00,24.897088,37.20155172430235,21.326803373097288,20.804293,18.44395637512207
2024-10-08 15:00:00,25.153757,28.610599119829814,24.468172007384347,22.108332,17.409427642822266
2024-10-08 16:00:00,20.346417,14.553955454471492,17.405669452528983,15.890092,12.708499908447266
2024-10-08 17:00:00,11.852351999999996,4.136605916623907,11.625527081048041,10.8298,9.874580383300781
2024-10-08 18:00:00,12.487167999999995,5.435484226367535,11.158536846451245,10.858769,8.510583877563477
2024-10-08 19:00:00,11.697083,20.068381110539704,12.412125061004554,11.68519,8.29562759399414
2024-10-08 20:00:00,10.793861,8.529144209195081,11.410439446782936,11.499316,10.241392135620117
2024-10-08 21:00:00,9.938375,-1.1685360884030445,9.740404677381855,10.322004,9.024606704711914
2024-10-08 22:00:00,9.129328999999998,-1.2802782188355337,9.48646797691178,9.546385,9.11099624633789
2024-10-08 23:00:00,8.615124999999997,2.5864490734932275,8.590028146637758,8.743163,8.438438415527344
2024-10-09 00:00:00,8.242408,2.2020105760049375,8.066231419718111,8.035838,7.924751281738281
2024-10-09 01:00:00,8.0,0.0600946086100862,7.689715194398888,7.763023,8.416509628295898
2024-10-09 02:00:00,7.762391999999999,0.7154570801587994,7.763623991992876,8.003874,7.25079345703125
2024-10-09 03:00:00,7.301384,0.9893022582767657,7.471047555283029,7.5842395,8.195417404174805
2024-10-09 04:00:00,6.539203000000001,1.145065011798792,6.738655867794978,6.6673856,7.456912994384766
2024-10-09 05:00:00,6.028568000000001,1.3448925967063587,5.918584307482909,5.7003074,7.596149444580078
2024-10-09 06:00:00,5.268024,1.6768902735609714,5.998560301592701,5.7639937,5.39640998840332
2024-10-09 07:00:00,3.241792,-1.4367256392031749,4.635083972111434,3.9879353,5.001127243041992
2024-10-09 08:00:00,12.977875,-3.5373160923565763,3.4284313167525444,3.267829,5.366790771484375
2024-10-09 09:00:00,23.887872,47.702779054055426,28.232932499028685,31.433062,13.415042877197266
2024-10-09 10:00:00,37.595375,48.752927074128266,35.19258528056424,35.55135,35.99235916137695
2024-10-09 11:00:00,57.066625,70.21996093025847,49.44516134419586,49.89103,38.117095947265625
2024-10-09 12:00:00,79.50699999999999,96.29656476575785,75.83177030310657,75.33764,65.56900787353516
2024-10-09 13:00:00,99.252847,113.13011610829103,94.9684044066293,90.109,80.93035888671875
2024-10-09 14:00:00,106.49642400000002,118.65900381913964,98.40186571520051,101.58005,84.924072265625
2024-10-09 15:00:00,91.125,110.1516503304501,92.87464995564935,89.83107,82.11215209960938
2024-10-09 16:00:00,46.656000000000006,81.41538083578409,47.378327526430894,39.732876,42.465576171875
2024-10-09 17:00:00,17.576,40.58340504833886,15.017150963319644,14.64958,17.894500732421875
2024-10-09 18:00:00,18.191447,23.395352356804423,15.942098776365738,15.414777,13.83222770690918
2024-10-09 19:00:00,17.373979,38.48648391681037,16.283454699391893,16.323597,12.099031448364258
2024-10-09 20:00:00,16.003008,24.539782819472677,16.699212282544032,16.513704,14.171173095703125
2024-10-09 21:00:00,14.348907000000002,18.442641152768374,14.892743826289779,15.25485,14.559946060180664
2024-10-09 22:00:00,12.812903999999998,13.673468668131292,13.401732851603446,13.844631,11.033563613891602
2024-10-09 23:00:00,10.648000000000003,13.861273539693357,11.684552609456809,11.566026,11.197994232177734
2024-10-10 00:00:00,9.938375,10.530458069412902,9.174629109334298,9.777872,9.486021041870117
2024-10-10 01:00:00,10.077696,7.366901236960771,9.51246236893677,9.34519,9.785484313964844
2024-10-10 02:00:00,10.793861,8.273411003109615,10.020694076664205,9.550244,8.936790466308594
2024-10-10 03:00:00,11.390625,8.78360151446985,10.778803069913755,10.180412,11.662351608276367
2024-10-10 04:00:00,11.697083,8.406250329150652,11.82304772657016,11.104984,11.429817199707031
2024-10-10 05:00:00,11.852351999999996,10.492268350926807,11.32625535498641,11.04118,10.912424087524414
2024-10-10 06:00:00,10.218312999999998,12.856484279504471,11.750011847224258,11.344905,8.385599136352539
2024-10-10 07:00:00,5.6397520000000005,5.769343263818257,7.801903889708611,7.3067265,7.693853378295898
2024-10-10 08:00:00,14.526784,3.5423638747246713,5.332965500332192,8.241277,8.349523544311523
2024-10-10 09:00:00,23.393656,45.534697424280594,29.27764423108946,37.26511,28.869321823120117
2024-10-10 10:00:00,35.28755199999999,43.61908176710311,34.171848936546695,33.840195,41.80714416503906
2024-10-10 11:00:00,57.066625,58.70945797912147,48.813940669530886,49.771328,37.12858963012695
2024-10-10 12:00:00,84.027672,91.1154115849023,78.9778315572914,78.76498,63.99234390258789
2024-10-10 13:00:00,107.850176,117.80720064229816,102.1828181118624,98.92962,99.77702331542969
2024-10-10 14:00:00,112.678587,123.08859578199225,117.74991220070424,111.07372,103.71003723144531
2024-10-10 15:00:00,85.18400000000003,110.57341005902735,97.7164397943268,93.00574,98.61907196044922
2024-10-10 16:00:00,35.611289,73.62152413471448,39.27806185391559,34.15284,43.267608642578125
2024-10-10 17:00:00,16.974592999999995,30.65792074272032,13.835759170696063,12.69468,16.512821197509766
2024-10-10 18:00:00,17.576,26.4243544057516,15.051957608679526,14.282569,13.591556549072266
2024-10-10 19:00:00,14.886936,34.47463063814645,15.979469782555116,15.722834,13.133062362670898
2024-10-10 20:00:00,14.526784,17.36046198869532,13.847396737581336,14.299577,13.567747116088867
2024-10-10 21:00:00,14.706125000000004,15.592741084735763,13.899913494066082,14.399986,13.867860794067383
2024-10-10 22:00:00,14.348907000000002,14.744199932541136,14.371505086056391,14.982246,12.46630859375
2024-10-10 23:00:00,13.823999999999998,18.410437174295367,13.723954049355875,14.209152,13.102075576782227
2024-10-11 00:00:00,13.481272,19.752149330429603,13.118789697989572,13.261839,11.571935653686523
2024-10-11 01:00:00,12.812903999999998,18.580054078434415,12.871680976078464,12.952164,12.285457611083984
2024-10-11 02:00:00,12.326391,17.419464433332138,11.89301004404978,11.58984,10.277328491210938
2024-10-11 03:00:00,11.089567,15.466635472847997,11.79644684034112,12.066934,11.771377563476562
2024-10-11 04:00:00,9.938375,11.347040741664046,10.18729560342307,10.126833,10.89178466796875
2024-10-11 05:00:00,9.261,10.852101295356931,9.023731531826101,8.77545,10.702396392822266
2024-10-11 06:00:00,8.120600999999997,12.249543539664117,8.715103048165572,8.236164,7.427310943603516
2024-10-11 07:00:00,4.251528,7.709782812702969,6.523014512798076,5.9422174,6.202844619750977
2024-10-11 08:00:00,28.372625,6.135719570006728,4.9794580352312074,7.950703,6.375505447387695
2024-10-11 09:00:00,55.74296799999999,87.66115178220328,51.39473175140322,58.35472,24.281848907470703
2024-10-11 10:00:00,70.444997,96.56091553275202,78.78766733483782,73.762146,71.57550811767578
2024-10-11 11:00:00,95.44399300000002,102.09683142107191,90.52277069151145,87.73305,80.85808563232422
2024-10-11 12:00:00,129.55421599999997,131.1939071809785,114.21970860278854,119.8673,103.6072998046875
2024-10-11 13:00:00,162.771336,153.56985910808214,156.4253454178604,153.9616,140.82223510742188
2024-10-11 14:00:00,175.61599999999996,155.0260465587093,167.37498011226523,163.03276,154.94863891601562
2024-10-11 15:00:00,137.38809600000002,142.94126166938298,150.68037645088796,150.18034,138.78536987304688
2024-10-11 16:00:00,55.306341,101.43141769228164,84.01051221403057,70.32932,56.985958099365234
2024-10-11 17:00:00,23.149125,47.99813711344784,18.26845299357685,15.649912,24.91578483581543
2024-10-11 18:00:00,22.665187000000003,35.25190902198928,20.23757049035069,20.604492,19.09551429748535
2024-10-11 19:00:00,20.796875,45.63201946073379,20.730287567156523,20.664087,17.07320213317871
2024-10-11 20:00:00,16.581374999999998,34.85609394973032,18.845928778695512,18.85772,17.29395866394043
2024-10-11 21:00:00,11.697083,24.704378700660087,14.51015048864658,14.694705,18.417036056518555
2024-10-11 22:00:00,7.762391999999999,18.165105811564814,10.624301738844192,10.132668,14.778413772583008
2024-10-11 23:00:00,4.912999999999999,18.234114269152457,6.596055855243404,6.7152348,12.026741027832031
2024-10-12 00:00:00,3.176523,14.47567991588943,4.316089531369702,4.030385,9.533477783203125
2024-10-12 01:00:00,2.5154560000000004,8.369646393063235,2.7145960767187827,3.0074537,7.720693588256836
2024-10-12 02:00:00,2.5713530000000007,5.256650953482222,2.847922378522416,2.8006535,5.767484664916992
2024-10-12 03:00:00,2.924207,-1.504408486823806,2.94906536559943,2.9835112,4.958684921264648
2024-10-12 04:00:00,3.442951,-5.434698365586513,3.13353615376927,3.1653202,4.540477752685547
2024-10-12 05:00:00,3.944312000000001,-2.990053731852271,3.697890813527264,3.6382911,4.341304779052734
2024-10-12 06:00:00,3.944312000000001,-1.5558646960863314,4.310996467334033,4.069969,4.60108757019043
2024-10-12 07:00:00,1.124864,-3.4106058309915994,4.141888485394657,3.4983392,5.690208435058594
2024-10-12 08:00:00,5.832000000000001,-16.170716284695345,6.995123430113762,7.6009808,8.15139389038086
2024-10-12 09:00:00,18.191447,20.635962908376925,20.659580550365973,21.580687,16.705623626708984
2024-10-12 10:00:00,27.818127,39.757683719457404,35.54195355233275,32.957222,40.60511779785156
2024-10-12 11:00:00,36.264691,45.22759760198299,39.13660150651603,35.996754,45.0654411315918
2024-10-12 12:00:00,40.707584,61.927222999447125,43.944662661797004,42.918633,51.4210319519043
2024-10-12 13:00:00,43.614208,65.4724672479821,46.17709595026022,42.74645,50.383689880371094
2024-10-12 14:00:00,38.272753,56.880514532345146,42.90282699006825,42.99927,43.67887878417969
2024-10-12 15:00:00,27.818127,33.67803914833196,31.639589692911542,27.50511,37.52952194213867
2024-10-12 16:00:00,15.252992,3.6136695884144956,20.28866584448634,15.231889,14.31576919555664
2024-10-12 17:00:00,8.489664000000001,-12.990601994535567,7.617258244628788,7.4028635,8.036949157714844
2024-10-12 18:00:00,8.741816,-9.426647166616888,7.148402623924061,6.784687,6.21934700012207
2024-10-12 19:00:00,9.663596999999998,4.1029399017538,8.081957895891634,7.942008,7.174213409423828
2024-10-12 20:00:00,11.543175999999995,4.920257800828935,10.165667515037114,10.105132,7.9842376708984375
2024-10-12 21:00:00,12.326391,7.329494105478389,12.583697896243995,12.2631855,10.625226974487305
2024-10-12 22:00:00,12.487167999999995,13.307615293762467,12.380203130115602,12.697296,12.962312698364258
2024-10-12 23:00:00,11.239424000000003,17.618474926386497,12.180457282113247,12.273367,13.07381820678711
2024-10-13 00:00:00,9.261,10.29616469669267,10.380638830658523,10.265246,12.429059982299805
2024-10-13 01:00:00,7.880599,5.6726869837535645,8.423402345343893,8.370249,10.940244674682617
2024-10-13 02:00:00,6.434856000000001,3.7502163873453327,7.301893098316006,7.4214907,8.764463424682617
2024-10-13 03:00:00,4.741631999999999,-1.0369343691451007,5.668000723542356,5.749696,8.491189956665039
2024-10-13 04:00:00,4.251528,-6.985466260971862,4.068102503910414,3.9027967,6.639902114868164
2024-10-13 05:00:00,4.741631999999999,-4.807726875011923,3.9701568625059407,3.6694915,5.623588562011719
2024-10-13 06:00:00,5.359375,-3.065687739109123,5.150507967652491,5.042725,4.448726654052734
2024-10-13 07:00:00,2.1466890000000003,0.9954657109224598,5.196397582272635,4.512381,4.866777420043945
2024-10-13 08:00:00,2.6280719999999995,-4.819270189111222,2.7201217536980846,2.875997,4.824550628662109
2024-10-13 09:00:00,10.503459,-0.47304019664487384,9.603505922676948,8.995941,8.004026412963867
2024-10-13 10:00:00,15.252992,24.475517579041664,25.262158446879553,23.83613,19.175573348999023
2024-10-13 11:00:00,19.902511,14.8792732172314,20.46003599854417,20.217175,28.037094116210938
2024-10-13 12:00:00,23.887872,29.49036295235568,24.7525515915143,22.738611,26.870338439941406
2024-10-13 13:00:00,25.67237500000001,37.47905601225047,25.679849387393936,25.597866,24.805328369140625
2024-10-13 14:00:00,25.412184,29.754496245215805,23.167157730948144,23.483839,21.95843505859375
2024-10-13 15:00:00,20.570824000000005,19.34982890163657,21.19497336210132,20.699942,18.49925994873047
2024-10-13 16:00:00,13.997521000000004,-6.379791796023383,13.324511033934218,13.525814,11.995573043823242
2024-10-13 17:00:00,7.301384,-21.52514064487964,8.051881424550887,7.250592,7.393430709838867
2024-10-13 18:00:00,6.128487000000001,-14.78147429245142,6.0463868635270765,5.3643394,5.927341461181641
2024-10-13 19:00:00,5.359375,-5.065586474333784,5.644736132286584,5.114473,6.22770881652832
2024-10-13 20:00:00,6.644671999999999,-4.0092843258661475,4.992110727389824,4.9998307,6.256290435791016
2024-10-13 21:00:00,7.301384,-6.970464418794492,7.362942401375437,7.0757875,6.976116180419922
2024-10-13 22:00:00,7.301384,0.27391513035408366,7.969283764585572,7.6141,10.583023071289062
2024-10-13 23:00:00,6.028568000000001,3.0860513511860574,6.827237488118823,6.972516,9.795434951782227
2024-10-14 00:00:00,6.028568000000001,-0.9057072626094254,5.520109218621867,5.302414,9.551528930664062
2024-10-14 01:00:00,6.644671999999999,5.84607475599573,6.382121430345653,6.18424,6.813129425048828
2024-10-14 02:00:00,7.301384,4.412139869339299,6.969982649775189,6.7497463,6.517635345458984
2024-10-14 03:00:00,6.644671999999999,2.3300496733701976,7.939329525290419,7.463719,7.207727432250977
2024-10-14 04:00:00,6.539203000000001,-1.772368332464879,5.9548312601483175,6.0591726,8.293703079223633
2024-10-14 05:00:00,7.077887999999999,2.472953016705844,11.262011222636373,6.4148335,6.915765762329102
2024-10-14 06:00:00,6.128487000000001,4.0631132559500145,9.467590023526826,7.152984,5.607736587524414
2024-10-14 07:00:00,2.5713530000000007,-1.4090946180724444,7.223781627343477,3.5478308,4.630640029907227
2024-10-14 08:00:00,6.028568000000001,9.01007916375464,4.119706787306408,2.3911781,3.486114501953125
2024-10-14 09:00:00,16.974592999999995,22.053599430182302,17.13928688340604,16.573307,4.059364318847656
2024-10-14 10:00:00,30.959144,40.590595164085826,28.46236160243109,24.172382,19.56377410888672
2024-10-14 11:00:00,52.734375,53.86305270708739,42.79759774214804,43.150616,30.687164306640625
2024-10-14 12:00:00,78.953589,92.00126724186849,66.55051841297376,69.60578,59.062137603759766
2024-10-14 13:00:00,108.53133299999998,120.10082965414712,96.5125114342025,96.02148,85.24461364746094
2024-10-14 14:00:00,127.263527,126.49886145055216,123.26752161509884,114.983,99.99969482421875
2024-10-14 15:00:00,103.823,129.48056117381185,115.88386174018272,110.194336,90.47337341308594
2024-10-14 16:00:00,37.93305599999999,95.26415117921873,48.77763530185943,47.14707,35.58574676513672
2024-10-14 17:00:00,23.393656,39.56083820775741,15.845617371554383,16.538383,21.74560546875
2024-10-14 18:00:00,24.642171000000005,46.28912804383212,19.48854850529946,19.863712,17.11070442199707
2024-10-14 19:00:00,22.425767999999994,41.47772165804177,23.58058965406172,23.772957,16.587078094482422
2024-10-14 20:00:00,19.034163,30.421074176562755,20.283138319390332,20.547735,17.601648330688477
2024-10-14 21:00:00,15.252992,16.87642465209511,17.22574213268641,17.160503,16.87993049621582
2024-10-14 22:00:00,12.487167999999995,10.024165695682555,13.750491646270616,13.831281,14.310441970825195
2024-10-14 23:00:00,10.503459,14.964558004614986,11.265678396884109,10.950784,12.720586776733398
2024-10-15 00:00:00,9.800344,13.853679878432246,9.20063564385674,9.618393,10.84194564819336
2024-10-15 01:00:00,9.393930999999998,12.386676369663604,9.386516095969187,9.184274,10.971681594848633
2024-10-15 02:00:00,10.503459,11.51422139173512,9.238854926529616,9.2041445,9.597293853759766
2024-10-15 03:00:00,10.793861,12.926450352632784,10.786251996698741,10.774921,9.890216827392578
2024-10-15 04:00:00,10.360232000000002,8.653745358553337,10.417956986058131,10.142092,10.498319625854492
2024-10-15 05:00:00,9.800344,12.128119416980368,9.708253133291219,9.54611,11.221555709838867
2024-10-15 06:00:00,8.998912,13.792038236930935,9.245375289790543,8.725253,8.842571258544922
2024-10-15 07:00:00,3.944312000000001,8.802263228406645,7.547365491716301,6.813348,5.9430084228515625
2024-10-15 08:00:00,10.941048000000002,15.885210702759494,4.827770278122978,7.0133452,5.724328994750977
2024-10-15 09:00:00,67.41914300000002,42.80820759372911,30.365294741259508,35.522324,17.00678253173828
2024-10-15 10:00:00,112.678587,131.73785101175753,108.22223727961929,111.750046,52.717288970947266
2024-10-15 11:00:00,152.273304,145.48188389510216,149.34719805008646,144.30444,125.72622680664062
2024-10-15 12:00:00,189.11922400000003,176.62229824394643,182.9126229354297,177.07643,175.49029541015625
2024-10-15 13:00:00,208.52785699999995,196.4314682206043,211.92852831682532,204.3437,210.3617706298828
2024-10-15 14:00:00,196.122941,181.22927468304647,203.3056888160235,191.68369,203.9452362060547
2024-10-15 15:00:00,129.55421599999997,154.63429512598077,164.03141288071453,150.2876,148.46823120117188
2024-10-15 16:00:00,40.707584,100.04426199338302,70.88122718087959,48.100487,39.32699966430664
2024-10-15 17:00:00,19.902511,45.57066541434598,18.52237104079991,15.691514,26.333141326904297
2024-10-15 18:00:00,19.248832000000004,42.80048015559892,17.966847630781892,17.600346,20.180198669433594
2024-10-15 19:00:00,17.984728,44.499081253094786,17.004077935039696,17.299677,17.462522506713867
2024-10-15 20:00:00,17.173512000000002,34.76445237409449,16.64667076654322,17.008062,15.879293441772461
2024-10-15 21:00:00,15.438249000000004,25.054473958547064,16.222787023599494,16.498161,16.21123695373535
2024-10-15 22:00:00,12.977875,19.414331233570792,13.997595972903287,14.464429,14.470317840576172
2024-10-15 23:00:00,11.543175999999995,22.428623778726248,11.563587368218464,11.523548,13.796850204467773
2024-10-16 00:00:00,10.648000000000003,24.631760230393965,10.454225667940065,10.184331,12.235002517700195
2024-10-16 01:00:00,9.663596999999998,20.30174183616164,9.591476634803094,9.92576,11.360532760620117
2024-10-16 02:00:00,9.393930999999998,16.350805344924893,9.31665159741247,9.125021,9.685308456420898
2024-10-16 03:00:00,9.528128,10.020853770162063,9.227228479046794,9.211652,9.251821517944336
2024-10-16 04:00:00,9.129328999999998,4.0125816111388275,9.820220699456177,9.772371,9.078109741210938
2024-10-16 05:00:00,7.189056999999999,4.811067318721456,8.726928408721838,8.512594,10.191843032836914
2024-10-16 06:00:00,4.657462999999999,2.9880184939806327,6.154312295365462,5.935564,8.14727783203125
2024-10-16 07:00:00,1.3676310000000005,-6.752215829478644,3.8387594949022503,3.6093516,6.089351654052734
2024-10-16 08:00:00,2.097152,-6.462732504955227,13.717180972444591,9.349909,7.264993667602539
2024-10-16 09:00:00,18.609625,3.1648736291579667,14.593488180915012,13.665141,25.752471923828125
2024-10-16 10:00:00,29.218112,54.28907672656145,41.47535472011266,38.713627,43.99031448364258
2024-10-16 11:00:00,35.93699999999999,42.51997720847656,40.85647465556447,37.327263,50.295867919921875
2024-10-16 12:00:00,42.50854900000001,61.46926136621714,42.66456782514576,42.592773,49.322967529296875
2024-10-16 13:00:00,46.656000000000006,75.39410802805936,48.28452364472842,47.016365,45.47034454345703
2024-10-16 14:00:00,45.882712000000005,65.2721715774578,49.823380046102685,46.43573,51.7443733215332
2024-10-16 15:00:00,34.328125,50.61886539970125,37.48472075217,36.28856,36.74228286743164
2024-10-16 16:00:00,16.974592999999995,20.792757125637152,20.867650426017782,18.775068,18.131742477416992
2024-10-16 17:00:00,9.663596999999998,4.8164408384085675,9.872461431632976,8.497166,9.005334854125977
2024-10-16 18:00:00,10.360232000000002,3.8318204510100173,8.448319357801479,7.6062255,7.79682731628418
2024-10-16 19:00:00,12.326391,13.15347519806383,10.057008714692905,9.653874,8.13705825805664
2024-10-16 20:00:00,14.706125000000004,18.133496188939603,13.571587303626877,13.78481,10.4927978515625
2024-10-16 21:00:00,15.813250999999996,15.109148098045125,15.721165120816543,15.649763,12.076698303222656
2024-10-16 22:00:00,16.194276999999996,19.141174618388817,15.506027265974298,16.049974,15.115299224853516
2024-10-16 23:00:00,15.438249000000004,22.922679248467247,16.09135764920023,15.897931,14.072769165039062
2024-10-17 00:00:00,14.526784,20.29882860038667,14.223801875005345,14.404412,14.819375991821289
2024-10-17 01:00:00,14.172488,16.81194905734887,13.855560767029464,13.941816,13.631429672241211
2024-10-17 02:00:00,15.252992,14.418668345787623,13.038073513775359,13.244797,11.917438507080078
2024-10-17 03:00:00,16.387064000000002,14.179590624537582,15.124221941294318,15.041828,12.808572769165039
2024-10-17 04:00:00,15.813250999999996,16.08748252459425,16.24213469356326,16.027266,13.887140274047852
2024-10-17 05:00:00,14.172488,19.69422626002472,15.245276993668101,14.866985,15.02049446105957
2024-10-17 06:00:00,12.166999999999998,18.173887986119695,12.165998289316054,12.348478,11.48453140258789
2024-10-17 07:00:00,5.735339000000001,10.618896895787913,10.126444679635377,8.627808,6.9784393310546875
2024-10-17 08:00:00,0.0002159999999999,21.730444440243346,4.0264866164784365,4.53975,5.077762603759766
2024-10-17 09:00:00,19.683000000000003,-42.57740441649355,4.291718246249913,4.417069,8.923280715942383
2024-10-17 10:00:00,43.98697699999999,102.16099160751723,48.04675367925344,51.7231,11.269201278686523
2024-10-17 11:00:00,54.439939,81.1832098634017,64.62178714659201,64.35667,67.049560546875
2024-10-17 12:00:00,51.064811,92.6190890791457,66.46709271677723,65.3731,70.40444946289062
2024-10-17 13:00:00,41.06362500000001,88.07789912659932,47.725331031420126,48.543594,53.16302490234375
2024-10-17 14:00:00,33.38624800000001,59.52108369442543,34.00892792787021,33.27683,34.17705535888672
2024-10-17 15:00:00,21.951999999999995,38.18647953674308,26.518476588156837,24.307598,21.222370147705078
2024-10-17 16:00:00,11.852351999999996,9.983628468475601,10.594102878549847,10.396127,12.133485794067383
2024-10-17 17:00:00,6.644671999999999,1.8909422215034937,6.466113447610652,6.1770105,7.706220626831055
2024-10-17 18:00:00,6.751268999999999,0.5137262441122488,4.821160820616573,4.335913,7.442869186401367
2024-10-17 19:00:00,7.414874999999999,8.104409899395364,7.069342186891816,7.2151327,7.264619827270508
2024-10-17 20:00:00,8.998912,13.269521816508032,8.319869517097908,7.961932,8.583000183105469
2024-10-17 21:00:00,10.360232000000002,4.416520211455406,9.987341781287066,9.866952,9.73057746887207
2024-10-17 22:00:00,10.360232000000002,10.955999987139805,10.698047087989705,10.808107,13.423322677612305
2024-10-17 23:00:00,8.998912,11.536217573149727,9.872648759836077,10.082617,11.525264739990234
2024-10-18 00:00:00,7.077887999999999,7.221007457207506,8.219126961468957,8.312105,11.870262145996094
2024-10-18 01:00:00,7.529535999999999,2.9732168275582183,6.025995952258443,6.285747,9.492147445678711
2024-10-18 02:00:00,8.998912,4.5552352469545525,7.387833718444256,7.1603537,7.477119445800781
2024-10-18 03:00:00,9.800344,3.5152673708119977,9.65068054730006,9.525155,8.334671020507812
2024-10-18 04:00:00,10.077696,4.475045796428063,10.02894422457525,9.73322,8.549613952636719
2024-10-18 05:00:00,9.800344,5.981849263928055,10.145522885634863,9.496792,9.89670181274414
2024-10-18 06:00:00,9.261,5.114679814669458,9.367536907065682,9.098949,7.809116363525391
2024-10-18 07:00:00,4.657462999999999,0.6294966393127481,7.744665855604974,6.3592815,6.665287017822266
2024-10-18 08:00:00,0.314432,16.27844543727619,3.1151789485746453,3.3116345,5.091831207275391
2024-10-18 09:00:00,18.399744,-19.298740812235977,3.5022665341253907,4.8546267,6.067256927490234
2024-10-18 10:00:00,40.353607,76.52140925287925,44.726915637518005,48.786076,10.973550796508789
2024-10-18 11:00:00,58.411072,70.18104109539748,60.6237217945305,57.380714,51.74961471557617
2024-10-18 12:00:00,72.511713,94.78367300389671,75.3925508703411,72.92969,71.01666259765625
2024-10-18 13:00:00,80.62156800000001,110.69828624475433,80.95522920558227,81.1963,75.57304382324219
2024-10-18 14:00:00,77.30877599999998,104.77782586206389,81.08792749085482,82.880974,70.57296752929688
2024-10-18 15:00:00,56.181887,87.65220152893922,61.22528468502746,62.354744,56.227664947509766
2024-10-18 16:00:00,19.683000000000003,48.06594505857477,26.417628572738145,24.310179,22.022136688232422
2024-10-18 17:00:00,11.390625,17.31471384819153,15.387292528005514,12.478474,13.667905807495117
2024-10-18 18:00:00,10.503459,21.74380388632234,10.309134805016729,9.402748,10.589502334594727
2024-10-18 19:00:00,12.977875,15.321558461829952,9.401590652612443,9.528383,9.678888320922852
2024-10-18 20:00:00,16.974592999999995,24.221358101656605,14.590224956028118,14.619626,10.603631973266602
2024-10-18 21:00:00,20.346417,19.599511668455463,17.94231471714138,17.291912,13.277612686157227
2024-10-18 22:00:00,22.665187000000003,23.69474713515082,22.351731566972784,21.99892,17.305700302124023
2024-10-18 23:00:00,23.639903000000004,29.392833853790606,23.573007484505425,22.982943,16.280725479125977
2024-10-19 00:00:00,22.665187000000003,30.90634601335246,22.649562800297367,22.411898,18.13772964477539
2024-10-19 01:00:00,21.253933,28.056091787891276,21.01455541701429,21.14404,17.996274948120117
2024-10-19 02:00:00,20.570824000000005,25.90572219373142,19.67390972044512,19.752333,15.578741073608398
2024-10-19 03:00:00,17.779580999999997,24.67758663949725,19.778381215114337,19.271301,15.118276596069336
2024-10-19 04:00:00,15.625,21.28041299815736,15.856373727279568,15.926513,14.584003448486328
2024-10-19 05:00:00,15.813250999999996,24.86720162453325,14.428902244658289,14.246382,13.179731369018555
2024-10-19 06:00:00,17.576,25.508601361117044,15.236879220512373,14.720048,10.460758209228516
2024-10-19 07:00:00,11.852351999999996,26.1916062599973,14.544386249663205,13.321807,8.81437873840332
2024-10-19 08:00:00,6.128487000000001,40.97774499864575,12.516845852493107,11.890148,9.83482551574707
2024-10-19 09:00:00,2.6856189999999995,18.811175504222916,9.908863279650003,11.285417,12.908437728881836
2024-10-19 10:00:00,11.239424000000003,-10.143639051026838,8.095124580248658,7.144234,19.25966453552246
2024-10-19 11:00:00,38.272753,20.064245334483573,26.53901143506416,25.00496,21.197111129760742
2024-10-19 12:00:00,68.92099999999998,73.70426123248568,66.54545392269179,63.771797,33.3524055480957
2024-10-19 13:00:00,80.06299099999998,102.63334963861719,90.04521607535955,96.53952,100.40640258789062
2024-10-19 14:00:00,76.765625,94.35228649254681,81.35584885967437,84.86229,78.91447448730469
2024-10-19 15:00:00,53.15737599999999,88.33848931947948,60.515664874142864,57.50298,44.30261993408203
2024-10-19 16:00:00,16.777216,55.017905769440645,23.984786100498862,18.741941,22.573745727539062
2024-10-19 17:00:00,12.326391,15.569044441559456,13.696166560870706,13.489707,10.757793426513672
2024-10-19 18:00:00,9.938375,21.79099518677286,11.414557963607692,10.838615,9.253538131713867
2024-10-19 19:00:00,8.615124999999997,7.990521094469727,8.856880773349099,8.471015,9.503047943115234
2024-10-19 20:00:00,9.129328999999998,17.855541511754353,7.775815741026308,8.183511,9.969770431518555
2024-10-19 21:00:00,9.800344,11.56071504156317,9.055379069246733,9.519914,9.250938415527344
2024-10-19 22:00:00,10.218312999999998,9.76851698475275,10.062247585889047,10.002681,12.178140640258789
2024-10-19 23:00:00,10.218312999999998,11.923869568311005,10.305184040956648,10.066151,11.294437408447266
2024-10-20 00:00:00,9.663596999999998,15.292192153845804,9.901282220177654,9.76309,10.612213134765625
2024-10-20 01:00:00,8.869742999999998,13.253224417875828,9.358838357527107,9.196456,9.669778823852539
2024-10-20 02:00:00,8.869742999999998,10.822490967394828,8.130980638618844,7.873336,7.911430358886719
2024-10-20 03:00:00,10.941048000000002,7.340284030870592,8.376771953697972,8.2624035,8.17167854309082
2024-10-20 04:00:00,15.069223000000004,7.366011351528442,11.66278681286405,11.201689,7.975368499755859
2024-10-20 05:00:00,19.683000000000003,21.15088764750739,16.9803099481888,18.881527,10.936695098876953
2024-10-20 06:00:00,22.906303999999995,31.679910994633545,23.815363392561913,22.026598,11.493330001831055
2024-10-20 07:00:00,16.003008,35.80297773653477,21.40308430154861,21.041662,13.853336334228516
2024-10-20 08:00:00,12.166999999999998,33.84540547812411,15.39506765210559,16.134119,12.885644912719727
2024-10-20 09:00:00,2.5713530000000007,29.124006637863474,10.746387470462713,9.637159,15.098764419555664
2024-10-20 10:00:00,5.451776,-19.499959055825244,8.960323212512206,6.6956973,18.83014488220215
2024-10-20 11:00:00,16.974592999999995,-0.7904069590232723,12.738758995912319,12.749263,18.921653747558594
2024-10-20 12:00:00,35.611289,27.897265716543913,31.30351994138146,27.675241,23.677215576171875
2024-10-20 13:00:00,50.653000000000006,55.36880338642614,50.93159724979272,48.439857,41.30876159667969
2024-10-20 14:00:00,50.653000000000006,62.639079154380184,55.97133501714095,55.01841,58.49303436279297
2024-10-20 15:00:00,35.28755199999999,56.50570184186067,43.74316522606159,41.170967,44.36693572998047
2024-10-20 16:00:00,13.312053000000002,31.04136701604382,16.386728846543075,14.868668,16.85023307800293
2024-10-20 17:00:00,6.539203000000001,5.89227972470303,8.880449328134775,7.807043,7.759428024291992
2024-10-20 18:00:00,3.796416,0.7608676365160392,4.777047138849006,4.3872943,6.208789825439453
2024-10-20 19:00:00,2.6856189999999995,-5.730273290336427,3.0798766304003404,3.5558424,5.785621643066406
2024-10-20 20:00:00,3.112136,3.0139415450752267,2.7213072558463955,2.814956,5.634088516235352
2024-10-20 21:00:00,4.657462999999999,-4.662910265688893,3.3607909513833762,3.634703,5.5234375
2024-10-20 22:00:00,7.762391999999999,4.592843380036371,6.323498559134174,5.738556,7.321178436279297
2024-10-20 23:00:00,9.528128,16.82278518803021,10.07342707561,9.534211,7.97984504699707
2024-10-21 00:00:00,9.528128,19.86179628842241,10.876653657211186,10.187393,10.145149230957031
2024-10-21 01:00:00,8.242408,20.932190810749105,9.739403108928906,9.551305,10.686407089233398
2024-10-21 02:00:00,5.929741000000001,17.645906412136043,7.4428813230793045,7.4709463,9.506887435913086
2024-10-21 03:00:00,4.173281000000001,6.301623147949684,5.165521687847157,5.26132,9.802556991577148
2024-10-21 04:00:00,3.869893,-1.4899451538206563,3.7120824196334534,3.7026253,7.843660354614258
2024-10-21 05:00:00,5.000210999999999,-0.15417943640997578,3.9945099190847917,3.7064247,7.143606185913086
2024-10-21 06:00:00,6.434856000000001,5.142965290657216,6.160587385859978,5.5849857,6.071084976196289
2024-10-21 07:00:00,6.331625000000001,6.734911985955506,6.925662069312737,5.4480133,6.150932312011719
2024-10-21 08:00:00,5.832000000000001,17.62093290652264,8.808772430046915,6.508501,5.957500457763672
2024-10-21 09:00:00,2.6856189999999995,-0.928170070353076,11.04820103417365,10.867241,8.128448486328125
2024-10-21 10:00:00,6.644671999999999,-30.50477104617741,4.82888589408246,4.1114607,9.69573974609375
2024-10-21 11:00:00,19.465109,-9.202068452056835,12.975169284810438,14.102016,11.218828201293945
2024-10-21 12:00:00,34.012224,31.533718484898216,33.3019652245486,32.754974,18.291959762573242
2024-10-21 13:00:00,38.614472,56.623800686368654,45.02155280236784,44.04229,45.922115325927734
2024-10-21 14:00:00,37.25970399999999,50.40824553354771,43.95780856146347,42.238895,44.76987075805664
2024-10-21 15:00:00,27.0,45.134712334495404,29.689138479394952,29.309858,24.496793746948242
2024-10-21 16:00:00,8.869742999999998,22.108872480470936,17.493735252167163,13.867887,11.364673614501953
2024-10-21 17:00:00,3.944312000000001,-6.3741209792595726,5.377940244656474,3.4694455,6.351068496704102
2024-10-21 18:00:00,2.097152,-6.5216181822125066,2.3425827015932925,2.5918326,5.19917106628418
2024-10-21 19:00:00,2.097152,-11.452133018813853,1.6347907090096938,1.374067,4.880975723266602
2024-10-21 20:00:00,2.6280719999999995,4.423109439848261,2.8073098329403927,2.3399484,4.953998565673828
2024-10-21 21:00:00,3.944312000000001,5.2440280120400615,3.1432797631517384,3.3291948,5.601789474487305
2024-10-21 22:00:00,5.929741000000001,11.515078301510457,5.272970425613953,5.2089105,6.153425216674805
2024-10-21 23:00:00,8.615124999999997,17.064463421690405,7.403230319713811,7.530924,6.732179641723633
2024-10-22 00:00:00,9.261,27.904120084587973,9.854038217643312,9.721451,8.652233123779297
2024-10-22 01:00:00,8.489664000000001,22.11635565733191,9.268135431655027,9.093764,11.467130661010742
2024-10-22 02:00:00,7.880599,14.285795451296806,7.796498188529413,7.9753895,10.338172912597656
2024-10-22 03:00:00,7.189056999999999,7.941186340812948,7.671192295895743,7.84175,10.694990158081055
2024-10-22 04:00:00,6.434856000000001,0.7093393169206905,6.667277588483529,6.6416483,9.457189559936523
2024-10-22 05:00:00,6.128487000000001,-0.8996220927940186,5.7630748726765155,5.735732,8.589685440063477
2024-10-22 06:00:00,6.967870999999999,-3.0779117290331897,6.21900167832305,6.163514,5.902610778808594
2024-10-22 07:00:00,5.268024,-4.447521048461496,7.602578922556569,5.9968534,5.286563873291016
2024-10-22 08:00:00,1.092727,0.46996221476365463,3.851311272961453,4.7832255,5.542377471923828
2024-10-22 09:00:00,1.771561,-25.651711258721605,2.6915426579305275,1.78459,7.057451248168945
2024-10-22 10:00:00,10.648000000000003,-14.995702952865997,6.265476243599035,6.9549775,7.708822250366211
2024-10-22 11:00:00,28.934442999999995,19.43370535679668,22.242428674873885,23.052715,14.373649597167969
2024-10-22 12:00:00,47.83214699999999,58.72309106714796,46.42520542974372,44.212933,31.295637130737305
2024-10-22 13:00:00,57.960603000000006,81.79212195288703,64.34586591003614,60.128197,65.13101196289062
2024-10-22 14:00:00,60.236288,81.03954687612462,58.954865356453595,58.069405,59.75128173828125
2024-10-22 15:00:00,44.73887499999999,81.60767528248967,53.24508473492861,50.705082,36.18689727783203
2024-10-22 16:00:00,14.886936,52.28934247857951,28.68166788668264,24.102167,16.367904663085938
2024-10-22 17:00:00,11.852351999999996,15.8135201221384,9.271905265493869,9.654191,9.379560470581055
2024-10-22 18:00:00,11.852351999999996,25.320157920025324,11.171458623324066,10.385305,7.878284454345703
2024-10-22 19:00:00,12.008989,17.432990360761053,11.349003789416527,11.8128395,9.815816879272461
2024-10-22 20:00:00,13.481272,18.586596174932296,11.91290618663832,12.43284,11.114906311035156
2024-10-22 21:00:00,14.526784,13.707330361257874,13.87847495758952,14.095149,10.394716262817383
2024-10-22 22:00:00,13.651919,8.971524049807442,15.12418439269426,15.059462,12.800989151000977
2024-10-22 23:00:00,12.166999999999998,10.954578864884013,12.754519955655105,12.761983,11.23283576965332
2024-10-23 00:00:00,10.793861,12.0410922965345,11.372025705823525,11.202409,10.887859344482422
2024-10-23 01:00:00,9.800344,9.715122967114283,9.334701660250206,9.682828,10.093240737915039
2024-10-23 02:00:00,9.261,9.727809699264725,9.3063986254467,9.099457,9.149515151977539
2024-10-23 03:00:00,8.489664000000001,7.828762934307292,8.933009756849627,8.654696,9.412330627441406
2024-10-23 04:00:00,8.242408,3.5945712885513927,7.809578159356772,7.9027324,9.495882034301758
2024-10-23 05:00:00,8.489664000000001,7.836664578017107,7.81141467355505,7.8191934,8.33884048461914
2024-10-23 06:00:00,8.741816,9.846074720654514,8.18617821500945,8.1247015,6.333457946777344
2024-10-23 07:00:00,5.735339000000001,6.347141330021472,7.121977567381619,6.3286057,4.789712905883789
2024-10-23 08:00:00,6.539203000000001,13.965009469584288,3.027945511608312,3.5919597,4.885669708251953
2024-10-23 09:00:00,27.270900999999995,17.179931615682065,15.219209755719852,16.332056,9.135526657104492
2024-10-23 10:00:00,28.094464,74.5644773163837,47.98839816176308,47.738205,23.944093704223633
2024-10-23 11:00:00,31.554496000000004,46.33511324556237,31.77175810625874,30.470728,62.57964324951172
2024-10-23 12:00:00,37.595375,58.046082851266064,34.05107909938275,36.094296,41.31395721435547
2024-10-23 13:00:00,45.118016,66.46937864492857,42.363845884078785,41.364437,41.386131286621094
2024-10-23 14:00:00,45.499293,58.933410976007266,50.666102587297,47.401413,42.00440216064453
2024-10-23 15:00:00,37.595375,42.974902933266705,38.2025349883731,38.446552,43.25130081176758
2024-10-23 16:00:00,23.149125,19.87936823865391,19.214823716566343,18.130999,17.57567596435547
2024-10-23 17:00:00,19.902511,9.887785216784991,14.223867801171941,12.877247,11.25874137878418
2024-10-23 18:00:00,23.149125,15.942018177331931,17.922281612346424,17.14346,9.837471008300781
2024-10-23 19:00:00,22.906303999999995,27.68200924483169,23.75578494207653,22.169996,13.533317565917969
2024-10-23 20:00:00,21.253933,27.886631730579964,21.695181832963645,22.12669,15.521995544433594
2024-10-23 21:00:00,19.465109,17.482272810200115,19.428342337088704,19.839834,14.686315536499023
2024-10-23 22:00:00,18.399744,17.147399804952656,18.083870440572717,17.470669,15.751920700073242
2024-10-23 23:00:00,18.821096000000004,18.117487981525287,17.55375416325323,17.251968,13.830818176269531
2024-10-24 00:00:00,19.465109,15.841964374339696,18.33237973121455,18.037682,14.663187026977539
2024-10-24 01:00:00,20.346417,11.84935808728001,18.646190354473987,18.200064,15.51268196105957
2024-10-24 02:00:00,20.346417,14.111208315311558,20.446054512585196,20.175163,14.6375732421875
2024-10-24 03:00:00,18.821096000000004,14.345011803425592,19.98859507285705,19.837872,15.643829345703125
2024-10-24 04:00:00,16.777216,15.90949657818095,17.918892477714408,17.434338,14.210569381713867
2024-10-24 05:00:00,15.438249000000004,20.541876433905415,15.052175553529551,14.317862,11.9443359375
2024-10-24 06:00:00,13.651919,22.176319715929694,13.765658571408444,13.52716,8.582857131958008
2024-10-24 07:00:00,6.434856000000001,15.589271928138345,11.497661514004337,9.525618,5.81182861328125
2024-10-24 08:00:00,0.658503,26.62909640886268,4.123126933019267,6.8199034,5.725551605224609
2024-10-24 09:00:00,2.924207,-2.6168516957329047,6.01485830274817,8.547553,11.83331298828125
2024-10-24 10:00:00,11.543175999999995,25.208840434502505,11.939072595426724,11.725585,15.485038757324219
2024-10-24 11:00:00,25.412184,31.848808841523024,25.136782285138846,25.017479,24.940364837646484
2024-10-24 12:00:00,49.027896000000005,60.36080100418478,39.876447302932405,40.338383,38.70560836791992
2024-10-24 13:00:00,69.42653100000001,97.07910007174867,73.15275901163307,72.68182,56.28021240234375
2024-10-24 14:00:00,71.47337500000002,99.06436232793583,80.24245354596533,78.90725,96.45887756347656
2024-10-24 15:00:00,62.099136,88.33614042342172,61.85646587056464,61.127617,60.528228759765625
2024-10-24 16:00:00,27.270900999999995,62.99079856305222,21.483185664679787,23.811586,27.278596878051758
2024-10-24 17:00:00,20.346417,19.74849686466993,19.81010109694656,21.282604,16.763011932373047
2024-10-24 18:00:00,20.346417,21.111634457190675,18.138547104771337,17.339035,12.870967864990234
2024-10-24 19:00:00,19.902511,22.117652200287765,19.183802356835788,18.811865,15.304346084594727
2024-10-24 20:00:00,19.902511,25.87114893792723,19.567612300636636,19.817333,16.457857131958008
2024-10-24 21:00:00,19.034163,16.821195106012723,19.622654300225804,20.02299,17.22774314880371
2024-10-24 22:00:00,17.779580999999997,13.831350200374104,18.09643377760915,18.134604,17.916648864746094
2024-10-24 23:00:00,16.387064000000002,17.15662473796037,16.58311937745833,16.482391,15.397834777832031
2024-10-25 00:00:00,14.706125000000004,19.090297323733537,15.174578549699065,15.526283,13.640552520751953
2024-10-25 01:00:00,13.144256,17.0118640519604,13.87243253371032,13.920355,12.882965087890625
2024-10-25 02:00:00,10.077696,16.503944410132107,11.944582644574753,12.023372,10.775979995727539
2024-10-25 03:00:00,6.128487000000001,11.539532526956592,8.411682584297054,8.365918,10.675148010253906
2024-10-25 04:00:00,3.442951,4.554435431554296,4.860169144632642,4.91996,8.007841110229492
2024-10-25 05:00:00,2.4061040000000005,1.104885656465754,2.8344718569388623,2.9009013,6.467140197753906
2024-10-25 06:00:00,1.771561,-1.048098471567954,2.926840826419973,2.7095113,4.804803848266602
2024-10-25 07:00:00,0.8043570000000001,-8.963742237195433,2.3169838814222308,2.524831,4.410636901855469
2024-10-25 08:00:00,1.6430319999999998,1.9202410444991074,3.985196035918512,2.8223927,4.421010971069336
2024-10-25 09:00:00,34.012224,4.40334014083642,5.241691088306596,7.3546968,6.647428512573242
2024-10-25 10:00:00,67.41914300000002,107.85625873870312,63.624779874312274,63.67377,19.493913650512695
2024-10-25 11:00:00,111.28464099999997,122.31830659593338,91.35015383543839,90.09172,78.8608169555664
2024-10-25 12:00:00,168.19660799999997,166.5309997847595,146.28931385766492,140.24535,109.03143310546875
2024-10-25 13:00:00,212.776173,207.13429848915501,193.24891437930538,196.46928,136.33914184570312
2024-10-25 14:00:00,207.474688,208.82906136505966,218.95892514176637,205.04945,187.50099182128906
2024-10-25 15:00:00,128.024064,176.6854183075045,171.3489715536741,159.66473,143.455322265625
2024-10-25 16:00:00,34.64597599999999,113.39698997911059,56.833880738688876,39.790943,51.215126037597656
2024-10-25 17:00:00,22.906303999999995,52.81154422953672,19.368958847604294,20.255354,20.752574920654297
2024-10-25 18:00:00,20.123648000000003,54.72302907645941,19.98621334916281,20.028368,18.617753982543945
2024-10-25 19:00:00,17.173512000000002,41.8124545319712,17.978822300382674,17.88263,16.742666244506836
2024-10-25 20:00:00,14.348907000000002,39.17506951268855,15.168642351506156,15.5706,16.844575881958008
2024-10-25 21:00:00,12.166999999999998,20.033061598047667,13.305850490950691,13.78555,16.869104385375977
2024-10-25 22:00:00,10.360232000000002,14.923484307729154,11.22072167672161,11.443642,12.354686737060547
2024-10-25 23:00:00,8.365426999999997,14.766955824978922,9.055893894317041,9.364313,11.23000717163086
2024-10-26 00:00:00,7.077887999999999,9.719862996494868,7.278416605342182,7.313351,9.75387191772461
2024-10-26 01:00:00,6.229504,2.2277422824535478,6.263716826674969,6.683099,9.253782272338867
2024-10-26 02:00:00,5.359375,-1.841566741013125,5.640340848386587,5.5796695,7.833688735961914
2024-10-26 03:00:00,4.251528,-7.04957848531167,4.953138446485311,5.153368,7.518150329589844
2024-10-26 04:00:00,3.5118080000000003,-15.791150695922326,3.743220737703732,3.7495666,5.244693756103516
2024-10-26 05:00:00,3.944312000000001,-15.581693374097782,3.4856017956856475,3.0996683,4.769805908203125
2024-10-26 06:00:00,4.410943999999999,-10.397972658892556,4.333896964979464,4.028866,4.625387191772461
2024-10-26 07:00:00,3.307949,-13.872112752830517,4.874818579525066,3.9298372,6.224557876586914
2024-10-26 08:00:00,0.250047,-0.41512947663152033,9.157287230472816,5.6996117,8.029817581176758
2024-10-26 09:00:00,14.348907000000002,-31.99216250553178,7.519341004404762,11.610692,20.114742279052734
2024-10-26 10:00:00,45.118016,65.53348075357302,34.8572722080853,35.463943,28.806673049926758
2024-10-26 11:00:00,69.42653100000001,88.38191218629542,73.40162571956253,78.446846,51.849578857421875
2024-10-26 12:00:00,75.15144799999999,115.19362158047691,88.298114442279,88.93724,92.07837677001953
2024-10-26 13:00:00,73.56005900000002,121.1120723598746,81.16401466751896,77.11327,86.23614501953125
2024-10-26 14:00:00,60.236288,104.06014517349756,68.11167760358303,63.60351,60.14208221435547
2024-10-26 15:00:00,36.926037,73.56809269455725,46.90754816944649,42.28331,44.363590240478516
2024-10-26 16:00:00,13.144256,29.07558786911322,16.61206446284913,14.455536,13.692771911621094
2024-10-26 17:00:00,9.938375,3.526985038312503,8.394636826786947,10.072243,8.99250602722168
2024-10-26 18:00:00,8.869742999999998,3.6082628885884134,8.501886200546986,8.036234,8.246076583862305
2024-10-26 19:00:00,9.800344,1.127507635307012,7.792854086790989,7.717064,8.288949966430664
2024-10-26 20:00:00,10.503459,15.439440417571689,10.141861542108053,10.256876,9.981674194335938
2024-10-26 21:00:00,9.663596999999998,6.817076360463872,10.702315362860533,10.753083,11.405817031860352
2024-10-26 22:00:00,8.869742999999998,11.267656950825526,9.337725766391355,9.189096,12.70645523071289
2024-10-26 23:00:00,8.869742999999998,12.408715185868388,8.11757349091296,7.901141,10.44443130493164
2024-10-27 00:00:00,10.941048000000002,16.137573356495892,8.366701317853527,8.290212,9.416486740112305
2024-10-27 01:00:00,15.069223000000004,18.427071818215325,11.739890954716634,11.240276,8.76511001586914
2024-10-27 02:00:00,19.034163,27.92485398282234,17.402046468591983,16.935986,9.863054275512695
2024-10-27 03:00:00,20.346417,33.4479837085848,20.709514457558416,19.432714,14.400856018066406
2024-10-27 04:00:00,18.609625,32.24508797392848,20.195603959241115,20.060246,16.324323654174805
2024-10-27 05:00:00,17.779580999999997,29.850299583048795,17.20784607543537,17.42072,18.145668029785156
2024-10-27 06:00:00,17.576,26.293387529031506,16.3465121987208,16.018467,13.596364974975586
2024-10-27 07:00:00,13.312053000000002,18.78876492860074,13.262692126725685,14.251194,10.054880142211914
2024-10-27 08:00:00,16.003008,30.128267690835898,11.724118373044918,14.57186,8.265039443969727
2024-10-27 09:00:00,11.543175999999995,36.00563052362229,29.241889856689344,22.212557,10.089456558227539
2024-10-27 10:00:00,8.741816,0.8047780296841438,12.111326007779144,9.318782,28.35211753845215
2024-10-27 11:00:00,11.543175999999995,-15.5132354036337,9.932630337940365,8.755994,28.865192413330078
2024-10-27 12:00:00,15.813250999999996,-3.192985430793769,16.36444034587985,13.465168,23.366073608398438
2024-10-27 13:00:00,19.248832000000004,4.7813608281878,20.95289104250176,19.949263,24.4029483795166
2024-10-27 14:00:00,21.024576,2.939784665069169,21.31087765180678,19.650532,20.62563705444336
2024-10-27 15:00:00,15.438249000000004,2.5198052788769303,20.984839446525157,18.961182,17.225494384765625
2024-10-27 16:00:00,5.268024,-20.011757193845966,10.940620824948441,8.962761,10.898845672607422
2024-10-27 17:00:00,1.6430319999999998,-36.451275610303114,2.9159471048270995,3.4795768,5.976114273071289
2024-10-27 18:00:00,0.250047,-40.795254294176104,1.128744354963961,1.3516922,4.132989883422852
2024-10-27 19:00:00,1.5208749999999998,-41.4673655654433,0.8554930381201173,0.5379839,3.6126556396484375
2024-10-27 20:00:00,5.359375,4.899063483718152,4.4574147266186355,2.7915802,3.3685073852539062
2024-10-27 21:00:00,8.489664000000001,20.348568348009778,10.674511814312961,10.677734,5.800254821777344
2024-10-27 22:00:00,9.663596999999998,28.130640392498222,12.000715268691597,10.299732,9.636163711547852
2024-10-27 23:00:00,9.800344,26.5227497848732,10.305302510115222,9.83832,11.884479522705078
2024-10-28 00:00:00,9.663596999999998,28.497288347557642,9.787806536212768,9.443963,11.378429412841797
2024-10-28 01:00:00,9.129328999999998,27.845142158114143,9.759577602676446,9.351219,11.192901611328125
2024-10-28 02:00:00,8.365426999999997,20.019467563183696,8.710611635335022,8.708267,9.948625564575195
2024-10-28 03:00:00,7.762391999999999,11.63452933370192,7.636571664132858,7.5862174,10.706205368041992
2024-10-28 04:00:00,8.0,7.915162902757444,7.606259756536559,7.510175,9.457719802856445
2024-10-28 05:00:00,9.261,9.536160038976064,7.968779152897569,7.977444,9.62813949584961
2024-10-28 06:00:00,10.941048000000002,13.466831151681035,9.860832525775397,9.419234,8.139606475830078
2024-10-28 07:00:00,8.869742999999998,12.06381873144403,11.191562388649555,9.616842,8.062755584716797
2024-10-28 08:00:00,14.348907000000002,13.381913671150386,9.702441080723391,7.2884784,7.39478874206543
2024-10-28 09:00:00,13.481272,27.67445578966526,22.226244429577676,25.27695,6.723361968994141
2024-10-28 10:00:00,12.008989,6.835827275017721,16.641142121167437,12.389731,13.209613800048828
2024-10-28 11:00:00,11.089567,-3.9468192477216633,11.216929273662315,12.628706,13.55099868774414
2024-10-28 12:00:00,10.503459,-3.0124301651248544,11.48540058023059,12.503669,17.65988540649414
2024-10-28 13:00:00,9.663596999999998,-5.880120508756022,10.843327313986904,11.53591,16.591625213623047
2024-10-28 14:00:00,8.615124999999997,-19.011232539995575,10.236111157936922,9.357793,12.614835739135742
2024-10-28 15:00:00,7.189056999999999,-30.548722485350964,8.495012676199245,7.7068086,9.846834182739258
2024-10-28 16:00:00,3.869893,-45.052137299640535,5.7139604718797985,4.878021,6.776838302612305
2024-10-28 17:00:00,2.3526370000000005,-49.31702667009448,3.243367163993659,1.9755126,4.942409515380859
2024-10-28 18:00:00,0.493039,-40.88998477862941,1.816919900364346,3.0324569,4.142976760864258
2024-10-28 19:00:00,0.314432,-39.946801265643245,0.7680146199966806,0.8435503,4.747962951660156
2024-10-28 20:00:00,3.442951,-21.005526546010998,0.9079556673090429,0.9391669,4.362199783325195
2024-10-28 21:00:00,7.880599,20.796480341613872,7.44257598203308,8.519315,4.329755783081055
2024-10-28 22:00:00,8.998912,36.05481828100734,12.495627382899034,11.6996565,9.100517272949219
2024-10-28 23:00:00,8.998912,32.13099624496367,9.498297553276828,9.15398,10.051191329956055
2024-10-29 00:00:00,7.880599,30.910135545349632,8.819250678929954,8.943468,11.29574203491211
2024-10-29 01:00:00,7.529535999999999,23.313256125697748,7.547624054603809,7.57984,10.186182022094727
2024-10-29 02:00:00,8.120600999999997,14.942140052775756,7.22554297366438,7.178994,8.409534454345703
2024-10-29 03:00:00,7.414874999999999,6.9038295420133124,8.32516582188188,8.304462,9.3031005859375
2024-10-29 04:00:00,8.489664000000001,1.2814287298259046,7.0510110404776105,6.88393,9.66021728515625
2024-10-29 05:00:00,8.741816,8.594480499901437,8.798624314128155,8.606232,8.738025665283203
2024-10-29 06:00:00,8.869742999999998,7.382449961720511,8.379730563318766,8.285954,8.780029296875
2024-10-29 07:00:00,6.128487000000001,4.016512088283861,6.972998990412226,6.1992965,6.265117645263672
2024-10-29 08:00:00,1.5608959999999996,-3.191103367640693,4.083776793603201,4.8030286,6.229482650756836
2024-10-29 09:00:00,0.091125,-24.490725266821983,3.2950969183447762,4.9940796,6.071540832519531
2024-10-29 10:00:00,1.685159,-48.60238082643998,2.9568440670056217,3.6917138,6.764852523803711
2024-10-29 11:00:00,7.645372999999999,-14.418174438133931,6.818281797660699,6.824674,11.4859619140625
2024-10-29 12:00:00,16.581374999999998,11.425909804693347,15.75503312621472,14.89144,17.596643447875977
2024-10-29 13:00:00,21.951999999999995,31.50827752117057,24.649044363605125,23.824013,25.079214096069336
2024-10-29 14:00:00,20.796875,33.593543754747785,25.01222878223522,25.750542,32.371185302734375
2024-10-29 15:00:00,15.252992,23.07882506096918,18.168509244332398,17.896559,21.992168426513672
2024-10-29 16:00:00,6.751268999999999,-3.717392867911059,10.374126580543246,8.254395,11.245615005493164
2024-10-29 17:00:00,3.869893,-28.096331409067403,3.779733259392039,2.7721822,6.340553283691406
2024-10-29 18:00:00,1.2597120000000002,-23.77215093586348,2.954773560189052,3.1385205,4.672182083129883
2024-10-29 19:00:00,0.8847359999999999,-25.179885120512083,0.9006737018652611,1.109227,5.452335357666016
2024-10-29 20:00:00,2.8632879999999994,-7.432401640432261,1.2491117479294702,1.3887867,4.610925674438477
2024-10-29 21:00:00,5.177717,8.54780629613758,6.434865070117651,5.8168087,5.098672866821289
2024-10-29 22:00:00,6.967870999999999,16.341259165916114,7.287650194606897,8.372866,8.559423446655273
2024-10-29 23:00:00,8.120600999999997,16.178741497245966,7.910214272333539,7.60625,8.406129837036133
2024-10-30 00:00:00,8.998912,16.078984234472884,9.123210624713629,8.5733,10.222734451293945
2024-10-30 01:00:00,10.077696,17.316767071334226,9.25786971964442,9.15141,10.247282028198242
2024-10-30 02:00:00,10.360232000000002,16.956302976502585,10.602393044146458,9.825954,10.125925064086914
2024-10-30 03:00:00,9.938375,12.129972481233054,10.005085485304397,9.842383,10.38499641418457
2024-10-30 04:00:00,9.393930999999998,9.383999314530527,9.572446680796553,9.112424,9.895814895629883
2024-10-30 05:00:00,7.414874999999999,9.934021746414018,9.088751986186459,8.934173,8.842485427856445
2024-10-30 06:00:00,4.019679000000001,3.3729605636720805,6.315217896756044,6.387337,6.881870269775391
2024-10-30 07:00:00,1.906624,-12.238772865407867,3.455982606567991,2.5290666,5.12580680847168
2024-10-30 08:00:00,0.8847359999999999,-7.945276611188476,2.3771613063013746,1.4742382,4.058874130249023
2024-10-30 09:00:00,15.438249000000004,-17.826641911831146,4.514199539822486,6.5850687,4.805179595947266
2024-10-30 10:00:00,28.372625,63.930877154775615,30.529432319906117,30.542994,8.873855590820312
2024-10-30 11:00:00,42.50854900000001,58.975848382575364,40.78346333169763,42.346935,42.44883728027344
2024-10-30 12:00:00,57.51245599999999,84.34579639480482,54.937651135843964,57.558792,52.09238815307617
2024-10-30 13:00:00,71.47337500000002,106.50267964544973,69.89215729891075,67.91608,67.1655502319336
2024-10-30 14:00:00,71.991296,105.3873047726474,76.42123301466223,73.8728,72.61961364746094
2024-10-30 15:00:00,51.895117,84.1831590643338,60.19799127461052,60.298515,58.666282653808594
2024-10-30 16:00:00,19.248832000000004,45.70659372078036,23.122651147387515,22.096294,23.043230056762695
2024-10-30 17:00:00,18.609625,12.297121015203558,15.924260289122437,14.849817,11.82615852355957
2024-10-30 18:00:00,17.576,26.998791972271377,15.997519232546582,16.15056,10.256769180297852
2024-10-30 19:00:00,14.348907000000002,19.89153398489387,16.151030973054173,15.892316,13.422859191894531
2024-10-30 20:00:00,13.312053000000002,19.94790984747506,13.936104881841013,13.727909,15.276731491088867
2024-10-30 21:00:00,13.312053000000002,7.9702438131455295,12.409879409561752,13.276889,12.12877082824707
2024-10-30 22:00:00,13.997521000000004,7.668361942308223,12.802076819626599,13.415797,13.13090705871582
2024-10-30 23:00:00,13.651919,10.505435239477933,13.560636696935873,13.585686,12.512035369873047
2024-10-31 00:00:00,12.812903999999998,11.974239926084778,13.170635606027753,12.971004,13.701881408691406
2024-10-31 01:00:00,11.852351999999996,9.64831613222097,11.89301004404978,11.411483,12.832902908325195
2024-10-31 02:00:00,10.360232000000002,8.445889573140391,11.275354662371662,11.500513,11.110208511352539
2024-10-31 03:00:00,8.869742999999998,5.041370657656927,8.949652410726422,9.303219,10.961538314819336
2024-10-31 04:00:00,8.0,2.306166513827506,7.848553213566513,7.567492,9.128374099731445
2024-10-31 05:00:00,7.189056999999999,5.808981873744514,7.521102778634117,7.5006294,7.845640182495117
2024-10-31 06:00:00,8.615124999999997,2.5834986423300137,6.414380581471055,6.4371796,6.576494216918945
2024-10-31 07:00:00,6.434856000000001,2.7404031658797408,8.55814198670738,7.840224,5.081989288330078
2024-10-31 08:00:00,24.137569000000003,14.29838713574351,3.5772037378100983,4.6060247,6.362226486206055
2024-10-31 09:00:00,70.444997,78.26239752383891,53.4628653505319,50.41071,8.606389999389648
2024-10-31 10:00:00,135.79674399999996,129.51751044507728,110.85350758743098,102.75026,62.08167266845703
2024-10-31 11:00:00,210.644875,170.00710715389562,184.71567044496797,178.61664,95.24156188964844
2024-10-31 12:00:00,239.483061,215.4733959454793,273.70187157370543,266.9113,205.44992065429688
2024-10-31 13:00:00,225.866529,219.92783229155492,248.22218428776026,260.01288,278.21185302734375
2024-10-31 14:00:00,172.80869300000003,188.34784340530234,187.77476794001453,186.29819,219.68154907226562
2024-10-31 15:00:00,99.252847,143.6003351151693,121.91542298652347,108.22474,139.6640625
2024-10-31 16:00:00,28.652616,88.0227685265857,31.302499570216305,25.676893,29.21591567993164
2024-10-31 17:00:00,25.412184,36.18667884983758,22.833897168123098,20.059643,22.000598907470703
2024-10-31 18:00:00,22.188041,44.79672779066907,21.937982037146636,22.105013,18.405202865600586
2024-10-31 19:00:00,18.191447,31.6905311982796,19.49863816687859,19.762877,17.779741287231445
2024-10-31 20:00:00,17.173512000000002,29.544363898249358,16.204097998952104,16.682966,17.173721313476562
2024-10-31 21:00:00,16.581374999999998,20.572642127330724,15.971555156924607,16.134348,15.659637451171875
2024-10-31 22:00:00,16.387064000000002,19.92614061272195,15.731450368589213,16.158295,14.232749938964844
2024-10-31 23:00:00,16.003008,23.308140188085233,16.11312958458442,16.258942,15.758773803710938
2024-11-01 00:00:00,15.252992,21.91827338610399,15.759123746101544,15.774317,15.319068908691406
2024-11-01 01:00:00,14.886936,17.617501180194765,14.197006853190764,14.417447,15.138229370117188
2024-11-01 02:00:00,13.481272,16.562147890879857,14.161334979790096,14.216015,12.598703384399414
2024-11-01 03:00:00,10.648000000000003,12.000384137535406,12.023400915835467,12.182892,13.378421783447266
2024-11-01 04:00:00,7.189056999999999,5.773386904615521,8.553716759945901,8.838283,10.532918930053711
2024-11-01 05:00:00,5.088448,5.070440405362078,5.791362814877051,5.72537,9.926090240478516
2024-11-01 06:00:00,4.173281000000001,4.972435127956743,4.62681041294839,4.6217036,6.6755523681640625
2024-11-01 07:00:00,2.097152,-0.7263082459914614,3.9113908309107943,3.996085,7.197721481323242
2024-11-01 08:00:00,9.129328999999998,2.212864845171822,9.63505235165367,8.910305,8.310323715209961
2024-11-01 09:00:00,54.01015199999999,41.01300405078477,31.69720656810987,37.998596,20.822261810302734
2024-11-01 10:00:00,71.47337500000002,119.11201005632223,83.84769808637175,85.13057,63.426544189453125
2024-11-01 11:00:00,84.60451899999998,108.26834995979657,96.27689427895089,93.71123,100.4647216796875
2024-11-01 12:00:00,97.33599999999998,126.80203893803746,96.41466974946117,93.892624,86.162841796875
2024-11-01 13:00:00,101.847563,139.72427680320976,99.03573163034481,102.76964,101.98062133789062
2024-11-01 14:00:00,92.959677,120.05496530695369,99.78453272462036,93.90099,91.76292419433594
2024-11-01 15:00:00,62.099136,87.38357377313208,71.38096320780674,67.539795,72.3449478149414
2024-11-01 16:00:00,18.821096000000004,49.181001033272324,19.107369907251126,18.12674,24.59830093383789
2024-11-01 17:00:00,16.194276999999996,12.382218012818583,17.827370883710863,17.438503,13.813201904296875
2024-11-01 18:00:00,12.487167999999995,18.67060961995908,14.392721534744439,13.544816,12.470891952514648
2024-11-01 19:00:00,11.852351999999996,3.8640152897776545,11.501406749194102,11.486736,12.341472625732422
2024-11-01 20:00:00,12.326391,16.60273163291859,11.419994493037802,11.832548,11.479581832885742
2024-11-01 21:00:00,12.487167999999995,5.547623244072497,12.1916949898145,12.562081,11.630043029785156
2024-11-01 22:00:00,11.852351999999996,7.20989834747283,12.183970175018729,12.406191,12.524721145629883
2024-11-01 23:00:00,9.938375,8.783085055600594,11.42672614428379,11.686637,12.56993293762207
2024-11-02 00:00:00,7.414874999999999,9.39950120642385,8.916090379910294,8.645199,11.410030364990234
2024-11-02 01:00:00,5.5452330000000005,3.688831019718151,6.277128031263568,6.4034367,10.444936752319336
2024-11-02 02:00:00,4.657462999999999,1.3099305146821791,5.000860031385619,4.884546,8.639091491699219
2024-11-02 03:00:00,3.723875000000001,-1.0083070474378104,4.133690195643352,4.0753922,7.928890228271484
2024-11-02 04:00:00,2.985984,-5.549444682421267,3.5911599143752837,3.288608,6.068620681762695
2024-11-02 05:00:00,2.803221,-4.362981117669193,2.9130549432183312,2.481862,4.904365539550781
2024-11-02 06:00:00,2.3526370000000005,-11.024683857378236,3.0233450308581435,3.1626084,3.2773056030273438
2024-11-02 07:00:00,1.5208749999999998,-20.763308880665974,3.4038765003534412,3.0222423,3.590160369873047
2024-11-02 08:00:00,0.0138239999999999,0.666463281770092,4.9471197964658336,3.1241884,2.998210906982422
2024-11-02 09:00:00,6.331625000000001,-43.94979990992024,5.70407539359391,11.594117,5.812995910644531
2024-11-02 10:00:00,18.191447,40.30388560705698,19.34417593272471,16.827206,11.421648025512695
2024-11-02 11:00:00,27.818127,43.05530226830983,33.34400450033899,35.09088,36.472469329833984
2024-11-02 12:00:00,25.153757,63.62274745561295,37.11929579335565,36.375923,43.678810119628906
2024-11-02 13:00:00,17.373979,57.21616160198515,22.152650956671692,22.140116,48.208045959472656
2024-11-02 14:00:00,10.077696,28.461559082599948,11.904155538856099,11.596285,18.358200073242188
2024-11-02 15:00:00,4.330746999999999,-0.2836357711677806,5.948367659701732,6.5722313,10.497289657592773
2024-11-02 16:00:00,1.685159,-35.06835608957823,2.891955404334687,1.1826967,4.9738006591796875
2024-11-02 17:00:00,0.8043570000000001,-35.03876593147078,1.8106613441042914,0.9822141,2.9247169494628906
2024-11-02 18:00:00,0.2159999999999999,-42.19024641722211,1.1112633170628703,1.8413501,3.79119873046875
2024-11-02 19:00:00,2.299968,-38.02984529032601,1.1114946456844814,0.67327696,3.5511703491210938
2024-11-02 20:00:00,7.301384,8.639757245290355,6.683981608450486,5.3436165,3.465381622314453
2024-11-02 21:00:00,11.543175999999995,23.17007028126413,11.494362348489616,13.773352,8.000049591064453
2024-11-02 22:00:00,12.977875,38.930619548967385,13.61621449282625,13.272229,13.353229522705078
2024-11-02 23:00:00,14.348907000000002,32.62966174623104,13.111951980258334,13.420485,16.842151641845703
2024-11-03 00:00:00,16.194276999999996,35.87438247182594,14.978637135704362,14.7720375,15.367050170898438
2024-11-03 01:00:00,16.777216,35.357870042840304,16.40191072967898,16.249598,16.937265396118164
2024-11-03 02:00:00,15.438249000000004,30.122688750534095,16.277278031641096,16.178675,16.26944923400879
2024-11-03 03:00:00,13.144256,21.294889402790673,14.091621838931767,14.108398,17.050687789916992
2024-11-03 04:00:00,11.390625,14.816722657230315,11.51681297234163,11.673444,14.767398834228516
2024-11-03 05:00:00,10.360232000000002,12.092213530030307,10.241186610357405,10.161259,12.836702346801758
2024-11-03 06:00:00,10.218312999999998,5.627859911263286,9.213821079798075,9.664025,9.417583465576172
2024-11-03 07:00:00,7.189056999999999,-1.2779946302936906,8.562783750313937,7.581965,8.639301300048828
2024-11-03 08:00:00,2.1466890000000003,12.119105062957857,4.7377985071077395,4.1197505,7.899240493774414
2024-11-03 09:00:00,0.493039,-8.849012673180155,5.775410791569149,4.4484844,7.324831008911133
2024-11-03 10:00:00,4.096000000000001,-28.429389513553332,4.020542326225025,4.2409725,11.791160583496094
2024-11-03 11:00:00,10.941048000000002,3.747793318221497,11.722801337692081,12.094673,19.0752010345459
2024-11-03 12:00:00,16.777216,20.510760327131436,19.612437661241998,19.751308,28.18977928161621
2024-11-03 13:00:00,20.796875,30.748976891928137,22.80475940546447,21.803663,30.391693115234375
2024-11-03 14:00:00,20.796875,27.068733605438084,23.504225819839963,23.016535,26.745182037353516
2024-11-03 15:00:00,16.194276999999996,21.48449306028529,18.15281158046498,17.67061,21.899429321289062
2024-11-03 16:00:00,8.489664000000001,-5.172973000206483,11.628752565643621,9.161562,12.062400817871094
2024-11-03 17:00:00,8.0,-19.899036772220995,7.7018815487600945,7.9378405,7.347297668457031
2024-11-03 18:00:00,4.492124999999999,-19.21836468008982,7.088510736768468,7.2303753,6.582880020141602
2024-11-03 19:00:00,4.741631999999999,-31.250625313440338,4.518174535733851,4.7113495,7.047178268432617
2024-11-03 20:00:00,7.645372999999999,-9.787688328697143,5.002928504753098,5.129434,5.823022842407227
2024-11-03 21:00:00,9.938375,-2.7803068666200943,9.941858702056773,8.851148,8.057001113891602
2024-11-03 22:00:00,11.089567,6.0974733106319405,11.290407392305134,10.532667,12.686178207397461
2024-11-03 23:00:00,10.941048000000002,4.406382135526897,11.710030169142323,10.96781,12.121801376342773
2024-11-04 00:00:00,10.360232000000002,6.459961010034746,10.619106376165732,10.414545,13.231956481933594
2024-11-04 01:00:00,10.077696,8.535172366704145,9.641186236259767,9.968998,11.845254898071289
2024-11-04 02:00:00,8.869742999999998,7.250416641381747,9.776817905349427,9.282887,11.003339767456055
2024-11-04 03:00:00,7.189056999999999,0.6898435307456623,7.885153993140457,7.6450543,11.316741943359375
2024-11-04 04:00:00,5.6397520000000005,-2.5806094726843867,6.4550997668719114,6.387289,10.015018463134766
2024-11-04 05:00:00,4.492124999999999,-1.2329153487335844,5.222104901980453,4.8958993,9.01089859008789
2024-11-04 06:00:00,4.019679000000001,-4.384454405726899,3.9356248155219733,4.150393,6.402839660644531
2024-11-04 07:00:00,3.307949,-9.89251113805183,3.9217084111104583,2.9067588,4.914945602416992
2024-11-04 08:00:00,0.140608,2.079917987798922,2.7817301289779164,2.3248007,4.051229476928711
2024-11-04 09:00:00,2.924207,-38.41342597012803,2.875340735303416,2.4797401,5.829107284545898
2024-11-04 10:00:00,11.089567,13.7572838579038,11.457709277560323,10.934019,6.727083206176758
2024-11-04 11:00:00,23.887872,27.483816128280793,22.59969062262621,23.20842,23.674598693847656
2024-11-04 12:00:00,34.328125,59.224459045982044,37.46895405276074,40.180984,30.40453338623047
2024-11-04 13:00:00,39.304,76.90524526865705,43.33025031865662,41.94388,55.67669677734375
2024-11-04 14:00:00,33.076161,71.31815593397145,43.32494076811436,43.71647,40.54344940185547
2024-11-04 15:00:00,18.609625,48.56087485535234,26.5916206531304,24.836897,30.493263244628906
2024-11-04 16:00:00,5.832000000000001,7.800770948581501,8.559839205392946,7.672276,10.550949096679688
2024-11-04 17:00:00,3.375,-10.203974821213691,4.599915716497403,4.9108467,6.126575469970703
2024-11-04 18:00:00,0.405224,-13.156339304897827,1.99323582309308,2.5679162,6.151607513427734
2024-11-04 19:00:00,0.456533,-29.990334567556488,1.0589896798037486,1.0085143,5.28404426574707
2024-11-04 20:00:00,3.307949,-5.278061363495937,2.137990884912737,1.5612825,4.283054351806641
2024-11-04 21:00:00,7.529535999999999,14.615893198582057,7.477232481473555,7.80971,5.242483139038086
2024-11-04 22:00:00,10.941048000000002,30.195263070047005,11.734370768531344,10.7265215,10.322193145751953
2024-11-04 23:00:00,12.812903999999998,31.925651577890946,12.529335637385623,12.178209,11.612640380859375
2024-11-05 00:00:00,13.312053000000002,35.74639251753318,13.720242131993814,13.317596,14.244384765625
2024-11-05 01:00:00,12.977875,34.016886551447655,13.2977423689818,13.6719265,13.748889923095703
2024-11-05 02:00:00,12.166999999999998,28.626186566814326,12.262886916692894,12.121716,14.20743179321289
2024-11-05 03:00:00,11.543175999999995,20.86238724674884,11.400123548222433,11.234014,14.200933456420898
2024-11-05 04:00:00,10.077696,17.010648108120776,10.769009898500382,10.520968,13.446504592895508
2024-11-05 05:00:00,9.800344,14.20524704402726,9.022222732754752,8.956179,12.273231506347656
2024-11-05 06:00:00,12.487167999999995,11.083461759141287,9.409986244431082,9.068521,9.045980453491211
2024-11-05 07:00:00,12.326391,11.261359892458387,12.894753239656755,11.736245,8.081132888793945
2024-11-05 08:00:00,16.387064000000002,22.108474707558756,12.050211151680758,11.308046,9.794689178466797
2024-11-05 09:00:00,12.326391,34.88764417960023,28.334949954385582,21.648893,8.132905960083008
2024-11-05 10:00:00,9.129328999999998,7.737263694616104,11.933551912175233,11.934667,39.35818099975586
2024-11-05 11:00:00,11.697083,-9.283496356107705,10.266843872185671,9.567773,21.01132583618164
2024-11-05 12:00:00,19.465109,4.105100143361682,17.173183028437503,15.641462,18.34421157836914
2024-11-05 13:00:00,30.371328,22.58646123172217,31.73818232937581,27.717056,23.167617797851562
2024-11-05 14:00:00,33.698267,29.649353473113464,35.83770254078842,36.201675,32.14103698730469
2024-11-05 15:00:00,25.412184,24.320398637376186,32.628007480941335,32.135426,37.77344512939453
2024-11-05 16:00:00,8.0,3.1770863493124466,12.605747276665218,12.145634,15.022344589233398
2024-11-05 17:00:00,6.644671999999999,-17.927207909933486,6.40142587275946,7.021403,8.990547180175781
2024-11-05 18:00:00,3.307949,-9.839739145266464,5.039975296772333,5.1153836,6.598453521728516
2024-11-05 19:00:00,2.000376,-22.97567248268004,2.6099661904360976,3.3362415,7.078521728515625
2024-11-05 20:00:00,2.744,-6.899907508060011,1.644724168528972,2.622966,5.746402740478516
2024-11-05 21:00:00,4.173281000000001,-6.970153717372796,3.5148383337036013,3.5405025,5.035655975341797
2024-11-05 22:00:00,5.6397520000000005,2.418616881401661,5.470315479940436,5.3045487,7.609561920166016
2024-11-05 23:00:00,6.331625000000001,6.217025394936783,6.96394595628034,7.3324823,7.304319381713867
2024-11-06 00:00:00,6.229504,7.275195922062238,6.74055730569761,6.508346,9.828227996826172
2024-11-06 01:00:00,5.735339000000001,3.470655793925971,6.327724011408914,6.463937,10.021110534667969
2024-11-06 02:00:00,5.5452330000000005,2.481530536166133,5.897909999434419,6.068011,9.610305786132812
2024-11-06 03:00:00,4.912999999999999,-1.6058816795350594,5.483688808703829,5.704093,8.685428619384766
2024-11-06 04:00:00,3.944312000000001,-10.67321466222269,4.6117074357007155,4.518396,8.499393463134766
2024-11-06 05:00:00,3.442951,-11.923558537867805,3.7019690892064308,3.830544,6.770551681518555
2024-11-06 06:00:00,3.5118080000000003,-15.316781150268284,3.09065126966796,3.5991783,4.847803115844727
2024-11-06 07:00:00,3.241792,-20.32241534270068,3.7679740212827295,2.773954,4.0142822265625
2024-11-06 08:00:00,0.3579109999999999,-14.572841472043194,4.13885876280808,3.414487,4.203739166259766
2024-11-06 09:00:00,2.1466890000000003,-42.18057719547339,2.440967825606865,2.9325829,6.330671310424805
2024-11-06 10:00:00,14.172488,-7.615589984696911,8.380841578398945,8.8806925,8.016691207885742
2024-11-06 11:00:00,34.965783,35.70655801281636,26.56168245988857,27.636858,20.042144775390625
2024-11-06 12:00:00,53.582633,78.75349988126005,54.1492589305265,55.20837,43.0519905090332
2024-11-06 13:00:00,66.92341599999997,104.3118371614686,67.44712868382533,65.206154,78.73805236816406
2024-11-06 14:00:00,68.41792899999999,107.63339784088411,74.08345497048121,69.66335,64.87692260742188
2024-11-06 15:00:00,45.499293,97.69593552976538,53.6580601878547,55.41788,49.728302001953125
2024-11-06 16:00:00,12.326391,52.162960662353115,19.259822686190674,17.549147,18.006980895996094
2024-11-06 17:00:00,10.503459,8.337119923285826,11.289259005133534,12.002023,10.359922409057617
2024-11-06 18:00:00,5.735339000000001,20.390515962915515,8.944169048281772,8.647663,9.334012985229492
2024-11-06 19:00:00,3.442951,1.3302679646019584,4.861145300168647,4.6582594,9.32352066040039
2024-11-06 20:00:00,3.581577,3.9817600432991895,2.7687905247331543,3.6169822,7.687774658203125
2024-11-06 21:00:00,4.251528,-4.5805451827145305,3.983241784973485,4.35169,6.7339630126953125
2024-11-06 22:00:00,5.177717,-3.4742092183084594,4.566304949739212,4.3611617,8.779129028320312
2024-11-06 23:00:00,6.028568000000001,1.9164125877019558,6.082559648465246,6.6196947,7.139871597290039
2024-11-07 00:00:00,6.858999999999999,4.160142726089873,6.522708611526308,6.218571,7.362485885620117
2024-11-07 01:00:00,7.301384,7.233134246549,7.354060295121636,7.373149,8.489692687988281
2024-11-07 02:00:00,7.762391999999999,9.585832976299685,7.639270012853898,7.1162777,8.663433074951172
2024-11-07 03:00:00,8.0,8.333313326116539,7.846090182224274,7.8810396,9.532135009765625
2024-11-07 04:00:00,8.615124999999997,5.934975203922434,8.010705154445784,8.0410795,9.422521591186523
2024-11-07 05:00:00,10.218312999999998,11.94558701248593,8.855015026171175,8.428468,9.079217910766602
2024-11-07 06:00:00,11.697083,15.489556554458773,11.927407471909762,10.241445,7.45111083984375
2024-11-07 07:00:00,10.503459,13.702002575937513,11.803419155975039,9.908197,7.73082160949707
2024-11-07 08:00:00,8.869742999999998,11.300156784514826,8.9837734403518,9.055778,8.325849533081055
2024-11-07 09:00:00,3.944312000000001,7.029822132088881,13.934460301906887,9.969025,11.434986114501953
2024-11-07 10:00:00,3.176523,-19.388263609196045,5.443652564787836,5.624371,19.904390335083008
2024-11-07 11:00:00,8.998912,-27.186074541278046,6.277931799280987,6.822122,17.789775848388672
2024-11-07 12:00:00,15.252992,3.550516407680263,16.813814138950104,16.775608,17.6055850982666
2024-11-07 13:00:00,17.173512000000002,16.55484635684894,21.27785903765921,20.30516,23.96762466430664
2024-11-07 14:00:00,16.387064000000002,7.504324789099272,18.82215368078283,16.440674,20.944900512695312
2024-11-07 15:00:00,11.697083,-0.29758353927940107,14.86881840058471,12.764383,15.027292251586914
2024-11-07 16:00:00,4.330746999999999,-19.800665811506576,6.972929805414809,6.6969395,8.619007110595703
2024-11-07 17:00:00,3.112136,-35.554127703427156,2.5352151755810746,3.05274,4.39445686340332
2024-11-07 18:00:00,0.7049690000000001,-29.369953318969053,2.4745358976427276,2.4109602,3.6040916442871094
2024-11-07 19:00:00,0.636056,-41.6277979673596,0.9535990467256606,1.7441093,4.426225662231445
2024-11-07 20:00:00,2.097152,-16.089750421648944,1.3770240343355513,1.9933183,3.636798858642578
2024-11-07 21:00:00,3.581577,-1.6480208853648861,5.010830483208847,4.658829,4.802524566650391
2024-11-07 22:00:00,4.826809,5.077995355639615,5.157343760345887,4.64796,7.577320098876953
2024-11-07 23:00:00,5.929741000000001,6.07574930631786,5.9081969252977,5.880205,7.6799468994140625
2024-11-08 00:00:00,6.539203000000001,10.650641327585802,6.668959068230756,6.5377192,9.178749084472656
2024-11-08 01:00:00,6.967870999999999,8.639488478062404,7.065574404015876,6.6843534,9.319332122802734
2024-11-08 02:00:00,7.077887999999999,8.493223673406035,7.282566061655431,7.303869,9.43429183959961
2024-11-08 03:00:00,7.414874999999999,5.653919384384039,6.914221782890581,6.898786,9.586519241333008
2024-11-08 04:00:00,7.189056999999999,4.679208646749942,7.185682137378336,6.9535837,8.933109283447266
2024-11-08 05:00:00,7.077887999999999,5.3473303437561555,6.646316371191707,6.6584134,8.613203048706055
2024-11-08 06:00:00,7.414874999999999,2.5088666198895027,6.359003292651064,6.512886,6.468500137329102
2024-11-08 07:00:00,5.735339000000001,-1.9774298904641796,7.399313655113266,5.6419697,6.062168121337891
2024-11-08 08:00:00,2.924207,-6.554838500385543,4.654192677848707,4.94645,5.656282424926758
2024-11-08 09:00:00,1.4428969999999997,-13.097592914264297,4.2551966360757,4.75339,6.443761825561523
2024-11-08 10:00:00,4.826809,-27.760999198762306,4.91294207867488,5.380061,8.991140365600586
2024-11-08 11:00:00,13.481272,-7.428181374944373,10.454594233715593,11.325139,14.761171340942383
2024-11-08 12:00:00,22.665187000000003,23.62141056688786,22.50921204039384,22.05919,20.831850051879883
2024-11-08 13:00:00,28.094464,38.55249444312223,28.942155327164805,29.983467,28.685508728027344
2024-11-08 14:00:00,28.372625,37.75264061610115,29.81274312482205,30.198107,29.20120620727539
2024-11-08 15:00:00,22.425767999999994,32.41639581424984,25.901711584402218,24.33341,20.6053466796875
2024-11-08 16:00:00,7.301384,10.15146337776227,12.266163757081808,11.629881,11.466058731079102
2024-11-08 17:00:00,6.028568000000001,-16.9403864197255,5.5832990036106125,6.3946886,6.828104019165039
2024-11-08 18:00:00,2.299968,-5.174060459475854,5.059565819502124,4.5492463,5.16741943359375
2024-11-08 19:00:00,1.0,-21.72528033502583,1.6712037096089876,2.122299,6.37788200378418
2024-11-08 20:00:00,1.771561,-10.479996232845409,1.1278924549160747,1.9969404,4.618440628051758
2024-11-08 21:00:00,3.375,-7.4744707118859,2.697286308148963,2.5879176,4.502950668334961
2024-11-08 22:00:00,4.741631999999999,1.9354930632615037,4.9862237773531595,4.8483024,7.364421844482422
2024-11-08 23:00:00,5.735339000000001,4.48468290092157,5.987844856239067,5.6347075,6.925468444824219
2024-11-09 00:00:00,6.751268999999999,7.599792328414907,6.740957567939083,6.732035,8.732759475708008
2024-11-09 01:00:00,7.414874999999999,10.849359746366758,7.388638705625517,7.313567,8.747116088867188
2024-11-09 02:00:00,8.869742999999998,12.746983255256723,8.103386120353628,7.602822,9.195981979370117
2024-11-09 03:00:00,9.261,15.16002850623164,9.12943380130121,8.813387,9.242496490478516
2024-11-09 04:00:00,8.0,14.207514821923255,9.219843081023436,8.988739,10.276588439941406
2024-11-09 05:00:00,7.189056999999999,10.906363818037633,7.602629846787249,7.515039,8.566564559936523
2024-11-09 06:00:00,7.301384,6.384240133211421,6.5193542587488125,6.557223,6.349266052246094
2024-11-09 07:00:00,6.967870999999999,0.9893597401526932,6.6093602434499825,5.4032297,5.176774978637695
2024-11-09 08:00:00,8.741816,2.1449783535456106,6.231961255099112,5.8324194,6.381460189819336
2024-11-09 09:00:00,5.735339000000001,9.22592213249466,12.40150167070083,12.61317,7.762443542480469
2024-11-09 10:00:00,5.268024,-14.455003803923347,7.664645132316277,5.998197,16.457883834838867
2024-11-09 11:00:00,9.938375,-21.04278933394039,9.089756712811319,10.045669,15.82560920715332
2024-11-09 12:00:00,15.625,1.2789146660911825,14.940748715159781,15.896567,16.379772186279297
2024-11-09 13:00:00,18.821096000000004,10.508593156785736,20.573658308766717,21.072292,19.968488693237305
2024-11-09 14:00:00,15.625,5.37495676651875,20.523726349741192,20.557985,19.278730392456055
2024-11-09 15:00:00,9.393930999999998,-9.705172703882582,12.754885232466709,12.12583,15.374740600585938
2024-11-09 16:00:00,2.744,-32.63019611433502,4.939672178722063,4.7199225,8.000381469726562
2024-11-09 17:00:00,1.815848,-40.81658502949293,1.844999851610194,2.1782322,4.232481002807617
2024-11-09 18:00:00,0.3429999999999999,-28.301103721909854,2.3081678634203127,3.1810317,3.5688095092773438
2024-11-09 19:00:00,0.287496,-45.18265227905942,0.8325442760244571,1.3111091,4.327110290527344
2024-11-09 20:00:00,1.685159,-28.27109862213584,1.1602914353664489,1.2936387,3.9752960205078125
2024-11-09 21:00:00,3.112136,-6.615798243857512,4.541180942668564,3.6154404,4.699411392211914
2024-11-09 22:00:00,4.251528,-0.002296944021395575,4.350990521545153,3.8680644,7.898708343505859
2024-11-09 23:00:00,4.741631999999999,3.6299048437652743,5.085634555861773,4.365217,7.208778381347656
2024-11-10 00:00:00,5.000210999999999,6.154711388631682,5.173163194463627,5.0758014,8.735353469848633
2024-11-10 01:00:00,5.359375,7.304137724730964,4.929360968792477,4.6294694,7.764797210693359
2024-11-10 02:00:00,5.088448,5.99926458533227,5.199710555367393,5.4932823,7.66148567199707
2024-11-10 03:00:00,4.173281000000001,-0.1615825432830178,4.854870155075544,4.9503508,7.210113525390625
2024-11-10 04:00:00,3.241792,-4.372428249162795,3.801211897207445,3.8211906,6.381534576416016
2024-11-10 05:00:00,3.0486249999999995,-6.502545617537635,2.898542492009731,3.1270797,4.922405242919922
2024-11-10 06:00:00,3.581577,-9.024061457738114,3.056228257092326,3.1706533,3.886394500732422
2024-11-10 07:00:00,3.112136,-12.888363707921826,4.475495840397025,3.2737913,3.8675193786621094
2024-11-10 08:00:00,0.658503,-18.05079566245881,4.081404692811189,2.5573595,4.524864196777344
2024-11-10 09:00:00,0.3579109999999999,-40.70183288525719,2.3912679409836484,2.7295907,4.989204406738281
2024-11-10 10:00:00,5.000210999999999,-42.02155897717756,3.5966584850278918,3.2549734,6.850553512573242
2024-11-10 11:00:00,12.487167999999995,-0.007535869688467756,11.887142607519067,13.358142,12.530523300170898
2024-11-10 12:00:00,21.717639,20.769945406514736,21.641118734878006,20.856907,21.612266540527344
2024-11-10 13:00:00,27.270900999999995,43.811014778319546,30.362832862239753,28.89659,25.919567108154297
2024-11-10 14:00:00,22.188041,43.208564112950924,29.04348254634847,30.093803,31.316665649414062
2024-11-10 15:00:00,12.977875,23.088690903648782,15.60212994301972,16.053423,20.576705932617188
2024-11-10 16:00:00,3.944312000000001,-8.520405826234779,7.533296773026605,6.2426786,9.900407791137695
2024-11-10 17:00:00,2.803221,-29.067036128412454,2.163611916394802,2.829218,4.45538330078125
2024-11-10 18:00:00,0.493039,-20.27655301614466,2.2617453540885584,2.8584297,3.940654754638672
2024-11-10 19:00:00,0.157464,-38.21772050735849,0.8309650691580306,1.4242859,4.812679290771484
2024-11-10 20:00:00,1.6430319999999998,-25.771350756633424,0.9988822406765222,1.1158813,4.070165634155273
2024-11-10 21:00:00,3.869893,1.290902574256208,4.8762100219026925,4.007348,4.493696212768555
2024-11-10 22:00:00,6.028568000000001,9.009988516932012,6.004937620678437,6.1519704,8.985191345214844
2024-11-10 23:00:00,8.365426999999997,12.462094411889126,7.562185465311883,7.550391,8.486530303955078
2024-11-11 00:00:00,10.218312999999998,18.781365881724625,9.457829513278565,8.76505,10.57125473022461
2024-11-11 01:00:00,11.543175999999995,22.973864025029584,11.132855084715665,11.084974,10.931396484375
2024-11-11 02:00:00,11.852351999999996,24.791789067286132,11.953090817816427,11.223759,12.329858779907227
2024-11-11 03:00:00,10.360232000000002,21.690456980912288,11.697582142595575,11.5262985,12.689340591430664
2024-11-11 04:00:00,8.615124999999997,16.69018950223561,8.983504128290981,9.497708,11.168203353881836
2024-11-11 05:00:00,8.0,13.40518152407499,7.7156116346809425,7.768235,8.79527473449707
2024-11-11 06:00:00,7.880599,10.609400731268366,7.657548398687157,7.9486165,6.441749572753906
2024-11-11 07:00:00,5.832000000000001,5.545070733600355,7.3357850629721835,6.410723,5.893344879150391
2024-11-11 08:00:00,0.8573749999999999,-3.176337021739812,4.406031087980184,4.2458644,5.681425094604492
2024-11-11 09:00:00,1.3310000000000004,-26.623523024258674,2.4850440848717947,3.3953025,6.421802520751953
2024-11-11 10:00:00,7.880599,-8.37246793803078,5.650600557537186,6.719669,5.836277008056641
2024-11-11 11:00:00,16.974592999999995,17.74012404126293,17.991241711389808,18.446598,15.611761093139648
2024-11-11 12:00:00,24.642171000000005,37.470313665247474,25.059166489669202,23.857718,25.544239044189453
2024-11-11 13:00:00,26.730899000000004,45.8413995728114,30.406607410355154,30.713236,34.12671661376953
2024-11-11 14:00:00,23.149125,33.49358011535715,24.955234650353113,23.876554,30.318431854248047
2024-11-11 15:00:00,15.252992,20.13482259519138,17.273519342192852,17.561106,16.197650909423828
2024-11-11 16:00:00,4.096000000000001,-12.09150263446277,8.051374429440505,7.95254,10.032697677612305
2024-11-11 17:00:00,2.985984,-34.15427882226341,2.1052451975607873,3.1182404,5.866554260253906
2024-11-11 18:00:00,0.681472,-18.908317538535343,2.359988331155895,2.4813108,5.04728889465332
2024-11-11 19:00:00,0.0428749999999999,-35.557300454116785,0.8922347369358623,1.6594746,5.883691787719727
2024-11-11 20:00:00,0.079507,-30.87844952950988,1.0044498011300484,0.77433556,4.742807388305664
2024-11-11 21:00:00,1.092727,-23.17786628829232,0.9288817192853221,0.50464666,4.212343215942383
2024-11-11 22:00:00,3.442951,2.353978922797836,3.541936855958502,2.2818356,4.824636459350586
2024-11-11 23:00:00,7.077887999999999,15.381608292953885,6.276250143010645,6.831194,7.003231048583984
2024-11-12 00:00:00,11.089567,31.194396182906686,9.975526165255243,10.049987,9.297615051269531
2024-11-12 01:00:00,13.481272,37.19739886137482,12.739384460285175,13.2747755,12.287370681762695
2024-11-12 02:00:00,14.526784,43.166184359332235,14.595329705740928,14.515828,13.648277282714844
2024-11-12 03:00:00,13.997521000000004,40.917133393856616,15.102893671071483,14.625272,14.943975448608398
2024-11-12 04:00:00,12.812903999999998,31.73718547261656,12.991705533082138,13.008735,13.425167083740234
2024-11-12 05:00:00,10.360232000000002,25.881628946819276,11.716992940870211,11.632254,11.994367599487305
2024-11-12 06:00:00,8.0,13.395573205334728,8.70782773264791,9.420597,8.425216674804688
2024-11-12 07:00:00,5.832000000000001,1.4235531682034264,7.0837921383023295,5.484178,6.127876281738281
2024-11-12 08:00:00,1.4049280000000004,-3.5535858454714315,4.642117245248438,4.53021,5.114139556884766
2024-11-12 09:00:00,0.3285089999999999,-23.364976678770006,2.2950140623634105,2.33464,7.04863166809082
2024-11-12 10:00:00,8.615124999999997,-30.743554885625286,3.158652362627963,4.0910034,6.373212814331055
2024-11-12 11:00:00,26.198073000000004,30.05707727396951,19.286331856470454,19.887438,10.995916366577148
2024-11-12 12:00:00,39.304,60.20173089045802,43.48403674499933,43.77187,36.5474967956543
2024-11-12 13:00:00,44.361864,74.30849107123304,51.01465771260868,49.932,55.917057037353516
2024-11-12 14:00:00,44.73887499999999,69.49249083639451,43.40031176146695,44.62919,48.07513427734375
2024-11-12 15:00:00,32.15743200000001,55.13754937506458,36.39781793548492,38.22898,30.855751037597656
2024-11-12 16:00:00,9.393930999999998,14.326648928952565,13.371124323921162,13.859693,16.234363555908203
2024-11-12 17:00:00,8.869742999999998,-17.29749842474827,7.996652225578908,8.722828,9.490571975708008
2024-11-12 18:00:00,7.529535999999999,3.072813396866138,7.160551070495285,7.1661296,8.221330642700195
2024-11-12 19:00:00,8.120600999999997,-0.5691691404441599,6.851798890554965,7.488771,9.429327011108398
2024-11-12 20:00:00,8.998912,13.942702687670916,8.504677942652972,8.6709,9.986673355102539
2024-11-12 21:00:00,9.528128,8.899084617111043,9.590497781507006,9.724827,10.312541961669922
2024-11-12 22:00:00,10.648000000000003,3.5567533483326486,10.018649469315532,10.093525,12.012828826904297
2024-11-12 23:00:00,13.144256,5.664898183564603,11.204993693725424,10.960082,10.116783142089844
2024-11-13 00:00:00,15.625,15.148509340302624,15.090507329952489,14.459656,11.639610290527344
2024-11-13 01:00:00,15.813250999999996,18.346719704706956,16.333363044396783,16.172007,14.344444274902344
2024-11-13 02:00:00,14.348907000000002,16.8646102039216,15.403131579016131,15.442181,13.983552932739258
2024-11-13 03:00:00,12.812903999999998,13.47429944981586,13.38820865766363,13.292139,13.568992614746094
2024-11-13 04:00:00,12.008989,10.846205466095,11.506085755216688,11.112073,11.000310897827148
2024-11-13 05:00:00,11.239424000000003,11.197533494952395,11.144282182338456,11.636339,9.51003646850586
2024-11-13 06:00:00,5.735339000000001,6.837926207771432,10.369761508262425,10.174408,7.7346954345703125
2024-11-13 07:00:00,2.299968,-13.75649973872396,4.633176782809499,3.3170183,5.65533447265625
2024-11-13 08:00:00,3.112136,-13.625032282385646,2.3151779581006675,1.5522258,3.1323280334472656
2024-11-13 09:00:00,13.144256,6.846864205667586,9.17042346531102,9.881463,6.3194427490234375
2024-11-13 10:00:00,15.252992,50.24075498856969,26.92440559486006,26.95576,25.296958923339844
2024-11-13 11:00:00,23.887872,27.74819262951236,17.586517977923698,17.246725,37.898040771484375
2024-11-13 12:00:00,41.06362500000001,51.06541373427889,33.35727730771361,35.255306,30.108577728271484
2024-11-13 13:00:00,58.86386900000001,76.05818385344541,59.76818180893565,53.55931,38.38771057128906
2024-11-13 14:00:00,57.51245599999999,82.09928979044004,71.21431401973703,70.24365,66.30935668945312
2024-11-13 15:00:00,35.611289,55.358294501305764,51.56822404039888,48.644737,58.974159240722656
2024-11-13 16:00:00,9.528128,12.580493643400033,12.186628654526931,10.524919,16.873062133789062
2024-11-13 17:00:00,7.189056999999999,-12.474661473203682,8.44849961133839,8.862095,10.940567016601562
2024-11-13 18:00:00,2.803221,3.6776588383580133,5.664103035140609,5.1447473,9.27391242980957
2024-11-13 19:00:00,2.1466890000000003,-15.608539298387228,2.4899359176054556,2.5694017,8.145427703857422
2024-11-13 20:00:00,3.796416,-1.3416469819522518,2.9614152757752463,3.6769063,6.362140655517578
2024-11-13 21:00:00,6.644671999999999,-0.04637798612495203,5.964505444069984,6.542057,6.639646530151367
2024-11-13 22:00:00,9.261,12.041777515881137,8.662789172321443,8.606842,9.536596298217773
2024-11-13 23:00:00,11.089567,15.665825865786957,10.930397846298167,10.437328,8.920495986938477
2024-11-14 00:00:00,13.144256,19.25363626549698,12.0178595097797,11.560891,11.590278625488281
2024-11-14 01:00:00,13.481272,25.293003154187303,14.158697798128344,13.612499,11.784393310546875
2024-11-14 02:00:00,12.326391,25.106937983275984,13.00626607479306,13.057774,13.197809219360352
2024-11-14 03:00:00,9.393930999999998,19.473752845546613,11.553984315736646,11.370461,12.414657592773438
2024-11-14 04:00:00,7.529535999999999,10.094856067155206,8.301458745894628,8.295546,11.397035598754883
2024-11-14 05:00:00,7.189056999999999,9.674211101107716,6.436635267769816,6.5883474,8.55126953125
2024-11-14 06:00:00,7.762391999999999,6.684395174002745,6.544251455881973,6.6709,6.98365592956543
2024-11-14 07:00:00,7.077887999999999,0.14379270918054488,7.577993083873664,6.421935,5.646053314208984
2024-11-14 08:00:00,4.912999999999999,4.669839597352492,5.584888221202127,5.5895934,6.381734848022461
2024-11-14 09:00:00,1.6016129999999995,-5.729233523942469,3.366872229826339,4.6276526,5.688371658325195
2024-11-14 10:00:00,1.3310000000000004,-28.00551981212827,4.7133575274249635,3.3362875,11.551267623901367
2024-11-14 11:00:00,7.529535999999999,-28.68687340552958,5.780264208647634,5.510265,12.76348876953125
2024-11-14 12:00:00,15.069223000000004,13.047864409652746,17.92761000025503,16.875881,16.2840576171875
2024-11-14 13:00:00,20.346417,25.269941236944916,22.455816092566735,21.977247,27.40093421936035
2024-11-14 14:00:00,22.188041,21.931561420353304,24.14567019756782,23.125675,24.001718521118164
2024-11-14 15:00:00,16.777216,16.70811773266945,20.87636664626184,20.684984,18.978639602661133
2024-11-14 16:00:00,7.077887999999999,-0.33798308512625397,11.527801911963884,8.684566,9.989669799804688
2024-11-14 17:00:00,7.077887999999999,-12.886476436997029,5.9585397002585685,6.4862638,6.049055099487305
2024-11-14 18:00:00,3.307949,-2.2866865968855734,5.722045596353938,5.6575813,5.398107528686523
2024-11-14 19:00:00,1.2950290000000002,-22.979796976311576,2.6897818266834204,3.0105436,6.227630615234375
2024-11-14 20:00:00,2.6280719999999995,-17.58982535074277,1.0537881316432978,2.3043559,4.891754150390625
2024-11-14 21:00:00,5.6397520000000005,-2.607918924590024,4.493374456953553,4.679007,4.4879302978515625
2024-11-14 22:00:00,8.489664000000001,12.531471513971198,8.63696545734909,8.789589,8.356086730957031
2024-11-14 23:00:00,10.793861,12.86341115006337,10.612694044919785,10.267637,8.487154006958008
2024-11-15 00:00:00,11.239424000000003,16.2065258372984,11.592313070010768,10.916531,12.319074630737305
2024-11-15 01:00:00,9.261,17.436447703862456,11.527911023731498,10.913218,11.935026168823242
2024-11-15 02:00:00,6.434856000000001,13.003896483494174,8.320656839358918,8.4486,11.41254997253418
2024-11-15 03:00:00,3.723875000000001,2.52285711331524,5.082058032989793,5.4497743,9.046070098876953
2024-11-15 04:00:00,2.097152,-6.802254015665426,3.123772355243456,3.1771452,7.414630889892578
2024-11-15 05:00:00,1.5608959999999996,-14.209736024070196,1.7962419503287577,2.0358202,6.018918991088867
2024-11-15 06:00:00,1.4428969999999997,-20.58584304957985,1.9158268424244573,2.3002295,5.003959655761719
2024-11-15 07:00:00,1.2597120000000002,-27.015124431344177,1.6196491623024818,1.2534059,4.647365570068359
2024-11-15 08:00:00,0.2159999999999999,-28.42814194896286,1.6588724894331985,1.4760765,4.426614761352539
2024-11-15 09:00:00,11.543175999999995,-39.93935051640254,2.1937981155627084,2.4295788,4.477210998535156
2024-11-15 10:00:00,22.665187000000003,60.84103110365642,26.269441173521358,26.768087,5.6909637451171875
2024-11-15 11:00:00,28.094464,62.11474329257608,32.74158634235877,33.59205,45.84446716308594
2024-11-15 12:00:00,34.012224,69.18024635675452,33.43949889504857,32.87195,35.60362243652344
2024-11-15 13:00:00,44.73887499999999,79.3716686455921,35.28367133168911,34.90923,45.95694351196289
2024-11-15 14:00:00,51.064811,81.78323936275011,49.51245533159551,47.872177,30.29397964477539
2024-11-15 15:00:00,36.264691,60.72593543613753,48.58004324862052,46.418415,40.04373550415039
2024-11-15 16:00:00,12.649337,16.696879092131,13.327126813265375,11.789252,16.595901489257812
2024-11-15 17:00:00,13.997521000000004,-6.710601710882514,11.723944053688179,12.12639,11.521421432495117
2024-11-15 18:00:00,8.869742999999998,14.128521818832567,12.415542382275571,11.947518,9.463033676147461
2024-11-15 19:00:00,6.967870999999999,-7.422341478998675,7.527263986352707,7.0504704,10.692663192749023
2024-11-15 20:00:00,8.489664000000001,0.47228687019330096,6.022032115444452,6.6411543,8.76474380493164
2024-11-15 21:00:00,8.120600999999997,-1.8604589983578137,9.50371902267249,9.421776,8.389976501464844
2024-11-15 22:00:00,6.644671999999999,-3.682742713243087,7.868154051483435,8.213059,11.445316314697266
2024-11-15 23:00:00,5.451776,-5.646247119380618,5.745359195301561,6.1000113,7.991575241088867
2024-11-16 00:00:00,5.088448,-7.552697002239469,4.899868193839759,5.170938,7.829380035400391
2024-11-16 01:00:00,5.735339000000001,-9.496756241810914,4.828109077930096,5.0958652,6.322225570678711
2024-11-16 02:00:00,5.5452330000000005,-7.383661714073,6.317869342824217,6.193922,6.7318878173828125
2024-11-16 03:00:00,4.330746999999999,-12.054849373064656,5.483688808703829,5.564071,7.411201477050781
2024-11-16 04:00:00,3.442951,-16.11705461211767,3.894618360930683,4.115079,6.833158493041992
2024-11-16 05:00:00,2.924207,-11.723246964015658,3.311388296467718,3.3448598,5.083171844482422
2024-11-16 06:00:00,2.803221,-14.336964809323476,2.9187053836126937,3.1699731,3.9884872436523438
2024-11-16 07:00:00,1.906624,-19.038972881521644,3.4222680881439076,2.5801778,3.7175865173339844
2024-11-16 08:00:00,5.929741000000001,-27.063653283184152,2.600268752755967,2.2576466,4.053157806396484
2024-11-16 09:00:00,44.73887499999999,13.44080512372993,18.931594237712943,16.601511,5.439783096313477
2024-11-16 10:00:00,62.57077300000001,113.36626733643025,82.4417716148544,80.19523,32.62897491455078
2024-11-16 11:00:00,73.56005900000002,109.11397951937796,75.4804040906769,72.069756,85.25690460205078
2024-11-16 12:00:00,88.121125,121.57595883727983,86.50336453954364,80.17288,90.20623779296875
2024-11-16 13:00:00,96.071912,134.33139427407917,96.68068129047,97.400314,83.5266342163086
2024-11-16 14:00:00,89.91539200000003,118.92032098209226,92.21063766879512,88.228325,83.97624969482422
2024-11-16 15:00:00,57.51245599999999,82.5477308531451,63.33580987778801,60.64323,53.58575439453125
2024-11-16 16:00:00,15.252992,37.16866603450772,17.359539055104168,17.345709,18.56545066833496
2024-11-16 17:00:00,17.779580999999997,-1.4369349807056864,14.20842808535637,14.8551235,13.509723663330078
2024-11-16 18:00:00,13.997521000000004,26.429769954600502,16.02082592438913,15.5659685,11.548917770385742
2024-11-16 19:00:00,11.697083,10.001952151494933,12.439748751907082,13.243296,11.510854721069336
2024-11-16 20:00:00,11.543175999999995,9.900829249538404,10.847899804321747,10.916164,10.930187225341797
2024-11-16 21:00:00,11.697083,1.1399265128446388,10.974324044195528,11.2716055,9.941429138183594
2024-11-16 22:00:00,11.697083,1.7588368291103365,11.460254578401793,11.577114,11.244026184082031
2024-11-16 23:00:00,12.166999999999998,6.130949999278954,11.372581639171658,11.292132,10.41994857788086
2024-11-17 00:00:00,12.326391,7.833600933118888,11.88456489939466,11.868565,9.877082824707031
2024-11-17 01:00:00,12.008989,5.698276603810044,11.977175693224751,12.100482,11.590885162353516
2024-11-17 02:00:00,11.089567,8.070243363981177,11.590451992927326,11.815316,11.114620208740234
2024-11-17 03:00:00,8.869742999999998,6.944084567892759,10.245109664481355,10.102909,11.826179504394531
2024-11-17 04:00:00,6.858999999999999,0.976469072541903,7.8235345785950425,7.3507314,9.423564910888672
2024-11-17 05:00:00,5.451776,5.7917209507416345,5.86205435871742,6.0743237,7.620443344116211
2024-11-17 06:00:00,4.657462999999999,3.9724637383295516,4.82145641323416,4.4279685,4.798685073852539
2024-11-17 07:00:00,3.442951,-1.8240851862271796,4.072237474576127,3.2446527,4.492048263549805
2024-11-17 08:00:00,2.197,-6.164120562931743,2.847353690992583,2.8348873,4.551023483276367
2024-11-17 09:00:00,19.902511,-13.136445183995718,8.216763871935902,7.3599715,7.34800910949707
2024-11-17 10:00:00,25.934336,65.5521259399353,41.408317874875756,39.27801,18.683544158935547
2024-11-17 11:00:00,27.270900999999995,49.13203803086252,29.920528894498435,30.370892,50.7099723815918
2024-11-17 12:00:00,32.461759,52.036295343288074,30.556847881375305,30.946163,42.44500732421875
2024-11-17 13:00:00,39.651821000000005,64.89310757716673,35.558889152937496,34.451317,36.10478973388672
2024-11-17 14:00:00,40.001688,57.54597147328904,43.95817396819105,43.76112,29.736766815185547
2024-11-17 15:00:00,30.080231,29.679097828364846,36.42522309334953,32.015297,28.053808212280273
2024-11-17 16:00:00,12.166999999999998,2.3741950308880178,13.401957847704534,11.747741,12.771780014038086
2024-11-17 17:00:00,13.312053000000002,-12.369345103592863,11.671942542697098,12.26707,9.406253814697266
2024-11-17 18:00:00,7.645372999999999,4.672540917117942,11.855206791431147,11.282241,8.282087326049805
2024-11-17 19:00:00,5.929741000000001,-14.498641000885797,6.30368336646872,6.3514895,9.4549560546875
2024-11-17 20:00:00,6.229504,-4.0656072993973424,5.359645195964568,5.667371,7.46910285949707
2024-11-17 21:00:00,6.128487000000001,-10.550068663987545,6.772359004380402,6.848915,7.807600021362305
2024-11-17 22:00:00,5.5452330000000005,-8.170068986602686,6.465250303305977,6.656082,9.406606674194336
2024-11-17 23:00:00,4.574296,-8.611613926435254,5.388482451363693,5.687733,7.102771759033203
2024-11-18 00:00:00,3.581577,-12.94766315324921,4.038473375169738,4.253087,6.213537216186523
2024-11-18 01:00:00,2.5154560000000004,-14.75777701715306,3.538767631113409,3.537149,5.2655487060546875
2024-11-18 02:00:00,1.815848,-17.232704261206834,2.6848703261377334,2.5691628,4.939350128173828
2024-11-18 03:00:00,2.0483830000000003,-19.595857780884742,2.015519326532215,2.0335236,5.459144592285156
2024-11-18 04:00:00,2.5713530000000007,-14.701826782179054,2.4550515908931705,2.2532203,5.099815368652344
2024-11-18 05:00:00,3.0486249999999995,-6.433981623352267,3.1657074171143553,2.9571445,5.227838516235352
2024-11-18 06:00:00,3.307949,-5.581828506120729,3.220767870378057,3.142839,4.463563919067383
2024-11-18 07:00:00,2.744,-10.475545273106334,3.4545313993605826,2.7505255,4.592731475830078
2024-11-18 08:00:00,0.3285089999999999,-13.37634701646327,3.260849661965029,2.4035947,4.26007080078125
2024-11-18 09:00:00,2.3526370000000005,-33.48344940939104,2.4291619603373293,2.9320846,5.051969528198242
2024-11-18 10:00:00,12.977875,0.8105241176719318,9.648992342321533,9.616258,6.277521133422852
2024-11-18 11:00:00,26.198073000000004,37.523495267494795,26.98417027982284,26.48333,22.758024215698242
2024-11-18 12:00:00,35.28755199999999,64.77805815843696,38.131535071468576,39.476086,38.3812141418457
2024-11-18 13:00:00,43.98697699999999,76.69292547878463,39.82563755317552,40.50544,58.773712158203125
2024-11-18 14:00:00,47.43792800000001,77.92074351650042,47.847982520038244,47.510048,40.49932098388672
2024-11-18 15:00:00,39.651821000000005,64.99077010843321,38.32006195235158,40.104027,33.157161712646484
2024-11-18 16:00:00,14.172488,30.668250099651786,15.92423166873126,16.276588,13.717384338378906
2024-11-18 17:00:00,15.625,-6.006958674887699,13.219826072364231,13.6196165,12.72842025756836
2024-11-18 18:00:00,11.697083,14.291344958073552,13.975470737495636,13.451112,10.927797317504883
2024-11-18 19:00:00,9.663596999999998,3.2669806095936593,10.968417019408212,10.968259,11.676517486572266
2024-11-18 20:00:00,9.393930999999998,9.828173636589128,8.993987727312525,9.273637,10.933618545532227
2024-11-18 21:00:00,9.938375,-0.17438529391797886,9.256708870901079,9.628603,9.627704620361328
2024-11-18 22:00:00,9.800344,-1.5915328088836134,10.07373518271241,10.063921,11.404552459716797
2024-11-18 23:00:00,8.998912,0.9386901664504563,9.592553537643989,9.366141,9.550678253173828
2024-11-19 00:00:00,7.529535999999999,-1.287956877298143,8.543119551021825,8.490252,8.685462951660156
2024-11-19 01:00:00,6.028568000000001,-7.485536231146497,6.8594033392585825,6.8409247,7.977893829345703
2024-11-19 02:00:00,4.574296,-7.858436910603757,5.377792219582882,5.328835,7.213823318481445
2024-11-19 03:00:00,3.442951,-11.6336915440682,3.946888198521521,4.151981,7.203676223754883
2024-11-19 04:00:00,2.5154560000000004,-12.684562186491632,3.1311654130493283,3.427817,6.830204010009766
2024-11-19 05:00:00,2.3526370000000005,-9.662929878325457,2.688503248114117,2.298341,6.3107452392578125
2024-11-19 06:00:00,2.5154560000000004,-13.515680356632444,2.5689582301163223,2.988327,5.019247055053711
2024-11-19 07:00:00,2.000376,-21.20127788023727,2.9464978428375668,2.5107543,4.349893569946289
2024-11-19 08:00:00,0.5927039999999999,-25.484924552525413,2.569786555849711,1.8610743,4.135934829711914
2024-11-19 09:00:00,18.821096000000004,-36.667989380496124,3.29824140331317,3.476064,4.344400405883789
2024-11-19 10:00:00,45.499293,74.62192376440798,48.54551880475784,47.830444,6.889383316040039
2024-11-19 11:00:00,62.57077300000001,96.93462326654078,64.23545626281583,65.36761,74.14306640625
2024-11-19 12:00:00,70.95794399999998,115.42047989533945,74.92256018353982,76.872574,80.177734375
2024-11-19 13:00:00,74.08800000000001,124.71625136090042,79.68500885802415,79.28723,89.2060546875
2024-11-19 14:00:00,69.934528,114.65952440447491,74.46848486178173,67.34731,65.6471939086914
2024-11-19 15:00:00,57.960603000000006,83.0815879453775,49.83740420205285,49.708286,40.5880126953125
2024-11-19 16:00:00,17.984728,43.34549513700692,19.893833758263117,20.384096,15.983222961425781
2024-11-19 17:00:00,22.665187000000003,-0.9603634821432507,18.243935243370387,16.820465,16.16400909423828
2024-11-19 18:00:00,19.683000000000003,29.652441830867573,22.818827086612693,20.549011,13.695804595947266
2024-11-19 19:00:00,17.173512000000002,18.150638122032248,18.194651952377093,18.706785,15.8009033203125
2024-11-19 20:00:00,17.576,21.263023409094288,15.6111018959925,15.552011,15.28036117553711
2024-11-19 21:00:00,18.191447,12.021812886411183,17.693317092636477,17.478968,14.42729377746582
2024-11-19 22:00:00,16.974592999999995,12.53769785834875,17.646814498334685,18.008068,15.330009460449219
2024-11-19 23:00:00,15.625,10.231428423582955,15.71352975659643,15.502177,15.43332290649414
2024-11-20 00:00:00,13.651919,8.98469301089257,14.879299366927874,15.053828,13.680273056030273
2024-11-20 01:00:00,12.008989,3.366832859716709,11.987547912011006,12.2357855,12.674514770507812
2024-11-20 02:00:00,11.089567,1.2417616865120777,11.144308938076744,11.211425,10.591522216796875
2024-11-20 03:00:00,9.393930999999998,0.0772318536006793,10.245109664481355,10.167761,10.679954528808594
2024-11-20 04:00:00,8.120600999999997,-2.7718243550948216,8.51689968924385,8.693733,10.896013259887695
2024-11-20 05:00:00,7.189056999999999,3.2994833126900147,7.360986576979046,7.44862,9.388225555419922
2024-11-20 06:00:00,5.6397520000000005,0.6290057696046887,6.32300348326653,6.478492,6.900686264038086
2024-11-20 07:00:00,2.985984,-8.340103802282158,5.140329679289205,3.66145,5.279914855957031
2024-11-20 08:00:00,3.652264,-16.94278230295221,2.470715943729887,2.1501637,4.893627166748047
2024-11-20 09:00:00,29.791000000000004,1.3094776266454744,11.492060537552723,17.778503,6.324007034301758
2024-11-20 10:00:00,38.95821900000001,85.19070326683222,55.03943270353694,56.34124,35.50312423706055
2024-11-20 11:00:00,46.26827899999999,71.90224574782319,52.95954779907902,52.211773,73.87881469726562
2024-11-20 12:00:00,47.83214699999999,86.65728982560863,51.91876861634924,54.34989,63.13963317871094
2024-11-20 13:00:00,53.582633,90.06763705899498,47.659933944605825,46.342945,63.61109161376953
2024-11-20 14:00:00,47.045881,83.12832075765984,53.135454167854924,53.453537,45.925865173339844
2024-11-20 15:00:00,34.64597599999999,47.9190310692956,36.025188589277015,34.514484,45.04420471191406
2024-11-20 16:00:00,12.487167999999995,13.97704554611856,12.224142688824633,12.62654,14.079849243164062
2024-11-20 17:00:00,14.706125000000004,-11.042125995708375,11.703621467451262,12.556157,12.589431762695312
2024-11-20 18:00:00,12.326391,8.213294565416405,13.488893374340016,12.898178,10.962593078613281
2024-11-20 19:00:00,10.941048000000002,-0.943004537666198,11.483700248226718,11.995004,11.491971969604492
2024-11-20 20:00:00,10.218312999999998,5.717443033065763,10.003457672791443,10.503559,11.72011947631836
2024-11-20 21:00:00,10.077696,-0.6034556437193714,9.658427651658934,10.166233,10.35807991027832
2024-11-20 22:00:00,9.393930999999998,4.667923243641951,9.821912740359918,9.482225,11.413976669311523
2024-11-20 23:00:00,8.242408,2.679657693845442,8.838821070558922,9.050708,9.730756759643555
2024-11-21 00:00:00,7.301384,2.4691388644073413,7.3924073416949945,7.5841813,8.409513473510742
2024-11-21 01:00:00,6.539203000000001,-2.5394543127708005,6.633232464034865,6.756121,7.679069519042969
2024-11-21 02:00:00,7.077887999999999,-5.509899653699662,5.916790507753624,5.905978,7.144330978393555
2024-11-21 03:00:00,7.301384,-4.300034308635546,7.251145996050778,7.4183297,7.2762451171875
2024-11-21 04:00:00,6.539203000000001,-5.772813592760514,6.858681314573274,6.837253,8.170730590820312
2024-11-21 05:00:00,5.5452330000000005,-3.6984743388848784,5.901598468753393,5.6848373,7.4402008056640625
2024-11-21 06:00:00,4.826809,-7.766225068748511,5.267170237322257,5.2164187,5.18644905090332
2024-11-21 07:00:00,3.241792,-15.411953430268397,4.21247813906808,3.3907099,4.268102645874023
2024-11-21 08:00:00,2.4061040000000005,-20.252513922475345,3.128833179498343,2.3131819,4.3460693359375
2024-11-21 09:00:00,34.012224,-16.077433880470153,6.260546745762564,6.6599646,5.458526611328125
2024-11-21 10:00:00,64.0,96.24490669460697,61.51642115559389,61.92897,15.67599105834961
2024-11-21 11:00:00,80.06299099999998,108.4353897109519,86.92220122948156,82.997536,80.00642395019531
2024-11-21 12:00:00,89.31462299999998,125.8754389574235,95.39392497316186,94.87865,106.9310302734375
2024-11-21 13:00:00,89.91539200000003,137.50575916390983,95.6267420000116,92.211426,95.7064208984375
2024-11-21 14:00:00,86.93830699999998,119.79353310462868,81.66999278369673,78.89619,88.925048828125
2024-11-21 15:00:00,60.236288,89.71584775186999,62.619172717056436,59.562057,50.325469970703125
2024-11-21 16:00:00,17.373979,42.98188144595228,17.78565078981305,16.420406,20.270729064941406
2024-11-21 17:00:00,20.123648000000003,1.9165038096140137,18.729364677654907,16.869104,16.472488403320312
2024-11-21 18:00:00,17.984728,24.743697338239983,18.680061101029896,18.721212,14.066507339477539
2024-11-21 19:00:00,18.399744,13.452704812979675,16.29084294057031,16.853031,13.806865692138672
2024-11-21 20:00:00,19.248832000000004,21.275227577177148,18.09807068529212,17.802473,14.898910522460938
2024-11-21 21:00:00,18.191447,10.966414182221499,18.673713712761618,18.444115,14.58741569519043
2024-11-21 22:00:00,15.438249000000004,7.405705348791756,17.11230248264203,17.746273,16.22615623474121
2024-11-21 23:00:00,12.649337,6.856512729172195,13.896147466547509,14.026115,15.837911605834961
2024-11-22 00:00:00,9.938375,10.328007553156695,11.18386853434538,11.097467,13.3536376953125
2024-11-22 01:00:00,7.880599,5.100280475713049,8.785348432727563,8.764662,11.880373001098633
2024-11-22 02:00:00,6.644671999999999,2.5577092100013346,7.010691466202406,7.4035864,9.55270767211914
2024-11-22 03:00:00,5.177717,0.7184150870534722,5.861980580692961,6.0430675,8.363479614257812
2024-11-22 04:00:00,3.581577,-1.7974787593488912,4.8890073813970245,5.0181656,6.6200103759765625
2024-11-22 05:00:00,2.3526370000000005,-0.302322007586028,3.2548490993867363,3.0364008,5.199308395385742
2024-11-22 06:00:00,1.7279999999999998,-6.477346153794258,2.302664783512129,2.5502098,3.837413787841797
2024-11-22 07:00:00,1.157625,-16.0637649769167,2.1275769718905444,1.5962348,3.712615966796875
2024-11-22 08:00:00,0.125,-19.73302102154429,2.1239010985246654,1.45291,3.692638397216797
2024-11-22 09:00:00,4.741631999999999,-40.107878218434195,4.237795814940271,3.9270906,4.366830825805664
2024-11-22 10:00:00,32.461759,20.278322541558936,16.225920632486964,18.212593,7.245462417602539
2024-11-22 11:00:00,61.162984,86.44537490341763,62.54038233883688,61.981052,28.6468563079834
2024-11-22 12:00:00,93.576664,117.80369156453774,85.08035207333509,85.132355,67.2149658203125
2024-11-22 13:00:00,108.53133299999998,154.6522655386221,116.64699753615352,112.33765,88.2098388671875
2024-11-22 14:00:00,89.91539200000003,150.5543862643604,109.97214745741911,99.25769,100.03233337402344
2024-11-22 15:00:00,44.73887499999999,112.54599622008989,61.33578604046926,52.11738,50.282188415527344
2024-11-22 16:00:00,12.977875,55.630198731087276,15.211861438443083,12.394566,15.814842224121094
2024-11-22 17:00:00,12.487167999999995,21.266693232408798,11.8533747389136,12.258346,13.04226303100586
2024-11-22 18:00:00,6.967870999999999,26.87273258140293,11.376312882089087,10.560911,11.346338272094727
2024-11-22 19:00:00,6.644671999999999,7.569082695819404,5.46411373281211,5.8926444,9.259536743164062
2024-11-22 20:00:00,10.360232000000002,19.09397992038177,6.397976625055044,6.4242826,7.626909255981445
2024-11-22 21:00:00,13.997521000000004,15.970308773050803,11.934736956471932,12.890868,7.35566520690918
2024-11-22 22:00:00,14.706125000000004,21.81840359583576,16.048929615257006,15.634935,10.070058822631836
2024-11-22 23:00:00,14.348907000000002,17.31129781796305,15.022623002856076,14.885453,9.762046813964844
2024-11-23 00:00:00,11.390625,20.879579129424528,13.6733352442733,14.000101,10.659616470336914
2024-11-23 01:00:00,8.615124999999997,12.309333645265056,10.05417623057182,9.879386,10.831127166748047
2024-11-23 02:00:00,8.120600999999997,4.632622750192766,7.567982975500908,7.480917,9.613576889038086
2024-11-23 03:00:00,6.128487000000001,1.2545754064967554,7.670671261353883,7.714696,9.09476089477539
2024-11-23 04:00:00,4.251528,-7.354163943834038,5.3126921280334365,5.458968,7.948972702026367
2024-11-23 05:00:00,3.581577,-7.8034982342568355,3.5343325658825164,3.401951,5.125011444091797
2024-11-23 06:00:00,4.173281000000001,-10.941878977285242,3.522616342777769,3.4826057,4.028469085693359
2024-11-23 07:00:00,3.944312000000001,-13.269230666495915,4.71158416958016,3.284936,4.240669250488281
2024-11-23 08:00:00,2.4603750000000004,-15.773602549678799,3.72952919552022,3.0735881,5.049043655395508
2024-11-23 09:00:00,0.681472,-10.593187498873434,4.974538813441868,3.5526092,6.722949981689453
2024-11-23 10:00:00,0.474552,-39.064061683842326,4.186180064349228,3.7899501,11.900655746459961
2024-11-23 11:00:00,3.796416,-45.534751049730346,4.497988170904156,3.4112647,15.321819305419922
2024-11-23 12:00:00,14.526784,-9.477631822803104,10.862775842857513,9.720854,18.032304763793945
2024-11-23 13:00:00,23.393656,30.05148063633773,24.599184353804908,23.357351,20.123716354370117
2024-11-23 14:00:00,19.902511,36.50539479972544,29.207142140899727,29.612375,30.216323852539062
2024-11-23 15:00:00,9.938375,15.741505911539022,14.560032131404657,14.64872,20.35503387451172
2024-11-23 16:00:00,4.741631999999999,-5.430885496263727,6.684316890451589,3.6195607,8.355232238769531
2024-11-23 17:00:00,2.924207,-9.426173198273617,2.993940473457246,3.7867267,4.3602294921875
2024-11-23 18:00:00,0.166375,-24.097182448041437,2.3338246421018085,2.236002,4.976753234863281
2024-11-23 19:00:00,0.474552,-40.97120031494731,1.0745011470670804,1.3462478,4.013069152832031
2024-11-23 20:00:00,4.492124999999999,-13.450909780679353,2.4500715481635167,1.9431442,3.735942840576172
2024-11-23 21:00:00,9.261,14.632401470990686,9.67787192271575,11.124297,5.113351821899414
2024-11-23 22:00:00,11.697083,30.538084095021517,13.486067804048002,13.114746,9.316518783569336
2024-11-23 23:00:00,12.977875,27.322324137438827,13.333277212382816,12.9966135,10.452638626098633
2024-11-24 00:00:00,13.312053000000002,30.455497552434238,13.076280936213418,13.308755,12.460088729858398
2024-11-24 01:00:00,13.144256,29.364504540062526,12.92424071112901,13.127026,11.98416519165039
2024-11-24 02:00:00,11.390625,23.915320178933186,12.492525869448814,12.391831,11.79081916809082
2024-11-24 03:00:00,8.120600999999997,13.28477752079722,10.42600477123124,10.171623,10.773580551147461
2024-11-24 04:00:00,5.088448,6.267543674642852,7.372326623566818,6.9580264,8.996124267578125
2024-11-24 05:00:00,2.8632879999999994,0.8670240516042611,4.52935910086629,4.2964435,7.122159957885742
2024-11-24 06:00:00,1.771561,-9.436686622510933,2.5820757460022734,2.9487655,5.743886947631836
2024-11-24 07:00:00,1.5208749999999998,-23.35705197262233,2.313299762862134,1.8219507,5.282400131225586
2024-11-24 08:00:00,1.2597120000000002,-29.121999615545178,2.516771014592014,1.6983856,5.204511642456055
2024-11-24 09:00:00,13.823999999999998,-15.709071859156836,2.8345845586054548,3.733617,5.584491729736328
2024-11-24 10:00:00,39.651821000000005,55.260590396398655,28.168306890448207,30.832758,8.424674987792969
2024-11-24 11:00:00,67.41914300000002,93.19389238510543,69.87479707380274,67.07599,38.21623229980469
2024-11-24 12:00:00,100.54462500000002,122.95654557394444,84.85195371005916,89.024284,71.43804931640625
2024-11-24 13:00:00,130.323843,154.33042945360847,128.16871707021014,116.892136,95.43916320800781
2024-11-24 14:00:00,131.87222899999998,161.34908758677716,141.90250787247066,128.85323,111.54949951171875
2024-11-24 15:00:00,83.45345300000001,137.8848716051108,112.32108746655095,102.493546,77.53355407714844
2024-11-24 16:00:00,20.123648000000003,84.44952991956443,25.810700222191414,22.561478,25.04791831970215
2024-11-24 17:00:00,21.951999999999995,19.666787761565047,19.518867940022773,18.926367,16.69209861755371
2024-11-24 18:00:00,17.576,41.29386000881372,20.38182024218576,19.682106,14.554018020629883
2024-11-24 19:00:00,14.526784,25.751722212116462,15.929158627619787,16.58519,13.487480163574219
2024-11-24 20:00:00,13.481272,24.986642435681333,14.250337758243617,13.555364,13.710359573364258
2024-11-24 21:00:00,13.651919,11.40753319185005,12.362496228916239,13.178216,12.278322219848633
2024-11-24 22:00:00,14.526784,8.34141778750903,13.157232032756315,13.390075,11.068330764770508
2024-11-24 23:00:00,14.886936,11.427186538324264,14.992194925918843,14.779111,13.608579635620117
2024-11-25 00:00:00,13.651919,9.848020173374053,14.547801738637549,14.921667,14.286087036132812
2024-11-25 01:00:00,12.166999999999998,6.944044619258847,12.194575630927977,12.377231,15.391088485717773
2024-11-25 02:00:00,10.793861,5.864540336841301,11.313201626911525,11.177375,13.693611145019531
2024-11-25 03:00:00,9.663596999999998,0.5376217552354774,9.324127623755476,9.542027,13.320581436157227
2024-11-25 04:00:00,7.880599,-1.9831736419218657,9.224335967734136,9.06471,11.167373657226562
2024-11-25 05:00:00,6.331625000000001,1.5381267793652853,7.170338740900887,7.2186093,8.688957214355469
2024-11-25 06:00:00,6.028568000000001,-3.1758722932980703,5.454884337372684,5.368692,6.0394439697265625
2024-11-25 07:00:00,4.912999999999999,-6.666278159202832,6.043889575013326,5.0667877,5.859344482421875
2024-11-25 08:00:00,2.3526370000000005,-13.190025542701434,4.514347682181936,4.206041,6.509321212768555
2024-11-25 09:00:00,18.609625,-11.322750282384547,6.041645477818397,9.250281,10.350061416625977
2024-11-25 10:00:00,45.118016,61.26860499531195,39.45213012808987,39.962727,20.422462463378906
2024-11-25 11:00:00,69.934528,85.67003979669452,66.30717342931511,67.70449,72.1877212524414
2024-11-25 12:00:00,92.959677,112.26215783402758,94.19045681078615,92.58119,85.519287109375
2024-11-25 13:00:00,106.49642400000002,133.09970348166047,105.00843568238304,105.93285,104.93083190917969
2024-11-25 14:00:00,101.194696,127.96846609642138,106.39052439947244,104.27755,97.55131530761719
2024-11-25 15:00:00,80.62156800000001,97.27051389592164,81.07750256664252,73.318016,62.166526794433594
2024-11-25 16:00:00,23.393656,62.51193309778448,25.652710762521593,24.953459,18.77953338623047
2024-11-25 17:00:00,26.730899000000004,6.920542628183952,21.919722205834642,21.202389,20.098363876342773
2024-11-25 18:00:00,25.153757,37.08510578951477,26.170195224568776,26.67347,16.9576358795166
2024-11-25 19:00:00,23.887872,31.57850361462279,23.059388909424783,23.818588,17.67711639404297
2024-11-25 20:00:00,22.906303999999995,33.073510024009195,22.600688361403478,22.547674,17.515222549438477
2024-11-25 21:00:00,20.570824000000005,18.900210220287207,21.313876237032563,21.452595,18.202983856201172
2024-11-25 22:00:00,17.576,12.531845510152408,18.87260941868612,19.193102,18.207124710083008
2024-11-25 23:00:00,15.438249000000004,11.358985135886329,15.810189164423214,16.271122,18.10222625732422
2024-11-26 00:00:00,13.651919,10.076239239917712,13.901630513144076,14.179923,16.632261276245117
2024-11-26 01:00:00,12.649337,8.46810206969829,11.992941017776666,12.421516,15.643468856811523
2024-11-26 02:00:00,10.360232000000002,10.187152249717897,11.674636775412672,11.637027,12.952266693115234
2024-11-26 03:00:00,6.331625000000001,6.237685877527014,8.869935028363072,9.428626,11.684415817260742
2024-11-26 04:00:00,4.741631999999999,-0.49962106920442295,4.890906186270055,5.1180816,9.26801872253418
2024-11-26 05:00:00,4.826809,8.136872188434467,4.065164136015042,4.0805697,6.502754211425781
2024-11-26 06:00:00,4.251528,10.810067690223903,4.504734983368696,4.669878,6.272607803344727
2024-11-26 07:00:00,3.176523,2.447346359957109,3.9143599896714325,2.8287833,5.75042724609375
2024-11-26 08:00:00,0.1851929999999999,-5.707831057182787,2.8620396221301205,3.2812858,4.808380126953125
2024-11-26 09:00:00,8.120600999999997,-33.120558683762354,5.9452792148189,7.007832,5.664318084716797
2024-11-26 10:00:00,43.98697699999999,50.906831572370905,23.639866629431076,25.113459,7.633790969848633
2024-11-26 11:00:00,81.182737,107.60286450170655,79.4910840237429,74.237564,49.375823974609375
2024-11-26 12:00:00,108.53133299999998,139.31283983334117,111.57207173281111,117.32935,87.0232925415039
2024-11-26 13:00:00,127.263527,161.53789979819288,124.08226841631304,123.66038,115.99168395996094
2024-11-26 14:00:00,124.251499,161.37203615696478,130.46429051059272,124.41807,106.10150146484375
2024-11-26 15:00:00,90.51884900000002,132.63607812105664,99.35415323555593,84.307686,62.53137969970703
2024-11-26 16:00:00,21.951999999999995,80.92152786664862,28.874407615785852,23.05967,20.850116729736328
2024-11-26 17:00:00,23.149125,13.949151492146981,20.646264544670547,20.766804,21.29975128173828
2024-11-26 18:00:00,19.465109,42.91033879554739,21.497526611723682,20.306234,18.003814697265625
2024-11-26 19:00:00,18.821096000000004,30.1432744173499,17.420404347133147,17.837898,16.562183380126953
2024-11-26 20:00:00,19.683000000000003,34.09073717779226,18.053102091779508,17.92014,15.689390182495117
2024-11-26 21:00:00,20.346417,20.01744067857497,19.817304350407678,19.738592,15.518594741821289
2024-11-26 22:00:00,19.034163,14.183146483887796,20.386029498882355,20.600359,15.603792190551758
2024-11-26 23:00:00,15.625,14.09687878646126,18.11220100421727,17.989113,17.625619888305664
2024-11-27 00:00:00,11.543175999999995,13.870157178508308,14.494242720111593,14.744769,17.271358489990234
2024-11-27 01:00:00,7.880599,8.777843170782873,10.058701411850144,9.50515,14.76800537109375
2024-11-27 02:00:00,5.735339000000001,3.849648872074326,6.909266472508903,7.1505017,11.204303741455078
2024-11-27 03:00:00,4.410943999999999,-0.8142729121414902,5.153362944865681,5.2013326,8.557130813598633
2024-11-27 04:00:00,3.5118080000000003,-3.5745666443995248,3.9111590093365205,4.0121255,6.362798690795898
2024-11-27 05:00:00,3.375,-0.5264327301427443,3.4578251059437592,3.2449758,4.992919921875
2024-11-27 06:00:00,4.251528,-3.9267666054605996,3.237216548525195,3.465057,4.1084442138671875
2024-11-27 07:00:00,4.173281000000001,-4.009728977834811,5.357835829718076,3.290252,4.554229736328125
2024-11-27 08:00:00,1.157625,-7.893818116337599,4.38654888809147,3.5178947,5.225957870483398
2024-11-27 09:00:00,3.307949,-23.877854721356442,5.984208038566811,7.765669,6.2808990478515625
2024-11-27 10:00:00,27.270900999999995,3.2309657026490584,11.724593797315068,14.114914,9.361349105834961
2024-11-27 11:00:00,54.439939,76.44331574631774,53.187219681351344,57.250607,25.477130889892578
2024-11-27 12:00:00,74.08800000000001,102.73964725436882,75.2961248158855,78.32731,68.23058319091797
2024-11-27 13:00:00,88.71653599999999,124.89366173302797,88.9769078336593,88.09344,84.00837707519531
2024-11-27 14:00:00,96.702579,126.87681444496415,90.61297967370116,87.34251,76.62446594238281
2024-11-27 15:00:00,75.15144799999999,112.64954678072884,74.2428429721634,67.354645,50.642860412597656
2024-11-27 16:00:00,20.123648000000003,69.42922024450986,22.417140066749667,22.105167,18.156002044677734
2024-11-27 17:00:00,22.425767999999994,7.489684877402212,21.028498645482706,19.300571,18.30097007751465
2024-11-27 18:00:00,19.902511,35.56825046624586,20.89923056328299,19.867588,15.015413284301758
2024-11-27 19:00:00,18.191447,26.980336367541256,18.52930008548268,18.982567,14.409107208251953
2024-11-27 20:00:00,17.576,29.15926801968591,16.79124867173825,17.101067,15.282478332519531
2024-11-27 21:00:00,17.373979,16.223601597764656,16.89641743214038,17.122433,14.18223762512207
2024-11-27 22:00:00,17.173512000000002,8.371370504314328,16.888688894266302,16.809282,14.319009780883789
2024-11-27 23:00:00,16.003008,8.579862535897917,16.397798508767437,16.331652,15.414501190185547
2024-11-28 00:00:00,13.481272,8.174668243793889,15.269959846039212,15.395842,15.705547332763672
2024-11-28 01:00:00,11.089567,2.356006480636438,11.763365692434583,12.368077,14.982728958129883
2024-11-28 02:00:00,10.218312999999998,1.1124917126983433,9.600568133478445,9.627779,12.386112213134766
2024-11-28 03:00:00,7.880599,0.416755541162388,9.367021384420786,9.598524,10.799880981445312
2024-11-28 04:00:00,5.735339000000001,-5.482416314247189,7.056860258607007,7.1068945,9.517423629760742
2024-11-28 05:00:00,4.657462999999999,-1.797238690070131,5.152171890410338,5.1249413,6.441862106323242
2024-11-28 06:00:00,4.492124999999999,-4.1445475831827565,4.045760947328843,4.166043,5.114511489868164
2024-11-28 07:00:00,3.869893,-9.859239814472303,4.227824164401133,3.7854064,5.361713409423828
2024-11-28 08:00:00,1.4049280000000004,-15.326213013132957,3.5277911238669253,3.207484,5.520503997802734
2024-11-28 09:00:00,12.166999999999998,-21.801019774365713,4.521136855237415,6.2367983,6.705968856811523
2024-11-28 10:00:00,44.361864,47.190587209818815,29.210018738886255,31.586323,13.120664596557617
2024-11-28 11:00:00,78.953589,94.49488859241781,75.14581768507782,71.76108,52.95478820800781
2024-11-28 12:00:00,114.79125600000002,129.2307281236071,109.91407708764386,111.14377,86.32049560546875
2024-11-28 13:00:00,137.38809600000002,162.82150062835086,141.03652680889215,144.22656,123.40216064453125
2024-11-28 14:00:00,127.263527,162.48139423083978,147.8976156492633,132.77866,138.14393615722656
2024-11-28 15:00:00,70.444997,128.56066763497802,96.14988541256277,87.54975,89.54261779785156
2024-11-28 16:00:00,20.123648000000003,63.791238672649186,18.615328017501643,15.56198,21.735578536987305
2024-11-28 17:00:00,21.024576,13.449225593577964,20.458926314639076,19.707087,17.759727478027344
2024-11-28 18:00:00,16.974592999999995,33.07097117365963,18.521090064344037,17.750458,15.608100891113281
2024-11-28 19:00:00,13.651919,24.791183914762442,15.097653260291954,15.458568,14.278709411621094
2024-11-28 20:00:00,11.390625,23.480720624066933,12.004744634018275,12.418872,14.45981216430664
2024-11-28 21:00:00,10.218312999999998,10.048940188924945,10.298131142825225,10.790572,12.239965438842773
2024-11-28 22:00:00,9.129328999999998,10.776496857449942,9.335412008605541,9.488227,10.26885986328125
2024-11-28 23:00:00,8.615124999999997,8.485117231919546,8.331357849185816,8.535342,9.890083312988281
2024-11-29 00:00:00,8.242408,9.99166106160186,8.048030614247757,8.041836,9.12435531616211
2024-11-29 01:00:00,7.762391999999999,4.144368840517117,7.68158502477298,7.749236,9.209571838378906
2024-11-29 02:00:00,7.189056999999999,1.02179161773536,7.439254955630134,7.66131,8.442045211791992
2024-11-29 03:00:00,6.434856000000001,-0.20044173071659088,6.613769453884098,6.737624,7.632223129272461
2024-11-29 04:00:00,5.735339000000001,0.28348260285022775,5.746869145503227,5.684365,5.872032165527344
2024-11-29 05:00:00,5.177717,5.267683175764091,5.7131590684046145,5.687148,4.89647102355957
2024-11-29 06:00:00,5.359375,1.4459628973027776,4.944969502635806,4.831892,3.8253097534179688
2024-11-29 07:00:00,7.189056999999999,-6.450663863571904,4.975993661890277,4.0289783,4.405607223510742
2024-11-29 08:00:00,4.574296,5.2716889187632034,8.171288331775065,6.1952906,4.915081024169922
2024-11-29 09:00:00,0.054872,-4.589650264567865,5.898542724497343,7.239069,8.010431289672852
2024-11-29 10:00:00,2.248091,-51.713634147160256,7.157253702745433,6.888138,15.143115997314453
2024-11-29 11:00:00,12.649337,3.5990145696968625,11.088429628502078,12.882582,16.35679054260254
2024-11-29 12:00:00,31.255875,34.706846147254524,28.807372666291165,26.281763,25.70420265197754
2024-11-29 13:00:00,48.627125,72.31793951165336,46.73469039561519,44.239597,42.22795867919922
2024-11-29 14:00:00,54.439939,82.70921169522258,61.11909386083803,53.928642,56.65011215209961
2024-11-29 15:00:00,41.781923000000006,71.90808256758127,51.52868744320778,46.68264,47.68394470214844
2024-11-29 16:00:00,14.348907000000002,43.318129140245574,16.206797666930207,13.549376,14.058534622192383
2024-11-29 17:00:00,15.252992,-2.5083238353721953,13.896774269949038,14.016466,10.936834335327148
2024-11-29 18:00:00,12.812903999999998,11.522767427088127,13.617456356433095,13.043371,10.039674758911133
2024-11-29 19:00:00,12.812903999999998,6.1218613773026505,11.695467834234915,11.871217,10.548065185546875
2024-11-29 20:00:00,12.649337,18.293671464900555,12.231498780260944,12.595517,11.75141716003418
2024-11-29 21:00:00,11.390625,12.27196611695048,12.041171158097823,12.522499,11.132331848144531
2024-11-29 22:00:00,9.528128,5.498911121426175,10.653814136572349,10.801133,11.927570343017578
2024-11-29 23:00:00,8.365426999999997,-2.007012867771678,8.89519390069557,9.099898,9.738077163696289
2024-11-30 00:00:00,7.645372999999999,-2.278112534664757,7.3885981543520245,7.650657,8.494596481323242
2024-11-30 01:00:00,7.880599,-6.254380725970549,7.220787402714474,7.299478,7.768072128295898
2024-11-30 02:00:00,8.365426999999997,-5.529877458459708,7.991448270476248,8.1595955,7.513853073120117
2024-11-30 03:00:00,8.120600999999997,-7.183703200918586,8.007594619998825,8.385455,8.153549194335938
2024-11-30 04:00:00,6.751268999999999,-9.874456750280544,7.856752868748453,8.069601,8.317094802856445
2024-11-30 05:00:00,5.000210999999999,-7.349228504152123,5.966132428408806,6.427533,7.163412094116211
2024-11-30 06:00:00,3.796416,-11.401784181936605,4.422818049506327,4.2909856,4.478029251098633
2024-11-30 07:00:00,3.869893,-19.48791522299328,3.4236771449267787,2.6311753,4.195104598999023
2024-11-30 08:00:00,5.929741000000001,-16.060294740002718,3.841407206893903,2.8563726,4.218357086181641
2024-11-30 09:00:00,21.717639,4.548297161051508,13.359333508663703,10.462989,6.310737609863281
2024-11-30 10:00:00,21.951999999999995,61.404107674394155,44.208427422017785,39.163017,17.046218872070312
2024-11-30 11:00:00,25.934336,43.06014334026163,23.558855247929465,22.097486,39.6080322265625
2024-11-30 12:00:00,34.965783,56.85185800150602,28.836262874935596,29.34767,35.21067810058594
2024-11-30 13:00:00,43.98697699999999,73.4957067185424,37.69662524480234,35.721302,34.000892639160156
2024-11-30 14:00:00,47.83214699999999,73.2226856148515,47.71019846334698,45.577812,36.03742980957031
2024-11-30 15:00:00,37.595375,57.862497732968436,40.06926456795511,38.508392,31.781042098999023
2024-11-30 16:00:00,14.706125000000004,30.017442181328946,13.645257674661007,13.725181,15.759136199951172
2024-11-30 17:00:00,19.465109,-1.7513025583455288,14.221139526339112,13.807194,11.885446548461914
2024-11-30 18:00:00,18.191447,13.470441208926289,18.32315379930102,17.926472,9.945444107055664
2024-11-30 19:00:00,16.387064000000002,4.2614425602049835,16.904869060055383,17.748379,14.099994659423828
2024-11-30 20:00:00,13.481272,7.208029438508362,15.24541539060614,15.76918,15.2005615234375
2024-11-30 21:00:00,10.360232000000002,-3.8014824234520717,11.787141285310202,12.706405,14.475393295288086
2024-11-30 22:00:00,8.365426999999997,-0.7918261990122488,8.55869497327438,8.863296,12.33669662475586
2024-11-30 23:00:00,6.858999999999999,-3.858755992713114,7.265962818921403,7.4094887,9.411176681518555
2024-12-01 00:00:00,5.5452330000000005,-5.518890773046891,6.164206982364026,6.7638354,8.407846450805664
2024-12-01 01:00:00,5.177717,-7.855412064459813,5.261009170048311,5.242315,7.240964889526367
2024-12-01 02:00:00,5.6397520000000005,-6.990125181749974,5.042067624014252,5.393077,5.791103363037109
2024-12-01 03:00:00,6.128487000000001,-4.799598444678921,6.093777404605928,5.967625,6.602081298828125
2024-12-01 04:00:00,5.6397520000000005,-0.2957763129555815,6.610906466581874,6.3396754,5.973426818847656
2024-12-01 05:00:00,4.574296,4.90159891783243,5.80893139029761,5.4612656,6.09916877746582
2024-12-01 06:00:00,4.019679000000001,0.7541583284441487,3.935920431403221,3.9797778,3.9226150512695312
2024-12-01 07:00:00,3.869893,-6.447202292058961,3.8838157569551424,2.90519,3.869617462158203
2024-12-01 08:00:00,2.097152,-6.943367368781168,4.031053169462154,2.7559874,3.125518798828125
2024-12-01 09:00:00,0.0269999999999999,-14.917544399416812,1.9821805970106174,3.1966934,5.7029266357421875
2024-12-01 10:00:00,5.177717,-48.88646207206645,3.4414679232758023,3.7901046,6.942844390869141
2024-12-01 11:00:00,23.393656,33.46968872356241,16.328301058410908,17.877867,10.72273063659668
2024-12-01 12:00:00,39.651821000000005,70.72935761915285,44.50748767926212,43.464367,31.365009307861328
2024-12-01 13:00:00,49.027896000000005,92.67480714521953,51.35229158535004,50.93664,59.976776123046875
2024-12-01 14:00:00,47.43792800000001,91.66774023201758,53.14013667414214,50.712517,55.51399230957031
2024-12-01 15:00:00,34.64597599999999,70.23899575457231,34.38047497410836,33.3844,33.15814208984375
2024-12-01 16:00:00,13.481272,37.99652726613779,12.54375376219464,12.117459,13.22515869140625
2024-12-01 17:00:00,14.706125000000004,-1.5738999775524718,12.546448577515285,12.677176,9.747037887573242
2024-12-01 18:00:00,13.651919,7.065017843931628,14.4210346681979,12.91976,9.113662719726562
2024-12-01 19:00:00,15.813250999999996,3.193266077720722,12.693270204308897,13.203764,9.338499069213867
2024-12-01 20:00:00,16.003008,17.89262021432384,16.07614245892258,16.26075,11.89436149597168
2024-12-01 21:00:00,14.886936,10.588462328467699,15.901173934681909,15.86199,14.636190414428711
2024-12-01 22:00:00,13.651919,1.004234126740073,14.082445324707864,14.51394,15.379810333251953
2024-12-01 23:00:00,11.390625,-5.854809007486395,12.155768401073688,12.525751,13.642549514770508
2024-12-02 00:00:00,9.663596999999998,-4.097095473156585,10.171246575206457,10.0422535,12.091543197631836
2024-12-02 01:00:00,9.393930999999998,-4.249768717247363,8.920734251469735,9.084886,10.227165222167969
2024-12-02 02:00:00,10.077696,-5.848536700138155,9.238854926529616,9.381766,9.663619995117188
2024-12-02 03:00:00,10.218312999999998,-2.7730371011733013,10.361852729734483,10.025303,11.023841857910156
2024-12-02 04:00:00,10.218312999999998,-0.3419030776924501,9.975306480410401,9.906238,11.29442024230957
2024-12-02 05:00:00,10.077696,7.692406880806914,10.042735117185318,9.616751,11.06513786315918
2024-12-02 06:00:00,9.938375,6.907752186930395,9.643035305466869,9.107044,9.790699005126953
2024-12-02 07:00:00,8.489664000000001,3.0040382635752394,8.799035330125617,6.881288,8.06761360168457
2024-12-02 08:00:00,4.096000000000001,-0.9978967219184653,6.804531068327387,6.596257,7.882774353027344
2024-12-02 09:00:00,1e-06,-3.4316229351122445,3.5310507100047492,4.7486873,12.749469757080078
2024-12-02 10:00:00,2.4061040000000005,-50.991267369643204,3.677251712499873,3.302596,25.914020538330078
2024-12-02 11:00:00,10.648000000000003,29.135691346189034,12.202189168897284,12.333848,16.126611709594727
2024-12-02 12:00:00,22.188041,37.99651178345691,24.985466837187168,24.244587,26.52080535888672
2024-12-02 13:00:00,30.959144,58.447521630498684,32.56966758778492,32.864933,33.134986877441406
2024-12-02 14:00:00,36.594368,59.338257244400964,37.48878022474965,36.729828,41.76601791381836
2024-12-02 15:00:00,34.012224,55.83861282078935,35.23881802940435,35.07089,30.317453384399414
2024-12-02 16:00:00,15.069223000000004,39.5078397773387,13.99603514196845,16.737083,14.261209487915039
2024-12-02 17:00:00,20.123648000000003,0.15763472459921957,14.838582811021336,14.67305,11.329534530639648
2024-12-02 18:00:00,17.373979,20.329640595007206,20.04194825864443,19.564743,10.174442291259766
2024-12-02 19:00:00,16.194276999999996,16.866846849544203,15.935555564417328,16.39314,13.923730850219727
2024-12-02 20:00:00,15.813250999999996,24.991965398805817,15.296907548552353,15.32536,12.563356399536133
2024-12-02 21:00:00,16.003008,16.18916196405513,15.277142799482057,15.593245,15.220226287841797
2024-12-02 22:00:00,17.373979,8.225725235701091,15.959848760313344,15.763223,15.126668930053711
2024-12-02 23:00:00,19.248832000000004,5.223253643210427,17.864837987339712,17.195934,14.427865982055664
2024-12-03 00:00:00,20.346417,7.6692161622160455,19.240785290344473,18.48422,14.208797454833984
2024-12-03 01:00:00,20.123648000000003,8.728538765434166,20.49159305716499,20.41797,14.158100128173828
2024-12-03 02:00:00,17.576,12.294569468863457,19.72941183022538,20.303518,12.470787048339844
2024-12-03 03:00:00,14.526784,12.324058389648528,15.90787429308163,16.376965,12.457172393798828
2024-12-03 04:00:00,11.543175999999995,13.158234926885996,13.49134077434654,13.275673,10.852392196655273
2024-12-03 05:00:00,9.393930999999998,16.7090223349406,9.861690730995448,9.693816,10.565523147583008
2024-12-03 06:00:00,7.880599,12.741084755594798,8.318998590840847,8.394008,8.505159378051758
2024-12-03 07:00:00,6.751268999999999,4.4524417425782445,6.810953505157078,5.4869657,8.045642852783203
2024-12-03 08:00:00,3.652264,2.027674456688459,5.197832424305502,5.2159133,7.059211730957031
2024-12-03 09:00:00,9.800344,-0.2514830683109608,3.4957191851480407,4.395583,10.531982421875
2024-12-03 10:00:00,13.823999999999998,38.31958243268734,29.464978098123034,30.451914,17.995317459106445
2024-12-03 11:00:00,23.639903000000004,29.583999728495982,17.884765552272277,18.914602,53.14842987060547
2024-12-03 12:00:00,48.22854400000001,51.3772112686009,33.96318705308895,34.52626,30.91128158569336
2024-12-03 13:00:00,80.62156800000001,91.95218720348448,68.96999460817374,68.291794,52.76329040527344
2024-12-03 14:00:00,101.847563,109.01016886284405,109.16705852617424,104.209984,92.15311431884766
2024-12-03 15:00:00,87.52838400000002,107.76094948110138,87.01765482268776,84.68372,77.94559478759766
2024-12-03 16:00:00,24.389,84.94240343223716,29.93900516385908,29.74337,25.34799575805664
2024-12-03 17:00:00,28.372625,18.42114336706244,22.348975076570877,22.7562,20.387619018554688
2024-12-03 18:00:00,25.934336,47.92566015287868,26.898184948598868,30.232893,17.101058959960938
2024-12-03 19:00:00,24.137569000000003,41.09498063990601,23.371642881004636,23.59524,18.449460983276367
2024-12-03 20:00:00,23.639903000000004,42.69745414580383,22.83349446773494,23.500164,18.077844619750977
2024-12-03 21:00:00,22.906303999999995,29.816587311482337,21.37360043459531,21.472925,20.096370697021484
2024-12-03 22:00:00,22.425767999999994,22.37405718046857,21.386062471721438,21.621187,19.83710479736328
2024-12-03 23:00:00,22.425767999999994,22.390640547651273,21.589252085892362,21.452572,19.508161544799805
2024-12-04 00:00:00,21.253933,21.912024663620983,22.476150197831885,21.663454,19.30023765563965
2024-12-04 01:00:00,20.123648000000003,17.63219862408515,20.081159915622223,19.959503,19.5186824798584
2024-12-04 02:00:00,18.191447,18.62389396483195,19.36008226357257,19.684671,17.784971237182617
2024-12-04 03:00:00,15.438249000000004,17.126303334595264,16.587145482591623,16.984344,18.951139450073242
2024-12-04 04:00:00,14.172488,13.160795218624742,13.778665949433305,13.641126,17.096282958984375
2024-12-04 05:00:00,14.706125000000004,20.756872375402295,12.107422529359528,12.611288,14.495363235473633
2024-12-04 06:00:00,16.777216,21.247458945405796,14.526578837711043,14.199983,12.5020751953125
2024-12-04 07:00:00,15.438249000000004,16.21646985437431,14.643705547804194,12.600925,11.9373779296875
2024-12-04 08:00:00,15.813250999999996,16.053142733731903,13.918203628617563,13.627991,15.063926696777344
2024-12-04 09:00:00,87.52838400000002,34.351641475381896,28.365178077876113,46.745808,18.57374382019043
2024-12-04 10:00:00,152.273304,159.326670082646,145.59852989841954,147.76108,99.38758850097656
2024-12-04 11:00:00,168.19660799999997,180.53769293762684,202.37417932707828,198.32323,190.6601104736328
2024-12-04 12:00:00,174.676879,185.37675069509163,182.03218478575334,177.97052,218.75489807128906
2024-12-04 13:00:00,171.87961599999997,183.75886714664915,173.01341957305442,171.34718,200.54373168945312
2024-12-04 14:00:00,164.56659200000004,159.81104823149468,145.5723723347309,129.97331,192.3223419189453
2024-12-04 15:00:00,124.251499,122.53590333612381,107.21005369445075,101.35835,102.26174926757812
2024-12-04 16:00:00,32.76800000000001,73.23751406049031,29.716777299289426,26.245157,30.86635398864746
2024-12-04 17:00:00,29.503629,5.286334893671494,28.368825370633186,28.667898,25.91136360168457
2024-12-04 18:00:00,25.934336,33.56684438070313,25.931405152752735,26.659246,21.797077178955078
2024-12-04 19:00:00,24.137569000000003,30.513266546988504,23.038629869920577,24.091751,21.196840286254883
2024-12-04 20:00:00,24.642171000000005,30.234240491014376,22.936846650215294,23.708536,19.835838317871094
2024-12-04 21:00:00,25.412184,18.49994831822309,23.584892833410773,24.105433,21.759624481201172
2024-12-04 22:00:00,22.425767999999994,17.439648793111388,24.54369900897113,24.26875,21.534549713134766
2024-12-04 23:00:00,18.821096000000004,17.82836112959143,20.503088938615228,20.744953,22.071529388427734
2024-12-05 00:00:00,16.194276999999996,19.77020912843119,17.199924128244664,17.546064,19.8907413482666
2024-12-05 01:00:00,14.886936,18.119014360813154,14.5548203175391,15.217902,17.0806884765625
2024-12-05 02:00:00,14.348907000000002,17.076326629519997,14.083400262399163,14.235261,14.537893295288086
2024-12-05 03:00:00,14.348907000000002,15.125682840010555,13.448965150287808,13.664543,13.641454696655273
2024-12-05 04:00:00,12.487167999999995,13.014464448986288,14.158800505655284,14.214593,13.658349990844727
2024-12-05 05:00:00,9.800344,17.30130670174414,11.26385013742136,11.129909,12.99288558959961
2024-12-05 06:00:00,6.858999999999999,13.666332703290621,8.585243309912645,8.259381,9.557855606079102
2024-12-05 07:00:00,4.492124999999999,4.325514724525831,5.429803491387332,4.4730635,7.555624008178711
2024-12-05 08:00:00,1.5208749999999998,0.3786589438038135,3.8452033980702844,3.6482244,5.690906524658203
2024-12-05 09:00:00,6.539203000000001,-9.060018935715362,15.886072179018562,17.92946,9.341632843017578
2024-12-05 10:00:00,17.576,27.904637910400183,28.451502650278805,24.24177,15.797780990600586
2024-12-05 11:00:00,31.554496000000004,43.6651739615467,35.99809357351509,30.470354,36.67891311645508
2024-12-05 12:00:00,50.653000000000006,65.10955881588738,43.18174042023389,45.778633,48.18125915527344
2024-12-05 13:00:00,59.77647100000001,95.09693166499501,63.29932100142887,60.718674,71.79033660888672
2024-12-05 14:00:00,58.86386900000001,91.28429671418517,61.419832573020166,57.50454,77.38545227050781
2024-12-05 15:00:00,47.83214699999999,65.11035490639792,49.085474995515995,49.30306,41.83089065551758
2024-12-05 16:00:00,17.373979,31.77059658470462,16.791355024110565,15.006156,14.915670394897461
2024-12-05 17:00:00,21.951999999999995,-12.978691636339164,18.192801091300115,16.743067,13.694023132324219
2024-12-05 18:00:00,20.570824000000005,15.336468961747897,22.65821388380853,20.966496,12.273645401000977
2024-12-05 19:00:00,21.717639,15.066099741170746,19.3524642305374,19.670124,14.761993408203125
2024-12-05 20:00:00,22.188041,24.877745745503788,21.62262564604339,21.019505,16.015913009643555
2024-12-05 21:00:00,21.951999999999995,14.463260301023894,22.2099219135435,21.818752,19.107542037963867
2024-12-05 22:00:00,19.248832000000004,15.81752773528919,22.00648316037074,21.617884,20.4129638671875
2024-12-05 23:00:00,17.173512000000002,11.555665481656547,17.86035949642233,17.845139,19.866409301757812
2024-12-06 00:00:00,15.252992,9.418400744173368,15.636882854222678,16.066418,15.401086807250977
2024-12-06 01:00:00,12.977875,5.617760019120411,13.939343571398153,14.370974,14.803958892822266
2024-12-06 02:00:00,10.793861,4.365267765315792,11.514490235183857,11.831283,11.946512222290039
2024-12-06 03:00:00,8.741816,2.987713355159812,8.805090148398035,9.478311,11.675256729125977
2024-12-06 04:00:00,7.189056999999999,2.747929987386911,7.617899926184728,7.766667,10.354251861572266
2024-12-06 05:00:00,6.028568000000001,8.3899933377254,6.143524741547597,6.249338,9.109575271606445
2024-12-06 06:00:00,5.451776,4.056885487639136,5.34482545595613,5.033773,6.712114334106445
2024-12-06 07:00:00,4.251528,-5.247311246226914,4.918081153626835,3.8985302,5.641014099121094
2024-12-06 08:00:00,2.5154560000000004,-10.99699831665285,4.097578790009285,2.6034057,4.884906768798828
2024-12-06 09:00:00,21.951999999999995,-2.9467536350107366,4.280919447733902,4.1982903,5.845090866088867
2024-12-06 10:00:00,36.926037,76.60117293455845,45.90371440389938,44.43263,15.804698944091797
2024-12-06 11:00:00,48.627125,79.13412820365592,51.81027298740064,52.76408,81.34697723388672
2024-12-06 12:00:00,68.41792899999999,93.17945681098364,58.172562099433705,60.29545,60.670745849609375
2024-12-06 13:00:00,80.62156800000001,120.07615310229762,82.02359511263838,84.165375,77.92672729492188
2024-12-06 14:00:00,73.03463199999999,112.47540626102737,83.48173487664737,82.46262,96.02297973632812
2024-12-06 15:00:00,49.836032,73.73539815735934,52.468117631869724,52.600933,50.56370544433594
2024-12-06 16:00:00,17.576,33.469363485287474,15.767580575538718,14.679502,16.681068420410156
2024-12-06 17:00:00,18.191447,-5.207481727185041,18.229680581856,17.20187,14.329706192016602
2024-12-06 18:00:00,12.326391,11.246485416095751,15.861575036010242,15.092912,12.942842483520508
2024-12-06 19:00:00,10.793861,0.7297897244174294,11.479487811966417,11.534453,12.613521575927734
2024-12-06 20:00:00,8.242408,10.209407388595011,9.422140585638063,10.056489,11.18897819519043
2024-12-06 21:00:00,5.735339000000001,-2.435331081448865,7.250175111018104,7.396119,10.181734085083008
2024-12-06 22:00:00,3.796416,-3.0706557803225962,5.052552395639831,5.2520757,8.915441513061523
2024-12-06 23:00:00,3.442951,-10.46738727205728,3.3519106423472516,3.5508854,6.642648696899414
2024-12-07 00:00:00,4.019679000000001,-10.114920088390193,3.365339018285858,3.8430834,5.706695556640625
2024-12-07 01:00:00,4.492124999999999,-12.728311852819544,4.357987817122377,4.5231404,6.244646072387695
2024-12-07 02:00:00,3.944312000000001,-11.816939826408898,5.047423343312136,5.1607714,6.026241302490234
2024-12-07 03:00:00,2.985984,-14.017640980694622,3.9820353982045504,4.040475,5.917686462402344
2024-12-07 04:00:00,3.241792,-17.453651373016513,2.762200333077201,2.7772012,4.421003341674805
2024-12-07 05:00:00,5.5452330000000005,-12.620999781576927,3.3359120247888656,3.7079954,3.864166259765625
2024-12-07 06:00:00,8.741816,-4.463104768939502,8.75242387462666,7.84149,3.9489974975585938
2024-12-07 07:00:00,10.648000000000003,1.255136841967726,10.949356016643792,11.8531275,5.6157684326171875
2024-12-07 08:00:00,7.077887999999999,12.73142285518118,11.151153695758913,9.432916,6.874937057495117
2024-12-07 09:00:00,2.924207,12.197101181601852,6.250377000688089,7.357843,9.088947296142578
2024-12-07 10:00:00,6.644671999999999,-12.499997731007426,6.6354879670732325,4.8840723,17.817874908447266
2024-12-07 11:00:00,18.191447,5.249525966882942,17.88414085429808,17.33215,17.487899780273438
2024-12-07 12:00:00,27.818127,37.112324985690876,33.105137563753495,33.81581,29.58547592163086
2024-12-07 13:00:00,37.25970399999999,52.466219120630555,36.0233101434212,33.077503,44.45124435424805
2024-12-07 14:00:00,41.421736,54.090891738981256,41.15244969482303,38.509968,40.27595138549805
2024-12-07 15:00:00,31.255875,41.14130612756584,38.57522714447682,34.17707,31.342544555664062
2024-12-07 16:00:00,12.649337,12.699177648141642,13.148492590637895,11.166074,13.133869171142578
2024-12-07 17:00:00,8.242408,-19.65978437380754,11.78960457495039,12.514145,10.170051574707031
2024-12-07 18:00:00,1.225043,-22.213265058177697,6.00055748106713,4.762941,8.978370666503906
2024-12-07 19:00:00,0.421875,-31.368138837265292,1.6360978903692225,1.0701207,6.947238922119141
2024-12-07 20:00:00,4.741631999999999,-16.92534224861309,1.474474812973671,2.1444888,4.443916320800781
2024-12-07 21:00:00,11.390625,16.041206663028774,10.038720116925141,11.639801,4.899892807006836
2024-12-07 22:00:00,15.625,27.56114552686391,17.15040285225714,17.714417,10.482160568237305
2024-12-07 23:00:00,18.399744,27.673382719953096,18.325781488349932,17.722006,11.217666625976562
2024-12-08 00:00:00,21.717639,34.49436085776419,19.805241156941282,19.060045,15.460855484008789
2024-12-08 01:00:00,23.639903000000004,42.18743946065199,22.3094909585174,21.559517,15.761768341064453
2024-12-08 02:00:00,25.153757,41.78505113796878,23.59409364905298,23.282347,19.648059844970703
2024-12-08 03:00:00,26.463592,38.8516436967074,24.333269559705812,24.424545,20.56060028076172
2024-12-08 04:00:00,29.791000000000004,40.12075241317861,25.21108078777765,25.560337,22.28852081298828
2024-12-08 05:00:00,32.461759,48.577961175995895,29.538888968422125,28.38377,21.416091918945312
2024-12-08 06:00:00,33.698267,47.413761751792165,32.26958706628497,30.902073,22.209585189819336
2024-12-08 07:00:00,30.080231,40.7497877732,32.062370790943326,30.916111,23.73021697998047
2024-12-08 08:00:00,41.421736,30.636450003686676,29.193198934477227,32.10944,28.838115692138672
2024-12-08 09:00:00,128.024064,71.50179940694413,64.9087948258262,60.45751,30.365453720092773
2024-12-08 10:00:00,194.104539,167.35627176365665,211.7744155848938,210.81107,66.23167419433594
2024-12-08 11:00:00,208.52785699999995,180.7733350676491,240.68777875101532,247.45146,160.1300506591797
2024-12-08 12:00:00,190.109375,185.1109778860847,219.7170698632631,230.19025,223.30189514160156
2024-12-08 13:00:00,145.53157599999997,170.48318665045338,166.32546044714888,182.93301,241.14939880371094
2024-12-08 14:00:00,94.81881599999996,128.4730262463201,114.9689331207338,102.73919,175.21632385253906
2024-12-08 15:00:00,30.664297,77.40516336953318,51.44955616497711,45.055912,36.28948211669922
2024-12-08 16:00:00,5.832000000000001,21.402726846974318,10.46879939184594,9.017787,18.00111198425293
2024-12-08 17:00:00,1.6430319999999998,1.1352289564898967,3.9270131787868205,6.364879,14.203380584716797
2024-12-08 18:00:00,0.1038229999999999,-12.842888380336603,1.5273654772953813,2.2955267,9.97562026977539
2024-12-08 19:00:00,0.6141249999999999,-19.958139959060972,1.144649550218202,1.3087108,6.946329116821289
2024-12-08 20:00:00,2.985984,10.893767554664677,2.2828385944028566,2.0536373,6.336271286010742
2024-12-08 21:00:00,5.929741000000001,27.098569270550158,6.323659023495169,6.816846,5.280294418334961
2024-12-08 22:00:00,13.481272,41.858227542267244,8.391324305480873,8.127005,7.644306182861328
2024-12-08 23:00:00,55.306341,68.92766442534712,19.85743811621289,20.676256,12.972208023071289
2024-12-09 00:00:00,112.678587,143.89945171027796,104.14474273414504,98.93031,30.568828582763672
2024-12-09 01:00:00,114.08412499999996,174.87403035512273,153.93684568280113,148.05574,78.62924194335938
2024-12-09 02:00:00,67.91731200000001,157.32929454643931,107.21822433427492,113.26209,101.5523681640625
2024-12-09 03:00:00,43.24355099999999,115.5723194596675,36.147561316021616,43.891605,62.32933807373047
2024-12-09 04:00:00,33.38624800000001,92.37480764069598,34.61456158161922,24.961136,38.67424774169922
2024-12-09 05:00:00,27.818127,74.67898102103688,29.099419422473765,29.88182,36.0987548828125
2024-12-09 06:00:00,21.253933,60.40750866989568,24.797822323121906,27.36141,26.173320770263672
2024-12-09 07:00:00,17.173512000000002,36.943784189298796,19.44049609321113,17.68679,30.627525329589844
2024-12-09 08:00:00,22.665187000000003,25.464688128819787,15.937292671126498,20.720024,32.659141540527344
2024-12-09 09:00:00,12.487167999999995,41.145551707525854,34.563646220265035,38.841736,37.570106506347656
2024-12-09 10:00:00,8.615124999999997,4.185338985635326,14.889637380576573,15.54466,64.5145263671875
2024-12-09 11:00:00,5.832000000000001,-4.7555115238890835,15.546569590424856,13.09861,29.9130916595459
2024-12-09 12:00:00,12.166999999999998,-17.15709836597648,15.50995409631052,7.7852736,15.450441360473633
2024-12-09 13:00:00,29.218112,0.751665219271672,23.692307756313234,20.815363,13.373441696166992
2024-12-09 14:00:00,43.614208,18.72560263587212,43.70049590894814,41.93111,19.644922256469727
2024-12-09 15:00:00,42.144192,29.31658029532558,47.42812760387879,40.740887,23.962125778198242
2024-12-09 16:00:00,9.129328999999998,32.95870071796726,29.42472598262496,19.961205,17.349390029907227
2024-12-09 17:00:00,8.120600999999997,-18.419463903522768,7.7152469550475935,6.280115,16.220678329467773
2024-12-09 18:00:00,8.489664000000001,-1.296412047284477,8.293782083810754,7.8089366,9.823972702026367
2024-12-09 19:00:00,12.487167999999995,-3.804000108797794,8.2325950701746,8.556908,9.498329162597656
2024-12-09 20:00:00,19.034163,9.629040706644687,14.880643509249639,15.315678,12.017133712768555
2024-12-09 21:00:00,24.642171000000005,18.507528954536212,21.446559705718478,22.817688,15.22016716003418
2024-12-09 22:00:00,22.665187000000003,30.564328529913368,27.340127096040174,27.428963,24.81479835510254
2024-12-09 23:00:00,20.346417,31.430641767524506,20.051425339516882,21.359285,26.862401962280273
2024-12-10 00:00:00,19.902511,30.78505767871387,19.368779688114504,19.318817,25.475364685058594
2024-12-10 01:00:00,20.123648000000003,25.695131992887823,19.729864523341625,19.089182,22.9892520904541
2024-12-10 02:00:00,21.951999999999995,25.632252839895713,20.053255402347276,19.44096,20.749046325683594
2024-12-10 03:00:00,24.137569000000003,28.402496969594452,22.354538905111603,21.77862,18.976903915405273
2024-12-10 04:00:00,24.897088,32.3517458321608,26.634893071976858,25.430908,18.801816940307617
2024-12-10 05:00:00,25.412184,35.83297768030552,23.82355329863416,23.444258,18.30660057067871
2024-12-10 06:00:00,25.67237500000001,34.342065721430444,23.233066247998053,23.299213,17.225727081298828
2024-12-10 07:00:00,20.346417,29.599361485938786,19.718597395117367,20.152634,17.050548553466797
2024-12-10 08:00:00,22.425767999999994,17.989538670198385,18.527403185434075,18.062225,16.299345016479492
2024-12-10 09:00:00,95.44399300000002,41.038236680435645,35.57532661153796,46.03617,19.04703712463379
2024-12-10 10:00:00,161.878625,157.7293059278373,177.1538487180402,166.66747,101.98381042480469
2024-12-10 11:00:00,167.28415099999998,180.2581889177303,225.3251212270035,222.32663,183.15155029296875
2024-12-10 12:00:00,179.40614399999995,180.52184531117666,163.99320868274347,176.18353,206.31549072265625
2024-12-10 13:00:00,198.155287,186.97872901857227,176.74653217335177,179.91078,194.45993041992188
2024-12-10 14:00:00,186.169411,177.5646582408209,175.8806305689338,187.84651,194.66091918945312
2024-12-10 15:00:00,117.64900000000004,136.4469265983119,129.67311439170962,139.12144,107.77484130859375
2024-12-10 16:00:00,26.463592,76.29519726127835,32.23079166520263,25.873901,34.845123291015625
2024-12-10 17:00:00,27.818127,6.903705927132535,24.359850705904265,24.38643,27.444377899169922
2024-12-10 18:00:00,23.639903000000004,40.12069139650383,25.803963342997072,26.119688,22.785892486572266
2024-12-10 19:00:00,21.024576,33.78346034145609,20.89408079294356,21.149975,22.123462677001953
2024-12-10 20:00:00,19.683000000000003,35.97646462279546,18.80191750927034,18.699648,20.89914894104004
2024-12-10 21:00:00,20.123648000000003,23.61763812526705,19.277824435145963,19.994894,23.592693328857422
2024-12-10 22:00:00,21.253933,24.95069907535789,20.06794356290197,20.658712,22.23214340209961
2024-12-10 23:00:00,21.484952,30.82405086400489,21.247632854774857,21.280704,22.716617584228516
2024-12-11 00:00:00,21.024576,32.20724611471239,21.214792334007566,21.116716,22.930706024169922
2024-12-11 01:00:00,20.123648000000003,30.58947191298769,20.375742740229065,20.32644,23.193572998046875
2024-12-11 02:00:00,18.821096000000004,31.773340541539753,19.652097447390055,20.24082,23.437923431396484
2024-12-11 03:00:00,17.373979,30.2334437716642,17.918585129366534,17.801128,22.70797348022461
2024-12-11 04:00:00,13.997521000000004,26.824586156362713,16.217221562399587,16.139471,20.8272705078125
2024-12-11 05:00:00,10.793861,30.434245765275378,11.920867249330591,12.263843,17.0759334564209
2024-12-11 06:00:00,7.414874999999999,25.36229549953528,8.744485682381857,8.952804,11.644033432006836
2024-12-11 07:00:00,4.492124999999999,13.200297386055595,6.038601325640728,5.2232046,10.082504272460938
2024-12-11 08:00:00,1.6016129999999995,4.269436692622563,4.611804184461065,2.9135535,7.987522125244141
2024-12-11 09:00:00,2.000376,6.359660768588952,8.062648134862348,12.398834,9.218412399291992
2024-12-11 10:00:00,14.172488,7.005401727483061,16.136103636399675,11.885599,13.17988395690918
2024-12-11 11:00:00,26.730899000000004,52.7153188670042,32.101435889977466,29.913296,20.045759201049805
2024-12-11 12:00:00,42.50854900000001,62.282778436496656,40.21678262962826,38.794342,47.00797653198242
2024-12-11 13:00:00,51.895117,89.33214804971082,54.06965166442316,54.2392,52.91923522949219
2024-12-11 14:00:00,54.01015199999999,85.88701893084782,58.47659630945746,50.134094,52.32512664794922
2024-12-11 15:00:00,36.264691,66.59296509845989,42.67694801758281,44.13858,26.472312927246094
2024-12-11 16:00:00,16.194276999999996,30.391618039383403,11.655286280227754,9.568339,15.43204116821289
2024-12-11 17:00:00,17.576,-4.5576714844712996,16.11077307727133,14.379475,12.718973159790039
2024-12-11 18:00:00,14.706125000000004,-1.7692738186115946,15.591946543430945,15.392179,12.055658340454102
2024-12-11 19:00:00,13.997521000000004,-4.884942972864934,13.919480370327681,14.941614,13.369688034057617
2024-12-11 20:00:00,12.008989,7.793231638437575,12.818954100275416,14.070936,15.338449478149414
2024-12-11 21:00:00,10.077696,-5.941392544694551,11.226152512970614,11.920721,15.436479568481445
2024-12-11 22:00:00,10.077696,-5.7597063687961025,9.058986735678609,9.054951,14.262102127075195
2024-12-11 23:00:00,9.129328999999998,-5.949668777893308,9.920394082908818,9.645264,11.880199432373047
2024-12-12 00:00:00,6.967870999999999,-7.62686109820757,8.35647594589938,8.916891,11.829627990722656
2024-12-12 01:00:00,6.229504,-14.670194179437303,5.944218269800803,6.671405,11.014057159423828
2024-12-12 02:00:00,8.741816,-13.625160438051381,6.000280557940011,5.9458923,9.075891494750977
2024-12-12 03:00:00,11.852351999999996,-2.330330898535749,9.834550035165943,9.4996395,8.91615104675293
2024-12-12 04:00:00,11.697083,7.185784348565733,13.155020097036097,13.512719,9.835113525390625
2024-12-12 05:00:00,9.663596999999998,11.638364007090402,11.084946684372222,10.957753,10.00541877746582
2024-12-12 06:00:00,7.880599,5.866334002439643,8.611238877321043,8.874082,7.795427322387695
2024-12-12 07:00:00,6.028568000000001,-4.409505625254511,6.852164979160134,5.907877,6.316205978393555
2024-12-12 08:00:00,2.5154560000000004,-10.08464336660954,4.684146990554481,3.8195028,5.455595016479492
2024-12-12 09:00:00,1.3310000000000004,1.1866402205837687,2.586851340411761,1.4571733,6.109121322631836
2024-12-12 10:00:00,12.326391,-13.048031941986991,5.932343462770168,5.5202885,9.259796142578125
2024-12-12 11:00:00,34.965783,41.96222325699374,31.34208020750459,28.166416,17.062910079956055
2024-12-12 12:00:00,70.95794399999998,76.3126288478933,55.990639861612664,51.795013,41.93594741821289
2024-12-12 13:00:00,97.33599999999998,125.04250873158871,100.40922758081453,104.49406,79.09068298339844
2024-12-12 14:00:00,99.89734399999998,133.12694607898527,105.20712807040044,104.67847,95.45376586914062
2024-12-12 15:00:00,71.47337500000002,113.40721731705916,73.54546626414962,75.6588,49.23755645751953
2024-12-12 16:00:00,23.149125,79.08344088395522,19.345418038441125,17.5599,21.05826759338379
2024-12-12 17:00:00,28.652616,17.7300444818609,21.4267770133946,20.557709,18.570302963256836
2024-12-12 18:00:00,24.897088,38.192092078693705,29.613015240306957,35.765568,15.596298217773438
2024-12-12 19:00:00,23.393656,29.193783521437737,22.574610067449292,23.551285,17.87649154663086
2024-12-12 20:00:00,24.137569000000003,31.57454155746005,21.138733382980696,21.292849,20.0620174407959
2024-12-12 21:00:00,25.67237500000001,22.137520177227955,24.125604140062606,24.99685,21.23326873779297
2024-12-12 22:00:00,27.543608,18.439316546485855,25.01141832581667,24.357693,23.204477310180664
2024-12-12 23:00:00,27.818127,18.99678850268782,27.69369373145521,26.448452,25.249799728393555
2024-12-13 00:00:00,29.218112,19.34157014909755,27.600144903461807,27.073242,25.500587463378906
2024-12-13 01:00:00,29.791000000000004,22.506708760915572,28.84102396704985,28.542068,23.73868751525879
2024-12-13 02:00:00,28.652616,24.741965330278433,27.550072024241494,27.750477,23.753263473510742
2024-12-13 03:00:00,30.371328,22.93910401127387,26.559021119704965,26.484686,24.660730361938477
2024-12-13 04:00:00,34.965783,26.398846325582994,30.37288989527391,28.516447,24.670894622802734
2024-12-13 05:00:00,38.95821900000001,38.867819023556464,41.83270107662518,37.352936,26.22348403930664
2024-12-13 06:00:00,41.781923000000006,43.12558894795383,47.90260041425338,43.45802,27.76903533935547
2024-12-13 07:00:00,34.965783,42.082332813457086,41.109218994735784,41.100857,29.735994338989258
2024-12-13 08:00:00,28.094464,35.209480278473976,38.97319907276862,44.742207,30.872692108154297
2024-12-13 09:00:00,42.50854900000001,58.09644476118875,32.42973144090699,44.07944,32.216243743896484
2024-12-13 10:00:00,50.653000000000006,84.3338206822525,71.28513625108008,76.13243,106.56912231445312
2024-12-13 11:00:00,53.15737599999999,76.72771604496926,65.63639259281777,64.23022,118.74725341796875
2024-12-13 12:00:00,77.30877599999998,77.31231860248953,53.497741023316046,59.039078,117.63096618652344
2024-12-13 13:00:00,114.79125600000002,105.50718054472726,104.29742288351774,104.78555,113.47270202636719
2024-12-13 14:00:00,137.38809600000002,119.7622218079536,134.30995812215733,134.52641,132.83981323242188
2024-12-13 15:00:00,109.902239,108.53170039245255,131.24016866961367,122.486465,110.4158935546875
2024-12-13 16:00:00,36.594368,66.15001822517324,28.063314531851134,27.208652,34.23723220825195
2024-12-13 17:00:00,37.93305599999999,-2.4904378432737673,29.274990347029135,31.504889,25.10053253173828
2024-12-13 18:00:00,35.28755199999999,28.53390268915082,33.744855136578515,35.795155,21.281044006347656
2024-12-13 19:00:00,34.965783,41.44952201739697,30.07616024412574,31.02674,22.87571144104004
2024-12-13 20:00:00,33.698267,46.129977192450454,30.394580272285157,30.922377,26.58814811706543
2024-12-13 21:00:00,30.664297,32.63464636295957,30.273129157096815,29.67455,30.070341110229492
2024-12-13 22:00:00,27.818127,28.465168134266875,27.834168666837584,28.732756,29.27115249633789
2024-12-13 23:00:00,26.463592,24.400445601543865,25.47491011655154,25.56772,27.875534057617188
2024-12-14 00:00:00,26.730899000000004,24.35135706959464,24.775059525400465,25.228994,25.278684616088867
2024-12-14 01:00:00,27.0,27.367544425578913,26.349585235958795,26.626299,23.25881576538086
2024-12-14 02:00:00,26.198073000000004,26.757272257660517,26.99469567801121,26.749884,20.48870277404785
2024-12-14 03:00:00,24.137569000000003,24.26323840331891,24.58260548182287,25.352201,21.212669372558594
2024-12-14 04:00:00,20.123648000000003,22.812003235740875,23.28130981410777,23.616276,23.112407684326172
2024-12-14 05:00:00,17.173512000000002,30.72753335990079,17.41183965819825,17.383667,21.630109786987305
2024-12-14 06:00:00,17.779580999999997,31.037823018670352,14.699914972561894,14.476355,17.096200942993164
2024-12-14 07:00:00,16.194276999999996,28.08940403676651,14.985507821677249,13.314044,16.033424377441406
2024-12-14 08:00:00,7.189056999999999,22.59478917346705,14.792929805484333,14.570621,17.207691192626953
2024-12-14 09:00:00,10.077696,26.531271263913325,31.895052898009588,31.640266,20.265182495117188
2024-12-14 10:00:00,26.463592,44.61373292772454,31.104629153983492,32.515224,27.602649688720703
2024-12-14 11:00:00,51.064811,70.46610683138321,47.71335463982619,49.157276,50.30690002441406
2024-12-14 12:00:00,92.959677,94.84552909939724,78.07967418297606,81.52349,73.92227172851562
2024-12-14 13:00:00,119.095488,140.0690522256275,126.25413984899411,137.36803,114.19354248046875
2024-12-14 14:00:00,97.97218100000002,131.68559519489202,130.35474133640446,128.46278,137.73330688476562
2024-12-14 15:00:00,47.43792800000001,80.1211018591729,59.28579768130304,50.714294,68.01632690429688
2024-12-14 16:00:00,13.651919,32.648516062921445,15.986676138555726,14.709066,19.514385223388672
2024-12-14 17:00:00,17.373979,-10.194858875496465,13.054477763118925,13.041541,16.051481246948242
2024-12-14 18:00:00,18.609625,8.749893028361441,16.74227845135459,16.661001,14.005699157714844
2024-12-14 19:00:00,19.465109,16.30046301921311,18.167263463830338,18.392946,13.12691879272461
2024-12-14 20:00:00,20.796875,26.63872262923003,18.87022942612056,18.42705,16.42276382446289
2024-12-14 21:00:00,21.484952,23.51494037540617,20.7016155051264,20.811117,16.994836807250977
2024-12-14 22:00:00,21.484952,23.15195243109038,21.567700099340232,21.475374,18.982492446899414
2024-12-14 23:00:00,22.425767999999994,19.807581865777607,21.17693585421987,21.19523,19.700119018554688
2024-12-15 00:00:00,23.149125,27.908465229265502,22.842480420149183,22.9696,19.429941177368164
2024-12-15 01:00:00,22.906303999999995,26.21138348262086,23.15626459738832,23.049475,19.176380157470703
2024-12-15 02:00:00,21.024576,27.536392781499288,21.98456076368027,22.556677,18.148296356201172
2024-12-15 03:00:00,19.248832000000004,26.395068793349495,19.13404095122115,19.110899,20.075115203857422
2024-12-15 04:00:00,16.387064000000002,28.194768688808907,17.977755250352356,17.670303,18.47120475769043
2024-12-15 05:00:00,11.239424000000003,28.845136716304026,14.561484326619498,14.964134,15.775516510009766
2024-12-15 06:00:00,5.735339000000001,18.63461196681611,9.767448094305088,9.164222,10.79940414428711
2024-12-15 07:00:00,2.803221,3.124540484699736,4.4240543891709825,6.217005,7.9748382568359375
2024-12-15 08:00:00,2.6280719999999995,-8.18060032404729,2.945434000493709,2.4295619,5.835308074951172
2024-12-15 09:00:00,3.652264,32.82057789293144,10.18132503852128,8.373802,6.806295394897461
2024-12-15 10:00:00,5.5452330000000005,19.681909580839147,11.09707184921691,11.791306,17.57958221435547
2024-12-15 11:00:00,14.172488,7.472164138938197,18.703751709346232,14.417957,26.240093231201172
2024-12-15 12:00:00,22.906303999999995,30.71850786831091,24.42166896567015,27.477715,31.14851188659668
2024-12-15 13:00:00,28.372625,50.86581950261272,30.601383597730834,29.609179,34.93535232543945
2024-12-15 14:00:00,26.463592,51.61266284938141,46.96247158594363,37.23053,28.555757522583008
2024-12-15 15:00:00,13.997521000000004,17.8749434896514,20.413396310110507,16.775002,16.981050491333008
2024-12-15 16:00:00,8.242408,-17.771272792829777,12.084826705745709,9.382204,10.086681365966797
2024-12-15 17:00:00,8.489664000000001,-29.282638602702264,6.354080639579682,7.087297,7.224233627319336
2024-12-15 18:00:00,6.967870999999999,-36.73362979498013,9.033465938075938,8.380978,7.816062927246094
2024-12-15 19:00:00,5.177717,-29.99538535295754,6.11219569584946,7.6652675,7.610097885131836
2024-12-15 20:00:00,3.5118080000000003,-22.00254287152258,4.97166704603982,5.3975596,9.963207244873047
2024-12-15 21:00:00,2.6280719999999995,-23.1576796161372,3.352077283304667,3.4914367,9.157491683959961
2024-12-15 22:00:00,3.796416,-22.35090402275445,2.8599438239007213,3.0664055,7.138332366943359
2024-12-15 23:00:00,8.242408,-20.45008986645891,5.052826920923025,5.572168,6.097225189208984
2024-12-16 00:00:00,15.625,-1.096291338457604,12.524880157980524,12.4954815,7.103189468383789
2024-12-16 01:00:00,19.465109,16.7607665184466,19.154712161541845,19.775946,11.106908798217773
2024-12-16 02:00:00,14.886936,24.502649860385887,20.85694570267685,19.534195,18.094139099121094
2024-12-16 03:00:00,9.393930999999998,21.350616726630776,13.800360696856087,13.879379,20.715730667114258
2024-12-16 04:00:00,6.858999999999999,17.774695795841552,7.994318590760509,7.9203405,14.889518737792969
2024-12-16 05:00:00,5.451776,13.850827296612337,5.603330314940191,5.6246367,10.83224105834961
2024-12-16 06:00:00,4.826809,3.6543928834106367,4.905717207652645,5.708514,8.484539031982422
2024-12-16 07:00:00,5.177717,-5.227177730171192,4.410934849309184,3.4160233,7.374813079833984
2024-12-16 08:00:00,3.0486249999999995,-10.35887116322965,5.00369340098581,5.696097,7.237234115600586
2024-12-16 09:00:00,2.097152,12.50840818595232,3.9541920701229487,2.9384775,8.459468841552734
2024-12-16 10:00:00,4.492124999999999,-0.016672503652131354,7.15103523507369,6.1200624,13.237268447875977
2024-12-16 11:00:00,15.438249000000004,7.199200517440062,13.862211746746524,14.673466,21.865459442138672
2024-12-16 12:00:00,27.543608,43.0532207600324,31.032403168626598,29.807774,33.30074691772461
2024-12-16 13:00:00,28.934442999999995,69.73765715354524,38.01431465767595,37.06224,50.549781799316406
2024-12-16 14:00:00,20.796875,55.61392217460413,36.70932156724262,32.0532,47.894554138183594
2024-12-16 15:00:00,8.869742999999998,13.819391150066608,12.947477267388189,13.881161,17.8850154876709
2024-12-16 16:00:00,5.359375,-19.012101551753233,7.191603446277868,4.6469526,8.50572395324707
2024-12-16 17:00:00,0.8305839999999999,-35.0167264828864,3.3625519874224126,5.0929823,5.413551330566406
2024-12-16 18:00:00,1.4428969999999997,-79.73176811757293,2.3579112365198953,0.906155,7.021829605102539
2024-12-16 19:00:00,4.492124999999999,-31.416839073447207,4.172318315489628,3.9197946,4.3708038330078125
2024-12-16 20:00:00,5.451776,-9.019825413808562,8.697875330410785,8.881649,6.04901123046875
2024-12-16 21:00:00,6.644671999999999,-8.81327393872435,5.993253151165416,6.0228825,9.798080444335938
2024-12-16 22:00:00,7.529535999999999,3.4533808253199965,7.222919480881879,6.7917056,8.615629196166992
2024-12-16 23:00:00,8.365426999999997,4.702845224269183,8.311012974109321,7.9606767,8.981559753417969
2024-12-17 00:00:00,10.503459,17.408684059515892,8.364525916234838,8.715619,8.554885864257812
2024-12-17 01:00:00,11.697083,16.588530153223317,11.436388486017806,11.911337,9.663673400878906
2024-12-17 02:00:00,12.166999999999998,12.000835201015917,12.304664940275407,12.031544,10.681404113769531
2024-12-17 03:00:00,12.812903999999998,13.62658159915199,11.90698712404484,12.048363,11.994302749633789
2024-12-17 04:00:00,13.997521000000004,15.927453773388194,12.378283937741854,12.453437,12.144039154052734
2024-12-17 05:00:00,16.194276999999996,17.59719350594105,13.713800460990846,14.109711,11.1776123046875
2024-12-17 06:00:00,19.034163,17.218139504733216,16.459377891345262,16.12222,10.358341217041016
2024-12-17 07:00:00,20.346417,13.467115536144746,17.508337429447423,17.343336,11.06580924987793
2024-12-17 08:00:00,10.218312999999998,18.336277752589055,17.90676959990184,19.566528,13.399295806884766
2024-12-17 09:00:00,19.248832000000004,27.69116834853999,10.652958578464387,11.472701,15.567108154296875
2024-12-17 10:00:00,18.821096000000004,56.94038237907172,37.101716308355485,36.200935,17.3049259185791
2024-12-17 11:00:00,27.543608,30.036206187258145,24.07714819071948,25.703518,70.9470443725586
2024-12-17 12:00:00,36.926037,44.02941531967586,42.841909000011135,39.370235,44.16050338745117
2024-12-17 13:00:00,40.001688,60.23273237497362,45.16335621059164,43.599735,49.06120300292969
2024-12-17 14:00:00,37.25970399999999,44.05796111735562,38.2512148756613,37.106354,47.3574104309082
2024-12-17 15:00:00,16.974592999999995,16.31561535735713,27.76663749278074,26.944155,31.58660316467285
2024-12-17 16:00:00,10.360232000000002,-17.03943696530456,9.044187047611958,11.148574,14.35660171508789
2024-12-17 17:00:00,6.229504,-26.44662652618652,8.425805533888001,8.049558,8.281055450439453
2024-12-17 18:00:00,8.365426999999997,-47.04741773811952,3.714813764013723,4.8330994,9.519163131713867
2024-12-17 19:00:00,13.481272,-10.816661192737783,9.62374110057002,9.225908,7.018642425537109
2024-12-17 20:00:00,12.812903999999998,8.295092327245484,17.063794161329568,17.896357,13.766855239868164
2024-12-17 21:00:00,8.998912,3.909529431529293,11.884963951113924,12.064799,17.596965789794922
2024-12-17 22:00:00,6.751268999999999,2.9287851624302874,8.139868897631981,8.111742,13.942691802978516
2024-12-17 23:00:00,7.645372999999999,-1.9107696681578545,5.6354990746367095,6.816064,10.274320602416992
2024-12-18 00:00:00,10.793861,9.854973995355891,8.34364813108792,8.185029,8.858865737915039
2024-12-18 01:00:00,12.166999999999998,13.550641941258306,12.333017658788206,12.029912,10.08354377746582
2024-12-18 02:00:00,14.172488,13.734815217036768,13.023744448519391,12.847343,10.777397155761719
2024-12-18 03:00:00,18.191447,20.380687628924065,14.367788109776336,14.6228075,11.427839279174805
2024-12-18 04:00:00,21.717639,35.05724006151469,20.351747517509992,19.94042,12.238771438598633
2024-12-18 05:00:00,22.665187000000003,44.70530465041146,22.049522661420742,20.78413,13.801753997802734
2024-12-18 06:00:00,21.253933,39.43124619493638,22.531658426685777,21.686455,14.584951400756836
2024-12-18 07:00:00,16.003008,29.37780463136805,16.890923591030518,15.801605,14.645328521728516
2024-12-18 08:00:00,7.645372999999999,18.972283969538694,13.769834967680083,14.06033,12.821969985961914
2024-12-18 09:00:00,4.251528,29.565910463387567,7.021349498952344,7.26034,11.976686477661133
2024-12-18 10:00:00,7.762391999999999,16.789390518376308,8.197679474058456,8.07963,19.063220977783203
2024-12-18 11:00:00,19.683000000000003,25.54549072714606,21.347167588746814,23.772451,23.192832946777344
2024-12-18 12:00:00,36.594368,48.676784516957596,35.58221189872104,33.855347,38.17999267578125
2024-12-18 13:00:00,49.836032,74.45954446283947,51.03820521674877,48.30746,52.96098327636719
2024-12-18 14:00:00,48.22854400000001,75.0768101769266,53.78785597772532,54.12064,66.0628662109375
2024-12-18 15:00:00,25.67237500000001,44.65370596589962,33.34050177259965,29.653746,49.519378662109375
2024-12-18 16:00:00,9.663596999999998,4.6278795499300855,12.60860511670989,12.54349,14.932153701782227
2024-12-18 17:00:00,4.741631999999999,-29.708773986782646,7.777938771920736,7.209225,10.746007919311523
2024-12-18 18:00:00,5.6397520000000005,-43.70609871638435,2.4989912670624346,3.1740236,9.769067764282227
2024-12-18 19:00:00,9.129328999999998,-12.38503360567806,7.129379447438072,7.0464554,6.204654693603516
2024-12-18 20:00:00,8.489664000000001,5.698717193340144,11.744299831602637,12.830574,10.452455520629883
2024-12-18 21:00:00,7.529535999999999,-1.2024935484768093,7.948049216307805,8.14151,12.390739440917969
2024-12-18 22:00:00,8.242408,-0.7017128325406929,7.053500738541685,7.1388345,10.159013748168945
2024-12-18 23:00:00,9.663596999999998,-1.4209663067524332,8.397512646747074,8.405317,8.817403793334961
2024-12-19 00:00:00,12.166999999999998,8.343864957745907,10.553110828084797,10.347829,8.838184356689453
2024-12-19 01:00:00,15.438249000000004,9.673820167676126,13.74978524168352,13.623103,9.209901809692383
2024-12-19 02:00:00,18.821096000000004,15.927561844913342,16.106924702636277,15.624617,11.065128326416016
2024-12-19 03:00:00,22.188041,23.087197510475008,20.031730042268762,19.426292,14.294921875
2024-12-19 04:00:00,25.412184,30.64763031114562,22.45744319331985,23.819235,18.176435470581055
2024-12-19 05:00:00,28.934442999999995,39.58443964208426,25.89765677486849,25.429361,20.987022399902344
2024-12-19 06:00:00,31.554496000000004,40.181768674424305,28.93272584193496,28.08394,20.619157791137695
2024-12-19 07:00:00,29.503629,36.42310806554475,29.664611130405923,27.564499,21.793991088867188
2024-12-19 08:00:00,22.665187000000003,29.720697827795576,27.07409318963817,31.46211,22.147844314575195
2024-12-19 09:00:00,77.30877599999998,40.233325061261226,18.228113679330505,30.95348,23.115877151489258
2024-12-19 10:00:00,114.79125600000002,130.37072493481224,145.5512968063989,142.59877,25.68390464782715
2024-12-19 11:00:00,163.66732299999998,137.5919023803803,141.8960194004074,135.72609,138.10984802246094
2024-12-19 12:00:00,199.176704,167.75592399343458,191.97559055975958,195.17708,130.84609985351562
2024-12-19 13:00:00,191.102976,183.50487460203703,223.8388302025669,227.15157,241.54293823242188
2024-12-19 14:00:00,155.720872,159.3964169291873,166.79440152629581,157.50131,191.735595703125
2024-12-19 15:00:00,82.31287499999998,118.24542445806541,93.71878270786308,87.13345,107.94602966308594
2024-12-19 16:00:00,13.651919,61.85877128102642,21.370961577630982,19.708109,21.81183624267578
2024-12-19 17:00:00,4.741631999999999,-5.716642362479149,13.014344489729375,13.584941,23.019977569580078
2024-12-19 18:00:00,0.300763,-8.167927509968848,2.6334672219417348,6.228066,17.855518341064453
2024-12-19 19:00:00,2.299968,-32.11174712594928,1.0692515784532244,0.6372391,12.257637023925781
2024-12-19 20:00:00,7.880599,17.747707051817855,9.911928169390585,6.0101967,10.218477249145508
2024-12-19 21:00:00,13.144256,25.275111196803763,13.93577012846154,14.035029,8.945507049560547
2024-12-19 22:00:00,17.173512000000002,34.49083628359698,16.976545609814142,16.823683,12.481828689575195
2024-12-19 23:00:00,18.399744,45.714081174221704,18.493142499471677,18.369663,11.649005889892578
2024-12-20 00:00:00,17.173512000000002,50.794355709468746,18.889190993529215,18.075102,12.786039352416992
2024-12-20 01:00:00,15.252992,44.07734573136365,16.153412945500087,16.124119,13.344566345214844
2024-12-20 02:00:00,16.003008,34.472297208491895,13.929832387697775,14.308517,13.276433944702148
2024-12-20 03:00:00,18.191447,29.70757154748027,15.855353589891989,15.629724,14.667608261108398
2024-12-20 04:00:00,20.796875,30.414949813359996,18.78879148586836,18.081064,14.95974349975586
2024-12-20 05:00:00,23.393656,39.08199082335729,20.828692887262374,19.673223,15.888734817504883
2024-12-20 06:00:00,24.897088,39.98175758438141,22.572333954391848,22.680483,16.945354461669922
2024-12-20 07:00:00,22.665187000000003,33.85110790771263,20.840368483937706,21.53669,22.272315979003906
2024-12-20 08:00:00,11.390625,26.13911024722823,21.634992747946185,20.22571,24.375751495361328
2024-12-20 09:00:00,10.077696,15.535003790669265,12.09005304394911,13.3676405,20.930286407470703
2024-12-20 10:00:00,10.077696,19.504737554630836,19.25620934578569,15.369045,25.967344284057617
2024-12-20 11:00:00,16.387064000000002,3.9018102366645167,18.078111140240193,21.079803,35.0772590637207
2024-12-20 12:00:00,24.642171000000005,16.704648951983913,24.552982874524673,29.085821,38.355159759521484
2024-12-20 13:00:00,31.255875,25.65932948243905,32.327316770917875,32.0891,42.86438751220703
2024-12-20 14:00:00,40.353607,24.968211344768676,34.90770534991458,35.00423,38.848934173583984
2024-12-20 15:00:00,39.304,24.849460048260383,40.74988981232026,42.07877,31.487911224365234
2024-12-20 16:00:00,21.484952,10.335768596366322,16.762880717008485,19.267687,18.852909088134766
2024-12-20 17:00:00,24.137569000000003,-25.8531465955662,20.9345449334581,19.68161,13.528385162353516
2024-12-20 18:00:00,21.951999999999995,-12.036228141304449,22.622007878565263,24.109365,13.14968490600586
2024-12-20 19:00:00,21.717639,-1.9515850938248747,20.295200010509166,21.095345,16.23130226135254
2024-12-20 20:00:00,20.123648000000003,7.3179583222641185,21.08611518371062,20.680899,17.534793853759766
2024-12-20 21:00:00,17.984728,1.5494768168050967,19.34042845560926,20.140047,17.912626266479492
2024-12-20 22:00:00,15.438249000000004,4.357463660920288,16.148927532067045,16.670208,19.002464294433594
2024-12-20 23:00:00,13.651919,0.5158000657565367,13.89548595865596,14.36016,16.027034759521484
2024-12-21 00:00:00,12.487167999999995,0.24248708080232007,11.986960740274476,12.665262,14.27899169921875
2024-12-21 01:00:00,11.543175999999995,-0.22832876546596026,11.642409712919486,11.72081,13.484445571899414
2024-12-21 02:00:00,10.793861,1.6793218591187014,10.750186148301934,10.908737,12.161489486694336
2024-12-21 03:00:00,10.360232000000002,5.863378214637606,9.568419462646954,10.122764,12.355083465576172
2024-12-21 04:00:00,10.218312999999998,14.332376225982358,9.749827336658061,10.078878,11.502460479736328
2024-12-21 05:00:00,11.697083,23.33961394434202,9.784604880507615,9.543886,10.625385284423828
2024-12-21 06:00:00,14.172488,25.46200105298736,12.176466162194258,11.504,8.147066116333008
2024-12-21 07:00:00,14.886936,23.826750423375515,14.002418402943361,13.146534,8.566627502441406
2024-12-21 08:00:00,9.528128,22.327786357443173,13.996240849886988,13.713124,8.720458984375
2024-12-21 09:00:00,9.663596999999998,18.207146260435877,12.665476428423993,13.186345,10.069238662719727
2024-12-21 10:00:00,17.576,24.07921071442111,11.95491115397486,16.09909,15.727519989013672
2024-12-21 11:00:00,33.698267,38.548022276023445,30.334553131357794,28.051104,25.455615997314453
2024-12-21 12:00:00,43.614208,65.76941974882335,47.34792169386283,48.4935,48.391658782958984
2024-12-21 13:00:00,49.027896000000005,77.00213774874119,49.433766949283026,51.503716,70.18379974365234
2024-12-21 14:00:00,44.73887499999999,70.12073345708667,51.04931598929439,48.532364,54.36387634277344
2024-12-21 15:00:00,26.463592,38.56914790456692,32.14125708297396,33.033165,38.6762809753418
2024-12-21 16:00:00,9.393930999999998,-4.804611797883993,10.441258513985407,10.340839,13.737611770629883
2024-12-21 17:00:00,4.574296,-38.29064301120469,7.735201038748567,9.108541,10.327207565307617
2024-12-21 18:00:00,3.944312000000001,-42.72105176848147,2.3563081837159707,3.8030307,9.334295272827148
2024-12-21 19:00:00,7.762391999999999,-24.616575475240808,4.4862390682597235,4.4937925,6.292417526245117
2024-12-21 20:00:00,10.793861,3.8717489245392045,12.32081813340819,12.03316,7.648042678833008
2024-12-21 21:00:00,12.008989,8.566040132928933,12.146750570335891,11.93553,10.841363906860352
2024-12-21 22:00:00,11.852351999999996,16.02050020065215,12.710006767319488,12.901959,11.287260055541992
2024-12-21 23:00:00,11.852351999999996,15.40743540714972,11.497471189845095,11.758691,10.496305465698242
2024-12-22 00:00:00,13.312053000000002,24.059030703474704,11.478755201242423,11.827734,9.287946701049805
2024-12-22 01:00:00,13.823999999999998,26.88726613908004,13.9180436657548,14.527467,9.57628059387207
2024-12-22 02:00:00,12.977875,25.795981429763216,13.520561391837985,13.630589,10.479423522949219
2024-12-22 03:00:00,10.503459,23.075402613619573,12.289649496719356,12.344044,12.42961311340332
2024-12-22 04:00:00,9.129328999999998,19.184507272308906,8.825062867251114,9.46429,11.033041000366211
2024-12-22 05:00:00,7.880599,18.75950104369379,8.266494352403155,8.325353,8.234968185424805
2024-12-22 06:00:00,6.751268999999999,6.509287912502927,7.403674650721038,7.2702494,6.473825454711914
2024-12-22 07:00:00,7.077887999999999,-6.330553340679415,5.975998324866248,5.4644127,5.839366912841797
2024-12-22 08:00:00,5.359375,-6.735355840134304,6.748778225033016,5.9098034,5.2397918701171875
2024-12-22 09:00:00,12.166999999999998,-1.5997688053503083,4.828776632161414,5.080101,6.378532409667969
2024-12-22 10:00:00,17.984728,26.296343640667104,28.53974148690864,24.93297,7.9916839599609375
2024-12-22 11:00:00,37.93305599999999,30.277448382020324,27.214700262898763,26.760313,23.313405990600586
2024-12-22 12:00:00,56.62310399999999,68.53548573999241,51.76388184785467,51.854824,29.277040481567383
2024-12-22 13:00:00,57.066625,96.14677107765174,71.976733437307,71.23398,73.06817626953125
2024-12-22 14:00:00,43.614208,83.34285003113239,52.367134289304325,52.1122,61.68805694580078
2024-12-22 15:00:00,19.465109,47.618483644588835,30.531529993296857,27.665667,31.45986557006836
2024-12-22 16:00:00,6.858999999999999,5.4780318845474625,7.452172890173122,8.148389,10.593730926513672
2024-12-22 17:00:00,2.6280719999999995,-18.01835376279017,4.743847749647242,5.5676527,7.235591888427734
2024-12-22 18:00:00,1.953125,-39.28159708701264,1.8026792472399762,1.6343275,6.8565673828125
2024-12-22 19:00:00,8.615124999999997,-26.964482987370346,3.3833293208353648,3.5697393,5.04847526550293
2024-12-22 20:00:00,16.003008,13.187477392527569,15.637666299266785,15.318789,6.003751754760742
2024-12-22 21:00:00,20.570824000000005,20.782560340657753,19.696202069667994,18.706377,13.507791519165039
2024-12-22 22:00:00,24.389,33.36449119996065,23.163843783141548,21.92658,14.710987091064453
2024-12-22 23:00:00,26.730899000000004,39.78806074388926,26.53247120492566,26.023413,15.693174362182617
2024-12-23 00:00:00,27.818127,51.486953163206906,27.05170224091155,26.71203,16.331254959106445
2024-12-23 01:00:00,27.543608,50.63029309476876,28.106390286335557,27.49352,18.706022262573242
2024-12-23 02:00:00,26.463592,45.36613144284682,27.076555892155167,26.286469,20.587881088256836
2024-12-23 03:00:00,24.137569000000003,43.508495660881906,25.11826307739347,25.170639,23.487211227416992
2024-12-23 04:00:00,19.902511,43.5225145821682,22.79618253531947,23.927393,22.616313934326172
2024-12-23 05:00:00,13.997521000000004,41.7825933106039,16.703287032235725,17.154379,21.44252586364746
2024-12-23 06:00:00,6.331625000000001,28.190336259707195,11.059365158179034,11.624117,16.114501953125
2024-12-23 07:00:00,8.0,4.920430165212451,4.5933495893635135,4.004244,12.60914421081543
2024-12-23 08:00:00,6.751268999999999,21.138950334384234,9.383420325762495,9.031888,7.995908737182617
2024-12-23 09:00:00,0.438976,31.693708412069,6.984945101895717,7.028802,14.36032485961914
2024-12-23 10:00:00,1.6430319999999998,-32.54132803222295,8.221838080947506,0.7585175,11.378175735473633
2024-12-23 11:00:00,2.6856189999999995,-11.556027745936845,10.171751969897876,5.017767,8.74665641784668
2024-12-23 12:00:00,5.832000000000001,-20.34475457456628,10.744173275825961,4.2374134,12.910564422607422
2024-12-23 13:00:00,13.997521000000004,4.03994623432763,14.392815629707215,9.544931,14.158319473266602
2024-12-23 14:00:00,29.218112,29.823517973971732,21.246775015161056,21.4371,17.5209903717041
2024-12-23 15:00:00,29.218112,59.44489909425637,38.967166234272284,39.68032,19.304006576538086
2024-12-23 16:00:00,9.800344,53.3957015127841,21.129397609766023,21.992426,22.13845443725586
2024-12-23 17:00:00,8.615124999999997,15.634278712845372,8.870205449028896,9.046881,16.058134078979492
2024-12-23 18:00:00,5.929741000000001,18.68333496789367,8.013658548163386,7.933623,13.330732345581055
2024-12-23 19:00:00,3.723875000000001,-1.4964289164690143,5.2276965674895015,5.542502,18.160873413085938
2024-12-23 20:00:00,3.307949,-6.404181985156512,3.1793227744140222,3.9446073,12.690523147583008
2024-12-23 21:00:00,3.375,-5.803208223072204,3.271408182031976,3.8355904,8.609785079956055
2024-12-23 22:00:00,4.657462999999999,-6.613257756480181,3.3282075729544425,3.5669987,7.175508499145508
2024-12-23 23:00:00,8.365426999999997,2.537504643791223,6.489190206746657,5.6347876,6.4734649658203125
2024-12-24 00:00:00,12.326391,19.485781980480724,12.073573142288927,10.0134535,7.261379241943359
2024-12-24 01:00:00,15.625,28.4751310492788,14.920286273324553,15.024101,10.70869255065918
2024-12-24 02:00:00,17.173512000000002,37.33236153930416,17.05563036840085,16.99921,10.958292007446289
2024-12-24 03:00:00,16.974592999999995,39.592961119176906,17.021263133450212,17.099127,12.737018585205078
2024-12-24 04:00:00,16.387064000000002,35.912507299470875,16.210567710792432,15.403333,10.490837097167969
2024-12-24 05:00:00,15.813250999999996,32.3359427179813,16.349789389265585,15.733509,10.846176147460938
2024-12-24 06:00:00,15.069223000000004,23.300370124275148,15.615866775222482,14.829262,9.263153076171875
2024-12-24 07:00:00,11.852351999999996,11.784773554649576,13.017239848441166,11.542835,10.705934524536133
2024-12-24 08:00:00,18.191447,0.2638255788031927,10.534725230649354,10.471558,9.90202522277832
2024-12-24 09:00:00,25.934336,29.93973304571672,28.726701743629604,27.02599,8.967096328735352
2024-12-24 10:00:00,8.0,40.901289656385174,33.18012811943512,30.508663,30.91721534729004
2024-12-24 11:00:00,1.685159,-13.397468607940198,7.180484594469676,4.6176147,23.264667510986328
2024-12-24 12:00:00,0.262144,-22.419871381616346,1.6812352499074987,1.6383194,10.405357360839844
2024-12-24 13:00:00,0.015625,-40.02046980492881,1.4213259617414264,0.51478577,7.112245559692383
2024-12-24 14:00:00,0.064,-51.86712128348287,2.0086438870692844,1.4383736,6.514732360839844
2024-12-24 15:00:00,0.405224,-48.36319162052639,1.2593468752945431,0.17199528,5.877239227294922
2024-12-24 16:00:00,1.6430319999999998,-47.95701651202513,1.4303397000743296,0.4969578,5.119922637939453
2024-12-24 17:00:00,3.944312000000001,-26.90679484767017,5.703695826702475,3.6445348,4.619144439697266
2024-12-24 18:00:00,5.5452330000000005,-14.403803280869056,6.509769725727136,7.0979924,5.968378067016602
2024-12-24 19:00:00,7.645372999999999,1.5286519250146995,6.791322376786532,7.6742845,8.069572448730469
2024-12-24 20:00:00,9.800344,21.88880994591797,9.137997585648266,7.870098,7.821794509887695
2024-12-24 21:00:00,10.503459,23.45022088555244,11.78334060698585,10.285393,9.34023666381836
2024-12-24 22:00:00,10.077696,24.92014470479681,11.02891296332672,11.106223,9.552755355834961
2024-12-24 23:00:00,9.261,23.11982564188976,10.04466020729131,9.930816,9.178396224975586
2024-12-25 00:00:00,8.998912,20.334155183058684,10.501838739770458,9.258553,8.845487594604492
2024-12-25 01:00:00,8.869742999999998,12.727734013021163,9.161217057525592,8.895152,8.822809219360352
2024-12-25 02:00:00,9.129328999999998,7.557673797650551,8.380445318649423,8.352929,8.758499145507812
2024-12-25 03:00:00,10.218312999999998,3.9832385170327598,8.989720342557131,9.123971,8.22342300415039
2024-12-25 04:00:00,11.089567,5.4927941579981905,10.640983368829795,10.255779,8.927536010742188
2024-12-25 05:00:00,12.812903999999998,6.017234678739911,11.286525521127542,10.714028,8.468189239501953
2024-12-25 06:00:00,15.069223000000004,8.228408719245735,13.466500335771466,12.297832,8.455759048461914
2024-12-25 07:00:00,14.886936,10.154287538882386,14.417794292488411,12.756771,9.219120025634766
2024-12-25 08:00:00,11.089567,12.751535619548847,13.79025654884576,13.5904255,10.257404327392578
2024-12-25 09:00:00,6.434856000000001,11.035644209478363,10.933143863983233,15.946284,9.703556060791016
2024-12-25 10:00:00,2.097152,3.343806273917167,7.394705571817693,7.9073853,13.933097839355469
2024-12-25 11:00:00,0.8847359999999999,-19.242657034515176,5.148807308845753,5.3239007,11.683935165405273
2024-12-25 12:00:00,4.330746999999999,-22.157704750613433,6.456902688442037,7.457522,12.11250114440918
2024-12-25 13:00:00,10.077696,4.2320879532008036,11.42964879833207,11.125276,12.513235092163086
2024-12-25 14:00:00,15.252992,8.745710679142462,15.078296924281332,15.771261,18.462486267089844
2024-12-25 15:00:00,16.387064000000002,11.110446579363298,18.53413058475447,18.190857,16.058181762695312
2024-12-25 16:00:00,11.697083,7.178607255450217,13.972095966937196,11.816331,13.116363525390625
2024-12-25 17:00:00,13.481272,-8.80199896156293,10.975572640060086,11.098832,10.296321868896484
2024-12-25 18:00:00,12.166999999999998,-1.411708866054994,12.029671508884489,12.768349,10.183403015136719
2024-12-25 19:00:00,15.069223000000004,2.5711040092346025,11.471084288442173,12.049684,11.766304016113281
2024-12-25 20:00:00,16.777216,23.470852491304626,15.777619572879782,15.795096,11.983600616455078
2024-12-25 21:00:00,15.438249000000004,21.0341773570931,16.66066092997885,16.728222,15.672574996948242
2024-12-25 22:00:00,13.651919,22.065482241100582,14.128157378889302,14.512604,14.982839584350586
2024-12-25 23:00:00,12.812903999999998,14.468320215710122,12.089948942091011,12.485508,12.543401718139648
2024-12-26 00:00:00,13.481272,5.243997532688766,11.868162193153147,11.671714,10.369462966918945
2024-12-26 01:00:00,14.886936,-1.6153187989805673,13.559554432405207,13.797601,9.839834213256836
2024-12-26 02:00:00,15.252992,-1.1141170320706522,15.381179970125782,15.193558,8.663591384887695
2024-12-26 03:00:00,14.886936,2.436710858162286,14.266488262817848,14.533777,9.891136169433594
2024-12-26 04:00:00,14.172488,8.202907094047816,14.112645478748757,14.146235,9.864347457885742
2024-12-26 05:00:00,13.823999999999998,14.198061908053162,12.430313178339185,12.750866,10.69906997680664
2024-12-26 06:00:00,14.706125000000004,13.02813481492774,13.2574366610293,12.874174,8.883411407470703
2024-12-26 07:00:00,14.706125000000004,7.9432639898305695,13.822780485234354,11.721193,9.079002380371094
2024-12-26 08:00:00,11.089567,11.606000890587765,13.61549237707104,13.6514225,8.849388122558594
2024-12-26 09:00:00,6.858999999999999,9.880564338353295,15.298233859594625,23.195444,9.85064697265625
2024-12-26 10:00:00,13.481272,6.434372590819862,7.760938432529588,9.75628,16.825273513793945
2024-12-26 11:00:00,35.28755199999999,31.28247612492119,21.408970269297573,24.938118,17.193946838378906
2024-12-26 12:00:00,57.066625,76.51065894665454,54.994588231238566,59.03262,50.50425720214844
2024-12-26 13:00:00,68.92099999999998,98.7304385764602,80.22219180746991,78.45049,80.54057312011719
2024-12-26 14:00:00,71.47337500000002,100.77393167221994,70.04822863045038,65.28348,83.91588592529297
2024-12-26 15:00:00,45.499293,80.56880212630544,56.26329544792813,56.20608,59.60167694091797
2024-12-26 16:00:00,12.649337,31.22112612232145,15.242682523706364,14.492817,18.69950294494629
2024-12-26 17:00:00,5.6397520000000005,-19.84854507391954,11.645576659573267,11.791901,13.826087951660156
2024-12-26 18:00:00,0.059319,-21.739220776347963,2.9234604904994814,3.4178717,11.403999328613281
2024-12-26 19:00:00,1.030301,-49.09937491513731,1.170836873114766,0.64660424,7.414644241333008
2024-12-26 20:00:00,5.268024,11.689310010482998,6.082028145882781,3.426668,6.0020751953125
2024-12-26 21:00:00,8.615124999999997,22.22825621003618,10.570016465389552,11.892437,7.66168212890625
2024-12-26 22:00:00,11.390625,28.231497370187597,11.470252905223184,10.655229,10.012453079223633
2024-12-26 23:00:00,12.977875,30.237941956110816,13.212054802505852,12.13448,8.809152603149414
2024-12-27 00:00:00,14.172488,39.11970564543414,13.20847359391976,13.34933,9.310474395751953
2024-12-27 01:00:00,15.625,44.25784046360964,13.977734043204975,13.753943,8.693168640136719
2024-12-27 02:00:00,17.173512000000002,40.65042601800745,15.721450359799372,15.984156,9.66496467590332
2024-12-27 03:00:00,22.425767999999994,39.45076404665606,17.758420766324146,17.012732,11.038890838623047
2024-12-27 04:00:00,22.188041,50.85527822446319,27.160563429802327,25.472692,12.679557800292969
2024-12-27 05:00:00,0.636056,49.69394065963819,21.293593505395478,20.038273,15.979557037353516
2024-12-27 06:00:00,23.887872,-28.236217323349422,4.521495737058206,6.366535,13.608642578125
2024-12-27 07:00:00,0.456533,101.76811561583902,74.01275293916667,89.03678,7.201623916625977
2024-12-27 08:00:00,43.614208,-42.32402573289083,6.601652926319185,5.986096,155.80081176757812
2024-12-27 09:00:00,163.66732299999998,148.77871595230874,91.90976455375007,100.56986,53.19558334350586
2024-12-27 10:00:00,52.734375,211.5705768346939,246.97146307626386,222.7866,73.55828094482422
2024-12-27 11:00:00,4.826809,99.16908682314111,25.06992918953572,14.201171,39.76884841918945
2024-12-27 12:00:00,0.0466559999999999,35.89150324285178,7.634076780446332,8.0884075,16.44724464416504
2024-12-27 13:00:00,20.346417,-26.441827612969746,16.05075762031797,16.896036,13.000921249389648
2024-12-27 14:00:00,78.402752,94.29333364108184,55.35786100460418,66.86848,15.51201057434082
2024-12-27 15:00:00,88.121125,110.40056142330896,81.386330995316,73.23065,21.20674705505371
2024-12-27 16:00:00,133.43283100000002,84.47474444501445,67.6052568201486,53.352154,50.108394622802734
2024-12-27 17:00:00,437.245479,152.33289839012036,142.54701917,134.55362,27.12343978881836
2024-12-27 18:00:00,340.0683920000001,306.2054471974889,435.40192050022847,437.7325,44.50642395019531
2024-12-27 19:00:00,256.047875,249.69442754910295,323.44246661000017,261.65518,158.2626495361328
2024-12-27 20:00:00,219.256227,226.17726893966278,184.71130251336365,190.40956,52.85631561279297
2024-12-27 21:00:00,205.37900000000005,214.64189448995518,155.20274579866668,142.16553,46.229278564453125
2024-12-27 22:00:00,198.155287,198.494215646611,161.6680942736667,158.30943,47.50177001953125
2024-12-27 23:00:00,189.11922400000003,188.65430438186496,157.92346249628824,152.1843,70.81151580810547
2024-12-28 00:00:00,224.755712,168.57549729918628,138.59568681636298,149.67911,91.56620788574219
2024-12-28 01:00:00,282.3004159999999,168.23219157467196,216.80274826482713,233.91664,104.77308654785156
2024-12-28 02:00:00,236.029032,183.69567733564054,275.1203158844642,276.78625,146.67788696289062
2024-12-28 03:00:00,111.28464099999997,154.5416440733232,170.4412571584444,167.13487,135.8124237060547
2024-12-28 04:00:00,40.001688,105.91931366039078,75.52676435705888,69.21827,83.93798828125
2024-12-28 05:00:00,16.003008,83.03914821366443,26.945353905810972,23.517267,50.90813446044922
2024-12-28 06:00:00,12.166999999999998,69.00002016992347,18.26974081092664,17.059866,17.81229591369629
2024-12-28 07:00:00,20.570824000000005,64.43455445665266,10.808959706339106,14.9344845,9.836029052734375
2024-12-28 08:00:00,42.875,74.04745706047201,37.97668975463589,33.740616,11.134033203125
2024-12-28 09:00:00,47.83214699999999,77.77218813705714,82.07195420375363,78.550934,54.78348922729492
2024-12-28 10:00:00,41.06362500000001,56.00248675408376,51.19719401706351,53.85638,77.51840209960938
2024-12-28 11:00:00,26.198073000000004,47.93915350699034,39.09984204165925,40.108055,56.26090621948242
2024-12-28 12:00:00,13.481272,41.16359312273265,17.63136588528774,18.885881,38.45005798339844
2024-12-28 13:00:00,17.576,37.334776448170075,14.349553442058046,11.954292,24.079586029052734
2024-12-28 14:00:00,17.984728,52.56474291141002,20.090966945421417,19.455467,24.93877601623535
2024-12-28 15:00:00,6.229504,36.78495491938061,17.846603058929333,13.696992,41.73610305786133
2024-12-28 16:00:00,1.5608959999999996,6.589191929437604,5.518454016460014,2.1747868,34.846248626708984
2024-12-28 17:00:00,0.3890169999999999,-7.773956133195654,1.6242771737769315,0.22776172,13.551382064819336
2024-12-28 18:00:00,0.0428749999999999,-29.47105600865332,2.403349868604489,0.4190862,5.824647903442383
2024-12-28 19:00:00,1.7279999999999998,-35.047483680534185,1.3569758177259472,-0.8806315,4.7743377685546875
2024-12-28 20:00:00,4.912999999999999,14.55805791427828,5.280732479748841,2.0170157,4.832244873046875
2024-12-28 21:00:00,6.644671999999999,16.715451643725473,12.586097976810244,5.6863194,5.651773452758789
2024-12-28 22:00:00,6.644671999999999,15.11732106083548,8.676856007741854,5.189509,7.411754608154297
2024-12-28 23:00:00,5.929741000000001,15.24150991844175,6.7677281031764505,4.5966005,6.400623321533203
2024-12-29 00:00:00,6.028568000000001,14.14716466307435,6.0827850218442,3.7042193,5.524166107177734
2024-12-29 01:00:00,7.077887999999999,1.4698978500960038,6.600528083175755,3.9888034,5.406147003173828
2024-12-29 02:00:00,8.365426999999997,-9.315394200338886,8.671498525182802,6.442957,4.997173309326172
2024-12-29 03:00:00,8.741816,-9.885332151672841,8.91023950952906,6.8768253,5.353729248046875
2024-12-29 04:00:00,10.077696,-4.345691771512023,8.762993344139623,8.017376,5.1510772705078125
2024-12-29 05:00:00,13.823999999999998,5.96546128013803,10.961277612996561,11.562703,5.285579681396484
2024-12-29 06:00:00,18.191447,18.320469122161384,16.20104060980498,18.570948,6.090738296508789
2024-12-29 07:00:00,18.821096000000004,21.71522997813362,17.10391875956568,17.230833,9.58731460571289
2024-12-29 08:00:00,19.034163,21.120336966151527,18.421282852605522,18.836315,14.019634246826172
2024-12-29 09:00:00,47.43792800000001,31.3681746456367,19.98349468880797,28.015867,15.013246536254883
2024-12-29 10:00:00,66.92341599999997,94.07776827917822,74.54021403037339,67.926,25.577877044677734
2024-12-29 11:00:00,95.44399300000002,101.59206943982839,80.77613456650828,80.39453,68.49516296386719
2024-12-29 12:00:00,142.23664799999997,128.71606680638985,116.41779071755406,117.04981,101.58155822753906
2024-12-29 13:00:00,193.100552,158.60316097255873,178.16970286973117,178.63571,143.72679138183594
2024-12-29 14:00:00,201.230056,165.82429668113122,213.3257858786211,213.9627,180.1877899169922
2024-12-29 15:00:00,162.771336,140.273644963069,168.05418452828928,154.33755,150.92906188964844
2024-12-29 16:00:00,46.26827899999999,110.312453811276,54.59157466727466,59.462368,40.82814407348633
2024-12-29 17:00:00,28.652616,27.69684900318431,34.882249883247034,33.86555,29.563350677490234
2024-12-29 18:00:00,21.253933,40.22877467664152,28.54229342428666,25.448202,22.6072940826416
2024-12-29 19:00:00,17.373979,44.3424454587081,17.994799630034443,18.682817,19.779531478881836
2024-12-29 20:00:00,16.974592999999995,37.70531314996721,17.512918577394448,15.723952,18.089021682739258
2024-12-29 21:00:00,16.974592999999995,24.122637113769443,16.831138978544256,16.262857,16.54618263244629
2024-12-29 22:00:00,17.373979,17.515972657133233,16.869739749486598,16.808031,17.66134262084961
2024-12-29 23:00:00,18.609625,18.033563241418335,18.248346015519974,17.721685,17.571680068969727
2024-12-30 00:00:00,20.346417,20.01500337425007,20.11610706532136,18.692293,18.51251983642578
2024-12-30 01:00:00,22.665187000000003,21.95601219642235,20.543826028791923,20.777576,19.053800582885742
2024-12-30 02:00:00,25.153757,29.89414320360514,23.573088039871294,23.583542,19.597545623779297
2024-12-30 03:00:00,29.791000000000004,32.719861941085114,25.280475751273656,25.698685,19.415393829345703
2024-12-30 04:00:00,32.76800000000001,36.33955363074101,29.898795024879433,29.815516,19.66746711730957
2024-12-30 05:00:00,29.218112,46.41512934924104,32.853379335049226,31.40665,19.833026885986328
2024-12-30 06:00:00,22.665187000000003,40.691245733816245,25.854473792220116,25.473562,17.686458587646484
2024-12-30 07:00:00,13.651919,27.70729085903436,18.93220438389896,16.257673,14.270336151123047
2024-12-30 08:00:00,6.229504,19.14609161809983,13.858149075011898,15.116825,12.73350715637207
2024-12-30 09:00:00,32.15743200000001,19.859244665305553,9.52061717047389,10.369516,15.286325454711914
2024-12-30 10:00:00,58.411072,99.25935698322725,70.9014584301781,64.99853,44.838462829589844
2024-12-30 11:00:00,65.939264,106.20203408477037,85.57428675213566,79.53602,131.9733123779297
2024-12-30 12:00:00,80.06299099999998,102.30244275189297,72.29592730354304,78.54746,121.3916015625
2024-12-30 13:00:00,108.53133299999998,115.70792325307777,89.79233593016097,97.97958,126.08157348632812
2024-12-30 14:00:00,118.370771,128.516510906617,117.90562568529305,110.34249,108.98190307617188
2024-12-30 15:00:00,75.15144799999999,97.09586858695006,67.44668887172753,64.00149,80.27531433105469
2024-12-30 16:00:00,16.974592999999995,41.74946923599806,22.372440287910827,19.67777,26.912517547607422
2024-12-30 17:00:00,17.576,-12.044242017838371,16.322642432931342,15.840638,23.146175384521484
2024-12-30 18:00:00,14.706125000000004,19.44763375401122,17.486075237950967,15.316555,19.633865356445312
2024-12-30 19:00:00,12.326391,15.480260767417462,13.672540281219865,15.19241,16.79836654663086
2024-12-30 20:00:00,11.543175999999995,23.053207299615693,11.42362250718615,10.441663,15.842472076416016
2024-12-30 21:00:00,9.663596999999998,16.58504377584906,10.898276099754625,11.050101,14.994409561157227
2024-12-30 22:00:00,7.077887999999999,13.4538569370782,8.974000127448853,9.282755,13.661334991455078
2024-12-30 23:00:00,4.019679000000001,10.948114761380083,5.663761415178479,6.508266,11.89674186706543
2024-12-31 00:00:00,3.176523,6.396638962128151,3.4507548741950616,3.4722042,9.176094055175781
2024-12-31 01:00:00,5.6397520000000005,3.605142228630058,2.9079994331398775,3.0467904,7.361658096313477
2024-12-31 02:00:00,9.393930999999998,11.79433281596792,10.498099471255953,8.54312,7.100364685058594
2024-12-31 03:00:00,9.800344,20.39809409789524,11.613773107110813,13.005681,9.211894989013672
2024-12-31 04:00:00,6.331625000000001,13.962311488888318,9.917890618025988,9.551087,9.701976776123047
2024-12-31 05:00:00,5.177717,9.775723712108359,4.92204415860594,4.917329,8.408296585083008
2024-12-31 06:00:00,6.229504,6.194888097361883,4.911342497102468,4.990134,5.730257034301758
2024-12-31 07:00:00,7.529535999999999,-4.072510414971134,6.6110130771008535,5.95111,6.76848030090332
2024-12-31 08:00:00,3.5118080000000003,0.722143393182904,8.77929971425359,6.6226845,6.969989776611328
2024-12-31 09:00:00,0.0243889999999999,10.827280318159183,4.542642588797627,4.7122803,9.038867950439453
2024-12-31 10:00:00,5.000210999999999,-42.81576305418356,4.836300077870071,8.306933,10.363988876342773
2024-12-31 11:00:00,6.539203000000001,38.19269203182908,19.198092564538477,17.533382,12.357181549072266
2024-12-31 12:00:00,17.576,3.856239495097114,13.938498801064776,11.621622,37.63555908203125
2024-12-31 13:00:00,34.64597599999999,49.947048170859844,32.70137603797359,29.296995,23.470661163330078
2024-12-31 14:00:00,70.444997,73.13006976112509,45.90507260035376,44.376347,40.47193908691406
2024-12-31 15:00:00,49.836032,94.93796132627348,53.57582498898373,45.73161,31.26634979248047
2024-12-31 16:00:00,12.166999999999998,46.32549158514651,19.24039269971616,17.183872,27.424264907836914
2024-12-31 17:00:00,11.852351999999996,-5.310334064815592,11.383570372767137,11.702409,17.072938919067383
2024-12-31 18:00:00,10.077696,14.98945339204522,11.405763546100674,9.923511,13.556522369384766
2024-12-31 19:00:00,10.360232000000002,4.544170270392257,9.004632327807865,9.431693,10.967618942260742
2024-12-31 20:00:00,11.239424000000003,9.54084708919109,10.011869078163551,10.354569,12.597888946533203
2024-12-31 21:00:00,14.886936,-1.456120325723134,11.762887057283582,11.371895,11.944864273071289
2024-12-31 22:00:00,16.974592999999995,2.2356490359571097,16.69065685220098,16.878536,12.630325317382812
2024-12-31 23:00:00,18.191447,3.435508767762485,16.823070001200627,16.637093,14.856048583984375
