datetime,actual,Linear Regression,Random Forest,XGBoost,LSTM
2024-01-01 19:00:00,0.7049690000000001,-20.86008936365419,0.8403847611817911,1.5036607,
2024-01-01 20:00:00,0.5120000000000001,-28.02172911402638,0.9116186711351045,1.0269995,
2024-01-01 21:00:00,0.7049690000000001,-24.52094538754192,0.5838647106436182,0.75677884,
2024-01-01 22:00:00,1.4049280000000004,-20.82922833301373,1.381751937852487,1.323654,
2024-01-01 23:00:00,2.4061040000000005,-13.466610000104183,2.2490571323166026,2.2391508,
2024-01-02 00:00:00,4.173281000000001,-16.855279632841764,3.8615398998249337,3.661248,
2024-01-02 01:00:00,7.077887999999999,-17.525538703523885,6.381679398741555,5.849021,
2024-01-02 02:00:00,10.648000000000003,-4.866132162769475,9.661096902474906,9.458759,
2024-01-02 03:00:00,13.481272,5.2710522812679415,13.128298690584462,13.206648,
2024-01-02 04:00:00,15.252992,9.905085192773868,15.776864121953688,15.996016,
2024-01-02 05:00:00,16.581374999999998,16.550895537754577,16.020505936683183,15.694893,
2024-01-02 06:00:00,17.373979,21.065829556761827,17.189673333585073,15.938158,
2024-01-02 07:00:00,15.625,26.248238135799767,16.376688867527637,16.476,
2024-01-02 08:00:00,31.255875,12.67279572166003,26.43504244262413,28.143969,
2024-01-02 09:00:00,15.069223000000004,55.42761602661451,16.158643371470973,15.703736,
2024-01-02 10:00:00,21.024576,1.175700896725317,12.533589140069875,11.60484,
2024-01-02 11:00:00,22.906303999999995,51.706375946814866,18.14229524598312,17.84503,
2024-01-02 12:00:00,16.777216,47.34471242412627,20.064937496679217,20.307455,
2024-01-02 13:00:00,8.869742999999998,36.23372343150661,13.065898271552992,13.003274,
2024-01-02 14:00:00,4.096000000000001,8.24515414736894,5.874650400451071,6.2312584,
2024-01-02 15:00:00,2.248091,-8.866977866461085,2.4317969646006836,2.525436,
2024-01-02 16:00:00,0.8305839999999999,-7.151083866276345,1.6845490379981647,0.83370996,
2024-01-02 17:00:00,0.7535710000000001,-15.053378884362672,0.5756720054624584,0.14177836,
2024-01-02 18:00:00,2.097152,-14.926204769846642,1.057750056954399,1.5093501,
2024-01-02 19:00:00,4.096000000000001,12.261346065507983,4.248254486568333,3.4369082,4.126522064208984
2024-01-02 20:00:00,5.735339000000001,16.091829083747278,6.446920664397125,6.013684,8.046245574951172
2024-01-02 21:00:00,6.331625000000001,13.748733461502532,7.396236413720675,7.051657,8.5794677734375
2024-01-02 22:00:00,5.735339000000001,8.195985401355983,6.633669215358821,7.0026507,8.473953247070312
2024-01-02 23:00:00,4.330746999999999,-6.588258129246881,5.335868026066441,5.7535195,6.887371063232422
2024-01-03 00:00:00,2.803221,-24.260096725974492,3.5838004509565313,3.5037148,5.9282989501953125
2024-01-03 01:00:00,1.771561,-44.9615953958234,2.1832274498557624,2.6876233,5.168758392333984
2024-01-03 02:00:00,2.299968,-51.66083913757668,1.4181737130179695,2.143044,3.854949951171875
2024-01-03 03:00:00,5.177717,-34.860029447491065,3.2368512059013828,3.4888499,4.061470031738281
2024-01-03 04:00:00,10.503459,-8.107332108293392,7.647698265179185,8.68603,5.2708282470703125
2024-01-03 05:00:00,15.069223000000004,13.619132525668938,12.922461942502714,14.146962,8.476905822753906
2024-01-03 06:00:00,17.576,28.39448972484393,17.731731771285173,15.99832,14.343130111694336
2024-01-03 07:00:00,19.248832000000004,31.75622100395568,31.756627693864058,22.5534,20.87990951538086
2024-01-03 08:00:00,36.926037,31.321286343816247,27.04508969194457,29.616058,24.769397735595703
2024-01-03 09:00:00,25.67237500000001,69.43100062070987,29.433970371242562,25.029238,15.006755828857422
2024-01-03 10:00:00,34.965783,29.550842901761616,24.0660961648906,18.726675,13.114555358886719
2024-01-03 11:00:00,34.64597599999999,79.82746480635774,28.72168994397633,30.077234,8.062122344970703
2024-01-03 12:00:00,25.153757,69.92020207113373,31.11308897045202,28.725952,15.00485610961914
2024-01-03 13:00:00,16.974592999999995,49.46157373244834,18.20936411463093,19.044538,20.22281837463379
2024-01-03 14:00:00,11.390625,37.56462737509671,11.55279475315675,12.402382,11.618404388427734
2024-01-03 15:00:00,8.741816,26.55090535017977,7.958453935172782,7.684028,6.952899932861328
2024-01-03 16:00:00,4.330746999999999,30.131089049328022,7.048709740838158,5.3713183,4.921783447265625
2024-01-03 17:00:00,7.645372999999999,12.885421315805203,2.7141083687455625,2.6145158,5.141166687011719
2024-01-03 18:00:00,16.003008,40.30131972967105,11.895976777181138,12.25205,6.942241668701172
2024-01-03 19:00:00,20.570824000000005,49.7659503404185,22.443943666634574,21.379696,19.34252166748047
2024-01-03 20:00:00,20.570824000000005,37.89862841819619,22.417505539597077,21.91964,22.127662658691406
2024-01-03 21:00:00,16.974592999999995,25.82406508160959,17.921770218217496,18.126036,20.763822555541992
2024-01-03 22:00:00,10.218312999999998,13.08102595717125,13.482936894356449,14.459367,15.451459884643555
2024-01-03 23:00:00,5.000210999999999,-14.904925067368595,6.960764669398709,6.9922357,10.548358917236328
2024-01-04 00:00:00,3.5118080000000003,-29.703009107938698,2.9222881091800805,3.7642984,5.5778961181640625
2024-01-04 01:00:00,5.5452330000000005,-21.09952246771475,2.7828172338154853,3.3887856,3.886425018310547
2024-01-04 02:00:00,10.077696,7.676474183667185,7.138019142353058,7.383121,4.2146148681640625
2024-01-04 03:00:00,11.543175999999995,24.467166823130267,12.320874434000679,13.430331,9.63870620727539
2024-01-04 04:00:00,10.503459,14.904232695580117,13.688065725141577,13.183075,13.04525375366211
2024-01-04 05:00:00,14.706125000000004,15.12930558451988,8.7367443969539,10.426564,13.76881217956543
2024-01-04 06:00:00,16.974592999999995,46.529896544111295,17.759593477002724,16.016478,13.33035659790039
2024-01-04 07:00:00,12.487167999999995,44.886325969505485,20.13134970250611,21.289019,21.793498992919922
2024-01-04 08:00:00,24.897088,13.198152898080401,22.540520920083758,22.594019,25.34359359741211
2024-01-04 09:00:00,10.941048000000002,54.53732923324479,12.410380084339074,14.177552,12.444725036621094
2024-01-04 10:00:00,13.823999999999998,-11.936714293185311,8.231876850862546,8.881113,8.796253204345703
2024-01-04 11:00:00,18.609625,31.240841837028917,13.126109084750134,13.570857,6.3552398681640625
2024-01-04 12:00:00,17.373979,41.16311502743563,19.983275726943603,20.139736,7.927944183349609
2024-01-04 13:00:00,12.008989,34.84330366650057,15.61132803491718,16.045118,13.749982833862305
2024-01-04 14:00:00,6.858999999999999,16.917449144614434,8.392395332854884,8.308009,11.516590118408203
2024-01-04 15:00:00,5.451776,-3.3262070556010954,4.391151656312696,4.4993014,5.5301513671875
2024-01-04 16:00:00,4.330746999999999,7.983826049315269,4.494443625999833,3.1438315,2.7838401794433594
2024-01-04 17:00:00,12.166999999999998,13.232954518071463,3.6917979362521267,3.2561274,4.054523468017578
2024-01-04 18:00:00,23.639903000000004,54.96300070121809,18.94929773177259,19.348705,9.56475830078125
2024-01-04 19:00:00,23.393656,50.708334892604526,29.87836748476541,31.976917,29.48725700378418
2024-01-04 20:00:00,25.153757,23.44987486026071,21.626242176762336,22.720741,28.70833969116211
2024-01-04 21:00:00,19.902511,34.28547113059271,24.721012294248126,24.218454,19.976587295532227
2024-01-04 22:00:00,14.348907000000002,19.615111544367366,15.910856192632165,15.189632,19.19959259033203
2024-01-04 23:00:00,7.529535999999999,2.7433078420914363,11.076059740337671,10.829825,11.726287841796875
2024-01-05 00:00:00,3.112136,-21.599472682322727,4.953642002711474,5.2674046,8.394561767578125
2024-01-05 01:00:00,2.6856189999999995,-39.376332383238086,1.7010377555678158,2.5317168,5.360996246337891
2024-01-05 02:00:00,6.229504,-18.479054596999042,2.7817275885872546,2.876786,2.693714141845703
2024-01-05 03:00:00,10.218312999999998,16.911946366185948,9.916439420948729,9.886529,5.5950469970703125
2024-01-05 04:00:00,11.543175999999995,16.580584502842992,12.0573163553464,12.878953,11.827659606933594
2024-01-05 05:00:00,12.487167999999995,22.274469350714575,12.921500351565712,14.074613,13.84954833984375
2024-01-05 06:00:00,13.481272,26.335676886450457,14.406088297665741,13.7406435,17.783632278442383
2024-01-05 07:00:00,12.977875,31.637246355314268,21.427275344750125,19.28153,20.13681411743164
2024-01-05 08:00:00,31.255875,22.52671501629555,24.51436569990528,22.954529,26.45255470275879
2024-01-05 09:00:00,14.886936,65.74636133331526,24.71855902849004,18.04556,18.988666534423828
2024-01-05 10:00:00,17.779580999999997,2.394423718348115,12.241977117442525,11.732436,15.649898529052734
2024-01-05 11:00:00,21.484952,41.4771691704808,19.818903439631097,17.455545,7.858489990234375
2024-01-05 12:00:00,23.393656,47.589983732453476,21.574112055553357,21.490946,8.980083465576172
2024-01-05 13:00:00,24.389,54.717955896397164,23.1047361051705,22.97704,14.050235748291016
2024-01-05 14:00:00,23.393656,53.88142840283778,24.459782953436928,24.196033,18.55878257751465
2024-01-05 15:00:00,20.570824000000005,50.77227463159477,21.128887194133064,20.81655,16.955602645874023
2024-01-05 16:00:00,8.242408,52.55531907905991,15.232240807267079,13.928214,12.349559783935547
2024-01-05 17:00:00,12.487167999999995,11.898873017009194,5.079960511554501,5.04768,10.74395751953125
2024-01-05 18:00:00,21.484952,36.53199642701733,14.722107740417444,16.999804,9.584815979003906
2024-01-05 19:00:00,27.818127,36.071766743140664,27.77881197118264,27.2416,26.65141487121582
2024-01-05 20:00:00,23.887872,27.56081352526253,30.033747185179717,28.07816,25.689966201782227
2024-01-05 21:00:00,15.813250999999996,10.356070035133385,19.660627005556893,18.903719,26.57469367980957
2024-01-05 22:00:00,11.543175999999995,-9.183830388575835,11.497479871484423,12.101687,15.61701774597168
2024-01-05 23:00:00,7.189056999999999,-16.498065313986494,9.565709225069236,9.700647,8.772533416748047
2024-01-06 00:00:00,4.173281000000001,-29.840094682743036,5.056083445146363,5.392335,7.533363342285156
2024-01-06 01:00:00,3.176523,-37.06242300636307,2.635125350781264,3.4884098,6.554790496826172
2024-01-06 02:00:00,5.359375,-30.34000480788245,2.5715010211415925,3.3742216,4.132030487060547
2024-01-06 03:00:00,8.615124999999997,-3.484017618281186,7.515703466697168,8.029996,5.7715301513671875
2024-01-06 04:00:00,10.648000000000003,11.959011971651186,10.679135448120851,12.195987,10.319580078125
2024-01-06 05:00:00,11.697083,15.13984607482031,12.003182230956362,13.163359,15.660320281982422
2024-01-06 06:00:00,12.326391,20.849718887102455,16.404754745064594,14.043596,19.359464645385742
2024-01-06 07:00:00,9.129328999999998,25.434778474668008,17.6331264583677,19.063038,23.361679077148438
2024-01-06 08:00:00,19.248832000000004,8.021354933975541,21.15027433690595,17.272476,28.607452392578125
2024-01-06 09:00:00,12.166999999999998,28.370133319819114,9.970286128890272,18.970243,19.16661834716797
2024-01-06 10:00:00,18.609625,-6.639932233704208,11.305716039438533,10.260956,11.762874603271484
2024-01-06 11:00:00,14.706125000000004,41.07120262430908,18.985076339229856,18.611593,7.712512969970703
2024-01-06 12:00:00,9.938375,15.32600023950226,12.216536234853823,11.669228,10.188095092773438
2024-01-06 13:00:00,6.539203000000001,1.9851795167151458,7.500834584645276,7.553487,7.2315826416015625
2024-01-06 14:00:00,5.177717,-7.127125849331655,4.503166893458053,4.9144025,5.553089141845703
2024-01-06 15:00:00,5.735339000000001,-9.581434607844194,4.118049953049736,3.999375,2.8102760314941406
2024-01-06 16:00:00,3.581577,6.831512052077571,6.571162285340275,5.4793367,3.404388427734375
2024-01-06 17:00:00,6.858999999999999,-6.407801445214979,2.748790158987452,2.3848658,5.250885009765625
2024-01-06 18:00:00,13.997521000000004,12.591346091024125,11.541162135568772,11.825412,8.379867553710938
2024-01-06 19:00:00,17.984728,22.42273797971951,19.09384393119378,19.016678,19.162906646728516
2024-01-06 20:00:00,18.609625,13.513939156480454,20.873976412183364,20.578163,21.908233642578125
2024-01-06 21:00:00,15.813250999999996,7.498622639481997,19.186448759611118,17.066082,19.948137283325195
2024-01-06 22:00:00,10.941048000000002,-2.4819714666617685,12.471797056990935,13.101175,16.064109802246094
2024-01-06 23:00:00,5.832000000000001,-24.46355944695899,8.696568972707157,8.6174755,11.212207794189453
2024-01-07 00:00:00,2.803221,-42.39704211218143,3.5417186328851242,4.106422,7.090839385986328
2024-01-07 01:00:00,3.581577,-50.555538468675955,1.4990912050803091,2.22784,4.8244171142578125
2024-01-07 02:00:00,7.762391999999999,-20.674900205570857,4.668463885357924,5.0509915,3.201709747314453
2024-01-07 03:00:00,12.166999999999998,3.7236985111287098,10.957918047018696,11.250269,7.904850006103516
2024-01-07 04:00:00,15.252992,11.09018445042998,15.24052701842665,15.586305,11.6639404296875
2024-01-07 05:00:00,17.373979,20.57836973946293,17.54141240887983,17.549099,18.813182830810547
2024-01-07 06:00:00,17.779580999999997,30.98344505818794,22.291882045844087,20.467325,21.6479549407959
2024-01-07 07:00:00,15.069223000000004,34.87524159437274,31.239096690251632,23.683985,27.58232879638672
2024-01-07 08:00:00,27.818127,19.238316589057348,28.938000502784945,26.103449,31.11529541015625
2024-01-07 09:00:00,17.373979,57.19091288530999,15.321862186818633,15.07844,16.78937339782715
2024-01-07 10:00:00,28.094464,11.795317748931755,16.657806070047762,14.11062,13.249866485595703
2024-01-07 11:00:00,27.270900999999995,70.21419699310019,27.727780278356185,24.246498,8.094131469726562
2024-01-07 12:00:00,22.665187000000003,56.758257857806704,23.238947891164585,23.775637,21.365421295166016
2024-01-07 13:00:00,16.974592999999995,49.08369219180704,18.330799521315445,18.998327,13.39007568359375
2024-01-07 14:00:00,13.651919,34.92688744106582,12.751136031219941,14.018442,15.328489303588867
2024-01-07 15:00:00,12.812903999999998,30.264456824443222,10.358527448330106,10.654827,8.768997192382812
2024-01-07 16:00:00,5.832000000000001,39.08206442290001,11.245227051923727,9.1687565,6.582122802734375
2024-01-07 17:00:00,5.359375,8.524806912745738,3.2594274223191184,3.010776,8.108470916748047
2024-01-07 18:00:00,9.528128,7.586562005470498,6.562856823942985,7.3055334,7.990257263183594
2024-01-07 19:00:00,12.812903999999998,15.467251907941478,13.794062905534757,13.0487175,13.11440658569336
2024-01-07 20:00:00,13.997521000000004,13.459844003649849,14.457724489759153,14.657419,15.172962188720703
2024-01-07 21:00:00,11.390625,8.274523070757791,15.111730456379519,15.079395,15.672712326049805
2024-01-07 22:00:00,7.189056999999999,-6.706751712639054,9.458303406861734,9.79545,12.753284454345703
2024-01-07 23:00:00,4.492124999999999,-27.288729369375687,4.8980933321281235,5.154072,8.858482360839844
2024-01-08 00:00:00,4.410943999999999,-31.657251791325464,3.2666310879059157,3.5294797,5.012306213378906
2024-01-08 01:00:00,6.331625000000001,-12.36974299434987,4.523085655090664,4.362631,5.3642120361328125
2024-01-08 02:00:00,9.800344,4.715795391592994,8.173571021937885,7.8490367,6.947223663330078
2024-01-08 03:00:00,13.144256,14.553865852701332,12.742662042177772,12.273116,8.964065551757812
2024-01-08 04:00:00,15.438249000000004,24.140078232274735,14.684076846583785,14.939266,11.75885009765625
2024-01-08 05:00:00,17.779580999999997,37.144186151550485,16.502891155689078,16.991552,15.617422103881836
2024-01-08 06:00:00,19.683000000000003,48.603786906791136,19.2047910670606,18.298492,17.82872200012207
2024-01-08 07:00:00,18.399744,54.50935455625571,24.279253904532112,25.227247,25.041074752807617
2024-01-08 08:00:00,39.651821000000005,37.067293031390214,31.33642026860234,28.619081,29.705183029174805
2024-01-08 09:00:00,27.543608,92.01125034914341,29.920119747662497,24.893797,14.819738388061523
2024-01-08 10:00:00,39.304,47.67136122361184,23.765920339115006,19.320028,18.977479934692383
2024-01-08 11:00:00,32.461759,95.76542944863661,37.01527996665499,33.815468,9.827754974365234
2024-01-08 12:00:00,28.372625,66.70354732351217,22.971595206204324,23.534632,21.03886604309082
2024-01-08 13:00:00,27.270900999999995,70.95532809578042,24.613431298929513,24.650011,13.924449920654297
2024-01-08 14:00:00,27.270900999999995,65.84763210064429,23.411185941338864,24.5321,16.31615447998047
2024-01-08 15:00:00,24.642171000000005,66.3836874388459,24.01153496190723,24.259346,16.306764602661133
2024-01-08 16:00:00,8.489664000000001,70.02284168320118,19.854446162507283,18.657972,12.566558837890625
2024-01-08 17:00:00,6.539203000000001,16.910380236514175,4.971980082261333,4.6176214,11.725566864013672
2024-01-08 18:00:00,9.261,17.92548466134896,6.93360387397539,9.35153,7.5336456298828125
2024-01-08 19:00:00,11.390625,22.072664250297912,12.43784182299825,11.2740755,14.030412673950195
2024-01-08 20:00:00,11.390625,20.94839331583343,14.043502480899964,13.759256,11.954612731933594
2024-01-08 21:00:00,9.800344,13.085809145464015,11.293047769379694,11.675711,13.46554946899414
2024-01-08 22:00:00,8.0,-0.1344320627320279,8.571742698753571,8.225299,10.222747802734375
2024-01-08 23:00:00,6.331625000000001,-7.9497131334567825,6.284262833304017,6.8007617,7.5065765380859375
2024-01-09 00:00:00,6.128487000000001,-13.676119778583121,5.163475536286305,5.739985,5.944400787353516
2024-01-09 01:00:00,8.0,-13.255642007353472,5.936180977591516,6.0872564,5.292858123779297
2024-01-09 02:00:00,11.239424000000003,-0.994712302444217,9.90037441268307,10.222112,5.777706146240234
2024-01-09 03:00:00,13.651919,9.032733422558909,14.285680957169228,13.924167,9.848796844482422
2024-01-09 04:00:00,14.886936,18.210126862192205,15.540290038292737,16.461834,11.960304260253906
2024-01-09 05:00:00,16.194276999999996,28.31330524161629,15.523633629278454,15.8913965,17.366832733154297
2024-01-09 06:00:00,17.173512000000002,35.69608197316144,18.77461543474667,17.621105,18.072465896606445
2024-01-09 07:00:00,16.974592999999995,39.53100809437184,24.428209546722574,23.005466,21.618621826171875
2024-01-09 08:00:00,27.543608,28.422252028735258,30.10110159561266,27.533155,26.205318450927734
2024-01-09 09:00:00,19.902511,60.36161888312437,15.682545645520262,16.276403,11.850120544433594
2024-01-09 10:00:00,30.371328,30.44856552682168,17.47853817035527,16.837517,12.471920013427734
2024-01-09 11:00:00,25.153757,80.80368696316427,27.171956609411218,28.130245,8.07827377319336
2024-01-09 12:00:00,20.346417,55.243362735636005,20.706251238456275,20.00511,17.810205459594727
2024-01-09 13:00:00,18.191447,50.38191138302486,16.154249188339374,15.985775,12.346076965332031
2024-01-09 14:00:00,20.346417,44.94866699299355,15.37305183093234,16.289925,10.585487365722656
2024-01-09 15:00:00,21.717639,53.022974536794834,20.3099936763059,20.13603,9.896903991699219
2024-01-09 16:00:00,10.077696,59.01219108896336,21.098499528089878,18.509665,10.968074798583984
2024-01-09 17:00:00,3.723875000000001,22.80580623601337,6.163788006061177,4.8226023,12.103797912597656
2024-01-09 18:00:00,2.4061040000000005,-6.381302409861746,3.8539497333213304,4.6888113,8.733970642089844
2024-01-09 19:00:00,1.771561,-23.046826605063856,2.3705834916537527,2.6213427,7.549163818359375
2024-01-09 20:00:00,1.2597120000000002,-16.844183114272,1.6337232747957182,2.0159795,4.360691070556641
2024-01-09 21:00:00,0.5717869999999999,-18.15917695406729,1.2243204832856551,1.5912827,3.8344879150390625
2024-01-09 22:00:00,0.064,-40.82665755892484,0.5103217976959271,1.1256618,3.8245201110839844
2024-01-09 23:00:00,0.0058319999999999,-71.9203580033512,0.27178745171959506,0.9214446,2.465351104736328
2024-01-10 00:00:00,0.7535710000000001,-72.18996934029556,0.290795650429504,0.8008248,1.0871849060058594
2024-01-10 01:00:00,3.944312000000001,-10.692169268463367,3.557678868869343,2.0836983,0.70745849609375
2024-01-10 02:00:00,8.998912,17.454130937477125,8.246491241014539,8.01678,5.536628723144531
2024-01-10 03:00:00,13.651919,29.589322326015843,12.950664494170859,12.446192,12.77206039428711
2024-01-10 04:00:00,17.173512000000002,34.2702467729475,17.06103311480635,16.459702,15.738496780395508
2024-01-10 05:00:00,19.034163,43.89578253201176,19.33414490126423,18.97151,15.484758377075195
2024-01-10 06:00:00,19.902511,44.32176036730148,18.765174338670892,18.922993,17.367454528808594
2024-01-10 07:00:00,29.503629,43.390789826641466,16.98472880815615,21.374928,20.92758560180664
2024-01-10 08:00:00,44.361864,67.33668018983133,34.47678876514382,36.706093,28.450130462646484
2024-01-10 09:00:00,25.412184,88.83081634567282,32.324912490718596,30.150177,24.181896209716797
2024-01-10 10:00:00,36.594368,38.75679101969501,23.892577463702523,22.056463,29.890512466430664
2024-01-10 11:00:00,40.353607,86.1977920998547,31.429776068357015,30.614597,10.086116790771484
2024-01-10 12:00:00,37.595375,83.4134380946675,36.340788650956526,34.026714,20.307445526123047
2024-01-10 13:00:00,28.372625,82.20465187767053,34.46265636956452,32.727654,22.84287452697754
2024-01-10 14:00:00,16.777216,56.39582502512402,21.145146489590942,21.68989,28.96098518371582
2024-01-10 15:00:00,9.528128,31.348664918379953,10.854108587196086,10.468858,13.646404266357422
2024-01-10 16:00:00,3.241792,26.370507176723013,6.183619523873035,4.2976656,6.0406341552734375
2024-01-10 17:00:00,0.6141249999999999,2.0620610238707293,1.782098465267137,1.146182,4.540538787841797
2024-01-10 18:00:00,0.091125,-30.031659578774743,0.5807911748197959,1.5231183,4.708229064941406
2024-01-10 19:00:00,0.039304,-44.30373971611014,0.2922750346401578,1.1135587,3.575969696044922
2024-01-10 20:00:00,0.0689209999999999,-37.85709714532566,0.34505803007401403,0.9425956,1.7343673706054688
2024-01-10 21:00:00,0.132651,-32.16193479741315,0.38467799244619494,0.8835616,1.2309455871582031
2024-01-10 22:00:00,0.2383279999999999,-32.70442222361305,0.4408087137684764,0.7570117,1.5415611267089844
2024-01-10 23:00:00,0.636056,-36.1249690553116,0.6850959432038504,0.8208234,1.6265754699707031
2024-01-11 00:00:00,1.5208749999999998,-18.894550970554377,1.6982548713451535,1.2178891,1.6099929809570312
2024-01-11 01:00:00,3.241792,-12.176111123190985,3.038275845128122,3.299168,3.0729408264160156
2024-01-11 02:00:00,6.434856000000001,-3.7231374852935346,5.09984438421764,5.029133,5.798030853271484
2024-01-11 03:00:00,10.360232000000002,7.738433775843895,9.559116273533498,8.374074,9.083988189697266
2024-01-11 04:00:00,12.487167999999995,16.919170459568367,13.334902930895801,13.486058,11.284008026123047
2024-01-11 05:00:00,13.312053000000002,18.956549307845684,13.617403576199843,14.735851,14.026357650756836
2024-01-11 06:00:00,13.823999999999998,24.780107957632204,13.515349935486018,14.104951,13.699623107910156
2024-01-11 07:00:00,25.934336,30.606647298874044,12.382934025618647,14.371879,15.091196060180664
2024-01-11 08:00:00,27.543608,69.72313947778541,34.58042749439931,35.432713,19.99285125732422
2024-01-11 09:00:00,26.463592,52.46627815089185,23.030947931167976,22.467941,26.958454132080078
2024-01-11 10:00:00,30.959144,55.705790123040344,23.504528795777738,22.602558,19.347089767456055
2024-01-11 11:00:00,24.389,75.57745645206717,26.597010167230383,25.24084,14.822731018066406
2024-01-11 12:00:00,15.438249000000004,56.35832085690347,20.168503144918077,18.399553,12.212848663330078
2024-01-11 13:00:00,8.741816,34.24706902430395,11.016337633374789,10.799817,11.42306900024414
2024-01-11 14:00:00,6.028568000000001,15.248390822306476,5.9103483977601,6.2490177,5.495552062988281
2024-01-11 15:00:00,4.741631999999999,15.952532892169915,4.56708011683207,4.4501185,2.9684410095214844
2024-01-11 16:00:00,2.299968,15.498271338618022,3.7079280364823894,2.3972914,3.1031150817871094
2024-01-11 17:00:00,1.685159,2.0157913901055338,1.7475546908800232,0.9851185,3.0344009399414062
2024-01-11 18:00:00,3.944312000000001,2.9984631807121467,1.665021646242636,2.5856001,3.700855255126953
2024-01-11 19:00:00,5.268024,16.129848457974,6.554721642409308,6.532509,6.874401092529297
2024-01-11 20:00:00,5.000210999999999,13.309913103846544,6.675937394930826,6.5111575,8.04437255859375
2024-01-11 21:00:00,4.096000000000001,0.1628249177117631,5.1056032982597905,5.2964206,7.828948974609375
2024-01-11 22:00:00,3.241792,-10.86851724407699,3.6527400049200094,3.8739018,6.2880859375
2024-01-11 23:00:00,2.097152,-23.760764493233573,2.59643009007666,3.2310674,4.9501190185546875
2024-01-12 00:00:00,1.4815439999999995,-40.258163467426705,1.4484423890931795,1.9489392,4.505069732666016
2024-01-12 01:00:00,2.3526370000000005,-50.483773277535086,1.2378564472817397,1.8725634,4.445652008056641
2024-01-12 02:00:00,4.492124999999999,-33.390018318348446,3.862407150968986,3.8295069,3.5434646606445312
2024-01-12 03:00:00,7.189056999999999,-22.689066016540927,7.146172525425936,7.461739,7.3959808349609375
2024-01-12 04:00:00,9.261,-8.64504520471828,9.562342470386962,9.088993,8.313159942626953
2024-01-12 05:00:00,11.089567,6.078259896017425,10.5490462770769,10.502352,12.439491271972656
2024-01-12 06:00:00,12.487167999999995,16.204541908056033,14.089131400263092,13.035054,12.014907836914062
2024-01-12 07:00:00,23.393656,22.493810174519254,15.147670910416243,20.12175,15.033784866333008
2024-01-12 08:00:00,29.218112,55.431143008496385,31.55920202327067,31.534615,23.965030670166016
2024-01-12 09:00:00,23.393656,42.947006684944505,22.806803267327872,22.724943,21.406261444091797
2024-01-12 10:00:00,10.793861,36.69420550980318,21.906314756395304,17.882214,17.424436569213867
2024-01-12 11:00:00,6.858999999999999,2.0917437760935833,7.7432514533697585,7.056861,7.2166900634765625
2024-01-12 12:00:00,7.189056999999999,-2.976244178219524,4.580916787295609,4.7471914,3.9691543579101562
2024-01-12 13:00:00,10.360232000000002,7.139133854501857,7.347072587357058,6.654724,3.929584503173828
2024-01-12 14:00:00,15.069223000000004,33.80721564258687,12.715920477220804,11.7814,6.0362396240234375
2024-01-12 15:00:00,19.683000000000003,46.83702357386522,18.452389304074888,17.222763,10.40505599975586
2024-01-12 16:00:00,13.651919,56.676263668079855,21.349485285309242,17.016329,12.662300109863281
2024-01-12 17:00:00,7.077887999999999,41.81108651126115,9.71469798268582,8.177161,12.036907196044922
2024-01-12 18:00:00,9.663596999999998,19.070795503331084,11.399810663996439,8.821187,11.135143280029297
2024-01-12 19:00:00,13.823999999999998,16.701321781110668,11.648116080046675,10.726565,15.33906364440918
2024-01-12 20:00:00,18.609625,27.798527839629404,16.69471634230012,16.088102,13.070785522460938
2024-01-12 21:00:00,20.346417,38.04978315844067,21.57455077203439,20.231445,15.582344055175781
2024-01-12 22:00:00,18.609625,35.842830311788944,20.020065042203804,19.948624,17.11454963684082
2024-01-12 23:00:00,16.194276999999996,24.526319030638312,16.211494139355963,16.262074,14.965761184692383
2024-01-13 00:00:00,15.069223000000004,18.40451406660498,12.968972341260892,14.089472,12.159927368164062
2024-01-13 01:00:00,15.625,13.76609188278298,12.4679647590062,14.439232,13.540584564208984
2024-01-13 02:00:00,16.387064000000002,13.97013704332203,15.029913472423125,16.314453,14.142313003540039
2024-01-13 03:00:00,16.387064000000002,13.544836848829796,16.30956763292845,16.765186,18.126888275146484
2024-01-13 04:00:00,15.813250999999996,12.478806216024854,15.98176618913073,16.815262,18.36656951904297
2024-01-13 05:00:00,14.526784,14.867108173074708,15.455614559777002,16.380777,20.853612899780273
2024-01-13 06:00:00,12.977875,11.023263356786245,15.534779042302043,15.320071,22.288740158081055
2024-01-13 07:00:00,12.977875,5.520926462741734,12.444334949607228,16.391384,24.99592399597168
2024-01-13 08:00:00,11.697083,-2.4338556794722166,22.019798838300197,21.743252,26.133703231811523
2024-01-13 09:00:00,5.359375,-12.63066206253037,11.849490132961321,5.418021,12.991790771484375
2024-01-13 10:00:00,2.985984,-32.64515472175099,3.0910857861800607,3.9533927,5.107563018798828
2024-01-13 11:00:00,5.451776,-29.62151941961261,2.6201181231839015,2.8852687,4.029903411865234
2024-01-13 12:00:00,10.360232000000002,13.56596929818243,6.972685717624874,7.7029815,2.9632492065429688
2024-01-13 13:00:00,17.984728,35.99400699654235,12.91134534486651,13.577543,6.873710632324219
2024-01-13 14:00:00,28.372625,60.22456150117944,24.05646641005002,22.378565,11.064529418945312
2024-01-13 15:00:00,31.255875,85.24171551388412,34.44001183295899,33.963833,18.300016403198242
2024-01-13 16:00:00,12.326391,89.56078279444716,29.138607425069814,26.514421,25.225215911865234
2024-01-13 17:00:00,4.574296,36.77736668214918,7.2653015246993276,5.6851897,14.881610870361328
2024-01-13 18:00:00,3.442951,12.66030474573775,3.8405816169561753,7.214109,9.34658432006836
2024-01-13 19:00:00,2.924207,-3.570756438225729,3.590659810431573,3.6260839,10.953475952148438
2024-01-13 20:00:00,2.4603750000000004,0.992798905270341,3.6130211448086356,3.2722378,6.853733062744141
2024-01-13 21:00:00,2.6280719999999995,9.394944433688831,2.4757000923035,2.5516002,5.295711517333984
2024-01-13 22:00:00,2.6280719999999995,11.222811544449762,2.808471390589955,2.9237278,4.912837982177734
2024-01-13 23:00:00,3.0486249999999995,6.961740562954553,2.7060169736589073,2.8007038,4.846321105957031
2024-01-14 00:00:00,4.330746999999999,9.767046985922917,3.9580943758411746,3.8607762,4.796043395996094
2024-01-14 01:00:00,5.451776,0.8060482089683632,6.229823443883407,6.114608,6.207080841064453
2024-01-14 02:00:00,8.0,-5.561250090679422,6.544787253868686,6.955581,6.446605682373047
2024-01-14 03:00:00,11.390625,8.42065276910012,10.154047737795635,10.42251,9.349807739257812
2024-01-14 04:00:00,11.852351999999996,13.311072684921413,14.660908355915513,13.955534,11.466259002685547
2024-01-14 05:00:00,9.938375,7.844618748623965,12.224492726348313,12.088539,14.938131332397461
2024-01-14 06:00:00,8.242408,-0.6511375364257219,9.02884641493978,9.269371,16.868131637573242
2024-01-14 07:00:00,6.229504,-3.9846114177415686,6.080911447453746,6.7783346,18.84308624267578
2024-01-14 08:00:00,8.869742999999998,-14.5601790854856,9.608823753801982,10.311109,17.255672454833984
2024-01-14 09:00:00,0.8573749999999999,-4.3876251013148035,7.560026563302394,3.577478,8.846000671386719
2024-01-14 10:00:00,0.3579109999999999,-73.52891518752244,1.0057578719667917,1.3576043,4.732421875
2024-01-14 11:00:00,3.112136,-57.629779961466106,0.9845073500798867,0.88099694,3.931629180908203
2024-01-14 12:00:00,4.826809,13.521985337803219,8.071055499612939,7.395207,1.8652687072753906
2024-01-14 13:00:00,7.189056999999999,13.769184878073755,7.264151267749537,6.189048,4.625789642333984
2024-01-14 14:00:00,11.089567,18.845057766924096,8.769417028280266,8.597539,7.054618835449219
2024-01-14 15:00:00,16.974592999999995,36.60252809168559,13.0097314600866,12.765192,6.913372039794922
2024-01-14 16:00:00,8.365426999999997,66.09093119535548,21.539220255058957,18.552671,8.222572326660156
2024-01-14 17:00:00,5.929741000000001,25.843023109055395,5.223827681398676,4.4598703,11.659481048583984
2024-01-14 18:00:00,8.615124999999997,18.786097860092685,6.288875159675289,9.214397,7.914249420166016
2024-01-14 19:00:00,12.166999999999998,24.133990997557746,11.613532342133613,11.641939,14.892724990844727
2024-01-14 20:00:00,15.625,36.216645062995035,15.083317144877958,14.036149,14.488859176635742
2024-01-14 21:00:00,16.777216,48.26334407446273,18.483828968985023,16.886408,18.296709060668945
2024-01-14 22:00:00,15.813250999999996,47.7606147160097,16.674962373496616,16.10503,18.153396606445312
2024-01-14 23:00:00,13.997521000000004,38.33019604281022,14.777461449764187,14.700502,17.46208953857422
2024-01-15 00:00:00,14.526784,28.0201819687524,11.48870933099244,12.84873,14.893863677978516
2024-01-15 01:00:00,17.779580999999997,28.686299367620677,14.516712301408617,15.21037,13.051368713378906
2024-01-15 02:00:00,20.346417,33.07136955322295,19.552940383281303,19.563053,15.319988250732422
2024-01-15 03:00:00,19.465109,31.129054565701807,21.29056175315376,20.848543,17.529708862304688
2024-01-15 04:00:00,16.974592999999995,27.00731016285658,17.957733427085195,18.101313,18.44362449645996
2024-01-15 05:00:00,15.813250999999996,24.518198578796742,13.948729350225351,15.357457,18.36501121520996
2024-01-15 06:00:00,14.706125000000004,25.89130451203592,16.808710851262916,16.004515,17.127933502197266
2024-01-15 07:00:00,17.576,24.874846481583226,14.597430409232727,18.02355,21.666183471679688
2024-01-15 08:00:00,19.902511,33.776283851369165,29.496037578924152,24.537487,23.852529525756836
2024-01-15 09:00:00,7.077887999999999,36.162387971302984,13.120006544525253,12.775271,12.575653076171875
2024-01-15 10:00:00,2.248091,3.6153685112732425,5.0512217877189105,5.1239715,6.1868133544921875
2024-01-15 11:00:00,0.132651,-18.085703096751303,1.691175157421589,1.9422878,4.960319519042969
2024-01-15 12:00:00,0.1105919999999999,-57.40388907077597,0.3931589489897969,1.0338755,2.7135658264160156
2024-01-15 13:00:00,0.8573749999999999,-24.37345340660969,0.35214463204591856,0.9252505,0.5999603271484375
2024-01-15 14:00:00,1.6430319999999998,-5.300211901493213,4.339360611095306,1.9798541,0.030956268310546875
2024-01-15 15:00:00,1.7279999999999998,-6.458500118810399,3.3151997718115074,2.8254876,2.664623260498047
2024-01-15 16:00:00,0.8043570000000001,-8.083398694713239,2.0767718191083215,1.6329383,1.91424560546875
2024-01-15 17:00:00,0.274625,-16.233521480148262,0.5975384747184254,0.53974354,2.1695175170898438
2024-01-15 18:00:00,0.778688,-31.742994449189652,0.33951919397486546,1.266745,2.615459442138672
2024-01-15 19:00:00,1.685159,-22.411579702901953,2.3581997547126083,1.8661038,4.066265106201172
2024-01-15 20:00:00,2.1466890000000003,-12.27241439508363,3.2329436163973213,3.0313323,5.221080780029297
2024-01-15 21:00:00,2.000376,-15.569383627690911,2.6773955730244023,2.582725,5.624626159667969
2024-01-15 22:00:00,1.3310000000000004,-19.22441412045135,1.9487069712276486,1.8254842,5.324573516845703
2024-01-15 23:00:00,0.5513679999999999,-33.540027027589026,1.1880670041397408,1.1938331,4.204402923583984
2024-01-16 00:00:00,0.1851929999999999,-49.673406458637594,0.47207732856017354,0.7020126,2.814739227294922
2024-01-16 01:00:00,0.3890169999999999,-64.6368851804138,0.3598205920818237,0.65569675,1.8685150146484375
2024-01-16 02:00:00,2.248091,-46.430677707224866,1.005391711349464,0.67646575,1.39141845703125
2024-01-16 03:00:00,6.128487000000001,-8.468481789793692,5.327177077888624,4.9228024,2.653003692626953
2024-01-16 04:00:00,10.360232000000002,13.627054232220438,10.696475810824676,9.908235,5.7339019775390625
2024-01-16 05:00:00,13.144256,23.392791662467715,12.937573575139865,13.099014,10.008731842041016
2024-01-16 06:00:00,13.997521000000004,27.76949764774388,15.171094842932943,13.743291,12.950984954833984
2024-01-16 07:00:00,33.38624800000001,29.250497162341365,15.26146709309241,13.971078,14.553781509399414
2024-01-16 08:00:00,39.304,83.1763982107322,36.81658433523001,35.158836,19.10182762145996
2024-01-16 09:00:00,28.094464,76.60893339664801,40.37814517009465,32.14178,24.282058715820312
2024-01-16 10:00:00,12.812903999999998,60.96172285872418,26.019888260261013,21.267069,20.787477493286133
2024-01-16 11:00:00,4.492124999999999,33.48965189013231,7.679472670349399,6.6997576,11.217376708984375
2024-01-16 12:00:00,2.197,11.077629379537417,2.5389712134807696,2.224308,3.9426307678222656
2024-01-16 13:00:00,2.000376,4.820212940322325,1.4457075553438619,1.5392996,1.1632270812988281
2024-01-16 14:00:00,3.0486249999999995,5.210164733292984,1.981824369120842,1.8328835,1.1087532043457031
2024-01-16 15:00:00,4.251528,18.06167507941293,4.441717447001601,4.0182757,1.806243896484375
2024-01-16 16:00:00,4.741631999999999,24.229840060922896,5.356885026487167,4.787398,2.7366065979003906
2024-01-16 17:00:00,9.261,27.74210609200428,4.802824586718544,4.5552855,4.317634582519531
2024-01-16 18:00:00,19.902511,54.92345955435558,14.125956612553935,14.484529,7.329242706298828
2024-01-16 19:00:00,24.389,60.51356044662877,23.98608106625781,26.16549,26.260347366333008
2024-01-16 20:00:00,29.218112,45.07777328490772,25.546339138692407,25.7019,21.54233741760254
2024-01-16 21:00:00,30.959144,56.3586918738777,29.360154857472036,27.942244,18.034297943115234
2024-01-16 22:00:00,21.253933,58.69558774307423,28.372343850289194,27.326344,24.83053207397461
2024-01-16 23:00:00,14.348907000000002,25.830447293432645,16.399954647539627,16.966696,18.974164962768555
2024-01-17 00:00:00,10.648000000000003,13.482735845871467,11.232332626003831,10.801226,11.33377456665039
2024-01-17 01:00:00,9.129328999999998,2.3437088008345093,8.326542247457477,9.202118,10.294731140136719
2024-01-17 02:00:00,9.261,1.1646036971491291,7.971536342680962,8.286048,9.203254699707031
2024-01-17 03:00:00,9.393930999999998,4.168373640078656,9.661315527279507,9.770669,12.281379699707031
2024-01-17 04:00:00,9.393930999999998,7.593604302870499,9.67818292226413,10.420594,11.879257202148438
2024-01-17 05:00:00,9.393930999999998,14.886298294210661,9.341816759884255,9.975777,14.386629104614258
2024-01-17 06:00:00,9.800344,19.605079561601393,10.682818018130568,9.538051,16.441064834594727
2024-01-17 07:00:00,12.326391,25.22479366158074,12.32526927176801,12.029349,20.139793395996094
2024-01-17 08:00:00,19.683000000000003,30.66968654288825,22.866726119337418,21.24411,25.5972900390625
2024-01-17 09:00:00,17.173512000000002,55.543215174534666,13.134180901332448,19.746964,14.180654525756836
2024-01-17 10:00:00,15.069223000000004,42.497307593925605,15.106145704267515,14.576315,21.4136962890625
2024-01-17 11:00:00,8.365426999999997,46.67265099844935,12.538241185259492,12.629757,9.035198211669922
2024-01-17 12:00:00,5.929741000000001,19.704694096213505,5.607507789461932,6.4734225,8.270854949951172
2024-01-17 13:00:00,5.000210999999999,11.810873993024494,5.086759373680411,5.4262786,4.477195739746094
2024-01-17 14:00:00,5.359375,4.077717745889991,4.085629862141266,4.6462617,3.837493896484375
2024-01-17 15:00:00,7.762391999999999,13.357659017392425,5.875099274747624,5.6022124,3.8137283325195312
2024-01-17 16:00:00,11.390625,29.094259622870002,9.873756078590622,8.70746,5.204486846923828
2024-01-17 17:00:00,8.615124999999997,42.090211734592884,14.624135087748131,12.979272,7.702091217041016
2024-01-17 18:00:00,16.581374999999998,15.069629551694126,9.700841118974976,10.104594,13.70895767211914
2024-01-17 19:00:00,20.346417,37.480857503762216,22.090802257968498,22.017025,14.264385223388672
2024-01-17 20:00:00,17.779580999999997,25.87980776481699,22.180767584395777,22.31671,24.66227149963379
2024-01-17 21:00:00,13.651919,14.368752120631232,15.399693348693695,15.588708,16.364355087280273
2024-01-17 22:00:00,9.663596999999998,2.717629017907033,10.193662718674585,10.656994,14.348167419433594
2024-01-17 23:00:00,6.434856000000001,-13.1641456201314,7.988473733622457,7.2469587,9.193859100341797
2024-01-18 00:00:00,4.741631999999999,-20.791016403330246,4.439567848352497,4.890914,7.339607238769531
2024-01-18 01:00:00,4.330746999999999,-20.219815804758362,3.5921496251418414,4.1097918,6.311302185058594
2024-01-18 02:00:00,4.330746999999999,-11.811425011644182,4.291120848318424,4.45725,6.365978240966797
2024-01-18 03:00:00,4.410943999999999,-6.2983236246160175,4.441965188246219,4.5990634,8.485958099365234
2024-01-18 04:00:00,4.096000000000001,-1.6969796249237845,4.5260682609853555,4.884335,7.294334411621094
2024-01-18 05:00:00,3.581577,-0.051015131285815585,3.9082386544536627,4.7403207,7.672954559326172
2024-01-18 06:00:00,3.307949,-0.5501452669169531,3.451444979719757,4.0739255,6.495441436767578
2024-01-18 07:00:00,3.375,0.979046379509029,5.42358359840949,6.3557057,6.629707336425781
2024-01-18 08:00:00,7.189056999999999,-4.001563326864122,4.77291816889445,5.8877015,9.699047088623047
2024-01-18 09:00:00,17.576,8.411903108998459,10.578738322621899,9.921922,6.111412048339844
2024-01-18 10:00:00,26.730899000000004,55.70247823794895,22.8066784364516,22.60276,9.331367492675781
2024-01-18 11:00:00,35.93699999999999,75.13896283633223,28.311613368769912,28.696033,15.187295913696289
2024-01-18 12:00:00,45.499293,90.39752270180757,34.532749350836816,34.39195,24.094247817993164
2024-01-18 13:00:00,52.31362400000001,109.18803329236093,45.597348185386636,44.556606,40.77019500732422
2024-01-18 14:00:00,53.582633,124.73504762096138,55.22233179761656,56.73709,45.36083221435547
2024-01-18 15:00:00,48.22854400000001,118.38926800215623,49.92754516673491,46.685112,52.4814453125
2024-01-18 16:00:00,33.076161,106.35935675295718,44.524707550833455,35.230442,31.939332962036133
2024-01-18 17:00:00,11.852351999999996,77.60456831523749,19.74982398216802,16.014925,20.368101119995117
2024-01-18 18:00:00,10.793861,19.71369241104766,9.697064563047046,9.824615,17.473613739013672
2024-01-18 19:00:00,10.503459,26.743097668855555,10.727406022704573,12.213205,9.525585174560547
2024-01-18 20:00:00,8.365426999999997,14.366885037366046,9.973384245218348,10.8375635,10.67922592163086
2024-01-18 21:00:00,6.434856000000001,0.8805109905638062,6.362676911324971,6.9008,8.0167236328125
2024-01-18 22:00:00,4.826809,-8.5671857759177,5.354319832333264,5.481581,6.522403717041016
2024-01-18 23:00:00,3.442951,-21.237540667402484,3.684580861010023,4.0368986,4.965213775634766
2024-01-19 00:00:00,2.197,-23.67819601106776,2.4963623523558938,3.1127915,5.2817535400390625
2024-01-19 01:00:00,1.685159,-31.689128573839852,1.5459661140758496,2.2659938,5.611381530761719
2024-01-19 02:00:00,2.6280719999999995,-29.381746756838886,1.591903641088881,2.1835184,4.029331207275391
2024-01-19 03:00:00,4.826809,-8.873305495423516,3.899306602740066,3.7728019,4.832553863525391
2024-01-19 04:00:00,7.645372999999999,9.22154462875865,7.453177413460383,7.4890723,6.724327087402344
2024-01-19 05:00:00,9.800344,22.342542054342033,9.976811465697683,10.5172,10.17989730834961
2024-01-19 06:00:00,11.089567,32.601178250779796,13.351775497276257,11.823044,13.31351089477539
2024-01-19 07:00:00,33.698267,35.435569851126544,17.298484652956702,18.08756,16.729164123535156
2024-01-19 08:00:00,49.836032,111.49912562725339,38.151959801460606,40.884678,31.498737335205078
2024-01-19 09:00:00,55.74296799999999,123.2128883371384,56.66580284617015,52.9541,48.61639404296875
2024-01-19 10:00:00,41.781923000000006,133.41472963923968,56.823326115715865,57.136295,63.11132049560547
2024-01-19 11:00:00,27.270900999999995,104.62778614263061,33.55163060357833,30.788643,31.018543243408203
2024-01-19 12:00:00,16.003008,78.6389455458982,18.92476876761681,18.916904,17.829978942871094
2024-01-19 13:00:00,9.938375,40.83710520288018,10.699051969790991,11.089747,12.338706970214844
2024-01-19 14:00:00,9.129328999999998,27.592506509491816,7.349990811455161,7.565349,6.821712493896484
2024-01-19 15:00:00,9.663596999999998,36.56205453778291,8.962589043732253,7.2702136,5.720848083496094
2024-01-19 16:00:00,10.793861,38.16407403058048,10.027634355280577,8.101126,6.914249420166016
2024-01-19 17:00:00,7.645372999999999,41.88393038660743,11.655387143173728,10.575813,7.0738067626953125
2024-01-19 18:00:00,16.581374999999998,13.170354827798647,10.016301338741092,8.495704,9.311607360839844
2024-01-19 19:00:00,27.0,44.47013552168475,22.980975059231355,22.218727,10.31473159790039
2024-01-19 20:00:00,26.463592,50.31027819837641,31.45026981024803,30.531591,21.34872055053711
2024-01-19 21:00:00,18.821096000000004,30.885481897981936,23.30176005015232,23.574955,21.430818557739258
2024-01-19 22:00:00,13.312053000000002,8.018527639382242,14.464950022423837,14.782358,18.34925079345703
2024-01-19 23:00:00,9.938375,-7.5683147443891485,9.528273343394389,10.097099,11.325454711914062
2024-01-20 00:00:00,8.489664000000001,-15.071613332266239,7.94985388029151,8.045806,8.590057373046875
2024-01-20 01:00:00,8.0,-12.688609980134082,6.833449956727464,7.673249,9.662342071533203
2024-01-20 02:00:00,8.489664000000001,-8.35814130297576,7.543065658677625,7.871096,9.972869873046875
2024-01-20 03:00:00,8.869742999999998,-0.07527720333981591,8.490042789070465,8.741652,12.249202728271484
2024-01-20 04:00:00,8.869742999999998,5.177750541119821,8.96640990589763,9.748506,12.87136459350586
2024-01-20 05:00:00,8.615124999999997,9.520356702786188,8.800623704604272,9.575692,15.540393829345703
2024-01-20 06:00:00,8.242408,13.238483222967929,10.085219565750243,9.248959,16.44611358642578
2024-01-20 07:00:00,16.194276999999996,14.176077232391108,8.900043495737124,11.451871,18.475500106811523
2024-01-20 08:00:00,12.487167999999995,46.414955685469764,25.237130951945275,26.68516,26.543725967407227
2024-01-20 09:00:00,9.129328999999998,4.9518975475739495,12.405624717266505,12.027611,23.1036319732666
2024-01-20 10:00:00,3.796416,4.309157361156121,8.840499310551452,6.9211903,10.151103973388672
2024-01-20 11:00:00,0.8305839999999999,-20.0630956413721,3.4715658992650678,2.6837416,5.092124938964844
2024-01-20 12:00:00,0.0269999999999999,-53.91666438095056,0.5935444352416278,1.1847744,2.9458274841308594
2024-01-20 13:00:00,0.032768,-77.47803566959101,0.2763846032720746,0.94446415,0.995147705078125
2024-01-20 14:00:00,0.300763,-45.93359547934649,0.2563115935342984,0.90085816,-0.4985923767089844
2024-01-20 15:00:00,0.1851929999999999,-25.909222361821683,1.247324698773192,0.6562258,-0.10491943359375
2024-01-20 16:00:00,6.4e-05,-48.483916169633794,0.27002701317772604,-0.24173605,1.2915916442871094
2024-01-20 17:00:00,0.438976,-84.90014208193972,0.2852128809006061,0.045696117,0.6036529541015625
2024-01-20 18:00:00,4.096000000000001,-17.421489177717625,2.661124983774842,1.5726662,-0.16464996337890625
2024-01-20 19:00:00,8.869742999999998,9.429818359517483,9.765020644594086,10.479534,8.786266326904297
2024-01-20 20:00:00,11.697083,25.977803823349607,13.213779044004916,12.113673,13.326873779296875
2024-01-20 21:00:00,11.390625,17.919016315850527,14.503844804145437,13.413004,14.633096694946289
2024-01-20 22:00:00,9.800344,11.19086311886226,11.010511237026826,11.339046,11.41933822631836
2024-01-20 23:00:00,7.414874999999999,-0.7218451268289741,8.556052727655139,7.7952843,9.3624267578125
2024-01-21 00:00:00,4.574296,-9.327861931926606,5.257385579601195,5.6864357,8.264938354492188
2024-01-21 01:00:00,2.000376,-23.738652526757548,3.223984325340335,3.391179,7.404376983642578
2024-01-21 02:00:00,0.493039,-38.68943882890752,1.1596643424877364,1.5589935,5.191623687744141
2024-01-21 03:00:00,0.0428749999999999,-52.3076812606032,0.47937014020340235,0.6429379,2.9061508178710938
2024-01-21 04:00:00,0.0243889999999999,-60.8543639643407,0.4578984328966086,0.5656196,0.2921104431152344
2024-01-21 05:00:00,0.314432,-44.35794496453979,0.4905902526824893,0.590804,-0.5947723388671875
2024-01-21 06:00:00,0.912673,-14.502053358995589,1.560954695382442,0.79665565,0.1802825927734375
2024-01-21 07:00:00,1.7279999999999998,-9.952833029930503,2.2613222744264734,1.4045961,2.7074127197265625
2024-01-21 08:00:00,1.953125,-3.46383847268379,3.1456010699949433,3.4189427,4.315563201904297
2024-01-21 09:00:00,0.085184,-3.4769552100573904,2.5200292687115353,2.1759815,3.6199989318847656
2024-01-21 10:00:00,0.3429999999999999,-62.42969586196782,1.5471886936325447,0.5412515,2.8750953674316406
2024-01-21 11:00:00,1.4428969999999997,-18.382357876441574,1.8585482508454618,1.1740035,0.2361602783203125
2024-01-21 12:00:00,2.6280719999999995,-1.0461383180853048,3.6198578452072376,3.5482213,0.47655487060546875
2024-01-21 13:00:00,2.6280719999999995,5.194630559492072,3.9194783702416616,3.8453984,2.0943756103515625
2024-01-21 14:00:00,1.5608959999999996,1.441076299145866,2.61980854658716,2.7207656,2.982879638671875
2024-01-21 15:00:00,0.6141249999999999,-16.780412241918086,1.2366160686866552,1.4696627,1.4714546203613281
2024-01-21 16:00:00,0.531441,-38.1302283044191,0.4843131880329223,0.29631537,0.8371047973632812
2024-01-21 17:00:00,0.6141249999999999,-32.241939419699804,0.6795123819047488,0.71145767,0.40164947509765625
2024-01-21 18:00:00,1.815848,-40.25351114031498,0.8922443678044754,2.902995,2.881664276123047
2024-01-21 19:00:00,3.307949,-44.07996930250233,4.34908741935354,6.090562,5.581581115722656
2024-01-21 20:00:00,4.410943999999999,-39.58792419866247,5.10892083686719,4.7762337,6.687725067138672
2024-01-21 21:00:00,4.741631999999999,-33.56003811889872,6.029013152616704,5.1404014,6.329082489013672
2024-01-21 22:00:00,4.826809,-31.51636829715953,4.9689846623429546,4.754597,6.253486633300781
2024-01-21 23:00:00,5.088448,-33.53808951648023,4.922238851817914,5.0249405,6.1653900146484375
2024-01-22 00:00:00,6.028568000000001,-32.24505712252308,5.615726909259298,5.3470144,6.221916198730469
2024-01-22 01:00:00,8.489664000000001,-18.222637802072988,7.301610921308555,7.0738263,7.118595123291016
2024-01-22 02:00:00,16.194276999999996,-0.5062001784284504,11.109754533820633,10.255053,9.01224136352539
2024-01-22 03:00:00,25.412184,41.870026899638034,18.79674931044491,19.215513,11.173583984375
2024-01-22 04:00:00,34.328125,71.32919772430176,29.070486568556447,29.803106,24.94771957397461
2024-01-22 05:00:00,38.95821900000001,90.03322644215059,34.66608552484765,33.78401,31.992321014404297
2024-01-22 06:00:00,40.353607,92.68885080551891,42.0545578348037,41.153324,37.13286209106445
2024-01-22 07:00:00,65.939264,87.84151350638635,70.32567407607516,67.694984,49.484981536865234
2024-01-22 08:00:00,56.62310399999999,121.47692187934459,64.45748738621656,59.566154,52.58259201049805
2024-01-22 09:00:00,68.92099999999998,78.2244286379669,45.15733242385606,42.96521,58.314361572265625
2024-01-22 10:00:00,55.74296799999999,113.17766624763934,68.52203867671568,62.428356,30.44992446899414
2024-01-22 11:00:00,24.389,108.02849354168558,41.22754428539966,34.772022,25.970775604248047
2024-01-22 12:00:00,6.858999999999999,62.106014428117724,19.361218919012554,15.974691,13.741947174072266
2024-01-22 13:00:00,0.8305839999999999,21.407057515668775,3.2403963904098037,4.362493,7.992023468017578
2024-01-22 14:00:00,0.059319,-23.36306842167454,1.3057647298660962,-1.3366284,2.310455322265625
2024-01-22 15:00:00,0.050653,-28.38624415177933,0.490585437791904,-0.4628604,0.33383941650390625
2024-01-22 16:00:00,0.300763,-16.832772347816658,0.4286810205761102,-1.0183002,-0.5329399108886719
2024-01-22 17:00:00,2.6280719999999995,2.742359154271302,1.599401801245902,0.7232044,0.23504257202148438
2024-01-22 18:00:00,13.312053000000002,40.10155692418748,7.814135306702573,7.7793536,3.4175643920898438
2024-01-22 19:00:00,21.024576,70.92995157924813,22.65099701633127,24.919739,20.169660568237305
2024-01-22 20:00:00,22.665187000000003,69.31861528633374,27.010258080536463,26.744476,24.30963897705078
2024-01-22 21:00:00,20.570824000000005,58.681330082359786,21.13704325029742,22.721098,20.159072875976562
2024-01-22 22:00:00,15.813250999999996,53.65666513752755,16.68171876316629,17.243574,17.73569107055664
2024-01-22 23:00:00,12.166999999999998,31.33895739192316,12.014961101141685,13.028152,14.107398986816406
2024-01-23 00:00:00,10.360232000000002,21.749181792633163,9.38446845188127,9.777368,9.702415466308594
2024-01-23 01:00:00,9.528128,21.279896646296915,8.751300901903635,9.626443,9.345718383789062
2024-01-23 02:00:00,9.938375,27.43074606375266,8.362139003413027,8.417749,10.00235366821289
2024-01-23 03:00:00,10.793861,36.99539409576478,9.928663203798507,9.685223,12.421432495117188
2024-01-23 04:00:00,9.528128,45.95861916368412,11.642247033490493,11.568282,13.371833801269531
2024-01-23 05:00:00,10.218312999999998,42.672678880557456,8.133375132097571,8.925434,17.068571090698242
2024-01-23 06:00:00,10.793861,51.28995433990629,10.147487088721405,10.531827,15.162334442138672
2024-01-23 07:00:00,20.123648000000003,49.528774032387595,12.257806708604642,13.813365,22.36158561706543
2024-01-23 08:00:00,14.706125000000004,80.19996081100275,27.375361415540553,25.790222,24.02198600769043
2024-01-23 09:00:00,8.242408,38.945981861865526,12.373791050451178,7.371814,23.71278953552246
2024-01-23 10:00:00,3.241792,5.422469055136624,5.592021837672635,6.202267,11.376594543457031
2024-01-23 11:00:00,0.438976,-0.4100157573288996,2.251000308712798,2.1661346,6.865650177001953
2024-01-23 12:00:00,0.0002159999999999,-27.588133851885125,0.5389233450261454,0.59954566,2.9245223999023438
2024-01-23 13:00:00,0.157464,-51.58808822834377,0.32030862772941016,0.6468656,0.8570518493652344
2024-01-23 14:00:00,0.405224,2.2324402888838932,1.6621997872688394,0.5519029,-0.4384574890136719
2024-01-23 15:00:00,0.2053789999999999,-5.050155782485213,1.7049543281684485,0.5241635,1.1424789428710938
2024-01-23 16:00:00,0.456533,-20.634454101260253,0.3049722803305319,0.3155065,1.1113090515136719
2024-01-23 17:00:00,2.3526370000000005,-4.198910767895747,1.2230441086532706,0.7350153,1.1541786193847656
2024-01-23 18:00:00,10.077696,31.144901046724375,5.620923941182582,7.358693,2.9148902893066406
2024-01-23 19:00:00,16.777216,52.87792956837404,17.898820794148886,17.515493,13.66446304321289
2024-01-23 20:00:00,19.034163,59.44744807936996,21.18370857567084,20.202555,19.381494522094727
2024-01-23 21:00:00,17.373979,54.95547019550482,20.536550377935672,18.784525,14.88897705078125
2024-01-23 22:00:00,12.649337,56.36383953570212,15.092304663448425,14.916423,15.711999893188477
2024-01-23 23:00:00,8.998912,36.77645586539957,9.085664384935049,9.643739,12.158206939697266
2024-01-24 00:00:00,6.967870999999999,27.216009187839692,6.600401743017499,7.0181017,8.157154083251953
2024-01-24 01:00:00,5.268024,18.27139271181898,5.94462351793621,5.8825994,7.369045257568359
2024-01-24 02:00:00,4.574296,10.096205388371786,4.4503935015488425,4.549233,6.030815124511719
2024-01-24 03:00:00,4.330746999999999,14.520170241142985,4.259338216420755,4.5393596,5.605434417724609
2024-01-24 04:00:00,4.657462999999999,15.11672405676466,4.430067088362961,4.1796823,4.671501159667969
2024-01-24 05:00:00,5.929741000000001,23.15617069393601,4.734513231694841,5.0138006,4.988182067871094
2024-01-24 06:00:00,8.741816,36.0428387776901,7.403040977605787,7.5024476,5.698581695556641
2024-01-24 07:00:00,33.698267,51.2906011337253,13.124952662131978,11.6756525,10.39102554321289
2024-01-24 08:00:00,48.627125,137.18402421584517,40.087592868853285,41.028458,20.321165084838867
2024-01-24 09:00:00,53.15737599999999,140.52860504096876,58.417113496518105,60.17681,58.82232666015625
2024-01-24 10:00:00,51.478848000000006,151.32285895720779,49.33123598032126,57.811005,64.7083969116211
2024-01-24 11:00:00,48.627125,153.8186529010382,49.65547127114831,46.370487,49.07746124267578
2024-01-24 12:00:00,58.411072,149.92547290940286,48.70427990651082,44.519794,33.61431884765625
2024-01-24 13:00:00,88.121125,165.18745100875483,75.3543581408667,68.92029,36.866615295410156
2024-01-24 14:00:00,124.251499,199.03747950916548,106.12497843491897,109.531425,56.39347839355469
2024-01-24 15:00:00,135.005697,226.905218371137,151.63832602583662,147.36449,85.72665405273438
2024-01-24 16:00:00,102.50323199999998,221.89180114532832,136.10166396011493,136.30411,116.60152435302734
2024-01-24 17:00:00,60.698457000000005,179.1407443706137,75.67506453675782,65.07139,100.96894073486328
2024-01-24 18:00:00,51.895117,126.1643508373156,41.84579451740033,49.48623,52.05424499511719
2024-01-24 19:00:00,51.064811,116.60031014473276,47.19526557634772,50.89985,38.460479736328125
2024-01-24 20:00:00,45.499293,108.8207664003271,49.02495402549925,48.394035,70.19328308105469
2024-01-24 21:00:00,35.28755199999999,92.64723162372599,40.22898904248626,38.151207,48.163963317871094
2024-01-24 22:00:00,24.897088,70.09963224883911,27.589740322992995,28.49998,36.79079055786133
2024-01-24 23:00:00,19.248832000000004,49.67310487591256,21.80669348387575,21.527113,28.663066864013672
2024-01-25 00:00:00,16.581374999999998,46.52784945320901,18.95617302423431,18.438284,20.301471710205078
2024-01-25 01:00:00,17.173512000000002,44.6988807010953,14.902364871205727,15.515105,21.465999603271484
2024-01-25 02:00:00,18.821096000000004,55.1963241794922,18.543959148374213,19.754883,22.581674575805664
2024-01-25 03:00:00,19.683000000000003,66.71439003957232,21.066765524022344,21.290613,26.32815933227539
2024-01-25 04:00:00,19.683000000000003,72.3695070680134,19.774633765029154,21.022943,29.483943939208984
2024-01-25 05:00:00,18.399744,76.93131196076845,18.903126327888998,19.905645,30.696693420410156
2024-01-25 06:00:00,17.779580999999997,77.22586367665878,19.86329878188822,20.463207,38.27009963989258
2024-01-25 07:00:00,39.304,79.27103348294891,26.524440201201152,27.157999,45.291107177734375
2024-01-25 08:00:00,48.22854400000001,137.0758744393103,49.403526684293354,50.175518,42.244163513183594
2024-01-25 09:00:00,61.629875000000006,120.51038782014783,49.2661856431865,58.771526,66.65752410888672
2024-01-25 10:00:00,56.62310399999999,133.0300240356853,60.76443727005351,59.875202,61.73462677001953
2024-01-25 11:00:00,38.95821900000001,126.44991497062284,47.8664632946199,41.10533,32.14678955078125
2024-01-25 12:00:00,25.412184,103.92602112172165,41.83916240734614,28.569874,20.87717628479004
2024-01-25 13:00:00,18.609625,78.36967811061056,20.002833831513932,18.322721,19.078594207763672
2024-01-25 14:00:00,14.348907000000002,62.434339884253454,14.956925624492658,14.338292,13.27212142944336
2024-01-25 15:00:00,9.938375,50.657236269300356,11.604680641924217,11.351585,12.334224700927734
2024-01-25 16:00:00,5.451776,32.06981252940958,7.315955566517556,7.245303,10.645072937011719
2024-01-25 17:00:00,2.248091,13.41942751281658,3.3587215344537094,2.9728587,7.518218994140625
2024-01-25 18:00:00,4.826809,-6.462285772582433,1.7685285671098554,2.710944,6.685482025146484
2024-01-25 19:00:00,8.869742999999998,14.417862251941402,10.449631163579475,8.645101,7.3936614990234375
2024-01-25 20:00:00,11.852351999999996,19.776161267692437,12.552831682855901,11.871055,12.10595703125
2024-01-25 21:00:00,13.651919,11.659514069721723,14.965964411889882,13.955704,12.754520416259766
2024-01-25 22:00:00,14.172488,12.98372156081303,15.329169066060778,15.565095,14.076614379882812
2024-01-25 23:00:00,13.823999999999998,10.135760265401043,15.168257720635829,14.87582,13.822267532348633
2024-01-26 00:00:00,14.348907000000002,5.704104835057787,12.692998483784072,13.888445,14.71192741394043
2024-01-26 01:00:00,14.526784,2.3975827226776403,16.43465711681241,15.269834,16.061235427856445
2024-01-26 02:00:00,15.252992,2.5355561702589426,15.50725142219562,15.233214,16.87371826171875
2024-01-26 03:00:00,15.813250999999996,11.808977922383498,15.97493133402824,16.514282,21.56855583190918
2024-01-26 04:00:00,15.625,21.742338602629612,15.812688780916226,16.431376,20.97821044921875
2024-01-26 05:00:00,15.625,27.93210495829476,15.241765371050413,15.891219,23.02326011657715
2024-01-26 06:00:00,16.387064000000002,33.372443928924895,19.16379521844164,18.563292,21.146406173706055
2024-01-26 07:00:00,35.93699999999999,38.29461376763467,26.5088997855785,25.95294,21.945600509643555
2024-01-26 08:00:00,33.38624800000001,88.29265490592016,36.223030506108294,33.318996,26.382640838623047
2024-01-26 09:00:00,29.218112,60.91950583218871,26.240583020503,24.389503,25.00453758239746
2024-01-26 10:00:00,14.348907000000002,48.86252452120746,21.26048586553617,21.702894,22.554880142211914
2024-01-26 11:00:00,6.331625000000001,13.712076125953107,9.848197880991144,8.527783,9.886531829833984
2024-01-26 12:00:00,6.028568000000001,2.7196044600490126,3.898408357748051,4.2089114,5.714176177978516
2024-01-26 13:00:00,7.189056999999999,13.366947819083993,6.934956401634469,5.3965898,4.539848327636719
2024-01-26 14:00:00,9.261,22.7859679944285,8.329484720780288,8.554676,7.742313385009766
2024-01-26 15:00:00,7.645372999999999,34.28222350933031,10.220402867204232,9.844926,8.31723403930664
2024-01-26 16:00:00,5.5452330000000005,16.652559917006307,6.789007201398765,6.222825,7.674224853515625
2024-01-26 17:00:00,3.241792,15.241243465924263,4.342658407187882,3.378392,6.369998931884766
2024-01-26 18:00:00,4.330746999999999,4.197550622963156,3.1618089311099964,3.5873504,8.734874725341797
2024-01-26 19:00:00,5.088448,-1.0974076345192714,6.191562727588033,5.6937733,11.525016784667969
2024-01-26 20:00:00,5.359375,4.144477000322482,5.747211653603487,6.0187716,11.930938720703125
2024-01-26 21:00:00,4.826809,-0.7045158711680664,6.057145192076587,6.2182803,11.168136596679688
2024-01-26 22:00:00,5.000210999999999,-6.989090949992928,4.80491911149026,5.2290506,10.010540008544922
2024-01-26 23:00:00,6.967870999999999,-8.401439110563054,5.268683586241711,5.606333,8.499786376953125
2024-01-27 00:00:00,9.663596999999998,6.120373243995658,8.78135803221594,9.186698,7.738803863525391
2024-01-27 01:00:00,12.487167999999995,11.760877433877567,11.7241076876095,11.744482,9.877368927001953
2024-01-27 02:00:00,14.706125000000004,17.332819936602135,14.341247890054909,14.776245,14.770868301391602
2024-01-27 03:00:00,13.481272,20.65382928887134,16.879372282764823,16.861538,19.137344360351562
2024-01-27 04:00:00,11.543175999999995,12.256475191501735,11.14300744082239,13.613951,19.390304565429688
2024-01-27 05:00:00,11.390625,12.740419012050207,10.321078350533954,11.150393,17.714035034179688
2024-01-27 06:00:00,12.008989,23.133583753618502,11.893871216300274,11.24286,15.522855758666992
2024-01-27 07:00:00,11.852351999999996,27.758419194229138,11.10651771032189,13.195951,19.052785873413086
2024-01-27 08:00:00,14.172488,14.47271395720782,19.20486025851304,21.097013,21.994783401489258
2024-01-27 09:00:00,2.5713530000000007,11.961636865220623,7.525393311615659,8.348848,10.992630004882812
2024-01-27 10:00:00,0.681472,-54.82928125553662,2.2240693598647145,1.721105,5.197174072265625
2024-01-27 11:00:00,1.4049280000000004,-46.89990430756048,1.6484214539176605,1.0737724,4.558139801025391
2024-01-27 12:00:00,2.1466890000000003,-4.4242534355801055,2.8441967841587803,2.1686134,2.0760841369628906
2024-01-27 13:00:00,3.796416,-0.8464028440740208,3.5824513973421652,2.9518106,2.3556976318359375
2024-01-27 14:00:00,6.967870999999999,14.237545887410555,5.79518742496816,5.3614144,4.360912322998047
2024-01-27 15:00:00,12.326391,30.224954873442787,10.216273525712484,8.521096,4.071437835693359
2024-01-27 16:00:00,11.697083,61.65827218800366,15.290794985694859,13.03907,7.345787048339844
2024-01-27 17:00:00,8.242408,60.933182208642826,10.959167857894675,10.290344,10.9989013671875
2024-01-27 18:00:00,12.166999999999998,44.598014539592754,11.488833970147748,13.624597,13.0816650390625
2024-01-27 19:00:00,14.172488,37.139640758231465,14.366842375727646,15.542958,20.863910675048828
2024-01-27 20:00:00,16.974592999999995,39.47097262824565,14.791341918395364,15.836915,20.082740783691406
2024-01-27 21:00:00,18.191447,46.39081304220628,19.0702876195012,18.255764,16.299537658691406
2024-01-27 22:00:00,16.777216,51.39958021091671,19.205274871472025,18.514162,21.365863800048828
2024-01-27 23:00:00,15.252992,37.48957062052916,14.632295543551994,15.681377,20.85089683532715
2024-01-28 00:00:00,14.526784,32.379047775364015,13.098564959270425,14.77853,17.497203826904297
2024-01-28 01:00:00,14.172488,22.600332023824812,13.494634592771327,13.836901,15.78278923034668
2024-01-28 02:00:00,15.252992,16.143539983696776,12.47424562035927,14.664851,15.569843292236328
2024-01-28 03:00:00,16.581374999999998,18.8122454459795,15.602674425114902,16.619484,21.017318725585938
2024-01-28 04:00:00,18.191447,20.54601932424035,16.76050579274466,17.229328,22.508331298828125
2024-01-28 05:00:00,20.123648000000003,28.263439717573025,18.17637144733219,19.723654,22.77049446105957
2024-01-28 06:00:00,20.796875,36.378822005735,20.21860550325088,19.580608,25.344507217407227
2024-01-28 07:00:00,21.024576,36.67720611909379,20.507832849323826,24.709715,30.959964752197266
2024-01-28 08:00:00,22.665187000000003,29.105542610285372,28.559390630401875,29.316006,33.03389358520508
2024-01-28 09:00:00,3.112136,31.057887556056198,13.590212698742905,14.256223,17.816997528076172
2024-01-28 10:00:00,1.4049280000000004,-49.959264843660016,2.357176919348028,2.658275,7.44989013671875
2024-01-28 11:00:00,1.2950290000000002,-32.93842537467844,1.7435969041790622,1.8121241,5.546695709228516
2024-01-28 12:00:00,1.030301,-16.57900515583725,2.2912372789069546,1.994793,3.0504722595214844
2024-01-28 13:00:00,0.5717869999999999,-12.934688210052478,1.06774558722641,1.6835309,2.8183517456054688
2024-01-28 14:00:00,0.1105919999999999,-34.53936378461773,0.4925406191285179,1.013859,2.9266014099121094
2024-01-28 15:00:00,0.010648,-56.18239531907772,0.25329993645981436,0.61113113,0.9664039611816406
2024-01-28 16:00:00,0.002744,-54.70259115408785,0.25732482972639364,-0.083998576,-0.1935577392578125
2024-01-28 17:00:00,0.1038229999999999,-43.31213854107579,0.2866127149161853,-0.1706389,-0.5536575317382812
2024-01-28 18:00:00,1.225043,-13.405357045079228,0.7221186953846478,1.1572053,0.5079231262207031
2024-01-28 19:00:00,2.097152,8.993942521062994,4.004253386526057,2.5259805,5.413761138916016
2024-01-28 20:00:00,2.4061040000000005,6.016178138959798,3.6990369098942266,2.5497336,9.531017303466797
2024-01-28 21:00:00,1.6016129999999995,1.814324784651422,2.8254662517823728,3.1524553,8.545650482177734
2024-01-28 22:00:00,0.456533,-11.512999178509475,1.6295796770656985,1.7109476,7.088985443115234
2024-01-28 23:00:00,0.0138239999999999,-42.492885083957894,0.5111358198530352,0.7115314,4.491756439208984
2024-01-29 00:00:00,0.1105919999999999,-65.19812235739266,0.32341078463668765,0.5504822,1.7789039611816406
2024-01-29 01:00:00,1.953125,-27.845977218835507,0.8275148507198976,0.7859908,0.023838043212890625
2024-01-29 02:00:00,7.189056999999999,11.754476585781568,5.5087818885784,4.705878,1.8613319396972656
2024-01-29 03:00:00,10.218312999999998,29.85218605708546,12.748222164704973,12.863426,6.377132415771484
2024-01-29 04:00:00,9.663596999999998,16.941059577915453,12.774401880767705,11.840407,10.924785614013672
2024-01-29 05:00:00,7.880599,2.004169612621695,9.243569031870463,9.255441,11.80331039428711
2024-01-29 06:00:00,5.268024,-6.475050199496565,7.196268747181018,7.157438,10.10479736328125
2024-01-29 07:00:00,2.299968,-23.02816531575008,5.230080641247508,5.2126093,9.100605010986328
2024-01-29 08:00:00,0.6141249999999999,-41.09161337806335,2.797511717378303,2.6013658,7.554359436035156
2024-01-29 09:00:00,1.6016129999999995,-69.3221724580734,0.8698419910706358,-1.8533581,2.4539566040039062
2024-01-29 10:00:00,5.929741000000001,-30.81696491461483,4.63802936592778,4.0437093,1.1367111206054688
2024-01-29 11:00:00,4.096000000000001,16.57747038230595,9.163333341967702,9.601912,2.9969139099121094
2024-01-29 12:00:00,4.410943999999999,-3.530496911588621,3.128380540185288,3.090684,5.176609039306641
2024-01-29 13:00:00,4.410943999999999,11.468763150807792,4.491387255416893,4.549726,3.6217575073242188
2024-01-29 14:00:00,4.019679000000001,5.337891409242168,4.210374648056877,3.9916477,3.409954071044922
2024-01-29 15:00:00,2.299968,8.852911364755368,3.691073554875205,3.4617283,3.27996826171875
2024-01-29 16:00:00,0.8043570000000001,-3.332807034087608,1.9336092996280931,1.1528994,3.96148681640625
2024-01-29 17:00:00,0.039304,-11.685871981709425,0.5809203635144066,0.11319409,2.1277236938476562
2024-01-29 18:00:00,0.019683,-41.04214677000903,0.27054673383451266,0.9149901,3.0995635986328125
2024-01-29 19:00:00,0.1951119999999999,-41.18546078366963,0.2570647672854345,0.6946415,2.899280548095703
2024-01-29 20:00:00,0.531441,-19.603713897867706,0.43611509284849503,0.6150373,2.9379730224609375
2024-01-29 21:00:00,1.4428969999999997,-17.08734342080937,1.574128621241587,0.9941948,3.52471923828125
2024-01-29 22:00:00,3.796416,-1.5582195302292874,3.0050755351346368,3.1544876,4.274772644042969
2024-01-29 23:00:00,5.929741000000001,15.447100939320938,6.263940408359215,5.90763,5.0433502197265625
2024-01-30 00:00:00,6.434856000000001,19.381335277066604,7.96853564970771,7.5377574,7.526222229003906
2024-01-30 01:00:00,7.414874999999999,7.153049645057152,7.274793795733263,6.917806,9.014705657958984
2024-01-30 02:00:00,7.762391999999999,8.063310118146834,8.423805813930155,8.732343,7.526275634765625
2024-01-30 03:00:00,8.242408,1.0657098112021188,8.29978727244914,8.511571,9.475322723388672
2024-01-30 04:00:00,8.615124999999997,-1.4806637379165153,8.478028326337096,8.57219,8.882099151611328
2024-01-30 05:00:00,10.941048000000002,2.435585693797414,8.687543267286598,9.39102,10.31991958618164
2024-01-30 06:00:00,10.077696,18.39526414377281,12.586784342760668,12.28986,10.692596435546875
2024-01-30 07:00:00,6.434856000000001,8.338862540111737,9.492048788499504,9.649372,16.01068115234375
2024-01-30 08:00:00,7.301384,-7.051486038769042,10.57116646050527,10.054301,17.078327178955078
2024-01-30 09:00:00,5.268024,1.4701771765025917,8.043665253947784,4.525657,7.6473541259765625
2024-01-30 10:00:00,21.024576,-1.7816066883870008,4.601046491074841,5.089583,4.586544036865234
2024-01-30 11:00:00,17.779580999999997,74.97904706252365,28.914482433541334,25.269207,4.3924102783203125
2024-01-30 12:00:00,13.997521000000004,41.2672116982283,16.8124847161602,15.304195,20.07866859436035
2024-01-30 13:00:00,9.129328999999998,38.85102864661033,10.68075189576167,11.086535,8.555049896240234
2024-01-30 14:00:00,7.645372999999999,14.13251380339248,6.676742531570113,6.8370275,6.160572052001953
2024-01-30 15:00:00,7.189056999999999,20.513846910789375,7.142289579929777,6.50343,3.988067626953125
2024-01-30 16:00:00,3.5118080000000003,29.182725652170554,6.123098302773443,5.5299287,4.752593994140625
2024-01-30 17:00:00,3.944312000000001,9.332107235798464,2.0544164320205467,1.6125768,5.488666534423828
2024-01-30 18:00:00,9.800344,28.199245908252806,5.384648568913858,7.8929377,5.130191802978516
2024-01-30 19:00:00,14.526784,39.94901962631421,15.785149232001656,14.875863,17.848520278930664
2024-01-30 20:00:00,17.576,45.08257694359038,18.71567611214179,16.485006,18.616289138793945
2024-01-30 21:00:00,15.625,48.93531519471958,19.062244860044835,18.343185,19.025453567504883
2024-01-30 22:00:00,11.390625,37.36883406678719,13.32086301495321,13.457973,18.382169723510742
2024-01-30 23:00:00,9.129328999999998,15.308092232423412,8.95078488085916,8.977299,13.201957702636719
2024-01-31 00:00:00,6.967870999999999,10.316254185772095,7.762599799926169,7.5753937,8.292621612548828
2024-01-31 01:00:00,4.741631999999999,-0.03505592496866683,5.812923153324483,5.631566,6.529026031494141
2024-01-31 02:00:00,3.307949,-9.726099799164338,3.481004928355598,3.659666,4.699798583984375
2024-01-31 03:00:00,3.307949,-14.258135665113656,2.444987610888067,2.889358,5.3059844970703125
2024-01-31 04:00:00,4.826809,-7.409581875383495,3.736754639449373,3.6883461,4.015918731689453
2024-01-31 05:00:00,6.229504,8.840694870587186,6.87369912936098,6.554715,5.160423278808594
2024-01-31 06:00:00,6.331625000000001,11.081716905309442,7.814954076213116,7.607647,7.797332763671875
2024-01-31 07:00:00,5.000210999999999,4.880596360715085,7.076883587521443,8.481908,11.502960205078125
2024-01-31 08:00:00,8.615124999999997,-12.193798753722376,7.370364189243341,7.326902,13.898029327392578
2024-01-31 09:00:00,11.543175999999995,16.26047600693831,9.481798337461738,8.428152,5.757442474365234
2024-01-31 10:00:00,26.730899000000004,27.50157263603558,13.304434866084511,14.124043,5.236213684082031
2024-01-31 11:00:00,21.484952,77.61517007739775,26.35475648226998,26.366377,7.166568756103516
2024-01-31 12:00:00,17.373979,49.44403708476791,18.993320202653955,16.386978,20.980558395385742
2024-01-31 13:00:00,13.312053000000002,48.62363309467477,13.872234461329736,14.034402,11.235527038574219
2024-01-31 14:00:00,10.503459,32.70667353597969,9.697840683756755,9.50898,8.720489501953125
2024-01-31 15:00:00,6.967870999999999,32.23456688451323,8.09180277522092,8.153869,6.967197418212891
2024-01-31 16:00:00,2.3526370000000005,21.662593546822954,4.4414822865931045,4.1123986,6.672386169433594
2024-01-31 17:00:00,1.860867,-10.758899936605872,1.310047299819972,1.3165475,5.606517791748047
2024-01-31 18:00:00,4.251528,-9.064080827129743,2.229980453189985,4.5276065,5.239704132080078
2024-01-31 19:00:00,6.539203000000001,-2.6667513761250063,6.740320170094101,7.3766947,12.584957122802734
2024-01-31 20:00:00,8.489664000000001,1.0153785055003262,9.04958565383812,7.8070636,11.65871810913086
2024-01-31 21:00:00,9.393930999999998,2.9386800625114375,10.117088358630765,9.404877,10.897186279296875
2024-01-31 22:00:00,8.120600999999997,7.818709951575091,10.058343362995465,10.35683,10.80599594116211
2024-01-31 23:00:00,5.359375,-5.528771640009936,7.041542210177198,7.2328496,9.880348205566406
2024-02-01 00:00:00,2.6856189999999995,-21.371160424135674,4.042868026299839,4.27374,7.509372711181641
2024-02-01 01:00:00,1.124864,-43.384169449175324,1.7807707405502287,1.9528526,4.818340301513672
2024-02-01 02:00:00,0.5120000000000001,-48.21912399350759,0.7273225633707291,1.0893029,3.178436279296875
2024-02-01 03:00:00,0.456533,-44.665913389818506,0.4821215613521922,0.77205205,2.3016357421875
2024-02-01 04:00:00,0.8043570000000001,-33.63230187394869,0.7717251620681796,0.8008551,1.1352424621582031
2024-02-01 05:00:00,1.4428969999999997,-18.341646266261797,1.648272105719965,1.4470459,1.4887771606445312
2024-02-01 06:00:00,2.4603750000000004,-8.689468686101243,2.7418803928057685,2.1403387,1.9330101013183594
2024-02-01 07:00:00,3.944312000000001,1.9918852610231355,4.196003271357278,3.779847,3.2874107360839844
2024-02-01 08:00:00,16.194276999999996,14.343051585733427,6.407438031877511,6.287778,4.707000732421875
2024-02-01 09:00:00,25.412184,69.93290498186207,27.93070485962095,20.064192,4.886196136474609
2024-02-01 10:00:00,18.191447,77.24894933096674,25.682821888497074,26.715738,21.938886642456055
2024-02-01 11:00:00,9.129328999999998,49.08416140742436,14.49273856752873,12.800633,13.709003448486328
2024-02-01 12:00:00,3.723875000000001,10.04663842163901,5.88797038729071,6.1762238,6.7300262451171875
2024-02-01 13:00:00,1.2597120000000002,-13.786675606347082,2.392959355580513,2.2198017,2.343303680419922
2024-02-01 14:00:00,0.3732479999999999,-23.708050348507236,0.8268548745937402,1.3518058,0.17181015014648438
2024-02-01 15:00:00,0.3285089999999999,-36.72313199129557,0.3752169942153042,0.610254,-0.556549072265625
2024-02-01 16:00:00,0.7290000000000001,-30.482739148209234,0.5791787977802556,0.23562187,-0.8484230041503906
2024-02-01 17:00:00,1.225043,-13.906603698809683,1.6025946946178373,0.6367949,0.17614364624023438
2024-02-01 18:00:00,4.826809,-15.474325346450406,2.6530306198695244,2.6030443,2.3212928771972656
2024-02-01 19:00:00,8.120600999999997,5.114921599655432,9.911052121955398,9.537688,10.041740417480469
2024-02-01 20:00:00,9.129328999999998,16.519282395629375,11.095344523038502,10.415542,9.652606964111328
2024-02-01 21:00:00,9.261,4.578618242323202,9.90863799156072,9.937393,9.166397094726562
2024-02-01 22:00:00,8.741816,0.45625989665212785,9.512365067411165,9.125023,6.883022308349609
2024-02-01 23:00:00,6.967870999999999,-9.227444230496005,8.871666150762513,8.615403,6.692481994628906
2024-02-02 00:00:00,4.741631999999999,-20.720668925879053,5.919850859262035,5.8850355,5.89813232421875
2024-02-02 01:00:00,2.8632879999999994,-34.87169645863808,3.5634238873201154,3.5271358,6.356838226318359
2024-02-02 02:00:00,1.953125,-41.569943389536185,2.0491551771351064,2.1874254,4.4615478515625
2024-02-02 03:00:00,1.906624,-38.63461294329915,1.3883882602668527,1.7513309,3.8282623291015625
2024-02-02 04:00:00,3.375,-27.639998673184785,2.422108480998389,2.11337,3.0184593200683594
2024-02-02 05:00:00,4.574296,-7.1547130632789475,5.678017947538063,5.1447053,3.7869186401367188
2024-02-02 06:00:00,5.359375,-5.958784811340536,5.937748885432788,5.939573,5.287712097167969
2024-02-02 07:00:00,8.615124999999997,-1.8756756287661673,6.443258389144083,7.2064342,5.784400939941406
2024-02-02 08:00:00,19.248832000000004,19.603194763092763,15.772448389291599,15.268549,8.681190490722656
2024-02-02 09:00:00,22.425767999999994,52.41582958614919,19.057707142487285,19.141096,7.23614501953125
2024-02-02 10:00:00,20.346417,48.99242335047492,20.64300581477621,22.025137,15.343711853027344
2024-02-02 11:00:00,21.253933,39.481738191649946,15.685205791435008,14.909465,7.847084045410156
2024-02-02 12:00:00,22.425767999999994,49.65844660975225,19.895176407025097,19.932623,10.81436538696289
2024-02-02 13:00:00,23.393656,59.728584969563116,21.25676452341565,21.62908,14.516971588134766
2024-02-02 14:00:00,24.389,61.21854058168293,22.6451325218446,22.25386,16.959213256835938
2024-02-02 15:00:00,26.463592,65.97520492551507,24.025855390523834,23.45717,20.423778533935547
2024-02-02 16:00:00,17.984728,75.56756174117118,27.421009541097156,25.975136,21.559640884399414
2024-02-02 17:00:00,5.929741000000001,54.46695743635236,12.929619934228123,10.623261,16.775514602661133
2024-02-02 18:00:00,6.229504,4.624794183132714,5.985394459016569,6.764394,11.64794921875
2024-02-02 19:00:00,6.028568000000001,0.8750919773255674,7.488538692244791,8.522804,13.590076446533203
2024-02-02 20:00:00,7.301384,-8.034353427026609,6.734728575319974,6.6367264,8.115669250488281
2024-02-02 21:00:00,10.360232000000002,-1.3031982210866175,8.454883142849901,8.517673,6.623149871826172
2024-02-02 22:00:00,13.651919,8.706974170250732,12.74756947787204,12.521999,8.844367980957031
2024-02-02 23:00:00,15.625,10.71380076143858,15.788158950798108,15.755522,8.834033966064453
2024-02-03 00:00:00,16.387064000000002,11.996897842229568,16.71031338072796,16.75112,12.23104476928711
2024-02-03 01:00:00,16.974592999999995,9.416370393687576,16.230876248848276,16.145378,13.859886169433594
2024-02-03 02:00:00,18.399744,11.363759858798076,17.841072227518833,17.972464,13.46234130859375
2024-02-03 03:00:00,19.683000000000003,19.184662240021304,19.57157703497313,19.322426,16.57322883605957
2024-02-03 04:00:00,19.683000000000003,24.891011923547573,19.524322337423893,19.544945,19.082294464111328
2024-02-03 05:00:00,19.902511,28.195117518775806,17.805315338182815,18.852257,22.65330696105957
2024-02-03 06:00:00,22.188041,35.11704803530819,19.310334833704403,19.783108,23.15053367614746
2024-02-03 07:00:00,57.960603000000006,45.33837390889852,31.56552261443703,36.327805,33.861183166503906
2024-02-03 08:00:00,39.651821000000005,125.11406794226536,51.6247177905842,57.17739,40.681392669677734
2024-02-03 09:00:00,27.270900999999995,55.69181465802872,43.98053961823042,26.535528,52.7242317199707
2024-02-03 10:00:00,21.024576,39.8520358122216,20.65935846453237,19.282446,27.91027069091797
2024-02-03 11:00:00,14.886936,39.004459700090216,16.141518200573287,13.737929,10.126644134521484
2024-02-03 12:00:00,12.008989,35.07202036470986,11.561527140109057,11.613731,8.769790649414062
2024-02-03 13:00:00,8.869742999999998,26.994372004602475,9.826514450508766,10.239587,6.024238586425781
2024-02-03 14:00:00,6.644671999999999,9.8306761957748,6.991624169963307,7.1713967,9.774147033691406
2024-02-03 15:00:00,5.088448,8.9434610907022,5.411244772895277,5.7363505,5.499843597412109
2024-02-03 16:00:00,2.197,8.478903556912769,3.9111804745136833,3.3378704,3.8675994873046875
2024-02-03 17:00:00,0.456533,-7.987039270310376,1.2927788722613314,0.9916733,2.914379119873047
2024-02-03 18:00:00,0.287496,-30.913475464510363,0.5115707302580453,1.4158765,3.035369873046875
2024-02-03 19:00:00,0.3890169999999999,-36.53206759845326,0.5601935557074664,1.5899885,4.951179504394531
2024-02-03 20:00:00,1.3310000000000004,-31.927565218269173,0.6475751099313908,0.7712278,3.736236572265625
2024-02-03 21:00:00,4.096000000000001,-16.401760706780905,2.55652858985952,2.6228857,3.0576438903808594
2024-02-03 22:00:00,6.331625000000001,5.528778370535015,6.475965513253012,7.2241445,4.973545074462891
2024-02-03 23:00:00,7.189056999999999,6.536107889280949,8.569187749467671,8.264616,7.884067535400391
2024-02-04 00:00:00,8.869742999999998,5.339859589666776,8.238188346851558,8.655647,9.711849212646484
2024-02-04 01:00:00,12.487167999999995,6.279865738093832,9.7817108616562,10.181322,8.760005950927734
2024-02-04 02:00:00,14.526784,14.834504239815194,15.160098668429903,14.876044,11.319263458251953
2024-02-04 03:00:00,14.348907000000002,8.152024204065231,16.74654511843997,16.202131,19.262922286987305
2024-02-04 04:00:00,16.194276999999996,3.6625002755228806,14.23130359025355,14.51403,17.997682571411133
2024-02-04 05:00:00,19.902511,14.267765509334538,16.73296863365725,17.562063,18.251840591430664
2024-02-04 06:00:00,22.188041,25.888020153304907,20.189799209203827,20.370121,20.621797561645508
2024-02-04 07:00:00,43.614208,28.455188843116265,25.72400864954201,32.140896,26.43818473815918
2024-02-04 08:00:00,28.094464,73.96038265461891,37.548691540850115,40.41188,31.31262969970703
2024-02-04 09:00:00,9.129328999999998,20.240251947872025,24.80233020827323,19.890337,26.108266830444336
2024-02-04 10:00:00,4.574296,-29.310336496595703,5.9385623839813,8.108826,14.893220901489258
2024-02-04 11:00:00,7.645372999999999,-31.929445811488137,3.0714986359588745,2.5562398,5.66656494140625
2024-02-04 12:00:00,15.813250999999996,16.378730168177643,9.838877275826135,9.121925,2.6445693969726562
2024-02-04 13:00:00,20.796875,46.66334973864592,22.536619131003228,19.297276,6.0351715087890625
2024-02-04 14:00:00,17.779580999999997,48.30387867204715,24.77142187693897,23.275064,28.865751266479492
2024-02-04 15:00:00,14.348907000000002,42.99769315284253,15.236546252956046,14.746196,20.37714385986328
2024-02-04 16:00:00,15.625,42.06290603649189,10.857489384208876,9.044854,10.631103515625
2024-02-04 17:00:00,9.800344,62.39775472097959,13.715923646524068,13.573429,6.451953887939453
2024-02-04 18:00:00,15.438249000000004,36.88812712661014,9.908799029044012,16.31074,11.781917572021484
2024-02-04 19:00:00,19.683000000000003,46.612239831913556,20.27112733586215,19.634167,23.902908325195312
2024-02-04 20:00:00,23.639903000000004,45.130127086778984,21.424028834108835,20.430332,23.16581153869629
2024-02-04 21:00:00,26.198073000000004,54.449730931971885,24.831457402502934,23.209528,21.3026065826416
2024-02-04 22:00:00,26.198073000000004,62.81638645339383,26.60617457284138,26.730661,24.98967933654785
2024-02-04 23:00:00,24.389,58.723427867147024,24.46031034898382,24.596537,23.525794982910156
2024-02-05 00:00:00,21.951999999999995,54.357957416011686,22.12792034357402,21.501837,22.913724899291992
2024-02-05 01:00:00,20.346417,51.82556278447585,19.896575184207755,19.752798,22.147628784179688
2024-02-05 02:00:00,20.570824000000005,45.33177802589687,17.39316335403798,18.080748,15.801916122436523
2024-02-05 03:00:00,21.253933,46.59086637921581,18.931209004873782,18.675083,14.382984161376953
2024-02-05 04:00:00,19.683000000000003,48.42728161728807,21.596512914645587,21.729515,17.34231185913086
2024-02-05 05:00:00,16.974592999999995,44.871669765120274,17.516118330890457,18.34194,19.5742244720459
2024-02-05 06:00:00,14.348907000000002,40.08254279967471,18.336323042991356,17.43291,19.207534790039062
2024-02-05 07:00:00,17.984728,33.474063143199636,18.581786292377345,19.46398,21.743223190307617
2024-02-05 08:00:00,6.331625000000001,40.15881442337185,24.15666894698115,24.072432,22.91253662109375
2024-02-05 09:00:00,2.6856189999999995,-23.93170384353563,3.7790300449648204,2.9415836,12.191230773925781
2024-02-05 10:00:00,3.241792,-28.77413040080065,2.503577519091737,3.1955688,4.675041198730469
2024-02-05 11:00:00,1.7279999999999998,-2.4767620316524273,4.51138510348202,4.659384,2.9020919799804688
2024-02-05 12:00:00,0.912673,-17.90688703706948,1.2585072130598918,2.005671,2.9972305297851562
2024-02-05 13:00:00,0.6141249999999999,-33.7744589384566,0.5994956258354956,1.1655837,1.1688270568847656
2024-02-05 14:00:00,0.3732479999999999,-43.01513117736095,0.5637320009231184,1.1075155,0.5508537292480469
2024-02-05 15:00:00,0.097336,-41.88753654983541,0.45624696259764314,0.9176196,-0.02796173095703125
2024-02-05 16:00:00,0.0138239999999999,-53.76448177084021,0.2467809226054715,0.42095482,-0.09222793579101562
2024-02-05 17:00:00,0.5927039999999999,-54.55591295140389,0.3436635130575356,-0.159894,-0.3409385681152344
2024-02-05 18:00:00,5.735339000000001,1.3549537838891759,2.8272289977630076,3.8119311,0.3882408142089844
2024-02-05 19:00:00,12.649337,34.0383383676837,12.06675775186753,14.028329,13.236331939697266
2024-02-05 20:00:00,19.683000000000003,51.5349307228425,17.310498174981152,17.410969,14.925891876220703
2024-02-05 21:00:00,22.188041,60.670312189722324,23.170048035360843,22.026148,19.801557540893555
2024-02-05 22:00:00,21.024576,59.37888387247446,23.338229612828442,21.31497,16.9785099029541
2024-02-05 23:00:00,18.399744,39.905771907053335,18.97655474021548,19.034554,14.977411270141602
2024-02-06 00:00:00,15.438249000000004,23.8620753762788,15.458765870042878,15.213295,13.698196411132812
2024-02-06 01:00:00,12.649337,7.853934734149853,12.142753280480916,12.086883,11.437030792236328
2024-02-06 02:00:00,10.360232000000002,-1.7966294531300377,10.662232663544078,10.383931,9.28570556640625
2024-02-06 03:00:00,10.648000000000003,-6.280849155087374,8.45965000924086,8.866729,9.76162338256836
2024-02-06 04:00:00,11.390625,6.238344790225796,10.809739078307864,9.905362,7.579509735107422
2024-02-06 05:00:00,11.543175999999995,11.820529035295046,11.769584479446165,11.666372,9.78985595703125
2024-02-06 06:00:00,11.697083,11.15353366215211,13.483433852874041,12.971706,12.805397033691406
2024-02-06 07:00:00,17.779580999999997,14.763208244058315,16.75801967421752,18.08253,15.67612075805664
2024-02-06 08:00:00,41.06362500000001,35.05664917198853,22.511155761029503,28.572361,23.515609741210938
2024-02-06 09:00:00,86.93830699999998,75.88808739556143,42.76165740202889,44.202827,23.221172332763672
2024-02-06 10:00:00,80.62156800000001,152.0577872498038,97.87987775105518,95.299706,38.06846618652344
2024-02-06 11:00:00,63.52119900000001,120.6095501301055,62.75086522819211,65.41007,57.219722747802734
2024-02-06 12:00:00,43.614208,107.82303544074296,46.971384458989895,47.144077,53.27674102783203
2024-02-06 13:00:00,28.372625,87.60170220971791,31.22075323667652,32.300194,51.173072814941406
2024-02-06 14:00:00,19.902511,70.5256491218147,20.550309086556254,20.81368,28.155990600585938
2024-02-06 15:00:00,13.144256,59.0425726412054,15.007785146175634,15.30651,23.679672241210938
2024-02-06 16:00:00,4.096000000000001,45.67980530899344,9.048793854489855,8.252009,15.102678298950195
2024-02-06 17:00:00,0.8043570000000001,11.191371077903963,2.019049463901224,1.9884466,7.784847259521484
2024-02-06 18:00:00,1.030301,-15.645036751709753,0.6353799768366054,4.927854,3.6049156188964844
2024-02-06 19:00:00,1.092727,-23.451882026187306,2.3677149217145246,4.304602,10.94677734375
2024-02-06 20:00:00,0.912673,-41.745468825641915,1.5141964053305932,1.4145427,8.312057495117188
2024-02-06 21:00:00,0.970299,-59.76274558389563,1.035338716081795,1.3118689,4.8828277587890625
2024-02-06 22:00:00,1.225043,-64.39748767234923,1.4644280245305203,1.7480289,2.923198699951172
2024-02-06 23:00:00,1.4815439999999995,-67.3034366421804,2.011730445480135,1.6504687,1.5724678039550781
2024-02-07 00:00:00,1.953125,-62.01514030434023,1.8586355990452252,1.9575408,1.5816421508789062
2024-02-07 01:00:00,3.176523,-54.074672249455766,3.3959242465089674,2.5546439,2.499847412109375
2024-02-07 02:00:00,5.6397520000000005,-36.533370948701524,4.9816895984209655,4.485188,4.252723693847656
2024-02-07 03:00:00,8.998912,-16.845495141016634,8.414141592859316,7.8880944,7.3150177001953125
2024-02-07 04:00:00,12.487167999999995,0.5171361059694419,12.164897959515447,12.447119,9.95330810546875
2024-02-07 05:00:00,14.886936,18.804120339267175,15.34020591082089,15.910148,12.622505187988281
2024-02-07 06:00:00,16.194276999999996,26.76151005822282,17.85932866200699,17.512136,13.282196044921875
2024-02-07 07:00:00,49.027896000000005,32.082420640872726,20.253094470263036,23.858082,19.219758987426758
2024-02-07 08:00:00,47.43792800000001,118.47385519710642,47.408860822210464,52.228237,28.537601470947266
2024-02-07 09:00:00,36.926037,78.6272326776388,44.15058762325562,42.015556,51.0760383605957
2024-02-07 10:00:00,10.941048000000002,75.150208104146,30.496680710348677,29.030228,36.151397705078125
2024-02-07 11:00:00,3.581577,-1.6754492759912054,7.995546395193134,4.4856663,14.837915420532227
2024-02-07 12:00:00,2.248091,-20.336186599278676,2.0737480942698,1.8813548,3.031707763671875
2024-02-07 13:00:00,2.299968,-15.623207054021172,1.896478328639239,1.3546219,0.3558502197265625
2024-02-07 14:00:00,1.815848,-7.337592048350814,2.5132933291737993,3.0329363,1.8629417419433594
2024-02-07 15:00:00,2.197,-17.412848068974434,1.7219551641114859,2.1600096,2.4344444274902344
2024-02-07 16:00:00,3.375,-11.759557355572028,2.4477440108281994,2.423782,1.0983695983886719
2024-02-07 17:00:00,1.0612080000000002,6.586964979213764,5.457039722952626,4.1265364,2.1948089599609375
2024-02-07 18:00:00,0.7535710000000001,-30.812962096610946,0.678978107059417,1.9244688,4.416942596435547
2024-02-07 19:00:00,1.092727,-41.868582804575006,1.1876172171993244,2.0570216,6.694965362548828
2024-02-07 20:00:00,1.685159,-32.90737485656982,1.8658731536525996,1.6283668,3.8719863891601562
2024-02-07 21:00:00,2.6856189999999995,-28.566481051100325,2.503725036516166,2.5155237,3.4434242248535156
2024-02-07 22:00:00,4.826809,-19.097643955886056,3.853705291419839,3.5182993,3.957550048828125
2024-02-07 23:00:00,8.120600999999997,-3.388767282626276,7.421823359075679,6.819382,4.918766021728516
2024-02-08 00:00:00,11.697083,14.954390682603343,10.9392851582537,10.226862,7.232269287109375
2024-02-08 01:00:00,14.886936,18.707712351423275,15.130839137821212,13.801422,11.717460632324219
2024-02-08 02:00:00,19.465109,23.90376293500266,17.556146408529877,16.462238,11.942241668701172
2024-02-08 03:00:00,22.906303999999995,37.11355834875719,21.195322156565783,20.393473,16.070709228515625
2024-02-08 04:00:00,23.149125,40.50090947545735,24.131841927871648,22.972475,18.992639541625977
2024-02-08 05:00:00,21.484952,32.86268688432919,22.12150286685809,23.487263,20.78662872314453
2024-02-08 06:00:00,19.683000000000003,24.56832054704627,21.15857600046055,21.435879,19.617244720458984
2024-02-08 07:00:00,52.31362400000001,15.534125733419902,17.43850522687579,26.803873,25.30443000793457
2024-02-08 08:00:00,52.31362400000001,82.2944534060905,44.73739306455046,43.28756,31.89434051513672
2024-02-08 09:00:00,73.56005900000002,50.84956276404071,42.631265783273136,36.2772,32.83692932128906
2024-02-08 10:00:00,36.594368,124.56854910042043,73.65429865850932,69.63991,24.156902313232422
2024-02-08 11:00:00,27.818127,69.48032514578131,26.751487854599844,24.007923,32.1002082824707
2024-02-08 12:00:00,31.255875,83.83750403638767,22.38380730017002,21.202564,12.799091339111328
2024-02-08 13:00:00,42.144192,99.67118453508462,31.599786447253127,31.86543,14.125959396362305
2024-02-08 14:00:00,52.734375,119.06970164005995,46.90290848211203,46.154278,40.471763610839844
2024-02-08 15:00:00,60.236288,131.80657240411543,54.21859637952703,55.797894,48.492977142333984
2024-02-08 16:00:00,47.045881,138.65636295739668,64.53965087024439,56.926235,37.56003189086914
2024-02-08 17:00:00,13.144256,118.49792874799996,33.80560830572912,27.205473,32.94108963012695
2024-02-08 18:00:00,17.173512000000002,36.53493798574484,12.147373625212255,14.601299,26.9469051361084
2024-02-08 19:00:00,22.425767999999994,67.67745284369306,21.192266477486683,22.937582,18.450214385986328
2024-02-08 20:00:00,25.67237500000001,62.01096285964903,25.952462312749184,25.525356,17.62841033935547
2024-02-08 21:00:00,24.389,63.2033633641759,26.803746596584084,25.010933,22.057092666625977
2024-02-08 22:00:00,21.253933,52.833533149412446,23.260615830154066,22.635263,24.706119537353516
2024-02-08 23:00:00,19.248832000000004,41.55390385165856,17.99497329940152,19.740128,16.957279205322266
2024-02-09 00:00:00,18.609625,39.74453603930745,17.00238908676539,18.09614,14.040964126586914
2024-02-09 01:00:00,19.902511,34.68497984516144,16.751783150261154,17.19668,14.61172866821289
2024-02-09 02:00:00,22.906303999999995,37.313962176847795,19.716566487230036,20.709463,14.658275604248047
2024-02-09 03:00:00,24.897088,47.24106459515127,24.34397469267019,24.194149,23.175172805786133
2024-02-09 04:00:00,25.412184,53.7240459789691,26.3770035546723,26.788652,28.58852195739746
2024-02-09 05:00:00,25.153757,55.58684843969553,26.014127945820746,26.290905,31.51337432861328
2024-02-09 06:00:00,25.67237500000001,59.707372090351896,28.045660898321668,23.624544,31.36248779296875
2024-02-09 07:00:00,73.56005900000002,62.46393994790037,34.481388028284535,41.11075,40.03628158569336
2024-02-09 08:00:00,59.319,149.35878836604283,68.58004776782279,63.966812,43.19514465332031
2024-02-09 09:00:00,84.60451899999998,81.77813608006754,47.20668851867023,42.182022,52.46897888183594
2024-02-09 10:00:00,41.421736,145.47935270069704,79.36543352410972,83.62297,56.55601501464844
2024-02-09 11:00:00,17.373979,74.33807861072364,33.63756117989037,28.999186,55.285587310791016
2024-02-09 12:00:00,7.189056999999999,39.44957974637403,10.149426902026791,11.307997,27.277666091918945
2024-02-09 13:00:00,4.912999999999999,9.821590201678958,4.2363222562471,4.779719,9.523735046386719
2024-02-09 14:00:00,5.5452330000000005,25.914374325720257,3.5222334327996543,3.3286195,4.234474182128906
2024-02-09 15:00:00,6.644671999999999,40.982018588992794,6.22754850461918,5.077151,6.168815612792969
2024-02-09 16:00:00,6.229504,38.22424961911111,8.258848922688435,6.8776793,6.567173004150391
2024-02-09 17:00:00,1.953125,40.4414364733393,5.133809476767412,4.4350595,5.889484405517578
2024-02-09 18:00:00,4.096000000000001,7.766820824177223,1.2951113632280389,3.846089,7.146156311035156
2024-02-09 19:00:00,8.0,26.42031110093327,8.210503587961362,8.022086,8.920475006103516
2024-02-09 20:00:00,10.360232000000002,50.17827020688476,11.128767238275493,10.977874,10.280651092529297
2024-02-09 21:00:00,9.663596999999998,38.44015247692345,12.16186262948917,12.409305,12.780750274658203
2024-02-09 22:00:00,7.529535999999999,21.879906994837693,8.552617231217168,9.108434,13.119518280029297
2024-02-09 23:00:00,5.735339000000001,2.0926530505545387,5.237703778369499,6.712122,9.700485229492188
2024-02-10 00:00:00,5.359375,-3.6487089989982096,4.970829445363584,5.2263746,6.4137725830078125
2024-02-10 01:00:00,6.644671999999999,-2.7966624600798298,4.982251082098778,5.3070807,5.299686431884766
2024-02-10 02:00:00,8.615124999999997,4.741495924788275,8.306294394963329,8.6735115,5.445579528808594
2024-02-10 03:00:00,9.938375,8.633703671786886,11.057069791931816,11.179757,9.072620391845703
2024-02-10 04:00:00,10.503459,6.856209470722483,10.952279102935107,11.974288,10.650108337402344
2024-02-10 05:00:00,10.793861,8.932168130491942,10.255018833829602,11.196083,12.194587707519531
2024-02-10 06:00:00,11.089567,13.247037285490713,11.745829736669348,11.353763,13.933364868164062
2024-02-10 07:00:00,16.581374999999998,12.952430982356969,12.05048590123907,12.726525,18.547149658203125
2024-02-10 08:00:00,10.648000000000003,17.057267488771153,21.241234786070827,22.899263,20.75705337524414
2024-02-10 09:00:00,5.451776,-24.52637947977675,10.592748991521852,3.431009,9.316410064697266
2024-02-10 10:00:00,2.744,-35.70034608276753,3.731457929399356,3.9393315,5.399017333984375
2024-02-10 11:00:00,1.3676310000000005,-35.893222463393094,2.2125186431452892,1.8732276,3.947589874267578
2024-02-10 12:00:00,0.941192,-37.09816272203498,0.9326693685664119,1.2006788,2.0651588439941406
2024-02-10 13:00:00,2.0483830000000003,-37.69066957842242,0.7960131013389073,1.1843109,1.2872238159179688
2024-02-10 14:00:00,5.000210999999999,-6.433517615814139,3.9734156153738316,3.2361097,1.6940727233886719
2024-02-10 15:00:00,10.077696,19.534554394768573,8.416954453766031,7.669329,3.4629783630371094
2024-02-10 16:00:00,11.852351999999996,44.79883927293439,15.106592955061824,11.700963,5.58624267578125
2024-02-10 17:00:00,3.307949,56.67195896917174,14.173142796531005,11.168769,7.874698638916016
2024-02-10 18:00:00,2.1466890000000003,9.60600109707104,3.2908056776124512,6.4219427,9.715518951416016
2024-02-10 19:00:00,1.6430319999999998,-10.070961767277318,1.5172444223024477,2.4089198,10.102714538574219
2024-02-10 20:00:00,1.771561,-2.1467488082179216,2.7706176956640203,1.5572345,6.1941375732421875
2024-02-10 21:00:00,2.1466890000000003,14.375267180769837,2.2002095703062774,2.2529137,3.2469558715820312
2024-02-10 22:00:00,2.6856189999999995,16.075351127515038,2.5637881328434067,2.659371,3.064289093017578
2024-02-10 23:00:00,2.197,1.6283227194671461,3.208137626325489,3.273037,4.398891448974609
2024-02-11 00:00:00,1.5608959999999996,-16.38764870105932,2.0609972402375045,2.178045,5.388271331787109
2024-02-11 01:00:00,1.157625,-30.874991867531044,1.3663843933987323,1.5059321,4.418037414550781
2024-02-11 02:00:00,1.157625,-32.901711691206245,1.1426033601109205,1.4057857,2.9601516723632812
2024-02-11 03:00:00,1.771561,-30.450306116094865,1.489110671120406,1.4898351,2.3773841857910156
2024-02-11 04:00:00,2.4603750000000004,-24.370017740702117,2.5944439876468106,2.4115791,2.5070762634277344
2024-02-11 05:00:00,2.5713530000000007,-21.178156983865456,3.49206756971478,3.4720995,3.488964080810547
2024-02-11 06:00:00,2.248091,-23.772072504682775,2.834648292446655,2.563646,4.215335845947266
2024-02-11 07:00:00,2.5154560000000004,-30.969540786486398,2.659145573008631,1.6129466,5.4596099853515625
2024-02-11 08:00:00,2.803221,-26.712227775620114,3.3910600190373335,3.5259826,5.737232208251953
2024-02-11 09:00:00,3.375,-34.14228112580428,3.341273970214865,1.0022801,4.322200775146484
2024-02-11 10:00:00,6.229504,-31.674481536640755,4.665496813352801,4.959036,2.4909019470214844
2024-02-11 11:00:00,6.028568000000001,12.366998548591113,9.071085903722183,8.04398,3.3262176513671875
2024-02-11 12:00:00,3.869893,11.743953879460868,5.4954165462161395,6.087326,3.4901199340820312
2024-02-11 13:00:00,1.6430319999999998,-16.177613649604545,2.8357269960679146,2.841513,5.166038513183594
2024-02-11 14:00:00,0.7535710000000001,-34.53554006410844,1.185335085359783,1.4606172,2.4992446899414062
2024-02-11 15:00:00,1.0,-36.243937160056255,0.6341419801328653,0.8555019,0.8899612426757812
2024-02-11 16:00:00,2.197,-24.429117899099396,1.6551995429805861,0.5652639,-0.08434677124023438
2024-02-11 17:00:00,3.869893,0.1751673367493609,4.840699603665945,2.6988485,1.1303672790527344
2024-02-11 18:00:00,16.003008,22.839828568267052,6.5904127983318155,8.891795,5.764373779296875
2024-02-11 19:00:00,25.153757,71.58092083233186,27.970055135983166,24.618256,19.121540069580078
2024-02-11 20:00:00,26.463592,74.94368999156562,30.858181163408357,28.16141,27.977285385131836
2024-02-11 21:00:00,19.902511,59.033727835792135,25.77955934295434,25.155764,28.08511734008789
2024-02-11 22:00:00,12.008989,38.181967365254145,14.714995268459909,14.922108,24.028989791870117
2024-02-11 23:00:00,5.268024,3.882095480380091,7.970757893175513,8.328855,13.88165283203125
2024-02-12 00:00:00,0.941192,-28.58413364773844,2.953258518874831,3.3666317,7.306304931640625
2024-02-12 01:00:00,0.0017279999999999,-57.92882973652461,0.5685527222757542,0.54938734,2.88140869140625
2024-02-12 02:00:00,0.3732479999999999,-83.23330984438013,0.4027027090097212,0.5326164,0.6785812377929688
2024-02-12 03:00:00,1.225043,-2.3374833514434954,2.4969790880541454,0.7162652,-0.21817779541015625
2024-02-12 04:00:00,1.4049280000000004,-11.021252563671936,2.5391979694740368,2.0967748,3.1249351501464844
2024-02-12 05:00:00,1.6430319999999998,-22.40991035777651,1.7278931688786279,1.6849817,4.495018005371094
2024-02-12 06:00:00,2.097152,-11.759435970919618,2.231461940137359,2.018366,4.049564361572266
2024-02-12 07:00:00,3.375,-2.9821968933122776,3.5425932759524006,2.686957,2.942913055419922
2024-02-12 08:00:00,4.019679000000001,2.746487488895365,5.216092760941043,5.5862613,4.1436614990234375
2024-02-12 09:00:00,6.4e-05,-5.930870259119146,4.401638703425048,3.2013457,3.781208038330078
2024-02-12 10:00:00,0.250047,-135.91817073072056,1.0479530140938345,1.0273949,3.6862945556640625
2024-02-12 11:00:00,0.658503,-31.286048787634712,2.2902657268622892,0.52565193,2.6671829223632812
2024-02-12 12:00:00,1.5608959999999996,-29.986598226074868,1.515519457787776,1.5265359,1.3181648254394531
2024-02-12 13:00:00,3.0486249999999995,-11.079527891591404,3.0035675626160367,2.5701945,0.7786026000976562
2024-02-12 14:00:00,3.176523,-2.790736041255812,4.744306172787813,4.5265713,5.313922882080078
2024-02-12 15:00:00,1.685159,-1.4639655311486024,4.0112797902162685,3.9193456,2.7666778564453125
2024-02-12 16:00:00,0.8573749999999999,-18.749024350677047,1.179906037294469,1.2952985,2.481212615966797
2024-02-12 17:00:00,0.456533,-27.558628817069703,0.6029159216480559,0.067099035,1.1904296875
2024-02-12 18:00:00,1.5208749999999998,-34.160597892169385,0.6157870200195403,4.3650074,2.5205955505371094
2024-02-12 19:00:00,4.019679000000001,-32.937899547101985,3.9331021440593337,5.7332425,8.749053955078125
2024-02-12 20:00:00,8.869742999999998,-12.771680003742325,6.103521531569032,6.150322,7.238834381103516
2024-02-12 21:00:00,10.503459,13.416360046227545,13.053778806657942,11.598334,7.425373077392578
2024-02-12 22:00:00,9.261,13.604315519742372,12.689963501838344,11.606418,11.034172058105469
2024-02-12 23:00:00,8.0,-4.1176465747333,8.347394855224103,8.182058,8.63399887084961
2024-02-13 00:00:00,5.929741000000001,-9.54135501441526,7.012090411961993,6.8591385,7.25701904296875
2024-02-13 01:00:00,2.6280719999999995,-23.97333831808048,4.721614337917763,4.915241,6.015098571777344
2024-02-13 02:00:00,0.912673,-46.76785160125238,1.7889473765401396,1.7304891,4.72650146484375
2024-02-13 03:00:00,0.5513679999999999,-56.87195425973747,0.578030571553982,0.88567454,2.800037384033203
2024-02-13 04:00:00,0.5120000000000001,-47.529264955989426,0.5044303494641096,0.7578332,1.5723037719726562
2024-02-13 05:00:00,0.3890169999999999,-42.777999626205094,0.8699796335989993,0.86030406,1.6423873901367188
2024-02-13 06:00:00,0.2159999999999999,-49.46728729928524,0.5845957315632493,0.38331106,1.2974624633789062
2024-02-13 07:00:00,0.1951119999999999,-57.532550205198056,0.46758595293588334,0.9780552,0.9374656677246094
2024-02-13 08:00:00,0.000125,-60.11397978799108,0.6426929783169147,1.2610859,0.8138160705566406
2024-02-13 09:00:00,5.6397520000000005,-112.18534625125008,1.2608559874545497,-0.86760193,0.11800003051757812
2024-02-13 10:00:00,11.852351999999996,36.463546278345405,25.185336726009954,17.662779,-0.392608642578125
2024-02-13 11:00:00,18.609625,44.4720339562558,14.961450732694113,15.656806,8.137950897216797
2024-02-13 12:00:00,15.625,78.23883905567399,22.22816164406686,19.865425,8.34219741821289
2024-02-13 13:00:00,13.312053000000002,45.36382452011724,12.315997246271165,12.7939,25.090885162353516
2024-02-13 14:00:00,12.812903999999998,44.7985653285975,11.288699194756987,10.86958,7.792476654052734
2024-02-13 15:00:00,13.823999999999998,46.51967831291634,11.639939965920602,11.752757,10.613601684570312
2024-02-13 16:00:00,15.252992,45.641473553429066,13.679354957159065,12.884941,10.010082244873047
2024-02-13 17:00:00,10.648000000000003,59.841372126223035,14.690992538262224,13.584596,8.495391845703125
2024-02-13 18:00:00,26.463592,42.942170310575,12.239305443292597,15.582189,13.83928108215332
2024-02-13 19:00:00,38.614472,85.6205187050191,37.62109348916258,38.324566,30.38385009765625
2024-02-13 20:00:00,37.93305599999999,76.31743002798657,42.83656867351804,39.641167,34.495330810546875
2024-02-13 21:00:00,27.0,57.88694701306879,34.28948108192912,32.330196,29.81897735595703
2024-02-13 22:00:00,17.984728,32.731410582378416,20.263834873354348,19.965046,20.234956741333008
2024-02-13 23:00:00,12.326391,7.865713700704227,13.055151918403123,13.196074,13.123950958251953
2024-02-14 00:00:00,8.615124999999997,-6.800993749775543,8.581247878715113,8.564441,7.1611480712890625
2024-02-14 01:00:00,4.173281000000001,-17.801395835731995,6.570506219065013,6.783806,6.746761322021484
2024-02-14 02:00:00,2.6856189999999995,-39.48485906532067,2.2547281973931663,2.7528968,5.307460784912109
2024-02-14 03:00:00,1.4428969999999997,-32.04760873854155,2.0389387586086167,2.3298457,3.6950721740722656
2024-02-14 04:00:00,0.3579109999999999,-34.79757620159962,1.0073712815506985,1.5118028,3.1928329467773438
2024-02-14 05:00:00,0.010648,-47.73502360548553,0.39085313502204855,0.67480546,1.76104736328125
2024-02-14 06:00:00,0.001331,-60.26778196697061,0.37602634936529983,0.23755556,-0.2418365478515625
2024-02-14 07:00:00,0.039304,-50.658474396931645,0.4354318819900259,1.0279384,-1.1372146606445312
2024-02-14 08:00:00,0.3732479999999999,-43.902897463141706,1.821195944427036,1.5450087,0.12820053100585938
2024-02-14 09:00:00,15.069223000000004,-45.33761341480879,1.9932507365527465,-1.1500756,0.5568695068359375
2024-02-14 10:00:00,24.389,79.38445601993662,25.66913427615829,24.276394,2.170166015625
2024-02-14 11:00:00,25.67237500000001,76.6551076922163,29.370494305074125,25.687143,23.850292205810547
2024-02-14 12:00:00,23.887872,74.97569770668548,24.083617198351316,24.80953,26.768091201782227
2024-02-14 13:00:00,20.346417,70.90103804586822,21.888847748526864,21.818678,19.111448287963867
2024-02-14 14:00:00,14.172488,71.20760001045873,16.173264494965796,16.926762,19.61571502685547
2024-02-14 15:00:00,8.869742999999998,43.60540806909633,10.436449611781011,10.498851,17.582538604736328
2024-02-14 16:00:00,5.5452330000000005,28.236245585808085,5.700014251931172,6.399173,7.964992523193359
2024-02-14 17:00:00,3.869893,23.465024077250597,4.243842634370178,3.5450635,4.815860748291016
2024-02-14 18:00:00,13.823999999999998,18.90434475929549,3.8877313029677523,6.8398995,4.955112457275391
2024-02-14 19:00:00,29.503629,55.08301269454765,22.574614558641848,22.679377,18.65602684020996
2024-02-14 20:00:00,28.934442999999995,67.75144827389312,38.2935365301877,34.353878,24.938316345214844
2024-02-14 21:00:00,18.399744,34.92343256523103,27.314756307980893,24.773666,33.901512145996094
2024-02-14 22:00:00,11.852351999999996,6.746579674758106,12.996227134845796,12.807239,17.466869354248047
2024-02-14 23:00:00,7.880599,-12.693258577889914,8.009240243115181,8.578225,8.690196990966797
2024-02-15 00:00:00,3.796416,-22.294420866280753,5.217214117366891,5.5654883,5.535099029541016
2024-02-15 01:00:00,1.191016,-45.96767376198965,2.2125424439267367,2.5691388,5.106746673583984
2024-02-15 02:00:00,0.3285089999999999,-61.713332805515186,0.6984886436669704,0.89539903,2.4600830078125
2024-02-15 03:00:00,0.314432,-59.36955135647609,0.376289939713502,0.6024964,1.6874847412109375
2024-02-15 04:00:00,0.636056,-40.53530152038518,0.7099108023573326,0.67119277,1.0269889831542969
2024-02-15 05:00:00,1.092727,-24.896922610886378,1.4508740190092682,1.2086844,1.5837860107421875
2024-02-15 06:00:00,1.815848,-17.810496992583403,1.9626828638487894,1.5792828,2.5007896423339844
2024-02-15 07:00:00,3.723875000000001,-9.0806674313583,2.9375722507941195,3.4045713,3.243206024169922
2024-02-15 08:00:00,4.574296,3.0261421366117993,5.522076090551689,5.9667125,6.6848907470703125
2024-02-15 09:00:00,5.268024,-7.343482000821616,4.614237608556616,4.6063128,4.830558776855469
2024-02-15 10:00:00,2.924207,-5.986531394330434,6.480715499313664,5.8720512,4.536102294921875
2024-02-15 11:00:00,1.953125,-29.995731618716782,2.5627378072790066,2.4468763,2.979095458984375
2024-02-15 12:00:00,1.7279999999999998,-33.0922570014955,1.3537320944652265,1.9667708,1.5786552429199219
2024-02-15 13:00:00,1.092727,-33.307546587900816,2.0594775921819846,2.1694238,0.4321746826171875
2024-02-15 14:00:00,0.3732479999999999,-40.79608277038867,0.8744927690751984,1.3514456,0.6916618347167969
2024-02-15 15:00:00,0.157464,-52.40785683767067,0.3826081183930727,0.83154076,-0.0623779296875
2024-02-15 16:00:00,0.2383279999999999,-57.554497531791746,0.2614025164778723,0.503452,-1.0862464904785156
2024-02-15 17:00:00,0.8847359999999999,-38.803682133639576,0.8092816585688043,0.3203985,-0.8652305603027344
2024-02-15 18:00:00,6.539203000000001,-11.782271403614708,4.391024522386989,3.0353763,1.1587028503417969
2024-02-15 19:00:00,12.008989,26.39020407570506,13.87785714639815,15.209135,12.985786437988281
2024-02-15 20:00:00,12.487167999999995,26.46123531478087,16.207689283554235,15.533359,17.120769500732422
2024-02-15 21:00:00,8.0,3.4827408897853545,12.51567898214696,12.667101,17.999950408935547
2024-02-15 22:00:00,4.173281000000001,-19.77379646671146,5.320694769161033,5.5927663,10.146308898925781
2024-02-15 23:00:00,1.191016,-47.16222648779054,2.3823133525381066,2.987735,5.625934600830078
2024-02-16 00:00:00,0.064,-79.03997927643431,0.7027046347656944,0.8649793,3.076507568359375
2024-02-16 01:00:00,0.474552,-103.89236720069997,0.30146663059906703,0.45215198,1.2560348510742188
2024-02-16 02:00:00,3.375,-41.25687028282183,2.2488922697882727,0.7561311,-0.12322998046875
2024-02-16 03:00:00,7.414874999999999,-0.032989886734981155,7.328791127524993,8.621392,3.0901451110839844
2024-02-16 04:00:00,10.077696,6.6077572549794965,10.480487788264803,10.106353,9.057125091552734
2024-02-16 05:00:00,12.008989,8.437758744275971,11.752994778840568,11.379907,15.427553176879883
2024-02-16 06:00:00,12.649337,18.006190163079953,16.03015184445244,13.328126,10.9705810546875
2024-02-16 07:00:00,28.652616,18.389925415746674,14.398435751328137,17.698092,16.81149673461914
2024-02-16 08:00:00,21.717639,63.74305824615869,29.211959389869726,30.958708,24.21990203857422
2024-02-16 09:00:00,17.373979,13.304289084924722,18.27721203186353,13.699045,20.956560134887695
2024-02-16 10:00:00,8.489664000000001,17.94186031577256,14.641852662294841,13.306618,11.480731964111328
2024-02-16 11:00:00,3.112136,-9.47721222411753,5.448453616336561,5.396993,5.992702484130859
2024-02-16 12:00:00,2.3526370000000005,-31.20683596719983,1.682802498703081,2.3144162,3.3994522094726562
2024-02-16 13:00:00,3.442951,-19.44031087275605,2.260126592111996,2.2904303,0.4589729309082031
2024-02-16 14:00:00,5.6397520000000005,-0.4048331143694064,5.2488585084632895,4.9004426,2.4351882934570312
2024-02-16 15:00:00,8.120600999999997,16.153948094840413,8.145514559885033,7.362073,4.677227020263672
2024-02-16 16:00:00,9.800344,28.950024921638327,10.528872665803897,9.801261,7.968231201171875
2024-02-16 17:00:00,2.5713530000000007,48.17693319361359,10.073388705278326,10.315665,8.18985366821289
2024-02-16 18:00:00,2.0483830000000003,-10.077790845571243,1.3814816262465013,3.5803194,9.61798095703125
2024-02-16 19:00:00,3.0486249999999995,-18.80208160923484,1.9740339986130417,2.5091445,11.058063507080078
2024-02-16 20:00:00,5.735339000000001,-3.182379321138704,4.688163003668361,4.153353,6.895111083984375
2024-02-16 21:00:00,9.129328999999998,18.596881410319178,8.477711755953187,8.058921,5.5625762939453125
2024-02-16 22:00:00,11.852351999999996,30.351833760266036,12.469659504739646,11.563364,8.625873565673828
2024-02-16 23:00:00,12.487167999999995,33.94712880970013,14.141199356323298,13.68569,10.825664520263672
2024-02-17 00:00:00,10.941048000000002,27.274176781733185,12.837849171477284,13.005768,12.978874206542969
2024-02-17 01:00:00,9.663596999999998,9.3023274587471,9.790466416095732,9.80241,12.31058120727539
2024-02-17 02:00:00,10.218312999999998,-2.3155738570243543,8.330647926422706,8.00341,9.266448974609375
2024-02-17 03:00:00,11.089567,-2.1242693355555247,10.459567072625497,9.23574,8.994007110595703
2024-02-17 04:00:00,12.649337,-2.969085425812551,11.393185910376491,11.63278,10.14944076538086
2024-02-17 05:00:00,15.069223000000004,1.2714444052453722,13.518551135421655,13.664747,10.770606994628906
2024-02-17 06:00:00,14.526784,10.218346472197116,16.995009661480147,16.268295,13.021499633789062
2024-02-17 07:00:00,27.0,5.041975864470192,16.664358081607542,20.079857,22.098604202270508
2024-02-17 08:00:00,14.886936,45.06884293459602,28.40918024840529,31.681509,26.389366149902344
2024-02-17 09:00:00,7.189056999999999,-10.534504912227334,13.789201373418205,8.98923,17.191286087036133
2024-02-17 10:00:00,11.543175999999995,-20.221817875281822,4.832407870148433,6.0295644,6.794933319091797
2024-02-17 11:00:00,16.974592999999995,21.89479924946705,14.506067600147814,13.406106,3.4497756958007812
2024-02-17 12:00:00,23.149125,43.48270906785245,21.623499246621904,19.897795,6.232734680175781
2024-02-17 13:00:00,28.094464,61.34236193699513,26.209893439807587,26.1373,13.502403259277344
2024-02-17 14:00:00,31.255875,65.07336915320968,30.828497548573583,31.321524,26.30398178100586
2024-02-17 15:00:00,49.430863,79.84597689840126,30.445316411660166,31.6631,27.717376708984375
2024-02-17 16:00:00,78.402752,129.65828699577236,54.64228491742279,54.494606,23.329143524169922
2024-02-17 17:00:00,27.270900999999995,172.33797470483262,90.08132477111887,81.300026,41.7095832824707
2024-02-17 18:00:00,28.934442999999995,65.53709361412238,23.120415023479367,24.106867,52.603431701660156
2024-02-17 19:00:00,34.012224,100.83623794459612,34.785018578299976,35.39953,37.508480072021484
2024-02-17 20:00:00,35.28755199999999,76.15951333248887,35.06000230365145,32.366474,30.59248924255371
2024-02-17 21:00:00,29.791000000000004,75.15522229033817,35.21423639645079,32.068546,23.57982635498047
2024-02-17 22:00:00,23.393656,67.18179473274456,24.56704027058074,24.492243,28.11332130432129
2024-02-17 23:00:00,17.373979,41.598957599155256,17.549195108181507,18.457336,17.931121826171875
2024-02-18 00:00:00,11.697083,28.764207972179594,13.336869974907085,14.1248665,12.504364013671875
2024-02-18 01:00:00,8.242408,11.618649742143369,8.283668644700835,8.800201,9.555450439453125
2024-02-18 02:00:00,6.858999999999999,6.177140291978649,6.010880567260577,6.8331933,5.920845031738281
2024-02-18 03:00:00,5.832000000000001,7.023082992563349,6.412109389661267,6.475866,6.193267822265625
2024-02-18 04:00:00,5.5452330000000005,2.2975852870718256,5.199050164114601,5.3659844,6.280178070068359
2024-02-18 05:00:00,5.735339000000001,1.0798619645783418,5.232019784667566,5.2590356,6.041805267333984
2024-02-18 06:00:00,5.832000000000001,4.074297198130946,6.913348994085234,6.3888154,6.209308624267578
2024-02-18 07:00:00,7.762391999999999,2.089843398950279,7.278816199016356,8.491539,8.171123504638672
2024-02-18 08:00:00,2.8632879999999994,8.93288609808523,10.479155634227011,13.191614,16.610185623168945
2024-02-18 09:00:00,3.869893,-39.35526113178427,1.8666779729594987,1.3233448,9.898200988769531
2024-02-18 10:00:00,5.000210999999999,3.482490809450237,5.256609859443747,6.5383687,4.854164123535156
2024-02-18 11:00:00,5.268024,2.82717104479703,6.049647739329536,6.355239,3.516345977783203
2024-02-18 12:00:00,6.967870999999999,3.5789459906853303,5.84248040663976,5.9220295,4.013236999511719
2024-02-18 13:00:00,8.998912,7.9664656995016365,8.65109265498775,8.427954,4.079765319824219
2024-02-18 14:00:00,8.741816,22.242446602171228,10.365972545425057,10.312693,7.202205657958984
2024-02-18 15:00:00,7.529535999999999,21.02931410742835,8.669221102343807,9.12242,9.23272705078125
2024-02-18 16:00:00,7.529535999999999,14.320876358587006,5.492840558740905,6.103485,6.310920715332031
2024-02-18 17:00:00,2.0483830000000003,22.44472712833469,6.352669583882706,5.4563665,4.267208099365234
2024-02-18 18:00:00,1.771561,-18.017809530283216,1.14030658862852,2.043228,7.537471771240234
2024-02-18 19:00:00,3.176523,-18.14229570060761,1.9109456411182721,2.548515,8.351921081542969
2024-02-18 20:00:00,7.189056999999999,1.715381378479094,5.022936806775516,4.4452653,6.684719085693359
2024-02-18 21:00:00,12.649337,26.270344491819724,10.61598667364632,9.881279,5.914329528808594
2024-02-18 22:00:00,16.194276999999996,44.47700017954975,16.000780523506375,15.616628,11.57183837890625
2024-02-18 23:00:00,16.194276999999996,42.13652551840007,18.167562421467125,17.363789,15.84461784362793
2024-02-19 00:00:00,12.812903999999998,33.116849000560485,15.642547845906654,15.341866,16.86581039428711
2024-02-19 01:00:00,8.869742999999998,21.96392885571698,10.37569740489904,10.562495,14.065649032592773
2024-02-19 02:00:00,6.331625000000001,3.8480890550992584,6.357670965056278,6.875588,8.602046966552734
2024-02-19 03:00:00,5.000210999999999,-4.185646497911854,4.88668161297656,5.215251,5.167594909667969
2024-02-19 04:00:00,4.492124999999999,-7.524325721212257,3.9256024130093965,4.1844616,4.166248321533203
2024-02-19 05:00:00,4.657462999999999,-6.408155134125899,4.35664407737538,4.474679,3.6691131591796875
2024-02-19 06:00:00,4.173281000000001,-5.376728881637085,5.263481127069725,4.7465234,3.8662338256835938
2024-02-19 07:00:00,2.744,-16.058987804872928,4.974909406749257,5.8697453,4.645870208740234
2024-02-19 08:00:00,0.0269999999999999,-36.2702586342404,2.8231819883203184,2.954088,6.053955078125
2024-02-19 09:00:00,5.832000000000001,-101.00596485757347,2.2670725397914224,-0.2673339,1.9193115234375
2024-02-19 10:00:00,7.880599,57.447331432071415,22.77459933837342,17.68103,0.7873954772949219
2024-02-19 11:00:00,5.5452330000000005,13.42794289219276,10.297106355647633,9.314144,8.617530822753906
2024-02-19 12:00:00,4.330746999999999,0.5966788620240671,4.504017011266302,4.672347,6.322742462158203
2024-02-19 13:00:00,5.359375,-7.539078701597582,3.621605997477884,3.6967347,2.575603485107422
2024-02-19 14:00:00,7.077887999999999,13.765975183360805,6.446356244027028,5.9309955,1.8179740905761719
2024-02-19 15:00:00,10.218312999999998,19.67621026957964,8.67232367697354,8.659939,6.255523681640625
2024-02-19 16:00:00,10.793861,36.74840524739204,11.820436909184794,10.733031,5.915348052978516
2024-02-19 17:00:00,1.953125,45.440805190425465,11.60896681634934,9.417882,8.976200103759766
2024-02-19 18:00:00,1.0,-18.605548488277485,1.1345798575692934,2.2803822,12.381301879882812
2024-02-19 19:00:00,1.124864,-21.7303307828979,0.7013681360594815,1.8656749,8.032291412353516
2024-02-19 20:00:00,2.248091,-6.734513817123293,1.7803351524192428,1.476527,4.923679351806641
2024-02-19 21:00:00,3.796416,4.524657444655091,4.138240858730598,3.408302,3.6427383422851562
2024-02-19 22:00:00,5.832000000000001,7.678099714396701,5.635108014349584,5.45734,5.460483551025391
2024-02-19 23:00:00,8.0,8.514544069272873,7.76411462025542,7.185164,6.281044006347656
2024-02-20 00:00:00,9.261,11.740237577714542,9.871394003867511,9.462767,6.9777679443359375
2024-02-20 01:00:00,9.938375,7.592575918856948,10.344073499437291,9.951932,8.16982650756836
2024-02-20 02:00:00,9.800344,7.808003579379907,10.429976026501832,10.6103735,7.547626495361328
2024-02-20 03:00:00,9.528128,4.938814531351781,9.406944861651874,9.0761385,8.689010620117188
2024-02-20 04:00:00,9.129328999999998,4.157464147448401,9.341274826154873,8.585227,7.462368011474609
2024-02-20 05:00:00,8.998912,3.3541440932393733,9.131498842220266,8.300272,7.848049163818359
2024-02-20 06:00:00,8.998912,5.535942200445046,9.791182577327671,9.004287,7.079074859619141
2024-02-20 07:00:00,12.812903999999998,6.835931761995283,9.639966070243846,10.407758,8.363784790039062
2024-02-20 08:00:00,17.779580999999997,18.6443282192172,20.85298497230939,19.533379,14.603986740112305
2024-02-20 09:00:00,25.934336,36.38233275659711,17.78842305900122,17.320929,7.508598327636719
2024-02-20 10:00:00,32.461759,67.56859749008296,28.063571878932933,26.161713,13.63736343383789
2024-02-20 11:00:00,37.595375,72.15880031248741,33.619440552483184,30.266525,9.366146087646484
2024-02-20 12:00:00,47.83214699999999,87.19571225215417,36.59108216610531,35.23257,17.716285705566406
2024-02-20 13:00:00,57.51245599999999,104.3855665809692,49.81263842850913,52.81586,28.721330642700195
2024-02-20 14:00:00,61.162984,116.82722294915433,65.57025404958294,61.69246,55.87036895751953
2024-02-20 15:00:00,68.41792899999999,123.46766096630463,64.1692007491102,61.641293,55.05982208251953
2024-02-20 16:00:00,64.96480799999998,138.01103688153594,74.01221548827183,64.62828,41.05006408691406
2024-02-20 17:00:00,16.974592999999995,137.15016199435883,42.29431883049487,41.83508,29.501266479492188
2024-02-20 18:00:00,16.974592999999995,45.9809020624896,9.761082702793296,19.242823,29.018545150756836
2024-02-20 19:00:00,15.625,73.58787908963603,22.835963830397773,25.73896,18.246835708618164
2024-02-20 20:00:00,15.625,42.51273815331508,16.881817077932684,14.373461,17.67598533630371
2024-02-20 21:00:00,14.706125000000004,47.0602652082647,15.389561917291731,14.510864,12.356266021728516
2024-02-20 22:00:00,12.008989,42.33772862318136,14.008880615118136,13.791895,13.345623016357422
2024-02-20 23:00:00,8.998912,16.405335070370352,9.583459882765219,10.420514,10.079570770263672
2024-02-21 00:00:00,7.301384,11.556134205309988,7.239623584979564,7.332398,6.698436737060547
2024-02-21 01:00:00,6.229504,9.224873961908575,6.0025787933047186,6.524352,5.6243438720703125
2024-02-21 02:00:00,5.177717,6.034570449811046,5.405300672627717,5.783534,4.95849609375
2024-02-21 03:00:00,6.434856000000001,1.4413493395623789,4.224984618918982,4.7142506,5.527828216552734
2024-02-21 04:00:00,9.528128,17.10452181849889,7.828615853771441,7.377406,4.341419219970703
2024-02-21 05:00:00,12.008989,32.9884080870173,12.20771625948443,11.433407,7.252571105957031
2024-02-21 06:00:00,13.144256,40.126190168953755,17.745905364692682,14.503506,10.281238555908203
2024-02-21 07:00:00,17.576,40.406540648818655,17.48205454879248,21.934786,19.790874481201172
2024-02-21 08:00:00,21.253933,43.39703512643372,22.420207482214725,26.724472,30.91696548461914
2024-02-21 09:00:00,25.67237500000001,44.923867382838054,20.170047686991094,22.503424,16.258058547973633
2024-02-21 10:00:00,31.855013,61.649157112020674,27.780192414496387,26.942823,14.636173248291016
2024-02-21 11:00:00,25.412184,71.01637981587847,32.85370400135651,30.361673,11.028266906738281
2024-02-21 12:00:00,20.796875,57.06359822304459,20.94538926862642,20.056183,17.596574783325195
2024-02-21 13:00:00,16.777216,50.07833363462084,17.931592406444604,17.627617,13.565868377685547
2024-02-21 14:00:00,10.648000000000003,35.48463334379452,13.422397724415287,13.410956,13.255725860595703
2024-02-21 15:00:00,7.762391999999999,20.679705222496448,7.7204738957088015,7.9810266,11.077579498291016
2024-02-21 16:00:00,6.434856000000001,28.326770046420428,5.70265672262776,5.257374,4.404979705810547
2024-02-21 17:00:00,1.0,30.985398351028927,5.295235883824473,3.4280834,4.519123077392578
2024-02-21 18:00:00,1.5208749999999998,-19.787363322046907,0.7677273412530377,5.3091555,9.242572784423828
2024-02-21 19:00:00,6.644671999999999,-9.15676693830929,3.4774641393487205,5.1527777,8.557209014892578
2024-02-21 20:00:00,16.777216,29.78469330213174,14.922880212063369,13.702577,6.664333343505859
2024-02-21 21:00:00,26.198073000000004,60.28743423330854,24.716875715680338,22.684874,11.294486999511719
2024-02-21 22:00:00,27.543608,80.12089787349237,33.67420190573073,31.090675,21.6401424407959
2024-02-21 23:00:00,24.389,64.29009708246565,25.55100683502118,25.536701,26.604881286621094
2024-02-22 00:00:00,19.683000000000003,51.88401222965822,21.080006229760865,20.413494,16.050167083740234
2024-02-22 01:00:00,16.581374999999998,32.40579155329607,15.515886036111665,14.647055,14.233772277832031
2024-02-22 02:00:00,16.003008,20.15838865525528,13.532274045257372,13.205028,9.331405639648438
2024-02-22 03:00:00,16.581374999999998,21.85254275936503,14.959490173352087,15.472084,10.90182113647461
2024-02-22 04:00:00,18.609625,28.087937783194285,16.439176103395326,16.417553,10.671184539794922
2024-02-22 05:00:00,22.188041,42.898442050922796,20.403300367124704,19.506575,13.070621490478516
2024-02-22 06:00:00,26.463592,60.345090046590684,30.90377497760146,25.159092,20.812837600708008
2024-02-22 07:00:00,63.52119900000001,73.79812813473146,39.08200942746345,42.49657,39.47150421142578
2024-02-22 08:00:00,91.125,143.90662979938958,74.02032943298126,69.13238,58.52879333496094
2024-02-22 09:00:00,115.501303,144.00622067715267,97.8866964452317,93.74349,94.28477478027344
2024-02-22 10:00:00,108.53133299999998,170.5297926569474,110.15179022323149,103.24702,52.91572952270508
2024-02-22 11:00:00,90.51884900000002,160.39910913449523,92.64177382153002,88.39973,42.45332717895508
2024-02-22 12:00:00,78.402752,150.64179937589958,71.96215388528772,68.292244,68.25582122802734
2024-02-22 13:00:00,68.92099999999998,143.646499904665,65.76907354297336,67.885544,52.12197494506836
2024-02-22 14:00:00,57.066625,135.97059602951816,64.58304394703288,65.99205,51.71303939819336
2024-02-22 15:00:00,54.01015199999999,123.766967321175,48.68139111057663,46.624146,57.343894958496094
2024-02-22 16:00:00,40.353607,139.9075295037156,46.6489431449707,46.75003,29.294660568237305
2024-02-22 17:00:00,40.707584,111.97886771548181,27.303501931151295,31.925713,29.33120346069336
2024-02-22 18:00:00,43.24355099999999,108.90188043561952,42.09327233222071,47.649788,27.939434051513672
2024-02-22 19:00:00,34.012224,78.91182175491531,46.632853245004526,50.628544,57.541255950927734
2024-02-22 20:00:00,24.389,46.12244227351796,25.857867885753116,24.714453,38.9650993347168
2024-02-22 21:00:00,22.188041,34.192029396352424,17.325998705547306,17.373898,17.271398544311523
2024-02-22 22:00:00,22.665187000000003,43.13676564123192,19.94212745015067,19.35177,10.556560516357422
2024-02-22 23:00:00,21.484952,51.5698509915905,22.476560796622184,22.265116,12.665802001953125
2024-02-23 00:00:00,16.974592999999995,50.04808994887685,20.93517717180795,20.825624,17.50505256652832
2024-02-23 01:00:00,12.166999999999998,34.398050039958335,13.486492260699235,14.313301,15.1524658203125
2024-02-23 02:00:00,7.529535999999999,22.049821430243437,8.558775774109794,9.130496,9.819950103759766
2024-02-23 03:00:00,4.330746999999999,11.390126004955096,4.8447291542005955,5.686189,9.406620025634766
2024-02-23 04:00:00,5.000210999999999,3.7150202818176936,2.9839337987800785,3.4397626,6.2904052734375
2024-02-23 05:00:00,7.301384,23.384667074519626,5.805417084258554,5.51988,4.778491973876953
2024-02-23 06:00:00,10.648000000000003,27.967156189117368,9.58059375592034,10.336784,12.26485824584961
2024-02-23 07:00:00,44.361864,28.957579316844203,15.39360389507955,19.847038,30.06447982788086
2024-02-23 08:00:00,39.304,112.28793470813451,49.79712410750657,56.918064,29.904827117919922
2024-02-23 09:00:00,24.897088,61.383731160092,34.444205082592,29.651909,53.4388313293457
2024-02-23 10:00:00,4.741631999999999,53.228841970588505,16.024107636595065,17.68815,29.805145263671875
2024-02-23 11:00:00,0.2383279999999999,-21.85843132568823,2.079931190472932,1.7471776,9.109779357910156
2024-02-23 12:00:00,0.012167,-57.667825282184516,0.9123305563110203,-0.015124671,1.7153244018554688
2024-02-23 13:00:00,0.054872,-50.48288132636869,0.5062154534922612,1.0811547,-1.5569610595703125
2024-02-23 14:00:00,0.0269999999999999,-29.809887415329918,0.36267940154118444,1.5028431,-1.98724365234375
2024-02-23 15:00:00,0.0689209999999999,-48.78045644681716,0.36514494992375723,1.1378002,-1.0930824279785156
2024-02-23 16:00:00,0.531441,-45.06788916450305,0.3952561191809047,0.7912253,-1.032135009765625
2024-02-23 17:00:00,3.652264,-16.70301965630329,2.2864908981678034,0.47150797,-0.010951995849609375
2024-02-23 18:00:00,16.194276999999996,34.46020523851401,10.96532046184825,10.052052,2.449932098388672
2024-02-23 19:00:00,22.665187000000003,82.49632685770543,28.536035130194254,28.616983,21.641971588134766
2024-02-23 20:00:00,15.438249000000004,59.53802441797518,29.789260016175607,27.275057,38.611576080322266
2024-02-23 21:00:00,8.242408,13.622668745944594,11.550194325388718,12.008142,23.68846321105957
2024-02-23 22:00:00,4.657462999999999,-9.390198980453974,5.250864667739973,6.0848045,9.529582977294922
2024-02-23 23:00:00,4.410943999999999,-27.590060294086214,3.278346472408408,2.9795907,4.279060363769531
2024-02-24 00:00:00,3.723875000000001,-18.981813679002244,4.43468921234287,3.9085903,2.6032752990722656
2024-02-24 01:00:00,2.6280719999999995,-27.02856825174566,3.37431778798817,3.1443837,4.664009094238281
2024-02-24 02:00:00,1.6430319999999998,-38.986885450001914,2.253387006799778,2.1525512,3.745319366455078
2024-02-24 03:00:00,0.912673,-47.15522297008814,1.686021780734125,1.5650257,4.475284576416016
2024-02-24 04:00:00,1.5208749999999998,-53.86827400610283,0.6397329813524641,1.1176367,2.8897361755371094
2024-02-24 05:00:00,3.176523,-26.98112804148841,2.9384435184664373,2.4340782,1.864227294921875
2024-02-24 06:00:00,5.088448,-6.5575140104593785,4.912404968894054,4.112201,2.738636016845703
2024-02-24 07:00:00,22.425767999999994,0.09968136201484867,8.175946113020876,8.175205,6.582450866699219
2024-02-24 08:00:00,36.594368,68.81617289926109,29.80884682355428,33.75067,15.67354965209961
2024-02-24 09:00:00,57.066625,72.31303477049318,41.75447858381338,31.758156,30.261003494262695
2024-02-24 10:00:00,46.26827899999999,129.11689621231628,64.85635248632747,64.08921,29.741043090820312
2024-02-24 11:00:00,32.461759,110.57551114624061,35.89317441553013,35.248558,37.82231140136719
2024-02-24 12:00:00,26.198073000000004,84.138670914876,21.137618579327363,22.893965,30.61756706237793
2024-02-24 13:00:00,20.570824000000005,71.40356634878529,22.139852677490705,22.387314,15.549308776855469
2024-02-24 14:00:00,15.252992,69.7473614920242,15.737868781078316,16.428663,20.839147567749023
2024-02-24 15:00:00,18.399744,58.069212626644074,11.510559681551438,12.092634,20.57033348083496
2024-02-24 16:00:00,40.001688,78.33702220523779,20.515586740607315,18.415123,11.561359405517578
2024-02-24 17:00:00,43.98697699999999,129.48852967940917,52.446467921445276,40.599396,22.03290367126465
2024-02-24 18:00:00,63.044792,105.0063155006668,43.75321041194584,43.327045,65.86280059814453
2024-02-24 19:00:00,120.55378400000002,122.84713545788799,72.92725501061183,86.20003,59.01823425292969
2024-02-24 20:00:00,110.59199999999998,167.88978985883506,129.68332738796502,126.1285,57.346771240234375
2024-02-24 21:00:00,51.064811,121.11924878112669,90.44573114780387,85.016556,74.44972229003906
2024-02-24 22:00:00,12.487167999999995,50.30790526268714,27.10283969938025,28.524746,40.2357292175293
2024-02-24 23:00:00,3.581577,-16.560763308615144,7.383506880131461,11.446699,16.772525787353516
2024-02-25 00:00:00,2.5713530000000007,-20.582898464481943,2.235338909938818,2.6303935,6.243568420410156
2024-02-25 01:00:00,2.299968,-6.520656644600372,2.249575865592052,1.9094675,2.6028976440429688
2024-02-25 02:00:00,3.241792,-10.328094543491623,2.5038648129335885,2.2708497,5.2855224609375
2024-02-25 03:00:00,4.410943999999999,7.002002288497955,5.353045922224966,4.8559127,6.363285064697266
2024-02-25 04:00:00,5.6397520000000005,10.49775742615116,6.356186782568179,5.5771804,5.867023468017578
2024-02-25 05:00:00,8.998912,17.666666795192537,7.064577185609781,6.6651993,6.752765655517578
2024-02-25 06:00:00,15.069223000000004,44.82231676554916,13.07795429183826,11.913309,9.264350891113281
2024-02-25 07:00:00,49.027896000000005,73.9154800444995,23.874752557805383,28.556337,31.264066696166992
2024-02-25 08:00:00,57.960603000000006,148.72426506038096,58.51546923577199,68.52055,53.0098991394043
2024-02-25 09:00:00,45.882712000000005,113.76732967011444,65.08165688326297,59.04538,78.61979675292969
2024-02-25 10:00:00,26.463592,94.5437902061895,36.40685229307928,36.190437,51.44712829589844
2024-02-25 11:00:00,12.166999999999998,67.83195590135756,17.91967042028333,16.277206,14.483875274658203
2024-02-25 12:00:00,6.229504,40.40665428824971,6.800601844256712,7.0836506,11.802536010742188
2024-02-25 13:00:00,5.5452330000000005,27.29174690567505,3.7869483023273474,4.6989417,6.407756805419922
2024-02-25 14:00:00,6.229504,33.23397783880406,5.308872333988075,5.085226,3.9688377380371094
2024-02-25 15:00:00,8.741816,40.022537347410996,7.130266263861047,8.412484,7.322013854980469
2024-02-25 16:00:00,12.166999999999998,53.35855462490215,12.151112308209562,11.941598,6.6289520263671875
2024-02-25 17:00:00,8.615124999999997,54.36181991766647,16.18111723130025,14.030272,15.246650695800781
2024-02-25 18:00:00,14.526784,19.391231859953734,9.53105872144678,9.9732,18.481897354125977
2024-02-25 19:00:00,38.614472,37.79874627595979,21.432279672201574,21.067123,14.44137954711914
2024-02-25 20:00:00,60.236288,74.10319985752429,49.99530687873207,45.269436,31.36349868774414
2024-02-25 21:00:00,52.734375,88.26481079862592,76.77813039679567,69.79565,39.62530517578125
2024-02-25 22:00:00,28.934442999999995,70.95193595172951,41.66033220114279,39.862885,49.28166961669922
2024-02-25 23:00:00,13.651919,22.770416118955858,18.29402381135601,19.571518,30.873510360717773
2024-02-26 00:00:00,6.331625000000001,-8.399449176288549,9.335302197882418,9.715222,10.997692108154297
2024-02-26 01:00:00,5.088448,-24.069060239152634,3.8155501625358896,4.682113,6.856086730957031
2024-02-26 02:00:00,5.451776,-15.773665961748073,4.353894070504516,4.4092193,5.175819396972656
2024-02-26 03:00:00,5.6397520000000005,-9.471766326015235,5.996341794273195,6.090926,8.91964340209961
2024-02-26 04:00:00,5.929741000000001,-8.019283900798683,5.991287983797787,6.3654275,8.450931549072266
2024-02-26 05:00:00,7.301384,2.1537831461959414,6.189444308458297,6.95617,9.511665344238281
2024-02-26 06:00:00,12.649337,15.741569955084039,8.176640849668686,8.625079,10.77718734741211
2024-02-26 07:00:00,51.064811,44.13756296820947,23.0160268223623,24.31907,16.961971282958984
2024-02-26 08:00:00,62.099136,133.19296424590007,69.7090584414913,66.98042,40.45634841918945
2024-02-26 09:00:00,58.86386900000001,106.63740505103561,76.48643429033015,67.30011,94.62358093261719
2024-02-26 10:00:00,40.353607,122.75180143312485,48.53967214674062,50.718456,36.64500427246094
2024-02-26 11:00:00,22.188041,94.00215376792215,26.35375237565992,25.45661,21.011398315429688
2024-02-26 12:00:00,13.651919,58.557786285072076,14.426095670148165,14.953599,15.80466079711914
2024-02-26 13:00:00,12.326391,52.60484270133601,9.490406977479912,9.998176,9.921070098876953
2024-02-26 14:00:00,15.069223000000004,62.27000894744279,11.70574919016214,11.078511,9.986160278320312
2024-02-26 15:00:00,18.821096000000004,65.99647521694189,17.86574255702452,17.090582,14.80035400390625
2024-02-26 16:00:00,22.188041,67.18349030650609,22.23842941236311,21.375095,19.906923294067383
2024-02-26 17:00:00,12.977875,74.35157285396738,25.6395041737036,23.214672,18.688371658325195
2024-02-26 18:00:00,26.198073000000004,35.618956692826174,9.537589634515157,11.560182,29.044158935546875
2024-02-26 19:00:00,57.960603000000006,84.51490217773187,31.708429942203807,42.014656,26.355472564697266
2024-02-26 20:00:00,62.57077300000001,112.19117401616654,72.6244496590882,66.313225,46.49250030517578
2024-02-26 21:00:00,38.95821900000001,83.73347639463123,59.22069583152487,56.0627,46.73817443847656
2024-02-26 22:00:00,14.886936,46.455347977038336,23.610786590232454,26.71242,25.336896896362305
2024-02-26 23:00:00,6.644671999999999,-6.155459908725867,10.36353211610642,10.710832,13.959407806396484
2024-02-27 00:00:00,4.019679000000001,-14.633229355135441,4.134545797674963,4.8663383,5.397308349609375
2024-02-27 01:00:00,1.4815439999999995,-18.481756351156456,2.658013313508972,2.9192097,3.1827239990234375
2024-02-27 02:00:00,0.5717869999999999,-42.830487392463944,1.132990610358834,1.4381216,4.006580352783203
2024-02-27 03:00:00,1.092727,-43.738411237144,0.4942268949957305,0.9974496,2.2722244262695312
2024-02-27 04:00:00,2.1466890000000003,-14.592538318639946,2.2236643779039915,2.144893,1.1761093139648438
2024-02-27 05:00:00,4.019679000000001,-0.9358026121207317,3.5902084741475595,3.520645,4.339817047119141
2024-02-27 06:00:00,5.359375,17.253175173131954,5.96566863608144,5.426659,6.1771087646484375
2024-02-27 07:00:00,17.173512000000002,22.007071152450443,7.660438404367522,8.835672,12.543350219726562
2024-02-27 08:00:00,11.239424000000003,65.15785782551211,26.278926738637388,26.090559,20.606191635131836
2024-02-27 09:00:00,10.218312999999998,-1.852116078855552,11.25229799451877,6.847162,26.530963897705078
2024-02-27 10:00:00,3.723875000000001,11.45807476432746,10.261959920334082,7.979755,12.162986755371094
2024-02-27 11:00:00,1.225043,-34.072033520426906,2.376656502210244,2.494087,5.591693878173828
2024-02-27 12:00:00,0.658503,-47.590959652313835,0.7737733888872821,1.3603896,1.9949493408203125
2024-02-27 13:00:00,0.474552,-43.80019802752822,0.6929870011959858,1.472134,-0.0276336669921875
2024-02-27 14:00:00,0.5927039999999999,-38.80234356051897,0.555093447815887,1.0975242,0.89727783203125
2024-02-27 15:00:00,0.7290000000000001,-31.456954466290462,0.8298755355380071,1.3541386,-0.023418426513671875
2024-02-27 16:00:00,0.778688,-32.4123727451797,1.3277257872359096,1.187154,0.6886482238769531
2024-02-27 17:00:00,1.0,-26.75908813299162,1.2313054050822343,0.914487,0.87261962890625
2024-02-27 18:00:00,5.929741000000001,-14.332179352235386,1.6347324315380465,2.3201904,2.1800003051757812
2024-02-27 19:00:00,11.543175999999995,37.65053424891748,12.066181151699547,13.977416,10.01596450805664
2024-02-27 20:00:00,15.069223000000004,36.317105858020014,16.621424272932018,16.459894,16.45473289489746
2024-02-27 21:00:00,12.977875,29.974275673360857,18.1612480598646,16.163485,15.790494918823242
2024-02-27 22:00:00,7.301384,19.3068831872018,10.618057499945198,10.076752,10.663398742675781
2024-02-27 23:00:00,3.796416,-12.792856033713328,4.697153999613508,5.107371,8.800483703613281
2024-02-28 00:00:00,1.771561,-32.801165578602046,2.384039343839995,2.6316128,4.562282562255859
2024-02-28 01:00:00,0.681472,-50.23822674851464,1.2177962957898547,1.3557026,3.138347625732422
2024-02-28 02:00:00,0.3732479999999999,-59.907008660683495,0.5513179756720452,0.69660693,1.6431045532226562
2024-02-28 03:00:00,0.5927039999999999,-56.11130106344897,0.4595064286519211,0.57395905,1.5689239501953125
2024-02-28 04:00:00,1.2597120000000002,-44.06948680206231,0.9453209686275398,1.0997647,1.4108695983886719
2024-02-28 05:00:00,1.953125,-33.902923408477356,2.295904943140707,2.132335,2.2924957275390625
2024-02-28 06:00:00,2.097152,-29.8240858181386,3.2411924063821145,1.9749863,2.6584701538085938
2024-02-28 07:00:00,5.177717,-32.46225716190319,2.9454879068011257,2.7544668,3.5935134887695312
2024-02-28 08:00:00,7.529535999999999,-5.889231350333596,7.648396390932093,8.883396,4.8527984619140625
2024-02-28 09:00:00,7.301384,-7.1480789174007455,11.267823880608768,7.4244213,4.265850067138672
2024-02-28 10:00:00,11.239424000000003,-3.799414457126538,7.083592102198852,7.420923,5.741886138916016
2024-02-28 11:00:00,19.248832000000004,24.86896953309216,13.18967252013292,12.642399,3.2113494873046875
2024-02-28 12:00:00,26.463592,53.23176938657973,22.39265018488353,22.288794,7.320072174072266
2024-02-28 13:00:00,28.934442999999995,72.78070751332383,29.14781493690794,29.985775,21.148223876953125
2024-02-28 14:00:00,28.652616,80.19153621669119,28.347160864057184,29.109718,27.25252342224121
2024-02-28 15:00:00,26.198073000000004,77.89790018129071,27.160919231800793,28.525955,34.71356964111328
2024-02-28 16:00:00,24.137569000000003,70.78841612724342,23.124403531500835,23.903692,22.50878143310547
2024-02-28 17:00:00,6.434856000000001,76.72037870827455,20.103506843711198,18.33167,14.445053100585938
2024-02-28 18:00:00,4.826809,13.099341090997726,8.46859705314559,6.7629457,14.137716293334961
2024-02-28 19:00:00,4.826809,13.214656195718504,4.689948329056423,7.252157,8.538280487060547
2024-02-28 20:00:00,6.539203000000001,-1.155835582974504,4.9229789891584,4.7818556,11.97385025024414
2024-02-28 21:00:00,7.645372999999999,5.573997874875975,8.378893379156013,7.4440145,6.727119445800781
2024-02-28 22:00:00,6.858999999999999,12.312685189211596,8.65893812000001,8.777771,6.827507019042969
2024-02-28 23:00:00,5.000210999999999,-3.3858012610840618,6.435077564287085,6.62353,7.142555236816406
2024-02-29 00:00:00,2.8632879999999994,-14.122538115050524,3.8807051342102903,4.057537,5.657157897949219
2024-02-29 01:00:00,1.5608959999999996,-27.989387296603766,2.0181794719409663,2.038256,4.036785125732422
2024-02-29 02:00:00,1.0,-36.92469276980176,1.1049248145061652,1.3095534,2.827953338623047
2024-02-29 03:00:00,1.124864,-40.99704682887272,0.7657780329609142,1.3186296,2.5460891723632812
2024-02-29 04:00:00,1.953125,-37.05967919428053,1.7026439462215692,1.4661949,2.296039581298828
2024-02-29 05:00:00,4.574296,-26.064240064169958,3.541309350593791,2.6876707,3.0176734924316406
2024-02-29 06:00:00,8.615124999999997,-0.23389959272212124,7.349872334407162,6.640321,3.6399269104003906
2024-02-29 07:00:00,32.461759,18.310146050302407,13.071580806202098,15.441957,9.426284790039062
2024-02-29 08:00:00,15.813250999999996,86.28488879190292,35.073049481249846,32.626297,22.640888214111328
2024-02-29 09:00:00,10.077696,-4.820366162989465,13.272916729827411,13.104031,35.4151496887207
2024-02-29 10:00:00,8.998912,10.950183488450833,7.4072746789708575,8.359081,13.662364959716797
2024-02-29 11:00:00,11.239424000000003,11.91991007060166,8.441385604182033,7.345726,4.554954528808594
2024-02-29 12:00:00,17.373979,14.98379289519075,12.56648751709567,12.160168,6.298473358154297
2024-02-29 13:00:00,24.897088,44.319024445550426,23.995430268769493,21.174316,13.23147964477539
2024-02-29 14:00:00,30.664297,65.23763952388376,32.25817400713059,29.990746,22.073829650878906
2024-02-29 15:00:00,33.698267,77.09182536350059,33.58828726017825,33.829178,30.589210510253906
2024-02-29 16:00:00,34.965783,88.75703258237922,33.5000787911119,30.365047,34.46642303466797
2024-02-29 17:00:00,10.503459,101.44158352283955,34.150090187054076,29.495646,20.66623306274414
2024-02-29 18:00:00,8.365426999999997,25.011710245375436,10.552051533253763,10.33722,21.93291664123535
2024-02-29 19:00:00,8.998912,39.61088003305832,10.6866873064579,11.427896,13.997257232666016
2024-02-29 20:00:00,9.938375,27.564511570313957,10.841866288643294,9.416399,14.69041633605957
2024-02-29 21:00:00,9.800344,25.452319534224003,10.896103281430864,10.760587,9.937725067138672
2024-02-29 22:00:00,9.129328999999998,20.14838732956905,9.852250232252821,9.4048195,8.603572845458984
2024-02-29 23:00:00,8.242408,5.181573602948934,9.208553466519254,8.612667,8.632232666015625
2024-03-01 00:00:00,7.414874999999999,2.5784565620884266,7.508918582355795,8.028966,6.938480377197266
2024-03-01 01:00:00,7.414874999999999,-9.973826780629444,6.727433366324686,7.1307373,6.343494415283203
2024-03-01 02:00:00,8.869742999999998,-13.041892274523448,6.9861984266299535,7.283053,5.961612701416016
2024-03-01 03:00:00,11.239424000000003,-6.84989852816409,9.562761940237483,9.541013,7.586894989013672
2024-03-01 04:00:00,14.172488,0.5095220709046551,13.894121460288114,13.175508,8.879989624023438
2024-03-01 05:00:00,17.173512000000002,6.231668586842105,16.190457709228372,16.408907,12.203990936279297
2024-03-01 06:00:00,17.173512000000002,14.254582697181174,20.510249125489725,18.930372,18.474836349487305
2024-03-01 07:00:00,26.463592,5.738000718704637,23.22126221247131,26.25326,34.173465728759766
2024-03-01 08:00:00,13.481272,25.142668192175886,23.35359589986444,31.18359,31.261510848999023
2024-03-01 09:00:00,5.451776,-23.369949389599462,10.342362483100896,9.618359,17.255760192871094
2024-03-01 10:00:00,11.697083,-36.84400811173459,3.3746760573190477,3.9406815,7.405723571777344
2024-03-01 11:00:00,17.373979,18.876729871867965,17.025962300248636,14.426498,3.3827667236328125
2024-03-01 12:00:00,18.399744,34.011481966829855,22.6559444759983,20.248049,8.38137435913086
2024-03-01 13:00:00,16.387064000000002,25.69136859270374,20.602524074458696,18.242727,14.120649337768555
2024-03-01 14:00:00,12.812903999999998,13.220358398490603,13.62407311002827,13.222581,17.623001098632812
2024-03-01 15:00:00,10.218312999999998,13.776752930314043,11.296341018547945,10.497198,12.234016418457031
2024-03-01 16:00:00,9.393930999999998,13.68108918015107,8.052847528716276,6.6075125,5.748954772949219
2024-03-01 17:00:00,1.4428969999999997,24.17502999718909,8.592788116345844,5.3446627,3.3543968200683594
2024-03-01 18:00:00,0.2159999999999999,-29.1001769283679,1.0052817610563816,3.1298435,8.41971206665039
2024-03-01 19:00:00,0.681472,-44.03678648841235,0.40570640514828615,2.304438,6.079540252685547
2024-03-01 20:00:00,1.906624,-5.2401746507041835,3.3789975250455795,2.1170616,3.764911651611328
2024-03-01 21:00:00,3.0486249999999995,-3.18954378937606,4.045865321194219,3.371904,3.15240478515625
2024-03-01 22:00:00,5.000210999999999,-13.813109912145357,4.7582235937622865,4.9056826,6.852191925048828
2024-03-01 23:00:00,7.880599,-10.86722130738589,7.493850795188017,7.630974,5.8966064453125
2024-03-02 00:00:00,10.077696,2.729956574032446,10.172172397469744,10.124019,6.182594299316406
2024-03-02 01:00:00,10.360232000000002,2.067937840666371,11.805819933405449,11.37012,9.29525375366211
2024-03-02 02:00:00,8.615124999999997,-4.412275167247628,10.850691006766992,10.548649,9.742008209228516
2024-03-02 03:00:00,6.967870999999999,-18.473191145905865,7.107424347071977,7.5282397,10.734657287597656
2024-03-02 04:00:00,5.929741000000001,-25.271567061576704,5.921162770228753,6.027623,6.674289703369141
2024-03-02 05:00:00,4.741631999999999,-25.865103193964025,5.162498218025387,5.2429647,5.426002502441406
2024-03-02 06:00:00,3.723875000000001,-27.630157024196656,4.799958678208578,4.221086,5.616535186767578
2024-03-02 07:00:00,4.657462999999999,-30.986782326688626,5.0586481005064075,5.5336003,5.510856628417969
2024-03-02 08:00:00,5.832000000000001,-35.281881063805706,5.116970543349174,6.2458816,3.4379959106445312
2024-03-02 09:00:00,6.644671999999999,-36.93728081876855,7.257040861982132,4.9955206,2.1440467834472656
2024-03-02 10:00:00,3.307949,-21.217269994798265,10.196558589928644,7.6658125,4.073802947998047
2024-03-02 11:00:00,3.0486249999999995,-41.295926310861596,2.2562944939524265,1.8942105,2.9461822509765625
2024-03-02 12:00:00,3.241792,-31.69902878786104,3.5264785515741783,3.17916,0.8968048095703125
2024-03-02 13:00:00,2.197,-31.19226845636267,4.587780036537389,4.18721,0.8806304931640625
2024-03-02 14:00:00,0.7290000000000001,-37.41525786654004,1.8446725261472687,2.2522635,2.30712890625
2024-03-02 15:00:00,0.140608,-57.25707010096996,0.5753075464012223,1.051792,0.4074974060058594
2024-03-02 16:00:00,0.140608,-69.77569354588172,0.2719181425073813,0.45122054,-1.0330352783203125
2024-03-02 17:00:00,0.140608,-48.71404277082335,0.5406104169135764,0.46595696,-1.0892677307128906
2024-03-02 18:00:00,2.097152,-40.57937870020033,0.9316733113937815,2.4985917,0.048877716064453125
2024-03-02 19:00:00,4.251528,3.976377891370248,8.061023405261498,8.301687,7.779605865478516
2024-03-02 20:00:00,5.088448,-7.775421908138526,7.662452392704475,6.8253074,14.162857055664062
2024-03-02 21:00:00,5.268024,-24.757640191087724,6.32013745571161,6.192237,11.013595581054688
2024-03-02 22:00:00,6.128487000000001,-27.68499128495604,6.71326373034634,6.2833953,7.382251739501953
2024-03-02 23:00:00,8.365426999999997,-26.63054320122132,7.640829921705011,7.5334435,4.942867279052734
2024-03-03 00:00:00,9.938375,-18.585631347656935,11.318944259626424,10.062068,5.601375579833984
2024-03-03 01:00:00,9.261,-17.995713142304638,11.141676236544033,11.113372,8.594593048095703
2024-03-03 02:00:00,7.645372999999999,-26.39086379504146,8.893830453561094,8.1859255,9.634841918945312
2024-03-03 03:00:00,6.331625000000001,-32.205688481763794,6.825122651136874,6.7026806,8.418827056884766
2024-03-03 04:00:00,5.088448,-33.16290692614603,5.325227952020551,5.3290286,5.505878448486328
2024-03-03 05:00:00,3.869893,-34.9787512191016,4.0728548895543435,4.07576,4.763008117675781
2024-03-03 06:00:00,2.744,-37.27714150239051,3.7139521108557716,3.3460586,3.851806640625
2024-03-03 07:00:00,5.268024,-42.64033947309871,3.341797492645855,4.1876125,3.7904129028320312
2024-03-03 08:00:00,22.906303999999995,-26.76560567828505,6.638016009783903,8.463375,2.060821533203125
2024-03-03 09:00:00,32.76800000000001,44.31338654372118,32.545072650221314,26.613682,2.6356353759765625
2024-03-03 10:00:00,24.642171000000005,58.48853364187315,36.98801134508578,33.39905,19.13396453857422
2024-03-03 11:00:00,16.581374999999998,35.97140386094705,19.90674763527599,17.100786,16.580942153930664
2024-03-03 12:00:00,10.941048000000002,16.971568170633674,11.669819971021372,11.23924,9.5364990234375
2024-03-03 13:00:00,8.120600999999997,13.71819005594621,8.016655130967282,8.16935,6.919830322265625
2024-03-03 14:00:00,7.077887999999999,8.74079957594829,6.213618390810271,6.6977572,6.897712707519531
2024-03-03 15:00:00,6.434856000000001,8.904844859335206,6.490346784294081,6.627545,5.914310455322266
2024-03-03 16:00:00,8.242408,15.301362477701684,5.394931211272747,5.189377,7.201984405517578
2024-03-03 17:00:00,9.800344,36.49754666194871,10.208903107833438,8.871941,5.25067138671875
2024-03-03 18:00:00,31.255875,37.89084524825306,14.171168407535767,17.750597,9.81332015991211
2024-03-03 19:00:00,64.48120099999998,99.92999894740043,57.95465036352786,65.02294,33.195533752441406
2024-03-03 20:00:00,84.027672,118.30542173084334,82.30504820927014,76.6619,57.880584716796875
2024-03-03 21:00:00,68.92099999999998,117.7411279510606,83.41237125368153,82.35001,57.54915237426758
2024-03-03 22:00:00,40.707584,89.98056667514604,54.9315006496409,51.3342,59.93932342529297
2024-03-03 23:00:00,22.665187000000003,42.75323364187022,23.598450485661925,25.709164,30.896129608154297
2024-03-04 00:00:00,12.008989,15.656340674748728,14.400713600272162,14.930826,10.956417083740234
2024-03-04 01:00:00,7.529535999999999,-0.2649539456946961,7.8849361401287945,7.637352,7.731845855712891
2024-03-04 02:00:00,6.539203000000001,-7.652472222534421,4.7782435288402425,4.9485226,4.685710906982422
2024-03-04 03:00:00,7.414874999999999,-6.014162574169816,5.775529901166375,5.6968784,4.607078552246094
2024-03-04 04:00:00,9.129328999999998,1.039956368969758,8.425751186268018,7.7532763,4.819240570068359
2024-03-04 05:00:00,10.218312999999998,9.254826194638298,10.64712730412164,10.054582,6.1211090087890625
2024-03-04 06:00:00,9.663596999999998,14.738924968705728,11.590826272334544,11.02744,8.684879302978516
2024-03-04 07:00:00,31.255875,14.538070816810809,15.908975047387479,16.76367,23.38602066040039
2024-03-04 08:00:00,58.411072,80.71486057459018,40.39436011357247,38.220585,24.511281967163086
2024-03-04 09:00:00,64.96480799999998,103.54039145410121,70.87162846401478,68.58861,34.90316390991211
2024-03-04 10:00:00,62.099136,111.20897387938282,63.22140041956109,58.951256,52.039146423339844
2024-03-04 11:00:00,55.74296799999999,102.77982638382318,53.59545080550847,49.901512,46.280635833740234
2024-03-04 12:00:00,49.027896000000005,96.82515690668714,49.36401183543658,49.14759,47.05348587036133
2024-03-04 13:00:00,44.73887499999999,100.62413973265794,45.254621047313684,44.29532,40.70372009277344
2024-03-04 14:00:00,40.707584,96.58997122700447,41.06757523992266,43.51232,41.25434112548828
2024-03-04 15:00:00,39.304,89.36031012331102,36.70116425519211,38.702007,40.4267463684082
2024-03-04 16:00:00,40.001688,99.71235163380493,34.08994609855514,37.94887,24.485822677612305
2024-03-04 17:00:00,38.272753,107.75361048664723,40.90877688143163,35.25771,26.163362503051758
2024-03-04 18:00:00,53.15737599999999,97.05832146227436,39.15938306845242,44.094498,28.037639617919922
2024-03-04 19:00:00,51.895117,105.35124265113924,53.07694751458783,80.747444,79.91688537597656
2024-03-04 20:00:00,30.371328,68.03530613456373,45.89243570307125,44.051403,68.61180114746094
2024-03-04 21:00:00,15.252992,15.889428133881186,18.789811621972024,18.381685,30.5706729888916
2024-03-04 22:00:00,7.880599,-4.3186442842785056,9.830656371839028,9.239056,11.074382781982422
2024-03-04 23:00:00,4.741631999999999,-16.522620458260214,4.658494403521291,6.014466,5.43798828125
2024-03-05 00:00:00,3.944312000000001,-18.021371030798328,3.454577886582357,3.766513,3.874897003173828
2024-03-05 01:00:00,3.241792,-20.28905793325319,3.604361942562631,3.814678,3.445323944091797
2024-03-05 02:00:00,2.000376,-29.163744163253867,2.589323089319011,3.2646375,3.6510658264160156
2024-03-05 03:00:00,1.124864,-44.82411341735743,1.3197538353956417,2.0102556,3.6608734130859375
2024-03-05 04:00:00,0.5927039999999999,-51.11948134982239,0.9136076010013301,1.3405051,1.7155609130859375
2024-03-05 05:00:00,0.3579109999999999,-52.23413676233523,0.519724200083191,0.9882023,1.123291015625
2024-03-05 06:00:00,0.6141249999999999,-47.68758436670962,0.5169670298372415,0.18365695,0.058460235595703125
2024-03-05 07:00:00,2.097152,-29.527618766510948,1.1517283687363937,2.6597297,1.2825813293457031
2024-03-05 08:00:00,0.3429999999999999,-21.46734268444454,4.069141282448845,4.5123158,2.448711395263672
2024-03-05 09:00:00,0.262144,-100.18879595385357,0.6193111341311877,-1.4437896,3.7165184020996094
2024-03-05 10:00:00,0.8305839999999999,-69.10423100793298,0.6529137501914397,0.65882665,1.8335800170898438
2024-03-05 11:00:00,1.225043,-45.345935719578286,2.3046059883348913,1.563307,0.7825241088867188
2024-03-05 12:00:00,1.0,-49.45077990881551,1.964624531707109,2.007676,0.100067138671875
2024-03-05 13:00:00,0.421875,-47.57863970028341,0.9996910806702702,1.7363173,0.40502166748046875
2024-03-05 14:00:00,0.035937,-61.92706747670049,0.41404756003498966,0.8373817,-0.6996421813964844
2024-03-05 15:00:00,0.017576,-83.72421530553311,0.26855889705618113,0.95238996,-1.5554695129394531
2024-03-05 16:00:00,0.3579109999999999,-68.71286160717463,0.279238792892669,0.5065623,-1.589630126953125
2024-03-05 17:00:00,0.1038229999999999,-25.368268611743375,1.7399494214729927,0.19832182,-0.5641708374023438
2024-03-05 18:00:00,0.002197,-60.89092342359377,0.6290592006105375,1.6449124,2.4199562072753906
2024-03-05 19:00:00,0.0740879999999999,-91.04443670951284,0.4226492674508719,2.6411798,4.285762786865234
2024-03-05 20:00:00,0.300763,-72.82505272371972,0.7910750927213123,0.8186653,4.316898345947266
2024-03-05 21:00:00,1.3310000000000004,-64.80562523581568,1.4176232330236846,1.0281209,2.4773178100585938
2024-03-05 22:00:00,3.5118080000000003,-35.88716875046496,3.3317954887755,2.9862702,1.7001838684082031
2024-03-05 23:00:00,4.330746999999999,-25.79977614319038,5.777814472700857,6.0039754,3.298370361328125
2024-03-06 00:00:00,4.410943999999999,-29.711164944070063,5.674859783535749,4.789117,5.3641815185546875
2024-03-06 01:00:00,4.741631999999999,-30.899672343148943,4.326936008154888,4.371208,3.9802207946777344
2024-03-06 02:00:00,5.268024,-32.78813886744812,4.829934098567909,4.5785484,3.6833152770996094
2024-03-06 03:00:00,7.189056999999999,-31.403424971995157,6.054182440735647,5.975819,4.035640716552734
2024-03-06 04:00:00,9.393930999999998,-14.422157204514257,8.459883897903437,8.502199,4.447368621826172
2024-03-06 05:00:00,10.218312999999998,-3.3639238252961334,10.477968325471812,10.362007,6.724952697753906
2024-03-06 06:00:00,10.648000000000003,0.5317446532092021,11.430676099459202,10.734336,8.142459869384766
2024-03-06 07:00:00,33.698267,1.4870213294093766,17.405692960130935,16.73034,16.744949340820312
2024-03-06 08:00:00,13.823999999999998,74.99114382969316,35.08362290787762,36.394585,13.435104370117188
2024-03-06 09:00:00,8.869742999999998,-15.37165080621687,11.057753324728617,9.663995,20.68912696838379
2024-03-06 10:00:00,16.194276999999996,4.131861980194831,6.489865598837975,7.0539494,7.885589599609375
2024-03-06 11:00:00,29.218112,49.09159128227256,19.486525408128603,17.00771,4.3330841064453125
2024-03-06 12:00:00,47.045881,74.00994513447047,38.01537454528649,35.776684,12.78689956665039
2024-03-06 13:00:00,63.044792,99.63845404248755,58.08153277488304,55.73388,29.390663146972656
2024-03-06 14:00:00,74.618461,118.43193501604944,77.21527822875657,70.76379,63.285552978515625
2024-03-06 15:00:00,78.402752,138.02377031025142,84.37691432125382,79.78851,68.44529724121094
2024-03-06 16:00:00,69.934528,147.02554665258546,90.81921282739557,74.37692,51.20506286621094
2024-03-06 17:00:00,12.977875,139.37696110118728,72.62348367411796,47.57256,28.787519454956055
2024-03-06 18:00:00,4.410943999999999,19.343750900188848,12.958618677485171,19.423847,19.65777015686035
2024-03-06 19:00:00,1.3310000000000004,22.361844015229668,4.034997569666427,5.525123,9.886581420898438
2024-03-06 20:00:00,1.0,-15.745906065696275,1.1640663273827923,1.0279354,8.46358871459961
2024-03-06 21:00:00,1.771561,-13.315199134777686,1.1974697815678723,1.9722497,3.491077423095703
2024-03-06 22:00:00,3.375,3.1813526530982976,3.8573006735734365,3.0716455,2.1391944885253906
2024-03-06 23:00:00,4.741631999999999,-2.8220292837725722,6.109875706368622,6.945594,3.234699249267578
2024-03-07 00:00:00,5.268024,-9.619534994790335,6.746066781954676,6.8896046,5.278308868408203
2024-03-07 01:00:00,4.912999999999999,-12.07732503826648,6.145232043525148,6.2306724,4.700168609619141
2024-03-07 02:00:00,3.5118080000000003,-19.6400821001333,5.024102744645311,4.948698,4.534919738769531
2024-03-07 03:00:00,2.803221,-34.27730048801556,2.811155342463258,3.0545762,4.677387237548828
2024-03-07 04:00:00,2.3526370000000005,-33.378693843213895,2.426283872461048,2.8396926,2.3763389587402344
2024-03-07 05:00:00,1.4428969999999997,-35.253373035947625,2.4489584870177925,2.2857335,2.3277359008789062
2024-03-07 06:00:00,0.8043570000000001,-42.75907701171335,1.1008655837541663,0.97790694,1.9719085693359375
2024-03-07 07:00:00,0.636056,-45.161968264760326,0.7304839067113263,2.0118525,1.1857986450195312
2024-03-07 08:00:00,3.869893,-58.97133358886813,0.840751558306536,1.6439229,0.5641937255859375
2024-03-07 09:00:00,5.359375,-10.304541450058409,8.348792712795705,9.240301,0.5671043395996094
2024-03-07 10:00:00,6.434856000000001,-5.016817926946132,6.975229315459335,6.658392,6.847850799560547
2024-03-07 11:00:00,8.869742999999998,15.632378811732199,9.786957226648429,6.905157,4.384971618652344
2024-03-07 12:00:00,10.360232000000002,26.251653425348405,11.351518849354719,11.422626,4.713344573974609
2024-03-07 13:00:00,10.360232000000002,25.854269863904374,11.437563208931392,13.046727,4.962070465087891
2024-03-07 14:00:00,9.393930999999998,25.809694591401424,10.425054115962965,10.730088,10.504173278808594
2024-03-07 15:00:00,6.644671999999999,21.627894122854123,8.331776850072602,8.524737,10.350929260253906
2024-03-07 16:00:00,3.581577,8.335424207929918,4.961157565609003,5.086179,7.732280731201172
2024-03-07 17:00:00,0.7049690000000001,-15.95700226393128,2.2314600014865267,2.0533516,5.11956787109375
2024-03-07 18:00:00,0.3732479999999999,-54.391061972691155,0.5902972421149683,1.7032166,3.230091094970703
2024-03-07 19:00:00,0.287496,-57.968756093723805,0.5541840621457601,4.459893,4.02325439453125
2024-03-07 20:00:00,0.2383279999999999,-72.22463997231958,0.5780933982722894,0.9374486,3.4449386596679688
2024-03-07 21:00:00,0.274625,-78.17142908922199,0.5419105312050162,0.895875,2.0163230895996094
2024-03-07 22:00:00,0.5120000000000001,-80.35976908232661,0.6727086001547827,0.56865096,0.7797660827636719
2024-03-07 23:00:00,0.8847359999999999,-78.75837428219998,1.1683912894286763,0.921575,0.4635124206542969
2024-03-08 00:00:00,1.3676310000000005,-72.23102732059115,1.769142508252509,1.2981184,1.2683067321777344
2024-03-08 01:00:00,2.1466890000000003,-60.18106043412734,2.0848665799569392,1.9336034,1.9522323608398438
2024-03-08 02:00:00,3.723875000000001,-48.50224892338917,4.150023734813988,2.8861716,3.2224197387695312
2024-03-08 03:00:00,5.832000000000001,-31.471994021232796,5.442489940736842,4.969102,4.298248291015625
2024-03-08 04:00:00,8.741816,-19.712076794218127,7.7485044679949695,7.376402,6.043453216552734
2024-03-08 05:00:00,12.326391,-2.8745147720685367,11.538399904388994,11.193489,7.5064239501953125
2024-03-08 06:00:00,17.373979,13.614839216746532,15.706896938074221,13.801515,9.962909698486328
2024-03-08 07:00:00,51.064811,32.510129041051606,20.045174941856796,24.455454,26.095266342163086
2024-03-08 08:00:00,30.371328,110.13054795719887,72.50432437873374,61.08007,28.336524963378906
2024-03-08 09:00:00,19.248832000000004,35.16711507349959,25.01790183251865,23.810051,65.07678985595703
2024-03-08 10:00:00,9.528128,17.1108774367609,12.584680513379768,13.4183855,21.014883041381836
2024-03-08 11:00:00,5.832000000000001,10.343408403084812,5.659140366411012,5.1330557,6.7680511474609375
2024-03-08 12:00:00,5.000210999999999,10.428538350604363,4.086329228637337,4.0783253,3.5626678466796875
2024-03-08 13:00:00,5.268024,-4.824465775115279,4.563426753036886,4.380826,1.5858078002929688
2024-03-08 14:00:00,4.826809,-3.808048193475173,6.074276987772221,5.830515,2.6155967712402344
2024-03-08 15:00:00,4.410943999999999,-0.3625652372195418,4.765725980416773,5.156786,4.237251281738281
2024-03-08 16:00:00,3.442951,-6.647325330261928,4.097542467181645,3.9979138,3.4710731506347656
2024-03-08 17:00:00,1.0612080000000002,-7.54760147582018,2.5842183940699033,2.7425716,3.5856895446777344
2024-03-08 18:00:00,2.6280719999999995,-30.27620570452136,0.6334133850444759,1.4663987,2.8796119689941406
2024-03-08 19:00:00,4.741631999999999,1.1818045259582561,6.092075289197169,7.448843,5.047309875488281
2024-03-08 20:00:00,4.912999999999999,-8.040238548729377,7.745725559846275,6.901861,11.058025360107422
2024-03-08 21:00:00,4.173281000000001,-25.598497676655995,5.077459962425426,5.1857085,8.091804504394531
2024-03-08 22:00:00,3.581577,-33.38629439573413,3.568501532454391,3.626251,6.564239501953125
2024-03-08 23:00:00,3.869893,-42.06378011977741,3.330706819253735,3.3810759,4.612068176269531
2024-03-09 00:00:00,4.173281000000001,-39.77822852160785,4.482355191467827,4.0275745,4.190326690673828
2024-03-09 01:00:00,3.307949,-39.00513709680647,4.332776152302337,4.076548,5.117130279541016
2024-03-09 02:00:00,1.771561,-49.43684287648659,2.564914936387188,2.9068909,5.411487579345703
2024-03-09 03:00:00,0.658503,-61.36077927351257,1.195273818832781,1.5748442,4.466644287109375
2024-03-09 04:00:00,0.5927039999999999,-68.81069313169615,0.5366905374074283,0.8143401,2.499706268310547
2024-03-09 05:00:00,1.906624,-51.71917050214868,0.6434234689097726,0.84109,1.1277999877929688
2024-03-09 06:00:00,3.723875000000001,-18.739512942852066,3.854444881775866,3.5808537,1.1351242065429688
2024-03-09 07:00:00,12.326391,-15.52171145135457,6.309382791584368,6.9237404,5.5778350830078125
2024-03-09 08:00:00,1.2950290000000002,11.24333127433448,15.100825775222326,16.089943,9.802215576171875
2024-03-09 09:00:00,2.744,-107.19598680308559,0.9551741303370733,-0.6460271,8.949325561523438
2024-03-09 10:00:00,2.803221,-24.647904916105716,4.588580153073724,5.013237,3.2557029724121094
2024-03-09 11:00:00,0.7049690000000001,-39.70660899386386,3.178421500447275,3.0243561,2.142650604248047
2024-03-09 12:00:00,0.035937,-78.63061610120457,0.6047821643337032,1.0358665,1.5119819641113281
2024-03-09 13:00:00,0.004913,-93.04847139727917,0.421948276083511,0.78959835,-0.906036376953125
2024-03-09 14:00:00,0.012167,-81.7260477174018,0.23176337833515362,0.88731575,-2.2702674865722656
2024-03-09 15:00:00,0.059319,-72.18345920297685,0.2326840988155336,0.74071276,-2.0546188354492188
2024-03-09 16:00:00,0.274625,-60.94033586819199,0.24927522164092772,0.4294435,-1.476531982421875
2024-03-09 17:00:00,0.1176489999999999,-41.252091797614646,1.099003277230781,0.35445946,-0.6485252380371094
2024-03-09 18:00:00,0.5927039999999999,-55.071161459959946,0.7458505803683735,1.6886634,1.0037155151367188
2024-03-09 19:00:00,2.097152,-27.148524707912536,2.180847039004865,2.7484217,3.9137802124023438
2024-03-09 20:00:00,2.248091,-18.1524719482235,4.898144803054012,4.2957435,10.020931243896484
2024-03-09 21:00:00,1.771561,-39.66523666076608,2.6343116415226246,2.4895697,7.787326812744141
2024-03-09 22:00:00,1.906624,-54.1513456361374,1.775759896347042,1.6881145,4.247596740722656
2024-03-09 23:00:00,3.176523,-53.91199540931378,2.389194051560745,2.1452446,1.4145545959472656
2024-03-10 00:00:00,4.912999999999999,-43.556841709958896,4.879095509842025,4.3668046,1.5767402648925781
2024-03-10 01:00:00,6.128487000000001,-33.89578566932385,6.998918341576061,6.200252,4.039192199707031
2024-03-10 02:00:00,5.000210999999999,-32.25256522522865,7.3162462420184955,6.9121737,6.053607940673828
2024-03-10 03:00:00,2.4061040000000005,-43.33937736337746,4.076880750081814,4.479084,6.477169036865234
2024-03-10 04:00:00,1.0,-63.135021493339615,2.0849203684816184,2.0300534,4.06494140625
2024-03-10 05:00:00,1.0612080000000002,-67.11984826636251,0.6170000676640705,0.94711673,1.7963752746582031
2024-03-10 06:00:00,1.124864,-47.204150135393455,1.8868345540228424,0.90137964,0.5600547790527344
2024-03-10 07:00:00,0.8847359999999999,-47.221726410081764,1.5181890856916027,2.4275486,2.168354034423828
2024-03-10 08:00:00,2.299968,-78.60493979619451,1.2573174380977818,0.5662719,2.107818603515625
2024-03-10 09:00:00,1.860867,-47.14318311510521,4.036624684960939,3.1063244,0.5543708801269531
2024-03-10 10:00:00,0.3732479999999999,-58.524171418048276,2.527371846145598,2.4255624,2.8676300048828125
2024-03-10 11:00:00,0.8573749999999999,-88.00398921697106,0.45153934868449275,0.46840444,0.9226531982421875
2024-03-10 12:00:00,1.3310000000000004,-60.100470674931906,1.9549043617035742,1.5230147,-0.9957962036132812
2024-03-10 13:00:00,1.191016,-42.486190294572374,2.2268550242796894,2.1815069,-0.66632080078125
2024-03-10 14:00:00,0.636056,-42.093564418168164,1.4220419904929429,1.5301517,0.7482452392578125
2024-03-10 15:00:00,0.5927039999999999,-58.6108685550791,0.6918670201900742,1.0473014,0.23574447631835938
2024-03-10 16:00:00,1.124864,-44.43696943551843,0.631191173713675,0.87243676,-0.7140350341796875
2024-03-10 17:00:00,0.456533,-19.389227417205724,2.3033390096953172,1.5246549,-0.10000991821289062
2024-03-10 18:00:00,0.017576,-43.903277750572336,0.599253017945915,1.9233601,2.2005844116210938
2024-03-10 19:00:00,0.017576,-73.53889712630661,0.40648599876813907,1.9335063,6.170928955078125
2024-03-10 20:00:00,0.132651,-62.800044102164385,0.3085518115049978,0.8396122,5.567436218261719
2024-03-10 21:00:00,0.3732479999999999,-56.617049599605075,0.36975035193190225,1.0173885,2.3791465759277344
2024-03-10 22:00:00,0.6141249999999999,-50.38237258330735,1.2587582647059583,0.77279,0.6238975524902344
2024-03-10 23:00:00,0.405224,-55.748964088539985,1.2771758381534895,1.1921042,0.8656997680664062
2024-03-11 00:00:00,0.1038229999999999,-78.55619208414404,0.46196048417712965,0.704932,1.4821968078613281
2024-03-11 01:00:00,0.010648,-96.76157167283898,0.29067479321893624,0.57585704,0.46263885498046875
2024-03-11 02:00:00,0.0466559999999999,-113.80201426328557,0.2914756511943785,0.5658702,-0.00385284423828125
2024-03-11 03:00:00,0.226981,-100.84990977195085,0.3228311538636859,0.5301584,-0.29076385498046875
2024-03-11 04:00:00,0.531441,-85.72225684324155,0.912652580757868,0.4924918,0.5717582702636719
2024-03-11 05:00:00,0.912673,-75.10518188741665,1.3151931467104405,0.7520881,1.1460762023925781
2024-03-11 06:00:00,1.0612080000000002,-65.46536315673762,1.7688650524054432,0.88410157,1.49041748046875
2024-03-11 07:00:00,4.019679000000001,-64.32981957136954,1.8500243120180344,2.7132227,2.2382164001464844
2024-03-11 08:00:00,19.902511,-26.646399832013252,7.271977855176382,6.678478,1.650634765625
2024-03-11 09:00:00,22.425767999999994,49.8863936536213,34.059720741323275,27.867432,2.4190330505371094
2024-03-11 10:00:00,11.089567,49.7159140558971,22.676122149155958,22.45792,18.91061782836914
2024-03-11 11:00:00,2.985984,4.842612564821209,7.346814780631814,7.154565,11.495277404785156
2024-03-11 12:00:00,0.681472,-48.81770400250402,2.201467269788976,1.8999141,2.1655426025390625
2024-03-11 13:00:00,0.5927039999999999,-53.56911645621771,0.575698548195279,0.98608464,-0.9361801147460938
2024-03-11 14:00:00,1.2950290000000002,-31.961709395477605,0.6172412534263497,1.1134977,-1.6600761413574219
2024-03-11 15:00:00,1.953125,-17.630586982916185,2.442264325191472,2.410612,-0.0938873291015625
2024-03-11 16:00:00,1.815848,-14.242777228232491,3.331322318032609,2.3519423,1.9465675354003906
2024-03-11 17:00:00,0.405224,-13.801287173894309,2.243727804832061,1.9342128,1.9457435607910156
2024-03-11 18:00:00,0.8573749999999999,-37.15790883358893,0.40046614622147936,1.5733883,1.9926986694335938
2024-03-11 19:00:00,4.574296,-6.289157649539533,3.157424110071588,2.9668756,2.482391357421875
2024-03-11 20:00:00,9.528128,31.10946204268736,12.410358820445751,10.170587,8.817344665527344
2024-03-11 21:00:00,15.813250999999996,29.46481243082792,15.134875068773406,12.439816,8.778366088867188
2024-03-11 22:00:00,28.094464,42.096969484443825,19.898267569614504,18.214573,9.66335678100586
2024-03-11 23:00:00,41.06362500000001,70.28537067594324,34.6486141587014,33.58876,11.018043518066406
2024-03-12 00:00:00,42.50854900000001,91.04621607960381,50.53464069101545,47.416786,23.15514373779297
2024-03-12 01:00:00,34.965783,80.8955317556437,39.897947045768035,37.68882,30.559581756591797
2024-03-12 02:00:00,23.639903000000004,60.423380747693066,28.039699750908436,27.56867,22.56348991394043
2024-03-12 03:00:00,14.886936,31.185332781751306,14.77432321057304,16.233377,15.69407844543457
2024-03-12 04:00:00,10.360232000000002,11.078751867218337,11.322674275432869,10.323489,8.312084197998047
2024-03-12 05:00:00,6.858999999999999,5.438386318194482,7.646316262069199,7.9162645,5.5190582275390625
2024-03-12 06:00:00,4.574296,-1.5666032826828769,5.611045949649934,6.350732,4.188426971435547
2024-03-12 07:00:00,8.365426999999997,-8.185232204692063,7.0486836388257235,8.326809,6.865966796875
2024-03-12 08:00:00,13.997521000000004,10.232083737835815,10.092283719519264,12.049239,4.498832702636719
2024-03-12 09:00:00,12.649337,20.138468156239572,16.70522258822,14.450771,5.990787506103516
2024-03-12 10:00:00,6.539203000000001,8.365773667220985,11.36378340471074,11.001072,10.194129943847656
2024-03-12 11:00:00,4.330746999999999,-22.349376572882015,4.622319038398874,4.073432,6.105400085449219
2024-03-12 12:00:00,3.581577,-19.902823174178337,3.718673612344536,3.2250009,2.2670936584472656
2024-03-12 13:00:00,3.442951,-9.439692747995352,3.0781520412720136,3.567354,1.4462966918945312
2024-03-12 14:00:00,3.241792,-13.90345885905515,3.8938712957401367,4.0911307,2.8649864196777344
2024-03-12 15:00:00,3.307949,-14.341457521497745,3.9700358532205184,3.7744987,2.7595863342285156
2024-03-12 16:00:00,4.173281000000001,-7.114504463324785,4.903742218854378,3.5109375,2.6810684204101562
2024-03-12 17:00:00,1.225043,12.82499136714786,6.869731889530212,5.4545317,3.221923828125
2024-03-12 18:00:00,2.4061040000000005,-25.50970326753621,0.9675412899623709,3.350477,7.487823486328125
2024-03-12 19:00:00,6.331625000000001,3.5609927494867506,5.406050024496458,8.426276,8.369873046875
2024-03-12 20:00:00,10.218312999999998,-1.819754371413005,11.87160629983867,14.114379,16.35049057006836
2024-03-12 21:00:00,12.487167999999995,-12.316753390364617,14.896987466651895,12.952174,12.189979553222656
2024-03-12 22:00:00,14.348907000000002,-4.487597576550442,13.827892331406513,15.094456,11.661361694335938
2024-03-12 23:00:00,14.526784,-2.7673668700562715,16.43570792364471,15.032081,9.578681945800781
2024-03-13 00:00:00,13.481272,-3.3437881668950524,14.672979306593806,14.063895,9.0194091796875
2024-03-13 01:00:00,10.793861,-11.209736611074476,11.843263675319376,12.726381,8.850597381591797
2024-03-13 02:00:00,6.858999999999999,-25.55525108643814,9.168825622307608,9.123198,7.734928131103516
2024-03-13 03:00:00,4.019679000000001,-46.29019562605273,4.552125253679351,4.727651,6.732635498046875
2024-03-13 04:00:00,2.197,-55.062814987236045,2.6219904741682973,2.813181,3.4230728149414062
2024-03-13 05:00:00,1.2950290000000002,-56.92404914822705,1.4554541574748563,1.7131927,2.032909393310547
2024-03-13 06:00:00,0.658503,-51.81173469862269,1.0940078478227457,0.7172138,0.09999465942382812
2024-03-13 07:00:00,0.531441,-58.10176353303485,0.6695424820190458,2.2540746,1.239959716796875
2024-03-13 08:00:00,2.6856189999999995,-70.39568776834875,0.6179132929217431,0.68312466,0.10596847534179688
2024-03-13 09:00:00,9.528128,-37.45632203586636,5.270810670352433,4.3573914,0.1337738037109375
2024-03-13 10:00:00,16.777216,13.082247792344823,14.76106197368016,12.367441,4.431632995605469
2024-03-13 11:00:00,23.639903000000004,36.28646098354419,20.668083824994916,19.352663,7.318386077880859
2024-03-13 12:00:00,25.153757,50.77866889677337,27.93016104369976,26.567791,13.357807159423828
2024-03-13 13:00:00,21.717639,60.98520200528459,27.742723997478038,26.345219,20.022274017333984
2024-03-13 14:00:00,16.387064000000002,53.14119737576683,20.989573342572136,20.364193,21.2166748046875
2024-03-13 15:00:00,12.008989,35.44722222902885,11.441811671212292,13.376402,16.025197982788086
2024-03-13 16:00:00,11.852351999999996,29.34788197591749,8.61820882513223,7.995619,8.873733520507812
2024-03-13 17:00:00,16.387064000000002,50.79274722096124,14.524259723179846,10.652408,7.210842132568359
2024-03-13 18:00:00,42.875,71.93516729477261,25.951548915243777,28.25056,12.770675659179688
2024-03-13 19:00:00,74.618461,113.80334099159492,74.87271831025515,78.559944,53.79106521606445
2024-03-13 20:00:00,89.91539200000003,113.58758200637186,86.8069487998795,86.77812,73.39035034179688
2024-03-13 21:00:00,94.196375,107.61734251455877,87.23089158513521,82.75574,54.09727096557617
2024-03-13 22:00:00,83.45345300000001,112.46934455601959,80.36685969350941,79.90069,47.964759826660156
2024-03-13 23:00:00,70.95794399999998,97.8320335554063,63.55347186114085,64.18149,43.29852294921875
2024-03-14 00:00:00,58.86386900000001,85.7950840234837,54.42772683823841,54.807995,33.25144958496094
2024-03-14 01:00:00,44.73887499999999,72.11827212381439,46.02230846180269,43.316566,30.716064453125
2024-03-14 02:00:00,38.614472,62.66881976505587,33.245197016845786,32.839825,20.251358032226562
2024-03-14 03:00:00,33.38624800000001,63.964160888633884,31.613173486037972,30.941969,19.823041915893555
2024-03-14 04:00:00,27.0,61.25545824418177,26.840978701325234,27.176277,20.85614585876465
2024-03-14 05:00:00,20.123648000000003,58.576589376878715,22.09097465187698,23.54312,18.05424690246582
2024-03-14 06:00:00,16.974592999999995,51.54244294921172,22.54537563476083,18.509789,19.59065818786621
2024-03-14 07:00:00,42.875,50.19362008510688,34.345022364331655,35.060276,52.861305236816406
2024-03-14 08:00:00,64.48120099999998,115.576521455999,55.17349899143542,61.839638,42.06180191040039
2024-03-14 09:00:00,49.836032,118.69408747030226,74.51144571103663,72.07497,60.4595832824707
2024-03-14 10:00:00,32.15743200000001,83.8091927387752,35.05762066017014,33.099506,52.37029266357422
2024-03-14 11:00:00,17.779580999999997,52.22756022964106,19.522581841620415,20.611261,14.479816436767578
2024-03-14 12:00:00,10.503459,23.531830091071164,10.717019425921716,10.505486,12.656974792480469
2024-03-14 13:00:00,8.365426999999997,26.11516901728454,6.672378525013633,7.595877,7.870903015136719
2024-03-14 14:00:00,9.261,24.889259095398753,7.120742136078717,9.137511,8.883495330810547
2024-03-14 15:00:00,11.543175999999995,33.12842486232425,10.67868582011538,11.655376,11.89559555053711
2024-03-14 16:00:00,10.218312999999998,47.38098183865256,16.526631157632693,16.018187,14.40731430053711
2024-03-14 17:00:00,1.4815439999999995,47.240910665850286,10.800223124416318,10.210629,25.52561378479004
2024-03-14 18:00:00,3.581577,-25.323903283777597,1.0317636498915854,2.7858677,16.726032257080078
2024-03-14 19:00:00,14.706125000000004,14.357437916692826,10.075645300126485,14.268159,12.524330139160156
2024-03-14 20:00:00,19.248832000000004,41.33965246488377,35.113885060477294,27.393946,29.56207275390625
2024-03-14 21:00:00,13.312053000000002,10.183516963802703,23.079041970316045,22.812881,41.90081787109375
2024-03-14 22:00:00,7.414874999999999,-21.910725030970006,9.810121258268214,9.7583685,26.86949348449707
2024-03-14 23:00:00,3.581577,-41.59630727787697,4.47932645302224,5.215306,10.106239318847656
2024-03-15 00:00:00,1.7279999999999998,-52.351062560723584,2.1195641230511013,2.5534515,4.575008392333984
2024-03-15 01:00:00,0.8573749999999999,-62.78791260314704,1.187408658606528,1.4661326,2.5896949768066406
2024-03-15 02:00:00,0.7290000000000001,-68.29761734053315,0.5825786245664117,0.9019168,1.3302803039550781
2024-03-15 03:00:00,1.4815439999999995,-67.71596825507984,1.0015637743342711,1.1934862,1.6698074340820312
2024-03-15 04:00:00,3.869893,-51.09457792724756,2.8541284118888344,2.6105814,1.9639968872070312
2024-03-15 05:00:00,8.0,-25.427941253114867,6.111773002503376,6.2012963,4.726737976074219
2024-03-15 06:00:00,10.503459,-1.3291012585985342,10.430371742559217,10.395438,12.058216094970703
2024-03-15 07:00:00,28.652616,0.6399957200561737,25.645587137147235,22.425829,25.53875160217285
2024-03-15 08:00:00,12.649337,58.78126495600699,28.48711548288091,27.675978,21.54743003845215
2024-03-15 09:00:00,6.331625000000001,-17.812209024196704,8.692275375147435,8.773255,21.15737533569336
2024-03-15 10:00:00,4.251528,-32.479789639622396,4.803353109981865,3.7661443,8.57033920288086
2024-03-15 11:00:00,4.826809,-27.491306066367606,3.3309084399851714,2.9334562,3.5181617736816406
2024-03-15 12:00:00,6.331625000000001,-6.203254557897381,4.959434592373566,4.9762707,1.90167236328125
2024-03-15 13:00:00,7.077887999999999,-1.0690630506311152,7.783718463819867,7.2078323,2.881122589111328
2024-03-15 14:00:00,5.929741000000001,-6.776939211935918,8.563451971593315,8.246921,8.493110656738281
2024-03-15 15:00:00,2.803221,-10.400403139230193,5.471112523499686,6.00897,6.373359680175781
2024-03-15 16:00:00,0.8305839999999999,-32.519963026280436,2.255860542991126,1.5805792,4.170326232910156
2024-03-15 17:00:00,0.7535710000000001,-41.466666132727944,0.7168401818800981,0.563916,0.6632270812988281
2024-03-15 18:00:00,7.762391999999999,-21.0186574744043,2.4364329915668086,3.7285628,0.5077705383300781
2024-03-15 19:00:00,38.95821900000001,48.5202832367277,20.934564064976563,24.358358,9.74783706665039
2024-03-15 20:00:00,46.26827899999999,111.82938059477792,60.4792857174175,64.88302,25.1669921875
2024-03-15 21:00:00,34.965783,73.23580415083265,47.95568704006558,45.230545,54.93545150756836
2024-03-15 22:00:00,21.024576,49.13528481138982,25.220414131445253,25.311932,39.68624496459961
2024-03-15 23:00:00,9.938375,16.24158685069888,12.995662308897739,12.353666,17.910051345825195
2024-03-16 00:00:00,5.929741000000001,-12.51446561607807,6.24844503269164,5.9702744,7.530498504638672
2024-03-16 01:00:00,3.944312000000001,-20.67392641887951,3.715089426171275,3.8463695,3.609771728515625
2024-03-16 02:00:00,2.803221,-28.046417286422177,2.9440241832752525,2.787783,2.7291030883789062
2024-03-16 03:00:00,2.299968,-31.562628767161293,2.11493676916103,2.5902433,3.1071624755859375
2024-03-16 04:00:00,2.299968,-31.824706616619146,2.3684075327277725,2.3004673,2.4509658813476562
2024-03-16 05:00:00,2.5713530000000007,-28.831207366899683,2.8480142365741683,2.6606019,2.2617034912109375
2024-03-16 06:00:00,3.0486249999999995,-20.04304755426569,3.0227537763914993,2.3589122,2.6755104064941406
2024-03-16 07:00:00,12.487167999999995,-15.313777822492042,7.196954211626758,6.397511,6.467372894287109
2024-03-16 08:00:00,25.67237500000001,31.582970448063403,18.948140511009132,20.48108,10.1630859375
2024-03-16 09:00:00,35.93699999999999,52.17608068370274,33.626317391241166,27.039207,25.784385681152344
2024-03-16 10:00:00,43.24355099999999,88.28727557011183,35.47241565094384,35.555717,28.33799171447754
2024-03-16 11:00:00,48.22854400000001,97.73196425861693,41.39820213776147,41.53975,23.720108032226562
2024-03-16 12:00:00,48.22854400000001,101.10586049032224,47.21918702726777,49.73783,42.306480407714844
2024-03-16 13:00:00,47.045881,106.14339313695308,46.994613588570026,48.56503,39.679019927978516
2024-03-16 14:00:00,45.118016,109.00692241974727,43.860662264829756,45.8719,43.168296813964844
2024-03-16 15:00:00,46.656000000000006,103.35660641809685,41.36296000690452,40.31443,48.242340087890625
2024-03-16 16:00:00,55.306341,116.80807164671171,45.36083400652446,43.72419,33.074859619140625
2024-03-16 17:00:00,38.95821900000001,138.18902419638914,54.09332409449892,46.931034,33.69168472290039
2024-03-16 18:00:00,31.255875,89.1308134863794,26.21579487830792,30.43021,43.856388092041016
2024-03-16 19:00:00,45.499293,66.41449339495992,29.10302224485129,41.693,29.80150604248047
2024-03-16 20:00:00,39.304,78.00990851513066,50.515575437825106,47.449795,22.750043869018555
2024-03-16 21:00:00,24.389,44.51049175197093,30.911160478959108,28.404425,24.556745529174805
2024-03-16 22:00:00,12.649337,17.640536150272453,16.608132643192565,16.50225,14.954492568969727
2024-03-16 23:00:00,8.365426999999997,-8.644921756426605,7.916979008012298,8.560581,8.077648162841797
2024-03-17 00:00:00,6.128487000000001,-10.098648329101259,5.488595017587293,6.4978776,4.656028747558594
2024-03-17 01:00:00,4.657462999999999,-14.73171362245013,4.969438071584875,5.133236,5.978633880615234
2024-03-17 02:00:00,3.796416,-20.75162117583732,3.606351232991573,3.8288271,5.297039031982422
2024-03-17 03:00:00,3.442951,-26.76732116047129,3.415561086688846,3.5978942,6.03485107421875
2024-03-17 04:00:00,4.019679000000001,-22.964755203463348,2.9136879293588946,3.77416,4.734077453613281
2024-03-17 05:00:00,4.096000000000001,-10.239994590240357,5.108840984613775,4.5432854,5.069828033447266
2024-03-17 06:00:00,3.112136,-8.244153676786262,4.5364365115706855,4.7143593,9.140914916992188
2024-03-17 07:00:00,6.539203000000001,-15.537972028098913,7.4222280718371385,7.1279383,17.90569305419922
2024-03-17 08:00:00,6.331625000000001,10.895534886244157,9.372966212274449,10.862954,10.591373443603516
2024-03-17 09:00:00,5.832000000000001,-16.609263211604727,6.538044660830171,5.6918044,11.408710479736328
2024-03-17 10:00:00,8.741816,-18.10819557871004,5.702753032212744,5.416716,6.606792449951172
2024-03-17 11:00:00,13.997521000000004,7.309873089026489,12.21734713141627,11.510647,3.113086700439453
2024-03-17 12:00:00,17.779580999999997,25.549955932203414,17.939162236019676,17.48978,6.005424499511719
2024-03-17 13:00:00,18.191447,39.93931064290893,22.171917159022033,22.077555,14.559038162231445
2024-03-17 14:00:00,20.570824000000005,45.72859322050227,20.34640277756197,19.34561,23.317352294921875
2024-03-17 15:00:00,30.959144,54.609230869808165,22.94855092386842,24.6469,20.74342918395996
2024-03-17 16:00:00,51.478848000000006,81.91474163371393,42.99084768242476,39.45581,23.4840087890625
2024-03-17 17:00:00,43.98697699999999,125.39099759961701,67.33346635669878,61.432976,46.62998962402344
2024-03-17 18:00:00,37.93305599999999,97.4769315090864,35.211525157610325,38.070347,52.80105209350586
2024-03-17 19:00:00,29.791000000000004,80.86197763270533,40.83610972624318,57.42445,43.006221771240234
2024-03-17 20:00:00,13.997521000000004,39.26882040855807,22.8039980457543,23.665865,40.527587890625
2024-03-17 21:00:00,7.529535999999999,-11.817825683727847,8.991081485167436,7.796573,15.397699356079102
2024-03-17 22:00:00,5.6397520000000005,-19.627451983308767,4.571343922130572,5.175255,5.139850616455078
2024-03-17 23:00:00,5.359375,-23.29131695038216,5.588226776058537,4.486598,2.9437332153320312
2024-03-18 00:00:00,5.268024,-18.833804631782932,5.218808242691001,5.179155,3.0705909729003906
2024-03-18 01:00:00,5.359375,-13.785155907379504,5.728633331617671,5.747845,4.381828308105469
2024-03-18 02:00:00,6.028568000000001,-14.98621529440318,6.01076328164065,5.7939987,4.376377105712891
2024-03-18 03:00:00,6.229504,-9.565894386476373,7.039191454708887,6.9638886,4.293682098388672
2024-03-18 04:00:00,6.229504,-9.450479060999506,6.337621294395941,6.764303,4.788120269775391
2024-03-18 05:00:00,6.229504,-5.014859591316707,6.123235082945193,6.5383353,4.696170806884766
2024-03-18 06:00:00,5.451776,0.5824117336763983,6.374658859694911,7.4790053,4.944301605224609
2024-03-18 07:00:00,13.823999999999998,-1.546510896312732,10.608950907314224,11.8691845,13.788909912109375
2024-03-18 08:00:00,6.434856000000001,47.452215606158504,18.246958672873713,18.689209,9.7344970703125
2024-03-18 09:00:00,8.242408,-22.866910996577282,4.255906264828477,4.771812,13.957159042358398
2024-03-18 10:00:00,11.697083,20.578668390067755,11.051178932358345,9.985776,6.429004669189453
2024-03-18 11:00:00,12.487167999999995,42.528611022013784,15.01887286693066,13.131464,4.807331085205078
2024-03-18 12:00:00,11.852351999999996,40.30843398425761,12.700716345164082,13.182025,8.98782730102539
2024-03-18 13:00:00,9.938375,33.71947137442598,11.636692264883674,10.669756,9.81478500366211
2024-03-18 14:00:00,8.489664000000001,27.947681609069114,8.898069689198913,8.7711115,10.008075714111328
2024-03-18 15:00:00,6.751268999999999,23.117370863897726,7.051288121288303,6.9984083,6.978843688964844
2024-03-18 16:00:00,6.539203000000001,18.717931665599274,6.067289147872555,5.834587,5.758838653564453
2024-03-18 17:00:00,4.330746999999999,29.96507521120488,6.961324025371019,5.488491,4.770931243896484
2024-03-18 18:00:00,5.088448,3.4529779699394005,3.91693526997504,4.8597126,9.086898803710938
2024-03-18 19:00:00,7.529535999999999,-3.513893613538791,8.199704536252902,9.675992,9.065643310546875
2024-03-18 20:00:00,5.832000000000001,-14.817118296691525,11.01260709117002,10.926308,9.78476333618164
2024-03-18 21:00:00,3.5118080000000003,-25.32151996102182,6.376788551768191,5.6470685,8.34793472290039
2024-03-18 22:00:00,2.000376,-34.268569547493975,2.6646012892233917,2.210322,5.553211212158203
2024-03-18 23:00:00,1.5608959999999996,-49.34199191304395,1.356702574860376,1.7483444,3.2080001831054688
2024-03-19 00:00:00,1.906624,-54.86221213864973,1.5520298638707113,1.472734,2.2716217041015625
2024-03-19 01:00:00,2.1466890000000003,-50.71640146285966,3.1550641603085445,2.371205,2.0017471313476562
2024-03-19 02:00:00,2.3526370000000005,-51.60876669333387,3.0034704505238814,2.5305564,2.4576873779296875
2024-03-19 03:00:00,3.241792,-53.86719852095526,2.9041167003409374,2.589531,3.2126502990722656
2024-03-19 04:00:00,5.268024,-39.74148222855322,4.605988620067561,4.354969,2.812976837158203
2024-03-19 05:00:00,8.120600999999997,-18.5635599801057,7.5995560018278745,7.077038,3.8472366333007812
2024-03-19 06:00:00,15.813250999999996,0.6467404996274269,10.227914679124677,10.27963,6.552783966064453
2024-03-19 07:00:00,34.64597599999999,36.97497628234768,28.73994453072738,28.017624,21.359596252441406
2024-03-19 08:00:00,26.730899000000004,79.23217373581657,39.83937165294446,42.741207,34.80843734741211
2024-03-19 09:00:00,18.191447,39.476502066528184,22.244163046081027,20.064127,42.92027282714844
2024-03-19 10:00:00,7.301384,34.96505784518571,12.807284549730896,13.132524,13.608192443847656
2024-03-19 11:00:00,3.241792,10.930112315185085,4.319653800734875,4.3682413,6.5592498779296875
2024-03-19 12:00:00,3.375,-4.215838897278033,2.2852162648981444,2.8969693,2.3805465698242188
2024-03-19 13:00:00,4.657462999999999,2.37310305147151,4.287848137465972,4.376933,1.0959014892578125
2024-03-19 14:00:00,4.741631999999999,17.571582426639385,6.790748659128151,8.074593,4.359657287597656
2024-03-19 15:00:00,3.241792,12.798116458109252,4.83565903560231,7.254724,5.4080963134765625
2024-03-19 16:00:00,1.4049280000000004,-8.610693791936463,2.5661055602520157,4.1176314,4.188426971435547
2024-03-19 17:00:00,0.287496,-21.449330183748586,0.8815985773441092,2.8686492,2.35467529296875
2024-03-19 18:00:00,0.421875,-49.043370716098046,0.3755601012307304,1.5579132,1.4382591247558594
2024-03-19 19:00:00,1.6016129999999995,-48.40864340482916,1.012504595957346,3.9372048,1.6230926513671875
2024-03-19 20:00:00,7.529535999999999,-44.90817580255797,5.345710337510512,7.4072485,5.132602691650391
2024-03-19 21:00:00,32.76800000000001,16.225015848435767,19.05389211489395,16.050755,4.728794097900391
2024-03-19 22:00:00,68.41792899999999,84.8516870442806,49.21029076100915,54.892723,18.169694900512695
2024-03-19 23:00:00,54.439939,124.16212998287781,93.3701227310224,86.31909,54.56708908081055
2024-03-20 00:00:00,29.218112,71.74432042725223,40.997337645882226,41.589863,63.37327575683594
2024-03-20 01:00:00,22.906303999999995,22.80164465586157,18.95015990567514,18.324278,26.49772834777832
2024-03-20 02:00:00,25.412184,24.124274710884407,18.75474911198607,16.843287,11.574199676513672
2024-03-20 03:00:00,35.611289,43.732751025003246,25.98232979518101,26.03262,23.929061889648438
2024-03-20 04:00:00,53.582633,80.6298635907917,37.13834718452337,37.903057,34.59923553466797
2024-03-20 05:00:00,86.350888,111.29625842075737,59.4460368111966,63.7314,42.96892166137695
2024-03-20 06:00:00,140.608,155.79280096472777,110.4682672556617,98.89003,58.588592529296875
2024-03-20 07:00:00,202.262003,203.65022863685036,210.5360834708792,225.98416,95.94880676269531
2024-03-20 08:00:00,172.80869300000003,230.97808677393363,223.91726290683047,235.84593,180.18154907226562
2024-03-20 09:00:00,64.0,190.106018424178,140.80129183162953,123.81186,197.66761779785156
2024-03-20 10:00:00,26.730899000000004,85.82577686443798,40.64843699299653,44.26766,116.21559143066406
2024-03-20 11:00:00,13.997521000000004,66.49324668977364,22.90015873198793,37.435505,32.653743743896484
2024-03-20 12:00:00,0.3890169999999999,55.14348104595484,9.799972417696594,12.429459,17.106321334838867
2024-03-20 13:00:00,69.934528,-39.837140855677994,3.908903351082451,3.7007926,14.632598876953125
2024-03-20 14:00:00,98.611128,285.0147752622944,95.21782062891172,113.6777,6.213844299316406
2024-03-20 15:00:00,40.353607,180.34721760620073,123.48338451135331,114.75681,165.85855102539062
2024-03-20 16:00:00,75.15144799999999,93.55401807904244,23.43831635331602,23.784092,90.67222595214844
2024-03-20 17:00:00,68.41792899999999,216.55053413607072,94.66659076872834,85.257324,21.1166934967041
2024-03-20 18:00:00,34.64597599999999,176.22743494364036,58.051753124718886,65.070526,153.52777099609375
2024-03-20 19:00:00,19.248832000000004,78.3200717913002,31.888895019838873,40.01679,61.27479934692383
2024-03-20 20:00:00,16.777216,36.679201795798775,12.14912205732399,21.633,25.592878341674805
2024-03-20 21:00:00,17.984728,42.05437750860446,14.624447331992544,15.269942,14.188791275024414
2024-03-20 22:00:00,17.984728,51.22381384357287,19.00793772245325,19.555069,10.985580444335938
2024-03-20 23:00:00,17.984728,41.58499974266966,18.11339987957203,18.247599,18.605226516723633
2024-03-21 00:00:00,15.438249000000004,37.98418139537335,17.95056306224217,18.247606,15.882728576660156
2024-03-21 01:00:00,14.706125000000004,34.63258339235864,12.926465660420977,14.37422,20.339780807495117
2024-03-21 02:00:00,15.438249000000004,47.64914384070224,14.362609166115096,15.723504,16.274221420288086
2024-03-21 03:00:00,14.886936,57.04713907532252,16.14288901020324,18.35859,26.950939178466797
2024-03-21 04:00:00,12.008989,55.23998058709798,14.201272945408938,16.224115,23.60921859741211
2024-03-21 05:00:00,9.261,42.06526774710924,9.69462356792322,12.198008,24.33567237854004
2024-03-21 06:00:00,6.331625000000001,37.087929759381,11.535889894826864,12.108414,17.11956024169922
2024-03-21 07:00:00,5.735339000000001,29.150363106317634,12.639343098291917,12.770441,22.991724014282227
2024-03-21 08:00:00,0.658503,2.651782182386306,8.628874590956755,6.7875805,18.234834671020508
2024-03-21 09:00:00,5.177717,-64.52783166717253,1.5839082689245145,1.4111868,10.651851654052734
2024-03-21 10:00:00,14.526784,21.447366415468675,14.080351005657183,14.029838,5.351890563964844
2024-03-21 11:00:00,16.003008,43.93328837507688,25.729279701124998,22.776558,6.624610900878906
2024-03-21 12:00:00,13.144256,47.70904742533237,16.932648670906627,17.950357,17.634267807006836
2024-03-21 13:00:00,9.800344,35.64512458446659,10.86807476121678,10.473378,14.50405502319336
2024-03-21 14:00:00,6.434856000000001,1.24134105022015,7.628932521428229,7.6484475,12.580596923828125
2024-03-21 15:00:00,5.359375,-22.43348220715233,4.417064091074736,4.9228206,7.028545379638672
2024-03-21 16:00:00,4.657462999999999,-16.941178263586778,4.1958842660779,3.4255779,4.416358947753906
2024-03-21 17:00:00,0.7290000000000001,-8.560847782604164,4.395913691966936,2.7610095,3.8817062377929688
2024-03-21 18:00:00,0.287496,-51.23256169561213,1.1837384409061014,2.0682883,5.220008850097656
2024-03-21 19:00:00,0.287496,-43.83857204501016,0.560112123888049,4.4527216,5.394218444824219
2024-03-21 20:00:00,0.3579109999999999,-48.1458096685217,0.7556908877083137,1.0053426,7.174907684326172
2024-03-21 21:00:00,0.941192,-49.556768238673364,0.7185662623483152,0.57773674,5.556934356689453
2024-03-21 22:00:00,3.869893,-31.7974309285471,2.1350912883785305,1.2400256,2.645061492919922
2024-03-21 23:00:00,10.793861,-2.492442137382234,7.723402826744868,6.6121955,2.5938720703125
2024-03-22 00:00:00,15.438249000000004,35.68147118385433,16.221837833040976,15.411043,8.078868865966797
2024-03-22 01:00:00,14.348907000000002,34.418302669433125,19.07473652290449,18.007174,20.152009963989258
2024-03-22 02:00:00,10.941048000000002,11.73536971167539,13.385789587955594,12.725579,20.38276481628418
2024-03-22 03:00:00,7.529535999999999,-9.430092854345858,8.571056109094489,8.896155,14.194253921508789
2024-03-22 04:00:00,5.451776,-21.54209293125895,5.133869043197725,5.4600058,6.982273101806641
2024-03-22 05:00:00,3.5118080000000003,-17.778702007245123,4.542690768106461,4.3171577,4.7876434326171875
2024-03-22 06:00:00,2.299968,-16.614916782872967,2.8551045562769524,2.7735085,3.9676856994628906
2024-03-22 07:00:00,3.581577,-23.075912410260003,3.4989043215757443,3.9273539,2.699310302734375
2024-03-22 08:00:00,34.64597599999999,-28.60999277620342,4.981317594200578,3.5776885,2.71673583984375
2024-03-22 09:00:00,57.066625,100.40472344779067,43.01789605842283,41.01835,2.7494468688964844
2024-03-22 10:00:00,45.118016,110.85746432202143,64.95639900561471,69.35169,36.52122116088867
2024-03-22 11:00:00,33.38624800000001,80.23589521712475,33.96618775237852,34.64139,49.005767822265625
2024-03-22 12:00:00,24.389,58.937512061992535,22.53077205014291,22.79917,27.3113956451416
2024-03-22 13:00:00,18.191447,54.005064698615975,20.013975055707455,18.642786,15.084785461425781
2024-03-22 14:00:00,13.651919,44.42831041118535,13.808029648522052,13.511686,20.674184799194336
2024-03-22 15:00:00,13.481272,32.33485770173223,10.634347106547068,9.6740465,13.76755142211914
2024-03-22 16:00:00,12.326391,40.71914676660764,12.307087111853972,13.094745,9.614410400390625
2024-03-22 17:00:00,2.6856189999999995,46.17025086421957,11.800239206488115,9.665944,12.84109878540039
2024-03-22 18:00:00,0.5513679999999999,-6.693756757406987,1.1700608617584733,1.9258775,9.337600708007812
2024-03-22 19:00:00,0.681472,-24.403180847571626,0.9177041904862095,4.4519324,6.998905181884766
2024-03-22 20:00:00,1.4815439999999995,-33.45469780425851,2.84709843182834,4.0527735,10.048137664794922
2024-03-22 21:00:00,2.5713530000000007,-35.07046348758103,2.959488166248716,2.6802478,6.815036773681641
2024-03-22 22:00:00,3.652264,-29.08637995625739,4.334513869358483,3.7921665,3.1462554931640625
2024-03-22 23:00:00,4.574296,-32.11002847264889,4.734415782424505,4.6856985,4.599998474121094
2024-03-23 00:00:00,5.359375,-27.737221617023472,5.543203547353199,5.550686,4.3258514404296875
2024-03-23 01:00:00,5.177717,-22.654668250227196,6.390145986342758,5.960328,4.489784240722656
2024-03-23 02:00:00,4.096000000000001,-28.393599002309088,5.622556742912909,5.2967086,6.439647674560547
2024-03-23 03:00:00,3.375,-38.382792514581375,3.485002895148564,3.7016566,6.508052825927734
2024-03-23 04:00:00,3.241792,-41.02638084861338,2.652544460276107,3.3318248,4.702342987060547
2024-03-23 05:00:00,3.442951,-36.88951576953901,3.505870671211954,3.3984365,4.238151550292969
2024-03-23 06:00:00,4.251528,-28.962937047600846,4.040732709784527,3.9265645,4.195957183837891
2024-03-23 07:00:00,10.648000000000003,-23.693285985781905,7.178228885117658,9.069589,8.939311981201172
2024-03-23 08:00:00,4.574296,0.6721936121928351,12.157547721834947,12.600631,9.947978973388672
2024-03-23 09:00:00,4.410943999999999,-58.54244920350563,2.482185223962989,2.021308,6.282093048095703
2024-03-23 10:00:00,4.019679000000001,-39.20949719502028,3.986269274890978,3.4463117,4.317054748535156
2024-03-23 11:00:00,4.330746999999999,-38.662416812306056,3.9037665370432,3.4933407,2.4119110107421875
2024-03-23 12:00:00,3.375,-39.03446645412115,4.240999045121273,4.3049817,1.471527099609375
2024-03-23 13:00:00,1.771561,-43.59122518467735,2.533041016923258,3.2956007,2.849498748779297
2024-03-23 14:00:00,1.0612080000000002,-53.358502407060904,1.4386222626327179,2.010575,1.3839302062988281
2024-03-23 15:00:00,2.8632879999999994,-54.80899660050074,0.7857413232046668,1.1899822,-0.25473785400390625
2024-03-23 16:00:00,7.880599,-17.82054210379141,6.6025489337338215,5.2318826,-0.4301109313964844
2024-03-23 17:00:00,11.390625,26.803026676508996,16.506544041335086,14.365274,6.605213165283203
2024-03-23 18:00:00,34.965783,45.57381080747966,31.34993485148782,20.211218,15.129173278808594
2024-03-23 19:00:00,82.88185600000001,117.81176624242329,69.68231376906347,73.61677,40.56536102294922
2024-03-23 20:00:00,93.576664,147.52607375783228,99.76521317770364,100.404335,66.27339172363281
2024-03-23 21:00:00,76.225024,108.32085783341986,84.61545093792436,81.3009,69.00950622558594
2024-03-23 22:00:00,57.51245599999999,89.19346885670271,59.51631130523213,55.684944,60.577369689941406
2024-03-23 23:00:00,42.875,68.73365050359848,41.78834091993458,39.285297,38.12289047241211
2024-03-24 00:00:00,34.328125,51.67443747805175,33.72297045480778,30.53994,23.49835777282715
2024-03-24 01:00:00,27.543608,43.607260462995,27.14281523741114,26.774273,18.747785568237305
2024-03-24 02:00:00,22.188041,33.59114205905782,21.725597536594233,21.049753,16.574373245239258
2024-03-24 03:00:00,25.934336,26.090319406057056,18.411449042275756,17.94983,18.132070541381836
2024-03-24 04:00:00,30.664297,49.20147818090218,27.705377908585305,26.621035,15.73044204711914
2024-03-24 05:00:00,32.461759,58.67102395051873,31.660056024820673,30.015987,26.37723159790039
2024-03-24 06:00:00,41.06362500000001,64.62620048426031,53.335810997555456,47.801346,45.123966217041016
2024-03-24 07:00:00,92.959677,86.69274695872619,88.51131756004762,88.02792,72.04227447509766
2024-03-24 08:00:00,92.34540799999998,136.24779091765393,119.97359283522218,114.871025,142.22662353515625
2024-03-24 09:00:00,84.60451899999998,110.10196024235248,83.18184250940166,87.839645,115.17916870117188
2024-03-24 10:00:00,54.87199999999999,115.32156847300146,65.17634880001964,69.389305,37.52635955810547
2024-03-24 11:00:00,28.094464,71.50677604117087,35.20216256860655,31.748234,36.325782775878906
2024-03-24 12:00:00,14.172488,39.31078587393791,16.718400600785586,18.211674,22.988712310791016
2024-03-24 13:00:00,9.663596999999998,32.78542473750282,9.522595809627207,10.660595,10.638740539550781
2024-03-24 14:00:00,8.120600999999997,29.21055823704428,7.428162271399617,9.36496,13.308414459228516
2024-03-24 15:00:00,6.434856000000001,27.149552282009854,7.360244158792468,8.551979,11.885826110839844
2024-03-24 16:00:00,5.6397520000000005,19.053718949190973,5.440251556749442,6.9640384,11.454692840576172
2024-03-24 17:00:00,6.644671999999999,21.238530333136026,6.728177570277932,6.0905547,10.765857696533203
2024-03-24 18:00:00,16.003008,30.79555362755116,12.287852827935803,15.160034,11.253917694091797
2024-03-24 19:00:00,43.24355099999999,58.38925413715272,38.01987506344713,43.160076,28.827116012573242
2024-03-24 20:00:00,49.027896000000005,83.9361195012695,64.19304516494134,61.655174,54.01134490966797
2024-03-24 21:00:00,47.045881,47.74219815661665,46.56526445905158,45.387047,55.975704193115234
2024-03-24 22:00:00,45.499293,47.93635314037317,38.40059100386254,38.31218,47.11404037475586
2024-03-24 23:00:00,36.926037,40.17273118900367,39.616095996222846,38.325527,34.37619400024414
2024-03-25 00:00:00,28.372625,24.4505541503132,31.672874902676494,29.50408,29.121885299682617
2024-03-25 01:00:00,21.484952,17.73554554200336,21.774495899731605,21.86718,21.97844696044922
2024-03-25 02:00:00,15.069223000000004,8.860109848330918,17.84609055613218,17.166422,14.700237274169922
2024-03-25 03:00:00,12.812903999999998,-2.217141654113348,11.72880053031997,11.782378,11.877910614013672
2024-03-25 04:00:00,11.239424000000003,2.1561005516270093,11.09864915144735,11.011793,8.968017578125
2024-03-25 05:00:00,9.261,2.456219469859711,10.525158968106869,9.8533745,9.279598236083984
2024-03-25 06:00:00,8.242408,2.259990780989277,10.04126286121398,8.876451,11.121395111083984
2024-03-25 07:00:00,23.149125,0.016308488266730592,18.563537286606344,19.169304,19.394987106323242
2024-03-25 08:00:00,49.836032,46.300462393993385,28.558366807161768,26.968405,13.173316955566406
2024-03-25 09:00:00,80.62156800000001,79.5333055234288,60.06040412308488,56.107975,12.084907531738281
2024-03-25 10:00:00,67.91731200000001,122.21679679730264,94.08790307299601,89.16304,35.50178146362305
2024-03-25 11:00:00,60.236288,104.73454943480505,60.36379584259349,51.12327,38.96555709838867
2024-03-25 12:00:00,52.734375,106.95421856157824,47.97734416739053,50.37415,32.952674865722656
2024-03-25 13:00:00,46.26827899999999,94.54476957025346,47.0651124009963,51.717033,51.02363967895508
2024-03-25 14:00:00,38.95821900000001,92.88627632581611,42.900775487651174,46.622986,40.878501892089844
2024-03-25 15:00:00,34.64597599999999,84.00952220377614,35.88817814254036,35.494442,36.10918426513672
2024-03-25 16:00:00,31.554496000000004,85.11915715688903,37.28080100310393,32.98996,20.4757022857666
2024-03-25 17:00:00,25.934336,92.77963093183183,29.54110019443289,28.596083,22.11648941040039
2024-03-25 18:00:00,46.656000000000006,82.50137245438137,24.95661997287831,30.84956,20.977798461914062
2024-03-25 19:00:00,70.95794399999998,115.31400386683865,65.8057800243883,74.7822,57.4537353515625
2024-03-25 20:00:00,79.50699999999999,103.20808692077819,83.75214180202154,79.766975,101.03419494628906
2024-03-25 21:00:00,75.68696700000002,82.81859565744134,78.92946668129476,74.66626,64.73986053466797
2024-03-25 22:00:00,59.77647100000001,77.32626095913085,63.43527591598572,65.464424,47.46449661254883
2024-03-25 23:00:00,39.651821000000005,56.261771742795446,46.179051136954776,43.60451,45.7113037109375
2024-03-26 00:00:00,27.0,32.38343454369789,25.345660182671008,26.254799,24.07208251953125
2024-03-26 01:00:00,19.248832000000004,22.435900107873053,19.73800816380882,20.211166,14.0826416015625
2024-03-26 02:00:00,15.252992,14.019887210609678,14.581305591851265,14.73954,12.175361633300781
2024-03-26 03:00:00,15.438249000000004,10.32907277763612,11.980990698163312,12.10718,11.216983795166016
2024-03-26 04:00:00,18.399744,19.95330294806974,15.298435291199317,15.0311575,10.121173858642578
2024-03-26 05:00:00,20.796875,35.82017553087182,20.42560353116965,19.743002,13.082481384277344
2024-03-26 06:00:00,29.218112,48.270637523842446,31.875387658525124,28.42095,28.65554428100586
2024-03-26 07:00:00,81.182737,75.41246253527366,54.66189947917711,62.17948,65.95254516601562
2024-03-26 08:00:00,109.902239,156.45602007102332,102.94819561731718,91.18312,76.7548828125
2024-03-26 09:00:00,101.847563,138.86135219130952,114.47505135617538,112.55798,138.55734252929688
2024-03-26 10:00:00,67.41914300000002,127.63381753505061,85.46492997231188,85.04794,62.21221160888672
2024-03-26 11:00:00,38.272753,93.59917301488181,45.64865950711704,36.01836,24.361618041992188
2024-03-26 12:00:00,23.639903000000004,65.90411394444018,23.252038543010112,26.995121,29.408153533935547
2024-03-26 13:00:00,14.886936,56.54216335306522,17.709750254960056,17.841072,17.331266403198242
2024-03-26 14:00:00,7.645372999999999,43.09286115552874,11.195273364203826,13.16875,16.467092514038086
2024-03-26 15:00:00,5.000210999999999,18.517237499246143,5.377221403990263,8.302579,15.554821014404297
2024-03-26 16:00:00,7.414874999999999,18.47241002465338,3.7058439601922752,4.7086954,8.445270538330078
2024-03-26 17:00:00,3.652264,49.42559920153613,11.418579226502395,10.441993,13.46878433227539
2024-03-26 18:00:00,7.762391999999999,11.817164852576596,3.1128410076953044,4.732302,27.88481330871582
2024-03-26 19:00:00,21.484952,37.56163741479988,15.714061125954647,20.567175,20.012481689453125
2024-03-26 20:00:00,28.094464,48.77374024254632,44.84611635327026,46.34289,46.01408767700195
2024-03-26 21:00:00,30.371328,33.5221934643704,32.098992919712295,32.604446,46.291446685791016
2024-03-26 22:00:00,30.371328,36.84283774242088,29.375627370654996,29.8048,34.08409881591797
2024-03-26 23:00:00,26.463592,34.323002159843135,27.464354893608697,26.703114,22.583162307739258
2024-03-27 00:00:00,25.934336,27.020855583667355,22.37006944286517,21.62269,20.85723876953125
2024-03-27 01:00:00,25.934336,23.647732084304604,23.407464631274564,22.813118,17.0910701751709
2024-03-27 02:00:00,19.034163,21.506191231464744,24.903780134467368,23.470829,16.61408805847168
2024-03-27 03:00:00,13.823999999999998,2.8210971895956796,14.989858004774579,14.553898,18.135774612426758
2024-03-27 04:00:00,10.503459,-2.768838511423823,10.094959854831584,10.63917,11.687362670898438
2024-03-27 05:00:00,6.028568000000001,-3.7858984207705575,8.138745693400304,8.699847,9.008010864257812
2024-03-27 06:00:00,1.953125,-17.226662118960867,5.645674480701904,6.2197566,8.665489196777344
2024-03-27 07:00:00,2.097152,-42.64062166822469,1.4703667068882598,4.013343,12.300872802734375
2024-03-27 08:00:00,3.652264,-40.70730426083893,2.932774789863386,-0.22101252,3.8853073120117188
2024-03-27 09:00:00,5.5452330000000005,-37.35618124861532,5.779070784563596,3.3943455,2.6533126831054688
2024-03-27 10:00:00,4.912999999999999,-25.385624487999692,8.035955449458386,6.035127,3.6041641235351562
2024-03-27 11:00:00,4.574296,-30.439693976450016,4.723294781150078,4.5889773,4.818878173828125
2024-03-27 12:00:00,3.723875000000001,-24.92820988466284,4.255597794182523,4.494789,3.490070343017578
2024-03-27 13:00:00,2.744,-27.411740526436724,3.2710826854680537,3.6369686,2.5907821655273438
2024-03-27 14:00:00,2.803221,-30.099641205025954,2.1810792579410103,2.8210475,1.7896614074707031
2024-03-27 15:00:00,4.251528,-22.46808486769116,3.0211624962603945,3.329805,1.4491920471191406
2024-03-27 16:00:00,5.177717,0.7370109664214972,7.518109568332211,6.037642,2.484699249267578
2024-03-27 17:00:00,1.4049280000000004,11.345818130016177,10.015653212663318,7.385002,8.698226928710938
2024-03-27 18:00:00,3.5118080000000003,-30.427090248687428,1.4504187186846789,3.0407662,9.230720520019531
2024-03-27 19:00:00,13.144256,9.347273636444761,8.70227769675727,10.982695,10.97940444946289
2024-03-27 20:00:00,24.389,35.403500556302696,27.03905648882276,25.148502,20.54572105407715
2024-03-27 21:00:00,24.642171000000005,37.659277050585764,35.022821970837875,33.695946,21.96843147277832
2024-03-27 22:00:00,21.253933,21.825362058290263,24.469218906878577,24.863163,27.682865142822266
2024-03-27 23:00:00,18.399744,10.56159447155536,16.855506695916734,18.032988,16.135143280029297
2024-03-28 00:00:00,15.252992,7.180675270307589,15.444589050185472,15.145369,10.119266510009766
2024-03-28 01:00:00,12.487167999999995,-4.553144823090612,11.889802067410162,12.048871,10.400829315185547
2024-03-28 02:00:00,12.008989,-13.165574663243731,10.652120681093301,10.0589,8.702873229980469
2024-03-28 03:00:00,10.077696,-10.98476161121917,11.702313625820384,10.614101,8.65744400024414
2024-03-28 04:00:00,5.832000000000001,-22.886036081386543,8.658544474532532,8.115492,9.16470718383789
2024-03-28 05:00:00,3.307949,-41.24645584365087,3.7150753736071653,3.8704631,7.081523895263672
2024-03-28 06:00:00,2.744,-40.19600246201859,2.1266277607023274,2.4792438,2.7260971069335938
2024-03-28 07:00:00,5.929741000000001,-30.024486189748934,4.253140188131587,5.266866,4.228267669677734
2024-03-28 08:00:00,7.077887999999999,-16.992307473167315,7.590365179458931,6.9614162,2.4601707458496094
2024-03-28 09:00:00,9.393930999999998,-23.691717588456967,10.255526944899549,8.291432,2.6347999572753906
2024-03-28 10:00:00,10.503459,-9.030223562964018,12.617101300035538,9.8285265,6.686149597167969
2024-03-28 11:00:00,10.941048000000002,-3.666854499681385,11.25676027908184,10.82553,4.493068695068359
2024-03-28 12:00:00,11.239424000000003,9.141050684785903,11.273811791668209,10.861793,6.265438079833984
2024-03-28 13:00:00,12.008989,14.749980123437314,12.50660578338555,11.092993,7.8947296142578125
2024-03-28 14:00:00,14.172488,16.582876708093373,12.626321942231169,12.073943,8.27130126953125
2024-03-28 15:00:00,19.034163,28.890018134879128,15.598226402808386,15.694098,13.188682556152344
2024-03-28 16:00:00,19.683000000000003,53.53204722929691,27.84352604328152,25.465574,15.191743850708008
2024-03-28 17:00:00,5.177717,65.38560149454099,20.785991556657137,20.416868,23.103069305419922
2024-03-28 18:00:00,5.088448,1.366718600444095,4.208925742684508,8.117113,18.286296844482422
2024-03-28 19:00:00,8.998912,11.17539472766062,10.087609853027752,10.299061,13.10097885131836
2024-03-28 20:00:00,17.373979,6.554043160058129,20.465683146487137,16.50037,18.524333953857422
2024-03-28 21:00:00,33.38624800000001,16.62546533665706,25.542099116863206,25.010004,15.457286834716797
2024-03-28 22:00:00,48.627125,49.42623520305614,42.30817338424994,40.791485,19.7950496673584
2024-03-28 23:00:00,51.064811,65.5768499976817,52.67798806750683,49.565907,33.044883728027344
2024-03-29 00:00:00,41.781923000000006,62.524415446517374,45.59821400712615,47.354843,36.692317962646484
2024-03-29 01:00:00,29.503629,40.34615204366107,33.376622106655574,30.228008,29.193910598754883
2024-03-29 02:00:00,20.123648000000003,16.795886956586944,21.82234458412519,21.282227,19.143177032470703
2024-03-29 03:00:00,13.312053000000002,-0.5168911434818426,14.370482509587978,13.59702,13.281051635742188
2024-03-29 04:00:00,8.741816,-8.798333573496478,9.177429570409467,9.138949,9.976268768310547
2024-03-29 05:00:00,5.735339000000001,-10.622697864804358,6.145593222083861,6.6036506,7.1279754638671875
2024-03-29 06:00:00,4.173281000000001,-10.072303468685966,5.9458329332457565,5.967818,5.892093658447266
2024-03-29 07:00:00,7.189056999999999,-14.972628153988218,7.354461337568511,7.4945836,11.411506652832031
2024-03-29 08:00:00,14.706125000000004,-5.985658495364056,8.24438728506873,9.383617,6.984706878662109
2024-03-29 09:00:00,38.614472,16.867249026065966,21.180087089621846,19.19616,5.074493408203125
2024-03-29 10:00:00,39.651821000000005,81.3091273350064,44.6591046989526,43.285446,15.662559509277344
2024-03-29 11:00:00,29.791000000000004,68.97855470614672,33.77403126761565,33.480137,32.25843811035156
2024-03-29 12:00:00,19.465109,58.092264468585896,22.428537308966447,24.249966,20.94634246826172
2024-03-29 13:00:00,11.852351999999996,33.13489507712789,13.994516025075697,14.151919,17.55588722229004
2024-03-29 14:00:00,7.414874999999999,14.332994495225085,8.176208487046019,7.765785,9.536243438720703
2024-03-29 15:00:00,8.615124999999997,6.240208406702234,5.820748828095892,5.4204807,9.329151153564453
2024-03-29 16:00:00,13.651919,27.875930476128236,12.816288219285003,9.576274,7.0181121826171875
2024-03-29 17:00:00,21.484952,54.733217550904236,23.35764067550131,21.342047,16.457252502441406
2024-03-29 18:00:00,46.656000000000006,77.921807513837,47.59129355492109,37.789505,26.09074592590332
2024-03-29 19:00:00,76.225024,121.62490838494381,94.5902950456242,89.508446,63.98204040527344
2024-03-29 20:00:00,88.121125,118.99970337437173,105.01419173667495,102.78322,91.07302856445312
2024-03-29 21:00:00,85.18400000000003,97.08870064790068,87.57499337491546,82.075745,70.8368148803711
2024-03-29 22:00:00,78.953589,86.82372725161696,69.25352452184976,71.8176,57.54572296142578
2024-03-29 23:00:00,71.991296,75.8849772506525,68.52056709298537,65.66058,43.87813949584961
2024-03-30 00:00:00,55.306341,69.82600750590436,65.95522906684337,60.955727,39.89800262451172
2024-03-30 01:00:00,34.64597599999999,50.06899410432499,43.499064966636894,37.62352,36.69579315185547
2024-03-30 02:00:00,20.796875,25.991214715431997,21.57642670824375,22.540922,21.21935272216797
2024-03-30 03:00:00,14.706125000000004,8.628150133541673,12.694634067092597,13.280486,14.141149520874023
2024-03-30 04:00:00,10.941048000000002,6.4031034020657,11.569676392270198,11.604676,9.745952606201172
2024-03-30 05:00:00,8.0,5.218244578486736,8.563905188559714,9.179756,9.931976318359375
2024-03-30 06:00:00,8.615124999999997,3.120030800367587,7.783459266979129,8.870103,11.230613708496094
2024-03-30 07:00:00,17.576,11.390333050850092,21.57362034151405,21.258867,23.940322875976562
2024-03-30 08:00:00,20.346417,32.01467628850228,22.080814167580776,22.211195,19.879140853881836
2024-03-30 09:00:00,20.123648000000003,21.83615661652661,19.690899949376732,18.571873,14.560258865356445
2024-03-30 10:00:00,12.649337,22.649958553659964,17.960276384848804,15.0707655,14.353473663330078
2024-03-30 11:00:00,8.0,-0.8941712692964714,7.839269621248479,8.720062,9.298336029052734
2024-03-30 12:00:00,5.359375,-11.73916320484134,5.127879608992745,6.0879216,7.0621337890625
2024-03-30 13:00:00,3.869893,-15.58227270483745,5.048666694618629,4.8175054,5.1143951416015625
2024-03-30 14:00:00,3.375,-17.634452163283527,3.1781186500716796,3.7482474,5.0173492431640625
2024-03-30 15:00:00,5.177717,-13.21068531424541,3.0344996557692094,4.093561,5.951747894287109
2024-03-30 16:00:00,8.998912,10.204509642084012,12.019523285246372,10.416732,6.401741027832031
2024-03-30 17:00:00,17.576,37.57357888878587,20.449770372055944,19.083471,13.36978530883789
2024-03-30 18:00:00,43.98697699999999,71.90298915083281,39.018701534226736,35.79305,23.96329689025879
2024-03-30 19:00:00,76.225024,121.37786287784078,96.18149990936554,93.72528,60.741600036621094
2024-03-30 20:00:00,99.252847,119.91260627357767,113.29929766590489,106.40427,89.24867248535156
2024-03-30 21:00:00,109.215352,117.53673275596907,92.63987774766083,93.81011,69.53460693359375
2024-03-30 22:00:00,101.194696,121.1511042784224,95.86466238390955,95.43617,68.23388671875
2024-03-30 23:00:00,88.121125,104.02156757549142,85.28323532909818,81.35504,62.939002990722656
2024-03-31 00:00:00,65.45082700000002,88.6731948984428,68.52268366442512,67.96145,50.04996871948242
2024-03-31 01:00:00,42.50854900000001,59.20843153904276,44.20899165134378,44.221516,41.891502380371094
2024-03-31 02:00:00,26.198073000000004,37.73148748769429,28.717606847566934,27.086708,24.200286865234375
2024-03-31 03:00:00,13.823999999999998,20.837351476704228,17.491097725260204,18.409557,16.87574577331543
2024-03-31 04:00:00,7.414874999999999,-2.118800416354773,9.298190229040022,9.189743,11.782302856445312
2024-03-31 05:00:00,3.869893,-12.083154418439491,4.735934093184049,5.2491374,6.254596710205078
2024-03-31 06:00:00,2.8632879999999994,-21.85482492412074,3.2949157469502612,3.4764647,5.027492523193359
2024-03-31 07:00:00,3.796416,-20.832751162282243,4.401076398472484,5.6856813,8.9486083984375
2024-03-31 08:00:00,3.307949,-13.325970398393189,5.7796836090434995,6.0915833,6.423549652099609
2024-03-31 09:00:00,11.239424000000003,-25.09850415435408,3.226854224795437,3.2747376,5.250537872314453
2024-03-31 10:00:00,20.123648000000003,40.00289313092629,18.67080844122195,16.92482,6.075294494628906
2024-03-31 11:00:00,39.651821000000005,66.84781070806977,27.178112629276544,26.925184,10.614479064941406
2024-03-31 12:00:00,68.92099999999998,116.57762483569385,57.98536943832805,51.21363,17.594524383544922
2024-03-31 13:00:00,102.50323199999998,146.23017910096166,99.32574509092937,106.87397,75.5156021118164
2024-03-31 14:00:00,143.05566700000003,186.21581191321286,154.8364233318287,148.58186,104.39266967773438
2024-03-31 15:00:00,167.28415099999998,222.13926259029452,238.22471479875017,225.55545,131.79046630859375
2024-03-31 16:00:00,165.46914900000002,227.84196323248207,195.24719545980722,185.59628,195.69921875
2024-03-31 17:00:00,52.734375,225.19318896117056,165.0147771024394,144.39012,164.17581176757812
2024-03-31 18:00:00,17.779580999999997,92.53288717879917,39.650020594825314,25.897282,87.37114715576172
2024-03-31 19:00:00,13.481272,52.40702059200651,13.804237126087251,23.9856,29.353225708007812
2024-03-31 20:00:00,10.077696,28.51635095582637,13.050370232549493,15.744039,26.206539154052734
2024-03-31 21:00:00,9.663596999999998,-7.687630982603736,13.13930171531444,12.274903,18.03928565979004
2024-03-31 22:00:00,17.779580999999997,0.5547750865966066,14.929270815157855,12.431778,11.98636245727539
2024-03-31 23:00:00,33.38624800000001,23.46469260577513,29.236014447979258,30.25718,10.85577392578125
2024-04-01 00:00:00,42.144192,51.766860278102335,46.00037582266337,44.020477,19.203880310058594
2024-04-01 01:00:00,38.614472,59.906959899252264,46.83823325634975,44.18732,39.86555099487305
2024-04-01 02:00:00,28.372625,46.550905780744365,31.928914421862522,32.335014,33.86521911621094
2024-04-01 03:00:00,22.425767999999994,28.761054753538907,21.577508915528576,21.901495,19.248350143432617
2024-04-01 04:00:00,18.609625,26.083306063865752,17.97579431542807,18.757442,11.032470703125
2024-04-01 05:00:00,16.194276999999996,24.71183361338543,15.585160871657338,15.934182,13.779012680053711
2024-04-01 06:00:00,16.974592999999995,29.591986849426807,22.0393842757621,21.46383,15.380134582519531
2024-04-01 07:00:00,45.118016,34.95388139698056,37.890720445725094,39.524097,28.443689346313477
2024-04-01 08:00:00,60.236288,95.37651900284573,54.91430876474634,57.26092,24.65694236755371
2024-04-01 09:00:00,138.188413,91.09603144225252,66.06873440776256,69.52125,71.95423889160156
2024-04-01 10:00:00,149.72129099999998,199.74330972858806,151.06455532537913,168.00635,61.23472595214844
2024-04-01 11:00:00,138.188413,182.96439497354086,145.49725200114395,135.169,158.33407592773438
2024-04-01 12:00:00,120.55378400000002,172.77043720116956,124.04665921763639,124.496635,103.47232055664062
2024-04-01 13:00:00,115.501303,150.13382444651697,102.74734730359401,117.971176,85.59778594970703
2024-04-01 14:00:00,122.023936,155.85487456465955,117.86146654193394,126.022415,92.86959838867188
2024-04-01 15:00:00,128.787625,159.16268139322005,141.7526826771455,148.08884,100.66136932373047
2024-04-01 16:00:00,117.64900000000004,164.80800962542887,136.6500601833901,126.55872,92.12379455566406
2024-04-01 17:00:00,27.543608,160.87502578292273,118.12192326028013,111.43274,73.87557983398438
2024-04-01 18:00:00,10.648000000000003,48.11364173871208,30.085918127776495,23.636967,53.021202087402344
2024-04-01 19:00:00,8.242408,53.33392372416235,19.573975889548223,18.939398,25.989294052124023
2024-04-01 20:00:00,6.751268999999999,27.34680532582671,11.520170994046142,13.846408,24.302160263061523
2024-04-01 21:00:00,6.751268999999999,5.962313990891154,7.788122295654648,10.043307,18.583942413330078
2024-04-01 22:00:00,17.173512000000002,15.52916321013854,9.013318337632844,8.289574,11.406105041503906
2024-04-01 23:00:00,40.353607,50.82070732395306,32.7625376403751,34.68605,10.80105209350586
2024-04-02 00:00:00,58.86386900000001,98.4549411391055,59.220717890230965,58.44396,35.036277770996094
2024-04-02 01:00:00,82.31287499999998,104.06928426712224,69.4806058935324,70.81549,65.11101531982422
2024-04-02 02:00:00,68.41792899999999,120.48464390308808,88.11213406922377,94.641106,54.93840408325195
2024-04-02 03:00:00,40.353607,90.31084301268606,52.838690847285086,51.437447,64.3304672241211
2024-04-02 04:00:00,21.484952,49.80553275691099,23.59486505144732,26.410547,42.588314056396484
2024-04-02 05:00:00,10.218312999999998,21.660000330371297,13.420310633483323,14.419525,16.20197296142578
2024-04-02 06:00:00,6.434856000000001,1.5594499461522702,16.06050879307096,13.577548,12.553611755371094
2024-04-02 07:00:00,12.166999999999998,-3.3983724892331324,12.987813467994599,14.1673975,19.714942932128906
2024-04-02 08:00:00,21.024576,14.39444192552748,12.633129700289771,18.602531,11.857486724853516
2024-04-02 09:00:00,32.461759,26.768609543428298,30.003195760235783,25.256018,10.789627075195312
2024-04-02 10:00:00,40.001688,48.274052536639005,40.25948169235537,34.853542,18.407222747802734
2024-04-02 11:00:00,43.24355099999999,63.51759378327634,40.03907149818106,36.33709,19.282617568969727
2024-04-02 12:00:00,45.499293,73.89781981363632,46.10579887491859,43.74443,34.05487060546875
2024-04-02 13:00:00,45.882712000000005,77.05620033340921,48.44098213951741,48.230762,40.47954559326172
2024-04-02 14:00:00,43.24355099999999,76.74177669807503,49.642703126666866,51.157932,39.821651458740234
2024-04-02 15:00:00,47.43792800000001,69.80988630123602,46.30773553292856,42.396896,36.74848175048828
2024-04-02 16:00:00,45.882712000000005,85.76311387050845,60.199972768183216,59.09648,26.17340660095215
2024-04-02 17:00:00,8.615124999999997,93.57136729415708,41.517831469291316,38.472923,68.62289428710938
2024-04-02 18:00:00,5.735339000000001,1.6142517005804997,10.896185615403853,19.810131,42.6761474609375
2024-04-02 19:00:00,8.869742999999998,22.49497776828461,10.369593254981432,13.970665,14.617424011230469
2024-04-02 20:00:00,15.625,11.78317926253099,21.758893261250343,15.753891,38.9601936340332
2024-04-02 21:00:00,18.399744,18.039685716298642,27.094089324558958,24.178516,30.796199798583984
2024-04-02 22:00:00,21.253933,14.025802721188995,23.669025638468096,22.410313,25.064977645874023
2024-04-02 23:00:00,24.642171000000005,7.9318139373566225,27.6651713296803,25.215254,17.147075653076172
2024-04-03 00:00:00,24.389,17.951874149721146,27.709805255019475,26.512344,13.425079345703125
2024-04-03 01:00:00,18.191447,10.449975343620032,24.979965466710606,22.897331,22.093923568725586
2024-04-03 02:00:00,9.261,-20.167813235994508,14.058407658779945,13.807268,18.409238815307617
2024-04-03 03:00:00,3.652264,-50.94542671784952,5.7945331819695625,5.5933433,8.787532806396484
2024-04-03 04:00:00,1.6016129999999995,-62.48524570977499,2.1170104115379234,2.4402032,3.2627029418945312
2024-04-03 05:00:00,0.8573749999999999,-60.007746171099576,1.3341314044805705,1.7492476,1.0185928344726562
2024-04-03 06:00:00,0.405224,-54.129278253741255,0.6582759119961762,1.2625688,0.2969169616699219
2024-04-03 07:00:00,0.421875,-66.34353351890866,0.4670248553498152,2.066067,3.0947265625
2024-04-03 08:00:00,0.004096,-81.9781418004375,0.661684746203197,-0.6717772,1.9601097106933594
2024-04-03 09:00:00,2.097152,-120.5210957596054,0.37551744822570504,2.927061,1.0954856872558594
2024-04-03 10:00:00,4.019679000000001,-22.27722012236056,5.401193808493652,4.7321854,1.1095504760742188
2024-04-03 11:00:00,5.177717,-28.88954983165437,6.49052171665671,5.510226,4.582363128662109
2024-04-03 12:00:00,5.929741000000001,-13.979470876461924,7.042732742012341,6.484968,4.554248809814453
2024-04-03 13:00:00,5.735339000000001,-14.692168385212362,7.554548528662111,8.867946,5.795581817626953
2024-04-03 14:00:00,4.912999999999999,-16.677013065269655,6.434248094147137,6.5319796,5.655162811279297
2024-04-03 15:00:00,5.451776,-21.421447006292013,4.588616892665781,4.099192,6.773643493652344
2024-04-03 16:00:00,8.120600999999997,-10.866881421456398,11.425865658975322,7.759727,5.88519287109375
2024-04-03 17:00:00,17.984728,16.06810498976268,20.374582008825723,13.376544,8.209758758544922
2024-04-03 18:00:00,51.895117,67.51439921484035,43.814809756059304,37.114285,22.636043548583984
2024-04-03 19:00:00,86.350888,133.82448419913476,99.49736519830945,100.92319,76.34504699707031
2024-04-03 20:00:00,102.50323199999998,130.66330551153513,132.5804501322017,120.235634,112.65283203125
2024-04-03 21:00:00,96.702579,111.68476957304406,91.83648986745084,96.072624,80.5954818725586
2024-04-03 22:00:00,65.45082700000002,92.05222192557557,81.12729063803695,78.30909,64.00238800048828
2024-04-03 23:00:00,41.421736,47.7711159248106,41.881747842086305,40.673737,44.23467254638672
2024-04-04 00:00:00,24.137569000000003,22.34813871604954,24.402048555540823,25.353146,21.51930809020996
2024-04-04 01:00:00,16.003008,-3.7241620047797355,17.028709298748378,16.126673,12.952461242675781
2024-04-04 02:00:00,10.360232000000002,-8.53350319643706,10.762156215387927,11.376588,7.626075744628906
2024-04-04 03:00:00,6.858999999999999,-19.688636959862478,7.510245558995281,7.6857247,9.340583801269531
2024-04-04 04:00:00,4.741631999999999,-27.590181977856787,4.754358967093073,5.007362,6.517127990722656
2024-04-04 05:00:00,3.241792,-31.01336367298216,3.6624489718288764,3.649624,4.352775573730469
2024-04-04 06:00:00,2.924207,-34.770926537227616,2.869011888336863,2.958998,3.609588623046875
2024-04-04 07:00:00,4.492124999999999,-34.076063088123995,7.135052592395518,6.7355356,7.423580169677734
2024-04-04 08:00:00,9.129328999999998,-29.060592591403207,5.855818853004458,6.614455,4.784801483154297
2024-04-04 09:00:00,12.008989,-7.09199654608409,14.857736381132694,12.437881,3.9942474365234375
2024-04-04 10:00:00,11.697083,-4.593820335858005,15.299818477887229,14.159641,9.134315490722656
2024-04-04 11:00:00,13.651919,6.211719863787753,12.45566340097069,11.642604,6.179912567138672
2024-04-04 12:00:00,15.438249000000004,12.210080114115872,15.536469603353007,15.9939165,9.268028259277344
2024-04-04 13:00:00,15.813250999999996,18.277228324493606,17.920745205723875,19.404675,12.570415496826172
2024-04-04 14:00:00,14.348907000000002,25.458747787175547,19.974072160298032,18.01281,13.220233917236328
2024-04-04 15:00:00,14.706125000000004,19.477543149981628,18.535618947261245,13.570694,17.048992156982422
2024-04-04 16:00:00,15.625,26.68250304781631,24.484637676868065,16.14428,11.292438507080078
2024-04-04 17:00:00,12.326391,39.78795048206566,26.59472592273569,17.07256,19.246131896972656
2024-04-04 18:00:00,25.67237500000001,26.399208972142382,17.69906658188339,17.69071,22.047025680541992
2024-04-04 19:00:00,50.243409,68.45558915568884,53.33998608771747,54.27964,34.3549690246582
2024-04-04 20:00:00,67.41914300000002,69.80136635298439,78.87742667149737,76.9494,78.64564514160156
2024-04-04 21:00:00,66.43012499999999,56.39465350552282,69.01850001856361,68.0083,58.25188064575195
2024-04-04 22:00:00,64.48120099999998,49.71313212737057,59.172799042212844,57.270992,47.152339935302734
2024-04-04 23:00:00,65.939264,48.84234428210456,54.478147664754644,50.127426,36.887088775634766
2024-04-05 00:00:00,57.51245599999999,55.30604484228838,64.70933399968524,57.95697,36.21628952026367
2024-04-05 01:00:00,38.95821900000001,39.89089308894074,46.01903941351074,44.2384,41.80964279174805
2024-04-05 02:00:00,25.67237500000001,16.26221806321583,25.948004633888495,25.913937,24.540395736694336
2024-04-05 03:00:00,20.123648000000003,5.281296548181121,17.081879789735122,17.143612,14.293027877807617
2024-04-05 04:00:00,16.003008,8.546315505677349,15.631311204947622,15.167307,9.66659164428711
2024-04-05 05:00:00,11.543175999999995,7.807299414353896,12.871050097358689,13.062888,11.473140716552734
2024-04-05 06:00:00,13.823999999999998,2.745153724844453,15.580041412911122,15.416562,14.126455307006836
2024-04-05 07:00:00,33.076161,18.723839708970736,31.349696072100247,30.778608,25.44327735900879
2024-04-05 08:00:00,47.83214699999999,59.718133213916175,41.84432787658297,47.464863,20.346965789794922
2024-04-05 09:00:00,65.45082700000002,62.99005674378408,47.26222596798354,46.408657,26.230331420898438
2024-04-05 10:00:00,65.939264,93.42499231147335,69.0177752203378,62.59206,29.540132522583008
2024-04-05 11:00:00,80.06299099999998,99.96966731763607,65.77785156198371,53.336308,31.149154663085938
2024-04-05 12:00:00,106.49642400000002,123.9694253703652,97.79165823663672,95.40061,42.01895523071289
2024-04-05 13:00:00,130.323843,144.0911582537362,146.7688507885366,129.25476,92.70765686035156
2024-04-05 14:00:00,137.38809600000002,166.19311226159468,190.24210106380954,167.91295,145.81028747558594
2024-04-05 15:00:00,140.608,168.41072706421048,149.98442474452307,157.05199,170.64910888671875
2024-04-05 16:00:00,125.751501,174.59720859378194,152.58904447906716,155.94846,133.0882110595703
2024-04-05 17:00:00,29.503629,169.9689432568007,113.119988718191,114.10469,96.4217529296875
2024-04-05 18:00:00,15.813250999999996,46.08278831415449,28.514133749958596,26.1986,53.18831253051758
2024-04-05 19:00:00,13.312053000000002,60.25258701232671,24.381923163955197,29.051931,30.3125057220459
2024-04-05 20:00:00,10.793861,17.659889518375735,17.98477156555357,14.939689,41.3336181640625
2024-04-05 21:00:00,9.393930999999998,-17.48396680625178,17.405139954883506,14.609865,31.90435218811035
2024-04-05 22:00:00,8.998912,-11.808124598182765,13.219987337253592,14.401692,16.412979125976562
2024-04-05 23:00:00,8.489664000000001,-28.09005472896814,15.0894587264162,14.010132,11.206241607666016
2024-04-06 00:00:00,7.414874999999999,-34.145848831341134,10.076575950061995,12.511043,7.584228515625
2024-04-06 01:00:00,6.644671999999999,-36.41040492413344,6.79628153517687,7.32811,6.227264404296875
2024-04-06 02:00:00,6.434856000000001,-36.07817921942881,6.102225514742647,6.0451818,7.360126495361328
2024-04-06 03:00:00,6.331625000000001,-32.15239554790237,6.601774417550631,5.734127,6.619289398193359
2024-04-06 04:00:00,6.858999999999999,-29.35387486243212,6.31319023685717,6.3777556,7.3754425048828125
2024-04-06 05:00:00,8.615124999999997,-22.927742310910908,8.671905967877853,7.740981,8.368186950683594
2024-04-06 06:00:00,10.077696,-5.891524280965115,16.050530765704426,14.955921,13.237972259521484
2024-04-06 07:00:00,30.664297,-8.981452212735732,20.43507612851027,22.938362,37.00956726074219
2024-04-06 08:00:00,16.974592999999995,54.05499006597513,39.28887229297153,43.337475,33.302894592285156
2024-04-06 09:00:00,10.941048000000002,-9.204291862140025,14.546691299969384,16.77849,35.94993209838867
2024-04-06 10:00:00,7.077887999999999,-15.034891895704682,8.342343554949617,6.645009,18.888742446899414
2024-04-06 11:00:00,9.393930999999998,-26.72554732054944,5.325285192658506,4.818522,7.308979034423828
2024-04-06 12:00:00,13.481272,-0.4000173014653541,15.201313509881222,10.220734,4.817821502685547
2024-04-06 13:00:00,16.387064000000002,6.415132467726153,18.548024738278123,19.814758,10.868030548095703
2024-04-06 14:00:00,18.821096000000004,11.011514878820776,28.164004916387874,19.621452,17.31025505065918
2024-04-06 15:00:00,21.484952,22.485522306012264,30.804520534395238,23.954489,16.073911666870117
2024-04-06 16:00:00,26.463592,38.3236423859523,37.33580830664978,26.154707,19.55763816833496
2024-04-06 17:00:00,39.304,62.2560182707642,38.17893740555089,27.26516,20.515905380249023
2024-04-06 18:00:00,83.45345300000001,102.40580313075907,68.42767717699999,60.921444,31.76715087890625
2024-04-06 19:00:00,130.323843,164.9605696606712,150.10203410433326,146.2179,76.71109008789062
2024-04-06 20:00:00,153.13037499999996,169.60018488689167,202.8879496140553,216.27489,131.97669982910156
2024-04-06 21:00:00,145.53157599999997,149.99620555543956,130.842059013948,128.03107,112.58787536621094
2024-04-06 22:00:00,109.902239,134.59582541295,118.56990829461392,114.675835,89.88798522949219
2024-04-06 23:00:00,67.41914300000002,100.88450556559792,78.05639180384674,76.35348,70.0853271484375
2024-04-07 00:00:00,38.614472,63.59094260327626,47.27522650150058,43.088192,44.53639602661133
2024-04-07 01:00:00,19.034163,39.79650968227785,23.44094217446134,25.027378,24.467525482177734
2024-04-07 02:00:00,12.649337,12.43172368339286,10.930371752983351,11.045004,14.33633041381836
2024-04-07 03:00:00,10.077696,7.456842309903134,8.65676758933155,9.00594,9.706306457519531
2024-04-07 04:00:00,7.762391999999999,0.08653702355949378,8.659738980732298,8.374999,8.651073455810547
2024-04-07 05:00:00,6.028568000000001,-9.09677281953607,6.127781467945449,6.860245,10.690719604492188
2024-04-07 06:00:00,8.489664000000001,-16.97514941524617,7.48688911877183,8.984304,11.229351043701172
2024-04-07 07:00:00,19.248832000000004,-0.7054329465381528,19.829151161583365,21.623384,21.647829055786133
2024-04-07 08:00:00,28.652616,28.89060519212648,26.309817882237663,25.642124,22.299909591674805
2024-04-07 09:00:00,21.484952,43.28099998321599,33.71186860162597,32.130672,17.721193313598633
2024-04-07 10:00:00,9.393930999999998,27.88955776937615,16.920923679125984,13.061024,20.206899642944336
2024-04-07 11:00:00,3.5118080000000003,-13.400642179963448,5.777110055343118,5.0521636,7.956390380859375
2024-04-07 12:00:00,3.176523,-34.54319421853992,2.3246979597115605,2.6292052,3.861572265625
2024-04-07 13:00:00,7.645372999999999,-8.306954820020941,4.838481030959604,4.0726643,1.8712310791015625
2024-04-07 14:00:00,20.123648000000003,25.331800160962867,16.203839421750576,15.83013,5.570957183837891
2024-04-07 15:00:00,30.080231,66.93042183308866,37.27166041500551,43.0129,23.882362365722656
2024-04-07 16:00:00,35.93699999999999,87.74611065265861,54.264571736290584,51.56943,69.37830352783203
2024-04-07 17:00:00,38.95821900000001,107.23169274662229,53.20652570619336,52.571236,47.472808837890625
2024-04-07 18:00:00,30.080231,106.07986501344229,56.47964354991402,45.85381,49.73252487182617
2024-04-07 19:00:00,32.76800000000001,60.4058614922836,38.01684389747385,52.17557,64.82984924316406
2024-04-07 20:00:00,9.528128,39.054711885952216,40.81853097327342,37.39441,52.76895523071289
2024-04-07 21:00:00,1.4815439999999995,-65.61057902443582,9.75115300534122,6.7584662,25.28733253479004
2024-04-07 22:00:00,2.299968,-98.11465859797892,6.941362484341848,2.8697987,7.712852478027344
2024-04-07 23:00:00,8.615124999999997,-58.74878214503146,5.7760650612410425,5.5462575,3.6134300231933594
2024-04-08 00:00:00,12.326391,-9.290380590807985,20.106417874839384,17.418247,2.9800567626953125
2024-04-08 01:00:00,10.077696,-8.902668747043741,16.659087899091823,15.167473,18.69169044494629
2024-04-08 02:00:00,4.330746999999999,-29.2623419511685,9.740977052028045,9.188837,10.618789672851562
2024-04-08 03:00:00,1.5608959999999996,-64.40614167398076,2.4302250201701194,2.622112,6.798267364501953
2024-04-08 04:00:00,1.5608959999999996,-80.5297465166135,1.1642877308473023,1.2138982,1.9321823120117188
2024-04-08 05:00:00,3.581577,-58.9673074723623,2.1068903636378504,2.0302603,0.5688896179199219
2024-04-08 06:00:00,13.997521000000004,-22.251831428031842,5.847454853850362,4.8439846,2.0118560791015625
2024-04-08 07:00:00,83.45345300000001,31.08945614480968,31.522960342544362,31.107893,11.720542907714844
2024-04-08 08:00:00,127.263527,164.8916035412189,110.08289945316375,127.32011,37.412933349609375
2024-04-08 09:00:00,147.19795200000002,171.2032414673068,152.10119024669476,153.41022,118.830810546875
2024-04-08 10:00:00,160.98918400000002,202.4794400224786,140.1161128783125,135.01923,98.12831115722656
2024-04-08 11:00:00,166.375,218.4350859065775,152.56824359121117,148.2335,103.22015380859375
2024-04-08 12:00:00,173.74111200000002,218.38541505533973,160.74248235229467,159.61526,156.73403930664062
2024-04-08 13:00:00,204.336469,215.51524073958007,159.61309460951094,159.73003,191.3090362548828
2024-04-08 14:00:00,244.140625,240.54813149117047,245.7425441544791,244.63069,156.635498046875
2024-04-08 15:00:00,256.047875,268.8489634990639,266.1641489228942,272.0094,249.47958374023438
2024-04-08 16:00:00,234.885113,266.8617620309998,246.61194363386704,253.52658,278.8690490722656
2024-04-08 17:00:00,142.23664799999997,246.39744521326182,202.28406988239564,184.826,228.36660766601562
2024-04-08 18:00:00,39.651821000000005,180.09852400986674,79.44223860326419,67.714134,124.47456359863281
2024-04-08 19:00:00,25.67237500000001,74.8825441067612,30.273424244042413,33.807396,39.91737365722656
2024-04-08 20:00:00,20.796875,76.88090331394412,20.775015466865266,23.541962,26.531848907470703
2024-04-08 21:00:00,18.191447,60.21900122976673,16.929172944167124,19.49394,20.13389778137207
2024-04-08 22:00:00,16.974592999999995,66.27499726387596,16.059907055322455,18.017492,14.756752014160156
2024-04-08 23:00:00,16.581374999999998,58.18950127717291,16.31395316773604,17.73471,17.41023063659668
2024-04-09 00:00:00,15.625,46.709130649863745,16.018602941949858,16.73251,11.79648208618164
2024-04-09 01:00:00,13.651919,47.53986069394132,14.675575321223365,16.047188,15.431299209594727
2024-04-09 02:00:00,12.487167999999995,43.66868606576964,11.82649166312398,14.348108,18.526655197143555
2024-04-09 03:00:00,12.326391,49.26742640891638,11.625442110678673,12.885872,14.324848175048828
2024-04-09 04:00:00,11.390625,52.77749998113046,12.498551341492291,13.366027,16.147939682006836
2024-04-09 05:00:00,12.326391,47.15187889228416,10.893271877993552,12.382381,22.315473556518555
2024-04-09 06:00:00,39.651821000000005,48.32897959595512,16.019638948544397,19.486727,32.36372375488281
2024-04-09 07:00:00,116.214272,128.7306381295765,71.70247231026912,81.50123,50.27897644042969
2024-04-09 08:00:00,221.445125,211.91814166149427,179.57575936641285,166.65979,84.38998413085938
2024-04-09 09:00:00,306.182024,271.14027763503697,288.0218676617916,272.5198,187.1797637939453
2024-04-09 10:00:00,262.14400000000006,298.8567285488222,337.9448749704168,310.6787,251.35345458984375
2024-04-09 11:00:00,225.866529,258.50075248004947,225.51256991908352,210.50473,191.71563720703125
2024-04-09 12:00:00,218.167208,240.05614546333118,192.2384674529147,205.36833,133.60720825195312
2024-04-09 13:00:00,216.0,232.7951460865351,199.02257506325873,216.92462,145.41098022460938
2024-04-09 14:00:00,175.61599999999996,225.90032855715032,201.00926877657662,229.17401,228.47996520996094
2024-04-09 15:00:00,119.82315699999998,192.0792802916065,126.74631738196203,153.36697,209.91619873046875
2024-04-09 16:00:00,77.85448299999997,160.93340800995273,86.83067673735195,110.12425,106.83111572265625
2024-04-09 17:00:00,21.253933,144.95580974095515,59.1321083842869,47.00304,41.605873107910156
2024-04-09 18:00:00,8.489664000000001,66.46398688777808,16.603581618339152,14.309864,29.89133071899414
2024-04-09 19:00:00,6.028568000000001,66.08620209142444,10.587952462332293,14.483678,23.035064697265625
2024-04-09 20:00:00,3.241792,33.88630146467295,8.685994622321777,7.9759183,22.650848388671875
2024-04-09 21:00:00,1.6430319999999998,3.9512805302353016,2.9312694464582223,4.162541,13.638031005859375
2024-04-09 22:00:00,1.4815439999999995,8.52463286054249,1.4925303879648566,3.02,7.758975982666016
2024-04-09 23:00:00,2.248091,5.673187869411404,2.272993900805542,3.7053065,4.563507080078125
2024-04-10 00:00:00,3.944312000000001,12.428987896848586,4.857287517308855,5.189829,3.0787811279296875
2024-04-10 01:00:00,6.128487000000001,15.482143185353262,6.16572237394677,7.4835114,4.7659759521484375
2024-04-10 02:00:00,7.762391999999999,13.666035446552332,9.023820299911899,8.99782,14.670846939086914
2024-04-10 03:00:00,9.800344,12.078740259403794,12.817845368484463,13.091214,15.13347053527832
2024-04-10 04:00:00,10.218312999999998,15.948251762879963,11.596155835233242,12.875853,19.216766357421875
2024-04-10 05:00:00,11.390625,12.17968067615871,10.704774052783268,11.428842,22.892229080200195
2024-04-10 06:00:00,19.902511,19.493730063072462,15.406945799819548,17.915356,29.041616439819336
2024-04-10 07:00:00,73.03463199999999,44.3083212804162,36.49355866567708,45.496735,44.00312423706055
2024-04-10 08:00:00,47.83214699999999,135.91610801446498,92.59015290904452,86.36124,48.56010437011719
2024-04-10 09:00:00,48.627125,46.753682781327285,34.623639235953384,43.73696,70.80268859863281
2024-04-10 10:00:00,34.328125,87.85126634526652,47.005900923834794,45.54899,47.81404495239258
2024-04-10 11:00:00,39.304,73.6964011651703,25.242018819353547,26.396824,19.364299774169922
2024-04-10 12:00:00,36.926037,87.2674803041725,41.60790662509212,39.545795,12.912574768066406
2024-04-10 13:00:00,29.503629,51.36371053145719,35.949805905747766,35.558216,67.08783721923828
2024-04-10 14:00:00,24.642171000000005,36.42674030615302,24.354568595286494,26.497969,29.422571182250977
2024-04-10 15:00:00,15.069223000000004,45.68399321653169,22.12212626454919,23.062208,15.441642761230469
2024-04-10 16:00:00,6.751268999999999,23.147660930213718,10.702465834559348,9.453722,27.50296401977539
2024-04-10 17:00:00,0.5717869999999999,9.42660813718226,4.43964502601283,2.4146795,8.890010833740234
2024-04-10 18:00:00,0.079507,-37.52881399909541,1.030098181111666,1.6163677,9.648612976074219
2024-04-10 19:00:00,4.912999999999999,-33.55208935911575,1.582253845321648,2.9569674,7.937618255615234
2024-04-10 20:00:00,16.777216,56.32887317634084,23.99139686258333,20.708908,12.076976776123047
2024-04-10 21:00:00,27.543608,62.55433757062613,33.79301079210879,29.907417,35.47129821777344
2024-04-10 22:00:00,23.887872,54.88509108895553,35.765074926525756,34.111286,38.63874053955078
2024-04-10 23:00:00,14.526784,15.411232921450761,18.51635368328202,18.962305,30.39127540588379
2024-04-11 00:00:00,9.800344,-15.387057425889175,10.326412943036253,10.289467,13.784172058105469
2024-04-11 01:00:00,7.880599,-29.412142897129847,7.467755428149425,6.996247,8.052825927734375
2024-04-11 02:00:00,6.229504,-32.18040500730033,6.437878001224412,6.327974,5.727455139160156
2024-04-11 03:00:00,5.5452330000000005,-36.2711834987796,5.182224736418567,5.5347476,7.358242034912109
2024-04-11 04:00:00,6.644671999999999,-33.944001786696255,5.196105344683335,4.760768,5.577449798583984
2024-04-11 05:00:00,9.261,-18.66755784505839,8.095603264305492,7.772704,5.730018615722656
2024-04-11 06:00:00,20.123648000000003,-3.653055930958409,17.90494493249222,14.29072,9.236488342285156
2024-04-11 07:00:00,66.43012499999999,37.21710272863564,37.59254166076488,42.68621,22.6839656829834
2024-04-11 08:00:00,82.88185600000001,129.53311120635018,91.594577140559,83.1826,34.15126037597656
2024-04-11 09:00:00,146.36318299999996,132.78188142314116,90.40854245708962,87.8054,81.84591674804688
2024-04-11 10:00:00,175.61599999999996,216.78292490548557,191.76200471843745,189.59824,56.168792724609375
2024-04-11 11:00:00,172.80869300000003,239.42377933527015,156.12766930877373,168.8532,109.37781524658203
2024-04-11 12:00:00,151.41943700000002,228.84264288871702,148.13706224737408,149.76498,164.3199462890625
2024-04-11 13:00:00,131.87222899999998,202.07285199689034,109.52516164890794,124.897675,148.0277099609375
2024-04-11 14:00:00,110.59199999999998,201.69364678705665,107.48656071066846,112.98764,106.67599487304688
2024-04-11 15:00:00,91.733851,183.3196970883383,89.70043387280198,98.67975,111.6541748046875
2024-04-11 16:00:00,80.62156800000001,171.42139664882453,67.12000894049169,66.314896,65.4924087524414
2024-04-11 17:00:00,52.734375,169.5930756959106,69.84203238128796,69.72099,42.27373504638672
2024-04-11 18:00:00,17.173512000000002,129.66983504668255,40.61755469788697,38.30896,55.71046829223633
2024-04-11 19:00:00,21.484952,53.46934655283606,11.974849553846274,25.563643,29.55965805053711
2024-04-11 20:00:00,21.484952,60.18843631358973,35.21891996255235,36.065746,22.689640045166016
2024-04-11 21:00:00,18.191447,17.460521566471055,23.757380430929942,24.167976,20.11008644104004
2024-04-11 22:00:00,17.576,15.164288111770896,15.755123127350565,17.135054,16.455385208129883
2024-04-11 23:00:00,20.123648000000003,13.39401326873477,17.527889059545227,18.149548,17.278247833251953
2024-04-12 00:00:00,19.683000000000003,26.373674378784635,21.62780121601468,22.551893,14.110794067382812
2024-04-12 01:00:00,17.576,27.958692840549347,17.362692196657004,19.085241,21.46691131591797
2024-04-12 02:00:00,16.194276999999996,20.62974106963671,15.42622947061501,16.529203,21.713842391967773
2024-04-12 03:00:00,16.974592999999995,21.92983988556546,14.122050323165986,14.915626,19.111942291259766
2024-04-12 04:00:00,18.191447,29.952702325481393,17.862338578549668,19.392887,18.51688003540039
2024-04-12 05:00:00,17.576,41.86413071974319,19.743673632925507,21.106556,27.118560791015625
2024-04-12 06:00:00,31.255875,45.06242559328136,20.33947713124374,20.776903,54.722991943359375
2024-04-12 07:00:00,63.52119900000001,90.02941792164046,58.103689817729816,65.25368,64.70741271972656
2024-04-12 08:00:00,83.45345300000001,130.76089859583936,82.54811436417275,86.71188,85.82490539550781
2024-04-12 09:00:00,99.89734399999998,133.6320796235444,83.86588196991912,93.26665,155.2769775390625
2024-04-12 10:00:00,96.702579,158.3141521289272,90.61274503949952,93.795586,104.2186050415039
2024-04-12 11:00:00,82.31287499999998,156.27089881009996,85.83589508919165,85.35594,49.81155014038086
2024-04-12 12:00:00,65.45082700000002,128.5217014327949,67.84678901538459,67.13535,49.511863708496094
2024-04-12 13:00:00,50.243409,97.61459439922166,47.33297123316937,48.428482,52.159385681152344
2024-04-12 14:00:00,34.012224,91.79361509076021,37.5684262643244,40.272575,40.67713165283203
2024-04-12 15:00:00,25.67237500000001,74.75772715862696,25.514569244746816,26.780293,34.61138153076172
2024-04-12 16:00:00,22.425767999999994,67.28264181159372,21.496164885315764,20.352596,15.342453002929688
2024-04-12 17:00:00,10.077696,88.09754825485038,19.152713597212518,19.077442,17.382904052734375
2024-04-12 18:00:00,4.912999999999999,46.64379826245383,8.90580458712205,11.101747,15.222610473632812
2024-04-12 19:00:00,5.088448,28.325515129653525,4.567153452754778,8.501123,11.23543930053711
2024-04-12 20:00:00,5.088448,6.630027496924168,7.3276519014764485,6.457962,19.183719635009766
2024-04-12 21:00:00,5.5452330000000005,4.073803233547263,7.385143619631441,6.314724,12.079742431640625
2024-04-12 22:00:00,7.189056999999999,7.97210186084088,10.891102037447897,6.5527377,8.886348724365234
2024-04-12 23:00:00,8.998912,6.641766177534702,9.199740311578145,9.856092,7.726959228515625
2024-04-13 00:00:00,9.800344,8.019914897870539,10.957565316215241,10.964902,9.705238342285156
2024-04-13 01:00:00,9.393930999999998,4.760103051495172,10.796133351590102,11.499396,10.554100036621094
2024-04-13 02:00:00,9.261,-3.018447411046445,9.81464722833709,9.189705,12.683029174804688
2024-04-13 03:00:00,10.360232000000002,-16.287723859930594,10.271640246261873,9.7273655,11.473030090332031
2024-04-13 04:00:00,12.008989,-7.00904570573023,11.181492088201082,12.191298,11.323184967041016
2024-04-13 05:00:00,14.348907000000002,1.9450091373795821,12.85399708806023,13.362144,13.94599723815918
2024-04-13 06:00:00,18.821096000000004,14.680760409235088,18.992385354168857,20.48089,20.630367279052734
2024-04-13 07:00:00,50.653000000000006,23.177855064490984,35.04272851891406,39.244213,42.19558334350586
2024-04-13 08:00:00,42.144192,92.17527786915377,64.45881907428866,54.08414,32.44010925292969
2024-04-13 09:00:00,52.734375,48.041159905618656,34.033846754638255,41.00226,48.472686767578125
2024-04-13 10:00:00,40.353607,88.60071376982555,47.85937525835097,51.333927,30.540836334228516
2024-04-13 11:00:00,29.503629,58.45967880032184,29.363854216738623,28.912523,20.261932373046875
2024-04-13 12:00:00,17.373979,39.60687135817494,22.232479556432768,21.489676,17.47256851196289
2024-04-13 13:00:00,8.365426999999997,5.076061925602097,11.088021312254213,12.210968,18.603485107421875
2024-04-13 14:00:00,3.723875000000001,-6.179643581202043,4.964236715213268,4.9156566,9.598060607910156
2024-04-13 15:00:00,3.442951,-23.70375159318369,2.1970571052341423,2.002486,5.363189697265625
2024-04-13 16:00:00,4.492124999999999,-8.207335516127515,4.579732906994541,3.4793034,4.538719177246094
2024-04-13 17:00:00,1.815848,13.584963942485015,11.532707421214873,6.41068,6.9960784912109375
2024-04-13 18:00:00,1.157625,-12.492902876795718,2.0150535614255336,3.1651313,10.179985046386719
2024-04-13 19:00:00,3.176523,-4.770817691712814,2.740935552497786,4.779267,10.416851043701172
2024-04-13 20:00:00,5.832000000000001,5.858666698109531,7.556581343765041,6.8587484,14.877208709716797
2024-04-13 21:00:00,9.393930999999998,10.348261837694228,10.635678407195165,10.031368,14.837255477905273
2024-04-13 22:00:00,12.166999999999998,20.05772231628179,13.773990177480776,13.588067,13.111274719238281
2024-04-13 23:00:00,10.218312999999998,15.114564138107248,16.29871136390947,15.21712,12.856742858886719
2024-04-14 00:00:00,7.077887999999999,-6.097893922431396,11.034584120878169,9.053676,12.578414916992188
2024-04-14 01:00:00,5.088448,-22.50905382237324,4.7464080250053335,5.546451,8.238765716552734
2024-04-14 02:00:00,3.944312000000001,-37.67173740034986,4.191325953049605,4.0733852,6.5346832275390625
2024-04-14 03:00:00,3.652264,-42.6848672314291,3.4355666999952437,3.6590056,4.086997985839844
2024-04-14 04:00:00,4.251528,-40.18011249030507,3.524662403075175,3.6366806,3.845081329345703
2024-04-14 05:00:00,6.229504,-31.106781689803007,4.862509194016538,4.608188,4.1251678466796875
2024-04-14 06:00:00,7.880599,-12.893934404576648,8.742072495559741,9.473192,6.363780975341797
2024-04-14 07:00:00,27.818127,-14.739488164423626,13.74770743100451,15.897607,20.461355209350586
2024-04-14 08:00:00,23.639903000000004,50.65216148133146,33.11005119730467,34.16646,16.845693588256836
2024-04-14 09:00:00,20.123648000000003,11.27664122194702,19.70574962351772,22.578947,23.54574966430664
2024-04-14 10:00:00,17.173512000000002,27.830163866319886,16.171904111685517,13.161804,17.47581672668457
2024-04-14 11:00:00,15.438249000000004,16.650003568203065,14.514332138078673,13.839025,7.332393646240234
2024-04-14 12:00:00,12.008989,7.803006126973557,14.794579129548268,12.594451,9.189571380615234
2024-04-14 13:00:00,8.120600999999997,1.9195813826273742,10.094610011410463,9.158252,9.509231567382812
2024-04-14 14:00:00,6.128487000000001,-2.5279453430098755,5.788624472319208,6.2804904,9.908828735351562
2024-04-14 15:00:00,6.967870999999999,-6.383583862877678,5.39133601523948,5.0871797,4.6414031982421875
2024-04-14 16:00:00,8.998912,8.436320803791531,12.523689956773556,6.557969,5.241542816162109
2024-04-14 17:00:00,5.177717,28.007787335699184,15.011851084074728,10.212683,10.42083740234375
2024-04-14 18:00:00,4.574296,-0.22285376771087329,3.6359418679429343,6.351952,13.844219207763672
2024-04-14 19:00:00,13.823999999999998,10.634153942136592,6.519374829728539,7.0768385,11.870258331298828
2024-04-14 20:00:00,26.730899000000004,47.57499132991813,30.028223874503222,29.748108,20.599027633666992
2024-04-14 21:00:00,27.0,55.26269328868047,37.62918714104521,38.88061,23.79681968688965
2024-04-14 22:00:00,21.024576,37.40037004557051,26.199826367722693,26.283176,28.97784996032715
2024-04-14 23:00:00,16.194276999999996,16.56815024228528,15.830968166658186,16.2529,19.893606185913086
2024-04-15 00:00:00,11.852351999999996,4.184106463173297,12.051242119510043,12.458004,10.492923736572266
2024-04-15 01:00:00,9.663596999999998,-5.5302704925920665,9.171407871287721,9.21692,9.240455627441406
2024-04-15 02:00:00,7.880599,-10.923690570516385,8.117247965895082,7.977363,7.137165069580078
2024-04-15 03:00:00,7.077887999999999,-18.901761840628524,6.471670532070869,6.5850163,6.493648529052734
2024-04-15 04:00:00,6.858999999999999,-19.277030324651086,6.719128793559008,6.85737,5.275928497314453
2024-04-15 05:00:00,6.434856000000001,-17.00989373696642,6.978835520391065,6.511109,5.315132141113281
2024-04-15 06:00:00,5.832000000000001,-16.517104302293163,8.612035739522135,8.342913,6.683258056640625
2024-04-15 07:00:00,12.812903999999998,-22.843638185198394,9.980761930792891,11.786951,15.873058319091797
2024-04-15 08:00:00,24.137569000000003,3.046805345069121,15.311420053429716,13.911126,10.279796600341797
2024-04-15 09:00:00,30.959144,28.29993893940955,31.6583907678814,30.869894,8.383811950683594
2024-04-15 10:00:00,31.554496000000004,53.055261422995045,36.111597139066234,31.051056,29.012964248657227
2024-04-15 11:00:00,28.652616,55.31304180024466,29.994608361076093,28.143093,14.656696319580078
2024-04-15 12:00:00,23.887872,40.94714989949023,25.573466666719572,26.425583,30.332393646240234
2024-04-15 13:00:00,18.821096000000004,33.81421813798865,22.318090875151658,20.733982,16.98350715637207
2024-04-15 14:00:00,16.003008,31.733710552918584,15.555796769155402,15.287402,15.667362213134766
2024-04-15 15:00:00,17.173512000000002,28.24747887725688,15.042591491397925,13.610515,13.37307357788086
2024-04-15 16:00:00,17.373979,43.10268010391681,29.0826599971884,19.48236,12.509605407714844
2024-04-15 17:00:00,10.793861,52.93064563800109,28.887790252367623,15.812567,20.631492614746094
2024-04-15 18:00:00,3.796416,35.862775544467716,15.166900672680253,10.784398,18.195234298706055
2024-04-15 19:00:00,13.823999999999998,10.884359915834924,4.0554059301770256,6.384751,15.684122085571289
2024-04-15 20:00:00,31.855013,66.08630882192296,33.61918494411309,29.524601,17.328889846801758
2024-04-15 21:00:00,47.43792800000001,62.75451150993174,48.99742903008668,48.959732,29.117979049682617
2024-04-15 22:00:00,57.51245599999999,79.05178592584943,54.64892800622297,55.09895,39.21837615966797
2024-04-15 23:00:00,59.319,86.22704111605094,64.11991133287856,58.589523,42.682132720947266
2024-04-16 00:00:00,55.74296799999999,84.60149056402314,56.207608180189666,52.74234,35.31685256958008
2024-04-16 01:00:00,42.875,74.6784575347472,49.33703117972121,47.149014,32.88637161254883
2024-04-16 02:00:00,25.67237500000001,45.0021487017069,34.44593716368534,31.079094,33.8635139465332
2024-04-16 03:00:00,16.974592999999995,14.883544439834964,16.38684106956097,15.994525,17.8763427734375
2024-04-16 04:00:00,15.252992,6.962498684753573,11.305691476750852,12.13249,9.75613784790039
2024-04-16 05:00:00,14.348907000000002,12.02460753889616,14.622322720909779,13.999472,8.045337677001953
2024-04-16 06:00:00,21.717639,14.839857089491023,26.599176303928825,24.64984,13.860017776489258
2024-04-16 07:00:00,38.95821900000001,38.877463700751484,40.72980599844824,39.040867,39.817893981933594
2024-04-16 08:00:00,66.43012499999999,56.08288946827142,47.8405576610778,43.169815,35.126522064208984
2024-04-16 09:00:00,42.875,90.05403367520236,75.28472660931178,72.44013,21.48541259765625
2024-04-16 10:00:00,16.777216,50.26064357495514,28.873087195896584,22.877136,45.96952819824219
2024-04-16 11:00:00,5.832000000000001,5.503036778541038,8.032032215334857,7.902564,13.47188949584961
2024-04-16 12:00:00,2.097152,-26.316730485329764,4.734384127350908,3.007235,5.351837158203125
2024-04-16 13:00:00,1.3310000000000004,-33.48740393044974,1.501334471051812,1.1064299,2.9998397827148438
2024-04-16 14:00:00,1.5208749999999998,-23.158418779164414,1.7718538538401776,2.5555623,4.163036346435547
2024-04-16 15:00:00,3.112136,-20.022368043970943,2.8242683184189086,2.7449434,5.685749053955078
2024-04-16 16:00:00,7.762391999999999,4.0157498085631715,9.09453863397948,7.6712112,8.238533020019531
2024-04-16 17:00:00,15.438249000000004,47.36781476858839,23.465382036861744,20.5226,17.8817138671875
2024-04-16 18:00:00,49.027896000000005,83.96517930177899,46.10843899829602,37.635,45.729923248291016
2024-04-16 19:00:00,121.287375,167.1116860873787,101.53419146235639,128.18423,60.56951141357422
2024-04-16 20:00:00,188.13251700000004,212.2711261315677,214.10315014410725,220.49602,168.31207275390625
2024-04-16 21:00:00,181.321496,208.5688254485558,209.7510946371679,173.50876,189.8511505126953
2024-04-16 22:00:00,156.59081899999998,176.87464694488028,153.13950728680854,137.3143,132.9078826904297
2024-04-16 23:00:00,128.787625,155.04498575488478,115.47976023886191,115.881485,79.16024017333984
2024-04-17 00:00:00,109.215352,129.34792820664634,103.23963041342064,101.028076,70.28174591064453
2024-04-17 01:00:00,91.125,114.82426331676515,86.25207717609184,89.95772,60.13011932373047
2024-04-17 02:00:00,62.099136,105.92944825062622,63.39657174411989,64.1342,51.393829345703125
2024-04-17 03:00:00,35.611289,79.5004398029654,43.91061228765436,41.57196,43.71051025390625
2024-04-17 04:00:00,23.393656,51.91964354745298,21.30071600263849,22.789703,24.399940490722656
2024-04-17 05:00:00,14.706125000000004,42.723849955580825,13.94323498848788,16.03357,15.21635627746582
2024-04-17 06:00:00,16.387064000000002,27.3004425627419,26.385588862041,21.807137,16.289148330688477
2024-04-17 07:00:00,27.818127,40.5868422710772,30.15403526764135,31.415049,32.68864822387695
2024-04-17 08:00:00,48.22854400000001,51.546850151444744,37.80119283801943,35.062763,28.257484436035156
2024-04-17 09:00:00,59.319,74.34967012978576,54.58615122659398,54.052223,22.77968978881836
2024-04-17 10:00:00,52.31362400000001,94.73615969177567,70.3272389389224,56.860813,30.255760192871094
2024-04-17 11:00:00,37.93305599999999,86.24718872198528,45.2373874409262,44.72274,21.64169692993164
2024-04-17 12:00:00,31.554496000000004,61.20646233331984,33.25323011170757,31.328852,36.30093765258789
2024-04-17 13:00:00,35.28755199999999,58.49473459321493,26.581542349737333,30.602726,17.79015350341797
2024-04-17 14:00:00,49.027896000000005,77.46585916486956,52.30617760377373,42.76251,29.239910125732422
2024-04-17 15:00:00,70.444997,101.19686888045561,72.7233454783122,67.91351,60.96117401123047
2024-04-17 16:00:00,89.91539200000003,134.65367957049733,111.17917794662989,99.0616,85.69453430175781
2024-04-17 17:00:00,65.45082700000002,167.2756379298322,122.05392349835913,102.63468,149.0816650390625
2024-04-17 18:00:00,20.796875,132.06355163286594,46.65722006742839,41.0099,180.17153930664062
2024-04-17 19:00:00,36.594368,55.14867293255269,23.951916133288233,38.48837,60.58998107910156
2024-04-17 20:00:00,42.144192,108.50385630517121,67.72864098649671,58.65194,30.4553279876709
2024-04-17 21:00:00,41.421736,47.30169226537883,50.76241945616227,49.571487,46.7823486328125
2024-04-17 22:00:00,38.272753,44.78453781044464,43.675811750650645,42.122887,30.145984649658203
2024-04-17 23:00:00,34.965783,30.767914344773757,35.37045837704965,37.63422,30.960172653198242
2024-04-18 00:00:00,26.463592,22.20990983911525,39.54768028082243,33.382286,23.500507354736328
2024-04-18 01:00:00,17.373979,2.8454814352534186,23.136381014920936,21.176764,18.920629501342773
2024-04-18 02:00:00,11.089567,-17.271909876280986,12.129668626516702,12.537435,13.698116302490234
2024-04-18 03:00:00,7.762391999999999,-27.32165284205444,9.257440980280046,7.9652486,8.429134368896484
2024-04-18 04:00:00,7.077887999999999,-30.272753321327407,5.43767335367686,6.5130434,6.406822204589844
2024-04-18 05:00:00,7.301384,-25.859124641489245,6.925824303192005,6.935983,5.270103454589844
2024-04-18 06:00:00,7.301384,-21.295750856447775,10.828196452363864,11.5703335,8.150157928466797
2024-04-18 07:00:00,16.003008,-31.51602799128827,12.982143933723343,13.616997,28.693248748779297
2024-04-18 08:00:00,32.461759,1.945384198689247,18.037334516682954,20.88185,22.679859161376953
2024-04-18 09:00:00,48.22854400000001,39.71774255843371,42.250676702581835,38.997776,18.44344139099121
2024-04-18 10:00:00,31.255875,76.57850020147688,47.21698666948662,48.260735,42.019927978515625
2024-04-18 11:00:00,25.934336,37.70516488098151,20.56308086653442,22.230358,26.685850143432617
2024-04-18 12:00:00,24.897088,32.4004020262454,28.661849896735447,24.75898,12.806770324707031
2024-04-18 13:00:00,28.094464,29.484682452791557,28.172564176931814,23.9962,17.52711296081543
2024-04-18 14:00:00,36.264691,50.26078698678956,42.15070059138625,34.298412,22.791954040527344
2024-04-18 15:00:00,45.118016,67.69181118543911,57.605996956679164,48.83405,28.535966873168945
2024-04-18 16:00:00,54.87199999999999,84.24064634515474,52.60157850743153,48.909122,39.709327697753906
2024-04-18 17:00:00,36.926037,114.82253938198167,77.03305769373327,47.844757,41.0703239440918
2024-04-18 18:00:00,10.218312999999998,87.0085231108045,29.85761670293273,23.794598,54.41068649291992
2024-04-18 19:00:00,12.649337,35.535341550250656,19.423737469616253,18.118748,23.867162704467773
2024-04-18 20:00:00,19.683000000000003,56.300854377584585,33.69057894898168,27.201868,20.296480178833008
2024-04-18 21:00:00,27.543608,23.44569892458342,32.17613863692131,30.20874,23.36883544921875
2024-04-18 22:00:00,26.730899000000004,44.55406097208618,37.631858598932055,36.365604,19.617271423339844
2024-04-18 23:00:00,21.024576,29.050317203723015,30.283547411472437,25.834051,30.351835250854492
2024-04-19 00:00:00,13.823999999999998,11.652376471279755,18.72928764100642,17.837955,18.02434539794922
2024-04-19 01:00:00,8.120600999999997,-6.638529594648183,10.134985488907539,10.991695,10.970932006835938
2024-04-19 02:00:00,6.128487000000001,-26.14131731412099,4.943888291724187,6.2325253,8.771408081054688
2024-04-19 03:00:00,6.858999999999999,-30.81481890587804,5.335443428231428,5.3067827,5.268241882324219
2024-04-19 04:00:00,8.998912,-26.60634765801374,8.7076271780007,7.6531005,5.436981201171875
2024-04-19 05:00:00,10.360232000000002,-22.385073926060727,12.274501834087026,10.534286,8.449485778808594
2024-04-19 06:00:00,8.120600999999997,-23.631771837739215,18.726152907760255,17.717518,14.611583709716797
2024-04-19 07:00:00,14.706125000000004,-42.39980177038574,14.245943738383547,14.020159,33.68408203125
2024-04-19 08:00:00,8.242408,-5.727733598154813,16.027011421725806,19.215813,26.301794052124023
2024-04-19 09:00:00,43.98697699999999,-47.60836816601513,5.771520460368702,7.603442,16.659494400024414
2024-04-19 10:00:00,36.926037,92.8559259746931,58.171266189706074,55.046734,11.69122314453125
2024-04-19 11:00:00,22.425767999999994,36.15427990103987,37.969615216168684,34.61645,58.458717346191406
2024-04-19 12:00:00,13.997521000000004,20.45227345606731,18.057760455045653,19.334045,14.891040802001953
2024-04-19 13:00:00,10.360232000000002,-7.627635449676596,13.286740336500412,11.121188,12.11700439453125
2024-04-19 14:00:00,11.239424000000003,-3.08247849393414,10.882860512707776,8.507382,8.225814819335938
2024-04-19 15:00:00,17.373979,15.291900425774138,22.184405759151563,13.020799,9.061370849609375
2024-04-19 16:00:00,24.897088,42.63915778756295,34.09275306274739,26.230225,15.253328323364258
2024-04-19 17:00:00,31.255875,71.04479752497073,46.02088005477133,36.104652,26.403596878051758
2024-04-19 18:00:00,53.582633,97.95130924993722,52.19841605432496,35.8413,30.412803649902344
2024-04-19 19:00:00,103.16170900000004,157.00060931490637,90.13545486967452,100.737564,42.55268478393555
2024-04-19 20:00:00,165.46914900000002,190.4078450974554,169.58346825999996,155.54012,102.69702911376953
2024-04-19 21:00:00,207.474688,183.17674661438608,222.57748148986656,192.88676,112.31612396240234
2024-04-19 22:00:00,185.193,192.93138258740606,198.77059045209526,183.4925,113.56050109863281
2024-04-19 23:00:00,166.375,164.67949672744226,158.21383112431607,151.07019,119.83262634277344
2024-04-20 00:00:00,144.703125,154.84588165443654,140.1352660874515,140.13657,74.90687561035156
2024-04-20 01:00:00,111.98016800000002,135.73323026856903,113.75521134678073,113.20353,74.98213195800781
2024-04-20 02:00:00,73.56005900000002,109.1170634614829,82.13535321316834,75.47567,73.43153381347656
2024-04-20 03:00:00,38.272753,77.41399907166193,51.584746877483695,48.447945,53.070186614990234
2024-04-20 04:00:00,19.465109,38.66717599463637,23.296220255899584,25.1209,35.528411865234375
2024-04-20 05:00:00,12.487167999999995,17.474038220137995,11.253932832384216,11.614657,22.680072784423828
2024-04-20 06:00:00,22.425767999999994,11.630086668602317,21.942480700002598,21.817957,18.599367141723633
2024-04-20 07:00:00,34.64597599999999,44.127911913489086,40.61700758125676,39.563656,24.727888107299805
2024-04-20 08:00:00,34.012224,46.8691562141097,46.00020587963991,44.74871,54.066287994384766
2024-04-20 09:00:00,29.791000000000004,36.174806680220236,34.70285771068831,37.228455,43.04220962524414
2024-04-20 10:00:00,17.779580999999997,36.790313738147766,25.512690308242114,27.31741,21.30459976196289
2024-04-20 11:00:00,15.813250999999996,14.487246126307735,12.629202666779314,11.351226,8.25156021118164
2024-04-20 12:00:00,19.902511,21.811507854487786,15.700956684800241,17.727371,6.704685211181641
2024-04-20 13:00:00,24.389,36.21222080515713,33.64201028098144,29.342712,15.43802261352539
2024-04-20 14:00:00,28.652616,48.90423276206613,37.877040680139956,37.73298,26.841419219970703
2024-04-20 15:00:00,35.611289,58.833752826514264,49.80206439574558,42.866608,27.153926849365234
2024-04-20 16:00:00,49.430863,81.12285274226551,65.35082757030288,60.012833,34.05322265625
2024-04-20 17:00:00,73.56005900000002,118.67584925975112,73.78562024218992,78.719376,57.14519500732422
2024-04-20 18:00:00,94.196375,155.04031407956415,113.58226441015209,95.98997,93.58828735351562
2024-04-20 19:00:00,196.122941,168.32033214375923,124.88849656077211,128.4867,155.00140380859375
2024-04-20 20:00:00,287.4959999999999,231.76673382516321,262.1690220816667,256.68698,186.35914611816406
2024-04-20 21:00:00,265.847707,211.65691055001338,249.99686965594887,234.4785,169.11764526367188
2024-04-20 22:00:00,207.474688,177.89358932913154,196.14904312688824,189.27695,154.6124267578125
2024-04-20 23:00:00,157.46400000000003,144.7989326789447,160.36586048825305,163.44484,123.2134780883789
2024-04-21 00:00:00,110.59199999999998,119.31799655230054,122.8124967785,120.76147,77.31561279296875
2024-04-21 01:00:00,72.511713,92.7469827363291,78.55129379851608,73.943344,71.36397552490234
2024-04-21 02:00:00,45.499293,72.81751037609398,49.28424509419227,49.23623,48.56849670410156
2024-04-21 03:00:00,29.503629,52.95680093689963,29.494340900538155,30.588501,32.76066970825195
2024-04-21 04:00:00,20.346417,39.23660364579208,20.775939865727615,20.37468,24.37765121459961
2024-04-21 05:00:00,13.312053000000002,30.13528856771823,14.647552585474013,14.614706,20.22007942199707
2024-04-21 06:00:00,21.024576,18.617875820015335,22.729218318058514,21.008524,21.13024139404297
2024-04-21 07:00:00,28.372625,47.64413414176429,38.55980377854323,39.55361,37.91193771362305
2024-04-21 08:00:00,46.26827899999999,39.16911106309176,36.61524161810407,33.356907,48.6141242980957
2024-04-21 09:00:00,78.953589,69.68288599346712,53.6806379147828,56.63248,31.921314239501953
2024-04-21 10:00:00,72.511713,133.21571769334224,95.67852024438902,97.62345,29.34866714477539
2024-04-21 11:00:00,69.42653100000001,114.0428823508378,73.66937777152974,68.68476,48.824790954589844
2024-04-21 12:00:00,66.43012499999999,105.70359381725783,76.44571685021764,81.16546,45.141822814941406
2024-04-21 13:00:00,64.96480799999998,105.38404782677284,72.87433010023055,71.366905,55.108856201171875
2024-04-21 14:00:00,67.41914300000002,110.09369340327049,59.88254507293041,64.8553,59.245052337646484
2024-04-21 15:00:00,70.95794399999998,114.56671761908939,82.761143942491,68.117325,61.77042770385742
2024-04-21 16:00:00,66.43012499999999,127.07536307016207,94.61826036591972,80.364456,58.726863861083984
2024-04-21 17:00:00,43.614208,128.13148026327073,67.11142544437298,52.537766,69.0467529296875
2024-04-21 18:00:00,15.625,94.05399731007647,33.839062494758,29.955961,45.44696044921875
2024-04-21 19:00:00,33.076161,39.552262108741445,20.800573997166424,30.181875,25.688276290893555
2024-04-21 20:00:00,44.73887499999999,100.14700573695282,63.8391794004632,64.810555,22.569759368896484
2024-04-21 21:00:00,46.26827899999999,50.97181654434877,71.27477167389291,60.081303,42.20037078857422
2024-04-21 22:00:00,41.781923000000006,46.18230560288094,48.43219409858074,47.315453,34.45488357543945
2024-04-21 23:00:00,39.304,41.36469137029299,39.222744975152494,34.491898,37.770965576171875
2024-04-22 00:00:00,33.698267,39.825150246109885,36.8505217261489,39.513966,26.373313903808594
2024-04-22 01:00:00,26.463592,30.51446784887226,28.505244583333035,29.248465,26.07491683959961
2024-04-22 02:00:00,17.984728,17.71871859764086,24.120044599281833,22.18213,20.24411964416504
2024-04-22 03:00:00,10.941048000000002,4.640315188786275,13.354137795904029,14.127883,13.462230682373047
2024-04-22 04:00:00,5.177717,-6.983601336365787,8.781404694405472,7.9981112,9.590106964111328
2024-04-22 05:00:00,2.924207,-24.02889510966625,2.850941024747344,4.0750313,7.079578399658203
2024-04-22 06:00:00,3.375,-24.723428098348037,3.2082970547993614,4.744996,5.688972473144531
2024-04-22 07:00:00,8.365426999999997,-16.746383083130148,7.157041779038159,6.883719,13.093196868896484
2024-04-22 08:00:00,37.25970399999999,9.910240441346794,12.040902357545546,17.69417,14.453330993652344
2024-04-22 09:00:00,76.765625,94.76662369498837,57.227628465827,53.57776,17.091386795043945
2024-04-22 10:00:00,68.41792899999999,147.49838538638824,90.98606369878087,88.73573,63.69659423828125
2024-04-22 11:00:00,45.499293,124.61532068884964,64.13889639893472,56.759544,59.83000183105469
2024-04-22 12:00:00,21.951999999999995,88.63524517924708,34.51494804154716,32.30963,26.262107849121094
2024-04-22 13:00:00,9.938375,44.33473137332227,19.10046910362149,14.3234415,19.326528549194336
2024-04-22 14:00:00,6.967870999999999,20.618073039439643,8.516895825792895,10.321581,11.867290496826172
2024-04-22 15:00:00,11.239424000000003,26.20821793629407,5.816266154695399,7.287231,8.960052490234375
2024-04-22 16:00:00,20.796875,57.70729162763685,24.044425692514448,16.624834,11.881938934326172
2024-04-22 17:00:00,40.353607,91.44629193900838,43.262453179755774,40.50305,25.759822845458984
2024-04-22 18:00:00,62.099136,137.41312481690014,98.38924062488881,79.21248,41.52524185180664
2024-04-22 19:00:00,126.50600799999997,165.9702155327964,129.21571196877483,113.77486,79.33248901367188
2024-04-22 20:00:00,222.54501599999995,221.78363272035944,224.60238280285702,225.4191,113.31105041503906
2024-04-22 21:00:00,247.673152,248.38960635269137,268.8123587192857,250.19908,156.08714294433594
2024-04-22 22:00:00,171.87961599999997,236.2697703554849,215.11245111020784,210.24481,168.71214294433594
2024-04-22 23:00:00,133.43283100000002,178.6596104556993,114.7047700302392,121.87057,121.15946197509766
2024-04-23 00:00:00,109.902239,161.12311330515968,103.81418955408482,93.4245,52.24497604370117
2024-04-23 01:00:00,115.501303,139.69939615673573,87.99836688100568,88.05069,66.99134826660156
2024-04-23 02:00:00,117.64900000000004,160.55338571786197,107.08151658684456,100.2338,64.25133514404297
2024-04-23 03:00:00,120.55378400000002,156.2988230468742,108.95674336322638,110.6217,61.208499908447266
2024-04-23 04:00:00,121.287375,149.40694644614683,109.52783819366613,116.30903,64.2576675415039
2024-04-23 05:00:00,115.501303,145.9051949664346,107.28287367292153,109.3824,63.418243408203125
2024-04-23 06:00:00,154.854153,140.63145425229297,107.61519805267571,112.3267,72.83099365234375
2024-04-23 07:00:00,219.256227,181.5056786752303,203.0844990414601,189.8259,109.6328125
2024-04-23 08:00:00,332.812557,214.79460408057747,227.82111279749313,247.88065,166.5919647216797
2024-04-23 09:00:00,275.89445099999995,274.14049725855574,363.1707001566288,347.38028,255.73715209960938
2024-04-23 10:00:00,174.676879,229.10110023937136,235.2320481334478,226.3409,323.1070556640625
2024-04-23 11:00:00,123.50599200000003,176.1288725902522,96.67894526569867,101.01291,120.99361419677734
2024-04-23 12:00:00,97.97218100000002,147.27808051519682,96.9735546527139,120.39933,35.75347137451172
2024-04-23 13:00:00,79.50699999999999,145.2424178649721,89.54477397191017,89.7474,144.81350708007812
2024-04-23 14:00:00,70.95794399999998,149.13941923786413,67.66478476757565,73.89397,54.24775695800781
2024-04-23 15:00:00,80.62156800000001,145.89970790715836,91.16986058838387,71.13896,47.486549377441406
2024-04-23 16:00:00,94.81881599999996,164.9701905715332,109.58681764410238,84.395226,59.2746696472168
2024-04-23 17:00:00,82.31287499999998,189.71930278217454,105.99354570413979,87.001335,75.6851806640625
2024-04-23 18:00:00,13.144256,173.1090390429298,65.29605735425868,65.488174,103.42826080322266
2024-04-23 19:00:00,3.944312000000001,50.24377804413659,17.080230093181456,19.724009,50.05458068847656
2024-04-23 20:00:00,5.000210999999999,51.05542888396366,6.097058900758061,5.8617253,21.843109130859375
2024-04-23 21:00:00,7.077887999999999,44.70496993104561,9.521825376128474,8.785978,14.30133056640625
2024-04-23 22:00:00,10.941048000000002,40.683554802470084,13.296566064317666,17.216118,12.555076599121094
2024-04-23 23:00:00,16.974592999999995,44.02109236266561,19.44110012406732,20.05018,18.34326934814453
2024-04-24 00:00:00,19.248832000000004,43.200027775186996,29.97489118152568,33.52902,17.1173038482666
2024-04-24 01:00:00,15.438249000000004,41.78143014937777,24.80864192743933,24.931644,23.10424041748047
2024-04-24 02:00:00,9.938375,16.30643856128092,13.550992227838632,15.875965,21.98459243774414
2024-04-24 03:00:00,8.365426999999997,-13.03233206241402,8.583340838679277,8.398659,15.360803604125977
2024-04-24 04:00:00,8.489664000000001,-16.43233422617775,7.951189821034989,7.959422,8.738037109375
2024-04-24 05:00:00,8.615124999999997,-16.641413771061217,9.296422850344062,9.210758,8.599407196044922
2024-04-24 06:00:00,17.984728,-19.32155496823396,16.6731860835977,18.16978,10.392410278320312
2024-04-24 07:00:00,41.06362500000001,16.927040260857837,31.89795169266715,34.314903,19.814678192138672
2024-04-24 08:00:00,72.511713,55.206179058405645,57.19899242281078,56.12305,44.94355773925781
2024-04-24 09:00:00,96.702579,103.48436179273321,78.32939357508089,91.06212,41.18921661376953
2024-04-24 10:00:00,107.171875,138.78307116675495,106.4274943072493,92.63361,57.497894287109375
2024-04-24 11:00:00,113.379904,139.1294061769174,120.43532116485444,107.25923,52.29484939575195
2024-04-24 12:00:00,116.93016899999998,143.4628813278149,123.70052893175483,115.441864,88.15480041503906
2024-04-24 13:00:00,122.023936,160.8551148290902,136.2632947899648,125.97133,105.33345031738281
2024-04-24 14:00:00,125.751501,165.66973095695667,132.39279439162962,130.64369,94.22930145263672
2024-04-24 15:00:00,129.55421599999997,167.50931490936765,124.76250044048668,107.217575,108.60314178466797
2024-04-24 16:00:00,125.0,184.2173499091503,124.75446951607792,106.963776,88.19771575927734
2024-04-24 17:00:00,94.81881599999996,190.34728541280333,112.07865663610612,71.06984,88.61917877197266
2024-04-24 18:00:00,16.194276999999996,161.65722356795433,61.350343093356095,48.37641,57.91223907470703
2024-04-24 19:00:00,8.615124999999997,47.26351108168625,19.53940457457792,23.491259,27.89411735534668
2024-04-24 20:00:00,9.938375,73.83339999607085,9.117933021173467,13.621752,15.747932434082031
2024-04-24 21:00:00,14.526784,52.14046803882001,21.020132944708415,17.90808,12.732868194580078
2024-04-24 22:00:00,19.902511,58.82419610753019,29.188890212546177,26.95094,13.963274002075195
2024-04-24 23:00:00,27.0,59.01725422561962,30.41695892646102,28.535501,25.743967056274414
2024-04-25 00:00:00,30.664297,54.560140534508676,36.22826541861396,33.336887,23.670406341552734
2024-04-25 01:00:00,28.094464,51.21270144143654,32.25314278583657,32.0975,29.998119354248047
2024-04-25 02:00:00,21.717639,32.60881971386153,28.20674531669811,24.270292,32.24651336669922
2024-04-25 03:00:00,16.194276999999996,8.867942172593342,16.930261716225452,18.597353,24.563373565673828
2024-04-25 04:00:00,12.487167999999995,-4.434750126633503,13.697041979184455,12.467566,18.77529525756836
2024-04-25 05:00:00,10.793861,-7.684848627636903,10.674197762533527,11.154734,14.542724609375
2024-04-25 06:00:00,15.813250999999996,-3.4148275354408,19.21428725080507,21.098328,14.665130615234375
2024-04-25 07:00:00,40.001688,15.411855710486144,30.694822785733024,29.387594,33.8433837890625
2024-04-25 08:00:00,75.15144799999999,64.13552762276856,53.743721566223975,58.911663,30.236608505249023
2024-04-25 09:00:00,66.43012499999999,108.35309387213911,85.76766355035025,101.80303,45.68733215332031
2024-04-25 10:00:00,41.06362500000001,95.95584866048227,64.18316283126421,57.97741,63.321990966796875
2024-04-25 11:00:00,24.897088,65.04435339292984,24.065869331543567,26.117731,25.900609970092773
2024-04-25 12:00:00,14.706125000000004,28.90837435615298,23.739176789124993,21.464247,12.716087341308594
2024-04-25 13:00:00,9.663596999999998,15.681589547874559,10.761402084714023,11.890194,12.658218383789062
2024-04-25 14:00:00,8.489664000000001,17.80448882108896,8.96403407935881,7.459432,9.984371185302734
2024-04-25 15:00:00,10.360232000000002,14.251646408460822,9.070303780672612,7.9088345,10.283424377441406
2024-04-25 16:00:00,13.997521000000004,29.568107306769072,21.102217226464635,17.340734,12.966655731201172
2024-04-25 17:00:00,16.974592999999995,55.199610646568985,27.61223031407667,16.884579,20.677139282226562
2024-04-25 18:00:00,16.003008,69.79859816145834,34.41589002997319,27.878563,29.4045352935791
2024-04-25 19:00:00,51.064811,75.57554966247895,29.188110161085206,35.304253,32.87053298950195
2024-04-25 20:00:00,83.45345300000001,151.76152992057607,99.90777068914286,89.33639,45.39200210571289
2024-04-25 21:00:00,92.34540799999998,118.73766792772659,122.62873911734725,123.48204,75.57942962646484
2024-04-25 22:00:00,92.959677,111.92018561004934,88.70958768621793,84.494514,75.09442901611328
2024-04-25 23:00:00,83.45345300000001,103.1199547491725,86.12723986014882,80.87364,64.76699829101562
2024-04-26 00:00:00,56.62310399999999,85.2078492116156,63.86524074468973,66.12512,46.78215789794922
2024-04-26 01:00:00,34.64597599999999,45.369507664840796,37.56657526453742,34.974495,45.75474548339844
2024-04-26 02:00:00,21.717639,18.5393024303716,20.839393689689246,22.562788,24.79892921447754
2024-04-26 03:00:00,15.252992,3.2510043989589654,13.645688848683024,14.42048,15.398229598999023
2024-04-26 04:00:00,10.793861,-1.3375531811123764,12.440899878407313,11.750683,11.311531066894531
2024-04-26 05:00:00,6.128487000000001,-7.961925021645364,9.555666487440895,8.703281,11.009456634521484
2024-04-26 06:00:00,7.189056999999999,-23.081303957685563,9.916535624470384,9.300402,9.58172607421875
2024-04-26 07:00:00,11.390625,-11.707462061388703,13.388680782646325,13.677637,12.491790771484375
2024-04-26 08:00:00,11.852351999999996,-14.832773502656977,15.810792937368738,13.463342,13.732824325561523
2024-04-26 09:00:00,6.434856000000001,-31.4942608446566,12.860951180413506,15.435927,8.757354736328125
2024-04-26 10:00:00,4.019679000000001,-36.97520563558226,4.917871464825954,5.51671,7.814414978027344
2024-04-26 11:00:00,3.307949,-33.441561784506455,3.0244611540022883,2.3595338,4.279491424560547
2024-04-26 12:00:00,2.985984,-39.80414227114289,3.709957458274262,2.8116534,3.3780975341796875
2024-04-26 13:00:00,3.0486249999999995,-33.08075357199393,5.088142303013967,3.7902286,3.7620811462402344
2024-04-26 14:00:00,3.796416,-20.121912189280224,5.967671255027211,4.5171266,4.649681091308594
2024-04-26 15:00:00,5.5452330000000005,-16.380662886950432,8.226887307230509,7.2786126,6.1015472412109375
2024-04-26 16:00:00,10.503459,4.070543318337847,13.069037208203454,12.155204,9.032341003417969
2024-04-26 17:00:00,25.412184,48.08431311684898,23.957642657811274,26.04795,14.42024040222168
2024-04-26 18:00:00,55.74296799999999,107.10994967349595,55.96936691591932,54.056107,38.59634017944336
2024-04-26 19:00:00,150.56876800000003,161.47698050478775,121.5914868697579,135.62325,94.28167724609375
2024-04-26 20:00:00,253.636137,234.43042045264082,242.28055395999993,238.69412,159.52059936523438
2024-04-26 21:00:00,232.608375,222.22180020883468,255.6037832066666,230.80507,175.62777709960938
2024-04-26 22:00:00,170.95387499999998,175.8001693427259,181.16118508609375,174.90218,154.900146484375
2024-04-26 23:00:00,109.902239,134.12475607870647,123.78700661305304,125.293915,97.05987548828125
2024-04-27 00:00:00,59.319,87.82796501173226,73.10621564221667,71.942375,56.07233810424805
2024-04-27 01:00:00,27.543608,46.15923570648764,31.110948475194878,32.519306,44.952117919921875
2024-04-27 02:00:00,11.089567,11.927339183987353,16.459881890006763,15.44908,21.581008911132812
2024-04-27 03:00:00,6.858999999999999,-15.841777324741365,8.542869426183277,7.3546367,12.063941955566406
2024-04-27 04:00:00,5.832000000000001,-15.235850671001117,4.911811851611643,5.7240434,5.739841461181641
2024-04-27 05:00:00,4.251528,-12.787023314319619,5.241548043521399,5.283966,5.292171478271484
2024-04-27 06:00:00,8.120600999999997,-18.240465483294557,5.914981617632991,5.7271233,7.322074890136719
2024-04-27 07:00:00,15.252992,7.498051159826119,18.29131129518084,15.770319,16.584518432617188
2024-04-27 08:00:00,36.926037,11.004519021847223,21.618389153742623,18.10017,19.70970916748047
2024-04-27 09:00:00,58.411072,60.39392084292238,51.63360899352128,43.869633,15.810464859008789
2024-04-27 10:00:00,49.027896000000005,100.00282366521796,71.70607044327079,65.33789,26.66900062561035
2024-04-27 11:00:00,32.461759,83.42913409294546,40.464972829143505,36.737137,30.216320037841797
2024-04-27 12:00:00,19.248832000000004,48.429313655124844,22.97306877937061,24.315035,27.455564498901367
2024-04-27 13:00:00,13.997521000000004,24.640634747267825,13.072121139117154,13.4054365,13.088726043701172
2024-04-27 14:00:00,15.069223000000004,28.33264303567269,12.259279763370623,12.48626,12.344001770019531
2024-04-27 15:00:00,20.346417,42.61032974053341,25.06756930922104,22.444431,17.424968719482422
2024-04-27 16:00:00,29.218112,63.06834333373375,36.72626075215901,33.242344,28.363706588745117
2024-04-27 17:00:00,45.499293,91.99620872802072,53.25684937760672,47.574947,49.39191818237305
2024-04-27 18:00:00,63.52119900000001,123.56830086697025,80.62416755322218,69.769325,70.944091796875
2024-04-27 19:00:00,128.787625,142.72856506571569,113.42291653328567,109.67476,102.88931274414062
2024-04-27 20:00:00,194.104539,196.06161644148844,228.47617290035703,230.3986,159.3074188232422
2024-04-27 21:00:00,184.22000900000003,182.51782742355803,237.03674432628577,215.30916,162.01254272460938
2024-04-27 22:00:00,148.035889,143.10634121850487,170.82981779339153,155.14798,121.89550018310547
2024-04-27 23:00:00,106.49642400000002,109.86384931959572,106.16409328324954,107.330666,89.71736145019531
2024-04-28 00:00:00,68.92099999999998,75.60632966383281,76.9331782029628,72.28443,58.815189361572266
2024-04-28 01:00:00,50.653000000000006,48.60968360715633,49.67643421823273,47.702934,44.99837875366211
2024-04-28 02:00:00,38.614472,44.97754388029061,35.2890604346919,36.180702,30.41234016418457
2024-04-28 03:00:00,25.67237500000001,36.96207404378395,28.518533260708242,28.037628,30.435760498046875
2024-04-28 04:00:00,15.069223000000004,20.339755931875807,16.913117263062276,18.261684,26.859148025512695
2024-04-28 05:00:00,9.938375,5.138364141386223,10.547324078132455,10.494814,17.953947067260742
2024-04-28 06:00:00,16.581374999999998,1.9545180295745084,19.029449459484496,19.395702,12.092689514160156
2024-04-28 07:00:00,26.463592,32.99503195057488,30.445900902142576,32.26351,20.271751403808594
2024-04-28 08:00:00,19.248832000000004,31.53759854246149,34.16310268998809,35.221184,53.106510162353516
2024-04-28 09:00:00,7.301384,-6.86557503105216,14.820178928927508,16.209326,32.803855895996094
2024-04-28 10:00:00,2.6856189999999995,-36.06948144076343,4.651507561160251,5.293041,11.41641616821289
2024-04-28 11:00:00,2.5154560000000004,-44.56565463723238,1.7259196384120472,1.7836834,3.401641845703125
2024-04-28 12:00:00,4.826809,-33.53256591131325,3.2109014353126315,2.9597015,0.97882080078125
2024-04-28 13:00:00,9.663596999999998,-3.897383971410264,14.93716223130538,11.52847,4.81610107421875
2024-04-28 14:00:00,16.387064000000002,23.25938038324388,23.7951224820793,20.280298,12.353813171386719
2024-04-28 15:00:00,21.951999999999995,43.606820857603665,34.41204960749351,33.38771,22.24976921081543
2024-04-28 16:00:00,28.094464,64.71992235789799,48.51911320389559,38.02226,33.594276428222656
2024-04-28 17:00:00,41.781923000000006,92.25442705439889,48.42434001363365,40.242756,39.61659622192383
2024-04-28 18:00:00,51.064811,123.65457090323886,74.30825771099997,61.38481,54.35038757324219
2024-04-28 19:00:00,84.027672,126.89735078495369,74.94904915650875,89.21824,89.05999755859375
2024-04-28 20:00:00,100.54462500000002,154.11791500541122,138.25793155066668,112.02208,106.37020111083984
2024-04-28 21:00:00,99.89734399999998,115.6013208420558,103.2652135694938,103.8347,110.4703140258789
2024-04-28 22:00:00,89.91539200000003,95.78116699920645,88.83580044316314,92.23778,61.434722900390625
2024-04-28 23:00:00,70.95794399999998,78.30931488994518,75.15669040539609,67.522865,51.44025421142578
2024-04-29 00:00:00,44.361864,54.036153832914735,54.81104006939002,50.97635,46.05519485473633
2024-04-29 01:00:00,26.463592,25.746704295834142,29.15078457839562,27.756338,33.3764533996582
2024-04-29 02:00:00,17.173512000000002,5.227449082634287,20.361187381229858,17.593582,16.374095916748047
2024-04-29 03:00:00,11.239424000000003,-7.054705808920794,11.417497511274762,11.98674,11.450050354003906
2024-04-29 04:00:00,6.331625000000001,-18.795257375336263,9.35747242486296,8.321441,8.026485443115234
2024-04-29 05:00:00,3.307949,-30.869974162144096,3.986849185517143,4.5986214,6.505653381347656
2024-04-29 06:00:00,4.741631999999999,-38.06207920747939,3.243081009822599,3.7924762,4.415218353271484
2024-04-29 07:00:00,5.735339000000001,-18.591706127135012,7.469265169379001,9.297,8.203353881835938
2024-04-29 08:00:00,8.489664000000001,-34.375155671164,6.79177858242428,8.223552,10.36478042602539
2024-04-29 09:00:00,9.663596999999998,-15.376254879369071,13.195203680431316,17.147617,7.091869354248047
2024-04-29 10:00:00,12.166999999999998,11.570929591025134,11.412186088101702,12.20643,8.253833770751953
2024-04-29 11:00:00,16.003008,26.0999110850563,14.85848422572625,13.914659,7.1371002197265625
2024-04-29 12:00:00,18.609625,27.133321107115037,22.46379589059204,21.324894,12.658615112304688
2024-04-29 13:00:00,20.123648000000003,45.318888807508365,28.783686771936203,22.91645,17.1201171875
2024-04-29 14:00:00,20.123648000000003,53.55003265524008,25.14455284034805,24.058031,24.078453063964844
2024-04-29 15:00:00,20.796875,51.18513152350049,21.031901087686318,23.648506,22.109825134277344
2024-04-29 16:00:00,24.389,59.60875655986966,25.594450943875245,27.198336,20.731525421142578
2024-04-29 17:00:00,33.698267,82.20461774337315,31.527313753912733,28.673172,27.092926025390625
2024-04-29 18:00:00,47.43792800000001,110.4763680740273,58.532626574306796,43.272514,38.288429260253906
2024-04-29 19:00:00,100.54462500000002,135.38760371244337,69.44351913164023,85.062294,61.3919677734375
2024-04-29 20:00:00,153.99065600000003,188.67696152285413,152.34408111711355,141.53021,98.50149536132812
2024-04-29 21:00:00,162.771336,174.58354941041154,222.09721963101254,208.14914,131.58950805664062
2024-04-29 22:00:00,138.188413,156.90165893476322,152.68196734839682,140.69472,103.92387390136719
2024-04-29 23:00:00,96.702579,132.8822174682811,109.87569936684939,105.9506,75.68743133544922
2024-04-30 00:00:00,62.099136,93.7712102675273,64.5140723860099,64.66731,56.9431037902832
2024-04-30 01:00:00,32.76800000000001,59.82245638558385,41.98978498557565,38.903324,34.43046569824219
2024-04-30 02:00:00,18.399744,26.60770119691191,19.962536560898062,20.845999,21.47113800048828
2024-04-30 03:00:00,10.793861,12.068522392644397,11.194021049870726,11.108871,10.569007873535156
2024-04-30 04:00:00,7.645372999999999,-0.21400244796306822,8.577552566345119,8.156866,8.87948226928711
2024-04-30 05:00:00,6.028568000000001,0.26421164279977205,5.37809595865638,6.289194,5.702075958251953
2024-04-30 06:00:00,13.651919,-0.1498889223174622,8.30551540093213,9.518598,6.807132720947266
2024-04-30 07:00:00,17.576,40.343385867412174,24.85782026705083,26.293121,15.307579040527344
2024-04-30 08:00:00,52.31362400000001,22.356951313176452,25.756599995048532,24.84308,30.899478912353516
2024-04-30 09:00:00,89.91539200000003,102.98523326433704,70.03985403129771,76.66201,16.565841674804688
2024-04-30 10:00:00,106.49642400000002,147.27430346106,107.71476329283358,110.37684,47.86970520019531
2024-04-30 11:00:00,109.902239,162.2795868618655,137.88705457224748,110.78792,58.55839538574219
2024-04-30 12:00:00,101.194696,149.15440737102088,127.59177048968915,115.84839,94.94507598876953
2024-04-30 13:00:00,95.44399300000002,140.7064203353894,100.4950857131195,99.10931,80.54414367675781
2024-04-30 14:00:00,94.81881599999996,144.36084986910757,91.15276639383232,86.35814,77.1710205078125
2024-04-30 15:00:00,94.81881599999996,140.29988450549098,93.46187375188154,81.41468,80.71466064453125
2024-04-30 16:00:00,88.121125,147.5949923908536,93.40225498145321,82.19199,61.096256256103516
2024-04-30 17:00:00,68.41792899999999,153.60757247261546,93.60850945276208,71.82681,82.41687774658203
2024-04-30 18:00:00,40.001688,137.34571406631287,58.16495940763646,43.40509,70.40326690673828
2024-04-30 19:00:00,69.934528,104.32349589293938,34.87150416122047,49.174397,41.9588623046875
2024-04-30 20:00:00,115.501303,151.68785700255415,113.49489545136987,102.17836,38.64126968383789
2024-04-30 21:00:00,120.55378400000002,130.40605869425264,181.16904445177772,133.80257,73.37066650390625
2024-04-30 22:00:00,114.79125600000002,107.2227115150692,130.66044278275209,126.739136,74.62870788574219
2024-04-30 23:00:00,100.54462500000002,104.84297608671642,101.10007445755842,95.16733,72.49777221679688
2024-05-01 00:00:00,78.953589,86.77381067148923,81.67569484513109,78.47302,68.00358581542969
2024-05-01 01:00:00,57.51245599999999,55.7917882988458,62.983551244113876,59.31635,48.954872131347656
2024-05-01 02:00:00,40.001688,38.26729306833802,42.34234547727539,41.953156,44.37199783325195
2024-05-01 03:00:00,32.461759,23.923149111068767,26.905883974876495,27.050514,29.24603843688965
2024-05-01 04:00:00,25.153757,28.168416262193087,25.861684907213156,26.703472,18.99155044555664
2024-05-01 05:00:00,17.173512000000002,21.82058222367759,20.51896797504648,19.573795,23.488784790039062
2024-05-01 06:00:00,21.253933,10.588980912089927,30.039714941951058,30.93179,24.735010147094727
2024-05-01 07:00:00,24.897088,28.711254720224584,37.163115284848544,37.426266,39.50687026977539
2024-05-01 08:00:00,37.93305599999999,13.322562266929495,33.31968820450715,29.149054,43.825618743896484
2024-05-01 09:00:00,45.882712000000005,38.35682993359405,48.75067442942662,45.469383,17.5814208984375
2024-05-01 10:00:00,49.836032,64.36505978000548,42.37461694526359,47.228138,19.255752563476562
2024-05-01 11:00:00,54.87199999999999,71.96943880211441,58.78550224548426,52.00645,21.948923110961914
2024-05-01 12:00:00,58.86386900000001,72.41306851700963,68.78404677287688,60.866356,47.23862075805664
2024-05-01 13:00:00,64.0,84.5167727384328,83.5267699376516,73.434616,57.45216369628906
2024-05-01 14:00:00,67.91731200000001,95.697155049283,83.49009289751662,71.115875,56.18803405761719
2024-05-01 15:00:00,63.52119900000001,100.9672485365679,83.83504216499345,77.83739,64.96210479736328
2024-05-01 16:00:00,64.96480799999998,112.03113442575858,53.18858726408143,57.033978,69.460205078125
2024-05-01 17:00:00,84.60451899999998,127.47434696483842,63.32440132037515,67.12704,66.41301727294922
2024-05-01 18:00:00,107.171875,152.793362326988,116.04902037828703,101.348976,67.24869537353516
2024-05-01 19:00:00,216.0,167.83120161522538,161.88464590697475,162.5394,164.572998046875
2024-05-01 20:00:00,279.726264,238.7447560719326,264.8495436535238,259.13327,191.84915161132812
2024-05-01 21:00:00,273.35944900000004,210.72039512178944,247.77775278073335,229.72809,193.03675842285156
2024-05-01 22:00:00,222.54501599999995,184.05816574246052,213.94319871278148,225.12056,157.92552185058594
2024-05-01 23:00:00,167.28415099999998,146.9737673631825,179.07494525465162,161.55956,136.49847412109375
2024-05-02 00:00:00,105.82381700000003,116.10226420325316,127.47656081729929,133.16743,98.06805419921875
2024-05-02 01:00:00,52.734375,79.35082910285101,73.61607765488445,75.59023,75.82440185546875
2024-05-02 02:00:00,33.076161,37.39626298221063,27.998387865074054,31.123781,40.554351806640625
2024-05-02 03:00:00,25.934336,34.33925995507947,20.01840568661008,22.930248,21.273103713989258
2024-05-02 04:00:00,22.906303999999995,31.575660216844245,21.399195982895943,20.5663,19.199920654296875
2024-05-02 05:00:00,18.609625,33.44377915838729,20.00573644550262,20.541386,20.730026245117188
2024-05-02 06:00:00,25.67237500000001,26.341373650543307,31.64982325185684,32.51566,28.12027359008789
2024-05-02 07:00:00,35.93699999999999,44.04277586782338,42.53693348117811,43.426212,52.47916793823242
2024-05-02 08:00:00,41.781923000000006,40.711413480798925,45.43916695707889,45.45716,44.298583984375
2024-05-02 09:00:00,40.001688,40.71251039980727,38.6525771752057,36.238995,23.78799819946289
2024-05-02 10:00:00,39.651821000000005,47.503836564978116,35.932024277062716,29.06478,14.64950942993164
2024-05-02 11:00:00,42.875,64.34292393847568,37.66868978655976,35.9293,14.265617370605469
2024-05-02 12:00:00,39.651821000000005,64.66280973034274,48.20713596172403,49.52904,35.581260681152344
2024-05-02 13:00:00,32.15743200000001,56.86403784168048,43.16718659239967,42.617573,43.490509033203125
2024-05-02 14:00:00,25.412184,52.00623203105133,26.521336724351137,28.851107,26.43828773498535
2024-05-02 15:00:00,28.652616,45.48764997901769,32.81581081217609,26.310616,24.335819244384766
2024-05-02 16:00:00,56.181887,69.2723036412749,50.05312106166294,40.390945,25.89527130126953
2024-05-02 17:00:00,126.50600799999997,137.10011876189776,103.35629915174997,103.601234,72.17012786865234
2024-05-02 18:00:00,192.100033,214.01961463469212,241.76408769188882,245.0848,198.39097595214844
2024-05-02 19:00:00,274.625,235.06498732988624,272.76678503179477,271.10345,310.1197509765625
2024-05-02 20:00:00,252.43596800000003,240.55693367540317,260.0003136221985,261.28027,263.3087463378906
2024-05-02 21:00:00,199.176704,168.232471458448,183.12816211867732,172.40291,179.52047729492188
2024-05-02 22:00:00,117.64900000000004,132.19042371381573,152.1713668693137,144.26155,112.55879974365234
2024-05-02 23:00:00,59.77647100000001,73.51064790644685,82.04406375105572,78.25137,101.5037612915039
2024-05-03 00:00:00,30.959144,40.35567147686838,30.969647160961717,30.71099,44.43598175048828
2024-05-03 01:00:00,16.581374999999998,22.44080402671421,18.45478307490143,17.848818,23.075910568237305
2024-05-03 02:00:00,8.0,7.399715388075261,10.476263910704095,9.265621,14.293745040893555
2024-05-03 03:00:00,3.307949,-13.994030638015602,4.873493583715209,5.4425845,9.96347427368164
2024-05-03 04:00:00,1.6430319999999998,-35.38550626172954,2.634736791321203,2.0463855,5.755695343017578
2024-05-03 05:00:00,1.771561,-40.23110635146178,1.6565915186442035,1.7250628,3.013111114501953
2024-05-03 06:00:00,5.359375,-28.689473353263374,3.654615886948583,7.8070984,2.608692169189453
2024-05-03 07:00:00,13.481272,-13.302018977332168,13.875153493547089,10.246392,13.910240173339844
2024-05-03 08:00:00,28.094464,6.296238943167911,20.362495554813243,17.732853,13.12994384765625
2024-05-03 09:00:00,16.581374999999998,36.71811019197432,39.94687617263301,31.579424,17.48090362548828
2024-05-03 10:00:00,2.0483830000000003,6.164920980424249,12.928405472527956,9.594497,18.690725326538086
2024-05-03 11:00:00,0.032768,-64.83358711461534,1.189088617994127,1.0306354,7.947727203369141
2024-05-03 12:00:00,2.803221,-100.7377076050044,0.5989605437823995,0.68876696,1.2299957275390625
2024-05-03 13:00:00,5.451776,10.118710871407384,11.203099346577556,9.019008,0.4154014587402344
2024-05-03 14:00:00,3.581577,5.596880236566644,14.49370533096816,12.666037,26.265268325805664
2024-05-03 15:00:00,1.3676310000000005,-21.70896009613046,3.9837621524782634,4.723697,11.442665100097656
2024-05-03 16:00:00,2.0483830000000003,-45.62425812443373,3.7226792293694206,3.674626,9.816062927246094
2024-05-03 17:00:00,14.706125000000004,-11.188193227636752,8.420500346596564,8.000742,7.660022735595703
2024-05-03 18:00:00,62.57077300000001,74.26603339643498,57.42724440071431,51.520767,21.72559928894043
2024-05-03 19:00:00,188.13251700000004,161.54446219876414,147.43287794500003,159.33385,125.03611755371094
2024-05-03 20:00:00,286.191179,238.1082705841111,271.56080669000005,255.77667,214.5625
2024-05-03 21:00:00,225.866529,223.0599364661948,249.25609774316675,238.35031,213.99276733398438
2024-05-03 22:00:00,131.87222899999998,148.8858972723099,162.59190378367765,161.07729,166.95965576171875
2024-05-03 23:00:00,59.319,93.07895953789728,88.209294105619,81.72333,81.15359497070312
2024-05-04 00:00:00,34.64597599999999,37.87682184468423,28.656135174038486,28.02342,43.918888092041016
2024-05-04 01:00:00,27.270900999999995,34.929160814737926,20.070234551506257,22.457722,22.014873504638672
2024-05-04 02:00:00,28.372625,38.99716095391416,23.844878209118573,21.475763,14.655948638916016
2024-05-04 03:00:00,30.371328,48.11540488931768,29.543101505959648,28.279167,21.866073608398438
2024-05-04 04:00:00,27.543608,50.10095739447023,30.560424785040162,30.323282,34.07802963256836
2024-05-04 05:00:00,22.425767999999994,41.02723737536531,24.726273035766056,23.02385,38.82013702392578
2024-05-04 06:00:00,43.98697699999999,34.18954296269622,41.210154254572814,38.97651,39.21691131591797
2024-05-04 07:00:00,93.576664,90.54177005440098,83.2980387561634,69.349815,58.821529388427734
2024-05-04 08:00:00,100.54462500000002,125.44060875438612,124.21823945915477,128.26344,76.9457778930664
2024-05-04 09:00:00,74.08800000000001,101.21337191819208,86.469217806872,83.83919,66.72337341308594
2024-05-04 10:00:00,53.15737599999999,81.72818423090614,50.06176970287418,45.320858,32.559654235839844
2024-05-04 11:00:00,38.272753,69.15505733826112,41.87315133281655,36.273205,19.999248504638672
2024-05-04 12:00:00,29.503629,56.66587459323924,33.18523044920482,32.71669,28.100610733032227
2024-05-04 13:00:00,23.887872,60.46302849685839,24.591314948480267,29.582642,24.33182144165039
2024-05-04 14:00:00,19.902511,54.341159891582855,23.141261198437395,23.348387,27.61433982849121
2024-05-04 15:00:00,19.248832000000004,41.26983296457401,16.55382424768027,19.699404,32.44706726074219
2024-05-04 16:00:00,19.902511,51.68277632012838,20.81069250075851,22.743227,30.253334045410156
2024-05-04 17:00:00,20.346417,75.95225648725261,24.020736254205094,26.686672,46.235015869140625
2024-05-04 18:00:00,28.372625,77.72995563707987,24.990883829990025,26.556067,34.87482452392578
2024-05-04 19:00:00,57.066625,95.29538702738446,52.437103926790854,60.847187,51.83450698852539
2024-05-04 20:00:00,97.97218100000002,109.31557931245402,101.77747463161428,99.428955,120.32455444335938
2024-05-04 21:00:00,149.72129099999998,99.22462569453398,133.55794338352723,122.465355,108.55755615234375
2024-05-04 22:00:00,155.720872,133.99419270472276,168.57819614187014,159.26434,74.90912628173828
2024-05-04 23:00:00,126.50600799999997,127.90517526752407,134.5402599596942,127.93648,110.20731353759766
2024-05-05 00:00:00,103.16170900000004,101.44051196914313,95.7453124444776,102.13559,85.41996765136719
2024-05-05 01:00:00,76.765625,81.08409078125902,79.48450164166705,80.5671,55.96467590332031
2024-05-05 02:00:00,54.87199999999999,59.419278938646556,56.12950037974366,53.295273,54.19185256958008
2024-05-05 03:00:00,42.144192,45.67205465960949,38.49019718269348,38.896217,43.63381576538086
2024-05-05 04:00:00,28.934442999999995,42.774979577482085,31.755849210378404,31.353214,28.43203353881836
2024-05-05 05:00:00,17.984728,29.901483521331347,21.629563973770182,21.416176,23.150468826293945
2024-05-05 06:00:00,37.595375,23.877482306365785,27.860107565281474,29.275852,27.075592041015625
2024-05-05 07:00:00,76.225024,84.09441600571901,82.23934458742853,68.25509,39.17104721069336
2024-05-05 08:00:00,61.629875000000006,101.38170593852544,93.66717787642325,99.29654,77.807373046875
2024-05-05 09:00:00,41.421736,60.20608493498294,49.89263218213848,42.549225,59.66666030883789
2024-05-05 10:00:00,32.15743200000001,42.733134736526935,25.728595060083197,20.571856,19.99538803100586
2024-05-05 11:00:00,38.272753,38.35413857080393,25.010548962244524,20.0876,10.830596923828125
2024-05-05 12:00:00,57.960603000000006,65.02585238788828,44.42005772323746,44.786728,16.2060604095459
2024-05-05 13:00:00,91.125,98.30816849538317,92.94698150159624,98.34943,51.414703369140625
2024-05-05 14:00:00,150.56876800000003,135.98205302562414,144.07203249279758,138.96083,104.89356994628906
2024-05-05 15:00:00,228.09913100000003,192.78960505343628,250.68653330166669,235.16794,196.81825256347656
2024-05-05 16:00:00,331.373888,252.83516291380016,303.56985160188464,338.0929,405.4349365234375
2024-05-05 17:00:00,452.9848319999999,307.0107040302791,430.3727963691667,384.13385,530.7859497070312
2024-05-05 18:00:00,489.303872,344.8600394776378,507.277546845833,464.30847,530.84228515625
2024-05-05 19:00:00,445.9437439999999,321.87313107348564,403.8168973795943,411.05154,459.928955078125
2024-05-05 20:00:00,356.400829,258.87564814853823,371.1249492319507,352.3233,382.36712646484375
2024-05-05 21:00:00,262.14400000000006,184.66872220289744,287.5988745702627,293.7899,304.820068359375
2024-05-05 22:00:00,202.262003,140.12656422145173,197.69345480807246,204.6904,201.91427612304688
2024-05-05 23:00:00,146.36318299999996,132.3836767411896,168.12571500043148,176.61409,142.7797393798828
2024-05-06 00:00:00,117.64900000000004,117.27738171570871,116.0560323565433,123.262886,113.30240631103516
2024-05-06 01:00:00,100.54462500000002,125.23952418944486,91.30768291448386,90.09373,72.45712280273438
2024-05-06 02:00:00,84.60451899999998,120.08173665069992,83.3384989903758,79.470795,72.77470397949219
2024-05-06 03:00:00,73.03463199999999,112.38791627331292,66.30810379881054,65.66021,66.15018463134766
2024-05-06 04:00:00,65.45082700000002,109.36408939735162,58.470601049039466,58.47931,52.22319030761719
2024-05-06 05:00:00,52.734375,110.38327094226753,57.60244248177861,59.11191,49.56336212158203
2024-05-06 06:00:00,71.47337500000002,102.72672015970358,63.86940285946494,73.746635,94.2119140625
2024-05-06 07:00:00,134.217728,136.89873854644964,114.07000016009573,120.36458,164.70062255859375
2024-05-06 08:00:00,149.72129099999998,181.10938243305213,184.7979960435103,201.54749,166.59808349609375
2024-05-06 09:00:00,141.420761,162.86561606114898,130.03285036649618,126.503914,163.58377075195312
2024-05-06 10:00:00,122.76347299999998,158.92094032258498,125.72810936109417,124.25659,101.52102661132812
2024-05-06 11:00:00,100.54462500000002,144.51251098701968,93.39783367257856,90.58964,91.67430114746094
2024-05-06 12:00:00,96.702579,138.71177183187194,86.27060128637153,90.300026,69.36082458496094
2024-05-06 13:00:00,103.823,144.9152685799686,103.54121738538153,101.53399,76.15025329589844
2024-05-06 14:00:00,108.53133299999998,145.742011032962,130.93496641693784,118.72742,139.46914672851562
2024-05-06 15:00:00,133.43283100000002,147.3865223028041,125.68586209915331,115.280464,162.6785888671875
2024-05-06 16:00:00,216.0,175.34017487028433,176.034245181008,137.55585,140.61221313476562
2024-05-06 17:00:00,406.869021,249.15350291655645,278.1912862396018,321.01614,280.95452880859375
2024-05-06 18:00:00,627.222016,331.46781565635007,451.9639218860097,571.8372,395.26470947265625
2024-05-06 19:00:00,672.221376,361.6454824076474,594.4615673800002,567.6473,430.943359375
2024-05-06 20:00:00,565.6092829999999,314.36008845202247,627.1279724183335,483.76242,398.41845703125
2024-05-06 21:00:00,480.048687,253.34774568784422,487.3767629793415,442.1238,343.534423828125
2024-05-06 22:00:00,451.217663,228.1356993852943,410.92624383619045,457.72388,279.8924255371094
2024-05-06 23:00:00,398.688256,229.6644889981735,417.1000516311677,412.90082,306.56195068359375
2024-05-07 00:00:00,338.608873,213.91873187487917,346.6445248629753,329.77072,300.1197509765625
2024-05-07 01:00:00,300.76300000000003,202.90541161361134,288.0565867440895,283.9038,250.67803955078125
2024-05-07 02:00:00,242.970624,206.61828451701075,260.64889602310024,260.44357,190.48680114746094
2024-05-07 03:00:00,174.676879,182.6385776033167,187.73821533625912,182.74785,173.79483032226562
2024-05-07 04:00:00,117.64900000000004,160.75791918719054,129.29749647759854,130.07814,136.54507446289062
2024-05-07 05:00:00,71.47337500000002,141.91591835392157,80.16212349362185,77.064064,81.25306701660156
2024-05-07 06:00:00,78.402752,119.08478232506658,59.06922366447144,74.87709,75.16900634765625
2024-05-07 07:00:00,218.167208,150.50097357870865,118.83589458785872,119.47449,130.58619689941406
2024-05-07 08:00:00,370.146232,263.1291432996027,294.9946267170734,287.71066,160.46499633789062
2024-05-07 09:00:00,184.22000900000003,309.5453777452735,427.80859414999975,364.24805,379.6810302734375
2024-05-07 10:00:00,57.51245599999999,182.66842570859424,143.1711895831267,129.5725,514.9506225585938
2024-05-07 11:00:00,57.066625,93.40414037941383,30.98260463494346,29.545626,106.89588928222656
2024-05-07 12:00:00,61.162984,138.3740274082257,65.5025786248193,61.18813,26.317363739013672
2024-05-07 13:00:00,65.45082700000002,156.0617629607964,73.46525196476937,71.20762,272.5400695800781
2024-05-07 14:00:00,71.47337500000002,174.7661014205042,70.9550777652318,78.155365,78.33845520019531
2024-05-07 15:00:00,82.31287499999998,164.2194833757471,81.93215813881545,78.22678,58.66130065917969
2024-05-07 16:00:00,96.071912,173.81366181748442,101.54424702967242,99.88756,166.74835205078125
2024-05-07 17:00:00,96.702579,192.05647426952427,106.19168926133331,101.151276,96.7795181274414
2024-05-07 18:00:00,42.50854900000001,171.67398461037754,97.52178098866789,74.52788,91.4881591796875
2024-05-07 19:00:00,44.361864,73.40607768837424,37.518804935014046,46.06488,88.72383117675781
2024-05-07 20:00:00,49.027896000000005,86.16047311582221,44.434660653173076,49.548466,32.80058670043945
2024-05-07 21:00:00,56.181887,65.7245110740075,50.05631279593507,50.319508,26.686220169067383
2024-05-07 22:00:00,57.960603000000006,76.30617517839963,56.365207584253476,65.635666,49.088722229003906
2024-05-07 23:00:00,42.875,79.13928618735427,59.93714977729581,60.23688,60.53154373168945
2024-05-08 00:00:00,23.887872,53.71152249646533,34.18854195153752,32.473495,48.13713455200195
2024-05-08 01:00:00,13.997521000000004,29.33153434350057,15.087979581069938,15.285287,27.748647689819336
2024-05-08 02:00:00,11.543175999999995,14.239106443168762,9.78990560505987,9.887826,10.931400299072266
2024-05-08 03:00:00,10.941048000000002,19.375847231581734,10.182319504149916,10.860829,7.446006774902344
2024-05-08 04:00:00,8.741816,29.251114640553432,11.424967046075242,11.258101,9.843524932861328
2024-05-08 05:00:00,5.6397520000000005,21.159935504571088,8.154983508503546,8.139341,10.32394027709961
2024-05-08 06:00:00,12.487167999999995,10.398503773105304,10.013332620350397,12.412153,12.169662475585938
2024-05-08 07:00:00,14.172488,55.57131987716524,23.57163294521196,25.498537,20.78632354736328
2024-05-08 08:00:00,15.438249000000004,20.832774775215988,19.156439153982575,19.76139,27.088563919067383
2024-05-08 09:00:00,23.887872,21.03370550279752,13.590416769978699,15.366858,13.54641342163086
2024-05-08 10:00:00,34.328125,52.413839802619194,30.4800018549218,25.868164,9.826045989990234
2024-05-08 11:00:00,40.707584,69.1679878798562,42.55220447287351,43.821823,21.330190658569336
2024-05-08 12:00:00,45.499293,71.05959985032527,43.64441961526894,47.813057,46.73830795288086
2024-05-08 13:00:00,53.582633,75.24597939082582,48.40339588265654,50.43746,33.730491638183594
2024-05-08 14:00:00,61.162984,96.08967003771332,66.53826881779483,65.56462,48.68115997314453
2024-05-08 15:00:00,81.182737,100.47683909357244,80.42546953653705,74.870895,82.16629791259766
2024-05-08 16:00:00,114.79125600000002,128.2269569478187,106.67492554214792,113.54507,66.11105346679688
2024-05-08 17:00:00,151.41943700000002,169.0870393756781,156.2266612374632,148.35057,135.767822265625
2024-05-08 18:00:00,132.65099999999998,196.94451070151896,174.36214470714404,166.72203,203.92356872558594
2024-05-08 19:00:00,136.59087500000004,168.07031317262926,103.90638431634848,123.350784,151.5975341796875
2024-05-08 20:00:00,128.024064,165.4929128860727,119.05355031783411,118.07098,88.41694641113281
2024-05-08 21:00:00,87.52838400000002,129.8442343621926,114.63273008137674,107.8705,79.59848022460938
2024-05-08 22:00:00,48.627125,78.85321161732261,62.17105302495127,61.65254,56.56119155883789
2024-05-08 23:00:00,24.389,41.938150094047515,29.32898265448961,28.901566,37.46413803100586
2024-05-09 00:00:00,10.077696,16.4319882238833,15.35437697033982,15.299088,18.585798263549805
2024-05-09 01:00:00,4.330746999999999,-5.098203154569134,6.323621777998917,5.74295,10.1873779296875
2024-05-09 02:00:00,2.5154560000000004,-17.786525221937886,2.2457783888389686,2.3875594,5.9480438232421875
2024-05-09 03:00:00,2.5713530000000007,-24.549105429671613,1.9877785225930353,2.075309,3.6132049560546875
2024-05-09 04:00:00,4.096000000000001,-16.011036866747915,2.75086428271622,2.9770956,2.9727439880371094
2024-05-09 05:00:00,5.735339000000001,0.004184348558943896,5.728697756223837,5.5567393,4.674671173095703
2024-05-09 06:00:00,20.796875,7.85689380181433,11.704359351700695,14.763151,11.317890167236328
2024-05-09 07:00:00,43.98697699999999,73.13867779584564,37.675080611094394,40.484554,36.14066696166992
2024-05-09 08:00:00,59.319,94.71992488782419,57.494124154355426,68.0499,50.98944854736328
2024-05-09 09:00:00,54.439939,102.63700676536757,65.41178985893293,66.17213,47.662353515625
2024-05-09 10:00:00,41.781923000000006,85.44823818258229,41.18119436445127,42.403362,44.06163024902344
2024-05-09 11:00:00,33.698267,62.26742945852408,30.538310179254513,29.495295,28.057376861572266
2024-05-09 12:00:00,34.012224,51.73450672897175,26.657146773514583,29.901764,24.634233474731445
2024-05-09 13:00:00,43.98697699999999,59.43359518222255,35.85348668219056,35.61249,31.585430145263672
2024-05-09 14:00:00,68.92099999999998,86.26495831086012,50.05917606838465,58.203827,48.31901168823242
2024-05-09 15:00:00,114.08412499999996,121.15882080149589,98.89606623717988,109.338234,92.31051635742188
2024-05-09 16:00:00,194.104539,175.44263642384325,178.9125879725001,176.38742,165.10098266601562
2024-05-09 17:00:00,279.726264,250.8866020756927,293.3793507697621,311.02127,280.01141357421875
2024-05-09 18:00:00,298.07763199999994,284.4573187399919,329.16266888415333,332.32196,348.92156982421875
2024-05-09 19:00:00,283.59339300000005,256.5512858331899,288.92298340696124,264.96933,250.0068817138672
2024-05-09 20:00:00,210.644875,219.53449561965766,237.9572456044646,220.51965,170.81771850585938
2024-05-09 21:00:00,137.38809600000002,157.4968883340492,156.9760251019907,147.15242,159.6613006591797
2024-05-09 22:00:00,97.33599999999998,119.11211924578359,97.41691893937669,94.1534,93.10127258300781
2024-05-09 23:00:00,67.41914300000002,108.6836703796063,67.5761039019846,69.20934,59.55137634277344
2024-05-10 00:00:00,48.22854400000001,93.73224967173161,49.948401290111775,49.55191,48.56751251220703
2024-05-10 01:00:00,35.93699999999999,85.67046480605336,34.11562267706361,34.230194,33.56698226928711
2024-05-10 02:00:00,25.153757,76.31804041129325,26.9226543349777,26.436369,29.989038467407227
2024-05-10 03:00:00,18.821096000000004,53.35643721740559,17.29948998403882,17.798414,18.804189682006836
2024-05-10 04:00:00,13.651919,45.72295942858932,15.40899047232756,14.212895,16.88872718811035
2024-05-10 05:00:00,9.393930999999998,36.497962662906374,10.435590769068353,10.910687,18.471315383911133
2024-05-10 06:00:00,25.412184,26.66558230853544,19.085067669044825,23.33176,30.88982391357422
2024-05-10 07:00:00,57.960603000000006,86.74620228700459,46.584833903979394,48.490303,31.91416358947754
2024-05-10 08:00:00,75.68696700000002,116.0406708702439,73.55194751675998,79.35402,52.988861083984375
2024-05-10 09:00:00,74.08800000000001,118.59512836729502,76.82148933448097,74.88408,56.5297966003418
2024-05-10 10:00:00,63.044792,113.9951822949964,65.90883663212806,64.22362,42.152957916259766
2024-05-10 11:00:00,53.15737599999999,101.49070565987245,52.38669535378117,54.398117,43.476097106933594
2024-05-10 12:00:00,46.656000000000006,89.8936716300909,45.271858796707086,52.06035,44.992828369140625
2024-05-10 13:00:00,45.118016,87.90377688211908,43.699881449770075,49.08307,41.253273010253906
2024-05-10 14:00:00,46.656000000000006,88.27059402708093,45.40504813166532,51.04954,46.735713958740234
2024-05-10 15:00:00,58.411072,89.15347095417278,50.01593269587317,56.892372,64.83164978027344
2024-05-10 16:00:00,93.576664,112.55528071161305,88.58465620207141,89.69813,64.73983764648438
2024-05-10 17:00:00,170.031464,159.31325569076685,126.528296921484,136.64908,129.91921997070312
2024-05-10 18:00:00,233.744896,219.9695042409792,214.7978361443472,230.07918,219.9857635498047
2024-05-10 19:00:00,295.408296,237.99223181216266,221.8796244662249,236.53043,277.98089599609375
2024-05-10 20:00:00,253.636137,245.02233322431042,265.5191476692801,284.7362,221.63925170898438
2024-05-10 21:00:00,166.375,185.95792870471448,197.32859638747763,192.72005,186.94186401367188
2024-05-10 22:00:00,109.215352,131.53516616532042,121.89648426748415,121.49069,122.40555572509766
2024-05-10 23:00:00,79.50699999999999,105.112912171169,75.69556035700214,78.36985,71.0605697631836
2024-05-11 00:00:00,61.629875000000006,98.03467872626584,59.84023809811001,60.839115,52.98365020751953
2024-05-11 01:00:00,47.43792800000001,89.33295090439216,52.294259292696324,49.41489,44.26752471923828
2024-05-11 02:00:00,36.926037,77.35510481162143,36.303487211656694,36.91803,37.45787048339844
2024-05-11 03:00:00,40.707584,65.45281259748083,29.76835642433038,29.346874,24.571367263793945
2024-05-11 04:00:00,47.43792800000001,81.75172564369413,41.855423362343224,42.791924,22.579099655151367
2024-05-11 05:00:00,49.027896000000005,94.29118554622247,48.506440630766356,50.216564,60.508079528808594
2024-05-11 06:00:00,86.350888,97.6535760408801,59.953976888390926,67.9748,82.5284652709961
2024-05-11 07:00:00,193.100552,153.07464512484466,123.64322709596784,134.68684,159.1218719482422
2024-05-11 08:00:00,209.58458400000004,224.18989290147113,278.4268012515029,275.23276,263.687744140625
2024-05-11 09:00:00,148.87699999999998,197.17710526339783,206.09799613692823,198.73395,248.52806091308594
2024-05-11 10:00:00,85.18400000000003,151.0599477946161,102.43293037992188,102.365944,117.05619049072266
2024-05-11 11:00:00,49.027896000000005,104.03826024198224,51.934616764474605,53.70048,52.455684661865234
2024-05-11 12:00:00,32.15743200000001,82.66125174221818,33.78735089836911,36.340565,33.741371154785156
2024-05-11 13:00:00,25.153757,76.69977146012248,21.450196024639737,27.614775,53.92587661743164
2024-05-11 14:00:00,24.642171000000005,69.84399330650389,22.095433743697267,26.95609,31.687602996826172
2024-05-11 15:00:00,38.95821900000001,74.08384578021344,27.50524217114834,32.61039,40.122135162353516
2024-05-11 16:00:00,76.225024,114.70450831997721,63.16776684054535,67.500465,72.32975769042969
2024-05-11 17:00:00,109.215352,159.43703514530048,117.56150062391102,124.29509,125.11408996582031
2024-05-11 18:00:00,116.214272,169.82888521048366,138.27911649345052,132.73126,179.65171813964844
2024-05-11 19:00:00,135.005697,139.2980060410339,109.73529255083783,120.10995,144.61090087890625
2024-05-11 20:00:00,124.251499,128.48139563809104,131.90067545717227,131.55894,78.5657730102539
2024-05-11 21:00:00,106.49642400000002,97.4656147418003,110.88075765357397,97.25398,94.45574951171875
2024-05-11 22:00:00,85.18400000000003,89.29983751264189,92.2887091013787,93.9034,91.91720581054688
2024-05-11 23:00:00,55.306341,76.24852643930535,66.80510236670548,70.25591,55.422264099121094
2024-05-12 00:00:00,38.272753,51.75473797241014,37.60265732725657,38.997627,48.92478561401367
2024-05-12 01:00:00,30.080231,46.01117804374239,27.37200650584917,26.60942,27.43348503112793
2024-05-12 02:00:00,26.198073000000004,39.689016117134294,23.255092241145686,23.610477,23.43665313720703
2024-05-12 03:00:00,24.897088,40.36382237287921,22.575318530782386,22.49403,18.1910343170166
2024-05-12 04:00:00,22.906303999999995,42.904513239500886,22.62269420041014,22.206306,19.00417709350586
2024-05-12 05:00:00,20.123648000000003,44.91374540949911,20.949340748209664,20.953775,28.812402725219727
2024-05-12 06:00:00,36.926037,43.13268379163068,32.41779763361917,32.83267,64.10484313964844
2024-05-12 07:00:00,53.15737599999999,85.36667234288825,62.797022865171606,66.47207,56.860992431640625
2024-05-12 08:00:00,57.066625,82.01146017683368,65.68811007957724,71.40937,69.87859344482422
2024-05-12 09:00:00,40.001688,71.78060780459379,58.18899137843102,58.62468,52.12726593017578
2024-05-12 10:00:00,24.137569000000003,37.35035118172976,27.670930461223065,25.185825,25.609468460083008
2024-05-12 11:00:00,13.651919,11.09125277173002,15.62832467866981,17.32261,14.148887634277344
2024-05-12 12:00:00,7.762391999999999,-5.082118929057707,9.114734356545066,10.69142,11.490432739257812
2024-05-12 13:00:00,4.826809,-13.218219455717502,4.842362543362967,8.43231,8.066905975341797
2024-05-12 14:00:00,2.803221,-17.910268957853482,3.6446652677844433,5.7025375,7.036258697509766
2024-05-12 15:00:00,0.8043570000000001,-35.312841178693766,2.1044645847741243,3.8742418,6.556957244873047
2024-05-12 16:00:00,1.815848,-65.4445490825625,0.5650283178173963,1.9904294,4.605983734130859
2024-05-12 17:00:00,8.615124999999997,-22.223904462557094,5.316202546602124,4.0507674,2.4048385620117188
2024-05-12 18:00:00,25.934336,37.17624262362766,26.176758130899856,26.714184,11.237411499023438
2024-05-12 19:00:00,81.74650399999999,82.55500047372561,70.39643589521424,71.77439,69.57292175292969
2024-05-12 20:00:00,126.50600799999997,140.5178288141989,115.61069633882659,111.95543,115.50985717773438
2024-05-12 21:00:00,101.847563,134.7980771783795,121.19527692461742,126.885254,115.13343811035156
2024-05-12 22:00:00,67.91731200000001,88.22983863598196,75.01784740180588,76.84969,88.43016052246094
2024-05-12 23:00:00,34.64597599999999,56.5943327021199,46.849043699485065,45.50248,46.88560104370117
2024-05-13 00:00:00,13.997521000000004,14.844445752147374,21.65470597416103,22.404448,29.45740509033203
2024-05-13 01:00:00,5.000210999999999,-6.257881743500519,8.76270029595479,7.546618,13.159313201904297
2024-05-13 02:00:00,2.248091,-26.09848659138187,2.5584646713176706,2.6130817,6.542079925537109
2024-05-13 03:00:00,1.225043,-35.2027288684259,1.5970907105817842,1.3055587,3.1578712463378906
2024-05-13 04:00:00,0.8573749999999999,-42.1329369785713,1.0401957752307718,1.2595239,1.3820266723632812
2024-05-13 05:00:00,1.157625,-44.16438806318617,0.806567594245398,1.4311348,0.6066627502441406
2024-05-13 06:00:00,3.869893,-28.078888753987506,1.952934600037637,3.3635278,0.9120063781738281
2024-05-13 07:00:00,10.077696,-2.535738405766452,7.354154862416576,7.0908766,7.4269561767578125
2024-05-13 08:00:00,22.188041,13.149889254888581,14.482240196595853,14.484099,9.855236053466797
2024-05-13 09:00:00,26.730899000000004,45.99616236709486,37.533992731509684,30.551699,13.278358459472656
2024-05-13 10:00:00,23.639903000000004,40.71010407395416,28.5132905347345,28.464615,20.463237762451172
2024-05-13 11:00:00,18.191447,27.617956452985826,18.121300150636518,19.03864,19.10735511779785
2024-05-13 12:00:00,11.697083,19.89190011465551,14.87098214788121,14.34241,15.228605270385742
2024-05-13 13:00:00,7.077887999999999,-3.1604950158536766,7.737525004682279,8.369021,10.921455383300781
2024-05-13 14:00:00,4.251528,-13.2318606987551,4.8861166728410454,5.9114656,7.657268524169922
2024-05-13 15:00:00,2.248091,-24.28917931565227,2.6912364887945084,3.8095107,6.840785980224609
2024-05-13 16:00:00,1.6016129999999995,-35.44210769696023,1.9779137035109642,2.0047424,7.262931823730469
2024-05-13 17:00:00,2.299968,-27.735201567156572,2.874567142354477,2.4927995,6.369270324707031
2024-05-13 18:00:00,7.880599,-8.964677516973879,5.060580346898241,5.185929,8.32125473022461
2024-05-13 19:00:00,45.882712000000005,30.62944320914897,21.250888892263152,25.732244,18.25542640686035
2024-05-13 20:00:00,112.678587,115.92281215480193,67.98381759061981,71.506485,74.8177490234375
2024-05-13 21:00:00,122.76347299999998,153.61590184090824,128.22298483431314,115.75558,121.85713195800781
2024-05-13 22:00:00,82.31287499999998,132.09765663335577,111.81882503778844,100.84273,112.30451965332031
2024-05-13 23:00:00,38.614472,86.1325236080038,57.00676471727581,54.762897,59.24803924560547
2024-05-14 00:00:00,16.387064000000002,31.98731076869693,23.007033376837555,21.79954,28.229108810424805
2024-05-14 01:00:00,6.858999999999999,3.6935889587270267,9.482833631986841,8.256327,11.319927215576172
2024-05-14 02:00:00,3.723875000000001,-13.01025044416761,4.5355937879476995,3.4059408,6.855327606201172
2024-05-14 03:00:00,2.5713530000000007,-18.406621803464596,2.532366225275182,2.083209,4.219600677490234
2024-05-14 04:00:00,1.4815439999999995,-22.83600517077725,2.0683548930271667,2.3703249,3.3258514404296875
2024-05-14 05:00:00,0.8305839999999999,-37.010641510483474,1.2320811004424357,1.6279004,2.8239059448242188
2024-05-14 06:00:00,1.124864,-42.826002064718814,0.7239795412950468,3.68444,1.7787513732910156
2024-05-14 07:00:00,3.944312000000001,-35.768300021704384,2.049693399147556,2.2789881,4.3451385498046875
2024-05-14 08:00:00,2.4603750000000004,-14.141599861397694,6.858255805110892,6.018938,3.4666481018066406
2024-05-14 09:00:00,0.3285089999999999,-55.79766869818153,2.7592719966758206,2.281567,6.744472503662109
2024-05-14 10:00:00,0.012167,-94.87687027294518,0.42246223779247855,0.85310966,3.416973114013672
2024-05-14 11:00:00,0.3732479999999999,-112.55473244563126,0.341774185819284,1.3453943,1.1245880126953125
2024-05-14 12:00:00,2.299968,-61.659522066012165,1.8460130277896756,1.332924,-0.5218009948730469
2024-05-14 13:00:00,6.229504,-25.258724689864117,7.700805837132768,5.943687,0.8859634399414062
2024-05-14 14:00:00,11.543175999999995,2.279437559921355,12.928583149457138,11.920315,6.058925628662109
2024-05-14 15:00:00,16.777216,26.04697302792954,20.447813287994776,18.876192,19.298994064331055
2024-05-14 16:00:00,24.389,52.12039174765221,22.212692057704484,22.91607,23.686676025390625
2024-05-14 17:00:00,32.461759,82.85612244962013,44.093552785095305,42.445705,28.20928382873535
2024-05-14 18:00:00,30.959144,95.15520928797045,47.52636200127092,42.260357,36.63917922973633
2024-05-14 19:00:00,60.698457000000005,76.07581109750924,39.78656868851459,52.979393,45.11334991455078
2024-05-14 20:00:00,92.34540799999998,119.81709463782562,74.37089419249051,80.62177,52.72945022583008
2024-05-14 21:00:00,74.08800000000001,125.51459017133845,95.48520393943123,98.8851,74.32616424560547
2024-05-14 22:00:00,48.22854400000001,81.1752840024157,59.392367838810266,50.566505,54.633567810058594
2024-05-14 23:00:00,28.094464,53.059516714618894,31.079837636377018,27.301165,27.951574325561523
2024-05-15 00:00:00,16.194276999999996,26.867064744348514,18.471134895326905,17.067293,17.524499893188477
2024-05-15 01:00:00,8.120600999999997,11.742058959446986,10.335376481182983,10.816863,9.757015228271484
2024-05-15 02:00:00,3.442951,-9.020494326902956,4.963065977569446,5.424476,7.578327178955078
2024-05-15 03:00:00,2.0483830000000003,-27.764925379180376,1.8676503784171985,2.3859756,4.081058502197266
2024-05-15 04:00:00,1.953125,-28.033583229461733,1.3052319457648331,1.8949933,2.157917022705078
2024-05-15 05:00:00,2.0483830000000003,-21.924972261649202,2.1878682125081275,2.2356234,1.4210395812988281
2024-05-15 06:00:00,5.177717,-17.29961686552207,3.086484963249833,4.5540004,2.4300498962402344
2024-05-15 07:00:00,14.886936,10.501847686601039,9.462697759181367,9.246028,10.254364013671875
2024-05-15 08:00:00,14.526784,38.62324170203369,20.525911839904882,19.607754,11.283973693847656
2024-05-15 09:00:00,4.492124999999999,10.090745422815303,15.002914720115239,15.087033,16.932769775390625
2024-05-15 10:00:00,0.3732479999999999,-44.23413880906764,2.0749045833763,2.4493756,10.170299530029297
2024-05-15 11:00:00,0.1851929999999999,-85.12720198408587,0.5963611180161082,1.2100388,3.7705078125
2024-05-15 12:00:00,1.191016,-67.96273304199039,0.3259907788270862,1.2390836,0.06206512451171875
2024-05-15 13:00:00,3.0486249999999995,-26.00185997445881,3.610271718266992,2.9097848,0.065338134765625
2024-05-15 14:00:00,5.929741000000001,-15.242015989200588,5.242249392015467,6.62579,5.309333801269531
2024-05-15 15:00:00,8.998912,-3.0958607344661786,10.599961088235734,10.816966,8.540824890136719
2024-05-15 16:00:00,17.173512000000002,14.733572750960278,15.64504241447209,15.551908,17.996965408325195
2024-05-15 17:00:00,31.855013,58.74298851838537,29.59059088731776,30.441689,19.208887100219727
2024-05-15 18:00:00,38.272753,93.0509616775671,58.36472537634077,51.8629,49.1688117980957
2024-05-15 19:00:00,72.511713,93.32000294562211,49.689182107909055,70.04045,70.84476470947266
2024-05-15 20:00:00,94.196375,136.36217430408402,88.27648478245528,93.02603,84.15943908691406
2024-05-15 21:00:00,93.576664,125.69875692765092,93.36132632140165,87.14336,95.00656127929688
2024-05-15 22:00:00,80.62156800000001,111.47272790096778,75.96756805124923,74.999344,50.807472229003906
2024-05-15 23:00:00,61.629875000000006,95.65687516830181,63.41323666984947,60.05114,48.521305084228516
2024-05-16 00:00:00,49.836032,72.2856685319996,47.620539644436604,42.973156,42.60814666748047
2024-05-16 01:00:00,44.361864,62.8938413669448,38.216840310283416,37.36179,24.565032958984375
2024-05-16 02:00:00,40.001688,63.71032043877631,36.40704532015431,35.498146,25.361173629760742
2024-05-16 03:00:00,36.926037,61.72570613173387,33.33889620597348,30.484241,25.704919815063477
2024-05-16 04:00:00,34.64597599999999,62.028689128649106,34.24299697574584,33.13799,23.93341827392578
2024-05-16 05:00:00,27.818127,58.78298837611386,30.711425585482157,30.782253,24.093673706054688
2024-05-16 06:00:00,37.595375,46.852189014626084,43.77526078319197,41.666534,34.450645446777344
2024-05-16 07:00:00,47.83214699999999,72.2160757909147,65.16064676755596,61.513214,62.99878692626953
2024-05-16 08:00:00,42.144192,77.30176647222233,54.438970130964805,52.90617,64.05635833740234
2024-05-16 09:00:00,17.373979,72.48965035225851,35.888197313694484,32.677486,34.441802978515625
2024-05-16 10:00:00,5.929741000000001,13.663569316694232,9.463857209517624,9.237752,18.424585342407227
2024-05-16 11:00:00,2.744,-7.639428158672281,3.244981904954676,3.2898996,6.645038604736328
2024-05-16 12:00:00,2.248091,-6.935203028689223,1.5456696990681034,2.8277667,2.7617340087890625
2024-05-16 13:00:00,3.112136,-16.10992659503711,2.1880110487760716,2.9164586,3.6691741943359375
2024-05-16 14:00:00,4.492124999999999,-1.280426977872871,5.321733333117031,6.04586,6.227603912353516
2024-05-16 15:00:00,7.414874999999999,3.3339714702592147,8.15918951616485,7.6147056,8.562435150146484
2024-05-16 16:00:00,12.977875,16.140308877261376,10.536333783545176,11.668152,12.764678955078125
2024-05-16 17:00:00,19.902511,44.682744873030984,20.048193731307066,22.331654,22.50680160522461
2024-05-16 18:00:00,14.706125000000004,70.13395605719063,30.59957950321521,32.786617,34.26039123535156
2024-05-16 19:00:00,30.371328,35.371878332213434,20.346436984581572,26.205288,40.30830383300781
2024-05-16 20:00:00,64.0,76.76964618808795,50.17111659942852,47.714504,38.5168571472168
2024-05-16 21:00:00,69.42653100000001,111.46911913679364,79.79928749217315,77.98473,50.86167907714844
2024-05-16 22:00:00,57.960603000000006,101.59136845348871,63.016185454371595,66.388176,68.24473571777344
2024-05-16 23:00:00,45.882712000000005,86.85437931363,42.08848980188898,40.184235,43.06777572631836
2024-05-17 00:00:00,32.15743200000001,70.11394419799994,34.831749166865904,34.21768,29.96582794189453
2024-05-17 01:00:00,19.248832000000004,55.4876656798055,21.064465538191868,21.846975,23.15789794921875
2024-05-17 02:00:00,10.503459,31.144932035663423,12.467437568356273,11.973491,14.951272964477539
2024-05-17 03:00:00,9.261,13.784449509993983,6.72564341824309,6.531893,7.775974273681641
2024-05-17 04:00:00,11.697083,21.2550511482973,8.563463667198318,7.847083,5.253471374511719
2024-05-17 05:00:00,13.997521000000004,34.59964022788232,14.352100622449345,13.685243,6.618659973144531
2024-05-17 06:00:00,33.38624800000001,42.037428394556095,31.72161789919655,27.624521,13.929784774780273
2024-05-17 07:00:00,62.57077300000001,91.43661612579929,56.01723968587423,50.485565,39.422080993652344
2024-05-17 08:00:00,88.121125,113.73003118255366,83.02393076917907,75.474464,49.272071838378906
2024-05-17 09:00:00,87.52838400000002,130.3792520586777,93.64837617575456,91.85563,61.75196075439453
2024-05-17 10:00:00,75.15144799999999,113.8047861611305,79.32757643285663,73.799576,58.086055755615234
2024-05-17 11:00:00,59.77647100000001,109.87939501879555,58.655231571951454,56.993523,34.00705337524414
2024-05-17 12:00:00,45.499293,81.59587823682006,47.45124215064206,46.70046,41.02122497558594
2024-05-17 13:00:00,33.698267,64.46559552676064,37.03023476391904,36.561073,42.3873176574707
2024-05-17 14:00:00,26.463592,55.790725167186466,24.545400846932758,29.158741,26.434978485107422
2024-05-17 15:00:00,28.652616,44.527602340000215,23.108900719870142,25.1395,32.69522476196289
2024-05-17 16:00:00,35.93699999999999,67.49794050892189,41.404103674725135,36.028954,36.51742172241211
2024-05-17 17:00:00,41.06362500000001,89.4390003306353,59.26466277342538,55.508896,38.59885025024414
2024-05-17 18:00:00,37.25970399999999,93.3714794759785,53.63559837660237,46.06955,69.61567687988281
2024-05-17 19:00:00,56.181887,78.98835450422953,42.08121118771454,60.18371,61.048912048339844
2024-05-17 20:00:00,74.618461,102.56268014324371,87.01847557971166,77.99353,60.38908386230469
2024-05-17 21:00:00,61.162984,94.50655702496582,81.80092868453495,84.07944,70.59703063964844
2024-05-17 22:00:00,40.707584,62.93686919412644,54.12346653039585,48.48456,48.54659652709961
2024-05-17 23:00:00,29.218112,31.687132889804133,26.22203118658294,27.884403,31.24048614501953
2024-05-18 00:00:00,22.665187000000003,24.45981717069946,22.755816516410324,22.04702,16.561861038208008
2024-05-18 01:00:00,14.706125000000004,18.575113880594998,17.0453867719587,17.458397,14.44645881652832
2024-05-18 02:00:00,8.615124999999997,-4.121434640250264,11.017209148795715,11.784105,14.152070999145508
2024-05-18 03:00:00,8.242408,-15.556176105534128,5.741031871124704,7.307548,9.362903594970703
2024-05-18 04:00:00,9.261,-4.720994009026704,8.981931298765794,8.604073,6.361328125
2024-05-18 05:00:00,8.869742999999998,1.4164404291373351,10.63464621744698,10.270582,9.009307861328125
2024-05-18 06:00:00,20.570824000000005,-1.8140045918501215,18.164036439141483,21.41915,15.645200729370117
2024-05-18 07:00:00,25.153757,39.93847022231127,34.209140971697146,33.76824,41.398250579833984
2024-05-18 08:00:00,25.412184,26.31905241870902,33.696977094490144,28.095097,39.757781982421875
2024-05-18 09:00:00,19.034163,36.88469736351588,23.892940587868267,24.363785,22.423049926757812
2024-05-18 10:00:00,10.793861,14.393938028466218,14.949525720648392,12.465449,15.943286895751953
2024-05-18 11:00:00,5.000210999999999,-23.623888051557593,7.522477805462528,6.677998,8.016281127929688
2024-05-18 12:00:00,2.197,-37.26627309396657,2.4171385323190604,3.0908108,4.9141082763671875
2024-05-18 13:00:00,1.771561,-38.78866112726464,1.584802878813673,1.745372,3.1665306091308594
2024-05-18 14:00:00,3.112136,-33.86089504880491,2.0588300547742238,2.737088,2.8454437255859375
2024-05-18 15:00:00,7.529535999999999,-13.857330243914056,5.867434635001827,7.1444893,4.686012268066406
2024-05-18 16:00:00,21.253933,21.78382551093562,17.470651438773487,16.541792,10.002601623535156
2024-05-18 17:00:00,57.51245599999999,80.89925983497133,51.136742798761155,47.147984,27.910633087158203
2024-05-18 18:00:00,115.501303,152.80524780781863,114.82409699613956,104.99719,88.00260925292969
2024-05-18 19:00:00,212.776173,202.78647181995834,184.41073716140158,186.87874,156.955322265625
2024-05-18 20:00:00,256.047875,243.42727067490546,226.87812119679802,235.70204,194.13136291503906
2024-05-18 21:00:00,212.776173,217.10898121269534,202.92799125098188,199.71555,166.71998596191406
2024-05-18 22:00:00,164.56659200000004,172.31302010495875,167.7674315321474,153.61792,112.73074340820312
2024-05-18 23:00:00,110.59199999999998,149.43390439238698,129.32022929699258,127.326164,87.14599609375
2024-05-19 00:00:00,64.48120099999998,109.92065039297015,76.13368791125359,75.07777,94.15350341796875
2024-05-19 01:00:00,25.412184,78.95316923942613,40.99143501762796,39.813564,48.44309997558594
2024-05-19 02:00:00,7.077887999999999,28.165238179087506,15.190406703047765,14.044847,24.359628677368164
2024-05-19 03:00:00,3.375,-7.0085736191378345,4.049235743491554,4.1663346,11.855815887451172
2024-05-19 04:00:00,2.299968,-6.2987717134333465,2.301166492768627,2.6962118,4.519065856933594
2024-05-19 05:00:00,1.771561,-9.988505332251869,2.3385377357430257,2.3287284,3.1420135498046875
2024-05-19 06:00:00,6.751268999999999,-10.484529235892957,2.1852169271586788,7.117226,4.401069641113281
2024-05-19 07:00:00,14.172488,30.51567715693546,19.924912389714187,14.090807,11.94998550415039
2024-05-19 08:00:00,17.984728,28.10869876498136,20.771659683376694,24.271324,20.05901527404785
2024-05-19 09:00:00,14.172488,27.95477595606551,21.925937174096465,20.760689,18.773942947387695
2024-05-19 10:00:00,7.762391999999999,13.765201539452875,10.915500931856405,11.498084,13.936208724975586
2024-05-19 11:00:00,4.574296,-9.026472186880177,4.740008048650941,5.146037,7.072002410888672
2024-05-19 12:00:00,3.723875000000001,-20.188007100560938,3.607924457777918,3.704607,4.921649932861328
2024-05-19 13:00:00,3.944312000000001,-16.286155220506608,3.270233045212539,3.5746944,5.0177764892578125
2024-05-19 14:00:00,5.832000000000001,-3.9385997552354013,5.049004862946756,5.5218472,6.615562438964844
2024-05-19 15:00:00,12.166999999999998,9.77910866785344,10.236146357525694,11.14781,9.474735260009766
2024-05-19 16:00:00,24.897088,41.965587283149304,22.608313322501022,29.240898,15.896249771118164
2024-05-19 17:00:00,55.74296799999999,89.20627513350664,52.5045543292755,51.193954,58.31276321411133
2024-05-19 18:00:00,85.76612100000001,144.42624718451512,99.39568648478898,94.78641,68.88329315185547
2024-05-19 19:00:00,160.98918400000002,161.94307315564677,146.83111621910294,160.86179,132.81410217285156
2024-05-19 20:00:00,234.885113,211.618613664593,180.58978105673876,194.36568,179.70309448242188
2024-05-19 21:00:00,201.230056,216.86139980414708,201.80777260595553,190.58438,162.02944946289062
2024-05-19 22:00:00,148.035889,164.03110372435725,156.8227191133433,143.47012,128.69970703125
2024-05-19 23:00:00,116.93016899999998,127.69004635524254,104.36490875218274,109.17627,80.15829467773438
2024-05-20 00:00:00,78.402752,112.77442222602139,88.21295028548373,88.85537,69.33186340332031
2024-05-20 01:00:00,49.027896000000005,92.32223878940599,55.71914891208999,54.845886,61.36183547973633
2024-05-20 02:00:00,27.0,76.43085880542006,30.691672676125435,29.277655,26.4329833984375
2024-05-20 03:00:00,14.886936,44.65504466303721,17.931888458187863,18.059067,28.414400100708008
2024-05-20 04:00:00,9.800344,31.074297732952076,9.778874717232938,10.339337,12.908580780029297
2024-05-20 05:00:00,7.529535999999999,27.0043367048586,7.41972368393497,7.5468197,9.665031433105469
2024-05-20 06:00:00,25.67237500000001,24.540931524830818,15.673297583124914,17.505075,12.113338470458984
2024-05-20 07:00:00,45.118016,88.14921312937663,46.21630706438262,45.029064,34.879940032958984
2024-05-20 08:00:00,32.15743200000001,80.39344512377072,54.20820300668081,51.60721,49.45301818847656
2024-05-20 09:00:00,12.649337,37.3632113670973,23.46633353972355,19.063005,30.828899383544922
2024-05-20 10:00:00,3.5118080000000003,-2.0452251817074583,6.65097539266586,5.998095,10.804401397705078
2024-05-20 11:00:00,0.7049690000000001,-33.458525228844685,2.2264894908360686,2.1842842,5.397697448730469
2024-05-20 12:00:00,0.681472,-54.78591289564617,0.6072035827119984,1.4660167,2.3687896728515625
2024-05-20 13:00:00,3.581577,-30.653153391815977,1.3455149204375578,2.0399487,2.2200698852539062
2024-05-20 14:00:00,12.008989,15.36248768730844,9.398391844352792,10.665818,4.865303039550781
2024-05-20 15:00:00,29.218112,44.461457113749944,29.96929948705906,31.0922,25.233203887939453
2024-05-20 16:00:00,68.41792899999999,95.24932453617379,67.82105816263632,70.61418,76.53008270263672
2024-05-20 17:00:00,147.19795200000002,168.40859035264089,132.20481937225756,130.96143,108.296630859375
2024-05-20 18:00:00,225.866529,238.78909433621905,265.38617628722216,241.40541,229.96023559570312
2024-05-20 19:00:00,258.474853,258.4490162329992,278.57907266943647,261.0787,309.91522216796875
2024-05-20 20:00:00,202.262003,235.21392434785952,217.9416389017502,218.59131,241.97683715820312
2024-05-20 21:00:00,134.217728,162.0124861447087,149.93767141975505,144.94028,140.64413452148438
2024-05-20 22:00:00,97.33599999999998,109.8152250831399,93.2520795925699,91.10249,70.44476318359375
2024-05-20 23:00:00,67.91731200000001,92.01926891710374,67.08294381981342,64.69465,63.61650085449219
2024-05-21 00:00:00,47.045881,70.81694439791679,49.452464797823694,48.506287,49.67681121826172
2024-05-21 01:00:00,29.218112,54.124970845982574,32.43843069754128,31.567804,33.255374908447266
2024-05-21 02:00:00,17.984728,27.91431987405855,19.99878447215298,19.523672,27.613449096679688
2024-05-21 03:00:00,10.793861,12.577338646764918,12.767285317931716,12.431875,14.257564544677734
2024-05-21 04:00:00,5.832000000000001,0.6517438781322156,7.482949062412717,7.92641,11.84429931640625
2024-05-21 05:00:00,3.442951,-10.99775132828789,3.480294202860746,4.5312753,9.173126220703125
2024-05-21 06:00:00,8.869742999999998,-15.12044394645806,4.16113705988083,9.084476,9.363788604736328
2024-05-21 07:00:00,17.779580999999997,22.44931860485203,16.659666089960666,16.45736,20.015289306640625
2024-05-21 08:00:00,19.248832000000004,33.190564291852944,23.58331985067734,22.598234,21.042125701904297
2024-05-21 09:00:00,11.543175999999995,22.084440866971057,19.62603146644499,17.39332,20.531675338745117
2024-05-21 10:00:00,4.410943999999999,-12.490549756849902,7.5774111459069875,9.55584,12.71677017211914
2024-05-21 11:00:00,1.7279999999999998,-40.26762621212327,2.0760955494441617,3.910814,6.796295166015625
2024-05-21 12:00:00,1.906624,-43.653883732448456,1.3751293440890584,3.1790376,3.5859146118164062
2024-05-21 13:00:00,4.173281000000001,-25.09974778088744,2.8312148756959847,3.9160588,2.5687713623046875
2024-05-21 14:00:00,8.365426999999997,-1.7170634303716632,8.05724235150786,10.277428,5.410900115966797
2024-05-21 15:00:00,14.886936,13.511451930628276,15.698126166122016,16.522583,13.567481994628906
2024-05-21 16:00:00,26.730899000000004,39.195459572948806,27.718606377647653,27.38469,26.298084259033203
2024-05-21 17:00:00,47.43792800000001,79.74327398055144,49.57202464867137,48.227238,50.6375732421875
2024-05-21 18:00:00,64.48120099999998,117.05447232436072,79.12902290375423,75.808685,69.5888671875
2024-05-21 19:00:00,110.59199999999998,120.85398036091377,88.75159323923883,109.82643,117.95126342773438
2024-05-21 20:00:00,138.188413,155.42360856065085,134.5003687780639,128.57072,146.25686645507812
2024-05-21 21:00:00,99.252847,150.20765567692797,131.72396598004008,123.72058,133.70574951171875
2024-05-21 22:00:00,57.066625,95.29180116268913,66.07218730539732,67.77397,74.54678344726562
2024-05-21 23:00:00,33.698267,52.339297152979434,30.197080576042804,32.310608,40.427696228027344
2024-05-22 00:00:00,21.717639,29.695874474164587,20.156730588828204,21.746778,21.05843734741211
2024-05-22 01:00:00,14.348907000000002,18.49601755423196,14.758098445176621,13.877825,14.784622192382812
2024-05-22 02:00:00,7.529535999999999,6.09056654905924,10.856617021539353,10.413095,12.878036499023438
2024-05-22 03:00:00,3.652264,-20.154738311658996,4.712314549042551,5.020085,9.851875305175781
2024-05-22 04:00:00,2.6280719999999995,-35.57793756493911,2.415332631612791,2.8965316,5.936229705810547
2024-05-22 05:00:00,2.197,-32.1002647508569,2.280785766600062,2.4640133,3.4565391540527344
2024-05-22 06:00:00,4.492124999999999,-30.683165099052935,2.5036693944476327,5.095965,3.652057647705078
2024-05-22 07:00:00,5.268024,-18.029501883266015,8.083287853491116,7.337498,14.445112228393555
2024-05-22 08:00:00,1.191016,-40.8443601044635,7.70586993670095,5.857031,10.30157470703125
2024-05-22 09:00:00,0.039304,-91.99047829189769,0.8517919600071983,0.60276026,7.187877655029297
2024-05-22 10:00:00,0.6141249999999999,-116.58020477066648,0.3652698641755975,0.5843027,3.8505516052246094
2024-05-22 11:00:00,2.3526370000000005,-55.687419069195066,3.293663859164406,2.0118728,1.5306472778320312
2024-05-22 12:00:00,5.088448,-33.92039164305964,6.954380935961665,5.671362,1.9178314208984375
2024-05-22 13:00:00,15.252992,-11.624810700027908,10.849848757107754,9.937772,7.726966857910156
2024-05-22 14:00:00,37.25970399999999,41.28301088544519,35.38218220292903,30.981943,12.903369903564453
2024-05-22 15:00:00,55.306341,91.92237793949641,85.51224959095828,78.62506,62.819671630859375
2024-05-22 16:00:00,63.52119900000001,114.43483181657376,102.72415694862944,83.90192,113.54428100585938
2024-05-22 17:00:00,88.71653599999999,129.03094161668204,91.22941550459386,76.28238,73.22398376464844
2024-05-22 18:00:00,138.991832,162.81161793851928,121.67905665990962,115.81677,80.52598571777344
2024-05-22 19:00:00,230.346397,197.11926703696741,187.06609746300563,188.72255,178.9459991455078
2024-05-22 20:00:00,259.694072,233.46232175755992,233.49061268225202,236.63754,221.61474609375
2024-05-22 21:00:00,168.19660799999997,206.98920386688548,209.94415018839936,204.52576,171.48756408691406
2024-05-22 22:00:00,80.06299099999998,129.04527718690454,112.48150037191604,107.13601,116.04595947265625
2024-05-22 23:00:00,33.38624800000001,65.72133067816057,48.641899173626264,47.603374,59.03810501098633
2024-05-23 00:00:00,11.697083,25.653976586492323,19.04730915335149,18.065456,29.609512329101562
2024-05-23 01:00:00,4.019679000000001,-5.278363813308964,7.8170826216545235,6.093028,14.442972183227539
2024-05-23 02:00:00,2.000376,-26.097029626474097,2.223988316763698,2.39099,7.56683349609375
2024-05-23 03:00:00,1.4428969999999997,-35.20942611806448,1.3718690779648628,2.0015192,3.603656768798828
2024-05-23 04:00:00,1.030301,-38.99298304428083,1.451939470314132,1.7848816,2.7706146240234375
2024-05-23 05:00:00,0.636056,-45.487708870618285,1.1485864808847586,1.8294942,3.0731048583984375
2024-05-23 06:00:00,2.248091,-53.066138207003355,0.9423368161390332,4.2610626,3.263782501220703
2024-05-23 07:00:00,3.723875000000001,-28.61288517533457,9.199387592157358,4.92523,8.325614929199219
2024-05-23 08:00:00,10.941048000000002,-40.61079275077655,5.5617003098593045,3.9859529,9.249969482421875
2024-05-23 09:00:00,26.730899000000004,16.16686697652525,19.747153575146186,16.944563,7.759864807128906
2024-05-23 10:00:00,47.83214699999999,65.04572849860944,38.71357392961613,36.37592,15.022994995117188
2024-05-23 11:00:00,73.56005900000002,92.94708231890664,59.647085688373345,64.32088,48.959754943847656
2024-05-23 12:00:00,100.54462500000002,127.1464748646051,86.05075433073385,81.01064,71.57441711425781
2024-05-23 13:00:00,136.59087500000004,158.94463726278465,128.29272186806614,131.42424,107.06828308105469
2024-05-23 14:00:00,174.676879,187.25729490334922,171.62881748836787,178.3536,172.63128662109375
2024-05-23 15:00:00,205.37900000000005,204.75090787799763,191.10628648086902,193.15002,242.73020935058594
2024-05-23 16:00:00,222.54501599999995,227.41841326939362,275.97905136658824,273.3578,281.2872619628906
2024-05-23 17:00:00,210.644875,236.9602046658021,260.1978953194757,235.37027,262.78289794921875
2024-05-23 18:00:00,152.273304,221.29447141648666,195.37803670538884,181.93388,207.241943359375
2024-05-23 19:00:00,96.702579,162.6696739019825,107.63432106641704,121.06778,102.99673461914062
2024-05-23 20:00:00,63.52119900000001,106.9324246915439,69.12908381854119,67.42236,62.568634033203125
2024-05-23 21:00:00,28.372625,71.63061798528351,41.814565560830154,36.794544,50.897037506103516
2024-05-23 22:00:00,8.998912,20.018724353258044,17.742328090246712,15.520392,26.810911178588867
2024-05-23 23:00:00,2.985984,-15.837033374979967,5.699617327187093,4.147352,15.164665222167969
2024-05-24 00:00:00,2.299968,-32.20945372667664,2.351761928546974,2.41787,6.205211639404297
2024-05-24 01:00:00,9.129328999999998,-22.72437907346417,2.749346518796818,2.693159,2.7228775024414062
2024-05-24 02:00:00,17.576,31.706248568845247,18.737877778536777,20.406115,4.413078308105469
2024-05-24 03:00:00,12.812903999999998,41.00809990861656,29.340160080637432,27.127342,24.309904098510742
2024-05-24 04:00:00,7.762391999999999,8.908882547548338,11.283024699928005,10.104751,36.02067947387695
2024-05-24 05:00:00,10.648000000000003,-2.8016145867931925,4.974863290686627,6.3996997,24.89686393737793
2024-05-24 06:00:00,49.027896000000005,25.162287937963775,26.476990084905943,27.014435,19.391376495361328
2024-05-24 07:00:00,117.64900000000004,117.98184496824439,76.65268749696189,88.442474,61.125274658203125
2024-05-24 08:00:00,161.878625,152.6175044666753,142.22296170074017,158.16463,125.71471405029297
2024-05-24 09:00:00,173.74111200000002,181.52990809298834,168.5537771804403,172.0972,136.12490844726562
2024-05-24 10:00:00,180.362125,196.54314073966526,159.91216906111597,146.47757,151.92066955566406
2024-05-24 11:00:00,181.321496,198.49177399841682,166.96650400420614,173.44551,254.5747528076172
2024-05-24 12:00:00,190.109375,193.45361886943672,172.46892108722128,190.02988,209.21224975585938
2024-05-24 13:00:00,209.58458400000004,195.8082075539723,204.34225388262308,218.12677,220.69338989257812
2024-05-24 14:00:00,226.981,202.4129554531336,243.08695225225495,239.24908,256.361328125
2024-05-24 15:00:00,231.475544,212.50539553478168,212.40412712362672,234.06563,262.6538391113281
2024-05-24 16:00:00,211.708736,200.7391524958246,214.31941053583762,208.59933,206.94732666015625
2024-05-24 17:00:00,154.854153,202.12529173977205,176.8587621094692,169.64719,158.88140869140625
2024-05-24 18:00:00,57.960603000000006,161.49304216907788,118.25262927096253,115.4752,100.63156127929688
2024-05-24 19:00:00,23.639903000000004,66.0874870642293,45.310933399749274,46.346813,76.28353881835938
2024-05-24 20:00:00,16.777216,32.70083936210727,13.995688960729101,18.13274,33.27574920654297
2024-05-24 21:00:00,14.706125000000004,37.32595971024677,12.300765669058558,12.250513,15.719924926757812
2024-05-24 22:00:00,15.438249000000004,40.64626897618035,13.68650597614794,14.581922,14.138038635253906
2024-05-24 23:00:00,18.821096000000004,47.98275829751766,17.128749453998893,17.67898,13.261737823486328
2024-05-25 00:00:00,24.897088,53.982123938021545,21.33200632949726,21.55784,21.65290069580078
2024-05-25 01:00:00,32.461759,65.801884487961,30.835583384609986,31.60838,31.472156524658203
2024-05-25 02:00:00,38.95821900000001,81.79138367437298,37.644397516603384,37.21773,43.78837203979492
2024-05-25 03:00:00,40.353607,76.66732570092852,41.09218196029447,39.372684,43.92912292480469
2024-05-25 04:00:00,40.707584,80.19814712501858,38.213340849869,37.181587,55.50737762451172
2024-05-25 05:00:00,36.264691,85.0138231194868,40.28994132543161,41.78532,61.13899612426758
2024-05-25 06:00:00,49.836032,72.93050125399239,52.042127051849114,54.38813,155.9879150390625
2024-05-25 07:00:00,95.44399300000002,91.10466736766512,67.87237249966391,70.49046,180.3372039794922
2024-05-25 08:00:00,175.61599999999996,129.1378000751699,118.14879837690272,115.980225,104.67599487304688
2024-05-25 09:00:00,239.483061,193.49007280440148,190.4981665515321,212.55083,77.17991638183594
2024-05-25 10:00:00,287.4959999999999,228.04894427634264,238.8569048529557,241.10283,177.99627685546875
2024-05-25 11:00:00,298.07763199999994,246.2019260105903,316.71089266567725,291.06085,240.80734252929688
2024-05-25 12:00:00,288.80478100000005,245.05609938286656,330.71831212696054,325.51633,249.32406616210938
2024-05-25 13:00:00,265.847707,241.3302661268314,296.9531226539657,273.59674,296.40069580078125
2024-05-25 14:00:00,239.483061,219.04532663559195,233.44471083609452,253.69495,314.6087646484375
2024-05-25 15:00:00,207.474688,195.21857815501113,206.17031566786082,229.82774,197.1468048095703
2024-05-25 16:00:00,169.112377,185.53500133491772,173.58988960702717,192.60748,157.01776123046875
2024-05-25 17:00:00,123.50599200000003,181.57980323253753,131.9127477966793,127.552704,142.3167724609375
2024-05-25 18:00:00,43.614208,161.56893766399673,80.44375281205915,71.10662,73.60501098632812
2024-05-25 19:00:00,19.683000000000003,77.95249062157333,35.1482838763608,36.982906,53.2315788269043
2024-05-25 20:00:00,12.977875,60.09916251394977,11.782708523334344,18.391321,37.58561706542969
2024-05-25 21:00:00,5.000210999999999,40.59426004741974,9.51602094861029,12.712643,24.328031539916992
2024-05-25 22:00:00,1.4428969999999997,-1.4705099691597425,3.005923209507481,6.516727,14.86917495727539
2024-05-25 23:00:00,0.2053789999999999,-27.195897872213443,2.068748868473371,4.6599083,7.260719299316406
2024-05-26 00:00:00,0.0058319999999999,-59.949224046922716,1.4105330926713688,3.1585343,2.9464950561523438
2024-05-26 01:00:00,0.8573749999999999,-75.29015184694396,0.6352235246104674,1.3906815,0.7602577209472656
2024-05-26 02:00:00,3.307949,-5.309473026362717,5.052480197489844,2.8602333,0.5192604064941406
2024-05-26 03:00:00,6.028568000000001,0.263039063481493,7.124263141726138,5.810816,7.418693542480469
2024-05-26 04:00:00,8.741816,11.05159389029313,9.70990873696768,8.716478,11.024707794189453
2024-05-26 05:00:00,11.390625,24.01980777045977,13.266758062674397,14.098145,18.473968505859375
2024-05-26 06:00:00,35.93699999999999,34.10813781496395,30.969984116982552,29.875954,25.43099594116211
2024-05-26 07:00:00,57.066625,104.32415029313432,67.34143819985546,70.82305,48.62140655517578
2024-05-26 08:00:00,135.79674399999996,107.74370217003238,78.8189178462756,72.6133,85.9435806274414
2024-05-26 09:00:00,205.37900000000005,194.4135789312746,141.71390932078967,163.91158,72.0789794921875
2024-05-26 10:00:00,211.708736,249.66660227130203,226.96898278822601,232.47198,111.9682388305664
2024-05-26 11:00:00,205.37900000000005,247.37168219478386,198.87846374431422,188.82373,154.33302307128906
2024-05-26 12:00:00,206.425071,231.5249986369279,190.9799429463581,194.19374,164.1016082763672
2024-05-26 13:00:00,221.445125,225.28997203140608,200.91513084496498,208.56213,184.2323760986328
2024-05-26 14:00:00,221.445125,223.28364467743663,218.82203363746717,223.63077,230.4022674560547
2024-05-26 15:00:00,190.109375,212.08743299696607,201.7359663468116,212.93318,229.3389892578125
2024-05-26 16:00:00,122.023936,192.7170059611755,152.72024767206568,157.21967,156.1826171875
2024-05-26 17:00:00,50.653000000000006,151.89467230396707,98.6286009997724,114.933624,77.64429473876953
2024-05-26 18:00:00,22.425767999999994,90.84944695239386,38.995870361526784,27.086336,34.796112060546875
2024-05-26 19:00:00,18.821096000000004,56.714771434175006,23.292019127408317,33.406204,25.349403381347656
2024-05-26 20:00:00,16.581374999999998,51.89129111999368,21.501262009188782,23.026728,22.628278732299805
2024-05-26 21:00:00,28.934442999999995,37.651858000942575,15.044347222437906,17.887451,19.31519317626953
2024-05-26 22:00:00,37.93305599999999,71.8146571030278,43.293422133456446,38.727158,17.219465255737305
2024-05-26 23:00:00,30.959144,71.17619156633164,49.11773231545719,46.924126,61.08767318725586
2024-05-27 00:00:00,19.034163,47.85925488775965,23.149124856381796,27.26851,38.96976089477539
2024-05-27 01:00:00,16.003008,26.34492458280937,12.82194100754841,13.649184,30.34490203857422
2024-05-27 02:00:00,16.581374999999998,29.455345610331086,13.514869776048933,13.680589,14.360248565673828
2024-05-27 03:00:00,16.387064000000002,31.692112551134706,17.00307889444988,17.24769,15.229658126831055
2024-05-27 04:00:00,18.609625,24.185672144587347,16.319853182506673,16.81965,21.377025604248047
2024-05-27 05:00:00,25.67237500000001,39.618651276564776,20.61177773263698,23.122204,19.741769790649414
2024-05-27 06:00:00,45.882712000000005,66.51723688039561,35.57661610954936,42.849213,40.51067352294922
2024-05-27 07:00:00,71.47337500000002,107.41746201769831,71.35404196275857,66.95252,81.44544982910156
2024-05-27 08:00:00,84.60451899999998,132.78070177345433,90.36225209902771,92.45925,105.55595397949219
2024-05-27 09:00:00,101.194696,135.60445398953482,86.14372909736697,85.106445,113.81172180175781
2024-05-27 10:00:00,124.251499,150.46415769126295,98.56076605918228,93.33686,69.8205795288086
2024-05-27 11:00:00,145.53157599999997,163.58755406273585,119.45765828037437,121.41225,131.9603271484375
2024-05-27 12:00:00,160.98918400000002,174.86104267314298,155.86920248859886,149.151,162.9105987548828
2024-05-27 13:00:00,161.878625,184.5993303990324,160.4880591953123,162.38402,150.64297485351562
2024-05-27 14:00:00,143.05566700000003,179.15572420346007,160.9370271787653,170.04329,163.4984130859375
2024-05-27 15:00:00,105.82381700000003,159.1524093619918,139.97448676696575,149.24374,145.94064331054688
2024-05-27 16:00:00,59.77647100000001,126.12072472238125,96.63214520007153,108.43427,88.84913635253906
2024-05-27 17:00:00,34.328125,93.1847694226596,38.30108353042063,37.782597,53.909698486328125
2024-05-27 18:00:00,53.582633,80.39342816533497,27.875027646388922,28.517126,34.05036926269531
2024-05-27 19:00:00,142.23664799999997,134.46130061136995,91.19946467917084,99.13281,33.87314987182617
2024-05-27 20:00:00,220.348864,193.2897658349334,194.32271311554436,197.03154,163.91152954101562
2024-05-27 21:00:00,232.608375,199.0737455752636,219.33689580817267,214.44019,215.69058227539062
2024-05-27 22:00:00,191.102976,187.92689049991242,203.6457450889824,198.84006,156.2772979736328
2024-05-27 23:00:00,171.87961599999997,161.8995650917785,149.51074483047788,155.636,148.26104736328125
2024-05-28 00:00:00,156.59081899999998,159.6244361225211,146.21817731776162,149.49985,124.53282165527344
2024-05-28 01:00:00,138.991832,150.62400669659013,133.29274495215975,130.57896,155.85018920898438
2024-05-28 02:00:00,120.55378400000002,145.49033782727415,120.23830892328253,121.42337,132.63812255859375
2024-05-28 03:00:00,97.33599999999998,135.92407225344155,95.67727354368076,99.40111,77.04368591308594
2024-05-28 04:00:00,67.41914300000002,118.58532567389537,77.902657358344,76.09279,70.38522338867188
2024-05-28 05:00:00,43.24355099999999,95.21903852762406,52.936629169772026,51.22281,65.44921875
2024-05-28 06:00:00,61.162984,77.2347781857151,55.27299607383115,52.998814,48.84833526611328
2024-05-28 07:00:00,79.50699999999999,115.10645139432586,105.73671550103819,99.582,71.86595153808594
2024-05-28 08:00:00,81.182737,114.5082770001614,96.03549605423795,97.25087,114.82990264892578
2024-05-28 09:00:00,91.733851,100.28386562947009,73.568133806772,69.12418,72.41569519042969
2024-05-28 10:00:00,99.89734399999998,109.37617089644291,84.16753588367133,81.80481,45.439910888671875
2024-05-28 11:00:00,97.97218100000002,113.9459498946174,100.11753001163072,87.640396,44.367698669433594
2024-05-28 12:00:00,95.44399300000002,115.10824275516714,100.90879722290421,92.449104,73.78305053710938
2024-05-28 13:00:00,88.121125,114.5118376834549,101.52219940476017,98.8134,74.48873901367188
2024-05-28 14:00:00,84.60451899999998,106.10492543945159,93.54186935392654,93.96228,79.76425170898438
2024-05-28 15:00:00,91.733851,106.03556284532374,92.01084222339479,87.63085,77.33610534667969
2024-05-28 16:00:00,120.55378400000002,123.40051308799511,107.57201967583757,107.373405,82.54093933105469
2024-05-28 17:00:00,189.11922400000003,166.7515091763019,178.06072440822726,160.91772,171.81320190429688
2024-05-28 18:00:00,270.840023,226.5109149870053,263.46483391508855,251.29965,295.75225830078125
2024-05-28 19:00:00,298.07763199999994,253.61419699847272,303.41735801556865,322.6324,326.85028076171875
2024-05-28 20:00:00,260.917119,213.4686981859235,274.1806429663868,265.4198,273.6148986816406
2024-05-28 21:00:00,191.102976,156.02925411426446,211.0570071608002,206.8177,188.4480743408203
2024-05-28 22:00:00,135.005697,115.90354643550666,144.96965701553188,138.64984,154.54605102539062
2024-05-28 23:00:00,126.50600799999997,99.19028310298535,100.46133954202486,108.08487,103.77256774902344
2024-05-29 00:00:00,119.82315699999998,121.0893475560631,117.57829023279348,123.75926,70.05023193359375
2024-05-29 01:00:00,125.0,121.74249762722502,110.0530237776779,110.35129,112.62447357177734
2024-05-29 02:00:00,121.287375,131.03781388682194,119.61506029853763,133.80975,111.89794921875
2024-05-29 03:00:00,104.487111,124.13705722640506,109.94261065123128,110.89061,96.56739807128906
2024-05-29 04:00:00,85.18400000000003,112.90155833344329,90.27904238275087,87.62326,81.61782836914062
2024-05-29 05:00:00,63.52119900000001,109.23364451293514,68.64401507095664,70.27315,70.28282165527344
2024-05-29 06:00:00,83.45345300000001,98.84008060840594,67.20866674344018,75.25425,76.30777740478516
2024-05-29 07:00:00,120.55378400000002,133.40186069903072,118.638785803389,121.513405,128.40985107421875
2024-05-29 08:00:00,111.28464099999997,146.5622136556363,157.9928875743364,148.91786,165.41476440429688
2024-05-29 09:00:00,93.576664,116.33192614295584,99.1769791597452,90.89204,139.69052124023438
2024-05-29 10:00:00,68.92099999999998,99.04637719558517,72.47789156244035,70.6442,69.63380432128906
2024-05-29 11:00:00,46.26827899999999,70.20685505500293,50.55157504758092,49.853035,46.93059158325195
2024-05-29 12:00:00,37.595375,56.00545421184185,35.8644332901234,39.664654,30.89876937866211
2024-05-29 13:00:00,42.144192,64.79294187916037,39.7814627391642,41.705738,26.180347442626953
2024-05-29 14:00:00,56.181887,80.58169583281224,55.50989711291007,60.588852,46.41436004638672
2024-05-29 15:00:00,85.76612100000001,96.4522373622826,91.57690850038955,90.62293,87.90094757080078
2024-05-29 16:00:00,153.13037499999996,140.22090154723952,143.38349418083072,144.40347,120.75138854980469
2024-05-29 17:00:00,253.636137,210.31738412066932,250.10737149133337,256.17352,280.2981872558594
2024-05-29 18:00:00,291.434247,258.7142857326619,324.26156393159096,343.64542,411.39990234375
2024-05-29 19:00:00,267.0899840000001,235.87795209074105,298.0500040246046,260.98904,365.7103271484375
2024-05-29 20:00:00,225.866529,183.0492813993352,225.87896595643062,216.65623,218.5233917236328
2024-05-29 21:00:00,171.87961599999997,140.60412775517293,179.6529785540238,177.26888,154.4559326171875
2024-05-29 22:00:00,154.854153,110.4864206470067,125.86427246683213,131.97427,145.19326782226562
2024-05-29 23:00:00,145.53157599999997,121.56581041414557,128.36162099321942,132.48946,99.44603729248047
2024-05-30 00:00:00,132.65099999999998,123.47382138387354,129.32984128468027,133.697,116.20696258544922
2024-05-30 01:00:00,116.214272,119.54992642061015,118.60324600925496,122.30487,124.00550842285156
2024-05-30 02:00:00,98.611128,111.64405631895059,103.61790302918531,104.70625,99.79251098632812
2024-05-30 03:00:00,89.91539200000003,103.13053002322869,79.32259073191129,80.03003,74.12263488769531
2024-05-30 04:00:00,73.56005900000002,107.39366229806109,79.91639734915606,74.47771,58.890743255615234
2024-05-30 05:00:00,74.618461,98.99433894009917,58.283343810572,57.41684,67.72828674316406
2024-05-30 06:00:00,113.379904,113.5502655609418,97.72771774164531,102.214874,67.94048309326172
2024-05-30 07:00:00,208.52785699999995,154.97595524393736,189.106822947381,205.28922,145.16165161132812
2024-05-30 08:00:00,278.445077,216.13820225004133,278.4678581917477,294.00684,232.11830139160156
2024-05-30 09:00:00,282.3004159999999,235.26631730472081,298.2644260426111,309.14917,287.1546936035156
2024-05-30 10:00:00,247.673152,230.33497169682187,263.51725508638873,248.21422,315.480712890625
2024-05-30 11:00:00,185.193,206.96444094237978,206.35734923178353,207.1362,261.8545837402344
2024-05-30 12:00:00,127.263527,170.32865556652254,150.3114498735552,160.58214,183.0701904296875
2024-05-30 13:00:00,92.959677,146.54911539058568,95.07858775822422,105.1643,111.68450927734375
2024-05-30 14:00:00,84.60451899999998,136.85340920437565,79.33609066638371,93.52874,82.12782287597656
2024-05-30 15:00:00,101.194696,136.88702918009906,72.8247385719276,85.45499,79.41133117675781
2024-05-30 16:00:00,140.608,164.3674992029427,130.56430562174947,129.77563,173.71519470214844
2024-05-30 17:00:00,199.176704,195.9247934990531,224.0167195372222,222.55656,260.5682373046875
2024-05-30 18:00:00,220.348864,223.8879093875492,278.06567560578935,255.01083,334.480712890625
2024-05-30 19:00:00,217.081801,208.0920627341551,244.5062224111938,229.3168,312.60858154296875
2024-05-30 20:00:00,221.445125,182.0793944940292,176.09381951505748,183.61018,191.34136962890625
2024-05-30 21:00:00,226.981,168.02188318454878,181.27462318798004,179.4295,160.1416473388672
2024-05-30 22:00:00,212.776173,168.51822551872615,196.98495267109124,210.31871,189.34893798828125
2024-05-30 23:00:00,178.453547,160.8023465857215,189.8559457072851,184.21042,200.5716094970703
2024-05-31 00:00:00,146.36318299999996,149.35765090144284,140.72604008789517,154.53322,173.08245849609375
2024-05-31 01:00:00,122.023936,141.9987590228132,127.75105080339303,123.55466,124.93827056884766
2024-05-31 02:00:00,101.847563,131.68978750566683,96.93133888575856,93.012375,103.85470581054688
2024-05-31 03:00:00,98.611128,127.71650693706056,90.46476809290075,85.89026,86.47869110107422
2024-05-31 04:00:00,111.28464099999997,135.52923456706174,87.7439120606161,88.5063,60.669246673583984
2024-05-31 05:00:00,100.54462500000002,153.20303735392693,126.3301186263815,112.07664,79.40059661865234
2024-05-31 06:00:00,138.188413,139.19140616073574,91.82349217322539,111.76726,141.45468139648438
2024-05-31 07:00:00,252.43596800000003,182.60078030752766,192.13017326639797,223.79878,190.23094177246094
2024-05-31 08:00:00,307.546875,248.23387335417573,335.38116990843264,299.87213,291.30126953125
2024-05-31 09:00:00,300.76300000000003,245.82338767935042,321.75684140432105,318.21988,389.090087890625
2024-05-31 10:00:00,264.609288,239.84523230164388,292.0012844543375,282.4659,326.35455322265625
2024-05-31 11:00:00,223.648543,221.52063175269504,225.17770543178136,224.7081,260.6578369140625
2024-05-31 12:00:00,192.100033,194.93111124113744,195.79941706447605,183.08234,227.33657836914062
2024-05-31 13:00:00,179.40614399999995,191.1487614183876,164.0625122805864,179.78027,206.176025390625
2024-05-31 14:00:00,185.193,191.3777101509956,170.8786894869041,179.58841,184.9992218017578
2024-05-31 15:00:00,210.644875,202.6076744075988,238.82561321577734,243.41484,250.68666076660156
2024-05-31 16:00:00,240.641848,220.95338911177925,257.6531766229902,260.82153,328.166259765625
2024-05-31 17:00:00,253.636137,234.89133221960267,290.47338502553265,283.33337,406.0408935546875
2024-05-31 18:00:00,230.346397,221.7738135042645,252.77592881668886,240.87238,354.8419189453125
2024-05-31 19:00:00,199.176704,186.08869492235797,205.8227621821986,205.66667,223.93997192382812
2024-05-31 20:00:00,165.46914900000002,148.22090697672252,169.49975259818683,166.99509,199.3140869140625
2024-05-31 21:00:00,122.76347299999998,119.31829558891127,134.45143613550948,133.3379,182.50360107421875
2024-05-31 22:00:00,96.071912,93.91525099479472,92.39509955439502,98.62688,116.34852600097656
2024-05-31 23:00:00,71.991296,91.02094650827442,80.22752072142224,78.984985,69.69418334960938
2024-06-01 00:00:00,56.62310399999999,81.76904821334463,57.154002072657065,57.052322,71.31583404541016
2024-06-01 01:00:00,47.43792800000001,66.1197718239497,46.749509408826746,47.644135,46.263702392578125
2024-06-01 02:00:00,43.98697699999999,66.42490152174021,40.04418307131512,43.819683,48.37742614746094
2024-06-01 03:00:00,42.144192,71.41162121728229,40.45307821275631,40.586864,33.3436279296875
2024-06-01 04:00:00,38.614472,74.41686921580566,38.967037594004346,42.144375,32.99495315551758
2024-06-01 05:00:00,35.28755199999999,72.97704961508123,33.92903901508029,35.466545,47.18631362915039
2024-06-01 06:00:00,56.181887,74.19425766652878,46.333585619253235,56.897514,64.19664001464844
2024-06-01 07:00:00,98.611128,114.43979296685171,80.41403734705007,92.65793,93.63420104980469
2024-06-01 08:00:00,135.79674399999996,149.02225643047288,126.55962978387639,134.75734,128.89349365234375
2024-06-01 09:00:00,162.771336,167.17542014238205,155.43952334822436,158.60414,163.5325927734375
2024-06-01 10:00:00,188.13251700000004,180.89640782785787,166.75297152675782,167.83923,135.89328002929688
2024-06-01 11:00:00,202.262003,195.70274663294649,197.8320679577494,198.03685,162.12393188476562
2024-06-01 12:00:00,201.230056,196.53563864946224,215.72074278835808,219.90488,206.13487243652344
2024-06-01 13:00:00,176.55848100000003,199.06574353889226,199.1386364280168,188.88495,201.40997314453125
2024-06-01 14:00:00,142.23664799999997,178.78867339442033,148.49930688039825,160.77695,188.1375732421875
2024-06-01 15:00:00,109.215352,157.73115119303458,111.69280716247076,115.66989,134.26171875
2024-06-01 16:00:00,92.959677,138.00887179367518,85.64930505939572,79.74547,67.229248046875
2024-06-01 17:00:00,87.52838400000002,135.22917261654618,71.21877906050074,65.816055,57.502159118652344
2024-06-01 18:00:00,71.47337500000002,122.45445722772303,76.68738564407494,70.60942,52.655582427978516
2024-06-01 19:00:00,76.225024,98.53729484372289,67.87733260409978,69.0199,48.697349548339844
2024-06-01 20:00:00,89.31462299999998,100.92534836785336,78.3533923858576,78.78495,61.30938720703125
2024-06-01 21:00:00,84.60451899999998,103.37214421400034,90.30414631149617,89.82956,72.35969543457031
2024-06-01 22:00:00,81.182737,88.51531503962023,73.59769374271957,73.133804,75.3732681274414
2024-06-01 23:00:00,81.182737,90.19052430182103,73.06449785369661,71.142685,63.939308166503906
2024-06-02 00:00:00,78.953589,98.6285271846167,74.92588233675109,74.00008,71.1835708618164
2024-06-02 01:00:00,68.41792899999999,96.27398685461802,75.25163927271238,71.93206,74.36436462402344
2024-06-02 02:00:00,53.582633,89.80101246841397,59.75615853563964,63.216595,71.37427520751953
2024-06-02 03:00:00,46.26827899999999,73.67264918922098,41.58985455869707,46.863464,57.79869079589844
2024-06-02 04:00:00,37.595375,80.06903848880921,38.25019311142735,41.59032,29.548988342285156
2024-06-02 05:00:00,30.664297,72.67511663373156,31.81976492784752,31.799154,32.495723724365234
2024-06-02 06:00:00,47.43792800000001,69.29859712442143,42.36904138246629,45.30983,38.0194091796875
2024-06-02 07:00:00,92.959677,107.2722491151159,68.29498446536324,74.06748,54.48497009277344
2024-06-02 08:00:00,131.09651200000002,152.2036151098528,124.06721929961344,126.05711,125.26697540283203
2024-06-02 09:00:00,125.751501,166.70146453548125,145.02939872963142,162.14687,156.19522094726562
2024-06-02 10:00:00,99.89734399999998,151.49019056723702,114.14979345081473,119.11036,127.54375457763672
2024-06-02 11:00:00,68.92099999999998,121.95313301267515,73.85726699071924,78.1422,82.54904174804688
2024-06-02 12:00:00,45.882712000000005,85.90715015266294,48.684941097790585,51.835754,51.510135650634766
2024-06-02 13:00:00,33.076161,65.67659626850532,33.56279453475074,36.016888,34.476318359375
2024-06-02 14:00:00,31.255875,54.123682134703685,22.688975431823277,27.34977,26.515460968017578
2024-06-02 15:00:00,40.001688,57.01610017335082,30.030418215193357,34.507404,24.6142635345459
2024-06-02 16:00:00,66.43012499999999,80.1365702236358,47.90603882980521,51.037903,38.32704544067383
2024-06-02 17:00:00,94.81881599999996,109.24197174824141,88.39448293936891,89.98069,69.9787826538086
2024-06-02 18:00:00,119.095488,117.18941915135957,117.18091716421331,105.81779,108.18612670898438
2024-06-02 19:00:00,151.41943700000002,125.21296294942084,124.69479202207249,134.77454,101.59002685546875
2024-06-02 20:00:00,153.99065600000003,141.1767480443231,150.15770951320027,166.07558,102.17701721191406
2024-06-02 21:00:00,126.50600799999997,129.36805429453145,139.30516723555726,129.40337,135.97959899902344
2024-06-02 22:00:00,108.53133299999998,106.31659560277981,103.60012953742023,109.53316,114.42650604248047
2024-06-02 23:00:00,95.44399300000002,101.78593365809508,93.82006125186504,97.98738,72.79269409179688
2024-06-03 00:00:00,84.027672,99.24954608952632,80.02546531642774,83.809975,76.38188171386719
2024-06-03 01:00:00,66.43012499999999,102.62451980716992,70.09870874983149,67.49377,73.97625732421875
2024-06-03 02:00:00,46.26827899999999,87.33723666293116,50.48277125958926,52.33156,48.4863395690918
2024-06-03 03:00:00,37.93305599999999,71.46268769836459,33.48515817536704,33.457176,41.253807067871094
2024-06-03 04:00:00,34.64597599999999,74.1206673113542,30.992203582823674,30.591856,24.205625534057617
2024-06-03 05:00:00,30.371328,76.35838570392195,30.760215166657158,31.737795,26.019638061523438
2024-06-03 06:00:00,40.353607,72.17877877304075,43.29166882306828,47.14927,66.45333099365234
2024-06-03 07:00:00,53.15737599999999,91.24985544486532,59.73703425890734,60.721375,80.24491882324219
2024-06-03 08:00:00,65.45082700000002,93.42039445118306,67.20776395935441,70.82619,82.00740051269531
2024-06-03 09:00:00,97.97218100000002,96.69274326080401,74.0126467757795,72.04283,80.31385803222656
2024-06-03 10:00:00,106.49642400000002,133.0802927184727,112.78780324958105,105.989365,61.169734954833984
2024-06-03 11:00:00,81.74650399999999,118.08256317820167,107.73326980138012,104.55591,158.98684692382812
2024-06-03 12:00:00,48.627125,86.51322149098854,64.20946921423293,61.988853,67.3689956665039
2024-06-03 13:00:00,20.796875,49.69255694263965,32.38616574335294,34.239143,31.003063201904297
2024-06-03 14:00:00,5.735339000000001,15.82608166632358,11.04489566798785,14.733265,15.429536819458008
2024-06-03 15:00:00,2.248091,-22.02988190734841,2.82068033462448,5.427717,6.531696319580078
2024-06-03 16:00:00,6.229504,-28.096301959383823,1.4110869116227733,4.434733,2.783161163330078
2024-06-03 17:00:00,22.665187000000003,24.36780847294986,18.894560623273136,22.39378,2.3423080444335938
2024-06-03 18:00:00,53.582633,77.08790726876455,56.8832104568196,58.21809,23.181734085083008
2024-06-03 19:00:00,128.787625,118.97239565979555,78.28702416396864,95.32956,89.52227020263672
2024-06-03 20:00:00,157.46400000000003,177.08082920590746,142.44420399112016,148.71492,119.8592300415039
2024-06-03 21:00:00,125.751501,160.92893348698536,150.88812925779902,151.37888,147.94715881347656
2024-06-03 22:00:00,81.74650399999999,123.07240076173665,94.70439241314305,99.325005,110.99715423583984
2024-06-03 23:00:00,59.319,84.77270512816932,57.674501051914596,55.974964,68.81393432617188
2024-06-04 00:00:00,46.26827899999999,70.66445971996862,43.59502978481582,43.929207,37.187808990478516
2024-06-04 01:00:00,37.595375,66.79253202785819,34.89754765414293,35.37743,35.99201583862305
2024-06-04 02:00:00,32.76800000000001,60.55818157722149,30.697695339234343,29.987991,26.157947540283203
2024-06-04 03:00:00,27.0,58.59024782369097,26.10110387122807,27.242756,23.744827270507812
2024-06-04 04:00:00,21.951999999999995,47.892969965685495,22.464696416092597,22.540009,21.354480743408203
2024-06-04 05:00:00,17.984728,41.893214684045404,17.94142362811635,17.930367,17.882932662963867
2024-06-04 06:00:00,35.611289,37.59837125781128,29.17349830950371,30.797478,22.0535831451416
2024-06-04 07:00:00,49.430863,85.08863636567274,58.321883893263106,61.31846,51.495323181152344
2024-06-04 08:00:00,70.95794399999998,80.70888467718763,62.014028708572404,63.00969,65.83538818359375
2024-06-04 09:00:00,69.42653100000001,98.86286401874037,77.00387546628824,71.202385,49.27333068847656
2024-06-04 10:00:00,47.045881,71.48128086720934,56.78692310583844,60.72484,59.44551086425781
2024-06-04 11:00:00,26.198073000000004,36.38712738202215,31.75849262092476,30.862099,31.74137306213379
2024-06-04 12:00:00,12.649337,9.271201961216072,17.30164026800672,18.669464,18.515134811401367
2024-06-04 13:00:00,6.644671999999999,-9.832163753684242,7.347683777770949,9.43017,11.727550506591797
2024-06-04 14:00:00,5.832000000000001,-19.50901218912491,4.405021107307528,6.7253876,7.0718231201171875
2024-06-04 15:00:00,10.077696,-10.871368097100238,6.8229523641219005,6.4252567,7.340179443359375
2024-06-04 16:00:00,19.465109,20.379495780375443,19.338235092189954,18.524052,13.324798583984375
2024-06-04 17:00:00,27.0,56.3622187142829,32.12347093761103,35.979633,34.934364318847656
2024-06-04 18:00:00,34.965783,69.70938024109131,42.118875970642414,43.122868,63.544677734375
2024-06-04 19:00:00,70.95794399999998,75.26106310671733,54.202807155673554,68.81453,48.85179138183594
2024-06-04 20:00:00,96.702579,115.69454080728468,92.81766452126968,104.88955,98.37898254394531
2024-06-04 21:00:00,85.76612100000001,111.78219562442246,107.36298203526127,100.45258,109.91853332519531
2024-06-04 22:00:00,64.48120099999998,82.32767453838355,66.18567613960094,65.24767,68.4063491821289
2024-06-04 23:00:00,39.651821000000005,60.58413046571571,47.49987709424809,44.928288,48.121036529541016
2024-06-05 00:00:00,22.425767999999994,30.17921434946202,24.174646181051568,26.319706,30.309749603271484
2024-06-05 01:00:00,12.977875,11.480667796967104,13.853271879063552,14.708843,14.824098587036133
2024-06-05 02:00:00,8.365426999999997,-0.022749228273760025,8.340333489112803,8.623916,11.492485046386719
2024-06-05 03:00:00,5.5452330000000005,-8.583874514366023,5.3329058424966185,6.608235,7.654796600341797
2024-06-05 04:00:00,3.581577,-18.149813190440007,4.662410492590563,4.561186,5.7383270263671875
2024-06-05 05:00:00,2.097152,-26.500420196189715,2.9042935228767175,3.0105596,4.2088470458984375
2024-06-05 06:00:00,1.7279999999999998,-33.90135775777086,1.4321223708784516,3.7784333,4.590625762939453
2024-06-05 07:00:00,1.7279999999999998,-39.14434633119729,2.674240839263456,2.4421473,9.530597686767578
2024-06-05 08:00:00,2.0483830000000003,-46.44922086739576,2.908979269064293,0.75947183,6.033241271972656
2024-06-05 09:00:00,3.375,-49.49752137379951,2.73691948498513,2.8739262,4.628688812255859
2024-06-05 10:00:00,6.028568000000001,-36.928491069192894,5.916685834360846,5.4101925,3.9544334411621094
2024-06-05 11:00:00,8.120600999999997,-24.057279779984036,9.271468595438558,8.845265,4.481914520263672
2024-06-05 12:00:00,9.261,-11.852566301882618,11.733067658989828,11.748355,7.712833404541016
2024-06-05 13:00:00,8.489664000000001,-2.4354387050849127,10.954160117504035,12.157942,10.543415069580078
2024-06-05 14:00:00,8.365426999999997,-5.508408771734089,8.327459705206229,9.687607,10.457695007324219
2024-06-05 15:00:00,12.977875,-5.6043472033572215,8.773642629022529,9.683889,8.69076156616211
2024-06-05 16:00:00,35.93699999999999,14.735301809824756,16.766657547415665,19.7781,9.954963684082031
2024-06-05 17:00:00,92.959677,91.99077765831076,66.59917618613356,63.990353,23.714075088500977
2024-06-05 18:00:00,189.11922400000003,173.84028981297536,138.32393310860363,123.240364,129.91604614257812
2024-06-05 19:00:00,251.239591,228.4857761102516,238.8252604225984,246.21925,194.73110961914062
2024-06-05 20:00:00,231.475544,218.89251020824088,227.13735538653492,231.32094,207.0661163330078
2024-06-05 21:00:00,186.169411,177.75815935263356,190.77344203965666,181.88634,151.4497833251953
2024-06-05 22:00:00,151.41943700000002,150.70404805144616,140.16228944461946,136.39357,115.58936309814453
2024-06-05 23:00:00,136.59087500000004,141.4055182587655,113.29955745546634,116.26638,134.22897338867188
2024-06-06 00:00:00,128.787625,142.59689559620716,117.20276578187499,116.38144,102.55064392089844
2024-06-06 01:00:00,109.215352,148.91373053219178,113.72805113451854,112.85066,108.81504821777344
2024-06-06 02:00:00,85.18400000000003,134.30621341738015,87.08306942399186,88.61172,114.06450653076172
2024-06-06 03:00:00,53.15737599999999,117.99590024312687,61.538162095735515,62.786358,64.25972747802734
2024-06-06 04:00:00,28.652616,85.3850638305413,33.957524315853796,35.01988,43.61239242553711
2024-06-06 05:00:00,17.373979,60.14700190933482,18.35188782787632,18.089592,28.98318862915039
2024-06-06 06:00:00,22.425767999999994,54.01747877419637,30.79459978328701,28.599895,20.34719467163086
2024-06-06 07:00:00,45.499293,76.87157258239974,36.236939118902285,39.141266,29.704744338989258
2024-06-06 08:00:00,82.31287499999998,111.98192412832805,60.35597252497396,61.829002,48.94052505493164
2024-06-06 09:00:00,99.252847,146.05797944752766,106.45380118511004,113.481384,53.36940002441406
2024-06-06 10:00:00,76.765625,139.39675952148795,96.1187042019496,98.41804,107.6302490234375
2024-06-06 11:00:00,43.614208,103.51389654150958,57.06911251052231,58.573383,80.1029281616211
2024-06-06 12:00:00,18.821096000000004,60.848282720048104,27.43341558912307,29.748976,39.70094680786133
2024-06-06 13:00:00,5.088448,22.73615238505841,10.13966694505603,13.4908695,20.561662673950195
2024-06-06 14:00:00,0.5513679999999999,-16.68754049780469,2.3090976035827278,5.913223,11.815914154052734
2024-06-06 15:00:00,0.7049690000000001,-54.26506851379613,2.5743974631024646,3.2133706,6.3069000244140625
2024-06-06 16:00:00,4.574296,-21.46451709556002,2.577665589944484,3.8624785,3.4788055419921875
2024-06-06 17:00:00,17.984728,33.74714902558154,24.804709266713335,22.079174,5.1226348876953125
2024-06-06 18:00:00,41.421736,77.92144878132132,50.46523154908161,54.209457,42.39160919189453
2024-06-06 19:00:00,99.252847,109.15233211297894,78.56646501103255,98.96681,89.12803649902344
2024-06-06 20:00:00,135.79674399999996,162.93320678266545,141.35116134491705,140.83266,107.98321533203125
2024-06-06 21:00:00,131.87222899999998,152.85116723236837,128.48314962457493,132.37129,133.84007263183594
2024-06-06 22:00:00,131.87222899999998,130.57271668863388,120.11231605312076,111.06972,90.044921875
2024-06-06 23:00:00,134.217728,131.67275461840572,120.6957701679151,123.79933,76.49720764160156
2024-06-07 00:00:00,118.370771,133.81941285561928,123.95234437457742,130.49599,98.37368774414062
2024-06-07 01:00:00,94.196375,115.2736830523074,98.03261460272044,91.893135,106.21842193603516
2024-06-07 02:00:00,72.511713,100.25820020564885,72.36247988190009,67.74263,67.5481185913086
2024-06-07 03:00:00,53.582633,89.1409029243332,56.731586927679075,51.935917,52.762779235839844
2024-06-07 04:00:00,40.353607,77.29222357770212,38.95695470141942,38.55133,39.80608367919922
2024-06-07 05:00:00,32.76800000000001,68.82500848773157,29.30233770016981,28.53006,30.472206115722656
2024-06-07 06:00:00,50.653000000000006,65.85115503574987,45.50538192851006,46.089245,35.45928192138672
2024-06-07 07:00:00,68.92099999999998,102.93683723824836,69.88397018087167,71.005424,54.63370895385742
2024-06-07 08:00:00,67.91731200000001,101.63875278440395,87.22082437797606,86.44201,82.47392272949219
2024-06-07 09:00:00,38.95821900000001,83.44168662985203,57.69127975514566,59.3102,59.99375534057617
2024-06-07 10:00:00,17.173512000000002,33.634854479723195,23.278820992511893,24.402483,33.89807891845703
2024-06-07 11:00:00,5.735339000000001,-5.778375221674885,8.85762130806816,9.555663,13.611705780029297
2024-06-07 12:00:00,1.815848,-33.398775664380814,2.7424446339655253,4.4669,6.178707122802734
2024-06-07 13:00:00,2.197,-35.01859391267951,1.097712943749887,3.9351287,3.718505859375
2024-06-07 14:00:00,8.615124999999997,-11.631676554937378,3.0308263682574594,5.741628,3.4317054748535156
2024-06-07 15:00:00,30.664297,36.88998937837643,26.765585502111694,22.167234,8.514129638671875
2024-06-07 16:00:00,103.16170900000004,106.83899572644901,71.80829707192134,78.48489,63.12751007080078
2024-06-07 17:00:00,229.220928,211.67391183393832,171.65660426376192,184.71295,171.72552490234375
2024-06-07 18:00:00,317.21456800000004,284.3155047303358,273.4659794005389,300.68866,303.07244873046875
2024-06-07 19:00:00,313.046839,285.5609450969563,335.0492328755238,319.58862,312.70733642578125
2024-06-07 20:00:00,307.546875,236.20960137299818,257.05927394697176,242.82178,246.12139892578125
2024-06-07 21:00:00,277.1678079999999,218.64418232963547,245.8643432727617,246.52841,194.22219848632812
2024-06-07 22:00:00,254.840104,201.675615231554,228.34325070688814,239.02924,218.1954803466797
2024-06-07 23:00:00,236.029032,201.4967684686184,217.87478441863306,222.06224,217.65850830078125
2024-06-08 00:00:00,202.262003,202.21602428797254,212.3646858466666,214.43298,177.1094970703125
2024-06-08 01:00:00,153.13037499999996,187.4755133445545,171.71383703181425,186.0247,167.97372436523438
2024-06-08 02:00:00,108.53133299999998,161.8173098324161,111.67116087569619,118.78554,139.93701171875
2024-06-08 03:00:00,84.60451899999998,135.17371700174706,76.66958691627747,75.11126,79.23605346679688
2024-06-08 04:00:00,62.57077300000001,124.99821183760096,63.39909548711749,61.369568,54.521976470947266
2024-06-08 05:00:00,43.24355099999999,111.47614740480108,49.41600902026378,45.862537,59.18483352661133
2024-06-08 06:00:00,46.26827899999999,94.44386652204213,53.96899724414655,50.528862,62.17839813232422
2024-06-08 07:00:00,59.77647100000001,105.48364353215663,66.87797823551568,60.81888,61.91228485107422
2024-06-08 08:00:00,80.06299099999998,112.16244875122752,77.62772192480344,78.33287,75.44654846191406
2024-06-08 09:00:00,72.511713,124.64766712441724,93.16036537265828,96.90723,60.95150375366211
2024-06-08 10:00:00,47.83214699999999,98.85411137601957,62.960556653002165,62.739388,61.51988983154297
2024-06-08 11:00:00,27.543608,68.72719570265176,34.35725775195393,35.39525,37.49897003173828
2024-06-08 12:00:00,18.399744,47.967268423381356,18.400848642059383,21.824348,21.37434196472168
2024-06-08 13:00:00,21.253933,41.825547145103656,13.63019925187218,20.384937,15.574577331542969
2024-06-08 14:00:00,38.614472,63.60551627491523,30.256571501621615,35.807606,19.567232131958008
2024-06-08 15:00:00,74.08800000000001,97.07477213326379,59.94239605573359,63.39502,57.44875717163086
2024-06-08 16:00:00,126.50600799999997,139.6503780452275,109.61421011104412,124.63996,108.17318725585938
2024-06-08 17:00:00,191.102976,184.56914969417238,162.26925152395302,163.39682,194.837646484375
2024-06-08 18:00:00,216.0,218.8676239400774,212.22252379753704,210.10043,192.92738342285156
2024-06-08 19:00:00,183.250432,207.27063478285228,209.76211599709663,213.28824,191.1292724609375
2024-06-08 20:00:00,156.59081899999998,161.4798163017562,141.66096235165205,139.66267,171.35626220703125
2024-06-08 21:00:00,133.43283100000002,136.23499013571566,124.05009311789087,121.35673,122.54071807861328
2024-06-08 22:00:00,122.76347299999998,120.51402641401086,114.77624800820793,112.59481,104.319580078125
2024-06-08 23:00:00,114.08412499999996,124.50827136349275,110.54518024213439,109.18101,98.17146301269531
2024-06-09 00:00:00,94.81881599999996,124.79040709315413,100.11766272017717,100.236084,105.09037017822266
2024-06-09 01:00:00,69.934528,110.03777043588934,75.18544964850445,72.2531,104.94232940673828
2024-06-09 02:00:00,46.26827899999999,89.63009580679615,53.71190449990863,54.355453,75.09573364257812
2024-06-09 03:00:00,25.934336,67.4447151285526,30.97585384442541,32.81931,42.969032287597656
2024-06-09 04:00:00,14.348907000000002,42.70199917049496,17.01911469486548,17.117336,22.876747131347656
2024-06-09 05:00:00,9.129328999999998,29.7291846743464,9.92771155241352,9.66766,12.960918426513672
2024-06-09 06:00:00,16.194276999999996,24.13330524155576,19.07439557618012,20.24303,9.795574188232422
2024-06-09 07:00:00,27.0,54.00167292694783,28.132455463985448,31.515314,28.028793334960938
2024-06-09 08:00:00,47.83214699999999,56.167686328289015,36.37442217955393,36.446762,30.320655822753906
2024-06-09 09:00:00,55.74296799999999,91.25588192779344,63.73659945197609,61.67105,27.87155532836914
2024-06-09 10:00:00,40.707584,87.65110262339616,63.143410550676435,58.803722,45.977073669433594
2024-06-09 11:00:00,20.796875,48.872327387824136,27.011032181385723,30.349127,36.78944778442383
2024-06-09 12:00:00,6.644671999999999,9.53555061535016,11.670473002972578,15.251484,18.754684448242188
2024-06-09 13:00:00,1.092727,-24.641841256265366,4.133798467998882,6.153636,9.457538604736328
2024-06-09 14:00:00,0.2053789999999999,-55.41884636833077,0.9475960864034871,4.2746387,5.055294036865234
2024-06-09 15:00:00,0.941192,-66.67592797070071,0.34251165209741813,3.0551894,2.9116744995117188
2024-06-09 16:00:00,4.826809,-30.550654767678992,4.758699016784138,5.138845,2.141490936279297
2024-06-09 17:00:00,14.348907000000002,9.58218968234858,19.9541489917984,17.776316,8.509654998779297
2024-06-09 18:00:00,28.094464,42.95726987324644,45.836199181369885,47.45651,36.9614143371582
2024-06-09 19:00:00,61.629875000000006,69.45203446030847,61.690936564299584,65.59247,58.64085388183594
2024-06-09 20:00:00,111.98016800000002,111.69340883896032,93.8333725992979,92.39707,79.6017074584961
2024-06-09 21:00:00,162.771336,138.81362285184764,112.33123974424768,104.38078,97.30941009521484
2024-06-09 22:00:00,143.877824,164.9412024223532,160.61750231906174,169.02132,95.4005126953125
2024-06-09 23:00:00,109.902239,136.76564403494325,110.52439689375731,111.198296,121.19324493408203
2024-06-10 00:00:00,89.31462299999998,113.19694535292206,80.18322021267052,79.59072,67.62339782714844
2024-06-10 01:00:00,71.991296,108.2450054958583,65.61739582691132,62.865772,51.05739212036133
2024-06-10 02:00:00,54.439939,96.13985832654646,56.22401196967946,53.429844,47.15803909301758
2024-06-10 03:00:00,46.656000000000006,81.70501231711279,40.46141494822148,37.762154,38.381134033203125
2024-06-10 04:00:00,43.98697699999999,80.21758965014179,37.9483823900578,37.114353,28.042621612548828
2024-06-10 05:00:00,38.614472,81.36663932120592,39.792861704132335,39.28328,34.24510955810547
2024-06-10 06:00:00,57.066625,75.13465969079544,57.73234696593155,49.558914,55.352054595947266
2024-06-10 07:00:00,80.62156800000001,106.45049332944919,86.88604452754926,86.23869,79.29735565185547
2024-06-10 08:00:00,89.91539200000003,110.91345262147041,97.30190026563662,101.42949,93.83369445800781
2024-06-10 09:00:00,61.629875000000006,108.17899794466891,82.71952265504822,81.56693,55.680213928222656
2024-06-10 10:00:00,28.372625,65.74453485070448,40.83794615345043,38.034184,34.529296875
2024-06-10 11:00:00,10.793861,20.599641792802515,16.573402552876974,16.966581,16.563980102539062
2024-06-10 12:00:00,3.723875000000001,-7.563995857906576,7.111884659618493,7.8263702,7.425117492675781
2024-06-10 13:00:00,1.953125,-25.393248725898957,2.311699860185903,3.7501917,5.298728942871094
2024-06-10 14:00:00,3.581577,-20.66702002415291,1.4067876726239683,3.8731158,5.435947418212891
2024-06-10 15:00:00,8.998912,4.4256088194604715,8.337177393642245,7.9889116,6.477092742919922
2024-06-10 16:00:00,23.149125,30.38932234314809,24.02464396852026,23.38442,19.791189193725586
2024-06-10 17:00:00,56.181887,82.25772606857356,58.520922394764554,58.719738,43.9210205078125
2024-06-10 18:00:00,117.64900000000004,150.21076345695616,112.4214204618895,117.4828,102.577880859375
2024-06-10 19:00:00,232.608375,207.7039490141417,205.25873673950005,233.94234,195.03793334960938
2024-06-10 20:00:00,281.011375,258.81761412605863,265.3360133230595,257.41992,254.6374053955078
2024-06-10 21:00:00,246.491883,226.61862153417718,235.88015761127272,214.70198,209.90724182128906
2024-06-10 22:00:00,211.708736,183.1143062481525,191.17617841431348,183.0507,151.1928253173828
2024-06-10 23:00:00,169.112377,168.31422851444603,173.57118493128095,167.33781,120.03706359863281
2024-06-11 00:00:00,121.287375,144.4513540553399,135.66751835937697,137.84312,138.84060668945312
2024-06-11 01:00:00,84.027672,119.58996913636369,84.10875262123164,80.8212,114.8160400390625
2024-06-11 02:00:00,55.74296799999999,101.29741580332941,57.40270144671502,57.19562,59.85446548461914
2024-06-11 03:00:00,42.50854900000001,80.47995834013308,36.95770783499634,36.303783,45.77729415893555
2024-06-11 04:00:00,34.965783,74.9204343429257,32.43529872236368,30.503775,26.684066772460938
2024-06-11 05:00:00,34.64597599999999,69.56214404473083,27.93330046142467,28.109892,30.468658447265625
2024-06-11 06:00:00,46.656000000000006,77.14271367359015,47.28266561428876,47.057507,33.866676330566406
2024-06-11 07:00:00,63.044792,97.55306249300062,63.71714609231402,62.07233,81.05587768554688
2024-06-11 08:00:00,74.08800000000001,107.71872988087904,86.53382580732018,81.59015,83.61038208007812
2024-06-11 09:00:00,68.41792899999999,115.82193762106121,73.59351291916381,74.78774,61.63191223144531
2024-06-11 10:00:00,54.01015199999999,105.28735412765246,59.24670533517419,59.573185,53.35901641845703
2024-06-11 11:00:00,36.926037,76.71312961967368,42.736771943992615,41.079,37.34852600097656
2024-06-11 12:00:00,22.188041,49.345579881046994,27.03774874057033,28.052366,27.627490997314453
2024-06-11 13:00:00,18.609625,43.971509711577774,14.271447133574616,17.978148,17.800771713256836
2024-06-11 14:00:00,20.796875,51.728429152774964,18.157633450067728,20.823727,13.417556762695312
2024-06-11 15:00:00,28.934442999999995,68.19490848324496,27.791533582542737,32.622204,36.07915115356445
2024-06-11 16:00:00,42.144192,88.68665474766763,43.81936416000138,43.65067,34.62932586669922
2024-06-11 17:00:00,55.74296799999999,118.91180007664346,60.804112332649275,65.89164,62.959781646728516
2024-06-11 18:00:00,86.93830699999998,135.30896448204373,77.28794729753507,77.45933,88.37918090820312
2024-06-11 19:00:00,193.100552,163.40061833042847,126.14530159388175,131.19582,61.14970779418945
2024-06-11 20:00:00,279.726264,225.9415649549154,224.47323392014994,230.72151,148.47488403320312
2024-06-11 21:00:00,284.890312,228.10413282528293,270.2970318534257,266.30893,201.90164184570312
2024-06-11 22:00:00,252.43596800000003,212.62232923357703,254.0979420733849,241.99342,150.2410888671875
2024-06-11 23:00:00,208.52785699999995,201.00110900211988,216.62111397069162,200.5782,166.85848999023438
2024-06-12 00:00:00,153.13037499999996,185.32350613599144,178.56774481144294,173.45148,161.86236572265625
2024-06-12 01:00:00,104.487111,151.29747859979162,115.506426365684,123.23508,133.72314453125
2024-06-12 02:00:00,70.444997,133.34160985985423,74.1707834017184,70.60667,77.75048828125
2024-06-12 03:00:00,44.73887499999999,115.07274161390004,47.817380409399924,49.20962,51.82752227783203
2024-06-12 04:00:00,32.461759,93.2663907429305,29.95361627543923,30.558023,36.476585388183594
2024-06-12 05:00:00,27.270900999999995,86.85595082757044,24.342306274504402,25.097092,24.307247161865234
2024-06-12 06:00:00,56.62310399999999,85.02568898092647,37.909143080478344,40.538727,25.315494537353516
2024-06-12 07:00:00,83.45345300000001,141.7387684922727,95.25932169181756,88.99444,48.12687683105469
2024-06-12 08:00:00,82.88185600000001,139.41453762972455,104.20236809721999,108.39732,82.20287322998047
2024-06-12 09:00:00,60.236288,124.50744533411694,69.63697592701607,66.37958,54.14653396606445
2024-06-12 10:00:00,31.855013,93.33731906645778,41.32818677821353,36.634766,35.236297607421875
2024-06-12 11:00:00,12.166999999999998,49.44063955689142,18.475145034008282,20.532612,23.44317054748535
2024-06-12 12:00:00,3.796416,9.198759419233376,6.730600078087999,7.860303,10.654727935791016
2024-06-12 13:00:00,3.375,-13.547789506324158,2.2299069332325505,4.8816104,7.000339508056641
2024-06-12 14:00:00,9.528128,0.21973816231081855,3.510260668664242,7.8828793,5.986202239990234
2024-06-12 15:00:00,25.67237500000001,40.79288545661919,26.356517944267754,26.088701,11.622673034667969
2024-06-12 16:00:00,60.236288,84.15727382059188,62.949445574310054,64.028305,65.19725799560547
2024-06-12 17:00:00,133.43283100000002,148.84762164748236,124.86853617564702,127.55858,111.48611450195312
2024-06-12 18:00:00,232.608375,224.62925003861113,234.8739379155556,239.41986,179.99143981933594
2024-06-12 19:00:00,320.01350399999995,265.92301093165395,296.4766235450834,318.2897,283.16162109375
2024-06-12 20:00:00,303.46444799999995,265.6304899671748,311.61022974779166,288.0555,267.1199035644531
2024-06-12 21:00:00,262.14400000000006,209.90569348266717,233.57414817460304,221.62772,186.64120483398438
2024-06-12 22:00:00,171.87961599999997,179.23877822029274,206.76174444926895,211.47916,129.09780883789062
2024-06-12 23:00:00,118.370771,120.51286170329794,114.12941397593715,125.91176,170.91302490234375
2024-06-13 00:00:00,96.702579,105.17131531782624,83.16927934018742,85.086006,83.61795043945312
2024-06-13 01:00:00,92.34540799999998,107.53293125164043,78.85507630273565,73.74004,56.361629486083984
2024-06-13 02:00:00,85.76612100000001,114.48732957635264,74.77693562451927,79.1349,69.37976837158203
2024-06-13 03:00:00,63.044792,109.11592006688693,72.86211936416812,69.40302,64.04196166992188
2024-06-13 04:00:00,41.06362500000001,83.60872927799531,47.22582347489116,45.249214,56.04087448120117
2024-06-13 05:00:00,31.255875,69.20194447001097,26.05067715436398,28.361727,29.889751434326172
2024-06-13 06:00:00,45.882712000000005,74.3261955073391,45.75891646912551,44.354424,26.656082153320312
2024-06-13 07:00:00,55.306341,110.29628947854454,61.660212116188895,64.20037,69.14727783203125
2024-06-13 08:00:00,89.31462299999998,99.0725877605577,65.84719518790567,63.835815,67.326904296875
2024-06-13 09:00:00,110.59199999999998,135.71591382697613,102.46402397521344,104.21602,39.87430191040039
2024-06-13 10:00:00,89.91539200000003,151.404137283896,111.50853746927119,107.02514,71.35389709472656
2024-06-13 11:00:00,58.86386900000001,122.58594123303868,70.46602769224874,71.68298,73.00364685058594
2024-06-13 12:00:00,43.614208,87.05346377835755,39.19193523259212,45.84402,36.483612060546875
2024-06-13 13:00:00,42.875,89.09745128770942,36.19728171550272,41.884853,23.996288299560547
2024-06-13 14:00:00,52.734375,101.64795600792345,47.58501119968354,57.121975,68.02970123291016
2024-06-13 15:00:00,78.402752,117.31673638792563,78.71355570274056,76.94777,62.84918212890625
2024-06-13 16:00:00,114.79125600000002,152.82564252073254,122.41368024569266,126.30895,84.05197143554688
2024-06-13 17:00:00,161.878625,185.11817687901353,179.62839537383866,174.49265,193.8237762451172
2024-06-13 18:00:00,205.37900000000005,210.62043979789624,200.95429006438843,189.88028,177.0586700439453
2024-06-13 19:00:00,209.58458400000004,215.22946886258885,223.42682797358043,217.23634,148.482666015625
2024-06-13 20:00:00,173.74111200000002,185.1126548129972,183.7838416873359,181.65604,194.57164001464844
2024-06-13 21:00:00,140.608,141.62025685531427,128.9134419376252,129.51222,136.97515869140625
2024-06-13 22:00:00,126.50600799999997,119.09493790395763,107.79033264837935,117.031006,90.19447326660156
2024-06-13 23:00:00,114.08412499999996,123.64437836186181,112.9447641114587,119.01001,84.73756408691406
2024-06-14 00:00:00,99.252847,123.9443046913344,96.53640492727412,101.5022,103.58343505859375
2024-06-14 01:00:00,91.733851,112.33963021608389,79.2657125415346,82.22843,87.2701187133789
2024-06-14 02:00:00,92.959677,106.86782834340838,79.00720530040611,72.72089,66.2955093383789
2024-06-14 03:00:00,70.95794399999998,108.91926536773798,83.91939682223658,88.26705,63.23706817626953
2024-06-14 04:00:00,45.118016,83.05696076987685,55.80688748528447,54.564453,64.2330551147461
2024-06-14 05:00:00,34.965783,62.49034331907308,30.52777525518625,29.908987,37.73621368408203
2024-06-14 06:00:00,55.306341,64.93426471862529,52.638176622451276,50.286316,30.254140853881836
2024-06-14 07:00:00,88.71653599999999,108.89107154636486,85.19783506884113,88.61262,72.39865112304688
2024-06-14 08:00:00,122.76347299999998,139.14524961959208,120.67599665328821,120.77317,122.09390258789062
2024-06-14 09:00:00,170.031464,159.51040056835402,148.00903243935306,162.58629,215.3253173828125
2024-06-14 10:00:00,200.20162499999995,203.70237761926003,177.45521446602837,177.5275,170.379638671875
2024-06-14 11:00:00,195.112,222.9010603290346,229.82673197453488,214.43156,252.781982421875
2024-06-14 12:00:00,191.102976,211.32341510306043,183.5675122775938,191.80481,299.94146728515625
2024-06-14 13:00:00,189.11922400000003,209.1408950635621,188.16402134998813,181.69006,130.91897583007812
2024-06-14 14:00:00,173.74111200000002,208.74014765161337,186.48712476225447,188.90578,158.8912811279297
2024-06-14 15:00:00,153.99065600000003,188.42006101973683,153.28684624975648,151.70723,283.337890625
2024-06-14 16:00:00,140.608,178.1662490602101,119.62142368591907,123.74056,114.72997283935547
2024-06-14 17:00:00,115.501303,176.95390012955076,128.343204338672,113.49432,65.59427642822266
2024-06-14 18:00:00,86.93830699999998,154.85141412361443,89.2426972500501,80.68105,68.69403839111328
2024-06-14 19:00:00,87.52838400000002,124.53134662558958,64.4790179382164,80.091736,36.349586486816406
2024-06-14 20:00:00,84.027672,130.0121944947429,84.56092269597553,83.466034,61.422359466552734
2024-06-14 21:00:00,59.77647100000001,119.28362962422173,74.81582077257904,70.46818,92.78453826904297
2024-06-14 22:00:00,41.06362500000001,87.25485605664426,44.96335421810051,43.61323,73.36215209960938
2024-06-14 23:00:00,36.264691,69.45302391302972,29.461439390761484,29.61509,26.911190032958984
2024-06-15 00:00:00,35.28755199999999,73.99651328759421,32.84910562006771,30.90302,31.30884552001953
2024-06-15 01:00:00,34.328125,78.97352233778386,33.47386657918294,34.480972,29.61170768737793
2024-06-15 02:00:00,31.855013,78.01298287189763,35.46481710095661,33.89417,30.880775451660156
2024-06-15 03:00:00,29.503629,70.22365549747053,30.832782983394953,30.162127,26.22159767150879
2024-06-15 04:00:00,26.198073000000004,66.78000164521623,26.19760613520225,26.515919,21.64552879333496
2024-06-15 05:00:00,23.393656,65.85366955569805,22.695211017150445,24.359629,24.070987701416016
2024-06-15 06:00:00,34.64597599999999,66.7530836528064,37.26197519133927,42.716564,34.95893859863281
2024-06-15 07:00:00,39.651821000000005,94.12000134133012,51.341271989942676,60.01638,52.59025573730469
2024-06-15 08:00:00,50.243409,78.35101543867489,51.2603756330279,52.856815,64.02149200439453
2024-06-15 09:00:00,91.125,88.34528773505386,56.522882196105186,56.49269,42.73627471923828
2024-06-15 10:00:00,114.79125600000002,134.42562620616826,110.72138933632068,105.42299,58.566490173339844
2024-06-15 11:00:00,113.379904,142.73347715289248,118.90512403112793,118.09506,126.20997619628906
2024-06-15 12:00:00,94.81881599999996,137.8830022454765,102.56248217045308,105.88341,85.02171325683594
2024-06-15 13:00:00,82.88185600000001,122.49845041734417,75.81628346823277,81.626434,78.51547241210938
2024-06-15 14:00:00,83.45345300000001,111.8877164473397,69.7280798923147,74.93807,68.2303237915039
2024-06-15 15:00:00,87.52838400000002,113.1419123026194,79.96391497927297,78.04651,71.72598266601562
2024-06-15 16:00:00,87.52838400000002,117.63161493361164,93.40450512608639,86.267944,77.22184753417969
2024-06-15 17:00:00,100.54462500000002,109.09867359101781,86.06500711450623,78.00873,75.1121826171875
2024-06-15 18:00:00,100.54462500000002,119.27919174749226,105.47262476602195,95.53932,51.27741622924805
2024-06-15 19:00:00,127.263527,108.40015225069286,96.55224374011699,105.07028,89.74677276611328
2024-06-15 20:00:00,196.122941,132.81821313096916,140.22119804012377,139.01405,98.05682373046875
2024-06-15 21:00:00,218.167208,179.71489072499242,211.2652333862523,200.74985,101.83216094970703
2024-06-15 22:00:00,159.220088,181.27505354602638,196.60369516521777,195.24355,166.8885498046875
2024-06-15 23:00:00,99.89734399999998,140.39607922750187,115.99480371832323,127.80337,164.83486938476562
2024-06-16 00:00:00,65.939264,109.46127604906013,70.03892250580999,71.59085,87.10995483398438
2024-06-16 01:00:00,51.064811,94.40457056108272,45.615233421816654,44.528095,54.387351989746094
2024-06-16 02:00:00,65.45082700000002,93.77435168360583,38.143702322089666,38.507008,42.49424743652344
2024-06-16 03:00:00,97.97218100000002,131.23531463380903,70.0481325977135,73.67906,34.912017822265625
2024-06-16 04:00:00,126.50600799999997,159.58183997204344,119.72404493433942,116.65583,67.39614868164062
2024-06-16 05:00:00,151.41943700000002,171.58531109679112,149.72130630323898,151.32254,93.0898666381836
2024-06-16 06:00:00,173.74111200000002,184.64404953119967,158.43978729145255,169.7629,139.2353973388672
2024-06-16 07:00:00,186.169411,188.75408972561232,175.73954547270816,178.38358,254.40115356445312
2024-06-16 08:00:00,226.981,187.94408498144452,210.33723871759867,211.24213,283.490478515625
2024-06-16 09:00:00,247.673152,214.58851971999786,245.44402321239096,247.99382,279.06378173828125
2024-06-16 10:00:00,250.047,208.30999406873417,244.81588412661537,240.5017,256.5408935546875
2024-06-16 11:00:00,239.483061,199.69521039835482,235.2496620989947,225.53023,150.83135986328125
2024-06-16 12:00:00,199.176704,193.64239088339323,221.2827320331715,229.97571,160.45977783203125
2024-06-16 13:00:00,148.035889,175.68543692498795,170.43374924224437,167.89316,216.7777557373047
2024-06-16 14:00:00,98.611128,151.33947741080033,118.03309691108372,130.24634,130.21676635742188
2024-06-16 15:00:00,57.066625,115.3618495319725,65.51101837459882,73.298004,93.9732437133789
2024-06-16 16:00:00,25.153757,79.85571555752063,31.599786945566517,45.941177,58.85136413574219
2024-06-16 17:00:00,5.832000000000001,46.81638125560203,16.186417726692227,21.22022,25.419902801513672
2024-06-16 18:00:00,0.3890169999999999,5.124217186469345,4.390789236731582,4.3900647,14.469535827636719
2024-06-16 19:00:00,0.5120000000000001,-35.568308851414635,5.073225768656066,4.592318,7.952510833740234
2024-06-16 20:00:00,4.019679000000001,-5.196323676323324,2.638841334072709,7.879684,3.2083091735839844
2024-06-16 21:00:00,16.387064000000002,35.87322965429706,14.194921316899965,17.202349,2.0304222106933594
2024-06-16 22:00:00,37.595375,76.66088404063035,39.6422099939994,33.197697,15.9381103515625
2024-06-16 23:00:00,59.77647100000001,112.50654104677392,54.682031381745944,57.008385,41.24447250366211
2024-06-17 00:00:00,58.411072,137.67821733628,79.34810900487153,79.801796,63.339744567871094
2024-06-17 01:00:00,38.272753,129.0865744717401,53.87917999787376,55.99169,74.02336120605469
2024-06-17 02:00:00,19.683000000000003,86.54423290124714,26.469850902753365,27.835083,43.05059051513672
2024-06-17 03:00:00,10.941048000000002,41.81366442026655,10.871410509693481,13.30699,20.96185874938965
2024-06-17 04:00:00,6.858999999999999,22.034826141656897,7.660420306888004,8.130392,11.926406860351562
2024-06-17 05:00:00,3.652264,10.811309391852976,4.768968892993072,5.7010326,9.563102722167969
2024-06-17 06:00:00,3.5118080000000003,-8.303724569242029,4.739857726927466,5.4190207,8.471549987792969
2024-06-17 07:00:00,5.000210999999999,-8.70675831960073,7.075752343272748,6.0395837,11.012115478515625
2024-06-17 08:00:00,11.089567,-7.780484973718586,7.4757133863558,6.507643,10.537681579589844
2024-06-17 09:00:00,12.812903999999998,15.142373421567497,19.24834972320886,17.568298,10.623062133789062
2024-06-17 10:00:00,8.365426999999997,4.821849168069065,14.367881600476979,15.691676,14.203969955444336
2024-06-17 11:00:00,3.796416,-20.43946520529613,5.627623616308886,7.149714,11.177146911621094
2024-06-17 12:00:00,1.906624,-52.352879835076585,5.396141795765896,3.3467221,6.522739410400391
2024-06-17 13:00:00,2.985984,-56.10087120429191,1.2918704115525697,2.7024019,2.4655838012695312
2024-06-17 14:00:00,6.644671999999999,-33.78812664912727,5.168390610790011,5.549568,1.4688301086425781
2024-06-17 15:00:00,11.089567,-6.951918290923729,13.914114358713089,13.009937,4.786647796630859
2024-06-17 16:00:00,16.387064000000002,11.906132435671154,16.154601750510793,15.3881445,12.644012451171875
2024-06-17 17:00:00,23.393656,40.925447813537225,21.337413733061403,22.961552,15.356138229370117
2024-06-17 18:00:00,38.95821900000001,68.84738773311537,39.88418192706262,34.411716,21.287641525268555
2024-06-17 19:00:00,78.402752,107.191224645105,57.8914265857426,68.51127,25.52606773376465
2024-06-17 20:00:00,123.50599200000003,145.09825873185198,101.41633071438049,100.88285,67.77490997314453
2024-06-17 21:00:00,145.53157599999997,162.60015091797902,129.6246098231033,126.50636,100.72691345214844
2024-06-17 22:00:00,127.263527,161.44898664913794,141.19102385803063,139.24211,101.84315490722656
2024-06-17 23:00:00,112.678587,139.47781729165604,105.74228987498225,106.76549,101.76043701171875
2024-06-18 00:00:00,99.89734399999998,132.51996308322418,90.18363340767517,94.29163,97.34255981445312
2024-06-18 01:00:00,96.071912,118.5398854451218,79.68358194968376,77.42793,96.29947662353516
2024-06-18 02:00:00,94.81881599999996,126.84571353346854,75.20726794644253,80.326805,70.05564880371094
2024-06-18 03:00:00,105.154048,131.92768686341114,78.53762878344642,79.06257,73.0732421875
2024-06-18 04:00:00,117.64900000000004,148.0626959633486,125.82419947477281,120.17276,68.80899047851562
2024-06-18 05:00:00,99.252847,159.96036065818564,126.55349972416958,121.54514,69.14041137695312
2024-06-18 06:00:00,114.79125600000002,143.54704748637442,84.37857891013903,97.068245,100.49574279785156
2024-06-18 07:00:00,128.787625,168.60718505390057,152.77608104434253,153.85745,118.56755065917969
2024-06-18 08:00:00,174.676879,166.12561481271192,141.17792326563043,152.04373,157.1052703857422
2024-06-18 09:00:00,190.109375,200.8238550390203,173.28257269437302,187.35854,141.7530517578125
2024-06-18 10:00:00,156.59081899999998,199.0488053644288,200.44127965004606,192.25514,173.74452209472656
2024-06-18 11:00:00,117.64900000000004,171.5072346507677,116.79893389074233,126.34531,156.71539306640625
2024-06-18 12:00:00,80.06299099999998,146.91395491902256,85.39800820246236,92.778336,83.96946716308594
2024-06-18 13:00:00,54.01015199999999,122.54698087861826,56.47021439502702,64.213524,70.91542053222656
2024-06-18 14:00:00,43.24355099999999,104.98989153618143,37.76114937368453,47.67142,48.342002868652344
2024-06-18 15:00:00,42.50854900000001,97.97925255689759,37.55838179902358,43.64934,36.23898696899414
2024-06-18 16:00:00,49.027896000000005,103.8728010958674,44.29935859996222,50.568996,58.93449783325195
2024-06-18 17:00:00,70.444997,119.6870317661267,68.57974807540326,64.1528,50.26128005981445
2024-06-18 18:00:00,109.902239,153.0651040414075,88.83729999703233,102.70556,43.684608459472656
2024-06-18 19:00:00,175.61599999999996,181.44465052149891,135.51664767453462,135.2433,113.20409393310547
2024-06-18 20:00:00,194.104539,201.64018857404884,173.62987590791982,182.82133,172.5663299560547
2024-06-18 21:00:00,184.22000900000003,173.48571427285418,189.13156583879368,192.34315,146.27578735351562
2024-06-18 22:00:00,173.74111200000002,161.71353384932883,181.3933956122151,172.9729,116.79219055175781
2024-06-18 23:00:00,140.608,161.00536441763745,149.12951427780345,149.54614,129.47958374023438
2024-06-19 00:00:00,109.215352,139.32652161416846,108.03874873572444,119.73532,140.5721435546875
2024-06-19 01:00:00,90.51884900000002,128.51709527781878,84.21002234680631,82.08863,94.877197265625
2024-06-19 02:00:00,74.08800000000001,126.97295643641297,66.73606416476095,68.78465,64.1670150756836
2024-06-19 03:00:00,43.24355099999999,116.42086293241823,58.527001690596435,56.823193,58.660919189453125
2024-06-19 04:00:00,21.484952,74.4694956026987,28.42508910982789,27.858856,40.09015655517578
2024-06-19 05:00:00,14.172488,47.290417048358364,13.649552922476087,16.217411,21.675378799438477
2024-06-19 06:00:00,18.399744,49.8925238028138,21.602863135165865,21.910948,17.4301700592041
2024-06-19 07:00:00,29.503629,71.38148986398512,31.864151352138666,33.264263,27.953594207763672
2024-06-19 08:00:00,26.730899000000004,87.29186879727038,39.223804354315455,41.556396,38.219482421875
2024-06-19 09:00:00,26.730899000000004,56.80831813158716,25.34751459486562,27.731787,40.22770309448242
2024-06-19 10:00:00,25.934336,51.42517229021769,26.602152928134277,27.589664,20.037567138671875
2024-06-19 11:00:00,21.951999999999995,46.36711193900604,23.368922471847974,24.78603,18.84798240661621
2024-06-19 12:00:00,19.248832000000004,37.54722561079119,19.947968834484847,21.524855,18.952787399291992
2024-06-19 13:00:00,17.576,37.473882216466116,17.599570525183356,19.480839,15.465696334838867
2024-06-19 14:00:00,19.683000000000003,34.39178576926211,16.872350615846095,18.027325,16.10971450805664
2024-06-19 15:00:00,22.425767999999994,40.77455021589587,22.443820372176905,25.910807,15.674446105957031
2024-06-19 16:00:00,21.253933,39.69123299663585,29.119427213441078,29.230162,28.91338348388672
2024-06-19 17:00:00,13.481272,37.81191244030528,20.40424164479984,23.97648,22.087154388427734
2024-06-19 18:00:00,12.008989,20.737257537706927,9.538071596812868,11.338692,11.885623931884766
2024-06-19 19:00:00,21.717639,19.72227753251184,13.65793642277628,17.36363,7.571311950683594
2024-06-19 20:00:00,34.965783,32.723650667340564,36.511458713072464,39.857735,20.911001205444336
2024-06-19 21:00:00,39.304,53.032728582832476,43.79284243345174,44.161724,35.95972442626953
2024-06-19 22:00:00,37.595375,50.6300841662084,39.674178873324706,39.288425,42.70787048339844
2024-06-19 23:00:00,36.264691,46.62846220268597,35.691476702086085,34.98493,30.787982940673828
2024-06-20 00:00:00,35.93699999999999,43.003411453780444,32.89651095551724,32.583656,27.784791946411133
2024-06-20 01:00:00,36.264691,41.611280468254314,33.35625001739165,33.221085,24.13974380493164
2024-06-20 02:00:00,35.611289,43.65343075516719,35.74199860682338,33.400562,23.113998413085938
2024-06-20 03:00:00,30.664297,42.687916079849785,33.55866199566685,32.67918,21.394651412963867
2024-06-20 04:00:00,25.67237500000001,38.085001629058425,26.215828064586038,24.994171,21.352251052856445
2024-06-20 05:00:00,19.683000000000003,37.55753159313233,21.584323474427666,19.321444,15.487512588500977
2024-06-20 06:00:00,45.882712000000005,32.07669502376326,29.649054381920077,28.080101,19.084468841552734
2024-06-20 07:00:00,84.60451899999998,101.06618789421145,68.13248003567814,62.895077,35.40816879272461
2024-06-20 08:00:00,83.45345300000001,133.86104001422768,109.63377794459997,97.84729,75.58026123046875
2024-06-20 09:00:00,68.92099999999998,115.60826212420059,66.34018965339227,71.427444,81.16558074951172
2024-06-20 10:00:00,40.353607,99.52805662287975,50.65653312545231,52.836403,40.804630279541016
2024-06-20 11:00:00,19.248832000000004,50.84573933472906,23.93314946526449,26.467054,36.8148307800293
2024-06-20 12:00:00,10.503459,13.076651037766993,10.21084965493003,11.969868,12.838569641113281
2024-06-20 13:00:00,8.489664000000001,8.23348218375984,6.724676182201551,7.732736,8.278457641601562
2024-06-20 14:00:00,11.543175999999995,15.999397423901673,6.658181509250454,8.927433,7.79534912109375
2024-06-20 15:00:00,16.003008,27.14102673659554,16.41362216601603,15.375232,8.305545806884766
2024-06-20 16:00:00,18.609625,35.47842658291292,21.110031053487063,21.546429,20.631988525390625
2024-06-20 17:00:00,25.934336,38.3443888694282,23.95256578800583,23.084146,15.592248916625977
2024-06-20 18:00:00,35.611289,66.37674045736807,36.61477106169538,39.27192,13.187004089355469
2024-06-20 19:00:00,58.86386900000001,77.85324567658581,46.07478297822328,57.105904,36.04612731933594
2024-06-20 20:00:00,86.93830699999998,94.25566029995724,72.26170929606099,73.97125,63.33836364746094
2024-06-20 21:00:00,99.252847,106.74420671931938,92.50975578003536,94.219475,85.18577575683594
2024-06-20 22:00:00,102.50323199999998,109.0640573455756,91.91130918684966,99.14311,71.15164947509766
2024-06-20 23:00:00,119.095488,115.81035300606877,91.41604453000369,93.616615,63.5150146484375
2024-06-21 00:00:00,147.19795200000002,143.09889331637072,123.35070558239035,115.89441,79.63992309570312
2024-06-21 01:00:00,151.41943700000002,170.0741670283784,163.167380650195,166.91861,119.36814880371094
2024-06-21 02:00:00,146.36318299999996,165.2375742642881,145.21405800833764,138.67087,133.62130737304688
2024-06-21 03:00:00,132.65099999999998,163.1570581155258,134.72165905130893,123.94396,92.69066619873047
2024-06-21 04:00:00,78.402752,152.80607628943466,112.6253203646824,111.11399,74.62345123291016
2024-06-21 05:00:00,28.094464,102.18107022257539,55.40034036287363,57.83272,71.59536743164062
2024-06-21 06:00:00,17.576,44.36815656153638,45.35405770095374,37.609436,49.44487380981445
2024-06-21 07:00:00,15.438249000000004,42.87643797707898,26.37635435097595,30.0798,28.517465591430664
2024-06-21 08:00:00,15.252992,33.910997171432754,21.338340553641117,27.064655,22.176464080810547
2024-06-21 09:00:00,14.348907000000002,36.85851574681486,13.866885300695182,13.485221,20.568328857421875
2024-06-21 10:00:00,15.813250999999996,36.3224867558399,14.062447649325051,14.742158,15.43086051940918
2024-06-21 11:00:00,16.777216,51.64113281003692,16.935873707442134,19.862284,14.391735076904297
2024-06-21 12:00:00,19.034163,46.70022547078363,17.274763581982665,19.81631,19.87839126586914
2024-06-21 13:00:00,24.389,32.05353313274641,20.381064976897072,22.94322,21.247257232666016
2024-06-21 14:00:00,31.255875,50.80590461229596,32.53395839547312,32.62198,27.90835952758789
2024-06-21 15:00:00,43.98697699999999,66.17180911957058,36.96175514957431,38.905056,45.0959358215332
2024-06-21 16:00:00,58.411072,78.24118522972253,50.77240984858381,52.886272,50.09876251220703
2024-06-21 17:00:00,58.86386900000001,97.07393038120702,70.74936196863672,67.408585,58.150787353515625
2024-06-21 18:00:00,42.144192,88.71223766791051,55.86401836775371,51.449974,51.86894226074219
2024-06-21 19:00:00,33.698267,53.62891646504404,40.49208133866845,43.20525,37.31912612915039
2024-06-21 20:00:00,35.611289,37.24788078314459,27.476459223231114,29.048447,36.215232849121094
2024-06-21 21:00:00,37.25970399999999,43.500657754132796,36.8072061053629,35.09533,29.202180862426758
2024-06-21 22:00:00,39.651821000000005,46.78817168972734,38.04637981779832,37.0073,33.651641845703125
2024-06-21 23:00:00,40.353607,52.822937533620944,39.43406091973104,37.93071,37.97175979614258
2024-06-22 00:00:00,36.264691,56.38490266653281,37.967597963272084,36.085102,36.26219177246094
2024-06-22 01:00:00,30.080231,57.06332516570755,32.852049377028095,31.414675,31.152008056640625
2024-06-22 02:00:00,23.149125,50.787952074464386,23.01691252391738,24.123236,23.440073013305664
2024-06-22 03:00:00,18.821096000000004,39.245339564129836,17.065034762389224,17.267193,15.842954635620117
2024-06-22 04:00:00,13.997521000000004,34.272844900584516,15.71933926461564,16.330648,11.209266662597656
2024-06-22 05:00:00,10.793861,22.52176870948442,10.65784743282598,11.63366,11.74203872680664
2024-06-22 06:00:00,21.024576,21.573280656899406,18.92816737281569,18.58876,20.0081729888916
2024-06-22 07:00:00,28.372625,63.697230773921056,37.099764733296915,36.458412,29.996475219726562
2024-06-22 08:00:00,28.094464,56.545333522992664,35.424226606386675,35.120598,53.342708587646484
2024-06-22 09:00:00,19.465109,42.52445084636394,27.09525016274772,27.206556,33.63268280029297
2024-06-22 10:00:00,15.438249000000004,14.49946880203435,14.864986999496063,15.001884,14.703378677368164
2024-06-22 11:00:00,13.312053000000002,6.527681762143015,11.297970943296328,12.371706,11.1583251953125
2024-06-22 12:00:00,13.144256,5.285859534579664,11.237608535869049,12.404895,11.839225769042969
2024-06-22 13:00:00,15.813250999999996,11.79888424616199,12.258833523510603,13.429573,13.273834228515625
2024-06-22 14:00:00,21.253933,13.468705215186688,18.08778271007345,18.689394,15.044424057006836
2024-06-22 15:00:00,24.642171000000005,34.120249340217235,26.936693193245414,27.522762,21.97052001953125
2024-06-22 16:00:00,27.0,37.02031509239835,27.230801539049594,27.524042,25.387895584106445
2024-06-22 17:00:00,30.959144,43.303117864650176,29.54005022939254,28.211893,16.170269012451172
2024-06-22 18:00:00,20.346417,48.370210938346595,32.29276592147113,27.540071,16.89056396484375
2024-06-22 19:00:00,17.576,8.93015359366126,22.704728764287943,24.351,21.13461685180664
2024-06-22 20:00:00,21.717639,-2.187906558056227,16.386004126750176,18.314482,16.84624481201172
2024-06-22 21:00:00,21.717639,7.3836874199075595,28.410564647185424,25.60233,16.177480697631836
2024-06-22 22:00:00,17.576,1.0865361646370388,20.666683658951623,21.003494,17.81719970703125
2024-06-22 23:00:00,12.326391,-11.261444183045818,15.229510867180641,15.1681185,14.139732360839844
2024-06-23 00:00:00,8.0,-27.53156102054988,8.919185779518948,8.806567,11.02236557006836
2024-06-23 01:00:00,4.912999999999999,-45.730834748020975,5.158066499470224,5.9164085,6.7224273681640625
2024-06-23 02:00:00,3.307949,-52.05258280095622,3.30811833787076,3.9617403,3.9736557006835938
2024-06-23 03:00:00,2.6856189999999995,-55.88966191467478,2.4081420992456843,2.9189034,2.9372520446777344
2024-06-23 04:00:00,2.299968,-49.429936530488284,2.423401045275325,2.71579,2.1210670471191406
2024-06-23 05:00:00,2.097152,-44.62764738663545,2.4433038586531364,2.451397,2.0104942321777344
2024-06-23 06:00:00,4.912999999999999,-41.91350330525612,2.345204316497289,3.3696516,1.644500732421875
2024-06-23 07:00:00,14.172488,-21.101777684669067,8.618124279938549,8.785305,9.699748992919922
2024-06-23 08:00:00,19.034163,14.454684526961694,19.39352971235888,19.152613,12.48464584350586
2024-06-23 09:00:00,20.123648000000003,12.20651961603242,21.79331090306991,22.160355,24.779205322265625
2024-06-23 10:00:00,23.639903000000004,11.025284176276838,18.497673770391838,19.693893,16.549026489257812
2024-06-23 11:00:00,30.080231,26.33096793965362,25.566747626205125,24.706219,16.820350646972656
2024-06-23 12:00:00,37.595375,46.542235660899976,35.76162780422526,35.075665,28.283443450927734
2024-06-23 13:00:00,47.045881,56.23058171170459,44.37856672609742,44.21882,42.995182037353516
2024-06-23 14:00:00,56.181887,66.84343374291257,53.25856626323289,52.634098,47.911720275878906
2024-06-23 15:00:00,65.45082700000002,82.70760201654521,62.801205890272556,63.727768,61.980384826660156
2024-06-23 16:00:00,78.953589,100.32272921573576,68.8040511175378,66.14661,59.81006622314453
2024-06-23 17:00:00,90.51884900000002,119.8847877242408,83.93632802928981,72.75083,49.39476776123047
2024-06-23 18:00:00,70.95794399999998,130.34481124238556,92.79964484111657,80.61924,43.3368034362793
2024-06-23 19:00:00,53.582633,97.00851029763015,65.0482772988686,65.9273,39.11989974975586
2024-06-23 20:00:00,53.582633,63.51536634122595,39.29177540523616,38.498604,37.293312072753906
2024-06-23 21:00:00,42.144192,61.576936763473284,47.90322373158327,45.132633,33.35013961791992
2024-06-23 22:00:00,30.080231,39.24085969295113,33.35913606102388,32.265274,34.769317626953125
2024-06-23 23:00:00,22.906303999999995,26.95276033103173,22.062690439095213,22.15756,18.656749725341797
2024-06-24 00:00:00,19.248832000000004,19.159128822262428,17.39299348316432,16.905048,13.791021347045898
2024-06-24 01:00:00,17.984728,22.280539709702982,16.327582770228005,16.45607,13.003730773925781
2024-06-24 02:00:00,19.034163,30.2413470411753,16.049233555029442,16.133562,10.756168365478516
2024-06-24 03:00:00,20.123648000000003,37.72087621868438,19.595696152814433,19.298515,14.264366149902344
2024-06-24 04:00:00,23.887872,40.45648035654723,18.99055458624371,20.420263,17.382831573486328
2024-06-24 05:00:00,22.906303999999995,53.80023383952602,26.68880648907782,24.309328,19.797306060791016
2024-06-24 06:00:00,46.26827899999999,49.53424485778655,44.02907358702663,39.52966,52.43131637573242
2024-06-24 07:00:00,91.125,108.75951990820886,65.74346413303742,65.02005,62.59605026245117
2024-06-24 08:00:00,125.751501,147.43953497317912,123.30346164957137,123.09982,123.52626037597656
2024-06-24 09:00:00,92.34540799999998,162.728917456369,131.40294097637684,135.34355,184.0386962890625
2024-06-24 10:00:00,55.74296799999999,113.00095108915994,64.9622678319434,63.400795,75.62691497802734
2024-06-24 11:00:00,35.28755199999999,85.99608874808555,32.06305981638803,38.226982,43.4803581237793
2024-06-24 12:00:00,25.153757,55.3377993538118,21.85560924894568,25.585058,24.09920883178711
2024-06-24 13:00:00,17.779580999999997,38.654057611863124,17.41299727370912,20.875673,23.30351448059082
2024-06-24 14:00:00,14.348907000000002,31.727408766883638,13.806022263495498,15.688838,26.700345993041992
2024-06-24 15:00:00,16.581374999999998,20.723348861746135,11.774996392828662,14.01186,16.145044326782227
2024-06-24 16:00:00,28.372625,32.155421648385506,22.392499755305412,22.746704,14.548748016357422
2024-06-24 17:00:00,56.181887,69.33238090904834,50.67999440613293,47.38483,23.748628616333008
2024-06-24 18:00:00,80.06299099999998,115.07958515615155,74.37927355966882,79.341606,57.655548095703125
2024-06-24 19:00:00,120.55378400000002,130.7872387267624,104.42165751462635,97.880844,112.03458404541016
2024-06-24 20:00:00,168.19660799999997,163.40671093528,141.73089240204726,138.17548,116.46339416503906
2024-06-24 21:00:00,143.877824,180.69134783989756,163.3355823516836,165.6706,118.58799743652344
2024-06-24 22:00:00,113.379904,139.33106909996252,111.85897740650034,108.198364,127.53706359863281
2024-06-24 23:00:00,83.45345300000001,116.61912213581914,92.5179443675754,86.31665,87.3545150756836
2024-06-25 00:00:00,53.582633,95.7957063352178,62.021243764275034,61.082165,67.23016357421875
2024-06-25 01:00:00,34.64597599999999,70.90244462305964,32.88589329143494,35.479485,51.09150314331055
2024-06-25 02:00:00,31.855013,55.4454972082177,22.17608267589912,24.183655,27.91720199584961
2024-06-25 03:00:00,27.818127,64.93427012456321,32.292262488128806,30.038425,19.81203842163086
2024-06-25 04:00:00,28.652616,58.853408542024994,24.456755565226686,23.780302,28.46879005432129
2024-06-25 05:00:00,28.372625,65.07171890837485,28.138387732426832,28.213747,22.830408096313477
2024-06-25 06:00:00,54.439939,64.2616982480802,42.52471034241115,43.550423,37.02785873413086
2024-06-25 07:00:00,84.027672,114.57953272537827,86.33886779810676,83.64643,67.79737854003906
2024-06-25 08:00:00,68.92099999999998,129.58722199865892,109.37544440076559,104.627266,87.66072082519531
2024-06-25 09:00:00,34.64597599999999,94.52433200661014,52.061983180052394,55.796898,65.68287658691406
2024-06-25 10:00:00,12.166999999999998,40.84224695712875,20.75171135047788,23.160875,27.787494659423828
2024-06-25 11:00:00,3.581577,-10.524960462936377,6.999867349902035,7.0162554,10.022613525390625
2024-06-25 12:00:00,0.8305839999999999,-38.79745942971814,2.160561737942546,3.8836887,4.505500793457031
2024-06-25 13:00:00,0.125,-50.46401781042665,0.559422462617388,2.9471142,3.27093505859375
2024-06-25 14:00:00,0.2053789999999999,-58.02258590272721,0.3960970193305758,2.2941763,2.6574363708496094
2024-06-25 15:00:00,1.3310000000000004,-45.79155813465295,0.688845368618145,2.4642422,2.081653594970703
2024-06-25 16:00:00,5.735339000000001,-8.918406473686517,5.4189213361204285,4.5729475,2.887348175048828
2024-06-25 17:00:00,16.581374999999998,32.49445438913477,16.715868564101083,19.34778,8.710391998291016
2024-06-25 18:00:00,26.463592,76.38698951313924,40.73068061015702,39.472607,29.495229721069336
2024-06-25 19:00:00,46.656000000000006,93.23821432760728,47.28587827766347,60.576378,44.87467956542969
2024-06-25 20:00:00,71.991296,112.82224795978419,60.54802602651121,62.926292,42.48675537109375
2024-06-25 21:00:00,74.08800000000001,113.95030178744219,77.68943209271352,75.459465,69.44471740722656
2024-06-25 22:00:00,59.77647100000001,93.00166776349637,68.0220720523668,64.64341,69.22984313964844
2024-06-25 23:00:00,42.144192,74.45537690305414,45.002419213850224,41.828693,45.843360900878906
2024-06-26 00:00:00,26.730899000000004,54.06196259643261,30.202441814540958,28.939432,32.820987701416016
2024-06-26 01:00:00,12.977875,34.317824637341694,18.720742291688698,18.20767,23.23374366760254
2024-06-26 02:00:00,4.574296,5.26158657894576,8.077877957458657,8.173021,14.011137008666992
2024-06-26 03:00:00,2.0483830000000003,-21.273875379146737,2.2045019871431712,2.672885,6.543323516845703
2024-06-26 04:00:00,1.4049280000000004,-31.687344496593404,1.2086839236285747,1.8040141,2.5189590454101562
2024-06-26 05:00:00,1.092727,-36.999098770107985,1.3553455269332217,2.5811698,1.484161376953125
2024-06-26 06:00:00,3.375,-36.544916404976924,1.3979598831345934,3.7615974,3.231792449951172
2024-06-26 07:00:00,5.000210999999999,-8.496851155580295,8.0108746350289,5.87764,5.870708465576172
2024-06-26 08:00:00,6.967870999999999,-19.774754366854047,7.174951365843655,5.476033,8.263145446777344
2024-06-26 09:00:00,11.852351999999996,-7.785322671274685,8.859609915736765,8.397534,7.642253875732422
2024-06-26 10:00:00,16.777216,18.00481522220074,17.780536025650633,16.56838,7.45916748046875
2024-06-26 11:00:00,21.024576,33.71340648524391,21.11671792399141,20.994942,13.450298309326172
2024-06-26 12:00:00,30.664297,45.21345746052472,24.19600861726924,25.373192,22.148832321166992
2024-06-26 13:00:00,47.83214699999999,73.73672975374961,37.089082728763884,37.836216,23.090045928955078
2024-06-26 14:00:00,68.92099999999998,106.81372921998897,64.58948904502832,63.871643,59.950531005859375
2024-06-26 15:00:00,84.60451899999998,130.06518714406351,83.60457855403547,83.41018,75.72615814208984
2024-06-26 16:00:00,108.53133299999998,151.1418363026928,100.03112698459992,85.99689,76.17337036132812
2024-06-26 17:00:00,122.76347299999998,176.64962127496474,125.97160607871012,113.56844,60.03738784790039
2024-06-26 18:00:00,78.953589,179.6377442807598,125.69166607085182,110.11131,82.38140869140625
2024-06-26 19:00:00,45.118016,114.25737661311925,59.057408634529956,69.284065,59.93898391723633
2024-06-26 20:00:00,36.926037,63.450099364955165,29.33165909316178,32.13195,24.12298583984375
2024-06-26 21:00:00,23.887872,49.83366708440411,32.24805132133857,28.478695,20.322290420532227
2024-06-26 22:00:00,13.823999999999998,22.225668780601055,15.500022960904651,15.179282,20.238447189331055
2024-06-26 23:00:00,6.858999999999999,3.7918676505408726,9.555520917657542,9.087471,11.302268981933594
2024-06-27 00:00:00,4.330746999999999,-18.59940375830896,4.519921638486841,4.6962557,7.274990081787109
2024-06-27 01:00:00,4.657462999999999,-20.165079384007342,3.339263241158517,3.429117,4.011383056640625
2024-06-27 02:00:00,6.028568000000001,-9.985170868041742,4.909390257820879,4.991131,3.5480880737304688
2024-06-27 03:00:00,4.410943999999999,2.4762564108705973,7.942567831309873,7.3437366,4.605171203613281
2024-06-27 04:00:00,3.375,-16.04801156176596,3.584061106221658,3.772695,7.6923828125
2024-06-27 05:00:00,6.028568000000001,-18.211321035278516,2.5804302403574604,3.2532272,4.405132293701172
2024-06-27 06:00:00,29.218112,13.762115261463936,11.855908972856742,11.611273,7.832275390625
2024-06-27 07:00:00,38.614472,97.21745486511949,47.619008921068136,52.93801,31.73806381225586
2024-06-27 08:00:00,47.43792800000001,73.97632591676759,52.43507540591506,51.644886,72.84584045410156
2024-06-27 09:00:00,58.411072,97.4106717669581,52.478240020412166,51.60621,38.850486755371094
2024-06-27 10:00:00,74.618461,119.64090341348307,65.60172323327845,63.821247,40.12825012207031
2024-06-27 11:00:00,95.44399300000002,134.33043883233026,80.9168202119518,82.33206,81.35690307617188
2024-06-27 12:00:00,111.98016800000002,151.51284258560173,108.00131119604202,109.206474,106.95010375976562
2024-06-27 13:00:00,109.215352,162.07384434435482,125.38279832506512,115.0072,160.4105224609375
2024-06-27 14:00:00,96.702579,144.33232106962015,101.50201194393986,103.44752,157.40911865234375
2024-06-27 15:00:00,85.76612100000001,127.22336910892238,72.05267060148444,81.19339,93.83020782470703
2024-06-27 16:00:00,78.402752,117.77859683048788,66.43968420615838,63.77981,44.956520080566406
2024-06-27 17:00:00,68.41792899999999,105.08353250415979,65.5984299576969,59.503075,27.69776153564453
2024-06-27 18:00:00,34.965783,90.86404953853463,58.609782495830096,46.508453,25.125059127807617
2024-06-27 19:00:00,22.665187000000003,35.993816813034904,29.175985085977505,28.434858,28.08477783203125
2024-06-27 20:00:00,25.67237500000001,24.321313398113432,14.233672125128612,19.970125,15.489429473876953
2024-06-27 21:00:00,19.248832000000004,34.26714739022923,27.576354927237922,26.276241,14.541759490966797
2024-06-27 22:00:00,11.852351999999996,9.408894878193394,15.242095720831106,15.020083,20.94241714477539
2024-06-27 23:00:00,7.529535999999999,-6.986295300967647,8.2102573266081,8.642213,11.761054992675781
2024-06-28 00:00:00,4.826809,-16.715337219064885,4.968598723397584,5.8121567,8.087196350097656
2024-06-28 01:00:00,2.985984,-24.528233653548227,3.3784730299159476,4.0223966,5.8118133544921875
2024-06-28 02:00:00,2.299968,-35.2224928680291,2.325304518669573,2.6919618,3.7346038818359375
2024-06-28 03:00:00,2.097152,-32.209861740419306,2.3453903088544035,2.4027262,1.9966773986816406
2024-06-28 04:00:00,1.953125,-30.987279849219377,2.1756401074165685,2.2416327,3.7359390258789062
2024-06-28 05:00:00,1.6016129999999995,-29.82620085856074,2.1568297972285944,2.2889028,3.574939727783203
2024-06-28 06:00:00,3.442951,-35.25835024277675,2.7140803987625843,4.9812126,9.74932861328125
2024-06-28 07:00:00,7.880599,-21.953448196836128,7.457048694464666,6.3617997,11.698795318603516
2024-06-28 08:00:00,8.998912,-3.19285671108009,9.906057880817206,12.43786,9.915901184082031
2024-06-28 09:00:00,6.967870999999999,-4.792125245307858,10.786602896023169,10.248843,14.762975692749023
2024-06-28 10:00:00,5.088448,-27.22238670308944,6.096141681547936,7.0126076,10.016658782958984
2024-06-28 11:00:00,5.5452330000000005,-32.53357307421234,4.43713655419769,5.1952267,7.236911773681641
2024-06-28 12:00:00,8.741816,-29.521030047376357,6.900061585713311,6.9030933,5.668235778808594
2024-06-28 13:00:00,17.373979,-20.069056649321823,14.031137553475407,14.223053,9.252914428710938
2024-06-28 14:00:00,38.95821900000001,10.571672629546388,25.90125421977657,27.115837,17.81993865966797
2024-06-28 15:00:00,77.85448299999997,68.23356292138911,61.76408003745444,54.92515,47.870643615722656
2024-06-28 16:00:00,116.214272,121.73974654079595,112.44782072220926,100.886116,97.25605010986328
2024-06-28 17:00:00,127.263527,151.45678256008267,133.9362552287329,123.50227,116.29705810546875
2024-06-28 18:00:00,93.576664,150.12002116652434,127.12468196836627,119.053444,76.8196029663086
2024-06-28 19:00:00,80.06299099999998,112.402964228526,69.07536507445433,80.536194,86.06156921386719
2024-06-28 20:00:00,73.56005900000002,93.06397715291828,63.983928902934906,60.84264,67.9965591430664
2024-06-28 21:00:00,56.62310399999999,71.46573725723968,61.415664666832114,55.291042,57.24555206298828
2024-06-28 22:00:00,41.06362500000001,51.10246164010727,43.72278974125008,39.578007,48.63825607299805
2024-06-28 23:00:00,27.818127,36.03445485820441,28.796393762035674,29.699417,34.3808708190918
2024-06-29 00:00:00,18.191447,19.09008038806194,20.54580058385474,20.888899,26.140304565429688
2024-06-29 01:00:00,12.649337,7.919321414418448,13.181580109147005,13.88116,16.26024627685547
2024-06-29 02:00:00,9.800344,6.461964097004785,9.011016936451023,9.337736,11.210369110107422
2024-06-29 03:00:00,12.812903999999998,6.378354487476685,7.938383082321009,7.8516216,8.731269836425781
2024-06-29 04:00:00,27.818127,28.153200220284337,14.951042281995605,15.904329,7.704444885253906
2024-06-29 05:00:00,42.875,73.0089982307334,43.458996631601295,44.987865,19.390037536621094
2024-06-29 06:00:00,67.91731200000001,98.51264826670433,63.63078793790447,69.39056,79.2879409790039
2024-06-29 07:00:00,97.33599999999998,136.72954735497387,101.13408602720042,99.06584,113.00855255126953
2024-06-29 08:00:00,162.771336,159.25902973291974,129.62456206169998,134.82071,176.1001434326172
2024-06-29 09:00:00,191.102976,214.89143865599692,197.2512391572346,206.286,201.37042236328125
2024-06-29 10:00:00,183.250432,224.4538671769241,213.76957623994514,210.79146,345.36322021484375
2024-06-29 11:00:00,145.53157599999997,216.82801788509772,187.34455386655358,180.37035,271.7976989746094
2024-06-29 12:00:00,114.08412499999996,174.77444602467912,109.40917012478356,111.942894,135.5616455078125
2024-06-29 13:00:00,94.196375,143.05150598741335,83.49361480502492,85.07705,75.47634887695312
2024-06-29 14:00:00,73.56005900000002,141.96475307152883,77.44665365195236,76.824455,94.84295654296875
2024-06-29 15:00:00,56.62310399999999,116.34619321951848,56.317378901894536,56.349945,58.571685791015625
2024-06-29 16:00:00,38.614472,96.43409896794273,43.29624630305722,42.143368,38.90766525268555
2024-06-29 17:00:00,18.821096000000004,68.35667968574174,25.613513637880825,24.143984,31.103862762451172
2024-06-29 18:00:00,8.242408,32.722474400733475,11.167358258458675,10.291469,10.31298828125
2024-06-29 19:00:00,6.128487000000001,5.2427497506529726,7.5460760696318765,9.147964,6.258571624755859
2024-06-29 20:00:00,7.529535999999999,-0.06363189129035973,7.162536626046147,9.307199,5.705913543701172
2024-06-29 21:00:00,8.365426999999997,-0.8178039481800106,10.892983828525335,10.609117,6.150749206542969
2024-06-29 22:00:00,11.390625,0.36199689481410147,9.269566749039685,9.846484,8.548847198486328
2024-06-29 23:00:00,16.003008,13.438506850845439,15.886308851511094,14.6674795,9.014766693115234
2024-06-30 00:00:00,19.034163,31.759426227088472,21.57574423063751,22.295815,17.11045265197754
2024-06-30 01:00:00,19.465109,45.926457827058435,21.099284576057258,20.80853,21.530704498291016
2024-06-30 02:00:00,21.484952,42.933908299802184,17.87524372383319,19.396305,22.721275329589844
2024-06-30 03:00:00,27.270900999999995,54.19131199119848,25.128256905554178,22.669424,18.861352920532227
2024-06-30 04:00:00,36.926037,65.84069304878224,31.566865113062903,30.464281,26.453134536743164
2024-06-30 05:00:00,34.965783,84.28775028801536,52.39679279945781,47.284218,36.56354904174805
2024-06-30 06:00:00,38.614472,72.9480937719469,50.71588341215388,53.961586,64.44992065429688
2024-06-30 07:00:00,47.83214699999999,80.37818807205628,59.62586094521767,60.509525,60.80539321899414
2024-06-30 08:00:00,64.96480799999998,92.91063114414766,58.548141657691716,58.080982,55.011619567871094
2024-06-30 09:00:00,109.902239,114.39355651881809,78.93267319262088,78.0777,69.20121002197266
2024-06-30 10:00:00,148.035889,159.6547068678123,136.7065442114388,138.21262,80.49017333984375
2024-06-30 11:00:00,154.854153,177.9753700763071,172.2635827541152,174.43033,175.34237670898438
2024-06-30 12:00:00,140.608,180.70386307918474,149.16039537781543,143.23868,212.7295379638672
2024-06-30 13:00:00,127.263527,161.9105767054105,125.94193015501155,121.09638,128.93222045898438
2024-06-30 14:00:00,117.64900000000004,147.00316637979162,112.90425150482932,110.85966,66.18576049804688
2024-06-30 15:00:00,105.82381700000003,138.3340291929891,106.31029870228193,103.270485,114.68994140625
2024-06-30 16:00:00,79.50699999999999,124.92093288700642,87.3812514382645,88.976074,69.94154357910156
2024-06-30 17:00:00,40.001688,104.4550558744877,54.83427281066117,49.664906,38.144203186035156
2024-06-30 18:00:00,14.706125000000004,61.705790869370134,23.946305265300488,20.981934,27.91676139831543
2024-06-30 19:00:00,19.034163,16.908196595913005,10.905027640275435,13.099392,14.77547836303711
2024-06-30 20:00:00,34.64597599999999,49.882342389749546,21.97618089971515,25.180254,15.056665420532227
2024-06-30 21:00:00,48.22854400000001,74.3914072206967,47.64650443850542,47.47489,35.15046691894531
2024-06-30 22:00:00,57.960603000000006,85.03689962633918,58.43055280561512,55.54246,52.7432746887207
2024-06-30 23:00:00,58.86386900000001,94.24135743206915,67.07249803688276,63.819508,60.905521392822266
2024-07-01 00:00:00,51.895117,90.37335761265041,57.812012205410994,56.798428,67.35833740234375
2024-07-01 01:00:00,41.781923000000006,86.13268642307403,45.845812824705966,43.503307,57.18663024902344
2024-07-01 02:00:00,32.76800000000001,71.59705630824035,32.9424302573162,33.342815,40.22743225097656
2024-07-01 03:00:00,21.717639,59.57974573968663,25.609992286810126,25.701889,25.54458236694336
2024-07-01 04:00:00,13.312053000000002,38.25239537592205,15.675905306468126,15.572591,17.35658073425293
2024-07-01 05:00:00,11.852351999999996,22.452996483479538,9.355465282709979,9.616053,11.514801025390625
2024-07-01 06:00:00,30.371328,32.45528325310903,21.00035329676518,24.012932,12.369903564453125
2024-07-01 07:00:00,63.52119900000001,93.78476334195794,52.077549756692314,53.00178,36.89089584350586
2024-07-01 08:00:00,148.87699999999998,132.60889138384806,93.91565128611828,93.47904,82.19268798828125
2024-07-01 09:00:00,273.35944900000004,216.42155051648155,221.74147904817792,225.80411,146.86453247070312
2024-07-01 10:00:00,320.01350399999995,277.0715696473692,311.14446350160034,347.6431,288.5780334472656
2024-07-01 11:00:00,299.4183090000001,271.43101333241276,345.08678444743776,314.82413,386.69866943359375
2024-07-01 12:00:00,260.917119,257.8209862448241,278.77750424994576,273.46368,310.341552734375
2024-07-01 13:00:00,234.885113,242.6661307860993,231.2790823795112,219.49135,216.66481018066406
2024-07-01 14:00:00,206.425071,222.60518166608097,199.47293665294575,196.32959,191.34007263183594
2024-07-01 15:00:00,179.40614399999995,204.44352422731197,176.32280962889695,182.76273,168.64651489257812
2024-07-01 16:00:00,139.79835900000003,192.32466360690387,139.90354332384305,142.3648,110.92428588867188
2024-07-01 17:00:00,89.91539200000003,167.8817076257754,96.8661402013686,85.29427,69.66361236572266
2024-07-01 18:00:00,73.03463199999999,133.40403746289525,41.873434230879404,46.521755,45.60700988769531
2024-07-01 19:00:00,80.06299099999998,135.55676912072363,64.88829265267816,64.75189,27.445329666137695
2024-07-01 20:00:00,76.225024,140.89531070761706,84.13124377624382,83.95859,111.76316833496094
2024-07-01 21:00:00,80.62156800000001,116.56255559927956,65.98606548402981,69.29882,106.04408264160156
2024-07-01 22:00:00,71.991296,117.41761127974945,80.9409806236784,76.64315,52.07611846923828
2024-07-01 23:00:00,63.044792,102.41695828033906,61.89526821842591,61.866703,75.59500122070312
2024-07-02 00:00:00,58.411072,95.23637528550077,53.4014092486833,55.506207,70.65020751953125
2024-07-02 01:00:00,54.87199999999999,92.62760058139362,53.83156821763926,55.08786,38.257965087890625
2024-07-02 02:00:00,49.836032,93.08287609480792,47.38414907214201,48.460453,56.10139846801758
2024-07-02 03:00:00,35.611289,90.68757053515843,46.48465539542953,45.96156,60.31303787231445
2024-07-02 04:00:00,25.412184,69.17755449971631,27.849502480560524,28.70883,35.761295318603516
2024-07-02 05:00:00,22.188041,62.41361512811079,18.594588610830208,21.431547,18.98717498779297
2024-07-02 06:00:00,38.614472,71.69880123466552,42.50556625998319,38.98771,37.81388854980469
2024-07-02 07:00:00,56.62310399999999,113.90408378284053,65.84694678035338,65.286934,69.1962890625
2024-07-02 08:00:00,97.97218100000002,124.5888436135406,79.96934982144052,82.93892,93.51055908203125
2024-07-02 09:00:00,143.05566700000003,170.79283618513574,132.07519353946452,137.02339,132.02781677246094
2024-07-02 10:00:00,166.375,194.63751115416892,173.05686390144405,183.19714,202.5333709716797
2024-07-02 11:00:00,160.10300699999996,201.2251537316985,171.0692523855644,176.93393,226.4161834716797
2024-07-02 12:00:00,181.321496,186.82013575286265,140.0252088591228,141.56631,173.9685821533203
2024-07-02 13:00:00,241.80436700000004,198.13067531643847,182.90852844195376,174.55756,97.59657287597656
2024-07-02 14:00:00,268.33612500000004,233.9178950717484,257.34956772252986,257.42548,191.0758056640625
2024-07-02 15:00:00,212.776173,237.47245563516847,258.1521407590122,251.5402,348.82666015625
2024-07-02 16:00:00,106.49642400000002,196.82237275229605,157.19974291636998,161.16435,223.4075469970703
2024-07-02 17:00:00,35.93699999999999,126.10124235492367,62.187373168186916,57.639854,64.1253662109375
2024-07-02 18:00:00,10.360232000000002,60.81480560070541,21.719534190453437,17.214148,26.356578826904297
2024-07-02 19:00:00,8.365426999999997,15.091357427802578,10.446077778152953,10.318132,18.553178787231445
2024-07-02 20:00:00,14.172488,20.437043148298006,9.926643844358813,11.168383,13.995542526245117
2024-07-02 21:00:00,23.639903000000004,44.04853139523784,20.701053857141552,22.126293,11.7742919921875
2024-07-02 22:00:00,25.412184,56.01861154070079,33.2428837597743,31.257168,25.08161163330078
2024-07-02 23:00:00,21.951999999999995,43.62023302576665,25.534713813078273,27.027191,31.918365478515625
2024-07-03 00:00:00,15.252992,33.921818330845966,19.33615763369047,19.793274,26.43269157409668
2024-07-03 01:00:00,9.938375,19.77853939747564,11.500478193190915,11.965063,17.866579055786133
2024-07-03 02:00:00,6.434856000000001,6.034357169154237,7.494706736748097,7.8371134,10.249900817871094
2024-07-03 03:00:00,4.741631999999999,-5.037713912018134,4.657581131835482,5.160601,8.349853515625
2024-07-03 04:00:00,4.096000000000001,-6.623757538312013,3.8149599525430036,3.977666,5.355655670166016
2024-07-03 05:00:00,3.944312000000001,-4.397459472650709,3.910122009664013,4.3916388,5.6113739013671875
2024-07-03 06:00:00,6.751268999999999,1.013044073672873,5.54905279875272,7.720619,10.944770812988281
2024-07-03 07:00:00,17.173512000000002,22.12015336644949,15.48512532811013,15.1570425,19.080991744995117
2024-07-03 08:00:00,32.76800000000001,66.55620066272041,24.382171720304655,26.986279,23.777578353881836
2024-07-03 09:00:00,51.895117,98.71681592320576,46.328062379021475,49.88201,75.72665405273438
2024-07-03 10:00:00,64.48120099999998,122.50101065631259,70.30956397077288,67.181465,72.96975708007812
2024-07-03 11:00:00,67.91731200000001,127.40673164781441,73.02501701081377,70.23944,85.21603393554688
2024-07-03 12:00:00,61.162984,122.36372899787631,65.99947066488294,73.4996,85.04666900634766
2024-07-03 13:00:00,52.734375,105.87383029121847,53.50388229443998,57.7898,68.06114196777344
2024-07-03 14:00:00,44.73887499999999,82.88507074559905,44.42020146611716,47.390167,51.34090805053711
2024-07-03 15:00:00,36.594368,64.99906821892947,36.874585114511184,39.579285,39.484901428222656
2024-07-03 16:00:00,34.965783,51.275791553456514,29.564075664415704,28.419987,29.67224884033203
2024-07-03 17:00:00,24.137569000000003,55.880324203222244,32.056694857205315,32.118816,19.93622589111328
2024-07-03 18:00:00,16.581374999999998,25.244106497177537,18.605653429892335,16.829603,23.511268615722656
2024-07-03 19:00:00,20.570824000000005,2.5638793877375505,12.410412572635346,16.843105,13.667896270751953
2024-07-03 20:00:00,38.272753,12.012688992916189,21.853110176590544,24.25899,22.21919059753418
2024-07-03 21:00:00,59.77647100000001,46.92991826159761,52.215958218549986,47.636032,29.875221252441406
2024-07-03 22:00:00,71.991296,76.14361301285797,78.89293115986605,73.09113,62.307926177978516
2024-07-03 23:00:00,77.30877599999998,87.9496758473608,73.66949414295411,71.75314,74.00619506835938
2024-07-04 00:00:00,75.68696700000002,98.7052493972837,81.28643361866243,75.2734,67.8602066040039
2024-07-04 01:00:00,67.41914300000002,97.96541665977588,69.87634673334978,67.29105,88.93487548828125
2024-07-04 02:00:00,53.582633,89.3081818649209,59.46166582692413,59.94265,72.40999603271484
2024-07-04 03:00:00,37.25970399999999,72.38824034363822,43.574652097495274,43.982697,49.12153625488281
2024-07-04 04:00:00,32.15743200000001,56.04002159494591,29.391600867094784,28.770777,38.39680099487305
2024-07-04 05:00:00,30.664297,65.700075581205,26.52556883948206,29.908213,21.713275909423828
2024-07-04 06:00:00,42.144192,70.09921237955416,42.62322389393831,46.77524,54.587684631347656
2024-07-04 07:00:00,56.181887,94.50829291597313,63.31197432244548,62.570496,71.65997314453125
2024-07-04 08:00:00,76.765625,104.34311404053551,71.95156742143406,74.89991,77.05294799804688
2024-07-04 09:00:00,104.487111,126.46055831028394,98.98297456128412,100.86123,127.1021957397461
2024-07-04 10:00:00,111.98016800000002,148.18196217664897,128.08497482212084,125.379036,130.45596313476562
2024-07-04 11:00:00,102.50323199999998,148.20748007603765,110.66893774423657,108.62056,132.5526580810547
2024-07-04 12:00:00,91.733851,135.45065467558237,92.92546331949927,95.11689,104.9671630859375
2024-07-04 13:00:00,80.62156800000001,118.81451909780799,81.90577265304188,79.64552,66.59976196289062
2024-07-04 14:00:00,70.95794399999998,99.5681168775443,64.5644030899451,69.40978,63.948707580566406
2024-07-04 15:00:00,57.960603000000006,98.39196502902175,60.437357442875935,59.879467,58.5650520324707
2024-07-04 16:00:00,47.045881,82.11660113169923,44.822751879675835,43.44896,38.544620513916016
2024-07-04 17:00:00,30.371328,76.65997908126023,36.73090851636101,34.408226,21.288026809692383
2024-07-04 18:00:00,17.984728,53.6634092948267,19.459511671658753,19.35243,14.785520553588867
2024-07-04 19:00:00,18.399744,27.081374678296577,16.964292648982514,18.791847,12.91550064086914
2024-07-04 20:00:00,24.897088,25.442776401093415,18.021106995246452,21.175947,18.125078201293945
2024-07-04 21:00:00,31.255875,34.056637022272035,29.926309914426085,29.751913,25.689455032348633
2024-07-04 22:00:00,37.595375,41.39240515874118,34.1837419325239,35.740696,30.272945404052734
2024-07-04 23:00:00,39.304,49.78612193723021,41.47819494395825,41.760967,43.86095428466797
2024-07-05 00:00:00,38.272753,51.05316144149363,38.593592711945305,38.02613,44.67699432373047
2024-07-05 01:00:00,33.698267,51.97872804109415,36.123351685712436,35.484116,38.18817138671875
2024-07-05 02:00:00,26.730899000000004,50.27008621787414,28.656949401050777,28.992916,39.0901985168457
2024-07-05 03:00:00,29.791000000000004,36.252392188677725,21.658789537398697,21.085554,24.621023178100586
2024-07-05 04:00:00,33.698267,55.42996694131439,29.217820382034944,30.331833,15.143709182739258
2024-07-05 05:00:00,33.076161,65.600672332616,36.18453524002082,36.523598,42.77752685546875
2024-07-05 06:00:00,56.181887,67.51345050325018,49.82301027076867,50.76098,54.45579528808594
2024-07-05 07:00:00,82.31287499999998,114.83367050511362,75.5848643896184,82.38431,66.99752044677734
2024-07-05 08:00:00,112.678587,126.6029496103294,113.25221019081391,119.32978,152.5069580078125
2024-07-05 09:00:00,102.50323199999998,143.97126478347028,131.7323029828574,124.065445,156.32110595703125
2024-07-05 10:00:00,74.08800000000001,114.02367236519083,86.25802419951523,84.42346,106.92818450927734
2024-07-05 11:00:00,49.430863,86.76559275740645,51.48895668706994,53.17736,57.320068359375
2024-07-05 12:00:00,32.76800000000001,67.57876832202564,36.01974703239467,38.413303,33.23851013183594
2024-07-05 13:00:00,22.188041,45.5755973667957,20.598654355446048,24.845184,25.819652557373047
2024-07-05 14:00:00,16.974592999999995,31.4694786624298,15.456431899346285,16.843145,20.73513412475586
2024-07-05 15:00:00,16.003008,33.78688739602029,12.422319666170244,14.777099,13.863260269165039
2024-07-05 16:00:00,15.813250999999996,42.855165588952005,15.026859660152489,15.704815,9.093067169189453
2024-07-05 17:00:00,10.648000000000003,42.83177640726204,15.729409079289766,16.34661,5.3623504638671875
2024-07-05 18:00:00,7.529535999999999,12.411231429123916,7.591790085378193,9.631344,7.333442687988281
2024-07-05 19:00:00,5.929741000000001,-1.7250875538428616,8.583717825048167,9.28251,5.593635559082031
2024-07-05 20:00:00,10.360232000000002,-21.063669236733276,7.305983718244128,8.94229,9.886749267578125
2024-07-05 21:00:00,16.194276999999996,-4.852657743422519,15.483300683885334,14.481427,7.911769866943359
2024-07-05 22:00:00,21.024576,15.037752038682234,20.581609345414883,20.090824,15.44451904296875
2024-07-05 23:00:00,23.393656,22.62243679055173,24.579115807916946,24.21606,20.186607360839844
2024-07-06 00:00:00,25.67237500000001,27.96307354898931,23.478476466121588,23.66374,20.941387176513672
2024-07-06 01:00:00,24.897088,30.971920826757273,26.487796032304615,26.19214,16.282419204711914
2024-07-06 02:00:00,18.609625,26.721659663680125,23.96523499967693,23.156029,17.83974838256836
2024-07-06 03:00:00,14.172488,8.982497909645694,14.546656733932261,14.097681,16.243301391601562
2024-07-06 04:00:00,11.697083,6.780649593443567,10.697048882685856,11.132327,10.878681182861328
2024-07-06 05:00:00,9.800344,9.174266162065628,9.955228160410426,10.419459,10.131973266601562
2024-07-06 06:00:00,12.326391,10.18650821768874,16.96252025790507,17.90614,20.593015670776367
2024-07-06 07:00:00,13.651919,24.888393407507948,21.989083520024234,22.604313,23.159114837646484
2024-07-06 08:00:00,15.813250999999996,19.43142986350059,20.00081929534259,18.895674,24.928050994873047
2024-07-06 09:00:00,20.796875,23.653534308017605,16.52867420204815,18.365156,19.334325790405273
2024-07-06 10:00:00,21.717639,36.201966942411886,24.949510755398915,24.702606,17.190269470214844
2024-07-06 11:00:00,21.024576,29.709378812148906,22.78117071055867,22.726114,26.63772964477539
2024-07-06 12:00:00,20.123648000000003,24.782557155110208,19.875920439965366,20.57858,17.378816604614258
2024-07-06 13:00:00,20.346417,22.232541925896978,17.34438422943575,18.989717,20.807605743408203
2024-07-06 14:00:00,19.034163,24.534771346304233,17.548542961019905,19.136137,17.317401885986328
2024-07-06 15:00:00,18.821096000000004,12.879155827254653,15.331774507278356,16.144325,17.756460189819336
2024-07-06 16:00:00,16.581374999999998,16.286341131173142,16.134162089917453,17.425388,11.424327850341797
2024-07-06 17:00:00,10.503459,8.505921381492684,13.272551843883258,13.454673,7.670497894287109
2024-07-06 18:00:00,5.000210999999999,-10.007790707542512,7.371660105179659,8.030523,4.845439910888672
2024-07-06 19:00:00,3.652264,-31.375734615865063,4.752505395824014,5.1291513,3.6185760498046875
2024-07-06 20:00:00,4.574296,-33.23507037214031,3.7676110601508763,3.6692886,2.5639915466308594
2024-07-06 21:00:00,4.657462999999999,-28.778527403467216,5.624780700327945,5.651651,3.349578857421875
2024-07-06 22:00:00,4.251528,-32.49271652780967,4.638945273935556,4.8318686,4.1465911865234375
2024-07-06 23:00:00,3.869893,-37.02195416843171,3.8361461468862204,4.2275624,3.736236572265625
2024-07-07 00:00:00,3.112136,-38.989729064686706,3.6322980685426685,3.8306658,3.0598602294921875
2024-07-07 01:00:00,2.5154560000000004,-42.06054707497257,2.559727468531438,3.092045,2.803863525390625
2024-07-07 02:00:00,1.953125,-46.68470095720169,2.5916575980332124,2.6067808,1.6930427551269531
2024-07-07 03:00:00,1.6016129999999995,-48.11254293713301,1.8390993350026648,1.9993395,1.9166450500488281
2024-07-07 04:00:00,1.3676310000000005,-48.91397284168868,2.0494730717482383,2.1260777,1.02862548828125
2024-07-07 05:00:00,0.912673,-49.550741502080164,1.5016553951429952,2.4648883,0.6237907409667969
2024-07-07 06:00:00,0.5513679999999999,-54.9268893683246,0.8433356577678509,2.6227534,2.1757354736328125
2024-07-07 07:00:00,1.030301,-66.55147769479294,0.6141898761738025,1.4466931,3.0739974975585938
2024-07-07 08:00:00,0.970299,-63.39149593492838,1.982461942486698,2.7477522,1.3954963684082031
2024-07-07 09:00:00,0.3429999999999999,-74.84756990674595,1.0442708509497929,1.8639435,2.93212890625
2024-07-07 10:00:00,0.0740879999999999,-103.78245818711028,0.4131679100211693,0.9655098,1.6853599548339844
2024-07-07 11:00:00,0.054872,-113.8041694396972,0.25892521645136835,1.0847331,-0.10514450073242188
2024-07-07 12:00:00,0.064,-102.63728641808837,0.24357647299064764,1.734492,-0.9295082092285156
2024-07-07 13:00:00,0.085184,-100.76694404800116,0.24357647299064764,1.5699713,-1.1262435913085938
2024-07-07 14:00:00,0.438976,-106.33868203233149,0.25654839070966934,1.6521524,-1.1521110534667969
2024-07-07 15:00:00,2.000376,-81.2728960612842,1.4025284760477112,1.7013421,-1.076507568359375
2024-07-07 16:00:00,5.268024,-46.08628332645255,5.589971473062705,4.5741053,-0.09627532958984375
2024-07-07 17:00:00,7.762391999999999,-13.400657554832087,9.596143488064984,9.197537,1.8833274841308594
2024-07-07 18:00:00,10.360232000000002,-10.347323498044119,9.597559770090674,9.334611,4.767509460449219
2024-07-07 19:00:00,8.120600999999997,-2.5731860842526615,12.450277212434248,13.710057,5.047824859619141
2024-07-07 20:00:00,11.390625,-26.418462999860594,9.183997382431134,9.222479,16.802610397338867
2024-07-07 21:00:00,11.852351999999996,-17.301178610085152,13.748185147739783,13.501394,10.245670318603516
2024-07-07 22:00:00,9.261,-19.12940571250808,12.341711222249746,12.340614,9.713634490966797
2024-07-07 23:00:00,6.434856000000001,-34.103178169945586,7.615200738916998,7.3341546,7.365753173828125
2024-07-08 00:00:00,4.826809,-45.26322699145688,4.800501675155988,5.00966,5.5106048583984375
2024-07-08 01:00:00,3.375,-44.866861570361756,3.683444919220289,3.8407984,3.288677215576172
2024-07-08 02:00:00,2.8632879999999994,-53.99008268517624,2.443094317859165,2.903549,2.567638397216797
2024-07-08 03:00:00,2.6856189999999995,-54.33547127828411,2.5561132012774888,2.6747146,1.2195167541503906
2024-07-08 04:00:00,2.3526370000000005,-50.118242541349,2.660736402195115,2.634997,0.944915771484375
2024-07-08 05:00:00,1.860867,-49.92638425247399,2.4836521383149215,2.2722254,0.7069435119628906
2024-07-08 06:00:00,3.112136,-51.42625746964281,1.962789464965338,3.0445216,1.8178482055664062
2024-07-08 07:00:00,7.189056999999999,-34.88980086492089,6.422275551224588,5.7814136,3.772838592529297
2024-07-08 08:00:00,13.312053000000002,-9.820449425533859,10.457948782134684,11.139446,4.190696716308594
2024-07-08 09:00:00,25.412184,16.0488361418354,18.6046039223969,16.266954,8.612777709960938
2024-07-08 10:00:00,41.06362500000001,51.50228847794169,34.19746428252475,32.63362,16.65388298034668
2024-07-08 11:00:00,48.22854400000001,77.83720090586357,53.137806335882686,52.424473,43.45028305053711
2024-07-08 12:00:00,51.064811,83.28250047539251,54.784720123559666,53.84959,60.657737731933594
2024-07-08 13:00:00,56.62310399999999,83.55150087314203,54.491514707849255,55.268356,46.10531234741211
2024-07-08 14:00:00,67.41914300000002,90.71243965963298,61.24162594892089,60.46772,45.19004440307617
2024-07-08 15:00:00,78.953589,99.40686068046685,78.33623933917322,73.60714,61.734169006347656
2024-07-08 16:00:00,84.027672,110.6796394969922,86.85384004945155,81.65748,67.42213439941406
2024-07-08 17:00:00,83.45345300000001,115.08458258600558,78.66365509662597,65.74455,65.76828002929688
2024-07-08 18:00:00,38.614472,113.11458860355901,66.18460309345367,58.47633,42.547603607177734
2024-07-08 19:00:00,21.951999999999995,35.019139763128464,28.45509132244919,28.516848,34.177146911621094
2024-07-08 20:00:00,20.796875,17.440153110256063,15.145027735307629,18.343533,14.284923553466797
2024-07-08 21:00:00,14.348907000000002,19.74974886704328,19.162388924793202,18.871706,16.406538009643555
2024-07-08 22:00:00,11.390625,-0.7782462136811255,11.119815461209674,10.844394,11.08840560913086
2024-07-08 23:00:00,10.218312999999998,-1.086190359451166,9.311157045200542,9.868746,8.204227447509766
2024-07-09 00:00:00,6.028568000000001,-6.9854871093597595,9.24267781921155,8.7255335,7.938053131103516
2024-07-09 01:00:00,3.5118080000000003,-26.379911788345858,3.739586755227775,4.7477107,7.7864837646484375
2024-07-09 02:00:00,2.5713530000000007,-32.10918998905406,2.3725395174965946,2.8429573,3.7030792236328125
2024-07-09 03:00:00,1.4428969999999997,-30.78555868036605,2.2064587781269913,2.5924752,2.5443763732910156
2024-07-09 04:00:00,0.8305839999999999,-42.78965676267095,1.203282043961293,1.7329241,2.2414283752441406
2024-07-09 05:00:00,0.3732479999999999,-47.32768652218896,0.8354765432684256,1.5948789,0.7127418518066406
2024-07-09 06:00:00,0.250047,-58.401881132915186,0.4342188565486642,2.4762223,0.4769401550292969
2024-07-09 07:00:00,1.030301,-64.7594920825448,0.5960835182889164,1.6720701,2.496929168701172
2024-07-09 08:00:00,2.097152,-47.564603418127895,3.6722366806797235,2.2080185,1.5390281677246094
2024-07-09 09:00:00,2.985984,-41.55405798846541,3.7635673163642913,3.4804976,3.010913848876953
2024-07-09 10:00:00,4.492124999999999,-41.874983890293215,4.299625278066057,5.1128364,4.816856384277344
2024-07-09 11:00:00,8.869742999999998,-29.506674995863477,7.032464428780128,7.466963,5.1390380859375
2024-07-09 12:00:00,18.191447,2.448916414461923,13.168276519494208,14.195637,7.180328369140625
2024-07-09 13:00:00,37.25970399999999,36.348387916729834,26.276806467053525,29.130297,20.62417221069336
2024-07-09 14:00:00,67.91731200000001,77.92729745546146,57.19054525701445,52.485535,43.029109954833984
2024-07-09 15:00:00,83.45345300000001,119.5962548717552,96.83830088446821,92.020615,76.00901794433594
2024-07-09 16:00:00,87.52838400000002,124.34659807625656,91.75490023243304,87.50177,84.02313995361328
2024-07-09 17:00:00,75.68696700000002,125.57524085132744,85.74154420725054,72.33761,48.220458984375
2024-07-09 18:00:00,32.461759,101.8043392938356,59.43213497023538,43.74419,36.53141784667969
2024-07-09 19:00:00,21.253933,28.931756137171824,22.109081528496166,20.672855,16.915346145629883
2024-07-09 20:00:00,28.372625,20.460047393947097,16.143844283815852,19.132019,7.347110748291016
2024-07-09 21:00:00,36.926037,41.811671891745604,33.41601793661789,30.34889,15.991918563842773
2024-07-09 22:00:00,41.06362500000001,53.90846027271383,44.015833259148906,42.478405,29.595287322998047
2024-07-09 23:00:00,41.06362500000001,56.31143744970335,41.62374349316203,39.977375,44.05045700073242
2024-07-10 00:00:00,30.959144,50.38422397566245,36.62385824668578,37.48225,34.71825408935547
2024-07-10 01:00:00,20.346417,33.77627108166317,22.907890133967022,22.933214,32.087154388427734
2024-07-10 02:00:00,15.069223000000004,16.85620884774563,13.673364475574498,14.073275,14.72906494140625
2024-07-10 03:00:00,17.173512000000002,12.711253489876256,11.782380127000897,11.260413,7.902797698974609
2024-07-10 04:00:00,25.153757,36.851258923801666,18.753982174831524,19.04437,8.134761810302734
2024-07-10 05:00:00,35.93699999999999,59.8701108698303,32.00710385460174,31.667,19.952484130859375
2024-07-10 06:00:00,60.698457000000005,81.14565822871805,55.470846495987814,58.057,58.005489349365234
2024-07-10 07:00:00,92.34540799999998,124.33312687900968,93.66996687973318,93.79292,122.25436401367188
2024-07-10 08:00:00,164.56659200000004,149.9197855222601,138.50791709685646,146.42412,185.40423583984375
2024-07-10 09:00:00,189.11922400000003,209.2266082560392,201.3532194232674,208.3987,207.75782775878906
2024-07-10 10:00:00,168.19660799999997,198.14916546697086,194.8927997687823,191.46156,308.09600830078125
2024-07-10 11:00:00,143.877824,174.94196941360696,143.1721205695002,150.69595,192.724609375
2024-07-10 12:00:00,112.678587,163.61359420211988,117.5798505281134,118.1034,106.12460327148438
2024-07-10 13:00:00,89.91539200000003,139.35304047200472,87.28342305152108,92.06438,119.01222229003906
2024-07-10 14:00:00,73.03463199999999,118.13453194425097,70.24574000514536,74.00335,75.13373565673828
2024-07-10 15:00:00,59.77647100000001,101.16379340068642,57.60796217693944,56.933365,58.6837158203125
2024-07-10 16:00:00,57.960603000000006,89.3567082660855,47.56758416604827,48.619858,57.86452102661133
2024-07-10 17:00:00,49.027896000000005,94.86164337666551,58.15691946364888,50.637547,29.110593795776367
2024-07-10 18:00:00,35.93699999999999,79.4803634043565,42.162083104201,37.503548,31.994632720947266
2024-07-10 19:00:00,51.064811,56.83607231105594,35.01720926597973,39.78653,21.0695858001709
2024-07-10 20:00:00,85.18400000000003,86.72424976222607,60.59286253258744,66.78764,32.78751754760742
2024-07-10 21:00:00,96.071912,119.92632826963188,100.17141629493662,103.34184,88.65065002441406
2024-07-10 22:00:00,94.81881599999996,116.84074649319936,91.93878867117232,97.84319,102.55152893066406
2024-07-10 23:00:00,105.154048,115.68819744881233,85.49619070700093,87.26028,73.43473815917969
2024-07-11 00:00:00,97.33599999999998,129.10419941281015,105.81108578671063,110.4013,74.69888305664062
2024-07-11 01:00:00,72.511713,116.20530753520626,85.18839443203895,87.05067,99.71218872070312
2024-07-11 02:00:00,57.51245599999999,90.42796881810035,53.82022095555574,55.880775,71.42363739013672
2024-07-11 03:00:00,56.62310399999999,85.53182446003726,47.48803836174287,48.195766,42.834205627441406
2024-07-11 04:00:00,47.045881,97.23677783922935,55.32540556770286,54.39489,36.693115234375
2024-07-11 05:00:00,46.26827899999999,84.19859156510056,37.44959484895301,38.79026,46.12000274658203
2024-07-11 06:00:00,70.95794399999998,92.66805643648422,60.618455563639806,60.393673,42.57194900512695
2024-07-11 07:00:00,94.196375,125.39409584697398,107.51904884682386,109.073654,87.61843872070312
2024-07-11 08:00:00,119.82315699999998,133.76469160174796,119.42970528390568,122.007,157.77178955078125
2024-07-11 09:00:00,123.50599200000003,152.51455400323454,126.73295620245399,134.7832,139.7415771484375
2024-07-11 10:00:00,101.847563,142.829767377392,115.8412529977451,114.46453,120.26673889160156
2024-07-11 11:00:00,79.50699999999999,112.01585621625779,81.37795315964118,86.790016,90.68588256835938
2024-07-11 12:00:00,59.77647100000001,85.36551640114419,63.361929960275276,60.837715,53.204227447509766
2024-07-11 13:00:00,49.430863,76.31901501502637,45.907622088353754,48.86042,42.31166076660156
2024-07-11 14:00:00,44.73887499999999,74.04315847426075,43.25058950491759,45.404224,29.472917556762695
2024-07-11 15:00:00,56.181887,72.52626596519127,40.371534344889106,42.668663,33.35017395019531
2024-07-11 16:00:00,66.92341599999997,97.4518778835064,63.69993080017759,66.88844,35.642581939697266
2024-07-11 17:00:00,48.22854400000001,101.37556350611797,74.66261500603298,71.09173,70.32353210449219
2024-07-11 18:00:00,36.594368,59.88813699626541,33.33473849335583,29.982523,40.643524169921875
2024-07-11 19:00:00,48.22854400000001,48.42325485266095,37.46224349333684,39.034195,17.851408004760742
2024-07-11 20:00:00,67.41914300000002,71.8237506059163,57.97981820574867,59.636555,49.222591400146484
2024-07-11 21:00:00,69.934528,90.18393310182263,76.01555311556409,75.59327,64.60348510742188
2024-07-11 22:00:00,65.939264,82.62636200404447,63.589561401774105,66.06982,72.49067687988281
2024-07-11 23:00:00,61.629875000000006,78.42649739813618,59.09566555386662,58.224957,59.79526138305664
2024-07-12 00:00:00,54.439939,79.35490926294463,54.45026460549113,53.852726,56.055938720703125
2024-07-12 01:00:00,47.045881,69.81862018906608,47.5313809897455,45.79133,49.06538391113281
2024-07-12 02:00:00,33.076161,65.50686859957558,39.25224084108846,37.257385,40.6540641784668
2024-07-12 03:00:00,19.034163,45.72454140844984,23.33736710806469,22.899801,28.522245407104492
2024-07-12 04:00:00,9.800344,25.417412044450334,11.863741770491846,11.566588,16.172809600830078
2024-07-12 05:00:00,5.088448,10.320322654455524,6.5377701868339155,6.4841366,8.262828826904297
2024-07-12 06:00:00,6.858999999999999,-0.33190233692225135,8.436517964292353,8.998319,5.767539978027344
2024-07-12 07:00:00,20.123648000000003,20.488687129882795,13.507197140803235,14.372259,14.430011749267578
2024-07-12 08:00:00,40.707584,67.87980210964254,25.348652954069134,29.576618,15.689695358276367
2024-07-12 09:00:00,82.31287499999998,98.25373539103319,61.60628599427682,59.423763,45.263179779052734
2024-07-12 10:00:00,119.82315699999998,150.00585633494939,113.0572533194642,117.840935,65.35824584960938
2024-07-12 11:00:00,155.720872,165.2902187762249,147.98568755044187,140.84476,129.71554565429688
2024-07-12 12:00:00,164.56659200000004,198.66270525375776,180.3386250259841,173.45006,161.26925659179688
2024-07-12 13:00:00,144.703125,199.49565850868134,160.46615768046374,147.58997,207.8656768798828
2024-07-12 14:00:00,125.0,171.95412852886082,115.79822332245153,117.4074,159.74612426757812
2024-07-12 15:00:00,104.487111,163.3878385438882,100.55986480985972,108.12464,72.88053131103516
2024-07-12 16:00:00,82.88185600000001,146.45536136398064,82.95822130080347,76.38776,60.86406326293945
2024-07-12 17:00:00,49.836032,132.41592337931195,55.516215935895296,51.553852,38.7487678527832
2024-07-12 18:00:00,21.253933,91.52800721090986,31.151291914983886,26.260382,22.34628677368164
2024-07-12 19:00:00,19.034163,38.74789936240191,17.983654529858793,21.054096,14.491853713989258
2024-07-12 20:00:00,23.149125,41.0710484840623,17.71719197429561,19.321676,14.456037521362305
2024-07-12 21:00:00,23.887872,42.565814702495096,28.510999705376634,27.427351,20.62063980102539
2024-07-12 22:00:00,25.412184,37.90004619222579,25.281338868597494,23.287054,21.147363662719727
2024-07-12 23:00:00,27.543608,46.583384087188826,25.383493104086938,26.990473,21.174339294433594
2024-07-13 00:00:00,27.818127,49.49889794974737,27.47377928364931,27.291351,33.18984603881836
2024-07-13 01:00:00,24.137569000000003,46.39664690037765,26.47556601446264,26.931503,27.12758445739746
2024-07-13 02:00:00,18.399744,38.523345015678565,20.3083417876656,21.015549,25.016605377197266
2024-07-13 03:00:00,14.886936,25.207218290474056,14.354451451918376,14.298729,16.7878475189209
2024-07-13 04:00:00,12.008989,25.975368435021583,12.286691323117223,12.406498,12.381954193115234
2024-07-13 05:00:00,9.528128,25.2299215566274,9.716869122090538,11.289482,14.197206497192383
2024-07-13 06:00:00,22.906303999999995,25.45196533246628,18.465934422198846,18.537579,29.357450485229492
2024-07-13 07:00:00,32.15743200000001,80.6231938699176,42.09016137638167,41.010788,24.50537109375
2024-07-13 08:00:00,41.781923000000006,71.96682209530707,41.693171283515255,46.637897,78.49237060546875
2024-07-13 09:00:00,36.594368,82.99542871134102,47.51208344210032,47.595543,50.428829193115234
2024-07-13 10:00:00,28.934442999999995,55.51717652938069,31.19390311254136,32.185417,37.880943298339844
2024-07-13 11:00:00,29.218112,37.75627891115143,22.01048451526144,25.197474,25.53067398071289
2024-07-13 12:00:00,34.965783,37.26972310445094,29.648091361570128,31.644514,19.375852584838867
2024-07-13 13:00:00,41.421736,44.39631444479717,40.04780076858577,42.091564,35.84186935424805
2024-07-13 14:00:00,50.243409,56.88020207116837,45.72478635146921,46.497974,49.03352737426758
2024-07-13 15:00:00,54.87199999999999,63.66939852232377,55.53029662325406,55.507618,46.178192138671875
2024-07-13 16:00:00,53.582633,66.09629681463869,50.89534468422454,50.98428,52.34586715698242
2024-07-13 17:00:00,31.855013,63.10047068130428,45.915865248812594,41.033047,35.13930130004883
2024-07-13 18:00:00,16.974592999999995,17.29568780253316,18.50143688763997,18.156641,19.571914672851562
2024-07-13 19:00:00,14.348907000000002,-5.34076313531628,12.923348919365662,15.1840925,10.626537322998047
2024-07-13 20:00:00,20.570824000000005,-2.3122676768390633,13.336188094770053,15.067517,11.352008819580078
2024-07-13 21:00:00,24.389,16.928037534255374,23.63163114212978,22.492657,11.676204681396484
2024-07-13 22:00:00,26.198073000000004,19.12589217164672,25.472076442162198,25.45948,19.95269203186035
2024-07-13 23:00:00,27.0,18.026749353968945,27.630393458656908,27.61583,19.444427490234375
2024-07-14 00:00:00,25.153757,19.95291830289105,25.40403778491325,25.744152,19.39527702331543
2024-07-14 01:00:00,21.484952,18.991500522112,21.789641499879693,21.82207,17.2075252532959
2024-07-14 02:00:00,17.373979,12.000867177068592,19.308502577354158,18.632847,14.892013549804688
2024-07-14 03:00:00,16.003008,4.451768257626036,13.971015147119154,14.079515,12.006839752197266
2024-07-14 04:00:00,14.172488,10.641177163665397,14.309038656543535,14.503943,10.37271499633789
2024-07-14 05:00:00,11.089567,7.640922255552866,11.848310117914389,12.918349,12.228343963623047
2024-07-14 06:00:00,20.123648000000003,1.5177351017919811,19.980277385068035,22.245287,16.57621192932129
2024-07-14 07:00:00,36.264691,39.656070322039795,32.95026223045422,34.364914,36.26401901245117
2024-07-14 08:00:00,61.162984,64.04965042358589,46.64986349053009,51.8284,48.65052032470703
2024-07-14 09:00:00,67.41914300000002,96.51099251804868,83.97807393428253,81.69632,60.28321075439453
2024-07-14 10:00:00,54.01015199999999,93.2341988504414,67.57516812604169,66.36249,65.95375061035156
2024-07-14 11:00:00,35.93699999999999,75.91431590154671,41.81084988095369,43.344944,41.50733947753906
2024-07-14 12:00:00,13.997521000000004,36.16187101437709,22.959498182395965,27.300117,30.37062644958496
2024-07-14 13:00:00,2.924207,-19.709341902651616,8.30702603186139,8.364045,18.161529541015625
2024-07-14 14:00:00,2.6856189999999995,-50.77603750072024,1.9043257163073783,3.6510446,5.073650360107422
2024-07-14 15:00:00,7.762391999999999,-25.65415172300532,2.717520364448739,4.0905085,1.4278526306152344
2024-07-14 16:00:00,16.194276999999996,10.007521880729275,17.69667589401292,14.237299,3.7201309204101562
2024-07-14 17:00:00,21.024576,24.981684096418213,26.385631258679165,24.952894,17.47186851501465
2024-07-14 18:00:00,26.198073000000004,27.48696518520863,25.978916695922347,24.39238,19.08039093017578
2024-07-14 19:00:00,36.594368,45.84841476367279,30.314169503565317,36.40892,20.53504180908203
2024-07-14 20:00:00,45.499293,57.85521471870541,41.40737599556135,42.49277,49.718505859375
2024-07-14 21:00:00,29.503629,51.81670552534213,47.48327779317446,47.18335,53.227760314941406
2024-07-14 22:00:00,16.003008,5.393507096969763,21.13914137175523,19.891768,38.741127014160156
2024-07-14 23:00:00,11.089567,-17.47340377310219,10.396789376109691,10.691135,11.237346649169922
2024-07-15 00:00:00,8.741816,-17.04384622987039,8.75348032841786,8.572469,5.996143341064453
2024-07-15 01:00:00,5.6397520000000005,-8.067682564699794,7.307288359236702,7.697923,7.079524993896484
2024-07-15 02:00:00,3.5118080000000003,-20.79942567612874,4.682195195299113,4.662118,4.4365386962890625
2024-07-15 03:00:00,2.248091,-29.333023092949347,2.5170973973866784,2.9908452,3.0987701416015625
2024-07-15 04:00:00,1.685159,-39.10087197328149,1.8317150939296534,2.0558913,1.6447792053222656
2024-07-15 05:00:00,1.4815439999999995,-42.326491271708626,1.6860242231863816,1.9992145,0.6079864501953125
2024-07-15 06:00:00,3.652264,-35.262810057073786,1.824953722874978,3.0717518,3.8870315551757812
2024-07-15 07:00:00,11.089567,-11.081632108992018,7.36333773277173,6.897081,6.77044677734375
2024-07-15 08:00:00,37.25970399999999,23.622831465120065,17.69728392744978,17.668177,10.536628723144531
2024-07-15 09:00:00,61.162984,95.30494228407613,57.92064255406837,56.318348,24.11562728881836
2024-07-15 10:00:00,70.95794399999998,111.39730175749537,85.38277394081594,87.35622,65.06716918945312
2024-07-15 11:00:00,86.350888,108.39359518559252,71.68842305572849,71.831055,49.08144760131836
2024-07-15 12:00:00,114.08412499999996,133.55803819241865,101.11394468605708,103.518486,65.09211730957031
2024-07-15 13:00:00,139.79835900000003,167.20003328640857,134.48694559709568,131.20354,121.9764404296875
2024-07-15 14:00:00,125.751501,176.47636405855684,160.5455111014836,166.21141,159.3054656982422
2024-07-15 15:00:00,94.196375,154.67997222727928,106.88057720114507,111.91412,165.32717895507812
2024-07-15 16:00:00,62.57077300000001,118.5039168371112,64.87209095886357,62.764526,79.64678955078125
2024-07-15 17:00:00,29.503629,79.4288789523481,34.64883020287132,31.01404,36.39142608642578
2024-07-15 18:00:00,4.657462999999999,37.06162318167887,16.7053666637171,13.786075,18.605201721191406
2024-07-15 19:00:00,0.658503,-42.09190219232398,4.727670174427159,6.088225,8.744396209716797
2024-07-15 20:00:00,4.741631999999999,-67.37258848190211,2.024867570911357,3.3706925,4.546195983886719
2024-07-15 21:00:00,24.897088,7.838310679063095,18.927846654311733,16.849426,1.9457893371582031
2024-07-15 22:00:00,66.92341599999997,70.69016765913518,48.028387920762626,43.248547,10.38492202758789
2024-07-15 23:00:00,122.76347299999998,132.01772294405086,98.40051726792936,96.87812,64.10609436035156
2024-07-16 00:00:00,183.250432,182.32939895663594,158.59542136573015,148.88872,97.36857604980469
2024-07-16 01:00:00,190.109375,221.77233036888066,220.32197923711539,201.88602,178.6691436767578
2024-07-16 02:00:00,140.608,214.947587148131,186.56087818981487,169.74675,172.51174926757812
2024-07-16 03:00:00,58.86386900000001,168.56801800290245,108.1764991578451,104.1311,121.95532989501953
2024-07-16 04:00:00,26.198073000000004,83.31280794676186,37.288391155900996,39.20349,80.67750549316406
2024-07-16 05:00:00,18.399744,61.80645384742883,18.53285000827952,23.701195,40.002357482910156
2024-07-16 06:00:00,29.791000000000004,64.96645733122216,27.308623041297402,29.514593,27.123857498168945
2024-07-16 07:00:00,51.478848000000006,99.41307113483202,45.42127921686851,50.973118,80.23546600341797
2024-07-16 08:00:00,63.044792,113.54160630710965,70.98757368166333,75.87751,77.64094543457031
2024-07-16 09:00:00,79.50699999999999,107.31664987451245,70.71174916151591,68.97308,75.96897888183594
2024-07-16 10:00:00,102.50323199999998,123.01582763833366,83.84601506489439,82.37114,74.4962387084961
2024-07-16 11:00:00,120.55378400000002,137.4416142051989,108.7811660956055,116.640976,101.00836181640625
2024-07-16 12:00:00,127.263527,153.3944035264864,130.42785411722664,133.96404,173.066650390625
2024-07-16 13:00:00,117.64900000000004,153.94759414229725,126.05403898614159,126.564125,143.8505096435547
2024-07-16 14:00:00,93.576664,136.02400900870845,106.6784459665764,107.777725,134.0750732421875
2024-07-16 15:00:00,71.47337500000002,104.3542252881401,70.70803575070427,75.06384,78.21525573730469
2024-07-16 16:00:00,61.629875000000006,91.99737398090303,49.60080743401859,48.44626,31.909334182739258
2024-07-16 17:00:00,49.430863,96.85308194429945,51.32903461547608,44.565735,19.008609771728516
2024-07-16 18:00:00,18.609625,98.19251384123089,39.5620579902148,35.616108,21.407154083251953
2024-07-16 19:00:00,11.089567,31.049861676537738,15.370024245402972,15.360158,16.42365264892578
2024-07-16 20:00:00,11.089567,19.925174307059415,9.721771715768254,15.474024,11.841876983642578
2024-07-16 21:00:00,9.800344,19.19430660863161,11.688855925854316,12.625775,13.45196533203125
2024-07-16 22:00:00,7.414874999999999,11.66885139375622,9.239498130577974,9.408843,10.038806915283203
2024-07-16 23:00:00,5.5452330000000005,-4.7340795773019195,5.668062654111424,6.81496,11.278003692626953
2024-07-17 00:00:00,4.492124999999999,-22.84837346091114,5.0588138088359695,5.1214657,6.711444854736328
2024-07-17 01:00:00,3.944312000000001,-28.090415824586387,4.863435369507904,4.3578334,5.513111114501953
2024-07-17 02:00:00,4.330746999999999,-31.58569113540083,5.500848783185732,3.7235336,4.014839172363281
2024-07-17 03:00:00,4.251528,-26.61269742623329,5.46445622098353,4.3521004,4.857948303222656
2024-07-17 04:00:00,4.410943999999999,-29.07869442128453,3.967700130758398,4.128419,5.864292144775391
2024-07-17 05:00:00,6.331625000000001,-18.450255418544465,4.6553360383347355,4.463778,4.7534332275390625
2024-07-17 06:00:00,28.934442999999995,0.6924059866374535,12.008520385707184,11.94496,9.235671997070312
2024-07-17 07:00:00,42.875,91.03359792221167,52.17341125432877,56.772137,37.10005569458008
2024-07-17 08:00:00,41.781923000000006,81.32160961786053,59.96613940809101,67.34057,82.01205444335938
2024-07-17 09:00:00,41.421736,71.48790985329919,41.43434728704355,40.510803,60.833251953125
2024-07-17 10:00:00,46.656000000000006,73.62324233078127,38.46559089047052,41.50297,26.80837059020996
2024-07-17 11:00:00,55.306341,79.46620891576984,49.116049547305096,49.54873,52.030582427978516
2024-07-17 12:00:00,67.91731200000001,74.25656827023079,61.54345416544981,60.25918,61.164154052734375
2024-07-17 13:00:00,80.62156800000001,84.70157723674919,77.96929277644921,77.51044,66.3069839477539
2024-07-17 14:00:00,92.959677,104.43970452943748,88.90313240651466,88.50248,100.62960815429688
2024-07-17 15:00:00,94.196375,113.94580873736922,101.16131794463607,101.284096,89.71109771728516
2024-07-17 16:00:00,80.62156800000001,109.67017964815798,86.80899516015353,81.4513,80.5896224975586
2024-07-17 17:00:00,62.099136,96.49768636576977,59.43630752058071,53.684914,47.50849533081055
2024-07-17 18:00:00,32.76800000000001,75.50793190670464,41.74991717799585,31.721476,19.294790267944336
2024-07-17 19:00:00,29.218112,31.166829979537415,24.501710816850526,27.06507,20.39935302734375
2024-07-17 20:00:00,33.698267,40.05023803033237,32.20787506588622,29.86669,20.306440353393555
2024-07-17 21:00:00,18.399744,49.13378614529988,35.81519258619933,34.568188,29.045562744140625
2024-07-17 22:00:00,9.800344,0.6596444744374388,12.372428845280947,11.504464,26.906375885009766
2024-07-17 23:00:00,6.229504,-14.463864507096957,6.528823635886735,6.5571933,10.097087860107422
2024-07-18 00:00:00,4.330746999999999,-19.354867525481296,4.077864175820054,5.1440463,6.187984466552734
2024-07-18 01:00:00,2.8632879999999994,-20.538454469080996,3.5446019146719565,3.4502149,4.39697265625
2024-07-18 02:00:00,2.0483830000000003,-29.47906691968796,2.140187697651461,2.4125342,4.154041290283203
2024-07-18 03:00:00,2.299968,-37.300331443815004,1.4378925276284666,1.932815,2.3460540771484375
2024-07-18 04:00:00,5.5452330000000005,-27.359905189527034,3.129810845885669,3.0986195,2.2828407287597656
2024-07-18 05:00:00,16.777216,4.594989808289817,10.189424070137,9.20783,3.461589813232422
2024-07-18 06:00:00,42.144192,54.25217496667992,32.13319171576095,32.030006,21.842512130737305
2024-07-18 07:00:00,51.478848000000006,102.21645593811436,66.4431928669242,70.49134,73.59441375732422
2024-07-18 08:00:00,92.34540799999998,86.58624502415515,66.00661196288551,66.757065,101.15501403808594
2024-07-18 09:00:00,128.024064,146.4382122402083,118.54358822520578,125.00874,63.22489929199219
2024-07-18 10:00:00,158.34042100000002,172.86466720752617,148.57469436364366,149.88864,152.30661010742188
2024-07-18 11:00:00,186.169411,183.15388960018302,168.014662762026,191.17117,197.61546325683594
2024-07-18 12:00:00,231.475544,189.5319786659364,199.17568080634746,206.81438,262.07928466796875
2024-07-18 13:00:00,283.59339300000005,221.46674544800968,247.49147305046412,267.23337,319.15869140625
2024-07-18 14:00:00,310.2887329999999,239.770087049945,323.72519229144814,308.67996,380.96392822265625
2024-07-18 15:00:00,300.76300000000003,241.17668122908205,325.49548127151314,306.89914,379.0855712890625
2024-07-18 16:00:00,245.314376,236.40144576096858,260.6026387293254,264.9631,277.03143310546875
2024-07-18 17:00:00,135.005697,205.75213995159385,171.6420187274646,156.24771,163.80636596679688
2024-07-18 18:00:00,34.328125,134.66716695518025,70.32825857664942,51.491898,71.71844482421875
2024-07-18 19:00:00,13.651919,33.997913905171416,29.29218222728811,19.704248,34.38335037231445
2024-07-18 20:00:00,11.543175999999995,17.25701884680647,10.244160792116872,13.798742,22.253870010375977
2024-07-18 21:00:00,16.777216,19.54820074115561,10.603987584330646,11.28744,15.018013000488281
2024-07-18 22:00:00,40.353607,44.35072425004415,21.818172495296825,24.517467,11.379508972167969
2024-07-18 23:00:00,60.236288,100.7511256821551,56.61685115283213,57.109154,29.743820190429688
2024-07-19 00:00:00,62.099136,113.25448403940513,79.59093356445949,75.968475,77.57814025878906
2024-07-19 01:00:00,58.411072,113.27142874017395,63.093391482280616,59.968754,81.89248657226562
2024-07-19 02:00:00,51.478848000000006,108.67094683127235,53.51141645990291,54.9723,67.94340515136719
2024-07-19 03:00:00,47.045881,97.52731032197605,43.7410005152236,44.039135,36.59539794921875
2024-07-19 04:00:00,47.83214699999999,88.46252676891481,40.62881875373058,40.61809,46.53705978393555
2024-07-19 05:00:00,50.243409,90.29534562025557,50.2057799799904,48.52779,62.0296745300293
2024-07-19 06:00:00,88.71653599999999,93.11229964407448,65.48481898977178,71.52212,91.26942443847656
2024-07-19 07:00:00,132.65099999999998,152.5371426157272,134.54988487360944,133.3525,175.66290283203125
2024-07-19 08:00:00,237.1766590000001,179.94382290838467,183.1863377616727,197.91068,276.4451904296875
2024-07-19 09:00:00,306.182024,254.0083751037223,311.7416457011406,312.8256,324.87469482421875
2024-07-19 10:00:00,307.546875,271.9402205089326,359.2114626260743,349.93964,403.0958251953125
2024-07-19 11:00:00,247.673152,253.99777538267523,307.1003723307576,310.53656,392.993896484375
2024-07-19 12:00:00,189.11922400000003,210.61769859291707,197.683785920363,202.36948,289.41265869140625
2024-07-19 13:00:00,135.79674399999996,177.77477973594196,148.48150146844364,163.27681,142.77845764160156
2024-07-19 14:00:00,106.49642400000002,137.35307228832772,97.09110147854544,99.35939,126.77662658691406
2024-07-19 15:00:00,113.379904,128.7562357825104,81.19530812414835,82.66059,62.507286071777344
2024-07-19 16:00:00,148.035889,142.8449155362087,109.78441802942403,105.43804,59.68760681152344
2024-07-19 17:00:00,143.877824,169.4340649414588,166.94331357587507,161.64247,127.15315246582031
2024-07-19 18:00:00,90.51884900000002,154.3173897941998,136.64885242201612,115.48469,150.51072692871094
2024-07-19 19:00:00,62.57077300000001,105.36955710007905,53.28163232267903,69.984245,96.00474548339844
2024-07-19 20:00:00,43.98697699999999,83.13785884640549,52.63273174607879,55.148075,75.07227325439453
2024-07-19 21:00:00,21.951999999999995,59.385608153398096,32.62164105707793,35.93697,49.42474365234375
2024-07-19 22:00:00,13.651919,18.815605764354803,13.976171649429302,13.953677,26.094144821166992
2024-07-19 23:00:00,10.793861,12.35458253052921,10.307163516350709,10.596211,11.642467498779297
2024-07-20 00:00:00,7.880599,8.916269975704882,9.420037608725622,10.814434,11.725749969482422
2024-07-20 01:00:00,5.268024,1.144924230807515,5.720932542835589,6.702086,8.689277648925781
2024-07-20 02:00:00,3.723875000000001,-5.624841678011109,4.129362317320616,4.683439,7.71063232421875
2024-07-20 03:00:00,6.229504,-14.058388384321056,3.1870072426719553,3.4728577,5.591327667236328
2024-07-20 04:00:00,18.609625,11.175521733996586,9.317888041070399,8.483222,5.076717376708984
2024-07-20 05:00:00,41.06362500000001,62.50176860294961,37.792866309068415,33.725018,15.978414535522461
2024-07-20 06:00:00,107.850176,105.70126270955416,64.48789439624912,73.932526,66.4588623046875
2024-07-20 07:00:00,211.708736,189.2731435088542,191.63085045768005,186.02563,139.92047119140625
2024-07-20 08:00:00,341.532099,246.80179948790138,309.14100493466657,338.3202,307.0543212890625
2024-07-20 09:00:00,374.805361,302.4605719055584,393.81691861812396,423.0204,417.08111572265625
2024-07-20 10:00:00,310.2887329999999,292.06535814403173,375.87235053622027,396.4855,424.13470458984375
2024-07-20 11:00:00,242.970624,248.85827059218315,247.03245691422995,258.56836,386.475341796875
2024-07-20 12:00:00,206.425071,213.2454413029336,190.03372015682805,201.97034,241.79356384277344
2024-07-20 13:00:00,213.84719200000004,193.88318408748307,174.79565980740742,180.20581,169.67697143554688
2024-07-20 14:00:00,240.641848,211.65074567009242,199.56930438977625,216.22453,235.34622192382812
2024-07-20 15:00:00,237.1766590000001,221.940315430102,257.4127435562995,246.68336,244.04869079589844
2024-07-20 16:00:00,201.230056,207.81251685195159,209.10886429080918,202.11552,294.0802001953125
2024-07-20 17:00:00,118.370771,176.1998997177414,150.45761818603728,136.83583,184.70556640625
2024-07-20 18:00:00,37.93305599999999,112.2349492455375,73.5203415927517,65.549545,67.25438690185547
2024-07-20 19:00:00,15.813250999999996,30.557781948074815,33.01035815550345,28.569508,39.18785858154297
2024-07-20 20:00:00,8.741816,10.43809506629254,10.831430731526842,14.741319,21.45207977294922
2024-07-20 21:00:00,3.375,-5.304402436217401,7.671734018860601,7.8541417,11.7410888671875
2024-07-20 22:00:00,1.4428969999999997,-31.081488953300678,2.4571011691050386,4.623897,7.389549255371094
2024-07-20 23:00:00,0.8305839999999999,-41.03024734749136,2.2431274438249797,2.5318217,2.9624290466308594
2024-07-21 00:00:00,0.5717869999999999,-47.61929223031094,1.0676792222253157,2.4132113,2.162700653076172
2024-07-21 01:00:00,0.438976,-46.67874911424497,0.5442303079185461,0.7206717,1.1747169494628906
2024-07-21 02:00:00,0.5927039999999999,-49.259497817079385,0.75150400985629,0.9194421,1.4471473693847656
2024-07-21 03:00:00,0.778688,-39.16809886833229,1.11629473931166,1.673882,1.108367919921875
2024-07-21 04:00:00,0.8847359999999999,-41.21369315680021,1.9115721739948872,1.921915,3.2286643981933594
2024-07-21 05:00:00,0.681472,-46.411446273327265,1.463235740454891,2.2835357,3.4930877685546875
2024-07-21 06:00:00,0.3890169999999999,-57.10656799081553,1.0346405770619063,5.7609363,7.347145080566406
2024-07-21 07:00:00,0.3579109999999999,-73.06635793222264,0.6911541582360542,3.248859,8.192695617675781
2024-07-21 08:00:00,11.239424000000003,-78.94667749763016,1.4711561852255444,2.4118516,6.454135894775391
2024-07-21 09:00:00,35.93699999999999,46.60366816022539,24.791081996107504,22.135794,6.551830291748047
2024-07-21 10:00:00,69.934528,80.54077598891504,61.73165617875055,64.128944,47.994144439697266
2024-07-21 11:00:00,94.81881599999996,119.39930856094583,97.4430567382206,101.32957,89.44537353515625
2024-07-21 12:00:00,99.252847,138.2838937771292,122.70045118434263,122.14892,98.09686279296875
2024-07-21 13:00:00,101.847563,141.94244267057584,93.998336350707,102.011536,144.65159606933594
2024-07-21 14:00:00,113.379904,136.06495379154887,99.22931831924411,103.851585,96.38858032226562
2024-07-21 15:00:00,141.420761,135.77257227901796,117.91703542136109,115.73579,74.06695556640625
2024-07-21 16:00:00,181.321496,154.97632560420126,154.9097092215767,151.2643,142.98126220703125
2024-07-21 17:00:00,194.104539,181.91401172989228,185.0728231316586,171.40642,140.18679809570312
2024-07-21 18:00:00,173.74111200000002,179.00568590184614,194.40012529815985,191.27646,137.5714569091797
2024-07-21 19:00:00,239.483061,156.96425987298088,135.7579878218512,137.8092,126.50948333740234
2024-07-21 20:00:00,314.432,205.16754531013504,236.9274993154344,255.90195,132.80230712890625
2024-07-21 21:00:00,345.9484079999999,228.05827048526075,313.97144801590645,316.79617,293.0059814453125
2024-07-21 22:00:00,456.533,233.3275794058516,310.3796343051135,326.99216,345.05938720703125
2024-07-21 23:00:00,398.688256,293.795636936792,518.9521706605464,460.45007,275.66815185546875
2024-07-22 00:00:00,318.611987,253.826330745577,373.9391759624993,336.9364,439.429443359375
2024-07-22 01:00:00,263.374721,237.91587740854803,247.96194459331616,241.81854,343.761962890625
2024-07-22 02:00:00,219.256227,224.07881013779118,219.2046554286145,226.1424,180.6409912109375
2024-07-22 03:00:00,178.453547,212.33039447774848,191.70704576861033,188.0385,127.9098129272461
2024-07-22 04:00:00,155.720872,199.93416939378926,127.86647568770894,143.26286,148.2687225341797
2024-07-22 05:00:00,144.703125,196.90773624639473,135.27901442139282,142.80376,158.719970703125
2024-07-22 06:00:00,191.102976,198.04572568562727,146.6260425135699,154.0875,127.3375015258789
2024-07-22 07:00:00,277.1678079999999,239.36519930176968,224.60755218953534,234.97128,201.31875610351562
2024-07-22 08:00:00,344.47210099999995,277.1042180682482,354.28073323977287,369.10025,408.56658935546875
2024-07-22 09:00:00,398.688256,295.18689185571924,382.62850639885954,370.98154,468.72174072265625
2024-07-22 10:00:00,478.21176800000006,314.21373626956506,397.4380303641573,378.15448,480.43096923828125
2024-07-22 11:00:00,571.7870000000001,340.63680980949295,501.3854322382381,537.9496,559.1343994140625
2024-07-22 12:00:00,622.8358639999998,365.1775277944633,564.8525790139342,490.10037,627.6718139648438
2024-07-22 13:00:00,578.009537,374.13722397563095,569.5729876265258,697.2126,616.7056274414062
2024-07-22 14:00:00,465.484375,349.5498873399698,502.16911047120135,448.2975,580.6826171875
2024-07-22 15:00:00,327.0827689999999,306.66966926763945,433.5147784034336,364.74088,467.01129150390625
2024-07-22 16:00:00,188.13251700000004,254.6135261181682,263.2987187575956,269.573,255.06967163085938
2024-07-22 17:00:00,97.33599999999998,194.65252072273327,138.8175277651624,94.82371,148.7514190673828
2024-07-22 18:00:00,49.430863,149.57379339270966,45.678109311636774,51.616142,68.98606872558594
2024-07-22 19:00:00,42.875,114.13262380447713,41.739229306237476,52.39762,59.511226654052734
2024-07-22 20:00:00,50.653000000000006,115.38710084086398,40.87178078899887,45.878857,46.477378845214844
2024-07-22 21:00:00,56.62310399999999,115.93017157366796,57.059414413028506,54.66984,51.532135009765625
2024-07-22 22:00:00,65.45082700000002,111.542423077595,65.68894042220344,64.13797,70.32655334472656
2024-07-22 23:00:00,78.953589,114.99278505363927,71.30401324583407,73.94694,68.97796630859375
2024-07-23 00:00:00,86.350888,131.68467568767315,85.56145608070403,86.35137,76.28074645996094
2024-07-23 01:00:00,90.51884900000002,138.3896926653206,87.39651823254793,84.02833,114.21941375732422
2024-07-23 02:00:00,81.74650399999999,141.42374483787253,84.54868381191335,85.188576,110.93122863769531
2024-07-23 03:00:00,66.92341599999997,124.92997041889109,72.36934494161774,65.60912,115.39541625976562
2024-07-23 04:00:00,53.15737599999999,106.80501954423812,58.35045087904595,54.619846,72.30160522460938
2024-07-23 05:00:00,43.614208,95.5938467561227,47.15264184468897,46.02943,62.060604095458984
2024-07-23 06:00:00,71.991296,89.20925920298589,56.69718238686084,60.52868,72.82343292236328
2024-07-23 07:00:00,107.171875,143.2592822278405,111.1887039323655,112.60726,78.78694152832031
2024-07-23 08:00:00,156.59081899999998,169.19949772714475,167.0261203627076,175.8962,231.84869384765625
2024-07-23 09:00:00,223.648543,209.7677297860945,208.06077397591696,208.48479,268.23443603515625
2024-07-23 10:00:00,275.89445099999995,253.40503408855193,248.23256304421432,238.09253,275.82977294921875
2024-07-23 11:00:00,290.117528,271.7262123358765,314.76895733394934,320.18478,367.17645263671875
2024-07-23 12:00:00,294.079625,265.16284486848383,309.59247663302347,276.9844,394.77020263671875
2024-07-23 13:00:00,315.821241,252.71746922891757,294.89642155578844,257.96732,318.93560791015625
2024-07-23 14:00:00,341.532099,250.7060583751878,314.97424434399977,291.35464,306.19970703125
2024-07-23 15:00:00,351.8958159999999,255.44627686003972,324.9370692108834,340.80338,373.57708740234375
2024-07-23 16:00:00,334.25538400000005,254.7430187607038,313.6112783444572,281.6813,367.57122802734375
2024-07-23 17:00:00,246.491883,249.88737779428948,285.7835337945538,273.0024,304.22894287109375
2024-07-23 18:00:00,198.155287,205.0772171641961,160.44649559065505,156.70833,258.5766906738281
2024-07-23 19:00:00,231.475544,188.92814805398572,164.74842620805276,162.2822,155.71432495117188
2024-07-23 20:00:00,257.25945600000006,213.00747195237759,244.04134566201586,247.91876,307.26416015625
2024-07-23 21:00:00,239.483061,209.93436410513004,261.41812854177084,281.27853,316.5986328125
2024-07-23 22:00:00,209.58458400000004,189.55501980871017,220.33338781217745,234.3461,287.8050537109375
2024-07-23 23:00:00,179.40614399999995,172.9993041406391,198.1539699777013,197.44437,273.4072265625
2024-07-24 00:00:00,148.035889,162.6528027713331,134.00910958758882,156.39796,248.179931640625
2024-07-24 01:00:00,143.05566700000003,152.1493082699638,122.78752619506945,119.016106,208.670166015625
2024-07-24 02:00:00,138.991832,162.92404535744276,143.80270779151374,134.64629,188.47821044921875
2024-07-24 03:00:00,119.82315699999998,162.38153823675705,135.57616638256553,126.85139,222.58761596679688
2024-07-24 04:00:00,84.60451899999998,151.3120023008051,96.0470250171299,94.792595,244.04049682617188
2024-07-24 05:00:00,69.42653100000001,124.57790361617256,66.54415098125071,65.814064,180.03616333007812
2024-07-24 06:00:00,82.88185600000001,127.02432940765405,69.40472958721948,80.86914,110.3086166381836
2024-07-24 07:00:00,120.55378400000002,150.85213551906412,117.55290236164566,115.762764,214.93617248535156
2024-07-24 08:00:00,193.100552,178.85893682279652,160.88877096166755,179.58174,271.13031005859375
2024-07-24 09:00:00,290.117528,226.61231806620356,238.93126145294292,225.26308,332.896240234375
2024-07-24 10:00:00,337.153536,270.56785323565634,333.9205759982773,327.62286,384.55059814453125
2024-07-24 11:00:00,357.91099999999994,269.769732520571,348.35087711461085,352.83087,438.9063720703125
2024-07-24 12:00:00,392.223168,267.7220187919931,348.26414712145925,380.526,449.166015625
2024-07-24 13:00:00,437.245479,287.90042949171425,373.56891252131476,336.5481,454.82232666015625
2024-07-24 14:00:00,456.533,293.91642100420887,466.7048331999503,407.575,482.62445068359375
2024-07-24 15:00:00,415.160936,298.0136339529021,470.60011349224595,346.75888,442.15350341796875
2024-07-24 16:00:00,287.4959999999999,278.4398322230637,360.8560715300315,347.85602,349.50762939453125
2024-07-24 17:00:00,120.55378400000002,220.32661825289978,207.58631286899478,192.63318,245.373046875
2024-07-24 18:00:00,42.875,130.6619498680677,74.51854639615371,59.69289,127.96517181396484
2024-07-24 19:00:00,47.045881,77.74789560232583,39.3675180894583,37.11803,49.85906219482422
2024-07-24 20:00:00,76.225024,111.68398752068117,48.07680120776275,52.01093,33.09950256347656
2024-07-24 21:00:00,114.08412499999996,136.88761099967004,99.720866249916,99.427666,70.88435363769531
2024-07-24 22:00:00,137.38809600000002,159.78118020813773,130.97751314776926,130.25223,88.09262084960938
2024-07-24 23:00:00,135.79674399999996,166.89840229006427,144.68583574800715,138.82123,138.74285888671875
2024-07-25 00:00:00,131.09651200000002,168.36010713343111,127.15836466819137,130.4154,136.19769287109375
2024-07-25 01:00:00,135.005697,162.52538295139783,122.48760005711992,120.63734,125.89962768554688
2024-07-25 02:00:00,160.98918400000002,165.41724985026605,128.53468788456928,128.30025,155.77090454101562
2024-07-25 03:00:00,158.34042100000002,183.18454991728336,177.6189632343229,169.97887,165.58447265625
2024-07-25 04:00:00,143.877824,168.99077463413929,154.1056628354485,150.17499,186.64230346679688
2024-07-25 05:00:00,141.420761,164.65470111603545,131.6022011775186,127.63744,168.27651977539062
2024-07-25 06:00:00,173.74111200000002,173.06549236842469,146.8811382145035,152.43936,175.3197784423828
2024-07-25 07:00:00,250.047,200.76960237279764,182.04160384582315,192.30093,296.6698303222656
2024-07-25 08:00:00,389.017,244.86225199987803,283.45106225548875,312.5689,394.95166015625
2024-07-25 09:00:00,472.729139,306.547224653536,460.7784878599334,451.39853,595.8765869140625
2024-07-25 10:00:00,472.729139,323.7698833773659,507.42399341576777,536.55115,651.9034423828125
2024-07-25 11:00:00,463.6848240000001,320.8424569481416,433.1104405408559,511.7195,543.42724609375
2024-07-25 12:00:00,460.099648,315.35900832828634,436.8902722866367,397.51382,530.2535400390625
2024-07-25 13:00:00,423.564751,305.4159575288941,437.6831853244464,436.5157,433.07037353515625
2024-07-25 14:00:00,401.947272,282.66582927350083,379.6853607721449,399.02417,407.22967529296875
2024-07-25 15:00:00,374.805361,273.9341255546958,345.3807444461214,329.277,327.1602783203125
2024-07-25 16:00:00,250.047,263.76478105098937,332.30129240972354,334.85114,323.56268310546875
2024-07-25 17:00:00,114.08412499999996,210.21944822131692,173.14646806044755,163.7562,261.83148193359375
2024-07-25 18:00:00,42.50854900000001,140.34694937568818,68.4053364924181,64.83255,81.75921630859375
2024-07-25 19:00:00,33.076161,86.09097934981378,38.78483758943201,37.71608,45.95676040649414
2024-07-25 20:00:00,40.001688,95.4564470155083,29.571688134566166,32.18544,31.553558349609375
2024-07-25 21:00:00,53.582633,106.746608979092,44.27149367279478,41.705894,35.386878967285156
2024-07-25 22:00:00,63.044792,122.14615274409846,63.9735882508307,65.69175,70.32017517089844
2024-07-25 23:00:00,65.45082700000002,120.57684903988448,72.09541354791779,72.036896,70.29072570800781
2024-07-26 00:00:00,70.444997,118.68450301591014,62.53576830545,66.225624,69.34967041015625
2024-07-26 01:00:00,76.765625,129.06494971795846,69.6377943696038,69.310684,74.56864929199219
2024-07-26 02:00:00,80.62156800000001,133.82503262657013,79.67942944898842,75.713394,81.39020538330078
2024-07-26 03:00:00,86.93830699999998,132.54945294621825,78.093438669556,76.24689,103.68302154541016
2024-07-26 04:00:00,98.611128,137.48472175196852,94.85156672880703,84.89845,82.52800750732422
2024-07-26 05:00:00,107.171875,152.03283787868003,109.0102567803084,116.07537,109.60853576660156
2024-07-26 06:00:00,143.05566700000003,161.94067103949126,137.39319177165655,134.10985,197.7978973388672
2024-07-26 07:00:00,207.474688,196.75943166619837,210.04198422637313,222.68124,212.89117431640625
2024-07-26 08:00:00,338.608873,233.4826884717821,240.7172463000825,269.9586,309.3167724609375
2024-07-26 09:00:00,405.2240000000001,293.48006694898635,443.57365356151035,474.99606,513.613525390625
2024-07-26 10:00:00,411.8307840000001,300.58538203172924,405.44116131887597,555.85406,599.5634155273438
2024-07-26 11:00:00,363.994344,299.6933684693815,369.2135387492596,438.43103,417.5775146484375
2024-07-26 12:00:00,318.611987,270.4036121781525,316.79028776594,336.53165,347.882568359375
2024-07-26 13:00:00,269.586136,245.91025039595084,254.37744502757596,245.80482,277.7977294921875
2024-07-26 14:00:00,219.256227,214.17529102674573,218.36215648103945,244.93732,270.4495849609375
2024-07-26 15:00:00,186.169411,191.8139655174544,165.72051479986112,162.17026,172.36541748046875
2024-07-26 16:00:00,145.53157599999997,182.50488343615507,152.01857473455365,139.5868,95.31776428222656
2024-07-26 17:00:00,86.93830699999998,157.2057950108378,114.70072232989116,100.95982,97.06199645996094
2024-07-26 18:00:00,47.045881,111.59972892436286,51.58365424791493,44.864246,57.119911193847656
2024-07-26 19:00:00,54.01015199999999,80.88351374980144,40.013322659214616,44.53949,44.341407775878906
2024-07-26 20:00:00,66.92341599999997,110.68025404153889,61.43824751341425,64.8858,51.072906494140625
2024-07-26 21:00:00,73.03463199999999,115.93045925656838,74.72357576614601,78.890594,72.45233917236328
2024-07-26 22:00:00,77.85448299999997,112.26457426119924,75.79670286340043,71.186905,75.40797424316406
2024-07-26 23:00:00,80.06299099999998,110.75951911188204,78.32409010773078,81.054634,81.08609771728516
2024-07-27 00:00:00,99.252847,112.0204237675886,75.81051048465491,76.31148,82.1617202758789
2024-07-27 01:00:00,143.05566700000003,138.60834579227446,101.63273004252841,107.24031,78.65823364257812
2024-07-27 02:00:00,188.13251700000004,179.62672193277152,179.46932743387154,178.0104,169.87405395507812
2024-07-27 03:00:00,212.776173,210.26404332552974,203.84149563680177,195.97192,265.0133361816406
2024-07-27 04:00:00,192.100033,222.376985819402,210.35423224376416,196.09193,235.5846405029297
2024-07-27 05:00:00,129.55421599999997,204.20586616636885,167.4290931005733,164.4179,201.30674743652344
2024-07-27 06:00:00,101.194696,157.24128808015394,92.922442785817,113.51986,149.99777221679688
2024-07-27 07:00:00,108.53133299999998,143.66190080839138,85.03455252400681,99.04587,84.88970947265625
2024-07-27 08:00:00,122.023936,157.46459857687887,130.98104169076132,124.6993,204.3822021484375
2024-07-27 09:00:00,131.87222899999998,158.79304420806028,136.51244612610014,147.6284,217.7596435546875
2024-07-27 10:00:00,127.263527,149.5256923591693,141.4933937325009,142.83423,188.06277465820312
2024-07-27 11:00:00,98.611128,139.25922508722516,123.67435296342217,120.97376,206.279541015625
2024-07-27 12:00:00,75.68696700000002,115.12506505458038,73.16110474117278,82.14954,95.87909698486328
2024-07-27 13:00:00,59.77647100000001,96.79582757659702,59.452999819348705,56.95712,58.08216094970703
2024-07-27 14:00:00,50.653000000000006,83.60286377600917,48.07070726675029,49.884403,64.24104309082031
2024-07-27 15:00:00,47.045881,81.46394374961193,43.817568270913796,43.17722,36.864837646484375
2024-07-27 16:00:00,48.22854400000001,77.69958654865249,41.714657550169804,44.83442,35.493778228759766
2024-07-27 17:00:00,40.353607,78.67453106064028,50.867133307852576,47.801617,46.13283920288086
2024-07-27 18:00:00,30.371328,59.647248245629825,36.657275904689435,34.116245,29.963306427001953
2024-07-27 19:00:00,30.959144,40.22091339911603,29.00938606030325,41.208412,31.274837493896484
2024-07-27 20:00:00,34.012224,42.29209353051252,31.254871959406675,32.60765,39.45473861694336
2024-07-27 21:00:00,28.652616,44.11685429205011,35.00710499432938,35.293873,33.64751434326172
2024-07-27 22:00:00,23.887872,30.483562024310284,24.548146526577522,25.817774,37.01263427734375
2024-07-27 23:00:00,18.399744,24.109481590022487,19.225965763511027,20.472301,25.08740234375
2024-07-28 00:00:00,12.649337,8.924146474506763,14.172782450351344,15.684022,20.520517349243164
2024-07-28 01:00:00,8.489664000000001,-4.974559990019053,8.968325401861536,10.048194,12.914985656738281
2024-07-28 02:00:00,6.331625000000001,-13.73124367865406,5.7429462014482295,7.038684,8.311737060546875
2024-07-28 03:00:00,5.088448,-21.925493393736005,5.336379981803293,6.9729977,6.935997009277344
2024-07-28 04:00:00,3.723875000000001,-24.37911816115289,4.472841309213699,5.605537,6.077548980712891
2024-07-28 05:00:00,2.744,-31.225951301421397,4.89079180079358,4.7764325,5.4488067626953125
2024-07-28 06:00:00,3.652264,-34.17222589087988,2.6006106357204315,5.333754,5.720203399658203
2024-07-28 07:00:00,2.1466890000000003,-24.130064380002807,8.65219790640054,10.051049,9.37729263305664
2024-07-28 08:00:00,1.0,-57.38481337769749,2.314756988392457,5.5387044,13.841341018676758
2024-07-28 09:00:00,0.474552,-65.15094495618567,0.8274803099864759,3.5369163,7.559104919433594
2024-07-28 10:00:00,0.274625,-81.78791815985795,0.5436370263994023,7.0611815,4.457969665527344
2024-07-28 11:00:00,0.125,-101.62957454422673,0.5004384437870528,7.209529,2.4951553344726562
2024-07-28 12:00:00,0.0138239999999999,-108.49699506940215,0.35716669727375355,2.2823389,1.9516448974609375
2024-07-28 13:00:00,0.0007289999999999,-111.90573643441124,0.26282731401296705,1.8546729,1.2960014343261719
2024-07-28 14:00:00,0.125,-121.61540440250482,0.26136010320517405,1.8289235,0.07682418823242188
2024-07-28 15:00:00,0.8573749999999999,-85.41510502756537,0.49658156069770604,1.7217554,-0.4060554504394531
2024-07-28 16:00:00,2.197,-64.5133222803363,4.810777476428685,2.4896371,1.1596336364746094
2024-07-28 17:00:00,1.771561,-54.06677137664992,4.313286633024532,3.438313,2.749988555908203
2024-07-28 18:00:00,1.860867,-72.32819501517531,1.8775110067888818,1.8656597,5.615268707275391
2024-07-28 19:00:00,1.3310000000000004,-64.48463972859508,2.4821125525771435,3.0667274,3.2149276733398438
2024-07-28 20:00:00,2.985984,-83.96407399860513,1.4293038319289877,2.2350476,6.110691070556641
2024-07-28 21:00:00,6.751268999999999,-70.47341223323772,5.231516201213904,4.245665,4.4850006103515625
2024-07-28 22:00:00,13.997521000000004,-39.70120876948574,11.100905201996518,9.904967,5.5009765625
2024-07-28 23:00:00,21.717639,-4.0777098062317805,19.259927496082742,18.077995,9.937641143798828
2024-07-29 00:00:00,27.0,18.436777577360687,30.671662313219,26.917404,19.821535110473633
2024-07-29 01:00:00,24.642171000000005,30.44042266708388,28.072722125273057,29.338224,20.852890014648438
2024-07-29 02:00:00,17.173512000000002,21.947175103355164,21.428046782065948,21.132675,20.3955135345459
2024-07-29 03:00:00,13.823999999999998,2.3021157686852227,12.290743247857149,12.361566,15.20709228515625
2024-07-29 04:00:00,11.390625,-0.32922820255179275,10.910804720528589,10.486024,8.565654754638672
2024-07-29 05:00:00,8.489664000000001,-3.291318536620551,9.659458577755712,9.653997,8.15908432006836
2024-07-29 06:00:00,17.173512000000002,-8.533895983925724,14.52457759271754,13.071229,10.688365936279297
2024-07-29 07:00:00,28.094464,36.53668394459065,30.771409540416258,30.236485,18.563058853149414
2024-07-29 08:00:00,38.95821900000001,50.363089672246964,39.26400550450864,40.84477,41.03045654296875
2024-07-29 09:00:00,41.781923000000006,69.22239883846663,50.691188257386806,50.056118,40.950557708740234
2024-07-29 10:00:00,33.698267,66.4494770480854,41.325791623069335,42.732895,45.98147964477539
2024-07-29 11:00:00,25.153757,47.06437027555049,26.764954701004825,28.052591,31.90850067138672
2024-07-29 12:00:00,20.796875,39.00739106338924,18.895454537535116,20.038048,19.807435989379883
2024-07-29 13:00:00,19.683000000000003,32.81439455487687,17.417760236478234,18.006609,17.256711959838867
2024-07-29 14:00:00,20.796875,31.03828575845201,16.72004101996661,17.004702,20.04926300048828
2024-07-29 15:00:00,21.717639,39.127863062663124,22.63101248876473,21.64443,19.518722534179688
2024-07-29 16:00:00,17.779580999999997,41.439490569442796,22.82349973465159,22.381779,13.07113265991211
2024-07-29 17:00:00,12.008989,24.94182858690467,14.570408040560578,14.2562275,11.415184020996094
2024-07-29 18:00:00,9.938375,4.98558063372483,7.578395801661014,8.996325,7.502342224121094
2024-07-29 19:00:00,12.977875,3.237060318792814,9.614686032330743,10.314652,6.083805084228516
2024-07-29 20:00:00,27.543608,12.156859600135448,15.493554257579532,15.704434,13.006816864013672
2024-07-29 21:00:00,39.304,46.19746121745313,37.64358061251546,36.561234,23.094892501831055
2024-07-29 22:00:00,47.83214699999999,56.03115092651072,47.62374074965935,45.280468,47.673213958740234
2024-07-29 23:00:00,51.895117,68.82136186659577,52.70303000401606,51.088444,39.41951370239258
2024-07-30 00:00:00,43.614208,71.08045361837694,53.35674997528676,51.64455,44.87705993652344
2024-07-30 01:00:00,31.855013,45.482071558919486,36.395121446854596,37.242115,44.962852478027344
2024-07-30 02:00:00,19.902511,29.375400832492648,23.966961856013157,23.718584,25.248071670532227
2024-07-30 03:00:00,15.438249000000004,13.662259298218125,13.634999829373923,12.5763,13.214885711669922
2024-07-30 04:00:00,10.648000000000003,20.149098623684125,12.051887383289149,11.73193,10.990676879882812
2024-07-30 05:00:00,7.529535999999999,9.530247691048015,8.378296576146052,8.2702675,11.218536376953125
2024-07-30 06:00:00,20.123648000000003,5.370093479248691,11.432804926459685,11.824795,7.800392150878906
2024-07-30 07:00:00,38.272753,65.75582899877082,33.33676500958374,37.453594,17.240936279296875
2024-07-30 08:00:00,47.045881,88.44920178755689,54.66373464743349,56.187668,71.39561462402344
2024-07-30 09:00:00,44.361864,95.80842628615645,50.31871231320226,50.60194,60.983787536621094
2024-07-30 10:00:00,43.614208,90.01725214194101,40.36357225737226,45.001305,39.889102935791016
2024-07-30 11:00:00,50.243409,81.16813764237557,43.723735426259225,46.295643,33.188419342041016
2024-07-30 12:00:00,54.439939,83.13105364598913,54.68909295488827,59.52226,33.1606330871582
2024-07-30 13:00:00,52.734375,80.45564768648705,52.593882055699275,57.854637,72.01823425292969
2024-07-30 14:00:00,47.045881,73.15300585363349,48.927871195141485,51.753002,55.72011184692383
2024-07-30 15:00:00,40.353607,70.76981637893431,39.650043967554204,41.520233,52.65388870239258
2024-07-30 16:00:00,36.264691,57.09230947413721,33.25552426727795,30.039595,31.58805274963379
2024-07-30 17:00:00,27.818127,53.139561634195516,32.754731791817555,29.114424,21.799345016479492
2024-07-30 18:00:00,22.906303999999995,39.22992960764004,21.049583204877184,20.189783,16.688528060913086
2024-07-30 19:00:00,24.897088,25.87167076685508,26.292491790414477,30.56742,19.5430965423584
2024-07-30 20:00:00,27.543608,20.44097182976115,27.58356335222384,30.585924,28.925540924072266
2024-07-30 21:00:00,25.412184,12.430517031831513,29.026657711118006,28.513844,26.12398910522461
2024-07-30 22:00:00,24.389,6.402923915899301,21.13229805757062,21.855038,22.15348243713379
2024-07-30 23:00:00,19.683000000000003,9.88092284901099,23.762653735859676,22.57006,18.057374954223633
2024-07-31 00:00:00,12.487167999999995,0.23573482462242978,15.507847003673133,15.316373,17.81063461303711
2024-07-31 01:00:00,9.938375,-12.571064327667862,8.625860275525246,8.833035,10.915607452392578
2024-07-31 02:00:00,5.177717,-1.4033112535428565,8.325830752191079,8.1095295,5.137874603271484
2024-07-31 03:00:00,1.5208749999999998,-22.195457478134863,3.2459476089808805,5.04492,7.6361083984375
2024-07-31 04:00:00,1.5608959999999996,-46.04273318671719,1.0584964640644337,1.9104966,1.627105712890625
2024-07-31 05:00:00,6.028568000000001,-22.9666497547013,3.0920864956036396,2.3349466,-0.19301986694335938
2024-07-31 06:00:00,37.93305599999999,28.66786822976982,15.452241783131317,13.705807,3.1845474243164062
2024-07-31 07:00:00,97.97218100000002,128.7022430358035,66.44765579811599,83.72442,59.42948913574219
2024-07-31 08:00:00,132.65099999999998,185.39734814090383,145.2934267875499,144.4208,119.8581771850586
2024-07-31 09:00:00,145.53157599999997,200.3604511670112,193.9930997089758,179.98303,173.75326538085938
2024-07-31 10:00:00,158.34042100000002,203.27604717029348,152.51219572132095,156.95549,170.47068786621094
2024-07-31 11:00:00,135.79674399999996,199.31439812446422,155.86766928912195,170.71544,189.39076232910156
2024-07-31 12:00:00,81.182737,161.65667159528837,110.19521151997925,117.532715,213.0692901611328
2024-07-31 13:00:00,68.41792899999999,115.82576260200534,50.246945158553665,54.144096,98.20599365234375
2024-07-31 14:00:00,84.027672,117.36690484832508,54.73859256365699,57.346626,27.801584243774414
2024-07-31 15:00:00,86.93830699999998,145.51190576743315,91.32167503302156,88.41332,92.53366088867188
2024-07-31 16:00:00,80.06299099999998,133.65561573019292,78.18636448551088,72.818825,90.35594940185547
2024-07-31 17:00:00,70.95794399999998,112.85624636517406,70.40278616585168,58.746624,51.41978454589844
2024-07-31 18:00:00,78.402752,90.02693307842857,64.30339929567238,58.04753,97.21676635742188
2024-07-31 19:00:00,116.214272,104.50762686977023,91.46544651639346,96.52967,89.37777709960938
2024-07-31 20:00:00,138.991832,147.79839996784693,139.59803923420503,142.02705,110.98263549804688
2024-07-31 21:00:00,111.28464099999997,156.60676971389645,160.66889860180083,139.4389,168.81130981445312
2024-07-31 22:00:00,68.41792899999999,124.85981177529402,83.38520942282221,85.47001,152.19338989257812
2024-07-31 23:00:00,45.882712000000005,89.49577952725471,50.558220951605264,48.58138,73.39643859863281
2024-08-01 00:00:00,41.781923000000006,83.45973638958628,32.09499239021304,33.006374,50.82323455810547
2024-08-01 01:00:00,43.614208,90.47995723051783,37.644505895008265,37.83095,55.625267028808594
2024-08-01 02:00:00,38.95821900000001,97.17064726700585,46.35660071208132,47.041245,54.706459045410156
2024-08-01 03:00:00,39.651821000000005,90.10971198405572,36.499332488682846,35.686474,50.58102035522461
2024-08-01 04:00:00,45.118016,101.61561362751127,39.619820260202644,40.559563,49.87757873535156
2024-08-01 05:00:00,42.875,113.09699882116976,51.884018202917645,49.496513,71.34839630126953
2024-08-01 06:00:00,39.304,103.71368683758266,54.840067927214704,56.701153,107.35794067382812
2024-08-01 07:00:00,53.582633,89.5388912944599,63.19529959182503,64.489334,97.15290832519531
2024-08-01 08:00:00,73.56005900000002,111.65091992625895,65.78378414103061,73.30967,62.173675537109375
2024-08-01 09:00:00,118.370771,124.57705378778383,88.9618648337433,93.61363,91.63916015625
2024-08-01 10:00:00,151.41943700000002,175.37434103786907,155.2284808614287,151.53073,122.50588989257812
2024-08-01 11:00:00,173.74111200000002,194.41743363177926,170.2751558981145,172.05905,188.6676483154297
2024-08-01 12:00:00,185.193,203.57185855570054,175.38767664715834,168.87706,152.9151153564453
2024-08-01 13:00:00,173.74111200000002,206.62117114503204,194.85347360812958,205.84319,157.4139862060547
2024-08-01 14:00:00,160.98918400000002,187.00930534700848,149.18720786954265,153.3395,186.02871704101562
2024-08-01 15:00:00,146.36318299999996,171.65745500656584,123.5938451503374,142.03508,100.13751220703125
2024-08-01 16:00:00,119.82315699999998,160.14254443957012,113.91681690141168,113.21711,89.03276824951172
2024-08-01 17:00:00,92.959677,136.6431759664879,93.58228422885891,80.887245,85.39234161376953
2024-08-01 18:00:00,85.76612100000001,111.87714819953507,73.13600313498019,70.60993,60.534061431884766
2024-08-01 19:00:00,89.31462299999998,107.65118984465411,81.70226209281837,92.54655,80.93091583251953
2024-08-01 20:00:00,101.194696,103.6195409988535,86.74609608330367,85.80922,117.29177856445312
2024-08-01 21:00:00,86.350888,110.24751810970943,103.37709442159193,102.263115,75.43573760986328
2024-08-01 22:00:00,65.939264,86.58337217917008,73.63789942619394,71.29042,124.7483139038086
2024-08-01 23:00:00,58.411072,74.0503190102987,52.94529656283392,52.908787,78.55447387695312
2024-08-02 00:00:00,62.099136,81.65332515153813,53.236427079689136,53.782543,40.991886138916016
2024-08-02 01:00:00,75.15144799999999,95.48949370245086,64.87687261868703,63.07678,69.01244354248047
2024-08-02 02:00:00,85.18400000000003,115.45870163454461,79.17830352679421,80.84894,76.5750732421875
2024-08-02 03:00:00,100.54462500000002,124.64439356002634,88.23679528936273,88.20067,75.50758361816406
2024-08-02 04:00:00,109.215352,144.07212425074707,110.25102331652668,105.505745,110.05765533447266
2024-08-02 05:00:00,101.847563,150.32016052049866,132.99443325192797,115.69473,124.44107055664062
2024-08-02 06:00:00,117.64900000000004,141.70588229737922,105.12894536835807,118.37251,124.30987548828125
2024-08-02 07:00:00,171.87961599999997,163.45090164002963,161.84963789301864,148.10394,151.19546508789062
2024-08-02 08:00:00,313.046839,208.85690461482542,209.6173520837937,218.8731,230.3984375
2024-08-02 09:00:00,416.83272299999993,291.69497632921417,423.49026138289685,437.678,349.2955322265625
2024-08-02 10:00:00,445.9437439999999,312.11963762359284,464.17566935116287,493.67465,464.51531982421875
2024-08-02 11:00:00,474.552,311.4534020477714,458.1748974267063,412.5085,386.48748779296875
2024-08-02 12:00:00,463.6848240000001,323.23075583498843,444.9168368951837,536.1794,460.48492431640625
2024-08-02 13:00:00,415.160936,302.12042871081815,427.4805150413657,393.12625,465.52569580078125
2024-08-02 14:00:00,360.944128,278.3910395900973,359.1942981196405,399.04932,346.7322998046875
2024-08-02 15:00:00,298.07763199999994,259.46100485151027,313.3488097265813,323.24402,244.99118041992188
2024-08-02 16:00:00,197.13736800000004,234.763421927346,231.46046138715138,230.04736,193.16775512695312
2024-08-02 17:00:00,112.678587,182.20351339592824,137.9041169050357,115.45099,123.6847152709961
2024-08-02 18:00:00,67.91731200000001,134.436790727951,75.11004888129057,68.383675,68.43456268310547
2024-08-02 19:00:00,65.45082700000002,106.87126754485325,56.16011893211931,59.734142,54.21321487426758
2024-08-02 20:00:00,84.027672,121.12760544769611,66.94479185684384,64.43496,49.16496658325195
2024-08-02 21:00:00,100.54462500000002,140.83628096764997,93.04510499847038,91.07804,73.81555938720703
2024-08-02 22:00:00,103.823,148.0715833137505,97.87830334583738,104.03546,95.86261749267578
2024-08-02 23:00:00,96.702579,146.0786411400127,101.16638287962559,97.337555,102.92579650878906
2024-08-03 00:00:00,108.53133299999998,141.65979050744323,89.75388586216675,88.69542,84.69448852539062
2024-08-03 01:00:00,114.79125600000002,165.52587802863243,118.34248581082139,109.18827,79.32087707519531
2024-08-03 02:00:00,132.65099999999998,164.05022381270115,108.31204995886013,104.20975,158.76922607421875
2024-08-03 03:00:00,164.56659200000004,180.3712863016124,146.36719386675313,133.61754,121.57660675048828
2024-08-03 04:00:00,200.20162499999995,205.70036080699688,185.73531835228613,167.32626,107.62974548339844
2024-08-03 05:00:00,211.708736,229.58994746704852,214.46881850757146,199.69983,191.49429321289062
2024-08-03 06:00:00,207.474688,234.51932158651846,205.08943628070247,203.49103,221.92434692382812
2024-08-03 07:00:00,211.708736,228.3292466506421,189.05912406192016,191.2095,212.26742553710938
2024-08-03 08:00:00,239.483061,221.95832135610885,203.26115143357399,209.32448,274.49310302734375
2024-08-03 09:00:00,251.239591,223.9803796410988,268.9155727322592,292.4276,340.91436767578125
2024-08-03 10:00:00,240.641848,212.26381502083757,244.08208810045994,231.33043,376.00885009765625
2024-08-03 11:00:00,217.081801,198.6005379559618,228.81257615315812,220.04445,238.46156311035156
2024-08-03 12:00:00,183.250432,182.43487027487606,198.0048897072059,198.15646,150.6513671875
2024-08-03 13:00:00,156.59081899999998,167.79727437627722,166.45388435537797,169.70848,133.28311157226562
2024-08-03 14:00:00,138.991832,158.85331980759068,132.19629560756658,136.642,100.0893783569336
2024-08-03 15:00:00,124.251499,145.15759952386352,128.2656602612358,124.86379,96.38106536865234
2024-08-03 16:00:00,107.171875,142.36078789322187,105.51833208351118,99.21589,94.09913635253906
2024-08-03 17:00:00,72.511713,131.13304491140764,92.9898774632361,84.12021,60.51643371582031
2024-08-03 18:00:00,52.734375,87.44035980989963,44.64246475927078,45.76347,46.948829650878906
2024-08-03 19:00:00,64.0,70.83380695458885,44.45930049896999,59.659897,33.7482795715332
2024-08-03 20:00:00,80.06299099999998,99.23017064700994,73.68876458804056,83.16268,47.65756607055664
2024-08-03 21:00:00,95.44399300000002,112.26934692882281,83.91224918983235,86.98036,76.95645904541016
2024-08-03 22:00:00,103.16170900000004,126.03054852034799,99.31810494245394,104.558556,90.37908935546875
2024-08-03 23:00:00,105.82381700000003,133.60046172934773,99.52702997291348,103.89478,101.13966369628906
2024-08-04 00:00:00,92.959677,140.71674688158612,101.8798333636565,102.7274,103.19834899902344
2024-08-04 01:00:00,71.991296,126.7171956372107,79.50976407615738,81.83652,100.3696517944336
2024-08-04 02:00:00,50.653000000000006,101.35813074047726,56.408168056448545,55.706116,68.41275024414062
2024-08-04 03:00:00,34.64597599999999,82.37650837871621,37.79619728714204,39.103497,49.76436233520508
2024-08-04 04:00:00,25.67237500000001,70.42848468519128,25.445271496565265,26.988832,32.1206169128418
2024-08-04 05:00:00,22.906303999999995,60.576756155939336,19.561957297230244,18.702467,24.618053436279297
2024-08-04 06:00:00,42.50854900000001,60.09863762638426,43.066702034109994,38.057266,23.2011661529541
2024-08-04 07:00:00,76.765625,104.84763510434942,62.549324114372276,67.90128,59.8787841796875
2024-08-04 08:00:00,131.87222899999998,135.67922514316547,126.86615397700879,124.82851,105.49700927734375
2024-08-04 09:00:00,161.878625,180.2350388243193,170.9926559674612,178.63686,147.79541015625
2024-08-04 10:00:00,166.375,183.2378678214658,170.9477660926999,174.96239,163.7755126953125
2024-08-04 11:00:00,167.28415099999998,176.74682007913057,166.99874604093245,163.9423,145.37301635742188
2024-08-04 12:00:00,168.19660799999997,168.53674092806966,157.44066246941938,159.79538,148.00811767578125
2024-08-04 13:00:00,163.66732299999998,169.77473556879278,159.2669593678112,158.78505,161.03341674804688
2024-08-04 14:00:00,168.19660799999997,162.18043121962174,152.88982722802137,152.97473,145.90052795410156
2024-08-04 15:00:00,194.104539,163.90625716738705,167.17770814101442,162.63934,109.5962142944336
2024-08-04 16:00:00,217.081801,188.12669586386502,198.72699921268568,205.76096,109.12355041503906
2024-08-04 17:00:00,164.56659200000004,197.5072148687712,216.4989587921353,197.48792,129.7506561279297
2024-08-04 18:00:00,81.182737,146.67234729764976,117.72648884255646,94.249695,108.45645904541016
2024-08-04 19:00:00,57.51245599999999,81.0443351302869,55.09861380787156,69.74463,63.40117645263672
2024-08-04 20:00:00,44.73887499999999,77.37560815734402,48.40031320291471,49.099026,50.31276321411133
2024-08-04 21:00:00,32.76800000000001,65.82204210650224,36.01949639051882,35.16739,36.21223068237305
2024-08-04 22:00:00,26.730899000000004,51.542994829012365,24.90395561669881,23.731405,34.21731185913086
2024-08-04 23:00:00,24.137569000000003,47.27536816659457,22.35006388343293,22.352446,20.714588165283203
2024-08-05 00:00:00,22.425767999999994,46.75434581211411,21.08085616717823,21.682865,20.10111427307129
2024-08-05 01:00:00,19.248832000000004,51.969421803402,20.918166993341007,21.128172,25.444122314453125
2024-08-05 02:00:00,14.706125000000004,46.2648171257522,16.445475971256503,16.73415,15.58370590209961
2024-08-05 03:00:00,11.089567,33.87934893062179,11.846734806233702,11.937132,15.749980926513672
2024-08-05 04:00:00,8.242408,28.703957474695272,9.058048235397822,9.485483,11.470916748046875
2024-08-05 05:00:00,7.189056999999999,19.839811279871498,6.386989219874558,7.3252544,10.339332580566406
2024-08-05 06:00:00,15.625,18.76490595343233,15.898395714672885,14.086398,13.51348876953125
2024-08-05 07:00:00,24.897088,58.322758054783996,30.996436969235173,31.776197,35.9599494934082
2024-08-05 08:00:00,31.855013,62.54631043625521,38.16414707025502,38.899525,46.91472244262695
2024-08-05 09:00:00,49.430863,69.15757995196105,38.737165297207,38.91827,49.26825714111328
2024-08-05 10:00:00,54.01015199999999,102.9043417787529,61.79143278466284,62.519096,40.78363037109375
2024-08-05 11:00:00,49.430863,92.01601685211159,52.98381294245678,54.875736,77.50110626220703
2024-08-05 12:00:00,39.651821000000005,78.68548667664382,47.93013829199845,49.522427,49.790489196777344
2024-08-05 13:00:00,28.372625,55.73162291408954,32.183356643212996,33.618805,42.874267578125
2024-08-05 14:00:00,19.902511,37.548446672851895,21.320351085044464,23.670084,22.838016510009766
2024-08-05 15:00:00,16.581374999999998,17.40940516676673,15.231534019759183,14.952635,14.724822998046875
2024-08-05 16:00:00,14.886936,17.849918101345736,12.647425201423216,12.599362,9.724411010742188
2024-08-05 17:00:00,16.003008,8.216030788747236,12.264473144239,12.905033,8.667083740234375
2024-08-05 18:00:00,11.390625,17.947809865738435,17.089160524839304,15.696385,6.514759063720703
2024-08-05 19:00:00,15.252992,-6.708093449015678,11.714609686602579,12.011879,13.02730941772461
2024-08-05 20:00:00,20.570824000000005,7.977952643274374,19.18070016153968,18.556461,8.180744171142578
2024-08-05 21:00:00,21.484952,19.58804772460308,22.72144837130072,21.593275,20.135286331176758
2024-08-05 22:00:00,19.902511,20.841047582855943,22.41223097664223,21.337946,17.10481834411621
2024-08-05 23:00:00,16.194276999999996,17.508840330700046,17.304314889288694,17.700218,19.70172882080078
2024-08-06 00:00:00,15.813250999999996,8.696165641565443,12.690525721896515,12.94577,12.848506927490234
2024-08-06 01:00:00,13.144256,18.025880026124256,15.219545729691458,15.447031,9.79178237915039
2024-08-06 02:00:00,9.261,8.702245770361547,10.96780488531573,10.772724,13.950111389160156
2024-08-06 03:00:00,6.331625000000001,1.4861133647120717,7.080308622964834,7.2587657,7.582916259765625
2024-08-06 04:00:00,4.492124999999999,-9.003117758237714,4.4430439420603225,5.2188673,5.477989196777344
2024-08-06 05:00:00,3.652264,-10.324172964103262,3.7420788002972434,3.880241,3.756580352783203
2024-08-06 06:00:00,3.944312000000001,-7.501839990006552,3.590725965110148,3.935993,7.461093902587891
2024-08-06 07:00:00,12.166999999999998,-3.9130085128249803,8.940669520894195,8.927601,14.589012145996094
2024-08-06 08:00:00,23.393656,45.91696170996725,21.271566617060785,19.060513,11.995635986328125
2024-08-06 09:00:00,46.26827899999999,69.91861618057655,34.21044594228293,36.530308,34.574188232421875
2024-08-06 10:00:00,63.52119900000001,118.11630592662809,62.855937897707065,62.95823,48.67481231689453
2024-08-06 11:00:00,67.41914300000002,130.81240897700846,72.6220890884213,73.44337,75.20382690429688
2024-08-06 12:00:00,65.939264,126.17625625740774,64.63825377548979,69.513176,74.88572692871094
2024-08-06 13:00:00,60.698457000000005,120.6381735525006,61.06495309133838,61.809654,49.27638626098633
2024-08-06 14:00:00,53.582633,104.69746731341442,51.56063806701154,54.89685,39.51268768310547
2024-08-06 15:00:00,48.627125,90.08193201785093,43.507963098197145,44.204544,23.771854400634766
2024-08-06 16:00:00,33.38624800000001,80.31815245276806,45.5146013749952,40.077545,20.86295509338379
2024-08-06 17:00:00,16.974592999999995,55.70836892121679,21.829367287656677,20.561754,24.605863571166992
2024-08-06 18:00:00,7.880599,18.811049002471226,10.225713759631864,10.294058,11.061229705810547
2024-08-06 19:00:00,8.365426999999997,-9.876837432401743,8.13091044843516,8.320855,9.945236206054688
2024-08-06 20:00:00,11.697083,-3.1470415062167163,9.247183123123254,9.185562,8.491077423095703
2024-08-06 21:00:00,12.008989,5.548800672868367,15.527495949461859,14.224472,11.58755874633789
2024-08-06 22:00:00,11.239424000000003,-2.5844108323058563,12.45566456486544,12.306316,15.858558654785156
2024-08-06 23:00:00,12.649337,-5.043300370247252,10.688221380047276,10.706615,11.913780212402344
2024-08-07 00:00:00,14.706125000000004,7.699834237421889,13.446183270612655,13.683533,11.016597747802734
2024-08-07 01:00:00,16.777216,15.926206204518829,17.55145854734881,16.387499,13.265369415283203
2024-08-07 02:00:00,17.173512000000002,24.29315607066927,17.858317560066418,18.382046,17.764633178710938
2024-08-07 03:00:00,21.253933,23.779494045051862,18.250445123208625,18.232216,18.037721633911133
2024-08-07 04:00:00,28.094464,43.84977272260854,27.231141345684385,26.323168,20.72144889831543
2024-08-07 05:00:00,31.855013,65.01883141458512,34.09194488586531,34.105816,34.003273010253906
2024-08-07 06:00:00,36.264691,74.06942050958395,43.16193775107867,46.60572,59.07029724121094
2024-08-07 07:00:00,50.653000000000006,84.76497031426274,57.46234346534467,62.306065,70.09851837158203
2024-08-07 08:00:00,58.411072,106.54970341619872,60.076833252776396,64.97932,72.81437683105469
2024-08-07 09:00:00,54.87199999999999,102.36534026955692,66.35823705357308,67.457184,100.53410339355469
2024-08-07 10:00:00,42.50854900000001,85.3088608224275,47.81501778587404,45.79332,70.867919921875
2024-08-07 11:00:00,45.882712000000005,66.20922570132493,34.613940498720254,32.732323,34.412933349609375
2024-08-07 12:00:00,53.15737599999999,80.25851454315907,46.74263047458978,47.87755,27.686246871948242
2024-08-07 13:00:00,60.698457000000005,85.05170820581415,57.97643017302901,62.505054,67.43668365478516
2024-08-07 14:00:00,70.444997,90.80415437170043,65.74075662259077,69.07309,55.5863151550293
2024-08-07 15:00:00,81.74650399999999,97.9019169600258,71.93492564594854,74.2225,66.7021484375
2024-08-07 16:00:00,85.18400000000003,113.96262641237064,84.04306884062173,79.76843,76.600830078125
2024-08-07 17:00:00,56.62310399999999,111.17638269525318,78.08960052405008,72.486664,46.364749908447266
2024-08-07 18:00:00,24.389,61.223929025270685,37.40458303318439,33.11089,41.09467697143555
2024-08-07 19:00:00,21.024576,11.394581417977822,20.151864854621184,23.87002,29.68356704711914
2024-08-07 20:00:00,24.897088,23.58549043113266,19.4346693109645,19.070438,17.071537017822266
2024-08-07 21:00:00,24.642171000000005,31.71635183194371,26.67533504114377,26.193218,14.87546157836914
2024-08-07 22:00:00,19.248832000000004,28.15300948422825,24.599476598221532,24.548983,33.33910369873047
2024-08-07 23:00:00,16.974592999999995,10.394609578864387,15.444516061615188,15.494615,22.5325984954834
2024-08-08 00:00:00,16.194276999999996,9.195843874057466,14.701601931798871,14.950395,13.051162719726562
2024-08-08 01:00:00,15.625,12.110659432704683,15.106413081630292,15.161789,14.672521591186523
2024-08-08 02:00:00,14.172488,12.898844812217497,14.857617544123848,14.906087,13.806514739990234
2024-08-08 03:00:00,13.312053000000002,13.331112601984586,12.329166475880664,13.110493,13.757894515991211
2024-08-08 04:00:00,13.312053000000002,13.56983596153546,11.7715141592744,12.214679,14.560779571533203
2024-08-08 05:00:00,12.649337,14.209235279008386,13.185445363399394,13.553954,14.21371078491211
2024-08-08 06:00:00,20.346417,12.817928131516748,21.953683730605846,22.135489,20.689010620117188
2024-08-08 07:00:00,33.38624800000001,46.01119109326777,35.731336618574254,38.7542,43.052642822265625
2024-08-08 08:00:00,41.421736,69.03510906454753,47.03171480820363,47.02839,55.56692886352539
2024-08-08 09:00:00,36.926037,69.90100036548353,52.022393092484236,48.80645,68.87748718261719
2024-08-08 10:00:00,31.855013,46.790373933451484,32.949372002900816,34.313625,46.25727462768555
2024-08-08 11:00:00,32.461759,37.14080214746447,24.81550388046886,28.78531,20.608583450317383
2024-08-08 12:00:00,34.328125,43.40940253558496,32.825746161057246,33.45563,26.21269416809082
2024-08-08 13:00:00,38.614472,47.22829330830352,36.16953204775711,36.20363,34.108680725097656
2024-08-08 14:00:00,43.98697699999999,55.722692594145656,40.5277126176304,39.804325,35.00983428955078
2024-08-08 15:00:00,51.064811,59.15509676818613,44.812032913226275,45.964687,41.56426239013672
2024-08-08 16:00:00,58.86386900000001,72.13805096332925,54.92575928060981,52.231335,36.270992279052734
2024-08-08 17:00:00,50.653000000000006,84.19792955868297,64.36829974388647,53.02726,31.999732971191406
2024-08-08 18:00:00,38.95821900000001,64.37277718080645,41.112935186056696,35.89342,28.60338592529297
2024-08-08 19:00:00,48.627125,46.42947999281739,42.33912795551226,43.80173,32.70654296875
2024-08-08 20:00:00,57.960603000000006,66.99123595086023,55.2172333144519,52.364807,37.39939880371094
2024-08-08 21:00:00,57.960603000000006,75.98426928300123,63.165972854475925,59.0074,54.21853256225586
2024-08-08 22:00:00,51.064811,78.04260778821717,53.921885013855736,52.571316,52.732765197753906
2024-08-08 23:00:00,51.064811,73.29001723430031,44.989560923516635,45.17331,46.08073043823242
2024-08-09 00:00:00,46.26827899999999,83.08403535696132,50.316894090621425,48.613365,38.94926452636719
2024-08-09 01:00:00,41.06362500000001,77.97925539591256,38.69699141683081,39.67436,48.111751556396484
2024-08-09 02:00:00,36.926037,75.70580034703727,34.74060280703102,34.261723,37.2689208984375
2024-08-09 03:00:00,33.076161,70.90580653614005,33.348680147591146,32.257828,24.87824058532715
2024-08-09 04:00:00,35.28755199999999,67.83739219949773,27.37691274690358,29.277178,26.725008010864258
2024-08-09 05:00:00,25.412184,79.06105410736275,38.03776722991541,38.34711,25.61275863647461
2024-08-09 06:00:00,28.372625,58.17182750690776,43.12916567053772,35.492176,55.762413024902344
2024-08-09 07:00:00,41.421736,75.78117985917655,45.583763530742246,44.509747,56.4691047668457
2024-08-09 08:00:00,47.43792800000001,94.99689178784212,54.960475722818735,54.13142,59.19505310058594
2024-08-09 09:00:00,54.87199999999999,92.6662205261932,53.7951633975496,56.51668,77.15806579589844
2024-08-09 10:00:00,52.31362400000001,95.54616094821242,59.18007740658339,57.59323,63.366188049316406
2024-08-09 11:00:00,47.43792800000001,83.78434038975485,49.30659277763871,47.41376,40.52008819580078
2024-08-09 12:00:00,39.304,77.59861851679617,44.01206277768675,45.717484,40.366268157958984
2024-08-09 13:00:00,30.080231,62.87919172943075,32.73779062366782,33.052513,38.47035217285156
2024-08-09 14:00:00,21.484952,45.51843451180517,22.89872546740128,25.098984,24.07029151916504
2024-08-09 15:00:00,13.312053000000002,24.600203790932177,16.80101220649976,17.038532,17.065715789794922
2024-08-09 16:00:00,9.528128,1.261077030642081,8.580285683810889,8.52801,10.259838104248047
2024-08-09 17:00:00,7.189056999999999,-0.6202992727267542,6.998893297109337,7.0247903,3.5625038146972656
2024-08-09 18:00:00,5.000210999999999,-6.527172876034278,5.031409317647592,5.7231765,1.229522705078125
2024-08-09 19:00:00,5.451776,-21.561477570377036,5.083819236695061,6.8199167,1.5882797241210938
2024-08-09 20:00:00,7.762391999999999,-27.939606649063016,6.179396214493738,7.0757957,5.967784881591797
2024-08-09 21:00:00,8.615124999999997,-19.18637152064754,10.34679632388241,10.005909,6.442226409912109
2024-08-09 22:00:00,8.489664000000001,-18.1898638023126,9.698800699634633,9.72921,7.937023162841797
2024-08-09 23:00:00,7.762391999999999,-18.76391916507196,7.773527539846426,8.254928,7.593624114990234
2024-08-10 00:00:00,6.539203000000001,-21.034559989856056,7.576132064647433,7.489127,7.3791656494140625
2024-08-10 01:00:00,5.832000000000001,-26.818787648842182,5.764216330419998,5.84319,5.701957702636719
2024-08-10 02:00:00,5.268024,-26.541591878633,5.2777451552099475,5.048439,4.545497894287109
2024-08-10 03:00:00,5.451776,-31.013664642721665,4.700883149347901,5.04028,5.348197937011719
2024-08-10 04:00:00,6.331625000000001,-25.431932622720616,5.974591306752448,5.8614483,4.416450500488281
2024-08-10 05:00:00,7.189056999999999,-18.61063593469553,7.395733924835493,7.0469866,5.235980987548828
2024-08-10 06:00:00,13.144256,-10.493709210827731,12.125795415029234,11.698933,7.586627960205078
2024-08-10 07:00:00,28.372625,23.32053631391334,25.74269822380362,27.345957,20.67723846435547
2024-08-10 08:00:00,43.24355099999999,63.653070051395396,37.80736231576408,41.36584,39.60034942626953
2024-08-10 09:00:00,63.044792,78.45221220080276,58.86163684039499,57.60947,59.81666564941406
2024-08-10 10:00:00,55.74296799999999,100.04060586185517,72.95283576637526,72.5306,58.10199737548828
2024-08-10 11:00:00,37.595375,75.90060037764363,45.15997801342879,48.3144,64.8022689819336
2024-08-10 12:00:00,27.818127,41.20247767918436,26.667081925601554,28.112326,27.481815338134766
2024-08-10 13:00:00,24.897088,33.911823007029554,20.501583125210296,22.370613,16.367321014404297
2024-08-10 14:00:00,23.887872,32.79787176903329,21.820551916776513,23.132023,22.225570678710938
2024-08-10 15:00:00,21.951999999999995,31.31976149597027,23.442788822104834,22.803095,19.43067741394043
2024-08-10 16:00:00,15.813250999999996,26.242722532358425,19.236406813524795,19.129642,18.53931427001953
2024-08-10 17:00:00,13.651919,9.244336442114879,11.390293378722204,10.51177,9.576072692871094
2024-08-10 18:00:00,5.177717,7.30845149950072,10.455874733902712,10.2117,3.403778076171875
2024-08-10 19:00:00,3.5118080000000003,-34.92538027104407,4.876464710327542,5.763693,4.835315704345703
2024-08-10 20:00:00,2.985984,-43.05731515115736,3.5523888327758364,4.0207157,3.4370040893554688
2024-08-10 21:00:00,3.241792,-37.61011884065916,3.204308918391594,3.1340537,3.6884918212890625
2024-08-10 22:00:00,5.088448,-31.697814551530854,4.045313710252167,4.0782747,2.0956954956054688
2024-08-10 23:00:00,8.120600999999997,-18.63837629194576,7.251256248849858,6.8763485,3.1541900634765625
2024-08-11 00:00:00,10.503459,-5.925516822395927,10.843338388314821,10.461398,6.380519866943359
2024-08-11 01:00:00,10.648000000000003,0.10474096865101501,12.787585667578231,12.194828,10.475166320800781
2024-08-11 02:00:00,9.800344,-2.073875599491849,11.087254218978062,10.772286,10.326587677001953
2024-08-11 03:00:00,9.129328999999998,-5.224921701907938,9.002418843996354,8.850544,8.833457946777344
2024-08-11 04:00:00,8.998912,-3.8144251416749384,9.179494869437562,8.547948,7.935016632080078
2024-08-11 05:00:00,8.365426999999997,-2.3687852446367685,9.433213388267902,9.062585,7.511177062988281
2024-08-11 06:00:00,8.998912,-4.345555001925021,13.513791550230838,13.19001,10.341476440429688
2024-08-11 07:00:00,17.373979,-2.836796021506629,18.97207317396232,18.3943,23.835182189941406
2024-08-11 08:00:00,17.173512000000002,26.715103339214117,23.663789436465354,23.100979,23.42067527770996
2024-08-11 09:00:00,18.609625,2.1078137804441575,17.400731779207547,17.118055,28.431861877441406
2024-08-11 10:00:00,15.252992,1.352776112820937,20.879042445530867,17.775291,19.250001907348633
2024-08-11 11:00:00,11.390625,-8.981235927819348,11.807177344835093,11.985012,16.08940887451172
2024-08-11 12:00:00,9.261,-19.22359553320947,8.94850103841198,9.367671,9.965717315673828
2024-08-11 13:00:00,9.393930999999998,-23.948374986184753,7.842090141431329,8.37579,8.299659729003906
2024-08-11 14:00:00,8.869742999999998,-20.509185455294528,10.133666058977486,10.584989,7.931953430175781
2024-08-11 15:00:00,7.880599,-24.925173308483316,9.064705060488095,9.252161,8.217815399169922
2024-08-11 16:00:00,5.000210999999999,-31.96484515752617,7.453935726294617,7.423541,5.671333312988281
2024-08-11 17:00:00,5.735339000000001,-42.63351796132631,3.9140035907408715,3.6173904,3.2817535400390625
2024-08-11 18:00:00,3.869893,-31.376241989331994,7.374415296929193,4.9716687,0.5819892883300781
2024-08-11 19:00:00,5.6397520000000005,-42.557525124963114,3.8458568470619894,4.3430004,1.8208808898925781
2024-08-11 20:00:00,10.077696,-35.82815962997808,7.414160065173721,7.679963,3.6103286743164062
2024-08-11 21:00:00,16.003008,-5.279712004097426,13.686489478615956,12.894643,6.147800445556641
2024-08-11 22:00:00,20.346417,13.842006648930479,20.08524054501162,19.605057,9.574020385742188
2024-08-11 23:00:00,21.024576,19.621468136110085,22.55830975740444,21.392265,15.570270538330078
2024-08-12 00:00:00,21.253933,18.52319531370912,20.871480003232882,19.849884,16.247028350830078
2024-08-12 01:00:00,17.984728,27.13807023645753,20.926668581005874,20.912958,12.986213684082031
2024-08-12 02:00:00,13.481272,19.5928419023347,15.099614528071477,15.403889,11.331623077392578
2024-08-12 03:00:00,11.543175999999995,3.979389793992553,10.539851846237207,10.4493065,7.636043548583984
2024-08-12 04:00:00,10.077696,9.331641628847752,10.162337825727066,10.087616,5.317661285400391
2024-08-12 05:00:00,8.0,8.202863720121208,8.814068565843204,8.425197,6.170082092285156
2024-08-12 06:00:00,9.261,0.592591402650406,12.008162046251732,11.343405,9.634029388427734
2024-08-12 07:00:00,14.172488,10.13448684355253,22.312470821533047,20.142872,19.96889305114746
2024-08-12 08:00:00,17.984728,20.657817687639948,16.888745274190253,18.431475,21.162965774536133
2024-08-12 09:00:00,27.543608,25.446156681797618,22.63667465610678,20.376698,18.893518447875977
2024-08-12 10:00:00,35.28755199999999,50.68064931368293,33.80520170551924,33.484226,18.56981086730957
2024-08-12 11:00:00,37.93305599999999,65.14313249617013,35.2672289079316,39.45604,30.16561508178711
2024-08-12 12:00:00,36.926037,71.30979087588486,38.44592594225583,38.321903,38.8622932434082
2024-08-12 13:00:00,36.926037,65.8511955478005,37.38158212832255,37.5174,37.52680206298828
2024-08-12 14:00:00,37.93305599999999,56.96259745787084,38.02349626952778,37.506687,30.754467010498047
2024-08-12 15:00:00,33.076161,46.47058552270974,39.31346539778345,36.93815,24.8387451171875
2024-08-12 16:00:00,21.484952,43.674546296341305,25.75376682861231,27.435472,26.80282974243164
2024-08-12 17:00:00,19.248832000000004,19.648730876602432,14.733064467905944,12.860522,12.501869201660156
2024-08-12 18:00:00,6.967870999999999,22.9841876694748,16.593156236930582,14.096536,6.202312469482422
2024-08-12 19:00:00,5.929741000000001,-27.748833252594437,8.023254067784684,7.3286815,10.525989532470703
2024-08-12 20:00:00,6.028568000000001,-24.454467304634605,6.346256711398546,6.807182,5.458003997802734
2024-08-12 21:00:00,6.967870999999999,-22.304686971265497,6.269801734986751,6.1612654,7.153778076171875
2024-08-12 22:00:00,9.393930999999998,-17.811876297186622,8.258812136379403,8.008431,4.6062164306640625
2024-08-12 23:00:00,12.812903999999998,-9.723239283556843,11.771407899774395,11.2275915,6.772224426269531
2024-08-13 00:00:00,15.813250999999996,-3.0806330936172728,15.056189038791723,15.061157,9.130500793457031
2024-08-13 01:00:00,16.974592999999995,4.39389146759769,18.12544444256869,17.60102,12.348670959472656
2024-08-13 02:00:00,16.003008,10.712453725974584,18.156181556394667,17.916672,12.065189361572266
2024-08-13 03:00:00,15.625,13.498283349280456,15.261766940435782,15.287798,14.570173263549805
2024-08-13 04:00:00,13.997521000000004,16.69871480006726,15.103745887980875,14.991456,13.620647430419922
2024-08-13 05:00:00,10.077696,12.898236469107761,12.196998447823946,12.825411,13.008125305175781
2024-08-13 06:00:00,9.663596999999998,0.43736616013945806,17.229626178361023,17.077814,12.442420959472656
2024-08-13 07:00:00,16.581374999999998,4.2557194090202906,18.48021050235724,18.365,17.592073440551758
2024-08-13 08:00:00,17.779580999999997,25.058586386000822,20.713589309383575,21.373816,24.645891189575195
2024-08-13 09:00:00,23.639903000000004,8.915880547700233,20.466517282386327,20.76887,28.11880111694336
2024-08-13 10:00:00,27.0,19.94028791248332,27.943784350536536,27.20478,20.052165985107422
2024-08-13 11:00:00,26.198073000000004,29.04922410468238,28.52232383826026,29.92482,26.58567237854004
2024-08-13 12:00:00,23.887872,29.845721889334158,23.409523202399015,25.984426,24.706165313720703
2024-08-13 13:00:00,21.484952,17.69322831994377,20.629378116590384,20.88018,22.703811645507812
2024-08-13 14:00:00,16.777216,9.074725415537742,19.18991229008838,19.115858,18.690256118774414
2024-08-13 15:00:00,13.312053000000002,1.6687260309909853,12.828646503702839,12.934216,11.829559326171875
2024-08-13 16:00:00,8.489664000000001,1.697607936032476,9.988126065275043,8.776148,6.097320556640625
2024-08-13 17:00:00,7.414874999999999,-12.597759225519859,5.424439494921106,5.4370985,2.468524932861328
2024-08-13 18:00:00,2.924207,-9.426006770795247,5.81031387256951,6.8376403,0.48847198486328125
2024-08-13 19:00:00,2.197,-34.12244487148924,2.0950072234247177,3.164733,1.9470596313476562
2024-08-13 20:00:00,1.685159,-36.702904765744954,1.8557143482923766,2.183568,1.5893440246582031
2024-08-13 21:00:00,2.1466890000000003,-40.79877534285436,1.621402213870234,1.7719469,1.48828125
2024-08-13 22:00:00,3.307949,-30.7896510643355,2.7607206784321945,2.6492019,0.6904106140136719
2024-08-13 23:00:00,4.657462999999999,-22.093389337466867,4.957424480096774,4.637305,2.1931228637695312
2024-08-14 00:00:00,6.229504,-18.819879461545973,6.244858531685396,6.1234307,3.62872314453125
2024-08-14 01:00:00,7.301384,-12.901816054574219,7.562056422561195,7.5520234,4.97491455078125
2024-08-14 02:00:00,7.414874999999999,-11.05270858148559,8.370294386929128,8.321561,4.962062835693359
2024-08-14 03:00:00,7.077887999999999,-9.657963490630792,7.05908644886431,7.8264074,5.248340606689453
2024-08-14 04:00:00,5.5452330000000005,-10.18922223565346,6.908837443295803,6.85777,5.645046234130859
2024-08-14 05:00:00,3.442951,-21.61788507934194,4.943437733829316,4.9073653,4.926506042480469
2024-08-14 06:00:00,1.685159,-32.11673354456133,2.6598967498233357,3.2475026,5.3475494384765625
2024-08-14 07:00:00,4.492124999999999,-44.35956740559394,2.5663877489160507,4.1626253,8.255229949951172
2024-08-14 08:00:00,9.663596999999998,-7.390392612652214,10.468156454620585,8.031739,3.9218711853027344
2024-08-14 09:00:00,11.239424000000003,11.89351974734442,14.288105437929072,13.243996,9.93283462524414
2024-08-14 10:00:00,8.741816,10.16693477417467,13.162845300886804,12.172729,17.45335578918457
2024-08-14 11:00:00,8.242408,-10.297660050169348,6.97511501662352,7.281692,11.735191345214844
2024-08-14 12:00:00,9.129328999999998,-8.282060228398464,7.628102233155228,8.510282,7.270835876464844
2024-08-14 13:00:00,10.941048000000002,-3.7066696033134434,9.706470619809085,10.210803,8.735736846923828
2024-08-14 14:00:00,13.312053000000002,-4.928379137665836,12.99150037374196,12.805197,10.659404754638672
2024-08-14 15:00:00,12.326391,7.079971078172967,14.42321023420045,15.094113,11.410560607910156
2024-08-14 16:00:00,8.741816,3.2372527967514344,10.836092552135954,10.368714,9.776851654052734
2024-08-14 17:00:00,6.229504,-12.411278807906946,6.611427499962255,7.2751637,5.558040618896484
2024-08-14 18:00:00,3.375,-27.728438985657604,5.412436381112078,6.2627115,3.490020751953125
2024-08-14 19:00:00,4.019679000000001,-43.05114725762258,3.3226209953050976,3.4087064,3.7028465270996094
2024-08-14 20:00:00,4.826809,-40.63222983339897,4.982426984631327,4.9794345,3.4807357788085938
2024-08-14 21:00:00,5.268024,-35.80464604672766,5.557817528141228,5.284664,6.077846527099609
2024-08-14 22:00:00,5.929741000000001,-36.78457373913525,6.049310078379239,5.7866654,6.077274322509766
2024-08-14 23:00:00,6.644671999999999,-31.482579949851,7.053493777111308,6.871555,5.8551788330078125
2024-08-15 00:00:00,6.967870999999999,-27.035204398097463,8.034973836577578,7.594304,6.164020538330078
2024-08-15 01:00:00,6.751268999999999,-28.871539877548656,7.519572175509296,7.0606146,6.284580230712891
2024-08-15 02:00:00,6.967870999999999,-29.904678072855525,6.966121734917922,6.805611,5.426048278808594
2024-08-15 03:00:00,8.0,-27.344548158623752,7.276790716384927,6.855468,5.1532745361328125
2024-08-15 04:00:00,8.741816,-17.450946856860305,9.132099353562568,8.309797,6.549106597900391
2024-08-15 05:00:00,8.615124999999997,-9.39698343601357,9.475511439450273,9.557349,8.208263397216797
2024-08-15 06:00:00,12.487167999999995,-6.1607646364573725,13.845892407396837,12.579945,12.010379791259766
2024-08-15 07:00:00,18.399744,20.239302103870738,24.514550100639397,26.412603,21.52187728881836
2024-08-15 08:00:00,18.609625,33.46945530024802,23.72619535504218,24.552023,33.247039794921875
2024-08-15 09:00:00,18.191447,22.3317071333123,19.984368493585198,17.764982,30.860532760620117
2024-08-15 10:00:00,16.387064000000002,15.056856803242924,16.712198028884455,16.652296,16.596942901611328
2024-08-15 11:00:00,18.399744,8.552060330979003,12.957073409494667,13.644155,14.550539016723633
2024-08-15 12:00:00,23.393656,20.268873182700066,19.344622909289175,19.865875,13.201972961425781
2024-08-15 13:00:00,28.652616,32.634819623571694,27.210945978619016,27.151852,24.748180389404297
2024-08-15 14:00:00,29.218112,43.88006522686733,31.55819101918028,32.020756,33.2296257019043
2024-08-15 15:00:00,23.887872,37.32359214906284,27.78831449893029,27.806667,27.917572021484375
2024-08-15 16:00:00,17.373979,18.65235209758606,18.20067421899085,15.598136,16.446563720703125
2024-08-15 17:00:00,15.813250999999996,2.852870499233269,11.681542561529902,10.70718,8.256622314453125
2024-08-15 18:00:00,8.0,9.720465320185372,13.264685120813297,13.638308,3.904735565185547
2024-08-15 19:00:00,8.120600999999997,-23.134066237613013,7.9163935091777065,7.6988425,9.607616424560547
2024-08-15 20:00:00,9.800344,-16.529034392583057,8.446014690699357,8.793881,6.0890045166015625
2024-08-15 21:00:00,11.697083,-10.225654587146181,10.558730613090079,10.728337,7.112384796142578
2024-08-15 22:00:00,14.526784,-0.793780110810804,13.064652473073021,13.02129,7.423744201660156
2024-08-15 23:00:00,15.625,11.646556938570502,17.531068983545683,15.857898,9.994518280029297
2024-08-16 00:00:00,13.823999999999998,13.923142706728882,16.29767120454338,16.01707,12.706336975097656
2024-08-16 01:00:00,10.360232000000002,9.217476773512296,11.737754073814349,12.084029,11.095787048339844
2024-08-16 02:00:00,7.529535999999999,-0.9141891087334031,8.1926565919298,8.56481,7.945194244384766
2024-08-16 03:00:00,6.331625000000001,-10.106600590770853,5.515273683549739,5.823778,5.177219390869141
2024-08-16 04:00:00,6.028568000000001,-11.326003717103845,5.495881258429091,5.7025056,4.730537414550781
2024-08-16 05:00:00,6.644671999999999,-7.403165625038355,6.011758958588668,5.8697596,4.667850494384766
2024-08-16 06:00:00,11.697083,-0.2355845840482722,9.546568938197163,9.720827,9.521968841552734
2024-08-16 07:00:00,30.959144,28.50829842680942,26.56016503879347,27.894728,26.599895477294922
2024-08-16 08:00:00,41.781923000000006,90.635825538463,57.10901433845118,51.665104,33.47538757324219
2024-08-16 09:00:00,52.734375,99.97782989739616,59.21446132671379,55.8644,75.2086181640625
2024-08-16 10:00:00,53.15737599999999,120.78666401818964,62.17872660135959,67.55047,74.17330932617188
2024-08-16 11:00:00,51.478848000000006,108.56642659338931,50.65912328430324,51.34109,62.42950439453125
2024-08-16 12:00:00,48.22854400000001,98.21694385782092,49.30367140493875,47.035397,38.5073127746582
2024-08-16 13:00:00,43.614208,83.7282410935955,47.347669311693835,44.975193,32.62834167480469
2024-08-16 14:00:00,36.926037,60.10697708376638,38.946032868760064,41.326782,29.566179275512695
2024-08-16 15:00:00,27.270900999999995,52.61259127049212,31.27362329406289,31.526585,29.313535690307617
2024-08-16 16:00:00,17.779580999999997,35.22458823830161,19.26687587059423,18.517387,19.467365264892578
2024-08-16 17:00:00,16.194276999999996,11.137811423675387,12.167092273875598,10.849326,11.885086059570312
2024-08-16 18:00:00,10.648000000000003,13.4313139128481,12.68193730823965,12.692056,6.214839935302734
2024-08-16 19:00:00,14.886936,-7.671080060740422,10.369918465806391,10.889876,10.847217559814453
2024-08-16 20:00:00,17.576,10.588740794849866,19.29539497050588,18.392578,8.813457489013672
2024-08-16 21:00:00,17.576,10.023297770113125,19.343558836276518,19.39856,19.065513610839844
2024-08-16 22:00:00,15.438249000000004,7.934200990180955,17.60173098453374,17.472055,14.011238098144531
2024-08-16 23:00:00,13.144256,4.45564707700834,13.291470002933877,13.255488,15.25164794921875
2024-08-17 00:00:00,10.360232000000002,1.783493847205154,11.004301140465794,10.7296295,10.048885345458984
2024-08-17 01:00:00,8.0,-4.391487498841514,8.496547360568039,8.837521,9.686790466308594
2024-08-17 02:00:00,5.929741000000001,-3.2157548384477934,6.075468975132172,6.3570004,7.077732086181641
2024-08-17 03:00:00,5.735339000000001,-9.161620608889336,4.962805895927686,5.221546,7.666679382324219
2024-08-17 04:00:00,7.077887999999999,-3.3228345532508783,5.561345554693071,5.551896,5.830352783203125
2024-08-17 05:00:00,7.301384,6.306650807624003,8.84416518896402,8.730784,7.954044342041016
2024-08-17 06:00:00,9.938375,4.008347214451177,12.370269749659462,11.536902,12.173206329345703
2024-08-17 07:00:00,16.581374999999998,15.94744135180375,23.509036628351538,22.810925,18.592487335205078
2024-08-17 08:00:00,24.642171000000005,29.661539463949786,24.33945538510818,22.826866,33.16009521484375
2024-08-17 09:00:00,28.652616,38.036366522797024,33.06461904053284,30.927776,29.715192794799805
2024-08-17 10:00:00,21.484952,34.651782184997714,31.15001631816931,30.666864,34.27781295776367
2024-08-17 11:00:00,13.651919,8.794111522141176,17.050994166521622,17.460695,25.628620147705078
2024-08-17 12:00:00,8.741816,-19.962106430204877,9.595847718588656,10.874207,13.521915435791016
2024-08-17 13:00:00,6.539203000000001,-34.63564203536918,6.155307057339865,7.8927374,8.529369354248047
2024-08-17 14:00:00,7.077887999999999,-31.265325224777733,6.01776747260576,6.467009,6.394588470458984
2024-08-17 15:00:00,10.793861,-26.29184805710851,7.85026842074643,7.866372,4.855030059814453
2024-08-17 16:00:00,13.651919,-7.252824157420818,13.831074561948672,13.140284,7.270072937011719
2024-08-17 17:00:00,13.651919,5.800853036122696,15.907052898112092,14.457575,9.038124084472656
2024-08-17 18:00:00,9.528128,3.2306402303293282,12.316445197800048,13.478864,7.356578826904297
2024-08-17 19:00:00,10.360232000000002,-15.062910898262786,10.56318779130491,10.00752,7.726959228515625
2024-08-17 20:00:00,13.997521000000004,-17.610779259812666,11.481902417445792,11.51384,12.481857299804688
2024-08-17 21:00:00,13.481272,-8.680276564572544,16.913581672428855,16.342676,10.096275329589844
2024-08-17 22:00:00,12.166999999999998,-14.028400707069359,12.5296223640858,13.514862,11.698078155517578
2024-08-17 23:00:00,10.077696,-15.554551254686984,10.641715046122469,10.600162,8.652839660644531
2024-08-18 00:00:00,7.880599,-18.13193485620964,8.283941638723931,8.515432,7.725101470947266
2024-08-18 01:00:00,6.331625000000001,-22.17034980148979,6.107294803657034,6.575178,5.304409027099609
2024-08-18 02:00:00,5.268024,-23.3684044937251,5.242333286720617,5.660903,4.299579620361328
2024-08-18 03:00:00,5.5452330000000005,-28.760094705646537,4.58149814231928,4.7706866,3.5481300354003906
2024-08-18 04:00:00,6.858999999999999,-22.724791610793673,5.991175853466928,5.8862042,2.9472084045410156
2024-08-18 05:00:00,8.489664000000001,-14.664379803328558,8.847384436337482,8.204748,3.7891807556152344
2024-08-18 06:00:00,16.387064000000002,-3.206894375422465,12.771404778622053,11.927407,8.07663345336914
2024-08-18 07:00:00,36.926037,34.39713259528936,30.884040542784142,32.06867,30.183286666870117
2024-08-18 08:00:00,40.353607,76.51485920163323,52.771219262922344,54.3152,39.446929931640625
2024-08-18 09:00:00,41.781923000000006,57.07334212842913,41.778475066609104,46.1367,69.51541137695312
2024-08-18 10:00:00,32.76800000000001,57.16937240432332,41.43244882100073,42.193466,46.928443908691406
2024-08-18 11:00:00,25.153757,37.540565433891544,24.615366706562938,26.396685,24.311891555786133
2024-08-18 12:00:00,20.346417,30.913864827022305,19.86976249231728,20.90849,15.508600234985352
2024-08-18 13:00:00,17.576,20.86243557387668,16.08145658454103,17.019463,17.386690139770508
2024-08-18 14:00:00,12.649337,13.270414235373746,14.81161373699169,15.122783,15.847558975219727
2024-08-18 15:00:00,10.941048000000002,0.04586281454461627,8.759448157317152,8.889751,12.64377212524414
2024-08-18 16:00:00,7.880599,2.7119560162364067,9.635635430292833,9.348209,6.058162689208984
2024-08-18 17:00:00,7.077887999999999,-10.911187103794688,5.621070256426822,6.2537723,3.3305015563964844
2024-08-18 18:00:00,1.953125,-8.141073432418892,6.77634537234994,7.1884604,1.1536674499511719
2024-08-18 19:00:00,1.0612080000000002,-53.83394076311446,1.105123759797613,1.9571843,4.421558380126953
2024-08-18 20:00:00,0.8305839999999999,-61.43256911409515,0.8123252764115049,1.318462,1.0771141052246094
2024-08-18 21:00:00,1.685159,-56.897920457017555,0.8792558388675381,1.2964382,0.9432029724121094
2024-08-18 22:00:00,4.173281000000001,-35.00179773949849,3.2556708590778056,2.9371426,0.24882125854492188
2024-08-18 23:00:00,6.331625000000001,-18.05382718572414,6.42351084127986,6.430089,3.8463211059570312
2024-08-19 00:00:00,7.762391999999999,-16.399320274800708,8.439315420125727,7.838295,8.893665313720703
2024-08-19 01:00:00,8.365426999999997,-2.7523093550365303,9.364129523545785,9.446614,9.436092376708984
2024-08-19 02:00:00,8.869742999999998,-1.0434115917366924,8.621425076980863,9.135813,8.46384048461914
2024-08-19 03:00:00,9.528128,0.631682841316735,9.181980881759753,9.33462,6.657703399658203
2024-08-19 04:00:00,10.218312999999998,2.6765791385833566,10.064644488103793,10.232077,8.111106872558594
2024-08-19 05:00:00,10.793861,8.210718447491352,10.522798864755151,10.467695,9.482498168945312
2024-08-19 06:00:00,15.625,13.207541432996681,14.57410407185546,13.281342,18.740463256835938
2024-08-19 07:00:00,34.965783,36.87567339329833,30.990337979280184,30.501574,27.261615753173828
2024-08-19 08:00:00,46.26827899999999,87.11040981050061,44.95470872522167,49.37239,32.15460205078125
2024-08-19 09:00:00,61.629875000000006,90.32487911890503,58.90560704418885,61.550674,68.25684356689453
2024-08-19 10:00:00,66.92341599999997,105.17634327601522,72.86825063759773,72.580795,63.44044494628906
2024-08-19 11:00:00,68.41792899999999,99.94639930661731,67.72395554968594,67.77008,58.990936279296875
2024-08-19 12:00:00,67.91731200000001,102.92577566356528,61.02910200436714,65.448395,48.23676300048828
2024-08-19 13:00:00,59.319,105.42885453221274,59.601628441216015,65.54473,53.83113098144531
2024-08-19 14:00:00,47.83214699999999,85.07354601175463,47.39391916975134,48.24459,52.53652572631836
2024-08-19 15:00:00,33.076161,72.84952778211849,38.14750624285978,37.988438,28.92333221435547
2024-08-19 16:00:00,18.399744,48.94521645595485,20.544367307649335,18.961296,17.85175895690918
2024-08-19 17:00:00,8.365426999999997,19.567638190613525,10.329485989670049,8.754682,6.634330749511719
2024-08-19 18:00:00,3.442951,-2.6797478141887865,4.570002982909598,5.144746,2.589630126953125
2024-08-19 19:00:00,2.744,-11.759793564964134,2.8933566350784896,2.9870152,1.0374641418457031
2024-08-19 20:00:00,2.6856189999999995,-14.362658360267318,2.5095838046286905,2.6844094,2.080486297607422
2024-08-19 21:00:00,3.241792,-10.561345524548784,2.80821950784545,2.7459373,2.157695770263672
2024-08-19 22:00:00,3.796416,-5.576201662821617,4.819759779083767,4.0867405,2.150970458984375
2024-08-19 23:00:00,4.251528,-6.905759978550094,4.701785638666565,4.545301,3.5182876586914062
2024-08-20 00:00:00,4.492124999999999,-7.783712401276119,4.419943811268442,4.668514,4.324947357177734
2024-08-20 01:00:00,4.330746999999999,-11.877013589692218,4.686347068795106,4.811832,4.967403411865234
2024-08-20 02:00:00,4.173281000000001,-13.455901292790834,4.371090849867859,4.1095657,4.198486328125
2024-08-20 03:00:00,4.251528,-14.072710590144254,3.84420257805178,4.1240435,4.160591125488281
2024-08-20 04:00:00,4.657462999999999,-17.07265695794645,4.246576630323896,4.434405,4.5897216796875
2024-08-20 05:00:00,5.088448,-14.720904963806625,4.781719665141197,4.9163527,4.662437438964844
2024-08-20 06:00:00,8.365426999999997,-12.591575016849852,7.449988127695522,7.5701456,7.4160003662109375
2024-08-20 07:00:00,16.194276999999996,7.503035462491837,18.73622967910886,18.396446,18.538379669189453
2024-08-20 08:00:00,22.188041,28.222565027323245,23.461452417489035,23.81786,20.7226505279541
2024-08-20 09:00:00,25.934336,32.50049788789974,27.869259282811612,26.8072,24.093894958496094
2024-08-20 10:00:00,35.611289,36.03073125125662,25.456471932348823,26.608385,23.08816909790039
2024-08-20 11:00:00,54.87199999999999,55.859846347208624,36.59943442984041,39.108494,20.52254295349121
2024-08-20 12:00:00,71.991296,85.32259200496655,63.6720419266928,66.48519,47.665733337402344
2024-08-20 13:00:00,75.68696700000002,103.99298826364353,81.77297471814822,81.06292,83.81297302246094
2024-08-20 14:00:00,66.92341599999997,99.77843245352793,72.94332277924505,73.17718,77.91697692871094
2024-08-20 15:00:00,55.306341,84.64370973110019,55.794442299915225,54.92868,48.73348617553711
2024-08-20 16:00:00,40.707584,78.41223225581967,41.19449194532171,37.802998,30.3778076171875
2024-08-20 17:00:00,25.934336,57.36579451038311,25.111310074713032,24.10243,13.017826080322266
2024-08-20 18:00:00,12.977875,32.55134492294654,16.337111645391836,15.319745,7.810585021972656
2024-08-20 19:00:00,15.813250999999996,2.7343513681788245,11.649111611257462,12.471332,9.609100341796875
2024-08-20 20:00:00,24.389,27.365590929765744,18.923094027404815,18.165796,9.592761993408203
2024-08-20 21:00:00,28.372625,49.007730391041946,31.56249154606358,28.649092,18.174015045166016
2024-08-20 22:00:00,29.503629,51.32134314883074,31.375357308660487,30.605343,29.165271759033203
2024-08-20 23:00:00,27.543608,53.640102937736856,27.88834943520162,27.935411,27.819250106811523
2024-08-21 00:00:00,26.198073000000004,51.82183741784684,23.672116070907883,23.496462,24.961896896362305
2024-08-21 01:00:00,24.897088,50.99537502389627,23.166760512999254,24.52771,21.173166275024414
2024-08-21 02:00:00,21.484952,41.180925393130096,22.639194653878917,22.327007,21.74211883544922
2024-08-21 03:00:00,20.123648000000003,33.69912391806072,19.373443759551254,18.760319,16.975854873657227
2024-08-21 04:00:00,19.683000000000003,36.42361207503386,18.086479504746446,18.147202,15.761419296264648
2024-08-21 05:00:00,17.576,38.781890240706836,18.780393866841383,19.061075,18.56048011779785
2024-08-21 06:00:00,21.253933,34.083546731299606,31.08176288758194,26.929934,34.8458251953125
2024-08-21 07:00:00,33.698267,47.93580960021961,40.628535811626726,39.41792,51.963687896728516
2024-08-21 08:00:00,51.895117,70.31880686839483,44.05932823313855,47.832428,51.005332946777344
2024-08-21 09:00:00,83.45345300000001,91.64180154938907,63.79951182122741,69.76135,58.56666564941406
2024-08-21 10:00:00,89.91539200000003,126.70064113228747,103.86724371936171,110.14754,86.59780883789062
2024-08-21 11:00:00,87.52838400000002,120.34667268142312,86.86342084872499,88.71119,103.31925964355469
2024-08-21 12:00:00,80.62156800000001,121.8751117112466,81.94592788434464,80.91264,54.103607177734375
2024-08-21 13:00:00,69.934528,110.68493765910318,71.17799949151578,70.276764,69.7110595703125
2024-08-21 14:00:00,57.066625,89.36151488788965,57.069873182768745,58.115265,54.935516357421875
2024-08-21 15:00:00,42.50854900000001,73.46788505164315,45.424019443816334,41.79559,32.40018081665039
2024-08-21 16:00:00,27.818127,63.08101330112437,33.02021116509655,28.868664,22.05908966064453
2024-08-21 17:00:00,14.886936,46.20516936373779,19.47302816884024,18.793074,9.239017486572266
2024-08-21 18:00:00,7.529535999999999,16.57050392558589,9.930521410537567,9.715946,4.959178924560547
2024-08-21 19:00:00,9.800344,-3.71723619742189,6.799845959410215,7.672699,5.902900695800781
2024-08-21 20:00:00,15.252992,21.818814169941742,12.367770073171219,11.341684,5.959613800048828
2024-08-21 21:00:00,25.934336,39.264910727778116,20.136078378441848,19.449217,11.22174072265625
2024-08-21 22:00:00,39.304,65.30728849815253,36.986651832712596,32.534718,18.387489318847656
2024-08-21 23:00:00,46.656000000000006,89.09267916289501,48.66854692207572,46.34101,46.874637603759766
2024-08-22 00:00:00,52.734375,97.52154805125167,48.71195207135739,48.474506,53.7921142578125
2024-08-22 01:00:00,47.83214699999999,107.34893355105586,57.775683200698005,56.40505,51.92485046386719
2024-08-22 02:00:00,44.73887499999999,86.57978745752627,45.33905675450111,43.363136,54.71982955932617
2024-08-22 03:00:00,38.272753,82.04286040017959,40.170815998999565,40.085037,32.387001037597656
2024-08-22 04:00:00,31.855013,73.60383525305107,35.99334377542986,34.52688,33.246978759765625
2024-08-22 05:00:00,25.934336,68.3636537071259,26.927459518368874,28.734474,28.44917869567871
2024-08-22 06:00:00,24.897088,62.18258405323849,38.88027350943966,34.685905,31.978206634521484
2024-08-22 07:00:00,30.664297,63.225731373680134,37.64767746627375,39.7307,43.92351150512695
2024-08-22 08:00:00,38.272753,75.0333532893762,43.76098905929416,44.421074,42.73323059082031
2024-08-22 09:00:00,67.91731200000001,82.9387164418446,45.93230738867488,48.342773,49.982425689697266
2024-08-22 10:00:00,107.850176,134.5922948233923,95.77729747560922,103.36197,59.7427978515625
2024-08-22 11:00:00,128.787625,164.717765591927,141.48722506517672,145.9093,135.0743865966797
2024-08-22 12:00:00,119.095488,162.63577137833684,143.5656239398315,144.62065,160.9836883544922
2024-08-22 13:00:00,101.847563,143.97940576420754,109.47247062224045,110.81997,108.06881713867188
2024-08-22 14:00:00,80.62156800000001,131.18282332575876,83.81761980406277,91.06962,76.18263244628906
2024-08-22 15:00:00,53.15737599999999,103.4216289270089,63.064275311001374,63.787907,45.14680480957031
2024-08-22 16:00:00,27.543608,78.80095766693313,35.71666189296493,35.573853,29.489673614501953
2024-08-22 17:00:00,15.813250999999996,44.36579175090182,16.613803423115442,14.913819,14.27438735961914
2024-08-22 18:00:00,6.434856000000001,34.58483294520907,10.303821565438348,9.961016,6.5624542236328125
2024-08-22 19:00:00,8.998912,3.3636335175179433,6.0917022758801265,7.0302553,7.2137451171875
2024-08-22 20:00:00,15.069223000000004,30.14532491275585,13.607658757286655,12.118214,4.421318054199219
2024-08-22 21:00:00,24.642171000000005,44.36896937913993,21.844993875653305,18.852901,12.2723388671875
2024-08-22 22:00:00,35.28755199999999,62.59981320611463,34.76161758436171,32.13996,18.162208557128906
2024-08-22 23:00:00,45.882712000000005,81.00513111192693,41.9025978385603,44.827816,42.54857635498047
2024-08-23 00:00:00,51.895117,101.16766391620388,49.6882238060674,48.785603,42.64316940307617
2024-08-23 01:00:00,49.430863,108.31072008961448,56.72291470778382,55.67659,59.6712646484375
2024-08-23 02:00:00,43.614208,96.89903372781345,47.66000539535262,47.346073,58.065673828125
2024-08-23 03:00:00,35.28755199999999,88.34046848341367,38.79574724864359,40.27041,41.17583465576172
2024-08-23 04:00:00,24.897088,73.21614864262682,30.096177517440406,30.634476,31.19550895690918
2024-08-23 05:00:00,19.465109,57.89473175525414,19.063072339994385,19.021345,24.82291030883789
2024-08-23 06:00:00,28.094464,55.08548042424762,25.105911594277956,24.204144,17.950244903564453
2024-08-23 07:00:00,44.73887499999999,84.56468326857274,46.47217920243013,47.818665,34.395896911621094
2024-08-23 08:00:00,63.044792,108.30243791694735,56.47048357225399,56.080326,67.24390411376953
2024-08-23 09:00:00,81.74650399999999,130.12677428189363,86.5807910662639,81.88573,81.68309783935547
2024-08-23 10:00:00,88.121125,143.79383501107955,95.39489645789895,102.61926,135.31607055664062
2024-08-23 11:00:00,89.91539200000003,138.27254642823223,88.29664807280459,90.55383,101.57791137695312
2024-08-23 12:00:00,88.121125,134.56048853584588,83.56738459900822,88.87881,63.832984924316406
2024-08-23 13:00:00,78.953589,121.2635935335206,82.12455895658657,79.1851,81.24559020996094
2024-08-23 14:00:00,60.236288,102.07614418059654,69.91615656648925,68.24772,64.73574829101562
2024-08-23 15:00:00,45.118016,80.636138950864,43.9187335379348,42.619293,40.76565933227539
2024-08-23 16:00:00,31.255875,64.92110494344325,32.00573307454645,30.059227,25.31912612915039
2024-08-23 17:00:00,24.389,45.55087907037191,20.07249437677956,19.110369,15.410446166992188
2024-08-23 18:00:00,16.003008,35.91437194886723,19.66412506890407,17.666895,11.048709869384766
2024-08-23 19:00:00,21.253933,13.590602579721264,13.735245211409367,16.99257,22.281681060791016
2024-08-23 20:00:00,29.503629,35.03611711470059,25.715283906598792,26.55525,14.889890670776367
2024-08-23 21:00:00,38.614472,46.58600863565429,34.31013026075668,33.01218,26.2464656829834
2024-08-23 22:00:00,48.627125,61.340166809575535,45.940834932556506,45.072865,35.43876647949219
2024-08-23 23:00:00,54.439939,77.64465751988685,55.08540407933285,53.31552,47.35612869262695
2024-08-24 00:00:00,51.895117,85.46066779886746,54.225668707813846,56.10229,53.649742126464844
2024-08-24 01:00:00,43.98697699999999,80.2978354566637,48.91182138679774,46.062115,57.778324127197266
2024-08-24 02:00:00,35.93699999999999,69.82099973689975,36.93118513905599,37.56901,45.436302185058594
2024-08-24 03:00:00,30.080231,62.52387082416688,29.269281512412114,27.236427,28.760652542114258
2024-08-24 04:00:00,23.887872,59.44040674072839,27.546864652978023,26.059914,27.92110252380371
2024-08-24 05:00:00,18.609625,52.87896935712923,20.03736861467697,18.94749,24.026174545288086
2024-08-24 06:00:00,20.346417,45.988639705238185,22.46726044428507,21.29569,20.534818649291992
2024-08-24 07:00:00,35.611289,54.15183709861161,34.94229014697562,38.113422,35.4518928527832
2024-08-24 08:00:00,53.15737599999999,82.83955690778973,47.73154305519204,50.26011,54.64970397949219
2024-08-24 09:00:00,84.027672,94.84412605605985,62.860114141091145,74.6831,72.9364242553711
2024-08-24 10:00:00,105.82381700000003,137.67142938678148,107.68831845931541,111.35754,93.56675720214844
2024-08-24 11:00:00,117.64900000000004,146.92427074647387,124.85742330878455,130.44344,136.6904296875
2024-08-24 12:00:00,126.50600799999997,155.68675106052737,119.2347625569917,122.36615,120.0184555053711
2024-08-24 13:00:00,131.87222899999998,161.02240082788376,125.64908036102534,131.19968,111.40345001220703
2024-08-24 14:00:00,128.024064,162.71526850971458,131.49561109769135,127.30851,111.93431854248047
2024-08-24 15:00:00,119.82315699999998,154.38543788690916,119.7771598553059,118.291046,93.82717895507812
2024-08-24 16:00:00,93.576664,151.5304424229652,105.09461788575909,97.84398,74.26207733154297
2024-08-24 17:00:00,58.86386900000001,122.26016609476767,68.63354795244231,67.12159,65.94580078125
2024-08-24 18:00:00,55.74296799999999,83.47352470558253,43.54854137929969,42.5038,55.52839660644531
2024-08-24 19:00:00,79.50699999999999,96.60104039049142,55.318494430250105,63.566315,51.789703369140625
2024-08-24 20:00:00,74.618461,129.34380167411211,97.69823967859135,104.02401,76.67185974121094
2024-08-24 21:00:00,69.42653100000001,103.35214918089446,68.65892141798018,68.75278,97.35032653808594
2024-08-24 22:00:00,59.319,100.28308042795211,63.10004623250541,66.61406,63.539886474609375
2024-08-24 23:00:00,56.62310399999999,90.28015754423944,52.23219453339177,49.790634,70.38737487792969
2024-08-25 00:00:00,62.099136,93.46640129724923,52.21974509986246,51.15594,52.712860107421875
2024-08-25 01:00:00,66.43012499999999,101.0330857550608,66.57611918731028,67.72131,62.904544830322266
2024-08-25 02:00:00,71.991296,102.37455036132866,71.81914706706613,73.44176,69.93648529052734
2024-08-25 03:00:00,86.93830699999998,114.19758710605896,73.09703990008893,70.9066,61.97731399536133
2024-08-25 04:00:00,117.64900000000004,136.41387623167847,108.8944726733674,107.00294,84.23764038085938
2024-08-25 05:00:00,138.188413,173.89149788531265,162.00154826001992,154.8226,108.96949768066406
2024-08-25 06:00:00,152.273304,190.6721752911167,174.4179455556088,176.67172,187.96429443359375
2024-08-25 07:00:00,156.59081899999998,201.44392443926998,157.2916531846545,164.7664,231.45660400390625
2024-08-25 08:00:00,179.40614399999995,196.59476208423501,159.8351262212061,156.54353,225.364013671875
2024-08-25 09:00:00,246.491883,207.1756956610222,190.84505637743695,219.64334,251.55369567871094
2024-08-25 10:00:00,290.117528,242.20597386562775,282.7572911981076,312.36957,312.74908447265625
2024-08-25 11:00:00,278.445077,250.78551361496852,344.3299000036262,313.14963,373.49688720703125
2024-08-25 12:00:00,257.25945600000006,237.71540787432465,273.78853219360053,273.4841,318.67437744140625
2024-08-25 13:00:00,218.167208,224.11074126442833,241.65363821708328,240.63109,219.1846466064453
2024-08-25 14:00:00,170.031464,197.47984828428395,185.43388510479525,189.94621,190.71603393554688
2024-08-25 15:00:00,119.095488,177.93264572028798,124.19159823300697,122.58455,160.0880126953125
2024-08-25 16:00:00,69.934528,147.29185271702403,80.92361875010135,77.1835,86.52135467529297
2024-08-25 17:00:00,35.93699999999999,108.31310188566675,43.75783859441881,45.793793,53.40668869018555
2024-08-25 18:00:00,19.248832000000004,72.42936426986853,25.298781581948045,27.92728,39.430233001708984
2024-08-25 19:00:00,19.465109,48.71908798432918,17.156397784759744,20.600275,25.9996280670166
2024-08-25 20:00:00,19.034163,56.72291080461798,18.372934886998973,21.59425,14.698905944824219
2024-08-25 21:00:00,20.123648000000003,48.296990459544695,17.012119781658477,17.84403,26.12778663635254
2024-08-25 22:00:00,21.717639,50.13079711531215,18.99303001691824,20.593187,15.119930267333984
2024-08-25 23:00:00,22.188041,51.222017411980424,25.43640582107383,24.031012,26.860851287841797
2024-08-26 00:00:00,20.123648000000003,48.85723269783604,23.80675985942985,22.606106,22.578529357910156
2024-08-26 01:00:00,17.373979,44.68076808282834,17.352786266600724,18.39072,25.1883487701416
2024-08-26 02:00:00,15.813250999999996,37.11510371551338,15.213373265354369,15.229508,14.080726623535156
2024-08-26 03:00:00,16.194276999999996,34.59034471421272,14.237164538207672,14.650728,17.06039047241211
2024-08-26 04:00:00,17.779580999999997,38.81604473420781,15.794925315958448,16.762583,15.341524124145508
2024-08-26 05:00:00,19.248832000000004,42.90530099968162,19.63516235035563,19.941944,18.74632453918457
2024-08-26 06:00:00,30.371328,46.93995570819729,27.83808801246568,27.42426,27.921693801879883
2024-08-26 07:00:00,58.411072,81.73743340875161,49.32594939512163,55.232952,45.2581901550293
2024-08-26 08:00:00,114.08412499999996,124.93112891280302,90.22941317593991,87.76454,69.42060852050781
2024-08-26 09:00:00,151.41943700000002,178.9564391153326,159.77699236489664,170.70271,140.76229858398438
2024-08-26 10:00:00,131.87222899999998,191.21925251540958,169.51408427608277,182.71632,202.13340759277344
2024-08-26 11:00:00,99.89734399999998,158.533063907382,107.89211790305664,109.69711,166.63095092773438
2024-08-26 12:00:00,73.03463199999999,121.259527471084,69.16996879919294,72.14959,99.69277954101562
2024-08-26 13:00:00,53.582633,98.93793323435304,53.08002295948384,53.11334,68.26707458496094
2024-08-26 14:00:00,41.06362500000001,79.57953484999473,39.319463693565616,41.061375,37.02864074707031
2024-08-26 15:00:00,33.076161,66.47990951303682,29.214269572604675,30.537401,23.919498443603516
2024-08-26 16:00:00,27.270900999999995,55.34950643284905,24.884840259199883,22.81349,15.644744873046875
2024-08-26 17:00:00,20.123648000000003,44.452845550152354,21.270840689586965,19.479527,10.389904022216797
2024-08-26 18:00:00,11.543175999999995,31.182198015785595,13.60201900006893,14.099532,10.367450714111328
2024-08-26 19:00:00,14.706125000000004,10.570710664038543,11.635994423583611,12.463808,11.953926086425781
2024-08-26 20:00:00,22.906303999999995,27.361123174125346,20.248190129287142,17.943497,10.788280487060547
2024-08-26 21:00:00,33.076161,45.651900978342965,28.63266311336854,26.66436,16.648103713989258
2024-08-26 22:00:00,38.272753,64.75280323449988,40.11367991016354,38.621628,30.682525634765625
2024-08-26 23:00:00,38.95821900000001,69.66818558485353,39.778432388923505,39.045086,48.532127380371094
2024-08-27 00:00:00,26.730899000000004,75.12369176670387,38.22412420269317,37.361847,38.1405143737793
2024-08-27 01:00:00,16.777216,43.81286615683116,19.268897710549712,19.709114,39.866966247558594
2024-08-27 02:00:00,11.852351999999996,28.124163768759225,11.186953627115557,11.739241,15.990018844604492
2024-08-27 03:00:00,11.543175999999995,21.943135616045772,9.378316484967428,9.529233,9.487709045410156
2024-08-27 04:00:00,18.609625,28.308066207064684,12.026323625436687,11.80558,10.33419418334961
2024-08-27 05:00:00,25.67237500000001,61.19319617861346,23.925571932105864,21.903988,12.914260864257812
2024-08-27 06:00:00,25.153757,72.80435844212988,40.08999361826358,36.459763,42.30797576904297
2024-08-27 07:00:00,31.554496000000004,63.47985126336556,47.42265569633214,44.743904,73.58496856689453
2024-08-27 08:00:00,34.328125,79.9142767309921,44.89888944857435,46.112267,58.1741943359375
2024-08-27 09:00:00,43.24355099999999,69.45992390151517,38.60515097653587,41.032265,50.55231857299805
2024-08-27 10:00:00,49.027896000000005,76.23537715552303,50.19711251181265,51.493942,35.05729675292969
2024-08-27 11:00:00,44.361864,71.31533171738297,52.351653203944025,50.240948,32.305877685546875
2024-08-27 12:00:00,35.93699999999999,61.58435922719795,39.24327964644783,40.127956,44.56809997558594
2024-08-27 13:00:00,25.412184,54.33071107747578,28.182897125238846,28.159437,28.89095115661621
2024-08-27 14:00:00,16.581374999999998,30.882973573215164,17.080454993124803,17.733768,18.043642044067383
2024-08-27 15:00:00,11.089567,14.072478503865216,10.436018709331838,10.993114,11.884872436523438
2024-08-27 16:00:00,6.858999999999999,11.845537819285944,8.060763489802852,6.664738,6.548931121826172
2024-08-27 17:00:00,5.6397520000000005,-0.5573470692628639,4.7752770007843806,4.380529,2.4390640258789062
2024-08-27 18:00:00,3.581577,1.251227642243471,4.747400105411809,4.9970417,0.5055999755859375
2024-08-27 19:00:00,4.912999999999999,-18.347287153428198,3.3945109607253467,3.796629,2.407012939453125
2024-08-27 20:00:00,6.229504,-14.30079825128999,7.091646187869095,6.377529,2.855297088623047
2024-08-27 21:00:00,7.529535999999999,-14.843195558436648,7.52890232081934,7.519179,7.229728698730469
2024-08-27 22:00:00,8.615124999999997,-8.826820563159828,8.870421440964193,8.954637,6.126121520996094
2024-08-27 23:00:00,9.393930999999998,-2.039125053166991,9.455826260994863,9.662844,8.898571014404297
2024-08-28 00:00:00,9.393930999999998,3.2527209890627162,10.135240817347016,9.933477,8.489185333251953
2024-08-28 01:00:00,8.489664000000001,4.321109348214851,9.727399572276287,9.65107,9.390266418457031
2024-08-28 02:00:00,7.529535999999999,-4.3432715241999205,7.365878255095193,7.6622777,7.422885894775391
2024-08-28 03:00:00,6.434856000000001,-5.802832035083902,6.5360912599480185,6.7345095,5.749794006347656
2024-08-28 04:00:00,5.359375,-8.616260896602867,5.634226103357896,5.6871157,5.9269866943359375
2024-08-28 05:00:00,4.657462999999999,-9.40221995750369,4.779294435151571,4.9763675,5.010337829589844
2024-08-28 06:00:00,3.112136,-8.70730436687866,5.195442080228548,5.0096407,5.889556884765625
2024-08-28 07:00:00,5.832000000000001,-21.065280037442093,7.106944587660005,7.124161,13.765060424804688
2024-08-28 08:00:00,6.229504,-2.186993305185787,9.719065719894905,9.61682,8.856903076171875
2024-08-28 09:00:00,11.390625,-21.24858214721808,6.467884403493359,7.4270678,12.95004653930664
2024-08-28 10:00:00,19.902511,11.062697004618975,16.228682920423477,15.225399,7.933418273925781
2024-08-28 11:00:00,27.543608,33.10115700500338,25.093183410742498,26.03259,16.32147789001465
2024-08-28 12:00:00,33.076161,47.23827649914786,30.42273586496836,31.182447,32.02369689941406
2024-08-28 13:00:00,33.698267,61.052144166370304,33.58051035013037,34.923042,36.486026763916016
2024-08-28 14:00:00,28.934442999999995,53.997159209848945,31.79035375436159,32.66041,37.71755599975586
2024-08-28 15:00:00,18.191447,42.831316443857304,24.55455322268162,23.600204,22.476470947265625
2024-08-28 16:00:00,8.615124999999997,12.931803923933352,12.101379226169941,10.004486,9.629283905029297
2024-08-28 17:00:00,5.832000000000001,-17.098902431634215,5.2937327160586385,4.959831,3.5411529541015625
2024-08-28 18:00:00,2.6280719999999995,-15.038832667978326,5.327696511375719,5.2574744,1.2490921020507812
2024-08-28 19:00:00,2.4603750000000004,-34.72394996888246,1.5421366396781169,2.6208603,2.78680419921875
2024-08-28 20:00:00,2.3526370000000005,-37.492419003647136,2.9872064772504148,2.8588948,2.4324989318847656
2024-08-28 21:00:00,2.0483830000000003,-43.6490449969647,2.8271912255004836,2.482255,3.2222328186035156
2024-08-28 22:00:00,1.906624,-47.82575848845044,1.9319910436028778,2.008273,2.238025665283203
2024-08-28 23:00:00,2.0483830000000003,-46.06422718272838,1.957322810369935,2.125492,2.130786895751953
2024-08-29 00:00:00,2.924207,-44.99728778273802,2.571851868538124,2.3563337,2.259662628173828
2024-08-29 01:00:00,4.410943999999999,-38.26196733466076,4.628793656885433,4.1820817,2.5250396728515625
2024-08-29 02:00:00,6.229504,-25.835184309758375,6.227180039096769,5.8074427,3.0327301025390625
2024-08-29 03:00:00,7.414874999999999,-12.351289263035959,8.511596877121143,7.5950646,5.578952789306641
2024-08-29 04:00:00,7.529535999999999,-8.006781070586086,9.014829745405352,8.925851,7.518222808837891
2024-08-29 05:00:00,8.0,-3.6922346892027917,7.1528626327943154,8.185465,6.864070892333984
2024-08-29 06:00:00,12.977875,3.1063601257652955,8.533125590396567,8.267097,10.01315689086914
2024-08-29 07:00:00,26.730899000000004,29.392375536263337,29.736767377262925,29.740362,23.049816131591797
2024-08-29 08:00:00,34.012224,65.76286583977186,36.91418031294452,38.37126,33.32847595214844
2024-08-29 09:00:00,59.319,65.21624359564274,40.182261340274025,43.176617,55.972007751464844
2024-08-29 10:00:00,109.215352,111.29615180675441,72.59632930128159,73.184,45.6103515625
2024-08-29 11:00:00,148.035889,165.1812662273582,133.96501989464429,131.65248,83.7177505493164
2024-08-29 12:00:00,149.72129099999998,178.7869080460141,170.19411916238772,173.95042,194.65342712402344
2024-08-29 13:00:00,146.36318299999996,168.37489304427126,138.31030441087802,140.32411,177.299560546875
2024-08-29 14:00:00,140.608,169.16363202782102,130.1957958116355,138.61752,127.32788848876953
2024-08-29 15:00:00,122.76347299999998,162.21121817809524,127.23836694139818,124.70519,102.44449615478516
2024-08-29 16:00:00,84.60451899999998,139.61102464940623,83.8762812320126,80.65313,64.21308898925781
2024-08-29 17:00:00,38.95821900000001,116.01181392179856,51.56396223834331,47.341324,36.3090705871582
2024-08-29 18:00:00,11.089567,59.85461808368513,23.7398035112676,24.745935,33.03758239746094
2024-08-29 19:00:00,8.615124999999997,3.571361052664887,11.162041677798635,11.492244,27.10660743713379
2024-08-29 20:00:00,8.242408,17.614934208928183,9.057964380398436,8.712482,17.95013999938965
2024-08-29 21:00:00,8.0,16.522477358290594,7.726613966461395,8.215318,11.396903991699219
2024-08-29 22:00:00,7.762391999999999,14.894285021264144,7.928491642698307,8.168684,12.522151947021484
2024-08-29 23:00:00,7.301384,8.664064714432794,8.29462343278679,8.33551,9.20090103149414
2024-08-30 00:00:00,6.434856000000001,2.1209648376977306,6.930059167098659,7.5435076,10.64913558959961
2024-08-30 01:00:00,7.077887999999999,-0.9564950040632354,5.746824589541819,6.0823736,8.631050109863281
2024-08-30 02:00:00,9.663596999999998,9.330363020770701,8.765594283831767,8.943485,7.998870849609375
2024-08-30 03:00:00,13.312053000000002,14.49692043083721,11.711091978007705,11.687361,10.336463928222656
2024-08-30 04:00:00,16.777216,29.398277276989,16.149664248392003,16.623775,16.67307472229004
2024-08-30 05:00:00,20.570824000000005,42.24708474388959,19.356354441071275,22.446297,19.86496353149414
2024-08-30 06:00:00,41.781923000000006,56.44602599923738,25.445939330591074,26.417604,51.7020378112793
2024-08-30 07:00:00,76.225024,110.97246501580767,69.01013974846227,66.52118,61.05772399902344
2024-08-30 08:00:00,115.501303,138.93480732441557,118.91885981673816,130.593,97.03373718261719
2024-08-30 09:00:00,136.59087500000004,159.58979994947742,151.60532556034804,147.6597,179.6771697998047
2024-08-30 10:00:00,135.79674399999996,172.2389537080546,139.2394564780654,143.70724,135.3679656982422
2024-08-30 11:00:00,154.854153,160.05951574181543,129.86376927439505,130.87932,153.4007568359375
2024-08-30 12:00:00,168.19660799999997,174.50308645285256,160.35190826430434,170.5651,119.52178192138672
2024-08-30 13:00:00,169.112377,173.1751174423311,181.58989194109066,177.8252,201.47952270507812
2024-08-30 14:00:00,166.375,166.08168123025897,159.6478190083709,164.4931,212.25189208984375
2024-08-30 15:00:00,162.771336,156.07976295558447,153.10542204299563,160.20924,133.25033569335938
2024-08-30 16:00:00,124.251499,153.26444913398922,147.03391090493957,140.64973,89.18158721923828
2024-08-30 17:00:00,59.319,122.71669662820415,82.87929820522938,69.33979,57.04908752441406
2024-08-30 18:00:00,20.796875,63.3773211986378,28.478797000410328,29.915813,32.14863586425781
2024-08-30 19:00:00,19.683000000000003,18.268293513546066,18.127089340209594,21.902103,27.868824005126953
2024-08-30 20:00:00,24.137569000000003,48.63721987455758,20.062461624916235,19.741896,22.828266143798828
2024-08-30 21:00:00,35.28755199999999,61.84287681966239,27.99797180056445,27.0972,17.917545318603516
2024-08-30 22:00:00,59.319,83.39049791793973,44.98445354460978,42.43585,31.82128143310547
2024-08-30 23:00:00,82.31287499999998,116.89601965256855,72.87275403861608,74.86014,57.837162017822266
2024-08-31 00:00:00,99.252847,137.12769291146904,101.60645350676175,102.10308,82.26280212402344
2024-08-31 01:00:00,93.576664,154.96231964909,97.54328563203374,103.65386,104.69535064697266
2024-08-31 02:00:00,92.34540799999998,142.22130511545103,83.32061070001615,80.16651,96.00599670410156
2024-08-31 03:00:00,92.34540799999998,140.9333740548479,81.93221026628629,86.78979,64.25868225097656
2024-08-31 04:00:00,97.33599999999998,136.7796026303521,84.14977269860526,88.669586,67.65426635742188
2024-08-31 05:00:00,105.82381700000003,141.2065476550002,105.60700380536487,102.89038,70.44407653808594
2024-08-31 06:00:00,131.87222899999998,150.78922681893155,153.66861233968623,139.73015,89.71958923339844
2024-08-31 07:00:00,186.169411,175.79267456288343,174.56409313392018,153.74501,155.8226318359375
2024-08-31 08:00:00,367.061696,211.2447372448186,263.60471568599036,252.3661,207.89869689941406
2024-08-31 09:00:00,545.338513,305.6270195123335,460.52617540633315,467.195,377.3131103515625
2024-08-31 10:00:00,563.559976,346.3697272692702,629.2543770650868,541.92175,665.9439697265625
2024-08-31 11:00:00,521.6601250000001,333.7854700973812,515.2909053811342,503.26233,676.9959106445312
2024-08-31 12:00:00,474.552,317.4367681924743,477.5172647257576,470.13513,526.1686401367188
2024-08-31 13:00:00,428.661064,301.89953013860674,417.0259064827995,466.42465,474.5087890625
2024-08-31 14:00:00,370.146232,278.95441136317663,370.3863590680614,317.60117,407.85455322265625
2024-08-31 15:00:00,295.408296,254.52661704039534,310.66081035860225,310.14935,302.47802734375
2024-08-31 16:00:00,195.112,230.49179764336898,220.27558424554638,231.5165,195.95594787597656
2024-08-31 17:00:00,104.487111,183.82663159430803,135.92047643712448,118.715385,108.39794158935547
2024-08-31 18:00:00,69.42653100000001,131.88069432378578,61.86588113553464,60.376225,74.82242584228516
2024-08-31 19:00:00,67.41914300000002,122.4223011929447,56.9916854473631,65.06095,56.89488983154297
2024-08-31 20:00:00,54.439939,133.59392974123284,73.31268859375204,71.456276,81.56211853027344
2024-08-31 21:00:00,45.118016,107.71484848971281,46.42219577622538,46.71944,77.10867309570312
2024-08-31 22:00:00,49.027896000000005,94.3454441797906,36.20827805746021,35.325584,55.322021484375
2024-08-31 23:00:00,49.027896000000005,100.3576787119855,52.372814475757835,48.935234,47.79549026489258
2024-09-01 00:00:00,38.272753,93.28732198895504,49.68901950155792,46.213776,65.59923553466797
2024-09-01 01:00:00,40.001688,76.70134323430861,31.43479310668024,31.716562,48.23312759399414
2024-09-01 02:00:00,50.653000000000006,88.87292421687096,40.950564188576664,38.54138,31.780847549438477
2024-09-01 03:00:00,56.181887,106.0169967076261,58.38737762243584,58.946404,41.785682678222656
2024-09-01 04:00:00,63.52119900000001,108.79360458184104,57.444089578511345,66.342026,70.84266662597656
2024-09-01 05:00:00,65.45082700000002,121.51833901856816,76.70051434941996,70.230774,63.09367752075195
2024-09-01 06:00:00,82.88185600000001,122.69488722881596,78.75191199655094,71.23053,83.87272644042969
2024-09-01 07:00:00,129.55421599999997,146.65729177514817,113.57235908721162,113.84444,135.2434844970703
2024-09-01 08:00:00,206.425071,181.06191570535233,201.41864381439873,232.17673,193.38214111328125
2024-09-01 09:00:00,279.726264,217.98155859954636,293.3178841884933,311.2471,343.46710205078125
2024-09-01 10:00:00,327.0827689999999,249.55646368199453,333.231683580251,325.16766,318.523193359375
2024-09-01 11:00:00,379.50342400000005,262.81913032654086,338.5252025571317,365.70035,230.753173828125
2024-09-01 12:00:00,406.869021,281.56029823537705,384.1537457756885,387.13998,325.62335205078125
2024-09-01 13:00:00,384.2405829999999,279.75701400253143,363.84352096273847,444.91788,373.02398681640625
2024-09-01 14:00:00,341.532099,262.3044048404562,325.772511258769,274.77182,309.5533447265625
2024-09-01 15:00:00,314.432,239.8255422240582,284.53237295043635,260.91132,217.82196044921875
2024-09-01 16:00:00,260.917119,232.12937101710145,245.11028536013862,237.36713,151.90640258789062
2024-09-01 17:00:00,175.61599999999996,210.75858963037564,197.50354925844195,186.30557,125.64997100830078
2024-09-01 18:00:00,97.33599999999998,173.55501488163773,121.1838647584568,128.6317,87.23672485351562
2024-09-01 19:00:00,77.30877599999998,124.36877357840436,48.71402471461538,79.30966,76.52320861816406
2024-09-01 20:00:00,69.934528,129.91842865026763,64.3690226126712,74.659676,59.96225357055664
2024-09-01 21:00:00,65.939264,127.62753166896997,69.25358642321629,67.576225,69.98845672607422
2024-09-01 22:00:00,59.319,124.12641407571107,63.002438747679555,58.00876,69.85832214355469
2024-09-01 23:00:00,46.26827899999999,111.67225177544137,51.94178384197766,52.882877,64.72577667236328
2024-09-02 00:00:00,32.461759,89.38982299591234,34.77341234353689,37.23307,49.910858154296875
2024-09-02 01:00:00,21.253933,82.02876657999634,24.401430421333203,26.025394,35.18360137939453
2024-09-02 02:00:00,13.651919,62.90551134232336,15.270839818548989,16.684116,19.680444717407227
2024-09-02 03:00:00,10.793861,48.415552505904614,10.62667176718891,10.688192,14.818473815917969
2024-09-02 04:00:00,9.938375,44.29139207432448,9.45017254047959,10.076913,10.228042602539062
2024-09-02 05:00:00,10.793861,41.63585220272966,9.798190867212918,9.255646,13.2576904296875
2024-09-02 06:00:00,19.034163,45.1042546420563,21.019441489067887,20.467657,18.105106353759766
2024-09-02 07:00:00,46.26827899999999,72.7295340173645,35.81116265561728,38.24629,44.533592224121094
2024-09-02 08:00:00,80.06299099999998,123.21149720318235,63.6639737319512,68.617096,56.377506256103516
2024-09-02 09:00:00,109.215352,144.49064726364855,125.4201260664728,126.38186,122.74418640136719
2024-09-02 10:00:00,122.023936,162.70472124473065,127.18685080778931,127.08768,146.44406127929688
2024-09-02 11:00:00,138.188413,163.42491667738747,126.0437053620352,126.606415,118.74163055419922
2024-09-02 12:00:00,151.41943700000002,174.4453842351884,143.4686044042641,152.77681,128.61212158203125
2024-09-02 13:00:00,153.13037499999996,174.80859334430014,149.86422760175702,159.2732,164.30320739746094
2024-09-02 14:00:00,139.79835900000003,169.1476800186758,136.01623102273,136.8566,136.97369384765625
2024-09-02 15:00:00,117.64900000000004,152.3720091551975,118.30367600699344,118.523445,117.64347076416016
2024-09-02 16:00:00,88.121125,135.80548664461378,91.81729866203625,83.320145,75.08366394042969
2024-09-02 17:00:00,49.836032,111.26760870910633,56.96709713887181,49.11906,31.84176254272461
2024-09-02 18:00:00,24.389,72.71118075378354,31.979419806769535,26.695206,21.357263565063477
2024-09-02 19:00:00,23.639903000000004,38.336749584972374,21.81739585922836,25.229204,15.17928695678711
2024-09-02 20:00:00,20.796875,52.78767007969475,23.031040914951156,23.222992,17.654956817626953
2024-09-02 21:00:00,18.821096000000004,36.787507414769095,17.744532912941263,17.757545,17.356754302978516
2024-09-02 22:00:00,15.438249000000004,33.87548522088108,16.44440460183426,17.637331,11.685508728027344
2024-09-02 23:00:00,10.793861,21.801554339999434,12.460686001884168,12.909567,15.623100280761719
2024-09-03 00:00:00,8.489664000000001,7.093034980684447,8.45572722648697,9.29058,10.590095520019531
2024-09-03 01:00:00,7.077887999999999,10.515296847174952,6.329497724852256,7.2169485,7.184577941894531
2024-09-03 02:00:00,6.028568000000001,5.0801743181278916,6.427046469769287,6.72494,7.909580230712891
2024-09-03 03:00:00,5.088448,3.498705999635181,5.430052309197416,5.481652,6.436309814453125
2024-09-03 04:00:00,4.492124999999999,-1.4071921670953067,4.287980581203083,5.0347123,6.5907440185546875
2024-09-03 05:00:00,4.019679000000001,-2.6026550216149076,4.41417326561983,5.0853963,5.811027526855469
2024-09-03 06:00:00,3.581577,-4.377137969330391,4.426289963207314,4.9910936,7.6187286376953125
2024-09-03 07:00:00,11.239424000000003,-9.43744544840051,7.8499608694496805,8.04646,19.193115234375
2024-09-03 08:00:00,19.902511,32.08457810859399,15.265676097323013,18.768522,13.36446762084961
2024-09-03 09:00:00,28.934442999999995,41.77482781897857,26.48890865073771,28.336718,20.23579978942871
2024-09-03 10:00:00,37.93305599999999,61.22595272567084,36.585363188859326,34.573093,33.55424499511719
2024-09-03 11:00:00,47.045881,71.70890614783485,46.09941198115578,45.44605,36.116146087646484
2024-09-03 12:00:00,55.74296799999999,82.35512496946457,51.63285850031564,52.42615,45.34585189819336
2024-09-03 13:00:00,62.57077300000001,93.39633053533097,61.81405844384048,62.908913,57.03260040283203
2024-09-03 14:00:00,67.91731200000001,90.66114372509827,67.11548218619257,68.25271,60.661041259765625
2024-09-03 15:00:00,71.991296,94.06392224243905,67.8051105591119,65.619675,59.44993591308594
2024-09-03 16:00:00,70.95794399999998,96.03103013346666,69.67595437974265,63.075905,54.078834533691406
2024-09-03 17:00:00,53.15737599999999,95.54226284338213,63.347336110210506,51.314014,37.18953323364258
2024-09-03 18:00:00,27.0,68.77118179483179,35.850297460106965,29.439472,20.692785263061523
2024-09-03 19:00:00,30.371328,25.176105879235436,18.299357653061655,26.928976,15.793773651123047
2024-09-03 20:00:00,33.38624800000001,48.063960956558276,35.78090028423345,31.657627,18.50334930419922
2024-09-03 21:00:00,26.730899000000004,47.230853892207435,32.77287605220752,30.231865,25.591567993164062
2024-09-03 22:00:00,17.373979,29.709884907240934,21.61115784897668,21.335018,24.945255279541016
2024-09-03 23:00:00,11.239424000000003,8.924218930410685,11.981623466337716,12.884876,16.94386863708496
2024-09-04 00:00:00,6.128487000000001,-1.9223082883368718,8.143092003343666,8.105763,8.314292907714844
2024-09-04 01:00:00,3.869893,-18.24131161012918,3.7428653994459236,4.41617,5.829395294189453
2024-09-04 02:00:00,2.299968,-19.45994858237856,2.95680934657301,3.030513,3.069355010986328
2024-09-04 03:00:00,1.4428969999999997,-30.344547088750858,1.8455169888012568,2.1550534,2.4036788940429688
2024-09-04 04:00:00,1.157625,-33.91369815310461,1.1990163907704838,1.6045401,1.055145263671875
2024-09-04 05:00:00,1.191016,-31.6999324309904,1.4435814548648591,1.3729024,0.3917961120605469
2024-09-04 06:00:00,1.2597120000000002,-27.08865404025684,1.511765481119359,1.7512895,0.321014404296875
2024-09-04 07:00:00,4.410943999999999,-29.1182580474364,1.675180046959782,3.1443946,8.176822662353516
2024-09-04 08:00:00,12.166999999999998,-6.922433752828155,11.86717603879101,8.800388,6.254962921142578
2024-09-04 09:00:00,17.173512000000002,22.915836665156185,20.701203284738323,19.529596,8.11907958984375
2024-09-04 10:00:00,21.484952,30.036888577091727,21.894714628245964,22.524963,28.26634407043457
2024-09-04 11:00:00,25.934336,31.481721264909982,25.961016506951097,25.981691,21.603639602661133
2024-09-04 12:00:00,28.094464,47.59473020148178,26.474292461580106,29.226213,26.727563858032227
2024-09-04 13:00:00,29.791000000000004,45.435824000596064,28.98013220490792,29.594193,33.59810256958008
2024-09-04 14:00:00,32.15743200000001,43.92701499840015,29.13301840448729,31.577473,27.356252670288086
2024-09-04 15:00:00,39.304,44.142203045155334,31.79037453221598,32.430214,28.54893684387207
2024-09-04 16:00:00,47.43792800000001,62.67376428647985,39.29381118268171,39.171535,21.730985641479492
2024-09-04 17:00:00,41.06362500000001,77.74674228506291,51.433649942761534,43.86295,28.185894012451172
2024-09-04 18:00:00,21.484952,54.61709885847891,34.082340187098765,28.264812,21.415985107421875
2024-09-04 19:00:00,17.984728,7.592797869021634,23.451808338849716,25.537724,17.596101760864258
2024-09-04 20:00:00,13.312053000000002,9.276377138028685,15.539276114176523,15.6226225,16.716354370117188
2024-09-04 21:00:00,8.242408,-7.382741829990707,9.758749004659975,9.294429,10.584053039550781
2024-09-04 22:00:00,5.177717,-20.866436062331367,5.30615737654058,6.1255207,6.039455413818359
2024-09-04 23:00:00,4.019679000000001,-28.904576398448576,3.671902083087062,4.206734,3.7099151611328125
2024-09-05 00:00:00,2.924207,-32.7044675783139,3.470272322205224,3.6481383,2.6057090759277344
2024-09-05 01:00:00,1.7279999999999998,-35.01892572230481,2.354833635130808,2.8476427,2.294963836669922
2024-09-05 02:00:00,0.7049690000000001,-47.51461647041295,1.2305185947308344,1.7104996,1.6494064331054688
2024-09-05 03:00:00,0.300763,-62.29614152968721,0.5782184475878142,1.0412017,0.2351837158203125
2024-09-05 04:00:00,0.1851929999999999,-61.54292313056191,0.380358251016093,0.6506418,-0.8975868225097656
2024-09-05 05:00:00,0.166375,-58.4742374189235,0.4253993525141196,0.6163421,-1.5855560302734375
2024-09-05 06:00:00,0.125,-59.22578922806897,0.5400245871791366,0.77697337,-1.6882476806640625
2024-09-05 07:00:00,0.0428749999999999,-65.60661133577221,0.5787510281467501,1.4951333,1.3028602600097656
2024-09-05 08:00:00,0.054872,-98.34694645194287,0.4919718163362454,0.9397679,0.45062255859375
2024-09-05 09:00:00,1.4815439999999995,-100.67859539044127,0.790800480090944,0.9549691,-0.8331451416015625
2024-09-05 10:00:00,6.644671999999999,-38.39719938527926,4.863383901656957,3.4349315,-1.1379966735839844
2024-09-05 11:00:00,15.813250999999996,-7.716057054470802,14.81772717677153,12.230158,4.304912567138672
2024-09-05 12:00:00,26.730899000000004,26.613014957267048,24.01148768148906,24.214264,18.708494186401367
2024-09-05 13:00:00,34.64597599999999,58.67366610383421,36.26236143092696,35.7461,37.18882369995117
2024-09-05 14:00:00,36.264691,66.73826604263925,36.010508786185184,41.319263,45.43627166748047
2024-09-05 15:00:00,34.012224,61.521560489756595,35.296306805744585,35.757538,42.572715759277344
2024-09-05 16:00:00,28.934442999999995,55.49977007145639,29.27802691072012,28.738617,19.267614364624023
2024-09-05 17:00:00,24.897088,38.035171726442414,23.94725264321166,19.887451,11.595962524414062
2024-09-05 18:00:00,12.326391,26.797555486315055,20.47538412255256,17.487598,6.916511535644531
2024-09-05 19:00:00,8.365426999999997,-13.126793550122557,11.29817688605093,11.673312,8.869342803955078
2024-09-05 20:00:00,5.832000000000001,-22.986742689428716,7.988625293067639,7.5708494,7.058460235595703
2024-09-05 21:00:00,4.019679000000001,-33.01521937373439,4.6615812309514775,4.503276,4.85931396484375
2024-09-05 22:00:00,3.176523,-38.76090711903566,3.2277217423141447,2.8727663,2.4042091369628906
2024-09-05 23:00:00,3.112136,-40.01956152969961,2.509979414491751,2.7189076,1.6586532592773438
2024-09-06 00:00:00,2.985984,-35.672063833133954,3.4595711419138953,3.157715,1.3691520690917969
2024-09-06 01:00:00,2.4603750000000004,-35.56538074226214,3.401745995899077,3.0599887,1.9394073486328125
2024-09-06 02:00:00,2.000376,-43.39795664116941,2.4401342543371864,2.424239,1.9645042419433594
2024-09-06 03:00:00,1.906624,-47.7648123192124,1.8309423208181288,1.8534229,1.4624977111816406
2024-09-06 04:00:00,2.000376,-44.380587280004626,2.05715065381724,2.165979,1.4242401123046875
2024-09-06 05:00:00,1.815848,-40.618146445333956,2.4758482102510957,2.2310014,1.3621788024902344
2024-09-06 06:00:00,1.906624,-47.20964738714104,1.9040761444921557,2.4094074,3.4831466674804688
2024-09-06 07:00:00,4.173281000000001,-46.78967053576442,3.5410615775059933,4.6760564,8.503536224365234
2024-09-06 08:00:00,7.077887999999999,-31.76790713529727,6.715023379897307,6.5116606,6.692047119140625
2024-09-06 09:00:00,14.526784,-21.15159026129667,9.653487995377116,9.134221,4.508171081542969
2024-09-06 10:00:00,25.153757,19.847755906824048,21.553413201042435,18.820364,11.843093872070312
2024-09-06 11:00:00,29.503629,45.12911645885148,34.070187098741656,31.272331,21.480743408203125
2024-09-06 12:00:00,31.255875,41.97265429920584,30.950089486971834,33.163242,39.79823303222656
2024-09-06 13:00:00,34.012224,45.57083807191266,29.666961565644534,31.90252,35.92131423950195
2024-09-06 14:00:00,38.95821900000001,46.52813884379657,33.390689688735854,33.417065,31.87980842590332
2024-09-06 15:00:00,42.50854900000001,48.185632925045184,39.34223073039981,38.420086,30.209117889404297
2024-09-06 16:00:00,33.076161,61.967801839932065,42.92158276105707,40.25462,28.598403930664062
2024-09-06 17:00:00,21.024576,43.32008486951665,22.758777239706095,21.05592,17.391883850097656
2024-09-06 18:00:00,8.741816,24.055478590546315,12.873125630249968,13.368003,8.696918487548828
2024-09-06 19:00:00,5.5452330000000005,-16.027165664432125,8.60020043505724,9.011658,5.503303527832031
2024-09-06 20:00:00,4.019679000000001,-23.797304478341957,5.668047742183711,5.0551405,5.7234344482421875
2024-09-06 21:00:00,2.8632879999999994,-32.40674066250115,3.3049647067577883,3.2775867,3.5627975463867188
2024-09-06 22:00:00,1.953125,-33.524875389329914,2.212866416565736,2.513159,2.2450027465820312
2024-09-06 23:00:00,1.6016129999999995,-42.25812368109293,1.4746763491044916,1.904761,1.6482658386230469
2024-09-07 00:00:00,1.7279999999999998,-42.76715387130863,2.0270887012231693,2.0538604,0.8339500427246094
2024-09-07 01:00:00,2.5154560000000004,-37.235865694770276,2.1500475663554046,2.376931,0.8744659423828125
2024-09-07 02:00:00,3.581577,-31.918657111176174,3.5870870634846637,3.491631,1.3626556396484375
2024-09-07 03:00:00,5.177717,-22.639523142942785,4.850206740315766,4.6857257,2.7689132690429688
2024-09-07 04:00:00,7.762391999999999,-17.749708696100186,7.109770488055997,6.7132893,5.060466766357422
2024-09-07 05:00:00,10.793861,0.19431064828783562,10.18929058445728,10.208568,7.248081207275391
2024-09-07 06:00:00,19.034163,15.742477431351576,18.99600042061128,14.614677,21.71749496459961
2024-09-07 07:00:00,37.25970399999999,48.90644035710026,34.19921248597077,37.989983,37.59823989868164
2024-09-07 08:00:00,63.52119900000001,82.012448380154,52.202878736747536,53.74782,47.731685638427734
2024-09-07 09:00:00,114.08412499999996,109.93727424651001,88.51586027925323,87.85277,74.31853485107422
2024-09-07 10:00:00,139.79835900000003,162.56497513664036,139.7661042480784,143.6344,153.47520446777344
2024-09-07 11:00:00,138.991832,175.53912856151388,155.0076821329353,152.45845,176.96441650390625
2024-09-07 12:00:00,122.023936,169.7921324154221,131.63822140659985,127.81696,133.5064697265625
2024-09-07 13:00:00,101.847563,146.52717078223165,91.71973557809588,101.63801,132.87689208984375
2024-09-07 14:00:00,77.30877599999998,126.5069400738121,78.93310037559621,82.95794,79.2066421508789
2024-09-07 15:00:00,51.064811,98.87789753873406,52.64903291239064,47.254982,43.06382369995117
2024-09-07 16:00:00,27.270900999999995,75.43301167846559,31.326361638194047,29.351482,24.931976318359375
2024-09-07 17:00:00,13.997521000000004,48.908553844793786,16.61560196042736,14.420636,10.151264190673828
2024-09-07 18:00:00,3.652264,27.670436227015642,9.307876971426047,8.442637,4.484527587890625
2024-09-07 19:00:00,3.581577,-18.557332987754272,3.328187638997639,4.553327,3.194202423095703
2024-09-07 20:00:00,20.346417,1.3138241999040616,4.228015373270599,4.163456,2.0168075561523438
2024-09-07 21:00:00,70.444997,89.36668964003096,47.366638253701566,41.12846,3.859607696533203
2024-09-07 22:00:00,107.171875,163.33001765627327,108.91417383489372,120.76131,75.81387329101562
2024-09-07 23:00:00,106.49642400000002,177.65001450913263,142.14285839373062,130.62518,145.09906005859375
2024-09-08 00:00:00,98.611128,173.02754430384127,102.36022258684949,95.20021,184.1000518798828
2024-09-08 01:00:00,90.51884900000002,170.97251280391825,86.4891335858055,86.07239,89.93168640136719
2024-09-08 02:00:00,71.47337500000002,150.2148387859414,78.35638186934133,75.49103,72.82640075683594
2024-09-08 03:00:00,57.066625,118.08641677415818,58.359146464698114,58.316635,86.027099609375
2024-09-08 04:00:00,46.26827899999999,108.81464911047146,51.16239016638601,47.624496,56.859588623046875
2024-09-08 05:00:00,44.361864,100.89854706794279,38.60254890015926,40.40924,42.44057846069336
2024-09-08 06:00:00,51.895117,107.50280179327535,54.2277463144403,54.137333,47.864112854003906
2024-09-08 07:00:00,76.225024,121.25663103946468,71.57675272154573,80.37623,61.95006561279297
2024-09-08 08:00:00,88.121125,144.51140300209613,105.66260897565247,107.97095,69.34002685546875
2024-09-08 09:00:00,120.55378400000002,139.39761881551962,111.51080477517651,120.45816,144.61981201171875
2024-09-08 10:00:00,172.80869300000003,176.0406024036086,157.89468601278494,154.57314,174.47242736816406
2024-09-08 11:00:00,204.336469,197.64518537549282,192.58111029285502,193.12984,162.9611053466797
2024-09-08 12:00:00,212.776173,201.0026291815634,220.56461501539678,223.29811,296.1578674316406
2024-09-08 13:00:00,223.648543,203.22287189120675,204.82390970501794,197.03474,218.64913940429688
2024-09-08 14:00:00,216.0,208.17635797639943,224.3032709421766,214.86626,176.78961181640625
2024-09-08 15:00:00,170.031464,197.46020653708797,193.1462144164928,206.0461,231.38668823242188
2024-09-08 16:00:00,114.08412499999996,167.00682534563393,125.10858946740973,114.12942,137.11624145507812
2024-09-08 17:00:00,66.92341599999997,133.64313066250065,70.95306552025362,64.62951,63.12485122680664
2024-09-08 18:00:00,50.243409,99.16217240511827,36.523189167570756,39.507957,52.83074951171875
2024-09-08 19:00:00,56.181887,98.95067904265682,41.09261348005357,53.030094,41.89217758178711
2024-09-08 20:00:00,73.03463199999999,113.43667713551702,55.85699825380256,65.79935,59.33494567871094
2024-09-08 21:00:00,116.214272,123.78299608988073,79.20531149330145,79.99484,76.48624420166016
2024-09-08 22:00:00,148.035889,161.2969275073906,141.17127836579266,137.92413,87.04997253417969
2024-09-08 23:00:00,196.122941,176.05349838748526,176.06971415520508,161.173,150.44491577148438
2024-09-09 00:00:00,204.336469,215.48398848617717,214.0104848262643,210.49756,157.46127319335938
2024-09-09 01:00:00,204.336469,218.99084595183857,193.57021007844375,180.79884,209.4060821533203
2024-09-09 02:00:00,190.109375,220.51291511228047,176.70570288382322,173.59421,144.27554321289062
2024-09-09 03:00:00,234.885113,210.39108318711754,172.3502428974525,154.42577,147.20510864257812
2024-09-09 04:00:00,303.46444799999995,247.96308492887232,250.0978815317082,214.58891,122.71778106689453
2024-09-09 05:00:00,356.400829,281.35273735969923,380.9094099749085,352.30814,205.85194396972656
2024-09-09 06:00:00,433.7980930000001,303.3179679063314,402.35974845174167,415.16083,300.3017272949219
2024-09-09 07:00:00,460.099648,337.9362172378474,475.5353385705878,445.65854,372.98895263671875
2024-09-09 08:00:00,500.5661840000001,332.96140508863647,482.98424802634855,411.10468,491.4141845703125
2024-09-09 09:00:00,712.121957,342.83775248980413,450.56898835298614,482.05786,556.9840087890625
2024-09-09 10:00:00,890.2771279999997,407.5761652277606,713.311020192,638.9972,647.8021850585938
2024-09-09 11:00:00,895.8413440000002,428.6127614819954,841.7107750619999,654.07306,807.0082397460938
2024-09-09 12:00:00,833.237621,421.400894527445,857.429935444,551.2919,768.0849609375
2024-09-09 13:00:00,758.5505279999998,406.45041715025815,734.6427261433332,560.50745,613.2835083007812
2024-09-09 14:00:00,731.432701,383.7073248000463,655.5660065906663,565.0356,535.892333984375
2024-09-09 15:00:00,590.5897190000001,384.2987641207009,649.5789485090002,671.72156,483.27294921875
2024-09-09 16:00:00,438.976,341.90884133206225,455.36418146762827,691.0293,463.65325927734375
2024-09-09 17:00:00,348.913664,303.4712635727319,392.0399587098385,339.6558,352.51898193359375
2024-09-09 18:00:00,335.702375,282.9966084338687,305.6419154575443,278.20084,379.96209716796875
2024-09-09 19:00:00,348.913664,289.83805863130965,307.3286494072081,336.46536,380.4605712890625
2024-09-09 20:00:00,371.694959,292.562173580677,323.8585357365164,336.15735,437.3564453125
2024-09-09 21:00:00,440.711081,294.7360268362564,358.5678517519871,411.81784,446.2864990234375
2024-09-09 22:00:00,565.6092829999999,321.1649956616138,495.42197459962154,437.2242,491.53387451171875
2024-09-09 23:00:00,667.6276240000001,365.8847750923326,638.6688185366668,520.17944,608.4183349609375
2024-09-10 00:00:00,763.5519440000002,387.80309929409606,672.063826765333,541.7279,717.9526977539062
2024-09-10 01:00:00,895.8413440000002,407.5594298980722,689.5413612494998,530.96094,720.89013671875
2024-09-10 02:00:00,786.3304670000001,441.67591492913664,877.7901716475,535.2149,631.9547729492188
2024-09-10 03:00:00,642.7356470000002,397.4439437894473,689.7247808599999,513.9585,672.5965576171875
2024-09-10 04:00:00,463.6848240000001,368.4495540632598,593.0338148325002,517.1644,564.8706665039062
2024-09-10 05:00:00,325.660672,323.45550362208604,439.0868393672114,355.95798,512.8134765625
2024-09-10 06:00:00,254.840104,290.85705278977264,293.82815513017897,314.1763,393.545654296875
2024-09-10 07:00:00,278.445077,273.1103122146454,218.6707363085383,226.27086,332.8460693359375
2024-09-10 08:00:00,406.869021,290.25780535981323,304.9379542078047,342.7057,332.45501708984375
2024-09-10 09:00:00,512.0,334.10072190165613,509.66853353175713,439.84665,503.8424072265625
2024-09-10 10:00:00,504.358336,337.7107986592966,609.2024539480035,618.08514,697.6006469726562
2024-09-10 11:00:00,451.217663,320.20554721419404,464.1837650717539,469.59976,527.220703125
2024-09-10 12:00:00,395.446904,309.52757874907707,403.8287136949493,363.8229,377.53338623046875
2024-09-10 13:00:00,335.702375,282.35825676741365,349.7193201159181,321.71976,363.4866943359375
2024-09-10 14:00:00,295.408296,258.3280381843356,291.72713893623126,282.92697,254.08346557617188
2024-09-10 15:00:00,254.840104,240.1955167211462,244.67079789703922,245.73512,196.8719024658203
2024-09-10 16:00:00,198.155287,221.87026667346825,210.95014938104993,204.88004,182.54420471191406
2024-09-10 17:00:00,153.13037499999996,196.8268667785678,153.62731071380836,120.42715,122.37509155273438
2024-09-10 18:00:00,144.703125,182.51408528185948,133.29196137436668,127.829025,93.77113342285156
2024-09-10 19:00:00,139.79835900000003,188.1792681349039,141.10505482064315,152.92244,108.37559509277344
2024-09-10 20:00:00,111.98016800000002,184.381507853106,143.82824333296122,142.1025,151.8811798095703
2024-09-10 21:00:00,94.81881599999996,154.33328885949553,88.72250164782879,84.62414,136.03060913085938
2024-09-10 22:00:00,92.959677,145.65258055222895,78.20187041816412,76.001465,97.85557556152344
2024-09-10 23:00:00,96.702579,146.49001938640563,83.71223108990357,87.6754,88.60078430175781
2024-09-11 00:00:00,82.31287499999998,147.16921654232064,91.23204371961384,94.896034,94.84312438964844
2024-09-11 01:00:00,54.87199999999999,127.89686178980057,70.3001031766192,70.380875,91.24609375
2024-09-11 02:00:00,32.15743200000001,91.14932525413602,40.69932815495024,37.370758,62.73704147338867
2024-09-11 03:00:00,24.137569000000003,68.15638596618331,23.19509125845384,25.551174,35.13747024536133
2024-09-11 04:00:00,17.576,70.03267694007789,20.17007209801591,19.901077,20.033693313598633
2024-09-11 05:00:00,13.312053000000002,61.0395966524379,14.734759707236961,14.61364,19.404033660888672
2024-09-11 06:00:00,11.697083,53.80332706462044,18.894296439737087,15.095991,16.56060791015625
2024-09-11 07:00:00,26.198073000000004,45.533727480746734,23.481202368676122,26.409805,28.203346252441406
2024-09-11 08:00:00,34.012224,81.09535360082245,43.676135167269386,46.496758,29.848899841308594
2024-09-11 09:00:00,41.06362500000001,66.72956266982806,40.960839600882224,42.920246,50.67843246459961
2024-09-11 10:00:00,43.24355099999999,77.22424523669224,44.98686548485518,46.025257,44.51446533203125
2024-09-11 11:00:00,34.012224,73.35201507603594,42.678963082883996,41.543625,43.485477447509766
2024-09-11 12:00:00,22.906303999999995,50.46820239697131,27.936564555985466,26.603601,37.901580810546875
2024-09-11 13:00:00,15.438249000000004,26.97540378014815,14.87195119331217,16.66173,19.88601303100586
2024-09-11 14:00:00,11.239424000000003,11.519836431625187,11.536703092370812,12.793112,11.99423599243164
2024-09-11 15:00:00,9.393930999999998,1.4195002472941916,8.930096473004598,11.141206,7.99176025390625
2024-09-11 16:00:00,8.489664000000001,2.5527730580869843,8.954077047324231,9.30418,6.377922058105469
2024-09-11 17:00:00,13.312053000000002,1.9121360201933335,7.740229226035458,8.656857,4.644916534423828
2024-09-11 18:00:00,9.663596999999998,32.095645842247016,17.387592444062577,15.87107,2.252094268798828
2024-09-11 19:00:00,19.902511,-0.998924916447443,10.2865755974871,11.401742,12.30886459350586
2024-09-11 20:00:00,32.461759,30.774083161261853,23.920285371519626,26.43586,15.044456481933594
2024-09-11 21:00:00,37.25970399999999,56.5938268111313,40.44499468930675,38.545746,23.649681091308594
2024-09-11 22:00:00,33.698267,59.86632849852717,39.07329553938853,36.861282,35.96588897705078
2024-09-11 23:00:00,34.64597599999999,49.19142885777201,28.717813763709664,29.140675,34.20280075073242
2024-09-12 00:00:00,33.076161,57.341678095637576,35.19398302102887,33.19303,20.245349884033203
2024-09-12 01:00:00,38.95821900000001,54.39777418000325,30.865962930415197,29.546267,25.503442764282227
2024-09-12 02:00:00,41.06362500000001,72.19576857805967,39.59420588268281,37.30695,22.88903045654297
2024-09-12 03:00:00,41.06362500000001,76.52830729287712,40.60768905877508,40.001354,26.968608856201172
2024-09-12 04:00:00,38.272753,78.36649698015827,37.95355392198329,39.063988,29.57352638244629
2024-09-12 05:00:00,28.094464,75.94881039060954,35.786275896956354,35.176487,28.074007034301758
2024-09-12 06:00:00,22.906303999999995,55.406618231143234,35.77118410912591,29.890564,32.206790924072266
2024-09-12 07:00:00,31.554496000000004,47.54923887148547,40.383391890939095,36.735497,41.963008880615234
2024-09-12 08:00:00,28.934442999999995,60.6799274544396,40.706608556023355,45.63574,40.7336311340332
2024-09-12 09:00:00,36.926037,33.13580838803399,27.158815806849006,30.184645,41.70491027832031
2024-09-12 10:00:00,45.499293,61.24370136340725,45.57192516890791,45.234097,23.911619186401367
2024-09-12 11:00:00,44.73887499999999,72.29331717851227,47.83099033520935,46.98451,31.14812469482422
2024-09-12 12:00:00,47.83214699999999,69.44007534274037,42.575605034613126,45.26336,48.598575592041016
2024-09-12 13:00:00,44.361864,77.75553386256131,52.531335432753266,51.371723,34.62571716308594
2024-09-12 14:00:00,33.38624800000001,64.67283543532604,39.36665095299894,42.40858,46.59827423095703
2024-09-12 15:00:00,19.248832000000004,42.25525541197371,24.360114341391146,25.435602,27.956371307373047
2024-09-12 16:00:00,16.387064000000002,16.860527586186492,11.028010674965675,11.600869,10.940689086914062
2024-09-12 17:00:00,10.941048000000002,27.234905806489813,11.712944696217466,11.018907,3.4426193237304688
2024-09-12 18:00:00,8.489664000000001,12.647902121208244,7.70964587846418,9.08753,3.0580062866210938
2024-09-12 19:00:00,12.977875,2.132086150468563,8.549673880462299,9.988033,2.687816619873047
2024-09-12 20:00:00,16.974592999999995,13.65104546569792,15.732394588219401,15.666854,13.161827087402344
2024-09-12 21:00:00,18.191447,22.019977291273733,21.29340609378411,20.302004,13.448104858398438
2024-09-12 22:00:00,16.387064000000002,22.240309353948525,19.523270133927145,19.063358,16.0482177734375
2024-09-12 23:00:00,14.172488,15.724207110051037,13.895706254194806,14.14997,15.788089752197266
2024-09-13 00:00:00,13.481272,10.383078496322995,11.580129650693763,12.918828,10.91619873046875
2024-09-13 01:00:00,15.252992,10.096650478003752,12.088055176984485,13.159755,8.743785858154297
2024-09-13 02:00:00,18.609625,16.704579381802617,16.359952568371934,16.469473,10.326290130615234
2024-09-13 03:00:00,21.253933,27.950260981916447,21.177655697995398,19.44546,13.715923309326172
2024-09-13 04:00:00,23.149125,33.82550752185617,24.080480852455057,25.062716,19.05889129638672
2024-09-13 05:00:00,24.137569000000003,40.17573631066679,22.536220484158207,23.95133,19.602128982543945
2024-09-13 06:00:00,31.554496000000004,43.184206388388176,27.459363485399376,27.363087,26.014633178710938
2024-09-13 07:00:00,57.960603000000006,63.28912441118699,50.71036011067482,52.858364,55.56465530395508
2024-09-13 08:00:00,73.03463199999999,110.71076962224316,77.79889254678677,74.07516,64.46907043457031
2024-09-13 09:00:00,148.035889,118.7646345329834,82.28517552358629,90.759285,110.27938079833984
2024-09-13 10:00:00,193.100552,205.67512177530014,198.0063947715336,187.24203,150.51815795898438
2024-09-13 11:00:00,196.122941,208.69602724252306,207.07578574411852,219.71623,240.06390380859375
2024-09-13 12:00:00,183.250432,203.18223529860987,196.02988554221042,188.70818,215.35597229003906
2024-09-13 13:00:00,172.80869300000003,195.00488579101813,179.26284587148973,175.61198,161.24557495117188
2024-09-13 14:00:00,176.55848100000003,188.09395468291785,149.8182082586598,145.5838,125.70179748535156
2024-09-13 15:00:00,168.19660799999997,185.67436749702094,150.43191225654948,158.24202,119.81770324707031
2024-09-13 16:00:00,109.215352,173.83087654764284,136.7402730795842,132.3329,105.91754150390625
2024-09-13 17:00:00,60.236288,115.5876704167926,67.31849894175089,61.68772,76.2554931640625
2024-09-13 18:00:00,43.98697699999999,81.47127425412748,36.33551488443874,37.34807,33.26926803588867
2024-09-13 19:00:00,49.430863,86.68479019599327,44.160226284352184,44.19191,39.61452865600586
2024-09-13 20:00:00,51.478848000000006,107.15835201664561,53.503433354146566,54.47504,35.981658935546875
2024-09-13 21:00:00,51.478848000000006,104.60314644372406,50.84589297524915,50.665043,63.15380859375
2024-09-13 22:00:00,42.875,103.34711285990167,50.546891531993786,49.0733,53.56462097167969
2024-09-13 23:00:00,34.328125,86.02490121968293,34.92961200801662,35.969074,53.757503509521484
2024-09-14 00:00:00,31.554496000000004,77.63039406461476,28.115638905050986,28.468592,31.219181060791016
2024-09-14 01:00:00,29.791000000000004,78.96771534610016,29.857520277591313,29.10693,26.37380027770996
2024-09-14 02:00:00,32.15743200000001,75.31170271589552,27.667832777588877,26.901484,35.14911651611328
2024-09-14 03:00:00,51.478848000000006,83.83494070577825,34.67464933884255,34.826965,28.015993118286133
2024-09-14 04:00:00,90.51884900000002,118.99742998123642,67.61252991534137,66.77606,39.22996520996094
2024-09-14 05:00:00,91.733851,166.68091950364698,127.55228556581767,128.55025,84.963134765625
2024-09-14 06:00:00,96.071912,153.63591505422977,104.04526095807032,101.80516,172.38833618164062
2024-09-14 07:00:00,129.55421599999997,163.81733845758026,109.48057485547886,117.79894,141.26022338867188
2024-09-14 08:00:00,150.56876800000003,190.39485702132177,169.8588664710903,176.26318,130.40853881835938
2024-09-14 09:00:00,195.112,186.0828676402461,161.64496921709508,173.969,254.03720092773438
2024-09-14 10:00:00,234.885113,210.97607693771712,232.60158476386434,238.98164,290.382568359375
2024-09-14 11:00:00,234.885113,225.52687326098774,252.65882253778128,254.60341,258.66351318359375
2024-09-14 12:00:00,232.608375,219.54912341590136,226.71559362918123,232.31937,269.2515869140625
2024-09-14 13:00:00,223.648543,218.09014612413907,225.57733076942893,233.97188,194.3416290283203
2024-09-14 14:00:00,205.37900000000005,203.36567886683193,218.62992616990584,200.8092,181.23748779296875
2024-09-14 15:00:00,171.87961599999997,189.37874609080566,176.66120726940852,186.50206,170.04513549804688
2024-09-14 16:00:00,139.79835900000003,171.5349153830741,132.02865194494075,126.1953,122.6285171508789
2024-09-14 17:00:00,105.82381700000003,155.02454704176287,117.04417675435776,111.693504,88.99559020996094
2024-09-14 18:00:00,80.06299099999998,131.45610257381682,76.91727865408197,76.608864,99.21385192871094
2024-09-14 19:00:00,92.959677,115.4479407633342,62.196813679349674,78.96817,99.7919921875
2024-09-14 20:00:00,111.28464099999997,141.91073329622267,94.74598536195576,104.63675,73.99039459228516
2024-09-14 21:00:00,151.41943700000002,152.77773754096012,112.36603380338401,115.82228,122.19139862060547
2024-09-14 22:00:00,154.854153,186.23519819563393,181.33370546671583,169.55717,146.92788696289062
2024-09-14 23:00:00,163.66732299999998,178.66232441265547,151.3763003044501,143.81667,205.28160095214844
2024-09-15 00:00:00,183.250432,190.76796327352497,164.05684977378235,165.32176,155.67440795898438
2024-09-15 01:00:00,190.109375,199.49528538141234,188.92970435306307,193.1062,190.90078735351562
2024-09-15 02:00:00,202.262003,195.68557517384664,186.93294135254249,177.8112,225.62538146972656
2024-09-15 03:00:00,230.346397,204.33842771542876,202.10104020649197,200.6034,197.68927001953125
2024-09-15 04:00:00,264.609288,224.52860829131566,240.24660398989147,241.73808,209.0116424560547
2024-09-15 05:00:00,304.82121700000005,240.8864429628951,293.11020820458106,279.07294,281.39483642578125
2024-09-15 06:00:00,365.525875,263.06872015791896,356.8401583269959,337.98566,315.87939453125
2024-09-15 07:00:00,403.583419,291.8661500773861,414.57385751161564,441.58176,388.65948486328125
2024-09-15 08:00:00,405.2240000000001,297.401223841083,390.3627444194582,459.60562,479.32470703125
2024-09-15 09:00:00,432.0812159999999,289.5666217899002,371.9126608253788,459.96417,507.11773681640625
2024-09-15 10:00:00,649.461896,300.5052666295452,434.41879053802535,420.5438,506.874267578125
2024-09-15 11:00:00,719.3231360000002,383.30373162785577,766.8480880433333,736.6222,521.4308471679688
2024-09-15 12:00:00,741.2176250000002,376.00274549628284,723.4597776682859,737.92206,659.1083374023438
2024-09-15 13:00:00,743.6774160000001,377.9443118863417,680.8480082982857,725.3654,517.4009399414062
2024-09-15 14:00:00,724.1507920000001,378.10795037882747,653.7922100316665,653.3987,497.7596435546875
2024-09-15 15:00:00,656.2349089999999,369.7220588547854,647.1410658233333,691.66724,442.698974609375
2024-09-15 16:00:00,515.8496079999999,348.5586981369883,604.2914682116669,655.5714,383.06329345703125
2024-09-15 17:00:00,430.368875,311.05458753774866,427.1202110242542,419.06586,298.273681640625
2024-09-15 18:00:00,410.172407,298.364140079806,335.37929310013993,266.15305,241.44212341308594
2024-09-15 19:00:00,426.957777,296.9406313443835,376.19549106928645,375.3444,440.6524658203125
2024-09-15 20:00:00,430.368875,303.2586482393214,408.49191642532315,383.9788,406.33343505859375
2024-09-15 21:00:00,413.493625,298.3867749173552,425.70504262480137,435.76297,377.221923828125
2024-09-15 22:00:00,368.601813,290.0173374698619,385.21404815981623,430.56528,440.4913330078125
2024-09-15 23:00:00,347.42892700000004,272.38299319504,327.384717015113,358.96442,454.31317138671875
2024-09-16 00:00:00,353.39324300000004,273.99702987683537,308.1120715035099,297.11642,396.9468994140625
2024-09-16 01:00:00,308.915776,288.18926179399756,332.31779263182864,308.17624,352.5662841796875
2024-09-16 02:00:00,286.191179,261.9601090956505,277.50683216475636,275.43176,358.1666259765625
2024-09-16 03:00:00,242.970624,261.4613094085438,264.5533596415457,268.75903,328.4150390625
2024-09-16 04:00:00,203.297472,238.031954653909,216.0720062566636,217.49664,313.10675048828125
2024-09-16 05:00:00,200.20162499999995,227.59141362502564,179.47203491838107,206.85635,279.6432800292969
2024-09-16 06:00:00,213.84719200000004,236.3926311289648,198.43773229731804,194.26216,230.24949645996094
2024-09-16 07:00:00,253.636137,240.79441979353174,217.51767436054624,249.63171,325.456787109375
2024-09-16 08:00:00,343.0,257.6398673498888,295.43058229496205,318.3655,364.010986328125
2024-09-16 09:00:00,456.533,293.3536822023545,441.3888057382999,417.05234,485.80755615234375
2024-09-16 10:00:00,456.533,331.5643608180172,523.3486214266937,519.5758,655.5733642578125
2024-09-16 11:00:00,418.5089920000001,305.0997284580283,417.6349190548451,395.31625,629.5740966796875
2024-09-16 12:00:00,371.694959,283.20471940461374,369.8046920570533,388.7987,438.4703369140625
2024-09-16 13:00:00,291.434247,269.60342192560387,310.24263360029033,306.83752,392.6650390625
2024-09-16 14:00:00,230.346397,231.27963047283188,237.615324357633,217.57898,299.07830810546875
2024-09-16 15:00:00,164.56659200000004,208.29931894440733,180.85487423245667,171.88504,150.52862548828125
2024-09-16 16:00:00,88.121125,175.97341053107698,120.19561530976212,115.310074,118.5289306640625
2024-09-16 17:00:00,57.066625,127.49643581564544,50.39270492079564,44.9652,73.82984161376953
2024-09-16 18:00:00,62.099136,111.26202145417494,43.86611287005244,43.23315,37.78175735473633
2024-09-16 19:00:00,84.60451899999998,130.47295656312727,72.34911516099447,78.05664,58.67857360839844
2024-09-16 20:00:00,91.733851,152.3743701071079,98.96602740210108,98.81842,82.55194091796875
2024-09-16 21:00:00,83.45345300000001,146.19204348649123,87.8885854326361,85.72108,81.15423583984375
2024-09-16 22:00:00,72.511713,130.67618972463598,71.68484536825753,68.56672,85.54023742675781
2024-09-16 23:00:00,62.57077300000001,122.06336164172541,58.25393394475881,57.515903,73.0377197265625
2024-09-17 00:00:00,57.066625,113.17395313114977,54.05140889079627,53.882267,53.324153900146484
2024-09-17 01:00:00,48.627125,106.79289833916673,53.94702658594496,53.887783,57.38072204589844
2024-09-17 02:00:00,36.926037,93.87713674473756,45.9760646041249,41.458954,56.718082427978516
2024-09-17 03:00:00,33.076161,73.44114177850892,32.87768253154954,29.778294,43.5890998840332
2024-09-17 04:00:00,33.38624800000001,75.7956015850421,28.95073193972503,30.705877,25.85582160949707
2024-09-17 05:00:00,34.012224,81.29393834254523,34.538711031603135,34.70358,35.814544677734375
2024-09-17 06:00:00,38.614472,83.17328205459843,41.745991188607235,41.19698,46.42850875854492
2024-09-17 07:00:00,62.57077300000001,91.18745945521755,67.2653036455572,66.24975,68.18440246582031
2024-09-17 08:00:00,91.733851,130.27665779379748,95.8342306081266,88.29126,85.96257019042969
2024-09-17 09:00:00,110.59199999999998,148.52994012948378,123.92463839055294,137.19034,136.385986328125
2024-09-17 10:00:00,100.54462500000002,145.68186250805394,124.83183236594299,123.88532,170.419677734375
2024-09-17 11:00:00,89.31462299999998,126.17446029226753,83.46183006572359,83.708435,88.07688903808594
2024-09-17 12:00:00,77.85448299999997,116.84806571284744,81.14924585222968,75.00935,61.30242156982422
2024-09-17 13:00:00,69.934528,106.09068757548042,65.19910775907098,69.94263,68.84937286376953
2024-09-17 14:00:00,66.92341599999997,96.19833417570942,62.05466575255266,64.796265,43.20454025268555
2024-09-17 15:00:00,62.57077300000001,93.10739652261961,58.2837512122177,61.774796,51.395145416259766
2024-09-17 16:00:00,49.430863,94.49577533608863,54.07953574724634,49.69621,48.557579040527344
2024-09-17 17:00:00,35.28755199999999,77.10728299935249,37.6941027616468,34.144085,21.846616744995117
2024-09-17 18:00:00,17.173512000000002,56.38757776322582,26.653664010570782,25.146366,17.44448471069336
2024-09-17 19:00:00,20.123648000000003,12.85288502017466,13.047956109026922,16.552652,20.911954879760742
2024-09-17 20:00:00,23.639903000000004,33.519324538001094,21.94576736109126,22.371103,12.437305450439453
2024-09-17 21:00:00,22.425767999999994,32.64852020600547,26.304985028630377,24.032833,17.4473819732666
2024-09-17 22:00:00,17.984728,31.801989318926893,20.45782313310941,20.944279,19.91273307800293
2024-09-17 23:00:00,13.481272,17.146759396071822,14.98158854709981,15.544563,20.03688621520996
2024-09-18 00:00:00,9.663596999999998,8.157781007286104,10.522411033753778,11.431405,11.850761413574219
2024-09-18 01:00:00,7.414874999999999,-1.2200960920713229,7.29911760387644,7.6383386,10.07107162475586
2024-09-18 02:00:00,6.331625000000001,-6.595984728543044,5.6972282410356305,6.1009107,6.59942626953125
2024-09-18 03:00:00,5.6397520000000005,-7.0755541997057065,5.557910094929534,5.781697,5.668697357177734
2024-09-18 04:00:00,5.177717,-11.172187886058097,5.237407830810757,5.280892,6.154521942138672
2024-09-18 05:00:00,4.492124999999999,-8.149624540783975,4.702262791374928,5.062772,5.754791259765625
2024-09-18 06:00:00,3.723875000000001,-12.164283634119215,5.020522472794102,4.2401175,6.442722320556641
2024-09-18 07:00:00,6.644671999999999,-16.10639346720611,8.00175139700125,8.686797,14.897272109985352
2024-09-18 08:00:00,7.414874999999999,-1.7905816221186086,10.649184621489747,10.66029,12.375595092773438
2024-09-18 09:00:00,8.0,-16.053862493513584,8.468862721487081,7.431526,12.71771240234375
2024-09-18 10:00:00,11.852351999999996,-9.811568705594873,8.655131668642975,8.537445,9.245742797851562
2024-09-18 11:00:00,19.034163,-0.9420420242462271,14.925283320973593,14.761841,7.778591156005859
2024-09-18 12:00:00,26.198073000000004,25.664361214919268,23.789671622219366,23.72061,17.267467498779297
2024-09-18 13:00:00,32.76800000000001,45.83071028848009,29.840865539746584,32.83362,30.22537612915039
2024-09-18 14:00:00,38.95821900000001,57.610994252000765,34.35718002485929,34.979927,33.423744201660156
2024-09-18 15:00:00,40.001688,64.34716535146055,40.208107502941054,37.6495,33.83488845825195
2024-09-18 16:00:00,30.664297,61.71289297399342,37.37461177805602,31.835817,27.206298828125
2024-09-18 17:00:00,17.576,40.20513284901867,22.37103137919363,18.294668,16.176036834716797
2024-09-18 18:00:00,7.645372999999999,7.442101646779079,11.236475297090895,10.089984,6.513481140136719
2024-09-18 19:00:00,6.028568000000001,-19.83254480060249,7.959563421526833,8.007967,4.613353729248047
2024-09-18 20:00:00,5.177717,-25.51156339674784,5.895210362250307,6.139056,6.043605804443359
2024-09-18 21:00:00,4.096000000000001,-31.00407942954869,4.3243180315486915,4.5232162,4.170158386230469
2024-09-18 22:00:00,3.176523,-35.69622493544386,3.5023769432246623,3.7557776,3.3953170776367188
2024-09-18 23:00:00,2.299968,-42.84864257799419,2.506475374615002,3.0380497,2.6381568908691406
2024-09-19 00:00:00,1.2950290000000002,-49.47500627721036,2.1991056543414738,2.3201709,2.2443466186523438
2024-09-19 01:00:00,0.493039,-58.76435048013854,1.0348816392736344,1.4034678,1.2940101623535156
2024-09-19 02:00:00,0.064,-70.66396212018907,0.4671135182515752,0.8871808,0.0241241455078125
2024-09-19 03:00:00,0.002744,-88.7441609698619,0.2951028097494046,0.76350576,-0.9544906616210938
2024-09-19 04:00:00,0.274625,-91.73697541230064,0.3093108334208653,0.6053751,-1.9901580810546875
2024-09-19 05:00:00,1.157625,-46.39749388631234,1.329892886773362,0.67666095,-2.4693832397460938
2024-09-19 06:00:00,2.1466890000000003,-37.76719236929069,2.503938403570763,1.7250398,0.4998970031738281
2024-09-19 07:00:00,5.268024,-31.878122534582005,4.775380674565154,5.42104,9.751827239990234
2024-09-19 08:00:00,5.6397520000000005,-12.096104344713147,9.367418711940967,8.324058,9.605224609375
2024-09-19 09:00:00,7.414874999999999,-32.77115583846345,6.377887145216561,6.227443,8.897148132324219
2024-09-19 10:00:00,8.365426999999997,-11.40452853566567,9.03155429898465,9.193346,7.18853759765625
2024-09-19 11:00:00,9.129328999999998,-23.207410420167037,8.634472699832308,8.955864,7.833507537841797
2024-09-19 12:00:00,9.129328999999998,-19.85289054440075,9.455220552011856,10.018144,6.057102203369141
2024-09-19 13:00:00,8.120600999999997,-14.59321463272434,9.473263528042215,10.143029,9.68093490600586
2024-09-19 14:00:00,6.644671999999999,-21.749817541976093,7.501791238121106,7.847716,7.527576446533203
2024-09-19 15:00:00,5.832000000000001,-32.53474438244904,6.123934718692696,6.064958,5.941215515136719
2024-09-19 16:00:00,4.826809,-34.22668391167607,5.129063614946931,4.364033,3.162200927734375
2024-09-19 17:00:00,5.088448,-39.877165397171076,4.05568719472746,3.5494516,2.100067138671875
2024-09-19 18:00:00,1.953125,-27.094294871134707,5.539065876333629,4.9597354,1.1962738037109375
2024-09-19 19:00:00,1.2950290000000002,-52.51634549041072,1.2538333652386608,2.3272462,1.6459999084472656
2024-09-19 20:00:00,1.092727,-65.7033641002185,1.3286891622591943,1.3550094,2.5249099731445312
2024-09-19 21:00:00,1.0612080000000002,-50.78374113774324,1.363868473819882,1.2142229,0.7474784851074219
2024-09-19 22:00:00,0.912673,-44.74894304910004,1.3307124623922215,1.2841539,-0.10120391845703125
2024-09-19 23:00:00,1.0,-52.46560369318964,0.9188728949898284,1.1381431,0.3243980407714844
2024-09-20 00:00:00,1.3310000000000004,-51.46213039624087,1.42084557327415,1.4872549,0.4013862609863281
2024-09-20 01:00:00,1.7279999999999998,-48.12886538290406,1.9954763573519272,1.834071,0.5970573425292969
2024-09-20 02:00:00,2.248091,-46.8747546904121,2.3031837558092847,2.2884498,0.7113075256347656
2024-09-20 03:00:00,2.924207,-39.85133882613332,2.9646027181069865,2.6301708,1.588104248046875
2024-09-20 04:00:00,3.723875000000001,-33.417661597320155,4.189804267698958,3.9836354,2.135883331298828
2024-09-20 05:00:00,4.657462999999999,-28.508816965575953,4.596253181451726,4.4513617,2.5287551879882812
2024-09-20 06:00:00,5.735339000000001,-23.900860316506744,5.860168912121834,5.437014,3.0661392211914062
2024-09-20 07:00:00,20.123648000000003,-18.28137973923905,13.167620140822144,12.533822,12.08951187133789
2024-09-20 08:00:00,17.779580999999997,42.839573267018736,22.37096478799951,24.443268,12.203605651855469
2024-09-20 09:00:00,18.821096000000004,-1.3776295177190505,17.364661297976443,16.30634,13.481571197509766
2024-09-20 10:00:00,16.003008,14.118674820561782,18.821170371524214,18.54762,13.91640853881836
2024-09-20 11:00:00,10.218312999999998,3.2545760343573242,12.670489651033135,12.640433,15.79275131225586
2024-09-20 12:00:00,6.028568000000001,-16.505788632576902,7.339343243618898,7.6256146,8.39706039428711
2024-09-20 13:00:00,3.375,-46.1110950874426,3.7197505141811638,4.6979613,6.7138824462890625
2024-09-20 14:00:00,2.299968,-57.275088185093985,1.991384316046496,2.7412226,3.158435821533203
2024-09-20 15:00:00,3.112136,-56.06820310136589,2.0259455397340798,2.185287,1.1868629455566406
2024-09-20 16:00:00,3.307949,-40.75424325908079,4.279802004064624,4.0462847,0.6092262268066406
2024-09-20 17:00:00,5.929741000000001,-41.047016297331375,4.114868472807905,3.2092414,2.13934326171875
2024-09-20 18:00:00,3.5118080000000003,-15.43489410161299,8.931319028969282,8.081353,0.9015274047851562
2024-09-20 19:00:00,3.869893,-36.40361716510473,3.729390118538043,4.2590427,3.8181915283203125
2024-09-20 20:00:00,3.723875000000001,-43.205504212086275,4.787872192262651,5.0323987,5.801959991455078
2024-09-20 21:00:00,3.241792,-33.988721370787594,3.8222156119275894,3.4523292,4.6345062255859375
2024-09-20 22:00:00,2.6856189999999995,-37.96906264090416,3.1048148434126226,3.1369739,2.1447830200195312
2024-09-20 23:00:00,2.000376,-42.45356323755656,2.4180498476749563,2.4808042,1.6373176574707031
2024-09-21 00:00:00,1.0612080000000002,-55.10022325657844,1.7088851893470798,1.7173276,1.8937301635742188
2024-09-21 01:00:00,0.3732479999999999,-62.76204067527737,0.7374053621777789,1.0334568,0.5882759094238281
2024-09-21 02:00:00,0.157464,-75.84390503222619,0.37583133193124035,0.5244906,-0.37830352783203125
2024-09-21 03:00:00,0.7535710000000001,-73.6747719800432,0.32450065409729456,0.52145505,-1.3499374389648438
2024-09-21 04:00:00,2.8632879999999994,-42.061892436774095,2.265506782251761,1.5887856,-1.4264373779296875
2024-09-21 05:00:00,5.088448,-23.363144970199343,5.836176083090528,4.963533,0.3619956970214844
2024-09-21 06:00:00,8.242408,-21.461054916344985,8.33908006650039,7.238333,5.5489501953125
2024-09-21 07:00:00,30.664297,-4.065238241959094,18.15673620748147,16.442692,18.63899040222168
2024-09-21 08:00:00,30.959144,75.57027705970532,41.10024758908997,45.417103,18.336196899414062
2024-09-21 09:00:00,38.614472,47.02081887818019,34.56473690951616,35.875805,37.61418914794922
2024-09-21 10:00:00,57.51245599999999,65.89679755484664,40.0132072296441,41.76322,43.10595703125
2024-09-21 11:00:00,66.92341599999997,93.37270197927165,66.58669234849911,68.24961,32.6849479675293
2024-09-21 12:00:00,66.92341599999997,98.46825851002956,70.3360848737988,72.96674,42.325531005859375
2024-09-21 13:00:00,63.044792,88.39825985088706,61.957079878765,66.04128,64.24491882324219
2024-09-21 14:00:00,64.96480799999998,86.7487540028128,55.656783245281176,56.83764,54.60496520996094
2024-09-21 15:00:00,59.77647100000001,91.30511581474786,61.24297393984384,62.02109,51.255680084228516
2024-09-21 16:00:00,48.22854400000001,78.34372347677655,46.46140229940731,45.093315,59.740196228027344
2024-09-21 17:00:00,21.951999999999995,58.708227286847304,36.5399153922183,30.99928,28.873748779296875
2024-09-21 18:00:00,9.528128,1.1486815239567072,12.911250872700828,12.412211,15.863323211669922
2024-09-21 19:00:00,7.645372999999999,-17.725434615718747,8.637721804642169,8.27155,6.912784576416016
2024-09-21 20:00:00,6.128487000000001,-3.4589619610229505,7.474331795691048,7.0495405,6.096519470214844
2024-09-21 21:00:00,4.492124999999999,-9.056133397576204,5.349836198776362,5.121582,4.0389862060546875
2024-09-21 22:00:00,3.176523,-16.47943184217369,3.6341073542024445,3.7502992,4.007083892822266
2024-09-21 23:00:00,2.3526370000000005,-28.213253175062285,2.4266394167847904,2.7350385,2.7204360961914062
2024-09-22 00:00:00,1.860867,-32.46865412680644,2.2712691356249266,2.2650137,1.9158782958984375
2024-09-22 01:00:00,1.953125,-29.930645610695017,1.747520769326012,2.1435204,1.7448768615722656
2024-09-22 02:00:00,2.985984,-28.265707782346844,2.457249970119901,2.3303087,2.033721923828125
2024-09-22 03:00:00,4.330746999999999,-14.442991602190453,4.710296220316952,4.583802,2.6229286193847656
2024-09-22 04:00:00,5.929741000000001,-10.46613367070703,6.630624607825651,5.9223876,6.993995666503906
2024-09-22 05:00:00,7.529535999999999,-4.587051596817652,7.98069950471058,7.6156893,9.746589660644531
2024-09-22 06:00:00,9.261,3.2958424664020995,10.087122944267461,10.469423,17.713897705078125
2024-09-22 07:00:00,24.642171000000005,10.41583345496624,23.517997970796195,22.237637,34.50959777832031
2024-09-22 08:00:00,21.253933,63.57619126881272,37.053156823687864,38.785625,31.13869857788086
2024-09-22 09:00:00,15.069223000000004,23.92323467864793,20.985844711384715,22.26316,45.31468200683594
2024-09-22 10:00:00,12.977875,3.7644656049811545,11.344817062453355,11.761934,33.38489532470703
2024-09-22 11:00:00,17.373979,-6.652056068840714,10.958587420806085,10.580207,12.475299835205078
2024-09-22 12:00:00,23.149125,18.778183156365742,21.02409878541288,20.350054,8.375308990478516
2024-09-22 13:00:00,25.153757,23.38533291539324,27.50707205234799,27.431429,26.124624252319336
2024-09-22 14:00:00,21.717639,24.95936274544064,24.871540737388596,25.851992,25.986135482788086
2024-09-22 15:00:00,17.373979,8.548917190097558,18.78892037051844,18.236046,21.18421745300293
2024-09-22 16:00:00,11.697083,3.4552967139473587,13.280781114102759,11.800913,12.100822448730469
2024-09-22 17:00:00,8.365426999999997,-16.33421399855161,8.027161738506686,5.842875,6.867870330810547
2024-09-22 18:00:00,3.652264,-10.65179980802084,5.185557394302954,6.768044,2.5797157287597656
2024-09-22 19:00:00,2.744,-40.75705171921651,3.5966851536447586,3.5941231,3.18359375
2024-09-22 20:00:00,1.5208749999999998,-40.624749306319195,2.315016872232956,2.5373485,1.9940376281738281
2024-09-22 21:00:00,0.3732479999999999,-56.31552866581185,1.2946734093464554,1.5038067,1.1417655944824219
2024-09-22 22:00:00,0.035937,-69.64117345339832,0.3769232034905307,0.52978057,-0.3158149719238281
2024-09-22 23:00:00,0.5717869999999999,-74.57884863305557,0.25201679591011766,0.53164405,-1.2678031921386719
2024-09-23 00:00:00,2.5154560000000004,-23.746691787346585,1.8152491487086817,0.91818696,-1.6244277954101562
2024-09-23 01:00:00,4.251528,1.2550234937505174,6.0685620855256595,5.5095897,3.6953582763671875
2024-09-23 02:00:00,5.088448,-7.247609578330973,5.679649457309393,5.843667,6.128334045410156
2024-09-23 03:00:00,6.539203000000001,-1.3357687311972057,5.839983791971042,5.661359,8.001441955566406
2024-09-23 04:00:00,10.218312999999998,4.4984799860448526,7.881357073754847,7.4662924,6.628711700439453
2024-09-23 05:00:00,16.581374999999998,25.098742130239145,13.020218902704325,12.119239,7.032794952392578
2024-09-23 06:00:00,24.389,48.07996031995876,21.476694944874065,20.144598,16.06832504272461
2024-09-23 07:00:00,49.027896000000005,67.27051310720654,51.96675137769061,46.08862,43.83107376098633
2024-09-23 08:00:00,33.076161,109.04414249797105,59.201033009452516,62.563755,48.703636169433594
2024-09-23 09:00:00,28.372625,44.92459928673047,26.744188651706335,31.110811,65.41377258300781
2024-09-23 10:00:00,27.543608,42.826168244367096,28.54529921739215,27.236223,36.48106384277344
2024-09-23 11:00:00,23.393656,38.47350269426524,24.74805442370604,25.058784,14.43830680847168
2024-09-23 12:00:00,20.346417,39.119044954042124,18.595853975890815,19.666786,20.409385681152344
2024-09-23 13:00:00,21.717639,25.41832215529852,16.33967059090241,17.212328,17.267742156982422
2024-09-23 14:00:00,25.412184,27.097108845719802,23.281989707868657,21.995195,17.956886291503906
2024-09-23 15:00:00,34.012224,42.387853808633906,24.72253958082935,25.064398,16.785411834716797
2024-09-23 16:00:00,54.87199999999999,74.58766337047072,35.947496500686654,33.783367,15.496479034423828
2024-09-23 17:00:00,55.74296799999999,105.34955090794259,62.55801276797348,60.7542,21.527610778808594
2024-09-23 18:00:00,38.614472,83.43292315368868,50.47661048776462,53.455383,93.47419738769531
2024-09-23 19:00:00,16.777216,47.80941014552222,38.70716566740245,41.119392,74.12487030029297
2024-09-23 20:00:00,5.929741000000001,6.959607918071146,9.784006122998088,9.851075,30.45902442932129
2024-09-23 21:00:00,3.5118080000000003,-18.525164596937643,3.367164489182461,3.6202803,9.349010467529297
2024-09-23 22:00:00,4.574296,-15.721604852456814,2.531511008628465,2.2701943,4.929454803466797
2024-09-23 23:00:00,9.528128,4.6310162260999945,6.1390105231523115,6.379629,4.295440673828125
2024-09-24 00:00:00,17.984728,26.9781747811897,13.875927130315645,12.658056,8.447734832763672
2024-09-24 01:00:00,30.371328,46.271351577419345,27.180525617822692,24.804508,24.961294174194336
2024-09-24 02:00:00,43.614208,67.75404051657429,43.39579941680179,40.751186,34.72743225097656
2024-09-24 03:00:00,55.74296799999999,95.54823809684913,53.36387988431912,53.008995,41.05289077758789
2024-09-24 04:00:00,69.934528,117.68437021972403,65.37937182408078,67.67632,58.154624938964844
2024-09-24 05:00:00,78.402752,136.4569190762658,92.90303649186528,83.20902,69.19493103027344
2024-09-24 06:00:00,84.60451899999998,141.4781764500991,98.72076175768238,103.16231,91.66207122802734
2024-09-24 07:00:00,108.53133299999998,146.26818019404374,99.09104566544895,98.395905,124.49711608886719
2024-09-24 08:00:00,109.215352,165.0097856368617,157.1701619692263,150.65187,129.2875213623047
2024-09-24 09:00:00,125.751501,150.15758269936532,129.48298235513693,128.91985,151.98532104492188
2024-09-24 10:00:00,186.169411,166.7235982947039,144.64245796434784,147.04872,158.07958984375
2024-09-24 11:00:00,229.220928,216.8819635137142,226.93370785921553,231.99553,149.57589721679688
2024-09-24 12:00:00,240.641848,236.5786554746979,241.54945237386357,259.74292,298.2362365722656
2024-09-24 13:00:00,265.847707,233.79933504384215,248.7549221431782,250.93796,280.8339538574219
2024-09-24 14:00:00,262.14400000000006,245.09674104149335,263.83737882699,253.19394,239.57235717773438
2024-09-24 15:00:00,212.776173,236.90896481804205,243.32285838358058,231.28952,220.2441864013672
2024-09-24 16:00:00,139.79835900000003,206.9898585738654,161.33187659104073,158.83847,238.7245330810547
2024-09-24 17:00:00,70.95794399999998,165.33750566363045,99.16753408674666,99.82361,153.01809692382812
2024-09-24 18:00:00,31.855013,111.61726906091414,50.492560265878204,51.561466,73.22624206542969
2024-09-24 19:00:00,19.683000000000003,71.19711526663906,25.159920824995428,31.581095,45.25082015991211
2024-09-24 20:00:00,10.360232000000002,65.04528879318455,13.489619401939704,14.566775,30.99559783935547
2024-09-24 21:00:00,7.762391999999999,38.16691514553185,7.846437858958962,7.342394,25.02397346496582
2024-09-24 22:00:00,7.880599,39.982439400475606,6.200610228040639,10.142118,16.607688903808594
2024-09-24 23:00:00,7.529535999999999,37.61984529638342,8.769362111747208,8.505432,15.190786361694336
2024-09-25 00:00:00,7.529535999999999,26.640737842103675,7.090596306601985,7.693991,13.493778228759766
2024-09-25 01:00:00,6.858999999999999,23.693089367275068,7.1535832359244,7.3091226,11.434825897216797
2024-09-25 02:00:00,6.858999999999999,10.962062848750929,6.57645775273319,6.5282116,8.721145629882812
2024-09-25 03:00:00,7.414874999999999,10.856298209145255,7.99174397398944,6.5037203,6.999336242675781
2024-09-25 04:00:00,8.242408,16.22734854682652,9.427927398922366,9.34559,7.71966552734375
2024-09-25 05:00:00,8.741816,20.960791098591812,8.962396497377158,10.637305,9.35003662109375
2024-09-25 06:00:00,6.967870999999999,22.949218763345325,11.231871798813843,10.360636,17.68084716796875
2024-09-25 07:00:00,5.268024,11.586223615621051,15.384173624118864,14.258917,20.812511444091797
2024-09-25 08:00:00,1.124864,1.507625672412356,11.104251134799783,8.62482,15.378229141235352
2024-09-25 09:00:00,1.2950290000000002,-46.88678409034156,1.3054346988445606,3.1403878,10.797653198242188
2024-09-25 10:00:00,14.886936,-21.699190693637412,2.354965010167446,2.7972412,3.453338623046875
2024-09-25 11:00:00,53.15737599999999,65.72320479796021,37.63695409861357,26.23399,3.372997283935547
2024-09-25 12:00:00,94.81881599999996,122.87163996708648,92.76286493909615,79.48104,78.28321838378906
2024-09-25 13:00:00,135.79674399999996,160.8905745033232,131.92237282402877,129.38904,127.93167114257812
2024-09-25 14:00:00,162.771336,196.27291094906448,164.7435704034465,168.39804,101.46723175048828
2024-09-25 15:00:00,138.991832,202.39667403250706,177.9784858671262,169.16016,289.29296875
2024-09-25 16:00:00,82.31287499999998,168.7912517248772,110.44089087482018,112.21475,254.99209594726562
2024-09-25 17:00:00,53.582633,104.71753175137448,51.60552679205839,53.04688,129.3673095703125
2024-09-25 18:00:00,50.243409,89.137806298717,38.806222848708906,39.82296,38.52322006225586
2024-09-25 19:00:00,62.099136,100.7502318842856,50.27366839791363,53.73823,33.05247497558594
2024-09-25 20:00:00,68.92099999999998,118.92678960619779,69.07161580737038,65.43462,50.27400588989258
2024-09-25 21:00:00,76.225024,116.19027949575914,70.4663467000171,73.12968,66.47977447509766
2024-09-25 22:00:00,80.62156800000001,125.440259359431,76.55179238385622,77.38261,73.45616912841797
2024-09-25 23:00:00,81.74650399999999,131.3494481386805,84.41076915130523,78.520744,83.39567565917969
2024-09-26 00:00:00,79.50699999999999,136.3394100688138,81.05851226186932,72.4146,88.7892837524414
2024-09-26 01:00:00,75.68696700000002,135.86850163419453,77.17925731845432,75.38212,87.07429504394531
2024-09-26 02:00:00,69.934528,131.29061344727944,72.72351778861783,70.888756,74.56676483154297
2024-09-26 03:00:00,74.08800000000001,127.30543790011919,70.07409550616812,66.957664,66.53655242919922
2024-09-26 04:00:00,60.698457000000005,136.4951739881569,83.15836728095965,73.11387,63.25174331665039
2024-09-26 05:00:00,63.044792,119.39101608939211,64.00366277805287,56.81804,75.77019500732422
2024-09-26 06:00:00,79.50699999999999,136.47576879884855,79.95764682696917,69.98377,58.9579963684082
2024-09-26 07:00:00,78.402752,158.53070780386847,112.09571122471179,112.52963,103.97747802734375
2024-09-26 08:00:00,78.953589,143.7462984011591,95.10422397591441,94.92016,160.11695861816406
2024-09-26 09:00:00,99.89734399999998,143.0412977144007,93.57595416738005,86.40139,133.0550537109375
2024-09-26 10:00:00,141.420761,172.5110363002588,122.87690118814247,126.85699,152.25070190429688
2024-09-26 11:00:00,180.362125,203.6042536367097,186.9259926406351,192.75798,193.87684631347656
2024-09-26 12:00:00,207.474688,214.666931783842,202.8310755901514,194.30574,216.51947021484375
2024-09-26 13:00:00,219.256227,226.07481244480016,232.73611865405593,229.9303,220.70294189453125
2024-09-26 14:00:00,195.112,211.37036351298602,218.3074129583425,210.18031,221.3125457763672
2024-09-26 15:00:00,155.720872,194.382931202242,165.63539984924137,166.28354,213.6812286376953
2024-09-26 16:00:00,118.370771,163.92377904641333,125.14900536421857,128.2409,115.34748840332031
2024-09-26 17:00:00,87.52838400000002,145.43525675257592,88.21285716804766,86.66275,96.39483642578125
2024-09-26 18:00:00,67.41914300000002,126.16651931551513,64.32930578723592,81.72189,89.66242980957031
2024-09-26 19:00:00,66.92341599999997,109.85440651151308,64.84556574463834,71.80106,72.35384368896484
2024-09-26 20:00:00,57.960603000000006,107.98994041149925,70.12220241701085,68.290855,58.89107894897461
2024-09-26 21:00:00,52.31362400000001,91.05384016938567,52.21490144716052,48.22396,67.08653259277344
2024-09-26 22:00:00,53.582633,86.77900321730901,48.44565830725065,46.121304,50.75522232055664
2024-09-26 23:00:00,57.51245599999999,91.10446171816238,52.00092539785465,52.078644,50.8272590637207
2024-09-27 00:00:00,51.064811,99.47055709536767,59.86779629110014,60.657734,57.762481689453125
2024-09-27 01:00:00,44.361864,81.89730982672899,47.664292564181984,44.845036,59.55848693847656
2024-09-27 02:00:00,37.93305599999999,86.34384932600463,39.22316511394746,39.14234,42.734046936035156
2024-09-27 03:00:00,27.543608,76.46130933576603,35.85147822571872,35.412426,37.89356231689453
2024-09-27 04:00:00,21.717639,61.08568824276652,21.466765832001375,23.527493,33.435546875
2024-09-27 05:00:00,20.796875,60.75146963252077,19.40880654030454,20.15004,21.105255126953125
2024-09-27 06:00:00,26.730899000000004,65.20365355211528,23.1054402640535,19.091208,22.216135025024414
2024-09-27 07:00:00,56.181887,84.05195218982014,43.926630367627105,47.228855,44.079368591308594
2024-09-27 08:00:00,80.06299099999998,138.56343424760232,79.67708970162526,82.84074,58.37755584716797
2024-09-27 09:00:00,123.50599200000003,156.9187119081493,125.43845416697067,120.00922,145.39288330078125
2024-09-27 10:00:00,176.55848100000003,198.23886379451832,162.26906067871414,155.31584,162.8275146484375
2024-09-27 11:00:00,193.100552,214.7858277751801,193.31629771264394,208.24597,182.7095184326172
2024-09-27 12:00:00,196.122941,207.00609447636674,199.16059519100858,212.34203,332.04541015625
2024-09-27 13:00:00,178.453547,204.93277505286264,193.29218139081814,188.66995,227.27932739257812
2024-09-27 14:00:00,148.035889,197.26072060060545,147.78620375323968,145.13052,176.72589111328125
2024-09-27 15:00:00,109.902239,166.00062609754036,113.55509080361934,112.09158,124.14443969726562
2024-09-27 16:00:00,80.62156800000001,132.1406945650182,72.33630808520836,69.16203,66.40142822265625
2024-09-27 17:00:00,52.31362400000001,113.12439970397156,55.962765088248524,58.964676,44.51171112060547
2024-09-27 18:00:00,30.959144,85.23181200150574,39.26715223446151,42.69915,49.35737228393555
2024-09-27 19:00:00,23.393656,59.722911058265396,23.43738364166682,32.66893,36.54078674316406
2024-09-27 20:00:00,19.465109,50.942702880913544,18.129815280471725,17.771717,22.29106330871582
2024-09-27 21:00:00,19.683000000000003,40.743400011810394,16.604971772497585,16.439316,16.040771484375
2024-09-27 22:00:00,21.717639,47.993186148323616,17.97049628939871,17.918116,12.104877471923828
2024-09-27 23:00:00,21.951999999999995,54.111932135296655,24.97167683651716,23.729849,17.799840927124023
2024-09-28 00:00:00,20.123648000000003,53.619788710325835,22.60660371870603,21.923101,19.611522674560547
2024-09-28 01:00:00,17.373979,48.72230675856826,17.96967212789347,17.332998,20.33039665222168
2024-09-28 02:00:00,15.069223000000004,42.82351608437791,15.453832352167424,14.711022,17.13567543029785
2024-09-28 03:00:00,13.651919,38.951322131374454,12.966193111738223,13.028031,15.43288803100586
2024-09-28 04:00:00,12.977875,39.01256736483757,12.08816515077649,13.403009,14.994121551513672
2024-09-28 05:00:00,11.239424000000003,38.69343243503563,12.139339475749532,12.885535,14.863834381103516
2024-09-28 06:00:00,11.089567,31.97220640857604,15.556133600834926,14.478649,17.303674697875977
2024-09-28 07:00:00,30.959144,31.76583224918682,22.276993081767156,25.981457,23.74139976501465
2024-09-28 08:00:00,53.15737599999999,84.980382936775,55.110996617002165,53.5583,32.74772644042969
2024-09-28 09:00:00,71.991296,92.18815653884496,79.61676373235805,83.535324,73.59573364257812
2024-09-28 10:00:00,68.41792899999999,113.76144693002544,83.38217629737042,80.82643,98.35807037353516
2024-09-28 11:00:00,63.044792,92.90394092095715,57.172274793816804,60.81982,56.2342643737793
2024-09-28 12:00:00,58.411072,87.93850247571274,53.39183224303907,55.171616,46.6463508605957
2024-09-28 13:00:00,51.895117,80.67672608269274,52.82255114444554,55.35413,53.57083511352539
2024-09-28 14:00:00,43.614208,64.36308830060422,43.728734381599395,45.151936,37.22221755981445
2024-09-28 15:00:00,37.595375,50.395409998615435,37.4558674356561,36.862377,30.84648895263672
2024-09-28 16:00:00,26.463592,48.36313640140385,31.803926915178955,28.994577,19.944780349731445
2024-09-28 17:00:00,21.484952,35.04924139023712,18.375791734481098,15.868573,12.586009979248047
2024-09-28 18:00:00,12.812903999999998,30.09776021937961,16.341224705989173,15.644263,5.7164764404296875
2024-09-28 19:00:00,19.034163,4.946838308007774,13.618013253134555,13.195694,10.851539611816406
2024-09-28 20:00:00,23.639903000000004,32.892995091630354,22.602735113405043,23.02478,15.268863677978516
2024-09-28 21:00:00,19.902511,35.05146239251783,25.937210107028633,26.802752,17.838890075683594
2024-09-28 22:00:00,14.526784,17.764165242443084,15.279968944368036,15.529139,19.318023681640625
2024-09-28 23:00:00,11.697083,3.621291723790044,11.375875402868678,11.375231,15.007186889648438
2024-09-29 00:00:00,9.938375,1.951713305202933,9.67024306461203,10.098552,8.62771224975586
2024-09-29 01:00:00,8.120600999999997,-1.2124509089612232,8.749169861049303,8.486789,9.33352279663086
2024-09-29 02:00:00,6.331625000000001,-7.2026067756352745,6.701887735455883,6.9020495,8.966629028320312
2024-09-29 03:00:00,6.028568000000001,-17.258653899453975,5.133050187930594,5.6826315,6.351226806640625
2024-09-29 04:00:00,6.229504,-12.479711489677193,5.977568047007327,5.8921566,5.651500701904297
2024-09-29 05:00:00,6.434856000000001,-9.735775659558705,6.462129098507071,6.9382925,6.300880432128906
2024-09-29 06:00:00,6.644671999999999,-8.078533488861773,7.954836340630674,7.2316203,9.44436264038086
2024-09-29 07:00:00,22.188041,-7.56273463070908,16.869538039064444,16.382463,27.158584594726562
2024-09-29 08:00:00,34.328125,51.53617470672103,31.57996483049931,33.993042,28.3769474029541
2024-09-29 09:00:00,32.15743200000001,51.24064503466636,44.8305155755723,46.08862,37.61517333984375
2024-09-29 10:00:00,23.393656,38.463813619820144,31.474019736039573,30.477657,47.992122650146484
2024-09-29 11:00:00,18.609625,7.766755154954481,15.378542783656071,18.480608,20.055007934570312
2024-09-29 12:00:00,15.252992,6.739850500252217,15.156060299828605,15.4031105,13.093830108642578
2024-09-29 13:00:00,12.812903999999998,-0.5655824418353852,12.074661148186554,12.757698,16.226993560791016
2024-09-29 14:00:00,10.360232000000002,-10.491032859676075,10.538890763404776,10.985484,11.738101959228516
2024-09-29 15:00:00,7.880599,-17.749171458642778,8.199193839900287,8.930148,9.795879364013672
2024-09-29 16:00:00,4.912999999999999,-21.164242179198702,5.99036498768839,5.5738974,5.132991790771484
2024-09-29 17:00:00,4.826809,-31.652494525919764,3.887662577904186,3.221488,2.069835662841797
2024-09-29 18:00:00,2.4061040000000005,-19.7674067092926,4.773992803033021,4.6017313,-0.054744720458984375
2024-09-29 19:00:00,3.944312000000001,-38.84131622374924,2.048719154273667,2.7512329,1.0222854614257812
2024-09-29 20:00:00,5.6397520000000005,-30.969228455231793,5.809341127806375,6.141841,2.9824752807617188
2024-09-29 21:00:00,7.529535999999999,-21.829696133948765,7.275390260723385,6.768689,4.79949951171875
2024-09-29 22:00:00,9.663596999999998,-16.225823792581593,9.316463096153875,9.198184,6.234458923339844
2024-09-29 23:00:00,11.089567,-5.33760960605845,11.44802194057151,10.575339,8.478160858154297
2024-09-30 00:00:00,10.793861,-2.1697451061478787,12.173920220548698,12.141312,10.443824768066406
2024-09-30 01:00:00,9.393930999999998,0.13049465913420377,10.497524808336372,10.716485,10.083026885986328
2024-09-30 02:00:00,7.762391999999999,-8.396240266709611,8.08829040415341,8.180342,8.45254135131836
2024-09-30 03:00:00,6.751268999999999,-14.97637613471197,6.8761480713939855,6.846238,5.707607269287109
2024-09-30 04:00:00,6.229504,-15.375499740763871,6.351398075775055,6.274788,4.705677032470703
2024-09-30 05:00:00,5.6397520000000005,-12.060162980425211,5.571358241123753,5.8814774,4.311271667480469
2024-09-30 06:00:00,5.929741000000001,-13.523733561399645,5.807599879261079,5.736713,6.587429046630859
2024-09-30 07:00:00,19.034163,-9.896338581605832,12.713485150214659,13.887334,16.209924697875977
2024-09-30 08:00:00,20.570824000000005,44.134383055375366,23.18638535444397,24.317255,17.385154724121094
2024-09-30 09:00:00,28.934442999999995,13.312804695993506,23.512946757230615,25.038136,24.35350799560547
2024-09-30 10:00:00,34.012224,42.77831517206156,33.572592848822886,32.569107,22.800312042236328
2024-09-30 11:00:00,36.594368,50.515649762735094,34.54266856933539,36.134373,22.209558486938477
2024-09-30 12:00:00,38.614472,58.13384325980224,35.50945578956308,36.116913,25.3275203704834
2024-09-30 13:00:00,37.595375,58.1325827364053,38.121497858263844,38.06306,37.71906280517578
2024-09-30 14:00:00,33.076161,51.63778334880593,36.15228310865609,37.140026,32.45112609863281
2024-09-30 15:00:00,21.717639,42.41166723300799,25.797662667515315,27.533113,22.618606567382812
2024-09-30 16:00:00,13.997521000000004,18.36092056872635,14.403210484000851,13.690554,13.278022766113281
2024-09-30 17:00:00,7.880599,13.477815035983642,9.97756574261002,8.065206,4.157184600830078
2024-09-30 18:00:00,3.869893,-2.4672389794063037,4.555043397086172,5.524049,1.7786598205566406
2024-09-30 19:00:00,2.985984,-17.570065442107065,4.013426561422186,3.8526888,1.2973556518554688
2024-09-30 20:00:00,2.924207,-19.290759819840304,2.805820080306793,2.8284156,2.3277549743652344
2024-09-30 21:00:00,3.944312000000001,-10.379136204756485,3.53291322934476,3.5389516,1.5519180297851562
2024-09-30 22:00:00,5.088448,-2.3368745347076043,5.216685791683691,5.1892743,1.9083290100097656
2024-09-30 23:00:00,6.539203000000001,-4.88535896783452,6.195917711564021,6.097082,4.276725769042969
2024-10-01 00:00:00,8.120600999999997,1.0047613279362508,7.884733697444668,7.6229625,5.314369201660156
2024-10-01 01:00:00,10.077696,10.85764219728351,9.948812818775949,9.490697,7.1655120849609375
2024-10-01 02:00:00,12.812903999999998,17.58411627408507,11.610409255666925,11.449994,7.6182403564453125
2024-10-01 03:00:00,15.069223000000004,24.9316972800581,14.14114060867841,14.11526,7.897758483886719
2024-10-01 04:00:00,12.326391,31.676539457674714,16.770029641607245,16.119379,13.620975494384766
2024-10-01 05:00:00,8.489664000000001,14.825353143337646,9.978689465765841,10.16174,16.789003372192383
2024-10-01 06:00:00,7.414874999999999,-1.2014339785559187,7.815697237901851,7.3998523,15.441789627075195
2024-10-01 07:00:00,21.717639,-0.8407442633471902,13.968449060394539,15.692029,20.377241134643555
2024-10-01 08:00:00,25.934336,53.94789895854048,29.44745105374721,31.763586,17.80246353149414
2024-10-01 09:00:00,41.06362500000001,36.55885475962668,29.13532663714529,33.06209,23.432083129882812
2024-10-01 10:00:00,50.653000000000006,76.72522114352597,52.81357086205974,50.650658,38.098289489746094
2024-10-01 11:00:00,49.027896000000005,79.98241328315447,55.549532600352066,53.051838,50.78696823120117
2024-10-01 12:00:00,42.144192,74.40230600814661,47.78141125989859,47.753445,43.65862274169922
2024-10-01 13:00:00,34.64597599999999,60.693803543900245,36.52205898038192,37.461807,37.147117614746094
2024-10-01 14:00:00,27.0,42.048260954671775,28.13842882745244,29.180998,26.86216163635254
2024-10-01 15:00:00,18.609625,27.265445770648572,20.24467736713589,22.234844,18.45435905456543
2024-10-01 16:00:00,12.812903999999998,17.304638886866126,12.602258836228634,11.873574,12.370399475097656
2024-10-01 17:00:00,5.735339000000001,11.770627375800732,8.403703311574736,6.931994,4.896141052246094
2024-10-01 18:00:00,4.410943999999999,-12.12197344233656,4.814852491914246,3.7884443,1.9120254516601562
2024-10-01 19:00:00,4.657462999999999,-5.534263922207877,4.520492183265141,4.2186837,0.20416641235351562
2024-10-01 20:00:00,5.832000000000001,4.877128854275931,4.695777999021047,5.024412,2.6662826538085938
2024-10-01 21:00:00,7.762391999999999,12.701671653306214,7.056561866056109,6.73561,2.0135154724121094
2024-10-01 22:00:00,10.648000000000003,21.94147810058933,9.611608281680724,9.675944,3.273876190185547
2024-10-01 23:00:00,14.348907000000002,28.999059075963004,13.278392565783845,12.691682,5.557220458984375
2024-10-02 00:00:00,17.173512000000002,41.65700545152363,18.12367390651869,16.96028,11.02682113647461
2024-10-02 01:00:00,17.779580999999997,45.09534756797745,19.21346581779216,19.535446,16.123462677001953
2024-10-02 02:00:00,18.399744,40.970908648739304,19.034383294487178,17.906319,16.39405632019043
2024-10-02 03:00:00,17.984728,40.0056602160967,18.86536812715048,18.10587,13.366928100585938
2024-10-02 04:00:00,15.625,36.3633634822278,17.556006098165785,17.537062,15.654165267944336
2024-10-02 05:00:00,13.651919,27.349627754304386,13.261793927249057,13.456153,16.1879825592041
2024-10-02 06:00:00,14.172488,22.956140450038937,17.035383578509364,16.253351,16.646867752075195
2024-10-02 07:00:00,27.543608,27.49992881336535,27.09249434460563,29.164728,32.82729721069336
2024-10-02 08:00:00,25.67237500000001,68.09079985414141,37.521791683891664,37.67571,36.87006759643555
2024-10-02 09:00:00,41.06362500000001,44.0608758938873,24.00211774058575,26.261753,41.98789978027344
2024-10-02 10:00:00,69.934528,93.42762870841466,55.56867869459591,52.700962,33.823787689208984
2024-10-02 11:00:00,86.93830699999998,133.48133311824216,84.89538750425324,89.616295,48.755027770996094
2024-10-02 12:00:00,90.51884900000002,142.83876730373257,99.45318746759943,100.77183,102.8786392211914
2024-10-02 13:00:00,75.15144799999999,138.1522089013938,86.55508612091204,90.79137,99.94554138183594
2024-10-02 14:00:00,47.045881,113.66384222748863,58.742355082900346,59.073887,65.9610595703125
2024-10-02 15:00:00,30.080231,71.63035896537733,28.697982586967655,30.00844,29.3218936920166
2024-10-02 16:00:00,20.346417,54.42969160510285,19.751949829701214,17.810032,9.74325180053711
2024-10-02 17:00:00,6.434856000000001,46.72535676549482,13.453884333891148,10.678214,7.783496856689453
2024-10-02 18:00:00,5.359375,-0.6574854369361951,4.396007224734528,4.145571,4.31439208984375
2024-10-02 19:00:00,5.451776,7.95092673713598,5.208426970712245,6.0318313,1.5661354064941406
2024-10-02 20:00:00,7.414874999999999,6.386121387866378,5.852940742906841,5.934928,5.596244812011719
2024-10-02 21:00:00,10.077696,13.48716450122997,9.368022745051249,9.018619,3.9138870239257812
2024-10-02 22:00:00,13.144256,20.67896278988973,12.544279377200441,11.406801,9.631858825683594
2024-10-02 23:00:00,17.373979,24.13164188213141,14.564402145327328,14.427902,10.796188354492188
2024-10-03 00:00:00,21.717639,40.78110185493933,21.00695371352469,20.023209,16.363811492919922
2024-10-03 01:00:00,23.149125,50.98751313180254,25.693230463491215,26.121113,21.356971740722656
2024-10-03 02:00:00,19.465109,52.114131859889476,22.841907265677023,23.18465,25.78382682800293
2024-10-03 03:00:00,18.609625,38.81334768462213,16.488665561991194,16.869713,22.3065185546875
2024-10-03 04:00:00,19.465109,41.586033987043784,16.747433218610144,17.110157,15.397754669189453
2024-10-03 05:00:00,19.683000000000003,45.71454446025477,19.531538495332725,20.716625,17.669145584106445
2024-10-03 06:00:00,24.897088,48.61199687688538,20.551898981862056,21.046965,25.094242095947266
2024-10-03 07:00:00,61.162984,65.76618667765105,46.46303735629026,46.22145,41.83097457885742
2024-10-03 08:00:00,65.45082700000002,135.08937306379562,87.06692957617895,87.22501,53.103057861328125
2024-10-03 09:00:00,63.52119900000001,109.15704728918558,74.99189074482409,79.83227,125.75520324707031
2024-10-03 10:00:00,61.629875000000006,99.72283994547129,55.658363275251766,56.868126,113.00544738769531
2024-10-03 11:00:00,63.044792,93.04070124118817,57.83144577038834,55.767467,45.07054901123047
2024-10-03 12:00:00,70.444997,96.27998049527577,62.08167871550676,64.005226,46.23926544189453
2024-10-03 13:00:00,69.42653100000001,102.33382741195928,70.18549389802314,75.37325,66.1198501586914
2024-10-03 14:00:00,55.306341,93.04362868002076,60.99209118736705,67.51483,62.552093505859375
2024-10-03 15:00:00,37.93305599999999,71.88499146038453,43.48813765953274,40.206917,45.48784255981445
2024-10-03 16:00:00,26.730899000000004,53.74272901416892,24.994003638478084,21.872353,18.389863967895508
2024-10-03 17:00:00,8.489664000000001,44.43991656155594,18.802060943306486,16.826223,9.068313598632812
2024-10-03 18:00:00,8.365426999999997,-8.076895501459909,6.443992645815698,5.913057,5.308155059814453
2024-10-03 19:00:00,8.741816,16.688230505515865,8.412828276619313,9.237065,2.2037811279296875
2024-10-03 20:00:00,10.077696,18.501366605217505,9.128413654768588,9.8609,8.463478088378906
2024-10-03 21:00:00,11.390625,21.389425820539362,10.99771152007775,10.739509,6.645790100097656
2024-10-03 22:00:00,10.941048000000002,27.332034269866217,12.221433860668728,12.356683,12.00252914428711
2024-10-03 23:00:00,9.393930999999998,18.47512859091784,10.483627452988076,10.522435,11.881580352783203
2024-10-04 00:00:00,8.120600999999997,12.61187290895134,8.165246492576852,8.064303,10.086688995361328
2024-10-04 01:00:00,8.0,4.389707850400839,7.191715582334146,7.294632,8.074256896972656
2024-10-04 02:00:00,8.489664000000001,5.500402221107176,7.911367304159251,7.5195456,7.73712158203125
2024-10-04 03:00:00,8.741816,7.612436187539526,8.496431021899662,8.337287,9.513107299804688
2024-10-04 04:00:00,8.242408,7.062409723443881,9.049636772283867,9.076143,11.794940948486328
2024-10-04 05:00:00,6.539203000000001,0.9553636598650925,7.61829859253904,8.742401,11.409286499023438
2024-10-04 06:00:00,5.359375,-8.364062280530177,7.455920264895476,6.481471,12.501708984375
2024-10-04 07:00:00,6.434856000000001,-12.691427276139123,11.420525863244904,12.992967,20.167787551879883
2024-10-04 08:00:00,11.089567,-12.268120654918079,11.408468831332689,9.081178,15.57827377319336
2024-10-04 09:00:00,9.938375,5.859378061831215,14.253223034318887,15.2260065,10.590648651123047
2024-10-04 10:00:00,10.648000000000003,-10.449310879925719,8.568805430127359,11.698226,15.008590698242188
2024-10-04 11:00:00,13.481272,-12.21157017440727,10.687642834918805,10.302035,13.39401626586914
2024-10-04 12:00:00,17.373979,2.5651196061918213,15.812311322590299,14.943769,11.323249816894531
2024-10-04 13:00:00,20.796875,25.642420266509806,20.600780244796386,20.097933,14.898252487182617
2024-10-04 14:00:00,17.779580999999997,25.161106234370493,24.4363667060345,23.800652,19.710479736328125
2024-10-04 15:00:00,9.663596999999998,7.596757455649644,15.065095550384463,14.913597,18.91176986694336
2024-10-04 16:00:00,5.5452330000000005,-20.528733429179653,7.510770557972754,4.562196,9.300735473632812
2024-10-04 17:00:00,2.6856189999999995,-24.66597424522859,3.9714893558953803,2.043695,2.0411224365234375
2024-10-04 18:00:00,2.000376,-32.12309714511178,1.8227759599547324,1.018649,-0.07729721069335938
2024-10-04 19:00:00,2.4603750000000004,-27.86492183169336,1.7826428516774455,1.9233644,-0.807647705078125
2024-10-04 20:00:00,3.796416,-13.207802661885069,3.108446264884589,3.1980827,-0.2880058288574219
2024-10-04 21:00:00,5.929741000000001,-6.361384722283368,5.311783517810445,5.05236,0.22485733032226562
2024-10-04 22:00:00,8.741816,7.629854709477815,8.189013495472349,7.3425503,2.0539627075195312
2024-10-04 23:00:00,11.697083,19.777092031362844,12.010294026971238,11.399947,5.272281646728516
2024-10-05 00:00:00,12.487167999999995,32.1390334536844,14.85287527872631,13.698306,8.663948059082031
2024-10-05 01:00:00,10.648000000000003,26.932396534406106,12.813911652015326,13.591435,12.07004165649414
2024-10-05 02:00:00,8.0,14.437992186264708,9.266432640017918,9.406649,9.920886993408203
2024-10-05 03:00:00,5.929741000000001,-0.6263893255510062,5.848360945406373,6.2933364,6.298728942871094
2024-10-05 04:00:00,5.000210999999999,-8.247738159864788,4.840503365929372,5.1740055,4.3492889404296875
2024-10-05 05:00:00,4.912999999999999,-9.326323717714288,4.097629159812127,4.5088816,3.3639678955078125
2024-10-05 06:00:00,4.741631999999999,-7.126322688867631,5.110056946518125,4.730249,4.931850433349609
2024-10-05 07:00:00,9.528128,-11.204236005792197,10.858991644504842,9.698469,14.99740219116211
2024-10-05 08:00:00,9.528128,12.785230571986673,14.46874012163962,13.2644615,12.943523406982422
2024-10-05 09:00:00,7.414874999999999,-9.278205546194663,9.725120544536956,11.331742,12.855899810791016
2024-10-05 10:00:00,5.000210999999999,-23.3927312420874,5.831293227384404,6.4337373,11.690448760986328
2024-10-05 11:00:00,3.796416,-36.62457438122795,4.184925728170597,4.0123134,6.946998596191406
2024-10-05 12:00:00,3.0486249999999995,-38.766873719036944,3.2191063597881104,3.822222,3.7089271545410156
2024-10-05 13:00:00,2.197,-44.83212140707477,2.5513678452503075,3.4278898,3.5765914916992188
2024-10-05 14:00:00,1.685159,-56.40461014409846,1.6491967077517307,2.5182645,2.8247222900390625
2024-10-05 15:00:00,0.8305839999999999,-61.2376121170467,1.548521885053012,2.1455743,1.4013786315917969
2024-10-05 16:00:00,0.1851929999999999,-69.86926979041874,0.6106831904580633,0.3794192,0.5715522766113281
2024-10-05 17:00:00,0.0740879999999999,-81.19700315756467,0.43299336896004853,-0.27917376,-0.5784225463867188
2024-10-05 18:00:00,0.001331,-75.10266835565048,0.5343033424295779,0.37620297,-1.092010498046875
2024-10-05 19:00:00,0.2053789999999999,-86.94374616958365,0.2427263862791581,0.60608506,-1.2815589904785156
2024-10-05 20:00:00,1.030301,-42.214779691024255,1.5643102656907713,0.55293447,-1.2869224548339844
2024-10-05 21:00:00,1.953125,-29.740131918606778,2.5486120141197746,1.9373033,-0.383941650390625
2024-10-05 22:00:00,2.4603750000000004,-34.07418008176034,3.3319835032286034,2.8175857,1.4731216430664062
2024-10-05 23:00:00,2.803221,-36.64072975962939,3.1388524083894214,3.2613192,2.2546653747558594
2024-10-06 00:00:00,2.5713530000000007,-35.61569132097706,3.1002865042726513,3.1688385,1.7248344421386719
2024-10-06 01:00:00,1.6016129999999995,-44.01915849554958,2.4996226696930472,2.450515,2.0875167846679688
2024-10-06 02:00:00,0.8043570000000001,-60.79443561601364,1.4039355121433261,1.6321163,1.4457435607910156
2024-10-06 03:00:00,0.3579109999999999,-69.2642442949267,0.6472234430623857,1.126955,0.2761116027832031
2024-10-06 04:00:00,0.125,-72.6848301012447,0.380892537603898,0.618075,-0.49030303955078125
2024-10-06 05:00:00,0.091125,-80.08162408379454,0.30614155509538366,0.68800324,-1.2064094543457031
2024-10-06 06:00:00,0.157464,-79.66475629489932,0.3127005457683425,0.14800027,-1.9841804504394531
2024-10-06 07:00:00,0.226981,-72.09084351959606,0.3947830242979027,1.7633677,-1.2124443054199219
2024-10-06 08:00:00,0.405224,-77.08190042831279,0.6216185678167012,0.29134658,-0.88067626953125
2024-10-06 09:00:00,1.124864,-81.71419501529127,0.8929266588845526,0.45292538,-1.1219635009765625
2024-10-06 10:00:00,1.953125,-47.83687382341329,2.2893680636683644,2.6590724,-0.18804931640625
2024-10-06 11:00:00,2.5154560000000004,-39.44945415555383,3.2362751481193732,2.8172998,0.4706993103027344
2024-10-06 12:00:00,3.652264,-39.95285652016967,3.0289019601250162,3.5658803,0.7317733764648438
2024-10-06 13:00:00,5.5452330000000005,-21.40640059103869,4.671236438881192,4.96941,0.9089622497558594
2024-10-06 14:00:00,7.880599,-9.283574217512935,7.0327580473415825,6.951412,2.226306915283203
2024-10-06 15:00:00,9.528128,1.721136260603295,9.837386400106926,9.126084,3.8919906616210938
2024-10-06 16:00:00,8.998912,13.417293466623885,10.08671169554766,9.25568,5.338527679443359
2024-10-06 17:00:00,9.800344,6.993901394844112,8.548896806254238,7.41033,4.101459503173828
2024-10-06 18:00:00,6.434856000000001,11.678322582691532,10.009262753686919,10.223869,3.4433555603027344
2024-10-06 19:00:00,8.365426999999997,-11.807297716272686,8.134156648664447,6.700852,6.492195129394531
2024-10-06 20:00:00,8.998912,-14.759323440414462,10.173310919202972,9.92792,4.989959716796875
2024-10-06 21:00:00,8.120600999999997,-16.87589671675562,9.259950267469396,9.352297,6.406791687011719
2024-10-06 22:00:00,6.434856000000001,-21.736436302612972,7.536548914059399,7.4133935,5.3204498291015625
2024-10-06 23:00:00,4.826809,-29.726999557960895,5.3261241040473,5.3324227,5.064018249511719
2024-10-07 00:00:00,3.723875000000001,-35.29328979628554,3.678877520853993,3.7710361,3.0688095092773438
2024-10-07 01:00:00,2.924207,-33.72521983329809,3.1416077547065715,3.134871,2.6678504943847656
2024-10-07 02:00:00,2.6856189999999995,-37.03361691742975,2.6172049616554953,2.8906612,1.7505378723144531
2024-10-07 03:00:00,2.803221,-32.82900091763524,2.582564531770649,2.6368213,1.3225898742675781
2024-10-07 04:00:00,3.112136,-28.900532483997274,2.9757539977632224,3.057117,1.1483726501464844
2024-10-07 05:00:00,3.375,-19.540773705527513,5.197455242956618,3.889772,1.396240234375
2024-10-07 06:00:00,3.0486249999999995,-14.50284716240072,4.757881345687171,3.6218894,2.126354217529297
2024-10-07 07:00:00,4.019679000000001,-17.33879649040543,7.309056993927727,7.7297263,10.513011932373047
2024-10-07 08:00:00,4.173281000000001,-11.407939485557712,6.6801165223344245,6.195014,8.464103698730469
2024-10-07 09:00:00,4.492124999999999,-24.342517140830033,4.4078122158356665,7.957029,5.0434112548828125
2024-10-07 10:00:00,5.177717,-23.901200444352313,4.652778863490434,5.4513855,3.316844940185547
2024-10-07 11:00:00,5.6397520000000005,-24.802594061942287,6.1082413968703815,5.3491297,3.372417449951172
2024-10-07 12:00:00,5.000210999999999,-20.565458763226637,6.432952597628068,6.1256933,4.045047760009766
2024-10-07 13:00:00,4.173281000000001,-21.51691086970157,4.503175496950368,4.947782,5.333904266357422
2024-10-07 14:00:00,4.173281000000001,-28.956932837772072,3.563116713525203,4.2062955,4.526744842529297
2024-10-07 15:00:00,6.028568000000001,-27.134327901181855,4.171638354848854,3.9943886,3.0852928161621094
2024-10-07 16:00:00,6.644671999999999,-12.623988617931367,8.526174824154879,6.340885,2.1733131408691406
2024-10-07 17:00:00,7.301384,-10.608357170422451,8.279901803175166,6.8003798,2.917125701904297
2024-10-07 18:00:00,4.251528,-5.773343878837885,7.318013045082859,7.852121,1.8680229187011719
2024-10-07 19:00:00,5.088448,-26.26622907895932,4.262945010287239,4.215971,3.4828643798828125
2024-10-07 20:00:00,5.451776,-21.901400329093406,5.675503594101173,5.3027873,3.077014923095703
2024-10-07 21:00:00,5.177717,-19.600727073147432,6.067899732546456,5.722975,2.4316368103027344
2024-10-07 22:00:00,4.330746999999999,-20.346700964632298,5.299340735682571,4.8335547,2.5799522399902344
2024-10-07 23:00:00,3.581577,-26.157527163411842,3.9901698353642967,3.7854607,2.5396041870117188
2024-10-08 00:00:00,2.744,-27.52633766787291,3.1244981878883222,3.1127286,2.0577850341796875
2024-10-08 01:00:00,1.815848,-31.42302807598069,2.229322925425378,2.398842,1.8169822692871094
2024-10-08 02:00:00,0.8305839999999999,-35.848644789922325,1.5258084719009046,1.6180576,0.771636962890625
2024-10-08 03:00:00,0.2159999999999999,-50.879362492773616,0.5953327195974901,0.85606164,0.039608001708984375
2024-10-08 04:00:00,0.017576,-61.890267611969996,0.37735859668082095,0.42660862,-1.1666450500488281
2024-10-08 05:00:00,0.004096,-70.46284580064577,0.32676618810566643,0.7573775,-2.0179443359375
2024-10-08 06:00:00,0.097336,-63.319770881644665,0.47591506110161874,0.22774848,-2.715625762939453
2024-10-08 07:00:00,0.091125,-38.71210575102729,0.4937166455695484,1.8242277,-1.9337120056152344
2024-10-08 08:00:00,0.035937,-65.94992020321658,0.47901699748692456,0.3138055,-1.2176895141601562
2024-10-08 09:00:00,0.6141249999999999,-96.38809459727528,0.4635438069857685,0.75013137,-1.5467758178710938
2024-10-08 10:00:00,1.5208749999999998,-43.13135780988335,2.2516876962580636,1.4263849,-1.6107330322265625
2024-10-08 11:00:00,2.1466890000000003,-32.92919786874521,3.167981157799742,3.1818454,-0.447021484375
2024-10-08 12:00:00,2.4061040000000005,-39.287830886878446,3.3036938010606924,3.2853947,0.09680938720703125
2024-10-08 13:00:00,2.6280719999999995,-38.02518549779948,2.8021689538330485,3.5267992,1.2358283996582031
2024-10-08 14:00:00,2.985984,-28.9205799645746,2.7348647150427414,3.3498034,0.5665550231933594
2024-10-08 15:00:00,3.652264,-32.10130206280131,3.864520463122075,3.2098775,0.6460456848144531
2024-10-08 16:00:00,3.307949,-26.253732280164847,4.400075544861785,3.463409,0.5503196716308594
2024-10-08 17:00:00,5.359375,-35.1924279778297,3.2725460300098614,2.4357355,0.7698287963867188
2024-10-08 18:00:00,4.096000000000001,-10.82384970852366,7.586292948073491,6.902806,0.208526611328125
2024-10-08 19:00:00,6.539203000000001,-23.17097395317949,4.161876029392664,5.62349,2.3210372924804688
2024-10-08 20:00:00,8.120600999999997,-24.20228865137232,8.645288702089669,7.963881,4.7270965576171875
2024-10-08 21:00:00,8.869742999999998,-10.801276171537204,9.727203984268016,9.018055,3.3984527587890625
2024-10-08 22:00:00,8.741816,-11.300307695533114,9.344872486655593,9.258617,3.89508056640625
2024-10-08 23:00:00,8.120600999999997,-12.460024527608134,9.096801493375857,8.654435,4.442722320556641
2024-10-09 00:00:00,7.529535999999999,-11.956804973276327,7.628642688312689,7.472604,5.008399963378906
2024-10-09 01:00:00,6.644671999999999,-12.720569735571793,6.848036676728868,6.731982,4.177692413330078
2024-10-09 02:00:00,5.929741000000001,-18.098191114255805,5.839313696038609,6.0270123,4.4369659423828125
2024-10-09 03:00:00,5.268024,-16.944162044254334,5.276241134075906,5.226048,3.213581085205078
2024-10-09 04:00:00,4.741631999999999,-18.14342524408488,4.67050374141682,4.9661694,3.087390899658203
2024-10-09 05:00:00,4.251528,-16.425490517915804,4.857008189219281,4.5860147,2.4391212463378906
2024-10-09 06:00:00,3.442951,-17.943762522922853,4.010515973589225,4.087027,2.6121177673339844
2024-10-09 07:00:00,4.741631999999999,-24.13322094955855,6.627879078906812,7.8328085,10.72799301147461
2024-10-09 08:00:00,7.880599,-22.982899387038984,8.97822107042847,6.180635,8.537033081054688
2024-10-09 09:00:00,6.229504,-14.037106774501602,10.07056575989358,9.83697,4.006923675537109
2024-10-09 10:00:00,2.5713530000000007,-29.194041052409112,5.701191862719547,6.040953,6.838386535644531
2024-10-09 11:00:00,1.0,-69.75032505388953,1.5727399840373053,1.8060519,3.331157684326172
2024-10-09 12:00:00,0.7049690000000001,-78.51309240233084,0.622098495409138,1.5885432,0.0223846435546875
2024-10-09 13:00:00,1.092727,-64.13166317400382,0.9783683993521575,1.650803,-0.7587471008300781
2024-10-09 14:00:00,2.000376,-53.20024820799741,1.8151040993274699,2.0457654,-0.36708831787109375
2024-10-09 15:00:00,4.330746999999999,-43.610546157793785,3.5533952788968763,3.0525804,0.6560554504394531
2024-10-09 16:00:00,5.832000000000001,-16.06931389781213,7.5574387694493295,6.1121655,0.7694816589355469
2024-10-09 17:00:00,8.615124999999997,-5.313772443624181,8.033283556544799,5.8571925,2.8933448791503906
2024-10-09 18:00:00,6.967870999999999,9.439522185667553,12.585788666516812,11.183915,2.050060272216797
2024-10-09 19:00:00,10.793861,0.15953351821139705,7.947318196845427,9.334501,4.318744659423828
2024-10-09 20:00:00,13.312053000000002,-0.8795566349588526,13.828208171499671,14.268171,11.809074401855469
2024-10-09 21:00:00,14.172488,3.515281257828782,14.264291392377118,14.144468,8.537216186523438
2024-10-09 22:00:00,13.651919,5.788116480997498,14.230840781819941,14.303086,7.235195159912109
2024-10-09 23:00:00,12.649337,0.9250991285141907,12.020853619436949,12.923777,8.303970336914062
2024-10-10 00:00:00,11.697083,-1.8681467226803576,11.557726925342463,11.463314,7.712669372558594
2024-10-10 01:00:00,10.503459,-5.782472019082462,10.880224540721203,10.774372,7.206867218017578
2024-10-10 02:00:00,8.998912,-11.63803315698027,9.100179814024239,9.221896,8.416885375976562
2024-10-10 03:00:00,8.0,-17.815297323899266,7.767102982200965,7.610161,6.613430023193359
2024-10-10 04:00:00,7.301384,-19.54474613224439,7.449384393920932,7.291167,5.857452392578125
2024-10-10 05:00:00,6.331625000000001,-18.316312393642647,6.821844316919774,6.7893925,5.097011566162109
2024-10-10 06:00:00,4.912999999999999,-23.308081422301747,6.213530786212328,6.356524,5.967323303222656
2024-10-10 07:00:00,6.967870999999999,-29.44667717861749,10.357332474339103,10.098408,14.819927215576172
2024-10-10 08:00:00,6.128487000000001,-24.22838482292734,10.714955950522,9.069149,13.525867462158203
2024-10-10 09:00:00,5.268024,-46.94436882757058,6.347044185443547,6.167607,5.990276336669922
2024-10-10 10:00:00,3.307949,-38.18365510382528,4.829867294949729,4.571971,2.913402557373047
2024-10-10 11:00:00,2.803221,-58.66668333174136,2.441851711129894,2.4619582,3.3749732971191406
2024-10-10 12:00:00,2.8632879999999994,-56.25959528030403,2.6731163835541922,3.0144017,0.9894561767578125
2024-10-10 13:00:00,3.0486249999999995,-44.49148469926448,2.925002994024076,3.5010324,1.4475860595703125
2024-10-10 14:00:00,3.307949,-44.150540748554356,3.6065377070052747,3.9818325,1.6081657409667969
2024-10-10 15:00:00,3.652264,-43.1997546639872,3.923576240036413,4.111705,1.6193885803222656
2024-10-10 16:00:00,3.5118080000000003,-36.77816849566407,4.158746226628729,3.7757661,1.1595878601074219
2024-10-10 17:00:00,4.251528,-31.459760160157522,3.7609959520840555,2.9140851,0.9655723571777344
2024-10-10 18:00:00,4.574296,-23.341261711253182,5.776180308384844,4.3456163,0.8646316528320312
2024-10-10 19:00:00,8.242408,-8.941412465904428,5.527533511491296,6.845771,1.7625961303710938
2024-10-10 20:00:00,10.941048000000002,-7.232682274997096,12.424146731121647,11.959622,9.368072509765625
2024-10-10 21:00:00,11.390625,0.7377299905711716,13.031028531009962,12.502716,7.5454559326171875
2024-10-10 22:00:00,10.941048000000002,-0.7029705411000684,11.627723003404872,11.71457,6.585292816162109
2024-10-10 23:00:00,10.077696,-4.164593534045075,10.229475829645494,10.007766,6.444042205810547
2024-10-11 00:00:00,9.261,-6.164986446056794,9.032582825570984,8.515012,6.002178192138672
2024-10-11 01:00:00,8.242408,-11.548522341017843,8.743632803183992,7.925548,5.556720733642578
2024-10-11 02:00:00,6.967870999999999,-17.443934866883815,7.326434150053998,7.708964,6.655132293701172
2024-10-11 03:00:00,6.434856000000001,-23.8924550306755,6.403091228886885,6.2497463,5.164390563964844
2024-10-11 04:00:00,6.434856000000001,-22.518957966741716,6.002546921327621,5.6317573,4.523773193359375
2024-10-11 05:00:00,6.229504,-20.017497440183078,6.826549011019579,6.3875585,4.105136871337891
2024-10-11 06:00:00,5.268024,-22.221394229326236,6.757829873801759,6.6251016,4.602199554443359
2024-10-11 07:00:00,8.0,-26.76656344175968,11.318290279655821,12.604122,13.398487091064453
2024-10-11 08:00:00,13.651919,-20.283495179251098,11.34888003754046,11.160221,13.11825180053711
2024-10-11 09:00:00,11.852351999999996,-3.5746066027178145,15.870344425119459,16.30953,6.482948303222656
2024-10-11 10:00:00,7.301384,-7.153103022032923,10.546260078511612,10.218463,7.241367340087891
2024-10-11 11:00:00,5.088448,-37.02749088537417,4.995230420481138,5.1140137,9.689952850341797
2024-10-11 12:00:00,3.796416,-45.553546111467064,4.082249526526315,4.1698985,2.8954811096191406
2024-10-11 13:00:00,2.744,-42.81421508344102,3.212940493704845,3.917359,2.6630516052246094
2024-10-11 14:00:00,1.6430319999999998,-49.58099430260548,2.1168942678057894,2.760696,1.8346099853515625
2024-10-11 15:00:00,0.8043570000000001,-63.81592152959603,1.467429856217313,1.948387,0.9748649597167969
2024-10-11 16:00:00,0.421875,-69.7620304815056,0.6264975241000077,1.2030232,-0.12757492065429688
2024-10-11 17:00:00,0.681472,-61.18593517922668,0.4727640799166782,0.5638934,-0.6729202270507812
2024-10-11 18:00:00,1.685159,-47.07253124537964,2.5492924479993864,1.5406758,-0.8773307800292969
2024-10-11 19:00:00,5.177717,-21.909078870716783,3.8231036608915923,4.120358,-0.35160064697265625
2024-10-11 20:00:00,8.489664000000001,-4.510618041426774,9.026666280665465,9.090258,4.449748992919922
2024-10-11 21:00:00,10.360232000000002,-2.667264827159144,11.116100335002136,10.609033,5.686458587646484
2024-10-11 22:00:00,10.793861,-1.6980340587721336,12.01166835311857,11.819427,7.755378723144531
2024-10-11 23:00:00,10.793861,-4.529955873799338,11.322768574020351,11.097058,7.298313140869141
2024-10-12 00:00:00,10.648000000000003,-5.381012369094776,10.548847027061518,10.666326,6.9066009521484375
2024-10-12 01:00:00,10.077696,-8.790913829693018,10.242417909555416,10.117723,6.823894500732422
2024-10-12 02:00:00,9.393930999999998,-13.467992462824945,9.45884278379703,8.913704,7.732524871826172
2024-10-12 03:00:00,8.741816,-17.276040097946414,8.8562899568607,8.621013,6.475582122802734
2024-10-12 04:00:00,7.880599,-15.72562275459849,8.73446583835645,8.499735,6.303043365478516
2024-10-12 05:00:00,6.967870999999999,-18.585122557288614,7.498329199555802,7.4498267,5.556018829345703
2024-10-12 06:00:00,5.735339000000001,-22.990823619964253,7.496472472706822,7.153861,5.682422637939453
2024-10-12 07:00:00,10.360232000000002,-28.1230717970258,11.766366903564249,13.730231,14.451282501220703
2024-10-12 08:00:00,13.481272,-10.443647041155515,12.984046205683178,13.2157135,12.931488037109375
2024-10-12 09:00:00,7.645372999999999,-14.693384486195676,15.22016081486953,15.028599,7.200096130371094
2024-10-12 10:00:00,2.248091,-34.51705033560635,5.305811585484434,5.6659627,7.9096527099609375
2024-10-12 11:00:00,0.6141249999999999,-76.0688280075928,1.2229854622055938,1.7441977,4.877113342285156
2024-10-12 12:00:00,0.097336,-86.48823585959835,0.47852091582970024,1.0715795,0.021701812744140625
2024-10-12 13:00:00,0.012167,-89.84354581827725,0.24427265672672627,1.2415555,-0.9513015747070312
2024-10-12 14:00:00,0.085184,-96.14894796395802,0.2329684534571358,1.0515044,-1.6715316772460938
2024-10-12 15:00:00,0.531441,-77.49635997726904,0.2635307134997731,0.97343636,-1.6060791015625
2024-10-12 16:00:00,1.225043,-52.16953233717867,1.8313701771325457,1.0920148,-0.7971649169921875
2024-10-12 17:00:00,2.4603750000000004,-34.78190041916199,2.350645891603991,1.6608411,-0.22907638549804688
2024-10-12 18:00:00,2.4603750000000004,-19.98848481973588,4.644760311206425,3.951136,0.4626617431640625
2024-10-12 19:00:00,5.000210999999999,-16.489135889851767,3.770043132693554,5.3807364,1.3598709106445312
2024-10-12 20:00:00,7.529535999999999,-14.26438940232957,7.762848549559811,9.439921,5.924221038818359
2024-10-12 21:00:00,8.998912,-0.6535052668161114,9.541162342779499,9.309939,5.064235687255859
2024-10-12 22:00:00,8.869742999999998,-3.992276306782358,10.235659569731721,9.546313,5.434139251708984
2024-10-12 23:00:00,8.0,-12.066393335895171,9.113809561781103,8.79349,6.551868438720703
2024-10-13 00:00:00,6.644671999999999,-17.694367102525405,7.405470519792604,7.133314,5.694892883300781
2024-10-13 01:00:00,5.000210999999999,-26.628194051156612,5.714141251244149,6.0092597,4.431488037109375
2024-10-13 02:00:00,3.307949,-38.14600637752226,3.921692582360114,4.0408144,4.331203460693359
2024-10-13 03:00:00,2.097152,-49.74229934233717,2.3442714766376094,2.599475,2.393993377685547
2024-10-13 04:00:00,1.5208749999999998,-54.446070474147085,1.3256803969899935,1.7024233,1.1811981201171875
2024-10-13 05:00:00,1.4428969999999997,-53.71455391818703,1.4282134404692757,1.4658473,0.01642608642578125
2024-10-13 06:00:00,2.000376,-50.67572605495766,1.7344161121292518,1.1353797,-0.6248855590820312
2024-10-13 07:00:00,6.128487000000001,-40.70768176377755,4.165909459072855,4.77352,3.48046875
2024-10-13 08:00:00,2.985984,-17.249075818842634,10.331309634314664,8.795927,4.916812896728516
2024-10-13 09:00:00,2.3526370000000005,-79.46158665125901,1.90071571456299,2.372719,4.640625
2024-10-13 10:00:00,6.028568000000001,-59.14419943789162,2.982665223202029,2.2387137,2.6429824829101562
2024-10-13 11:00:00,9.393930999999998,-16.89182131125522,9.198571092846846,9.564134,0.9828071594238281
2024-10-13 12:00:00,11.543175999999995,-12.703319609687647,13.147859751232659,11.595105,7.358303070068359
2024-10-13 13:00:00,12.487167999999995,-2.030392239748089,13.863386303186376,13.886647,8.357254028320312
2024-10-13 14:00:00,12.008989,1.6179408254192822,13.394262552996361,13.039081,12.14468002319336
2024-10-13 15:00:00,10.503459,-1.137302390207811,11.53623081982029,10.405698,8.550670623779297
2024-10-13 16:00:00,7.645372999999999,-1.5244476592767597,8.203541220458222,8.246247,6.232044219970703
2024-10-13 17:00:00,7.077887999999999,-12.799047862349823,5.704300078055016,4.9215074,3.284984588623047
2024-10-13 18:00:00,4.410943999999999,-11.977038943115936,8.655772903157029,6.7211547,1.4117507934570312
2024-10-13 19:00:00,6.331625000000001,-23.60572760315675,4.534187083514134,5.9170723,2.3229904174804688
2024-10-13 20:00:00,7.414874999999999,-18.176477825459017,8.179746467191622,7.408921,5.647373199462891
2024-10-13 21:00:00,7.414874999999999,-10.328966541405684,8.633743514647044,8.640197,4.887889862060547
2024-10-13 22:00:00,6.644671999999999,-17.984506326512687,7.019216858625459,7.5861683,4.576244354248047
2024-10-13 23:00:00,5.6397520000000005,-26.358570738530496,5.851989407520648,6.126486,4.493755340576172
2024-10-14 00:00:00,4.410943999999999,-30.012418975348986,5.090389934832711,4.618201,3.8674583435058594
2024-10-14 01:00:00,2.744,-30.559824924030707,3.7391948037409257,3.7659016,3.455181121826172
2024-10-14 02:00:00,1.2597120000000002,-46.48631226276324,1.9621351926064223,2.0957053,2.7919540405273438
2024-10-14 03:00:00,0.6141249999999999,-60.09529454759946,0.8802139892446639,1.2098935,1.3782386779785156
2024-10-14 04:00:00,1.157625,-62.136798891183695,0.5332912249570625,0.7996456,-0.4107933044433594
2024-10-14 05:00:00,3.307949,-35.38645131982022,2.215189820707624,1.819778,-1.2666397094726562
2024-10-14 06:00:00,5.268024,-12.514255741189892,5.5826153244025996,4.954201,-0.616485595703125
2024-10-14 07:00:00,19.465109,-10.718067553522097,12.483915130976714,13.526069,8.691577911376953
2024-10-14 08:00:00,15.069223000000004,49.87762730288563,23.003604500320463,25.288992,13.566741943359375
2024-10-14 09:00:00,17.779580999999997,2.701641936837973,12.569827556201645,13.394316,20.750532150268555
2024-10-14 10:00:00,17.779580999999997,35.6854216489731,17.872920857849802,18.491848,13.871368408203125
2024-10-14 11:00:00,14.348907000000002,18.977298056941745,17.666315740786406,16.73567,13.682022094726562
2024-10-14 12:00:00,11.390625,2.2615044399023994,11.5564890754375,11.131317,12.293128967285156
2024-10-14 13:00:00,9.528128,-5.099762068030898,9.026834000473317,10.216268,10.73333740234375
2024-10-14 14:00:00,8.489664000000001,-10.023552467624114,7.892984080615126,8.034777,7.6680755615234375
2024-10-14 15:00:00,8.0,-13.529239842495983,7.265842535860422,7.083581,5.950450897216797
2024-10-14 16:00:00,5.359375,-8.243290156694087,7.5479141043737386,6.9418902,4.340747833251953
2024-10-14 17:00:00,6.229504,-21.481433041645865,4.23440445215049,3.8682432,2.8324623107910156
2024-10-14 18:00:00,4.096000000000001,-6.3120796057779245,7.786483665997132,6.615138,0.6238365173339844
2024-10-14 19:00:00,5.359375,-19.305586654573084,4.146375870423612,5.684621,2.7409439086914062
2024-10-14 20:00:00,5.832000000000001,-23.60969952671816,6.707561260210648,6.495773,5.948184967041016
2024-10-14 21:00:00,5.6397520000000005,-16.68442297184371,6.592298296034701,6.433903,4.191825866699219
2024-10-14 22:00:00,5.000210999999999,-21.032058662864927,5.2707893445771745,5.2909703,3.821575164794922
2024-10-14 23:00:00,4.251528,-27.698074520249,4.300986590571657,4.6986737,3.2941513061523438
2024-10-15 00:00:00,3.307949,-30.662829271248725,3.503886249030445,3.7887237,2.94805908203125
2024-10-15 01:00:00,2.197,-36.64194069222345,2.4764702566596237,2.7783837,2.5213966369628906
2024-10-15 02:00:00,1.2597120000000002,-46.90362682173886,1.4984539823238843,1.940875,1.7797355651855469
2024-10-15 03:00:00,0.681472,-54.31269423902889,1.0402315777792737,1.2592736,0.5115242004394531
2024-10-15 04:00:00,0.681472,-57.914673011401085,0.7557088384598147,1.0752839,-0.39183807373046875
2024-10-15 05:00:00,1.2597120000000002,-49.503471260633866,1.0659986553652714,1.270012,-1.1761283874511719
2024-10-15 06:00:00,2.097152,-40.054462135862416,2.1994082793490666,1.5600977,-1.283905029296875
2024-10-15 07:00:00,6.434856000000001,-34.14197432569832,4.394536861643349,5.402539,3.5975990295410156
2024-10-15 08:00:00,5.000210999999999,-7.708090057746858,10.687683662177164,9.594442,5.288486480712891
2024-10-15 09:00:00,6.858999999999999,-45.925903751207706,4.066927718486664,4.6746135,5.731822967529297
2024-10-15 10:00:00,7.762391999999999,-14.370261318533487,8.669560114645664,8.1641035,4.347927093505859
2024-10-15 11:00:00,6.229504,-14.135945723831838,8.698844625404552,8.318045,4.332088470458984
2024-10-15 12:00:00,4.251528,-31.00566699021028,5.204761124926878,6.1151023,4.341644287109375
2024-10-15 13:00:00,2.6856189999999995,-44.322901107164576,3.1485510729665434,3.6810462,3.2767372131347656
2024-10-15 14:00:00,1.6016129999999995,-50.29760350958838,1.9520551653077742,2.4515188,1.2758255004882812
2024-10-15 15:00:00,1.685159,-60.28559215818594,1.413415389194168,1.8928372,0.3643226623535156
2024-10-15 16:00:00,2.0483830000000003,-47.65982572548955,2.181936178099441,2.1558592,-0.25107574462890625
2024-10-15 17:00:00,2.5154560000000004,-35.436657215459014,2.939912058930139,2.0144696,0.059574127197265625
2024-10-15 18:00:00,2.5154560000000004,-34.76217490155151,3.3905954957827733,3.234708,0.3349761962890625
2024-10-15 19:00:00,4.657462999999999,-25.806047927001103,3.4929499513264197,4.0881248,0.5212821960449219
2024-10-15 20:00:00,6.967870999999999,-21.018796314304865,7.274662758402971,8.206917,4.9635162353515625
2024-10-15 21:00:00,7.880599,-11.855684908390764,8.877955886452897,8.393494,3.9018707275390625
2024-10-15 22:00:00,7.645372999999999,-11.171979926242564,8.925044846644326,8.428258,5.4150848388671875
2024-10-15 23:00:00,6.751268999999999,-17.118957715022155,7.9017185242068555,7.697316,4.932193756103516
2024-10-16 00:00:00,5.000210999999999,-20.361725371119505,6.255042492926757,6.0168185,4.875885009765625
2024-10-16 01:00:00,2.6856189999999995,-32.126248800272464,3.8728875022099127,4.0084996,3.385143280029297
2024-10-16 02:00:00,0.7535710000000001,-49.21522462615777,1.8605378428798491,1.92837,2.4067230224609375
2024-10-16 03:00:00,0.0740879999999999,-69.54770964102377,0.574255438176536,0.8776485,0.17721939086914062
2024-10-16 04:00:00,0.097336,-81.38893974997393,0.2987371968237498,0.4967489,-1.3109169006347656
2024-10-16 05:00:00,0.6141249999999999,-56.580595577706795,0.31590697914786825,0.6439191,-2.280200958251953
2024-10-16 06:00:00,1.5208749999999998,-34.97177073631743,2.0378444037428864,0.99696195,-2.272907257080078
2024-10-16 07:00:00,4.330746999999999,-32.383783730583524,2.9730486265853893,5.362351,1.5906181335449219
2024-10-16 08:00:00,3.241792,-17.642848973337998,9.195547656368069,7.4858747,4.239215850830078
2024-10-16 09:00:00,5.5452330000000005,-52.80746561161626,2.791541160858988,3.5527859,5.179172515869141
2024-10-16 10:00:00,5.832000000000001,-16.189438810099787,7.3931058100514315,7.2039433,2.7432632446289062
2024-10-16 11:00:00,4.574296,-24.748501949508544,5.855313887230948,6.2673388,3.5381011962890625
2024-10-16 12:00:00,3.869893,-37.51255337754392,3.820252441935624,3.962989,2.484935760498047
2024-10-16 13:00:00,4.410943999999999,-40.04846909788292,3.5320679650755533,4.0433035,1.732818603515625
2024-10-16 14:00:00,5.6397520000000005,-29.943799349944484,4.944967911697828,4.8521767,1.1378593444824219
2024-10-16 15:00:00,8.242408,-20.485150905145858,7.212653050783423,6.3258133,2.0738792419433594
2024-10-16 16:00:00,7.645372999999999,0.29402431120754713,10.446786263535378,9.448103,2.454448699951172
2024-10-16 17:00:00,9.800344,-7.383487306070663,8.76067550130768,6.9354963,3.886962890625
2024-10-16 18:00:00,7.645372999999999,7.258374230631951,9.405642237563992,11.074237,2.1406173706054688
2024-10-16 19:00:00,9.800344,-7.445030103626991,8.594788298538994,9.343407,5.097957611083984
2024-10-16 20:00:00,9.938375,-7.688974051762166,11.243611856388215,10.672729,10.072837829589844
2024-10-16 21:00:00,8.741816,-13.188146427241634,10.028057818453084,9.662973,7.888301849365234
2024-10-16 22:00:00,6.967870999999999,-18.170705849618145,7.975928365043623,7.7945023,5.452861785888672
2024-10-16 23:00:00,4.826809,-27.328363736993495,6.018889134429908,5.80342,4.371479034423828
2024-10-17 00:00:00,2.5713530000000007,-35.77282247689971,3.6361157962056554,3.697145,3.3976173400878906
2024-10-17 01:00:00,1.0,-49.566520723682196,1.800249139184747,1.9106976,2.156688690185547
2024-10-17 02:00:00,0.493039,-63.69245608945712,0.6135857737266891,0.9997321,0.5434951782226562
2024-10-17 03:00:00,0.438976,-58.817031729662254,0.47286668692500505,0.64081365,-0.9941444396972656
2024-10-17 04:00:00,0.5927039999999999,-51.39466894385749,0.7260200973898516,0.771125,-1.29583740234375
2024-10-17 05:00:00,1.0,-46.34927937324861,0.9895777966035385,1.1909373,-1.360992431640625
2024-10-17 06:00:00,1.685159,-42.77409063438011,1.7775701493234817,1.3768418,-1.3025932312011719
2024-10-17 07:00:00,5.177717,-34.6107323650997,2.97913979858704,5.3976636,3.320751190185547
2024-10-17 08:00:00,2.5713530000000007,-8.463203439747765,10.18274639771884,7.861686,4.8431243896484375
2024-10-17 09:00:00,2.8632879999999994,-67.30004667046546,2.2741906067423243,2.6060302,5.536888122558594
2024-10-17 10:00:00,3.241792,-29.57120683497692,3.391247856594085,3.155988,2.894084930419922
2024-10-17 11:00:00,3.375,-38.60590831606205,3.8837841217063453,3.95897,1.1063232421875
2024-10-17 12:00:00,3.307949,-45.365579730514476,3.6879752133058816,4.2088656,1.0420761108398438
2024-10-17 13:00:00,3.652264,-42.96326119129733,3.4802390782541757,4.003067,1.4819717407226562
2024-10-17 14:00:00,5.088448,-37.52739815278736,4.132075892260923,4.6267242,1.2245521545410156
2024-10-17 15:00:00,7.645372999999999,-26.574839909949617,6.619840406518314,6.7983727,1.6754837036132812
2024-10-17 16:00:00,7.880599,-7.660553286086326,9.552573745310111,9.301663,2.5347213745117188
2024-10-17 17:00:00,9.528128,-3.9880234257677003,8.920042739331787,7.251731,3.5606231689453125
2024-10-17 18:00:00,6.128487000000001,0.26325342632287274,8.798617334527064,10.14472,2.1275596618652344
2024-10-17 19:00:00,8.741816,-26.345695915852183,7.7245138423423665,7.1861315,5.1714324951171875
2024-10-17 20:00:00,9.938375,-15.774443670923823,11.021768901724375,10.587685,7.369358062744141
2024-10-17 21:00:00,9.393930999999998,-12.878109697857788,10.911197336681557,11.041375,6.523670196533203
2024-10-17 22:00:00,8.242408,-19.909378746421567,9.054732988504199,8.624249,6.135501861572266
2024-10-17 23:00:00,7.189056999999999,-23.737757071848677,7.151593438869429,7.4368434,5.511383056640625
2024-10-18 00:00:00,5.929741000000001,-25.90894767721649,6.674015178822067,6.530747,4.794780731201172
2024-10-18 01:00:00,4.173281000000001,-27.6490148665574,5.15326010767346,5.166316,4.174163818359375
2024-10-18 02:00:00,2.1466890000000003,-38.473521357186335,3.068151814665556,3.1931698,3.8180160522460938
2024-10-18 03:00:00,0.681472,-55.81328001580655,1.2543549498427407,1.7942808,1.7024612426757812
2024-10-18 04:00:00,0.1176489999999999,-66.89420298491686,0.5532729162341821,0.75248474,-0.1013336181640625
2024-10-18 05:00:00,0.1105919999999999,-74.21912077805266,0.29567882511802007,1.2831855,-1.5933418273925781
2024-10-18 06:00:00,0.681472,-58.60048158280173,0.635125522278672,0.18158102,-2.823028564453125
2024-10-18 07:00:00,2.097152,-33.02194420200397,3.676166133051215,3.493345,-0.3006324768066406
2024-10-18 08:00:00,0.456533,-37.77845525130538,3.7506735960446878,2.9411087,2.5530662536621094
2024-10-18 09:00:00,0.250047,-106.71711433865565,0.7409980583294208,0.9492503,3.6553573608398438
2024-10-18 10:00:00,0.5513679999999999,-83.20959798130093,0.44145267712676733,0.78633606,0.4728202819824219
2024-10-18 11:00:00,1.5608959999999996,-67.73775718691903,1.1963179347922506,0.9796375,-1.3276329040527344
2024-10-18 12:00:00,3.0486249999999995,-50.5969750393219,3.4811659682363403,3.8049705,-0.9531173706054688
2024-10-18 13:00:00,4.657462999999999,-32.36753989738308,4.681360157985584,5.004629,1.2674140930175781
2024-10-18 14:00:00,6.128487000000001,-23.519537405415292,6.794910085957845,7.2885275,2.9541473388671875
2024-10-18 15:00:00,6.644671999999999,-13.5880745903088,7.766247872222006,7.3248444,4.382484436035156
2024-10-18 16:00:00,5.735339000000001,-8.75819196230919,7.893489697814233,7.3312306,3.462188720703125
2024-10-18 17:00:00,7.189056999999999,-15.032509953725985,5.3248562893632565,4.561931,1.984832763671875
2024-10-18 18:00:00,6.128487000000001,-6.949601177008056,8.053040758723203,8.243352,1.2453193664550781
2024-10-18 19:00:00,10.218312999999998,-14.750911264865664,7.38236781895133,8.267822,3.5005149841308594
2024-10-18 20:00:00,12.812903999999998,-5.228327070450987,13.41021469835067,11.981034,8.48886489868164
2024-10-18 21:00:00,12.812903999999998,3.4454067142366256,13.645161242492478,13.713294,7.417118072509766
2024-10-18 22:00:00,11.089567,0.012123062491365744,12.825370424896313,11.843424,8.035419464111328
2024-10-18 23:00:00,8.998912,-9.052834027416651,9.885230182522697,9.595668,7.913234710693359
2024-10-19 00:00:00,7.189056999999999,-15.064466459320322,7.641359672439785,7.389603,6.1653900146484375
2024-10-19 01:00:00,5.929741000000001,-23.170974350058437,6.182311461139633,6.232289,4.489494323730469
2024-10-19 02:00:00,4.173281000000001,-26.650970762050626,5.15326010767346,5.065773,4.198688507080078
2024-10-19 03:00:00,2.3526370000000005,-36.3923883545045,3.0975298526064914,3.177885,2.8800125122070312
2024-10-19 04:00:00,1.5608959999999996,-46.14477463046284,1.8060443600760754,1.9290714,1.702239990234375
2024-10-19 05:00:00,1.4428969999999997,-42.11273498301377,1.4229584305615801,1.5857929,-0.14654159545898438
2024-10-19 06:00:00,1.4815439999999995,-33.938311624117866,1.610260720481652,1.2445154,-0.7540092468261719
2024-10-19 07:00:00,2.000376,-33.35769616208568,1.8704059206462462,3.6056159,5.782196044921875
2024-10-19 08:00:00,1.3310000000000004,-40.50250182993734,3.3383310494177056,2.3792536,6.284374237060547
2024-10-19 09:00:00,0.493039,-74.57088596173793,1.30995003490985,1.6054387,2.8337669372558594
2024-10-19 10:00:00,0.1105919999999999,-78.24421959623166,0.48196418595128226,1.0079991,0.8405570983886719
2024-10-19 11:00:00,0.0269999999999999,-89.6836967631408,0.2601685209170693,0.69430655,-0.9021492004394531
2024-10-19 12:00:00,0.0243889999999999,-96.21987630571229,0.2351142222262769,1.2507365,-2.030261993408203
2024-10-19 13:00:00,0.1105919999999999,-89.24944908554659,0.23193748833603273,1.2837908,-1.9203643798828125
2024-10-19 14:00:00,0.531441,-80.41417594074505,0.30574939668270157,1.571146,-1.3220596313476562
2024-10-19 15:00:00,1.030301,-63.05544299020165,1.512814903277365,1.6716647,-0.8242721557617188
2024-10-19 16:00:00,1.191016,-53.15038094409446,1.930673157712845,1.9160644,0.00609588623046875
2024-10-19 17:00:00,1.4815439999999995,-50.09513295475559,1.5770663103449736,1.1136373,0.46053314208984375
2024-10-19 18:00:00,2.097152,-39.56355552810283,1.8641251542483455,1.6714939,0.09609603881835938
2024-10-19 19:00:00,3.375,-29.380407033027048,3.4535148089932073,3.4525013,0.6136207580566406
2024-10-19 20:00:00,4.173281000000001,-39.94510884594204,5.13788256340577,5.388738,4.838497161865234
2024-10-19 21:00:00,4.912999999999999,-31.558669089525317,4.992298549363454,4.677492,3.0096778869628906
2024-10-19 22:00:00,5.5452330000000005,-27.860940598075402,5.548639112008479,5.2759814,2.9547157287597656
2024-10-19 23:00:00,5.000210999999999,-28.188404873185405,6.082391147333851,5.8277764,3.376232147216797
2024-10-20 00:00:00,4.173281000000001,-35.26608852004022,4.671198996391912,4.9863644,4.174369812011719
2024-10-20 01:00:00,3.307949,-42.617334266335185,3.497790455151301,3.7170706,3.1294326782226562
2024-10-20 02:00:00,2.4061040000000005,-46.772800266157,2.5531776510197117,3.1237853,2.1308631896972656
2024-10-20 03:00:00,1.191016,-51.697542612474955,2.2232785137065334,2.3914435,1.23773193359375
2024-10-20 04:00:00,0.3732479999999999,-64.09253530078996,0.7852716641463516,1.0179137,0.5917015075683594
2024-10-20 05:00:00,0.531441,-74.03599875558044,0.3786531991056687,0.76488435,-0.9744758605957031
2024-10-20 06:00:00,1.6016129999999995,-47.67848718912456,1.2691574916448018,0.4254698,-2.248992919921875
2024-10-20 07:00:00,5.6397520000000005,-27.70336908743981,4.132848254371135,5.3034782,1.1083030700683594
2024-10-20 08:00:00,5.5452330000000005,-2.632628631604632,10.38065835866219,10.303811,4.033790588378906
2024-10-20 09:00:00,9.129328999999998,-28.051170192590803,5.335017193212796,8.281268,8.925212860107422
2024-10-20 10:00:00,14.172488,8.86184725397166,11.54880283509629,11.156933,5.901126861572266
2024-10-20 11:00:00,22.425767999999994,35.193470500904944,16.989868580658396,15.806934,9.373886108398438
2024-10-20 12:00:00,28.652616,54.27030481950065,28.459702102939083,26.92233,15.33546257019043
2024-10-20 13:00:00,32.15743200000001,56.375957483185914,32.09176321693084,32.260983,33.041473388671875
2024-10-20 14:00:00,34.012224,67.45802264839119,33.60951661005904,33.792606,35.720054626464844
2024-10-20 15:00:00,27.543608,67.84755089946319,33.26936531239909,31.370205,30.428466796875
2024-10-20 16:00:00,17.373979,47.64220854166757,20.98839461110699,18.531143,20.047077178955078
2024-10-20 17:00:00,8.489664000000001,21.568833220047388,11.39974167388117,9.486478,8.462814331054688
2024-10-20 18:00:00,5.359375,-2.9038215864527928,6.756344958467028,6.0108266,3.2904205322265625
2024-10-20 19:00:00,4.410943999999999,-11.72783586216056,5.255280351328246,5.5564437,1.9351043701171875
2024-10-20 20:00:00,2.924207,-18.602135796593913,4.22260812424848,4.25433,5.208366394042969
2024-10-20 21:00:00,1.4815439999999995,-37.20436753779877,2.352045056428232,2.4290514,2.5511856079101562
2024-10-20 22:00:00,0.5927039999999999,-49.31864379948029,0.9853632338351643,1.2100086,1.1791114807128906
2024-10-20 23:00:00,0.3429999999999999,-65.21816525157533,0.4697098959663176,0.74157685,-0.0050201416015625
2024-10-21 00:00:00,0.8573749999999999,-60.682898509987446,0.5555888834914365,0.5809054,-0.8203773498535156
2024-10-21 01:00:00,2.4061040000000005,-29.65438698333262,1.9668077706953584,1.4603812,-0.524932861328125
2024-10-21 02:00:00,3.869893,-16.743868443345683,4.349498458760922,4.4008446,1.72576904296875
2024-10-21 03:00:00,4.657462999999999,-13.611004596438292,5.451416093037146,5.325059,4.548381805419922
2024-10-21 04:00:00,5.268024,-11.666306872375195,5.314692706910376,5.3295636,6.818927764892578
2024-10-21 05:00:00,6.028568000000001,-4.972094148362416,6.210324860751662,6.2472377,6.401283264160156
2024-10-21 06:00:00,7.645372999999999,-0.9860008404243814,8.097633094966396,7.0711184,7.695594787597656
2024-10-21 07:00:00,24.137569000000003,7.42235854102508,18.689321735762526,18.342358,20.33796501159668
2024-10-21 08:00:00,27.818127,70.83290187759494,30.831247061412732,32.096035,22.635177612304688
2024-10-21 09:00:00,26.198073000000004,55.24093543417513,31.95055060261758,33.571938,31.505165100097656
2024-10-21 10:00:00,29.503629,51.09894985186529,23.266495837929124,26.012753,37.856292724609375
2024-10-21 11:00:00,32.76800000000001,57.491753346449855,28.49847850928434,27.592604,18.979970932006836
2024-10-21 12:00:00,34.64597599999999,62.460288187048114,32.0895596253246,32.23441,20.364849090576172
2024-10-21 13:00:00,34.012224,61.41527456231785,33.89230021635422,34.030693,34.630149841308594
2024-10-21 14:00:00,30.959144,52.34484463148531,32.161773663357046,31.492964,30.12832260131836
2024-10-21 15:00:00,21.717639,47.04727153724039,25.984975816214604,25.578587,24.844144821166992
2024-10-21 16:00:00,15.438249000000004,27.789606861668123,15.966348166406881,13.142532,13.774101257324219
2024-10-21 17:00:00,7.301384,20.983070143007453,10.649609172701735,8.5597315,5.342948913574219
2024-10-21 18:00:00,5.929741000000001,-3.8898496882098854,6.916206108806438,6.2744713,3.1120986938476562
2024-10-21 19:00:00,4.912999999999999,-6.382266749227341,6.066218124180007,6.485377,2.7153053283691406
2024-10-21 20:00:00,4.912999999999999,-7.083956500108428,4.4269794438434324,4.6286345,3.482574462890625
2024-10-21 21:00:00,5.832000000000001,-6.505218523597591,5.096890666440318,4.8530087,2.8218154907226562
2024-10-21 22:00:00,7.529535999999999,5.341072213895895,6.878544201410725,6.659683,3.8797988891601562
2024-10-21 23:00:00,9.261,7.990295382849293,9.291667659044295,9.450541,7.054473876953125
2024-10-22 00:00:00,10.648000000000003,13.502884302321917,11.13402383638988,10.379875,9.640239715576172
2024-10-22 01:00:00,11.697083,11.079966290017545,11.97831050981785,12.15807,12.625614166259766
2024-10-22 02:00:00,12.649337,8.313819479081381,12.218854364226958,12.784284,12.247764587402344
2024-10-22 03:00:00,15.069223000000004,8.599389502104295,13.114952882688533,13.800034,12.845024108886719
2024-10-22 04:00:00,18.191447,16.84258242768267,16.814371369534875,16.55374,14.56822395324707
2024-10-22 05:00:00,20.346417,26.41636868140993,20.318979394402557,20.763323,17.89024543762207
2024-10-22 06:00:00,23.393656,32.729108736367415,21.272824487928073,21.806448,27.379173278808594
2024-10-22 07:00:00,57.51245599999999,41.13329937404541,49.46699397235304,48.272457,51.99435806274414
2024-10-22 08:00:00,47.83214699999999,107.01903185193314,61.25977068897481,62.086956,53.697410583496094
2024-10-22 09:00:00,37.93305599999999,56.43013691114043,45.832194533701774,44.23607,52.548667907714844
2024-10-22 10:00:00,57.51245599999999,46.516599792885444,34.24846662001539,41.095913,55.30815505981445
2024-10-22 11:00:00,57.51245599999999,88.04812153167072,63.93574096436061,61.96308,32.34672927856445
2024-10-22 12:00:00,53.15737599999999,83.35809411519959,54.66032783748898,53.37834,42.4853630065918
2024-10-22 13:00:00,48.22854400000001,74.39598456440768,47.04758214293806,48.710926,43.984596252441406
2024-10-22 14:00:00,45.882712000000005,61.11938317495421,44.45801460978336,44.595768,38.74686813354492
2024-10-22 15:00:00,37.595375,64.4946517261292,39.643733242296115,39.304047,25.837501525878906
2024-10-22 16:00:00,20.123648000000003,54.73687254200351,29.738100321517067,26.832811,21.091663360595703
2024-10-22 17:00:00,9.261,23.479340700503023,10.82101086843354,7.9715157,10.724613189697266
2024-10-22 18:00:00,6.644671999999999,10.647958790102166,8.222012927662753,8.227329,3.1657638549804688
2024-10-22 19:00:00,5.088448,8.086787986024415,6.976721185870869,7.179477,3.6904029846191406
2024-10-22 20:00:00,4.741631999999999,3.364659078241054,4.645169855334382,5.0628037,5.042201995849609
2024-10-22 21:00:00,5.929741000000001,4.853038259662515,4.736674379090106,4.5063505,3.6003799438476562
2024-10-22 22:00:00,7.414874999999999,19.65080831181426,7.2201900471609575,6.8669033,4.099159240722656
2024-10-22 23:00:00,8.615124999999997,13.145671058754054,9.039418587387921,9.547341,8.605094909667969
2024-10-23 00:00:00,9.800344,12.106869296017088,9.565399181584617,10.137604,10.062118530273438
2024-10-23 01:00:00,10.941048000000002,11.826691680326523,10.487198168524223,10.776202,11.621967315673828
2024-10-23 02:00:00,13.997521000000004,12.042223711480702,11.841966491902804,11.747844,11.74930191040039
2024-10-23 03:00:00,20.796875,22.27527146923905,16.553076448866378,16.663187,13.980342864990234
2024-10-23 04:00:00,29.503629,42.95981441923478,27.464472346770258,25.45955,19.162561416625977
2024-10-23 05:00:00,31.255875,62.56811650423163,32.47018499497719,33.02477,30.31375503540039
2024-10-23 06:00:00,29.218112,61.24019960408311,35.849599152680696,37.71743,48.11682891845703
2024-10-23 07:00:00,69.934528,53.998641585084656,52.53124961756723,49.95774,61.693389892578125
2024-10-23 08:00:00,67.41914300000002,126.85904343538684,71.82381009618493,68.878685,60.515892028808594
2024-10-23 09:00:00,118.370771,87.12387639380248,61.19803968790723,74.25955,59.98817443847656
2024-10-23 10:00:00,157.46400000000003,160.27289028717038,125.27710773166059,127.84715,91.01898193359375
2024-10-23 11:00:00,144.703125,177.95278776208485,166.38477531495175,157.36462,106.75547790527344
2024-10-23 12:00:00,122.76347299999998,163.02745718262557,123.7917352209784,125.45644,92.18289184570312
2024-10-23 13:00:00,110.59199999999998,144.38865408925002,95.29362632911315,95.70058,97.81660461425781
2024-10-23 14:00:00,101.194696,130.39772873137827,92.72558143551272,96.735916,87.66610717773438
2024-10-23 15:00:00,88.71653599999999,135.12831314293044,82.72912580515867,81.2734,66.08397674560547
2024-10-23 16:00:00,63.52119900000001,125.88112141573404,73.64222160567255,65.2828,43.36933898925781
2024-10-23 17:00:00,39.651821000000005,100.31264717607147,38.76710300244926,37.68861,28.383695602416992
2024-10-23 18:00:00,37.595375,71.38295548951615,24.27010693770395,28.701258,18.490692138671875
2024-10-23 19:00:00,38.272753,81.63120444816775,38.58806953131907,47.965664,35.264892578125
2024-10-23 20:00:00,36.926037,81.5966663140239,38.764678899558255,38.23052,36.988563537597656
2024-10-23 21:00:00,34.965783,84.7261439734479,36.42991525449724,35.86089,32.0534782409668
2024-10-23 22:00:00,36.594368,82.56622945585517,31.85288841222846,33.782322,34.127681732177734
2024-10-23 23:00:00,49.027896000000005,85.72282636110582,36.477720418649035,36.144096,39.7656364440918
2024-10-24 00:00:00,66.43012499999999,114.82463486684688,54.7445951621863,55.38857,43.8745231628418
2024-10-24 01:00:00,85.76612100000001,128.41053970633735,71.06742453982802,76.31957,67.0176010131836
2024-10-24 02:00:00,127.263527,154.38290707168224,101.52130141797744,100.39242,77.85723114013672
2024-10-24 03:00:00,141.420761,195.1580744682983,151.2456387598073,157.09966,82.0975570678711
2024-10-24 04:00:00,151.41943700000002,196.40407923727778,161.04325212208414,148.92041,122.22087097167969
2024-10-24 05:00:00,194.104539,206.171516460868,153.36043632504465,156.25421,129.6092987060547
2024-10-24 06:00:00,213.84719200000004,238.68332504899058,210.63390956983443,201.68687,147.439208984375
2024-10-24 07:00:00,254.840104,240.12083981457636,220.16996065889754,221.12518,237.1153564453125
2024-10-24 08:00:00,317.21456800000004,258.91253079293654,295.49744549925197,285.20102,294.5469970703125
2024-10-24 09:00:00,365.525875,286.91195318488894,361.02125482633494,355.1322,362.2471923828125
2024-10-24 10:00:00,498.677257,300.27285963313005,386.11728059176346,421.26373,545.1170043945312
2024-10-24 11:00:00,537.3677970000001,361.14004235087043,533.3190716206703,494.37527,571.19140625
2024-10-24 12:00:00,633.839779,358.220783010773,528.707439919501,448.46722,642.1854248046875
2024-10-24 13:00:00,724.1507920000001,387.1567139580722,583.5895712380834,1968.346,516.252197265625
2024-10-24 14:00:00,695.5064559999998,404.3066958154179,782.20049857,1949.702,563.4923095703125
2024-10-24 15:00:00,690.807104,379.57070397235094,755.0694234599999,949.164,613.400634765625
2024-10-24 16:00:00,669.921875,380.3658714165532,739.0365588300003,705.4675,541.5589599609375
2024-10-24 17:00:00,695.5064559999998,373.2457213237112,732.197667265,681.67584,546.8049926757812
2024-10-24 18:00:00,709.7322879999999,382.7385485990155,772.2996874266668,690.60254,603.0614624023438
2024-10-24 19:00:00,649.461896,382.6836740685593,768.7609432666669,710.35455,705.6712036132812
2024-10-24 20:00:00,551.3679999999998,366.2519556726599,721.0527805666666,703.67706,688.2782592773438
2024-10-24 21:00:00,445.9437439999999,345.2543278564369,484.2658481195482,434.99835,629.953857421875
2024-10-24 22:00:00,411.8307840000001,320.9224353929532,422.1605528110303,362.97702,556.3300170898438
2024-10-24 23:00:00,400.315553,324.9877965718964,380.17533636871735,425.4553,462.8760986328125
2024-10-25 00:00:00,389.017,323.1581082430968,371.40782170116347,368.61435,529.9038696289062
2024-10-25 01:00:00,426.957777,318.37693987212344,369.85323271469565,341.59512,516.9664306640625
2024-10-25 02:00:00,476.3795409999999,337.05820742883174,437.39988450580006,431.7266,441.61907958984375
2024-10-25 03:00:00,491.1690689999999,348.87178400628846,510.57195892142886,509.51572,487.3753662109375
2024-10-25 04:00:00,481.890304,352.00034314309175,443.9598545212939,418.16562,519.5859375
2024-10-25 05:00:00,418.5089920000001,350.1806193856527,435.387710748011,389.92053,515.1273803710938
2024-10-25 06:00:00,451.217663,323.9712527817752,367.38678930937516,323.96597,469.2010498046875
2024-10-25 07:00:00,469.0974329999999,349.5775952926899,517.8004493125644,354.5294,424.197509765625
2024-10-25 08:00:00,480.048687,344.41236717959777,461.4905707162613,461.1865,503.65985107421875
2024-10-25 09:00:00,472.729139,343.09849124598816,438.58155156771943,413.62033,501.65753173828125
2024-10-25 10:00:00,483.736625,333.5438926200511,429.5085609003862,415.8434,529.7861938476562
2024-10-25 11:00:00,483.736625,333.0775624147119,429.0915738503863,477.24585,516.5886840820312
2024-10-25 12:00:00,474.552,328.2946871240243,428.66719121400536,457.9217,478.6171875
2024-10-25 13:00:00,458.314011,317.796723291765,436.28752155083873,471.32867,444.7777099609375
2024-10-25 14:00:00,470.91095200000007,305.10131473421796,419.9319166869278,297.20483,383.206787109375
2024-10-25 15:00:00,489.303872,312.57394351175276,430.8879901426551,502.23773,337.3133544921875
2024-10-25 16:00:00,502.459875,317.95857140523896,428.3860611498565,417.16357,382.001953125
2024-10-25 17:00:00,512.0,315.910254108018,438.0756194007508,457.39038,401.44927978515625
2024-10-25 18:00:00,547.3434319999999,311.878524215104,490.1398347134374,459.07513,426.591552734375
2024-10-25 19:00:00,510.08239900000007,320.94154020088257,560.400970597802,458.74857,439.17822265625
2024-10-25 20:00:00,423.564751,300.3162212122529,465.99743969126473,457.5939,477.96868896484375
2024-10-25 21:00:00,416.83272299999993,274.27679737821484,370.7223210646956,352.3472,415.244384765625
2024-10-25 22:00:00,451.217663,289.12311734891114,380.39565697934415,443.43414,358.71343994140625
2024-10-25 23:00:00,561.515625,304.3017807139698,522.0592015252429,448.21524,420.2828369140625
2024-10-26 00:00:00,636.0559999999999,346.4781037192521,653.0087889008338,570.0625,438.7413330078125
2024-10-26 01:00:00,609.800192,360.6267839972577,602.6576829575001,688.4846,544.436767578125
2024-10-26 02:00:00,523.6066160000001,346.1715754471756,578.1183459317582,859.15204,549.5250244140625
2024-10-26 03:00:00,578.009537,321.91806825382463,499.8181197212661,528.8587,460.794921875
2024-10-26 04:00:00,456.533,357.87878411703014,599.2844783776152,498.91122,437.71478271484375
2024-10-26 05:00:00,307.546875,303.19922967326124,431.72385066811984,354.37152,533.790771484375
2024-10-26 06:00:00,175.61599999999996,266.2165526603501,296.72660915900013,274.9664,423.4683837890625
2024-10-26 07:00:00,97.97218100000002,215.58753159324823,137.03669898427958,158.94711,296.4055480957031
2024-10-26 08:00:00,34.965783,182.408798040242,61.80027027775794,74.50928,144.96231079101562
2024-10-26 09:00:00,24.897088,118.99774006499177,25.77163928823219,26.989021,76.64459991455078
2024-10-26 10:00:00,64.0,134.89392331153098,23.622543140845604,28.048584,22.321760177612305
2024-10-26 11:00:00,119.82315699999998,209.74153096751448,93.6714854906432,94.063354,39.60081481933594
2024-10-26 12:00:00,148.035889,234.3235616437054,194.7584352568605,186.79166,165.04791259765625
2024-10-26 13:00:00,173.74111200000002,234.27776475568604,174.1543111150806,174.14778,218.1875762939453
2024-10-26 14:00:00,190.109375,245.9897011381822,183.1920993586458,172.11794,180.97572326660156
2024-10-26 15:00:00,158.34042100000002,246.9188884665652,200.14678646855,201.09828,218.34469604492188
2024-10-26 16:00:00,126.50600799999997,200.19134894626558,130.94422855671212,141.29045,260.8680725097656
2024-10-26 17:00:00,114.79125600000002,171.49821057738072,101.98223545542896,105.46459,153.05276489257812
2024-10-26 18:00:00,122.76347299999998,164.00104782251063,111.41959743173679,100.55139,73.56343078613281
2024-10-26 19:00:00,111.98016800000002,172.1127173353631,131.42480019188736,132.1168,123.63522338867188
2024-10-26 20:00:00,102.50323199999998,155.15216052231509,106.68799261532662,107.673546,122.09394836425781
2024-10-26 21:00:00,116.214272,151.15499747926003,96.14442909922407,101.54507,87.4507064819336
2024-10-26 22:00:00,129.55421599999997,167.92342437412574,140.98764188065726,134.683,113.20562744140625
2024-10-26 23:00:00,147.19795200000002,173.45815055387504,146.9337752167196,143.68185,149.044189453125
2024-10-27 00:00:00,111.28464099999997,186.42462618688373,157.8381332877166,155.46541,148.26992797851562
2024-10-27 01:00:00,74.08800000000001,142.951795248315,87.68018102833787,94.44822,177.8841094970703
2024-10-27 02:00:00,53.15737599999999,117.67136494427959,66.55075626479754,64.37596,86.38821411132812
2024-10-27 03:00:00,38.614472,104.42365712212822,49.632339509556324,46.298847,50.08578872680664
2024-10-27 04:00:00,24.389,88.67301810441566,37.29100526474686,34.290443,40.67509078979492
2024-10-27 05:00:00,16.387064000000002,66.84726628498692,21.070235850751427,18.073038,26.259801864624023
2024-10-27 06:00:00,11.239424000000003,56.34831865977962,22.34840914890588,13.905809,20.864089965820312
2024-10-27 07:00:00,16.777216,46.531002917237856,20.972003879994023,25.47212,17.962297439575195
2024-10-27 08:00:00,29.503629,70.65876163659189,28.209345381151348,25.774668,15.07745361328125
2024-10-27 09:00:00,54.439939,89.74487067569825,43.69372512378011,48.392727,33.83977508544922
2024-10-27 10:00:00,77.85448299999997,136.3565097303377,67.10248245469745,72.919106,58.3697509765625
2024-10-27 11:00:00,91.125,147.56289405758838,97.05590209892154,92.287415,94.01045989990234
2024-10-27 12:00:00,97.33599999999998,153.32049862920982,92.00064405634315,101.2244,98.57813262939453
2024-10-27 13:00:00,102.50323199999998,155.6926654083879,96.32978502357933,98.04951,89.33805847167969
2024-10-27 14:00:00,104.487111,148.40646985699692,103.01501951722537,105.24873,103.74588775634766
2024-10-27 15:00:00,89.31462299999998,142.3421847211463,107.96698690359894,94.82345,88.52861022949219
2024-10-27 16:00:00,55.306341,119.90683464933812,73.90266035754486,66.096375,61.16273498535156
2024-10-27 17:00:00,20.346417,78.5942565586476,33.55813903615576,32.35977,31.666976928710938
2024-10-27 18:00:00,10.218312999999998,20.760357381139055,11.206207806580723,12.0872135,19.463476181030273
2024-10-27 19:00:00,10.793861,9.248956224911495,9.772299227168517,10.404781,15.617525100708008
2024-10-27 20:00:00,10.218312999999998,17.0128913285634,12.619835394916477,12.65502,8.646068572998047
2024-10-27 21:00:00,9.393930999999998,5.565629087803284,10.047932486975961,9.820021,7.4453582763671875
2024-10-27 22:00:00,8.242408,2.2776617268573744,9.279868561643932,9.302648,8.523468017578125
2024-10-27 23:00:00,6.539203000000001,-10.437349780719174,7.409234630395161,8.37213,6.969295501708984
2024-10-28 00:00:00,5.177717,-21.316155151441656,5.631856893704603,6.177373,5.894306182861328
2024-10-28 01:00:00,4.330746999999999,-17.341454231692687,4.2456774241874475,4.6080155,4.803485870361328
2024-10-28 02:00:00,3.869893,-16.221161482214463,4.113446161644488,4.148392,4.175575256347656
2024-10-28 03:00:00,3.5118080000000003,-16.39880959692487,3.644709973807709,3.9887152,4.622028350830078
2024-10-28 04:00:00,3.5118080000000003,-17.850632055029557,3.097319999813393,3.7252207,4.6797637939453125
2024-10-28 05:00:00,4.019679000000001,-14.790826308146208,4.516492605149393,4.2740283,4.407615661621094
2024-10-28 06:00:00,4.574296,-6.1026268540936,5.270801467596849,4.4590597,5.405506134033203
2024-10-28 07:00:00,11.239424000000003,-0.010244444595905122,11.374102859474105,12.224097,16.926450729370117
2024-10-28 08:00:00,15.813250999999996,38.719486022480154,20.36167053597763,18.898073,19.345226287841797
2024-10-28 09:00:00,19.465109,37.27818859590144,19.79683790584353,23.419357,23.764591217041016
2024-10-28 10:00:00,19.034163,51.393765028640175,19.998448744759532,22.397459,21.83763885498047
2024-10-28 11:00:00,17.576,34.183639415242375,16.803823832279793,17.665535,16.229572296142578
2024-10-28 12:00:00,16.387064000000002,22.713221441540306,15.779128661545728,17.48401,13.978490829467773
2024-10-28 13:00:00,15.813250999999996,18.884957727344464,14.479202644113341,14.781411,13.524036407470703
2024-10-28 14:00:00,15.069223000000004,18.83786678271587,15.03374934626202,15.344209,12.911418914794922
2024-10-28 15:00:00,15.252992,11.29517011670847,12.780712417763334,13.035999,12.866157531738281
2024-10-28 16:00:00,10.503459,15.960305613116056,13.451696007310234,13.179072,8.875946044921875
2024-10-28 17:00:00,9.938375,-1.2658323239643003,7.563073395204831,7.1799355,6.572959899902344
2024-10-28 18:00:00,7.414874999999999,2.8903236697180326,10.098237891485969,9.759064,2.3552894592285156
2024-10-28 19:00:00,9.129328999999998,-10.965645067524456,8.204195517281267,7.594738,8.322162628173828
2024-10-28 20:00:00,9.528128,-11.645470754534195,10.436305439929162,10.19577,7.230434417724609
2024-10-28 21:00:00,8.120600999999997,-16.70023993036971,10.005578288627682,9.891985,10.962066650390625
2024-10-28 22:00:00,6.229504,-22.609756625383874,7.087239252254657,6.9375467,8.194488525390625
2024-10-28 23:00:00,4.330746999999999,-29.536641619492592,4.958856644761966,5.6475077,7.204174041748047
2024-10-29 00:00:00,2.5713530000000007,-35.15939037677864,3.4096857588961327,3.4211931,4.534969329833984
2024-10-29 01:00:00,1.030301,-43.946968797539164,1.8674685724449327,2.1084032,3.7495689392089844
2024-10-29 02:00:00,0.1951119999999999,-60.22371603647806,0.6262034580344449,1.2367144,1.3796958923339844
2024-10-29 03:00:00,0.0297909999999999,-75.16215351253607,0.3118008734178664,0.66725737,-0.5268592834472656
2024-10-29 04:00:00,0.002197,-74.79373605121623,0.30131352831036634,0.6123658,-1.6332893371582031
2024-10-29 05:00:00,0.0058319999999999,-76.07615065616707,0.5641893695690599,0.7107755,-2.008380889892578
2024-10-29 06:00:00,0.0297909999999999,-65.90876870520873,1.0732455331223776,0.020191114,-2.6248741149902344
2024-10-29 07:00:00,0.019683,-58.74685793193206,0.5592960126643544,2.7195082,-1.1478042602539062
2024-10-29 08:00:00,0.166375,-74.6572967601183,0.6960281465865069,0.63004607,-0.25255584716796875
2024-10-29 09:00:00,0.3890169999999999,-69.2689162130047,0.6825086881444596,0.7188717,-0.9564247131347656
2024-10-29 10:00:00,0.5717869999999999,-51.07988903494387,1.1038943843697169,1.0251088,-0.21694183349609375
2024-10-29 11:00:00,1.030301,-61.662219913339605,0.8728095727584444,1.0039866,-0.2507362365722656
2024-10-29 12:00:00,2.000376,-56.41028534697853,2.177944104582242,2.2172835,-0.5973663330078125
2024-10-29 13:00:00,3.112136,-36.66193953060202,3.431204324859371,3.5374699,-0.10350799560546875
2024-10-29 14:00:00,4.741631999999999,-24.756531234150117,4.5897443604786226,4.9432893,1.0672187805175781
2024-10-29 15:00:00,6.128487000000001,-16.000582678013302,6.6624253199552435,6.2555013,1.8828201293945312
2024-10-29 16:00:00,5.088448,-9.919233346397924,7.295028581583415,6.524922,3.131397247314453
2024-10-29 17:00:00,5.451776,-17.98905237824068,4.213216083111597,3.7274406,2.6136512756347656
2024-10-29 18:00:00,4.330746999999999,-16.645378393798424,5.933972427035224,5.8563905,1.4628028869628906
2024-10-29 19:00:00,5.6397520000000005,-26.42247903746761,4.5320201395287185,4.7372646,3.2762298583984375
2024-10-29 20:00:00,6.434856000000001,-31.021002830884612,7.126860727508248,6.409897,5.299358367919922
2024-10-29 21:00:00,6.967870999999999,-27.185059451880157,7.253921219010539,6.8404584,4.318965911865234
2024-10-29 22:00:00,7.189056999999999,-22.649496174706094,7.759791808130363,7.3744144,4.601779937744141
2024-10-29 23:00:00,6.967870999999999,-22.090287790800566,7.299276881236359,7.2333355,5.840400695800781
2024-10-30 00:00:00,6.751268999999999,-19.460334783082246,6.603151567182318,6.490941,5.898906707763672
2024-10-30 01:00:00,6.128487000000001,-19.58443981779194,6.93052588621165,6.4595456,5.644889831542969
2024-10-30 02:00:00,5.451776,-20.75447030876,5.419565452892812,5.6053843,5.256778717041016
2024-10-30 03:00:00,4.741631999999999,-22.88761474597473,4.9563456484296005,4.9232297,4.059986114501953
2024-10-30 04:00:00,3.944312000000001,-23.464515426456245,4.538008170148444,4.2734585,3.881885528564453
2024-10-30 05:00:00,2.924207,-25.378295086605746,3.6461440894081933,3.9095354,3.2905426025390625
2024-10-30 06:00:00,2.000376,-31.778835275794833,2.5301704404991576,2.6607368,2.5511398315429688
2024-10-30 07:00:00,1.6016129999999995,-37.004711031921154,1.7541088620414498,5.2000413,7.499340057373047
2024-10-30 08:00:00,1.092727,-47.48121927975853,2.2207197808166996,2.1100776,6.727504730224609
2024-10-30 09:00:00,0.636056,-73.85452075754444,1.189667314656952,1.3532785,2.456268310546875
2024-10-30 10:00:00,1.2597120000000002,-73.87115963557017,0.9181541553060447,1.1875311,0.7724456787109375
2024-10-30 11:00:00,2.6856189999999995,-56.317361079735925,2.2277816050682215,2.2234838,-0.16208648681640625
2024-10-30 12:00:00,4.574296,-40.603636402093734,4.284071697073529,3.9819496,0.9745521545410156
2024-10-30 13:00:00,6.331625000000001,-19.381849717308285,7.014797968522513,6.7872934,2.1177024841308594
2024-10-30 14:00:00,8.0,-13.174451415649969,7.625699666366926,7.76316,4.782478332519531
2024-10-30 15:00:00,9.800344,-5.927408119684898,9.349191055608598,9.175174,4.897148132324219
2024-10-30 16:00:00,7.880599,5.5186879127981285,10.003448090082122,9.819599,4.5181427001953125
2024-10-30 17:00:00,8.741816,-6.492120798319569,6.328284028225747,5.4764676,4.135009765625
2024-10-30 18:00:00,8.365426999999997,0.8351580285095466,9.097025741817692,9.382693,2.1628952026367188
2024-10-30 19:00:00,11.697083,-1.3901611080540164,8.109022792008414,9.423398,5.454460144042969
2024-10-30 20:00:00,13.651919,2.0929243047078785,14.128260596537679,14.206928,10.952259063720703
2024-10-30 21:00:00,13.823999999999998,4.758807294771479,14.886979132140013,14.599599,10.474876403808594
2024-10-30 22:00:00,12.487167999999995,4.287991847174613,13.104953762678196,13.087721,9.737594604492188
2024-10-30 23:00:00,11.089567,-2.7871523532182323,11.123265192107658,11.2773695,10.609027862548828
2024-10-31 00:00:00,9.663596999999998,-7.212128920134923,10.017830115220146,9.909723,8.995277404785156
2024-10-31 01:00:00,8.120600999999997,-15.070787038888675,8.275573809041434,7.853473,7.954826354980469
2024-10-31 02:00:00,5.929741000000001,-20.555404799944085,6.946528489084755,6.810686,7.53863525390625
2024-10-31 03:00:00,4.657462999999999,-30.662511582889856,4.812907558068873,5.0809865,5.624813079833984
2024-10-31 04:00:00,4.173281000000001,-31.839337644450012,3.6405878855232965,3.7503912,3.880859375
2024-10-31 05:00:00,4.096000000000001,-28.063478059004723,3.827418637281499,4.0399423,2.8592681884765625
2024-10-31 06:00:00,4.330746999999999,-23.99818668566178,4.140361025763112,4.305446,3.232776641845703
2024-10-31 07:00:00,5.832000000000001,-18.471031209600866,10.617567700146367,11.176677,14.006429672241211
2024-10-31 08:00:00,9.261,-21.151379685163818,9.419961081276103,8.246047,15.989849090576172
2024-10-31 09:00:00,7.301384,-13.958410957285416,11.042366278969032,11.035386,8.089603424072266
2024-10-31 10:00:00,3.944312000000001,-21.80236576365604,6.14530967350173,6.914123,7.2978973388671875
2024-10-31 11:00:00,2.4603750000000004,-46.25727958382698,2.5886644931082867,2.7877636,6.236682891845703
2024-10-31 12:00:00,1.860867,-53.92614959235261,2.110585655717904,2.1660562,1.3973312377929688
2024-10-31 13:00:00,1.4049280000000004,-51.32123043059219,1.7673785661070835,2.0885193,0.7426948547363281
2024-10-31 14:00:00,0.912673,-54.91417443696344,1.3315173238931959,1.541805,0.669342041015625
2024-10-31 15:00:00,0.456533,-66.05073940449665,0.7927049946286678,1.2789209,0.09637451171875
2024-10-31 16:00:00,0.2159999999999999,-74.25286435830282,0.49586193993462335,0.12105091,-0.631134033203125
2024-10-31 17:00:00,0.3285089999999999,-72.3218701895284,0.3831949544375092,-0.23279701,-0.9461669921875
2024-10-31 18:00:00,1.685159,-56.92138224969013,0.9844862190733927,0.5815417,-1.0503730773925781
2024-10-31 19:00:00,5.000210999999999,-13.63082268036424,5.254235719349868,4.348995,-0.4547691345214844
2024-10-31 20:00:00,8.741816,0.2892959838687581,8.92980738627476,8.212638,3.65838623046875
2024-10-31 21:00:00,11.239424000000003,1.9644741222917474,12.58129313568961,11.280732,6.5430145263671875
2024-10-31 22:00:00,12.487167999999995,6.72823654706248,14.018255890247572,12.84326,9.269634246826172
2024-10-31 23:00:00,12.487167999999995,8.46343777150792,13.419617805396554,13.590639,9.183673858642578
2024-11-01 00:00:00,12.008989,4.252469391443491,12.773027974193703,11.909593,9.853042602539062
2024-11-01 01:00:00,11.089567,2.8694296935169774,11.635659464505993,10.933956,10.04800796508789
2024-11-01 02:00:00,9.938375,-0.16155782894571047,10.259612922797286,10.231503,10.07635498046875
2024-11-01 03:00:00,8.741816,-3.4374485748487515,8.845000238265351,8.637603,6.966270446777344
2024-11-01 04:00:00,7.762391999999999,-5.383095357903507,7.996499388553334,7.83395,6.6820220947265625
2024-11-01 05:00:00,6.751268999999999,-6.697440799739709,7.472974660582951,7.506306,5.226593017578125
2024-11-01 06:00:00,5.832000000000001,-10.279622867159716,8.109015483127884,6.8475966,5.045894622802734
2024-11-01 07:00:00,6.229504,-11.487162460649913,11.349572048782555,11.64273,13.319087982177734
2024-11-01 08:00:00,8.120600999999997,-5.964324182751064,11.520885981718147,9.929459,11.983760833740234
2024-11-01 09:00:00,6.128487000000001,0.780706174369385,10.158116508778779,10.015831,8.005058288574219
2024-11-01 10:00:00,3.581577,-15.738178523290252,4.944388453924299,6.256216,4.503318786621094
2024-11-01 11:00:00,2.1466890000000003,-35.9047286414738,2.792396758625099,2.4945354,2.9390869140625
2024-11-01 12:00:00,1.4815439999999995,-43.612639234272656,1.4322913868678768,1.905557,0.9283332824707031
2024-11-01 13:00:00,1.030301,-44.52508592549997,1.2190211400098805,1.9921525,-0.05290985107421875
2024-11-01 14:00:00,0.7290000000000001,-51.41764089739326,0.9209573196542397,2.1030512,0.19578170776367188
2024-11-01 15:00:00,0.7049690000000001,-58.97872203295501,0.8532766189642921,1.6720651,-0.004131317138671875
2024-11-01 16:00:00,0.658503,-52.57696462126119,1.0703008363592779,1.0270969,-0.21295547485351562
2024-11-01 17:00:00,0.941192,-51.03062275583306,0.8788459211963009,0.45528477,-0.3693084716796875
2024-11-01 18:00:00,0.636056,-45.54584129490883,1.6200726765811087,1.1150446,-0.472686767578125
2024-11-01 19:00:00,0.7049690000000001,-57.93336027294023,0.742047449147133,1.1812685,0.7638206481933594
2024-11-01 20:00:00,0.8847359999999999,-61.21116878777887,1.1989062105015784,1.2577869,0.18156814575195312
2024-11-01 21:00:00,1.0,-55.89668272700637,1.405801047507264,1.1444237,-0.3909492492675781
2024-11-01 22:00:00,1.3310000000000004,-57.76457884658405,1.4145548837753896,1.4616454,-0.19133377075195312
2024-11-01 23:00:00,2.0483830000000003,-50.85344004864681,1.9587404008777207,1.8084586,-0.013843536376953125
2024-11-02 00:00:00,3.176523,-38.84925475262775,3.307240019096763,2.62853,0.6524314880371094
2024-11-02 01:00:00,4.574296,-33.95824721029009,4.8008574772263355,4.405626,1.8787384033203125
2024-11-02 02:00:00,6.128487000000001,-30.36237704342711,6.34515494770477,6.10434,3.0092391967773438
2024-11-02 03:00:00,7.077887999999999,-25.488576181985536,7.452100403023524,7.262302,5.3080902099609375
2024-11-02 04:00:00,7.762391999999999,-26.055223609581198,8.272993848546156,8.588878,6.379886627197266
2024-11-02 05:00:00,8.120600999999997,-25.418620627004877,8.654210820934493,8.38925,6.218048095703125
2024-11-02 06:00:00,8.242408,-25.135860994858575,8.300717170691625,8.333608,5.507770538330078
2024-11-02 07:00:00,13.144256,-24.659272495172317,15.33191558107133,15.075031,10.234169006347656
2024-11-02 08:00:00,15.625,-3.450287925375605,17.719658131561207,17.408936,11.820823669433594
2024-11-02 09:00:00,7.529535999999999,-3.489062572231404,13.835572691783087,13.501903,9.119190216064453
2024-11-02 10:00:00,6.751268999999999,-42.821848519752784,5.00832766897564,5.530155,11.522953033447266
2024-11-02 11:00:00,5.735339000000001,-42.59269964175423,6.9409035409966835,6.102516,4.129180908203125
2024-11-02 12:00:00,4.330746999999999,-33.114051371750065,4.9666836251273665,4.792943,4.0569610595703125
2024-11-02 13:00:00,3.375,-35.81280595772906,3.5344614927527807,3.2856812,2.952289581298828
2024-11-02 14:00:00,2.8632879999999994,-44.136857754748625,2.5089941473775075,3.140842,1.9156951904296875
2024-11-02 15:00:00,2.5713530000000007,-44.14033731871552,2.500926870613196,2.6875536,1.0055351257324219
2024-11-02 16:00:00,1.685159,-36.07668296764779,2.4157114972550544,1.8041959,0.4410400390625
2024-11-02 17:00:00,1.225043,-44.09650508672967,1.645422617264388,0.8866127,0.3831291198730469
2024-11-02 18:00:00,0.8573749999999999,-40.16316841364442,1.2100619258263692,0.99230736,-0.29399871826171875
2024-11-02 19:00:00,0.912673,-43.02546692080441,0.8701357025062554,1.4423,0.4725379943847656
2024-11-02 20:00:00,1.4815439999999995,-32.049673213844,1.2093144299140524,1.2865828,0.46616363525390625
2024-11-02 21:00:00,1.771561,-31.606291223540445,2.3880767036927484,2.218086,-0.20604324340820312
2024-11-02 22:00:00,1.3310000000000004,-28.40400878834734,2.2813311260946474,2.1822822,0.441009521484375
2024-11-02 23:00:00,0.5927039999999999,-40.35812121852636,1.2691428811466843,1.1671151,0.7824172973632812
2024-11-03 00:00:00,0.1105919999999999,-57.24257303049402,0.47360373584901916,0.75878614,0.24138259887695312
2024-11-03 01:00:00,0.000343,-76.4814351703715,0.2842469799306311,0.5821236,-0.23287582397460938
2024-11-03 02:00:00,0.2383279999999999,-93.98018065717065,0.3129212115759504,0.5929211,-1.0448150634765625
2024-11-03 03:00:00,1.030301,-39.904567436587705,1.1810310206442545,0.65902656,-1.4751396179199219
2024-11-03 04:00:00,2.248091,-40.78848739118214,2.5331461274682714,2.354677,0.7027854919433594
2024-11-03 05:00:00,3.581577,-35.647899899320485,3.7562576922746804,3.736951,1.1436309814453125
2024-11-03 06:00:00,5.177717,-26.41870356366463,5.012285526858604,4.6387305,3.4378318786621094
2024-11-03 07:00:00,5.832000000000001,-16.69376593959801,9.6569008089652,10.974134,5.911205291748047
2024-11-03 08:00:00,11.543175999999995,-26.977451031327966,9.30676970803776,7.5931416,7.317497253417969
2024-11-03 09:00:00,6.858999999999999,-3.640214129424727,13.18725119542464,12.9958315,4.8603515625
2024-11-03 10:00:00,3.307949,-24.329453491590478,4.7524261539518875,5.757681,5.222858428955078
2024-11-03 11:00:00,3.869893,-60.82193475359154,2.1251195620205086,2.3825889,3.532024383544922
2024-11-03 12:00:00,3.581577,-21.394208737900414,4.594652695697594,4.5457835,0.619873046875
2024-11-03 13:00:00,3.112136,-23.492592705869008,3.2495923461245217,3.4386,1.3041458129882812
2024-11-03 14:00:00,2.744,-34.89934420322812,3.1342997180142236,3.27208,1.1858406066894531
2024-11-03 15:00:00,1.953125,-39.23662172047349,2.440905753560866,2.4589322,0.8663063049316406
2024-11-03 16:00:00,1.157625,-38.49322126821702,1.7081333695644687,0.95886505,0.01203155517578125
2024-11-03 17:00:00,0.493039,-45.05259852075127,0.9028965954101231,0.088302754,-0.3417778015136719
2024-11-03 18:00:00,0.064,-47.96555280019573,0.4724410656105127,0.6239575,-0.5860633850097656
2024-11-03 19:00:00,0.0243889999999999,-75.10005633395929,0.2553151888975387,0.7540994,-0.09085464477539062
2024-11-03 20:00:00,0.287496,-50.77936690111566,0.24409913560288266,0.4488504,-0.8631210327148438
2024-11-03 21:00:00,0.941192,-28.62885021169285,1.1243509774499412,0.50333196,-1.2383842468261719
2024-11-03 22:00:00,1.771561,-21.962508782401613,2.236963749596444,1.5820731,-0.3758392333984375
2024-11-03 23:00:00,2.5154560000000004,-21.936072628490493,2.9547853853726465,2.889871,1.26416015625
2024-11-04 00:00:00,2.8632879999999994,-18.25768444031757,3.3357996762407836,3.4106672,1.5814132690429688
2024-11-04 01:00:00,3.0486249999999995,-12.943952622278807,3.2009615478687596,3.2310781,2.3490066528320312
2024-11-04 02:00:00,3.652264,-14.03440211427828,3.7248836359295416,3.4131384,1.9990425109863281
2024-11-04 03:00:00,5.177717,-13.326396292386192,4.4005073957559,4.440486,2.290180206298828
2024-11-04 04:00:00,7.189056999999999,-4.798703552018964,6.935803979408361,6.3942385,2.310619354248047
2024-11-04 05:00:00,9.129328999999998,-1.212759245786696,8.611088031235292,8.766475,3.5543136596679688
2024-11-04 06:00:00,10.077696,0.7457393043027984,11.739906558556207,10.350129,3.710582733154297
2024-11-04 07:00:00,9.528128,-0.5777958061634436,17.873498149414026,18.496923,9.145973205566406
2024-11-04 08:00:00,17.576,-6.775272139208305,15.70792176132856,13.126677,9.941425323486328
2024-11-04 09:00:00,6.331625000000001,27.869447447973215,16.430225697193453,15.345996,5.543998718261719
2024-11-04 10:00:00,0.8847359999999999,-29.775072426503847,3.9108052651930088,4.6936936,5.953662872314453
2024-11-04 11:00:00,0.1105919999999999,-80.65881434910605,0.6080634002194398,0.8989733,2.1028213500976562
2024-11-04 12:00:00,0.079507,-71.62862780089804,0.2599792259923259,0.59086543,-0.2883644104003906
2024-11-04 13:00:00,0.091125,-55.62395957644663,0.25255570642143405,0.58641076,-1.9315452575683594
2024-11-04 14:00:00,0.1038229999999999,-63.03271896855471,0.25255570642143405,0.7292534,-1.624420166015625
2024-11-04 15:00:00,0.166375,-68.276958732286,0.2885196045147441,0.48118204,-1.1649017333984375
2024-11-04 16:00:00,0.262144,-54.585759696918565,0.3624738672541309,-0.24847578,-1.1933021545410156
2024-11-04 17:00:00,0.3890169999999999,-45.85489645417277,0.6989412328399335,-0.18075776,-1.2013130187988281
2024-11-04 18:00:00,0.8573749999999999,-39.60558267148259,0.7506286636178637,0.74707747,-1.0609703063964844
2024-11-04 19:00:00,1.3676310000000005,-22.597864433316303,1.7858050754458545,1.727139,0.2903938293457031
2024-11-04 20:00:00,1.6430319999999998,-8.174448452949285,2.1048437049016533,2.052289,0.09698867797851562
2024-11-04 21:00:00,1.2950290000000002,-18.959740210017202,2.125230167498981,2.204759,0.469757080078125
2024-11-04 22:00:00,0.7290000000000001,-30.335825481891987,1.3281578707188253,1.4544157,0.5814323425292969
2024-11-04 23:00:00,0.636056,-42.23107676413456,0.7761506238627406,1.079845,0.10527801513671875
2024-11-05 00:00:00,1.3676310000000005,-38.98214231833796,0.8753692277790424,0.8757058,-0.2955970764160156
2024-11-05 01:00:00,3.241792,-23.80660603184068,2.407389473885428,2.2257438,0.15929794311523438
2024-11-05 02:00:00,5.451776,-13.5022762982967,5.126293744052457,4.797065,1.3884735107421875
2024-11-05 03:00:00,8.120600999999997,-7.108008804448282,7.699646884061401,7.3765273,2.659435272216797
2024-11-05 04:00:00,11.239424000000003,4.163820998540821,10.599691446163,10.188598,4.739276885986328
2024-11-05 05:00:00,15.252992,14.601096898028082,13.900376607473985,13.299808,4.753513336181641
2024-11-05 06:00:00,19.465109,26.94479743133346,16.839554420864378,16.69205,5.307773590087891
2024-11-05 07:00:00,34.965783,37.04298969206174,31.669971093186405,33.47828,13.068000793457031
2024-11-05 08:00:00,60.698457000000005,76.91656941610846,43.94378403924149,37.89093,20.122638702392578
2024-11-05 09:00:00,34.012224,108.14322324449935,64.86637907384045,56.9967,30.503307342529297
2024-11-05 10:00:00,30.080231,52.4011124488866,30.15922347739234,31.892574,51.95219039916992
2024-11-05 11:00:00,22.906303999999995,57.87605824090362,29.36223287303068,27.208855,26.198484420776367
2024-11-05 12:00:00,16.777216,49.91416721147327,17.10335027988111,16.463192,14.335378646850586
2024-11-05 13:00:00,11.852351999999996,36.096767747631354,12.582024622658807,12.784149,15.832395553588867
2024-11-05 14:00:00,8.869742999999998,18.39823448139945,8.717504939034614,9.1693125,10.43341064453125
2024-11-05 15:00:00,8.489664000000001,6.500571842192503,7.068883966953808,6.374553,6.779331207275391
2024-11-05 16:00:00,5.832000000000001,19.48920886681725,7.637472279937275,6.2904887,3.234386444091797
2024-11-05 17:00:00,4.330746999999999,4.846652568615763,4.436949478424313,3.5930314,3.2119979858398438
2024-11-05 18:00:00,4.826809,0.024059297122789758,4.173932453826028,4.430774,1.2078018188476562
2024-11-05 19:00:00,5.5452330000000005,3.2034121379643707,5.0035390083513995,5.777848,2.5647315979003906
2024-11-05 20:00:00,6.128487000000001,7.1899949835093295,6.198347304670883,6.327971,2.199512481689453
2024-11-05 21:00:00,5.832000000000001,8.493936314536974,6.820601532759892,6.8849454,3.007110595703125
2024-11-05 22:00:00,5.359375,8.027251810043897,5.486059578402545,5.906876,3.546398162841797
2024-11-05 23:00:00,4.826809,4.249478944776989,4.76208392119311,5.255661,3.4670066833496094
2024-11-06 00:00:00,4.826809,1.640838445532225,4.780009692521593,5.023879,3.1490745544433594
2024-11-06 01:00:00,5.268024,2.2508627080002235,4.991599962715371,5.101065,3.849536895751953
2024-11-06 02:00:00,6.229504,-0.233278271560863,6.096610456640356,6.1647897,4.568122863769531
2024-11-06 03:00:00,7.414874999999999,3.268569634159192,7.461719873693027,7.535947,4.9249114990234375
2024-11-06 04:00:00,8.869742999999998,6.9426290717931245,8.574694364358702,8.91337,5.85028076171875
2024-11-06 05:00:00,10.503459,12.907867954249014,9.81346575485166,10.49775,6.853572845458984
2024-11-06 06:00:00,11.089567,18.234247211067473,12.18248405101492,12.323822,8.82260513305664
2024-11-06 07:00:00,26.198073000000004,17.323874843868484,25.36247102541812,27.028625,26.007312774658203
2024-11-06 08:00:00,29.218112,65.84890926540095,31.878078594996012,30.636673,25.796058654785156
2024-11-06 09:00:00,33.076161,41.0666473781709,33.612392956494766,34.002,29.419363021850586
2024-11-06 10:00:00,40.353607,52.28119279152735,32.17143204141636,33.01526,37.76624298095703
2024-11-06 11:00:00,38.95821900000001,71.54252459113525,38.46427584874863,36.240513,34.43675231933594
2024-11-06 12:00:00,35.611289,73.1320802151314,35.519031548646176,35.910213,26.314151763916016
2024-11-06 13:00:00,31.255875,61.856433101785754,32.00397272595219,31.265135,33.187644958496094
2024-11-06 14:00:00,27.0,44.75132957284447,27.486694025445054,27.358788,23.016359329223633
2024-11-06 15:00:00,23.149125,47.016221250015676,22.487585032880187,22.61381,18.445465087890625
2024-11-06 16:00:00,14.172488,44.48352633618315,17.802116239548546,16.50506,11.110466003417969
2024-11-06 17:00:00,7.880599,19.233707676956435,9.700662244153493,7.7251425,7.407199859619141
2024-11-06 18:00:00,7.762391999999999,0.6640133462871738,7.790204553078887,7.386226,2.5802650451660156
2024-11-06 19:00:00,8.869742999999998,8.564674109649193,8.242715316921194,8.463782,3.6038856506347656
2024-11-06 20:00:00,9.261,11.262089387368746,9.39391240443219,9.905752,3.9429168701171875
2024-11-06 21:00:00,8.998912,10.612376076168346,9.744058724266344,9.378387,5.706439971923828
2024-11-06 22:00:00,8.615124999999997,9.421406526168802,9.293589104828861,8.96339,5.395381927490234
2024-11-06 23:00:00,8.120600999999997,5.975164494154136,8.579254875408997,8.799052,5.911540985107422
2024-11-07 00:00:00,7.077887999999999,4.3081679849615675,7.6120413700610765,8.060143,5.827613830566406
2024-11-07 01:00:00,6.539203000000001,-9.098735967874987,6.7548572189913605,7.037344,7.008869171142578
2024-11-07 02:00:00,6.539203000000001,-9.111065993951094,5.923470607958458,6.296437,5.6334381103515625
2024-11-07 03:00:00,7.414874999999999,-8.749830290222043,6.500704590176793,6.463893,6.405708312988281
2024-11-07 04:00:00,8.869742999999998,-2.2349605291168544,8.23947664492767,8.657775,6.420783996582031
2024-11-07 05:00:00,10.360232000000002,5.336058657469305,9.384893616927009,10.7573805,8.243133544921875
2024-11-07 06:00:00,11.852351999999996,12.999605881838306,12.735082666771609,13.23489,11.63779067993164
2024-11-07 07:00:00,28.372625,20.359292371796375,26.937429776123466,30.514803,33.29647445678711
2024-11-07 08:00:00,27.270900999999995,67.72068098944865,33.017926332113625,36.601368,34.91273498535156
2024-11-07 09:00:00,27.818127,34.01030424007635,27.02435108390383,32.811592,36.22343826293945
2024-11-07 10:00:00,30.371328,42.274104848995684,25.802595203002387,30.41312,37.83244323730469
2024-11-07 11:00:00,25.412184,47.201289517446305,30.267338389174892,28.227165,19.736347198486328
2024-11-07 12:00:00,20.346417,32.3934997971336,21.2435252785617,20.54597,20.869312286376953
2024-11-07 13:00:00,16.974592999999995,20.461950148087702,15.84868917858287,16.223507,16.595691680908203
2024-11-07 14:00:00,14.886936,14.374661751198067,14.398683772529221,14.758078,13.524524688720703
2024-11-07 15:00:00,13.312053000000002,14.064399376305953,12.547732291966545,12.414561,9.895347595214844
2024-11-07 16:00:00,7.189056999999999,16.56454356304961,10.446598623185357,9.479631,6.567211151123047
2024-11-07 17:00:00,4.912999999999999,-8.333134282593456,4.737569203128445,3.5838637,4.544384002685547
2024-11-07 18:00:00,5.177717,-10.214550464750587,4.662038636952641,4.9568667,1.2282371520996094
2024-11-07 19:00:00,6.331625000000001,-4.636812218932846,5.938101400653446,5.948831,3.377227783203125
2024-11-07 20:00:00,7.414874999999999,-0.23049129901912124,7.352681642778529,7.7326775,3.336536407470703
2024-11-07 21:00:00,7.880599,-0.688994739310747,8.697846945198954,8.683232,3.7212677001953125
2024-11-07 22:00:00,7.301384,-0.42169836836495733,8.49739383319392,8.339896,4.298210144042969
2024-11-07 23:00:00,5.929741000000001,-7.519687826227873,6.8648401884646315,6.939147,5.033222198486328
2024-11-08 00:00:00,4.492124999999999,-14.693583701115948,5.185153868621691,5.514746,4.608848571777344
2024-11-08 01:00:00,3.375,-24.77833062867719,3.586700860570516,3.987134,4.381278991699219
2024-11-08 02:00:00,2.8632879999999994,-31.577344029025518,2.503392588465306,3.1698196,3.4815139770507812
2024-11-08 03:00:00,3.0486249999999995,-32.03358549040893,2.558629466121105,2.958865,2.49261474609375
2024-11-08 04:00:00,3.944312000000001,-27.798552147132334,3.7682966852698088,3.7834082,2.0711822509765625
2024-11-08 05:00:00,5.6397520000000005,-20.39835360000646,5.386239578471198,5.674497,2.4850692749023438
2024-11-08 06:00:00,7.414874999999999,-9.644519080001281,6.7785637286143166,7.1385016,3.1894378662109375
2024-11-08 07:00:00,15.069223000000004,-1.1226385769949943,16.876690205812487,16.94857,13.854080200195312
2024-11-08 08:00:00,19.465109,27.79456708527183,19.65697555600621,18.424538,16.24875259399414
2024-11-08 09:00:00,12.977875,28.873608926700626,17.816049348623952,20.419762,13.381160736083984
2024-11-08 10:00:00,18.821096000000004,-3.56991674300329,12.58201149302854,10.335371,19.80703353881836
2024-11-08 11:00:00,22.188041,33.00925301289277,20.30795443857373,20.722,8.49691390991211
2024-11-08 12:00:00,21.484952,34.57852690582961,24.693318529595846,23.871445,17.039695739746094
2024-11-08 13:00:00,18.191447,29.17592112215519,20.15200822572794,20.64912,21.974489212036133
2024-11-08 14:00:00,14.172488,18.502995668622837,15.064207725527776,16.022802,17.3487606048584
2024-11-08 15:00:00,10.360232000000002,11.485620487495126,10.177997309286805,10.173683,10.280906677246094
2024-11-08 16:00:00,6.331625000000001,4.532765587245123,7.350955023347826,6.371175,5.184925079345703
2024-11-08 17:00:00,3.944312000000001,-7.342715232579856,4.186833832453818,3.2508934,2.727710723876953
2024-11-08 18:00:00,5.5452330000000005,-14.948638101732044,3.9091253744661465,4.0268583,1.0007438659667969
2024-11-08 19:00:00,7.645372999999999,-0.878667331542708,6.69017364929499,6.90827,2.7552528381347656
2024-11-08 20:00:00,9.129328999999998,9.725624430535834,9.641080951108082,9.961962,3.4207305908203125
2024-11-08 21:00:00,9.663596999999998,3.831995982156865,10.529721189880139,10.093389,4.780887603759766
2024-11-08 22:00:00,9.129328999999998,5.159528222831508,10.045789716137783,9.8893175,5.7312469482421875
2024-11-08 23:00:00,7.762391999999999,0.6534641119827285,9.204373153437622,8.540549,5.936931610107422
2024-11-09 00:00:00,5.6397520000000005,-7.325365300649295,7.310886109340547,7.275668,5.738178253173828
2024-11-09 01:00:00,3.5118080000000003,-22.218934423602114,4.781862700450709,4.8489223,5.776332855224609
2024-11-09 02:00:00,2.248091,-35.031020253070274,2.4500419390994503,2.9835923,3.8752098083496094
2024-11-09 03:00:00,2.5713530000000007,-39.25420342658429,1.816627360044257,2.0834155,1.943084716796875
2024-11-09 04:00:00,4.574296,-24.70822204682367,2.8793025486702546,3.287358,0.8133010864257812
2024-11-09 05:00:00,7.414874999999999,-9.29369635462163,7.1137836196641455,6.9563646,2.1426734924316406
2024-11-09 06:00:00,9.663596999999998,-1.012914496807312,9.400959349259411,9.62553,4.926116943359375
2024-11-09 07:00:00,18.191447,3.899043399924267,21.285817303208045,20.476934,19.771175384521484
2024-11-09 08:00:00,24.389,32.52111957955606,22.47115978095618,21.332933,23.555889129638672
2024-11-09 09:00:00,17.173512000000002,36.98892780371297,26.23653420214218,24.539019,17.117578506469727
2024-11-09 10:00:00,23.887872,5.828884149209344,17.371353952030542,16.437809,24.451135635375977
2024-11-09 11:00:00,27.270900999999995,40.30608336054996,26.27665654880624,23.577265,11.748188018798828
2024-11-09 12:00:00,28.372625,44.515121497186996,27.70400375929387,29.334532,19.473459243774414
2024-11-09 13:00:00,29.791000000000004,41.262455383450146,26.970056739782677,28.496176,25.209972381591797
2024-11-09 14:00:00,30.371328,46.12484097018191,27.99038649693805,29.679,24.729875564575195
2024-11-09 15:00:00,27.0,49.82443907093801,26.81857782024617,27.356764,21.318714141845703
2024-11-09 16:00:00,17.779580999999997,44.81736659645876,22.183602479793194,19.969875,13.89317512512207
2024-11-09 17:00:00,9.528128,24.990584973793375,11.778096974936648,10.759512,8.931358337402344
2024-11-09 18:00:00,9.663596999999998,7.467859381266052,8.755639388894819,8.475528,4.495944976806641
2024-11-09 19:00:00,9.663596999999998,9.201850347907339,9.975392803206022,9.73413,6.868083953857422
2024-11-09 20:00:00,9.663596999999998,6.309039195943718,9.53373339454118,9.649033,7.395427703857422
2024-11-09 21:00:00,9.129328999999998,0.37714554064645256,9.525202980383563,8.76598,5.936550140380859
2024-11-09 22:00:00,8.120600999999997,-1.476921925175624,9.133633782887548,8.464327,4.708747863769531
2024-11-09 23:00:00,6.751268999999999,-9.612346431914247,7.4941339990042755,7.7236166,4.774814605712891
2024-11-10 00:00:00,5.5452330000000005,-12.895738436202365,6.180677721894641,6.2667236,4.5074920654296875
2024-11-10 01:00:00,4.826809,-18.370591387353237,4.9850242378301814,4.826772,5.019439697265625
2024-11-10 02:00:00,5.268024,-20.49551584012329,4.352321391411147,4.853666,4.564258575439453
2024-11-10 03:00:00,7.529535999999999,-13.403478291180804,6.104388481048241,6.0140243,4.505702972412109
2024-11-10 04:00:00,10.360232000000002,-0.12073340432113966,9.569926522093011,9.594398,5.4919281005859375
2024-11-10 05:00:00,13.144256,7.499939089372933,12.611471007198135,13.030387,8.349647521972656
2024-11-10 06:00:00,15.625,16.102529685550742,16.816355509488943,15.203596,12.205390930175781
2024-11-10 07:00:00,33.076161,26.120307537886738,31.094567426014947,33.04317,32.06746292114258
2024-11-10 08:00:00,42.875,65.20028654228251,37.83790604063532,37.977497,38.09693145751953
2024-11-10 09:00:00,43.98697699999999,61.995984307960406,43.913864243174224,43.316162,31.012126922607422
2024-11-10 10:00:00,69.934528,64.59194930640396,44.14495099597048,53.871716,50.870670318603516
2024-11-10 11:00:00,77.30877599999998,112.11023671334112,71.55340021707985,72.93754,46.5550422668457
2024-11-10 12:00:00,74.618461,114.57173625485854,79.42061584282169,73.020905,53.4596061706543
2024-11-10 13:00:00,67.91731200000001,107.57404399867093,69.03466686865201,70.24249,63.264503479003906
2024-11-10 14:00:00,61.629875000000006,97.42434143780807,57.47158162318491,61.315388,56.896400451660156
2024-11-10 15:00:00,49.836032,95.40917911452922,50.73783468581456,49.592384,40.444091796875
2024-11-10 16:00:00,30.664297,84.41219626948825,38.27724175836457,34.966526,29.898155212402344
2024-11-10 17:00:00,14.172488,57.605261591066686,21.00011694650891,16.66472,18.473480224609375
2024-11-10 18:00:00,14.886936,26.694824744543652,14.031263484800029,14.123255,10.706615447998047
2024-11-10 19:00:00,15.252992,35.241345627883135,18.27666826857447,17.69769,11.977100372314453
2024-11-10 20:00:00,15.625,27.74844468195723,15.918526931811082,16.162588,13.077568054199219
2024-11-10 21:00:00,16.777216,22.013030196125783,15.405855151567584,14.891405,10.260204315185547
2024-11-10 22:00:00,18.399744,28.974191428749258,17.077672053123,17.016104,8.936874389648438
2024-11-10 23:00:00,20.570824000000005,29.26229711244703,19.483470606827296,19.448877,10.916934967041016
2024-11-11 00:00:00,24.389,39.05686527142025,20.497983192120156,20.98475,13.90397834777832
2024-11-11 01:00:00,30.371328,55.27321860707872,26.35398968804044,26.028564,22.2703857421875
2024-11-11 02:00:00,38.272753,68.30608247391658,33.39899752360764,33.087173,28.603641510009766
2024-11-11 03:00:00,49.430863,84.6126019988011,44.40858758842047,42.33,36.30363464355469
2024-11-11 04:00:00,59.77647100000001,107.542816471343,52.00313266355726,55.57039,48.408939361572266
2024-11-11 05:00:00,59.319,126.30469431174467,67.41154674746879,72.96651,59.62115478515625
2024-11-11 06:00:00,58.86386900000001,126.60158792616036,69.77441811185781,72.271935,81.82234191894531
2024-11-11 07:00:00,91.125,130.79182305116797,80.73047356873484,89.68852,118.48114013671875
2024-11-11 08:00:00,106.49642400000002,170.50468526227306,114.1263347239634,102.6087,136.214599609375
2024-11-11 09:00:00,82.31287499999998,166.28918920101475,128.75511940381585,142.02849,174.2406463623047
2024-11-11 10:00:00,86.93830699999998,131.5922500688345,68.624339411297,75.59823,297.9749755859375
2024-11-11 11:00:00,82.31287499999998,132.48582511264456,82.65541833546304,74.48281,298.7522277832031
2024-11-11 12:00:00,70.95794399999998,130.30226767086188,71.67087137782705,71.68686,145.30581665039062
2024-11-11 13:00:00,61.629875000000006,117.94056821516722,57.089155259781904,58.19072,52.484130859375
2024-11-11 14:00:00,54.01015199999999,104.95361425232977,52.26333502635949,53.342827,36.98039245605469
2024-11-11 15:00:00,47.83214699999999,95.23281009343839,45.79636898849993,44.408,34.417198181152344
2024-11-11 16:00:00,33.076161,98.27292044243686,42.69470850836365,40.190582,21.764394760131836
2024-11-11 17:00:00,14.348907000000002,76.9884185567428,21.705814817993552,20.829159,18.04515266418457
2024-11-11 18:00:00,12.977875,39.586318711216364,12.131275610306432,12.611347,9.741230010986328
2024-11-11 19:00:00,13.823999999999998,43.8416063973022,12.84187804142407,14.524382,7.474510192871094
2024-11-11 20:00:00,13.997521000000004,42.107559178894896,14.430754286282866,15.701963,8.296493530273438
2024-11-11 21:00:00,13.481272,40.828836977932355,13.935597098488634,15.216045,8.946964263916016
2024-11-11 22:00:00,12.326391,41.852001644777246,12.251796978301481,14.273372,10.263870239257812
2024-11-11 23:00:00,12.326391,33.18926183255006,11.20801132167689,11.950805,11.51266860961914
2024-11-12 00:00:00,13.144256,37.4585351599056,12.461423951650584,12.657719,10.972782135009766
2024-11-12 01:00:00,15.069223000000004,39.776113087027795,13.591385977430477,13.805507,15.962434768676758
2024-11-12 02:00:00,18.191447,43.62870243798106,16.452787193902562,16.754717,17.231847763061523
2024-11-12 03:00:00,22.665187000000003,51.69487926748711,20.53705331588661,20.508982,20.51719093322754
2024-11-12 04:00:00,26.730899000000004,62.258756145811674,25.96812944780415,25.983532,25.752038955688477
2024-11-12 05:00:00,29.218112,72.37682872403386,30.552398793539854,31.073858,31.692604064941406
2024-11-12 06:00:00,33.076161,79.42506059984049,34.281810448545556,33.06851,40.560787200927734
2024-11-12 07:00:00,65.939264,88.3906233097215,56.32155738755544,54.96697,57.92129135131836
2024-11-12 08:00:00,60.698457000000005,141.6710899783167,79.36799910994834,69.08521,64.9036865234375
2024-11-12 09:00:00,73.56005900000002,102.43952566021397,54.93775127185762,57.94498,76.9699935913086
2024-11-12 10:00:00,96.071912,131.2402585042029,74.6379104788657,77.420105,98.8956527709961
2024-11-12 11:00:00,88.121125,156.5085907033627,96.92692636775635,92.71066,84.17341613769531
2024-11-12 12:00:00,71.47337500000002,131.22997065792913,77.37231706504195,77.81733,56.224853515625
2024-11-12 13:00:00,58.86386900000001,105.81372004420908,56.30610241235623,58.01079,58.56581115722656
2024-11-12 14:00:00,48.627125,94.81892600960055,47.083392112598155,47.894287,50.52669143676758
2024-11-12 15:00:00,43.24355099999999,84.63116507673399,41.54615472412246,37.620785,27.980989456176758
2024-11-12 16:00:00,36.594368,86.14786643293391,35.784507049286525,31.843569,18.942031860351562
2024-11-12 17:00:00,19.034163,74.88352817725469,30.442468258344277,24.558746,15.897607803344727
2024-11-12 18:00:00,16.387064000000002,33.38691003012182,11.984189366397336,13.929425,13.293197631835938
2024-11-12 19:00:00,16.003008,41.47705220883437,14.704109099530148,16.74068,8.261951446533203
2024-11-12 20:00:00,18.399744,45.02186506690541,15.479500144994482,16.466568,10.07586669921875
2024-11-12 21:00:00,20.123648000000003,57.732350750715305,19.654679235477502,19.485018,10.103275299072266
2024-11-12 22:00:00,21.253933,59.83285445237813,20.118436570222386,20.354443,16.606800079345703
2024-11-12 23:00:00,22.906303999999995,59.23640814934261,21.910441495807735,22.699137,20.41141128540039
2024-11-13 00:00:00,26.730899000000004,68.30006401418511,22.704194346451054,23.313519,25.52422332763672
2024-11-13 01:00:00,33.698267,75.25965304622218,29.552110753725568,29.105501,31.212745666503906
2024-11-13 02:00:00,40.353607,89.16254533867911,36.84524501207532,37.80691,39.323875427246094
2024-11-13 03:00:00,45.499293,100.64770322193806,42.430576224599264,40.96958,51.9989013671875
2024-11-13 04:00:00,49.027896000000005,108.5059111039264,46.78271088253077,47.885494,58.46961212158203
2024-11-13 05:00:00,51.478848000000006,111.7635658740256,51.715435769141294,56.905087,61.712806701660156
2024-11-13 06:00:00,42.50854900000001,113.8890616495313,57.69952036874916,59.830124,68.01126861572266
2024-11-13 07:00:00,61.162984,93.75057544865709,72.16707780917703,71.187164,92.4910659790039
2024-11-13 08:00:00,63.044792,122.26449734785146,76.0811146805119,69.50028,94.9297103881836
2024-11-13 09:00:00,78.953589,101.9067323469364,66.8616244887177,68.73231,86.15845489501953
2024-11-13 10:00:00,96.702579,124.28170874539617,84.47319397309144,84.92992,97.49050903320312
2024-11-13 11:00:00,96.702579,141.10516332387638,96.82974050882504,96.17235,101.79043579101562
2024-11-13 12:00:00,85.76612100000001,139.32745308202726,92.09890245495184,92.63634,63.58199691772461
2024-11-13 13:00:00,73.03463199999999,127.72243992327458,73.0550059740635,72.784744,61.17277145385742
2024-11-13 14:00:00,57.51245599999999,115.1131245888676,59.225808832200364,58.427883,55.33905792236328
2024-11-13 15:00:00,39.651821000000005,97.94565212531563,46.096767347726455,42.552155,32.93634796142578
2024-11-13 16:00:00,17.779580999999997,78.80058430840684,24.88750127072176,23.31123,20.392803192138672
2024-11-13 17:00:00,5.268024,39.71763243853104,10.07305149078667,7.868929,9.906951904296875
2024-11-13 18:00:00,4.096000000000001,8.124545341198903,4.77093009375946,5.534196,3.2238311767578125
2024-11-13 19:00:00,4.019679000000001,18.250659456717827,4.002868317515869,4.625021,1.6811714172363281
2024-11-13 20:00:00,3.581577,19.767910018926905,4.492678915682256,4.6494794,1.4995498657226562
2024-11-13 21:00:00,2.5713530000000007,10.834765170589932,3.3125609327552508,3.9109533,1.4930610656738281
2024-11-13 22:00:00,1.685159,-0.9203057441804248,2.12424117959515,2.7938998,1.4998130798339844
2024-11-13 23:00:00,1.7279999999999998,-12.392355740415624,1.4813968205346704,2.3033967,0.84967041015625
2024-11-14 00:00:00,2.6856189999999995,0.15914887927404564,2.1765396498855742,2.734009,0.16972732543945312
2024-11-14 01:00:00,4.410943999999999,10.166461335091107,3.7343421719565595,4.2452803,1.6960639953613281
2024-11-14 02:00:00,6.539203000000001,16.17257135870951,7.053003808288065,6.3252273,4.18402099609375
2024-11-14 03:00:00,8.998912,21.4495106360117,8.968955635603537,8.079375,8.023452758789062
2024-11-14 04:00:00,11.543175999999995,28.44606598578529,11.250789241505986,11.309703,10.637210845947266
2024-11-14 05:00:00,12.977875,36.78943038107301,14.942758868990213,15.501055,12.18936538696289
2024-11-14 06:00:00,13.997521000000004,39.768744724918726,14.58236083909517,14.955126,15.102664947509766
2024-11-14 07:00:00,29.503629,43.068393371726586,29.11214202093741,29.11336,29.676776885986328
2024-11-14 08:00:00,35.93699999999999,83.0555613328143,35.18829293664146,35.70546,33.82598114013672
2024-11-14 09:00:00,38.614472,70.75092372459716,34.15438478042854,32.947468,35.79462432861328
2024-11-14 10:00:00,46.26827899999999,70.64418348522307,37.57215307732568,38.82878,45.39442825317383
2024-11-14 11:00:00,34.965783,86.5367759844581,45.72794432471139,41.271305,33.63499450683594
2024-11-14 12:00:00,22.665187000000003,58.234097031772926,26.470839441030236,26.603825,29.825063705444336
2024-11-14 13:00:00,15.438249000000004,35.429052171904324,14.42212854749381,15.741991,20.89992332458496
2024-11-14 14:00:00,11.697083,17.86900935646041,11.108547714270733,11.380395,12.448108673095703
2024-11-14 15:00:00,10.360232000000002,15.163340120528698,8.859186310421842,8.566865,7.911106109619141
2024-11-14 16:00:00,8.120600999999997,21.68039480542318,8.385026639091338,7.3466406,4.464794158935547
2024-11-14 17:00:00,6.434856000000001,14.888831164293086,6.317901044221543,5.7405987,2.7756080627441406
2024-11-14 18:00:00,7.645372999999999,12.236763936684717,6.274075288928532,7.131588,1.6808700561523438
2024-11-14 19:00:00,8.615124999999997,12.948005173888017,9.079119375034693,9.658263,5.037471771240234
2024-11-14 20:00:00,8.741816,14.506107061587432,9.265744197827889,10.411043,4.615760803222656
2024-11-14 21:00:00,7.645372999999999,7.064573358892751,8.942917767495908,9.052363,5.573947906494141
2024-11-14 22:00:00,5.735339000000001,2.2057047724891383,7.377380974370249,7.367279,5.279819488525391
2024-11-14 23:00:00,4.096000000000001,-8.45872875407698,4.902751806217996,5.014023,4.537811279296875
2024-11-15 00:00:00,3.176523,-14.006426031099707,3.1809268576385126,3.3476799,3.1979751586914062
2024-11-15 01:00:00,3.375,-19.71049875099088,2.486933084010304,3.0590794,3.176380157470703
2024-11-15 02:00:00,5.268024,-17.122442974076378,3.761471764541462,4.027017,2.6254005432128906
2024-11-15 03:00:00,8.615124999999997,-6.091222105168804,7.52284217468509,7.7026443,3.9203529357910156
2024-11-15 04:00:00,12.008989,6.913682327193644,11.89545842713966,11.813672,6.227561950683594
2024-11-15 05:00:00,15.069223000000004,15.017686944039301,14.98992714213664,14.27288,9.79833984375
2024-11-15 06:00:00,16.974592999999995,26.44985607307653,17.55492081535714,17.409922,13.133003234863281
2024-11-15 07:00:00,28.934442999999995,33.843307914678505,29.861140850321004,27.877718,31.420194625854492
2024-11-15 08:00:00,38.272753,61.92499371060798,36.74334280015947,37.48755,34.84367752075195
2024-11-15 09:00:00,19.683000000000003,65.83887417684122,32.710467222508335,28.489271,25.632471084594727
2024-11-15 10:00:00,35.28755199999999,17.08095172239574,13.631467389848815,17.447369,33.799163818359375
2024-11-15 11:00:00,28.934442999999995,72.72330332502354,37.21417025397308,33.718742,18.770153045654297
2024-11-15 12:00:00,21.717639,47.689720229148676,24.180410738519218,22.747374,24.661270141601562
2024-11-15 13:00:00,17.984728,35.01539933261702,17.025038661704205,17.82774,16.66191291809082
2024-11-15 14:00:00,16.777216,25.9863169238719,14.878086684830055,15.222028,13.594978332519531
2024-11-15 15:00:00,13.997521000000004,28.69981614341555,14.512731033375976,14.412989,9.224624633789062
2024-11-15 16:00:00,9.938375,29.763870475585108,10.397843249115313,10.058745,7.449928283691406
2024-11-15 17:00:00,6.644671999999999,16.47430921222645,7.108856875658813,6.2158346,3.8562698364257812
2024-11-15 18:00:00,5.5452330000000005,7.288107453205452,7.3896770613841785,7.012518,2.8413848876953125
2024-11-15 19:00:00,4.410943999999999,-8.360960183615312,5.844696430141968,5.695077,5.881740570068359
2024-11-15 20:00:00,3.796416,-9.364469598567254,4.134525680711018,4.2223463,3.496448516845703
2024-11-15 21:00:00,3.581577,-12.677994434784722,3.493821888987016,3.5024571,1.8819313049316406
2024-11-15 22:00:00,4.330746999999999,-8.984524830664583,3.413229825507146,3.6078207,1.3298530578613281
2024-11-15 23:00:00,6.128487000000001,-4.073082063668899,5.431291613262235,4.9259167,2.0006141662597656
2024-11-16 00:00:00,8.615124999999997,6.159069670132691,8.056876555502791,7.7210293,3.437408447265625
2024-11-16 01:00:00,11.239424000000003,9.426383125126296,11.471403882817679,11.535056,8.332347869873047
2024-11-16 02:00:00,13.312053000000002,10.531843812031696,14.155705440133296,13.485472,10.315914154052734
2024-11-16 03:00:00,15.252992,10.479620094938554,14.53692828299443,14.7729645,13.43893814086914
2024-11-16 04:00:00,16.581374999999998,13.942488824777385,16.507581442402962,16.853043,13.515270233154297
2024-11-16 05:00:00,17.173512000000002,17.368319336060082,17.028022396828945,17.042765,14.775522232055664
2024-11-16 06:00:00,17.173512000000002,19.23578504325097,18.20425419708248,17.704464,14.92491340637207
2024-11-16 07:00:00,17.173512000000002,19.431016612157016,27.7470447699174,26.509115,23.626419067382812
2024-11-16 08:00:00,29.218112,6.076727346938998,29.298323575777186,25.250753,28.476469039916992
2024-11-16 09:00:00,13.312053000000002,40.18137197287149,18.605995699666067,16.617603,14.428680419921875
2024-11-16 10:00:00,13.823999999999998,-12.497626609094254,9.303828668009174,14.253392,11.294136047363281
2024-11-16 11:00:00,11.089567,-3.5087525457895197,14.219212036570731,13.194991,8.769073486328125
2024-11-16 12:00:00,8.489664000000001,0.38507694333719655,9.877691869996509,9.428314,7.241245269775391
2024-11-16 13:00:00,8.365426999999997,0.5654631923630404,6.2793095173647036,6.6584873,6.601203918457031
2024-11-16 14:00:00,10.793861,-1.7377686871093232,7.624205594357289,7.9376664,5.500156402587891
2024-11-16 15:00:00,11.390625,9.444690415507804,12.11046227704736,11.670894,5.0323333740234375
2024-11-16 16:00:00,9.393930999999998,17.875079019396907,11.174820221568364,10.473641,4.788280487060547
2024-11-16 17:00:00,6.331625000000001,11.346723424630948,7.0123100808731476,6.554584,3.0546798706054688
2024-11-16 18:00:00,4.741631999999999,2.8048151957064675,7.069227047298783,7.1293974,3.2674522399902344
2024-11-16 19:00:00,2.6856189999999995,-18.481476880258136,4.557980495782938,4.7343287,6.615566253662109
2024-11-16 20:00:00,1.124864,-25.409974410714845,1.9019989180340193,2.081271,4.1263885498046875
2024-11-16 21:00:00,0.421875,-38.86749562262661,0.7368216530086024,1.1171929,1.0113525390625
2024-11-16 22:00:00,0.287496,-37.8820880192666,0.40859992156812835,0.61124647,-0.9590034484863281
2024-11-16 23:00:00,0.6141249999999999,-30.060000221023756,0.5319298492677459,0.7249121,-1.3429336547851562
2024-11-17 00:00:00,1.906624,-19.401727899974873,1.146061627698924,1.3940822,-1.0245819091796875
2024-11-17 01:00:00,4.912999999999999,-11.775559624788137,3.897589878044194,4.303435,1.3218040466308594
2024-11-17 02:00:00,8.869742999999998,-2.071728993851508,7.937229885643932,7.906755,5.379646301269531
2024-11-17 03:00:00,12.649337,3.9490406944598995,12.336643682064295,11.733892,9.571990966796875
2024-11-17 04:00:00,15.252992,8.983534502240758,15.321993544518591,14.758133,11.730049133300781
2024-11-17 05:00:00,16.387064000000002,12.442961743316769,17.030285247757316,16.619122,12.544288635253906
2024-11-17 06:00:00,17.173512000000002,15.545196078945118,16.876151434715567,16.160421,12.958549499511719
2024-11-17 07:00:00,21.717639,20.891655679023245,25.22941780379777,24.068554,14.47865104675293
2024-11-17 08:00:00,36.594368,29.424397069778774,30.88684827327531,26.863106,22.29325294494629
2024-11-17 09:00:00,18.821096000000004,58.17205154806258,24.31519162705195,21.072803,12.914474487304688
2024-11-17 10:00:00,24.642171000000005,5.125303773955494,19.750637712837758,20.69014,13.767219543457031
2024-11-17 11:00:00,29.218112,39.74636362639263,23.95591180656145,24.350216,11.972393035888672
2024-11-17 12:00:00,27.543608,56.53487401648715,27.51570585778597,28.610683,12.419509887695312
2024-11-17 13:00:00,26.463592,54.99541785637966,23.50263103172225,23.884,19.316120147705078
2024-11-17 14:00:00,24.897088,45.4510344735632,23.536747758924797,24.374336,21.35479736328125
2024-11-17 15:00:00,17.576,43.827900350515634,21.732291518572737,21.169432,14.347387313842773
2024-11-17 16:00:00,9.663596999999998,32.21843704297887,12.601289872455263,10.75926,9.749675750732422
2024-11-17 17:00:00,4.912999999999999,16.52005662331665,6.253542978970114,4.275079,4.052463531494141
2024-11-17 18:00:00,2.6280719999999995,5.6472135547910085,4.281454220171655,4.5892267,2.2182350158691406
2024-11-17 19:00:00,1.3676310000000005,-17.53519405588466,2.0549647666525988,2.431816,4.011924743652344
2024-11-17 20:00:00,0.658503,-23.633512873269353,0.9417025475636074,1.2002466,1.3104248046875
2024-11-17 21:00:00,0.3890169999999999,-25.536838164197732,0.6388334396366123,1.0973063,-0.5615119934082031
2024-11-17 22:00:00,0.2159999999999999,-20.391064825574077,0.4318587703696161,0.67948884,-1.0357246398925781
2024-11-17 23:00:00,0.140608,-30.888156815897553,0.3588398069533678,0.7410099,-0.8915023803710938
2024-11-18 00:00:00,0.300763,-36.75554565742144,0.34320550096569535,0.7888641,-0.991546630859375
2024-11-18 01:00:00,1.124864,-28.052617580667288,0.8526645372936156,0.87324053,-0.5994949340820312
2024-11-18 02:00:00,3.241792,-15.692771623012902,2.4348402799334927,2.496118,0.6103324890136719
2024-11-18 03:00:00,5.929741000000001,-4.477388808850819,5.71632346432732,5.796962,2.9975967407226562
2024-11-18 04:00:00,8.489664000000001,-0.3001984785889924,8.390780702677826,8.374622,6.329170227050781
2024-11-18 05:00:00,10.503459,6.661855935358595,10.948013294898182,11.430104,7.749675750732422
2024-11-18 06:00:00,12.008989,10.622918528864066,12.368755397322873,12.781626,8.310047149658203
2024-11-18 07:00:00,8.615124999999997,14.260224979510756,20.210155763820726,19.96051,11.882434844970703
2024-11-18 08:00:00,17.576,-15.261554713805118,15.306470049143575,12.357065,15.279666900634766
2024-11-18 09:00:00,7.301384,25.132320131510042,11.839056267487363,11.855592,6.577960968017578
2024-11-18 10:00:00,6.644671999999999,-23.596117363775384,5.385458798075235,5.5807757,5.314861297607422
2024-11-18 11:00:00,7.762391999999999,-18.88307814294177,6.144115861663434,5.9029794,4.174171447753906
2024-11-18 12:00:00,7.301384,3.8437019806367125,9.076533652597671,8.012261,3.4579544067382812
2024-11-18 13:00:00,7.414874999999999,3.545275258405134,6.948080679048182,6.863186,3.8040084838867188
2024-11-18 14:00:00,8.365426999999997,-5.242072629459493,7.011377390263609,6.893374,3.9176712036132812
2024-11-18 15:00:00,9.393930999999998,-0.22148432688769404,8.345844225202052,7.6488376,3.333942413330078
2024-11-18 16:00:00,8.0,18.673000834200685,8.693713420010361,8.308591,2.3093795776367188
2024-11-18 17:00:00,5.359375,12.82053326020127,6.838907590867693,5.4937763,1.9998359680175781
2024-11-18 18:00:00,3.581577,4.069672018985095,6.000826678940536,5.5482855,2.319366455078125
2024-11-18 19:00:00,2.000376,-17.261154122322836,3.5356464127637532,3.3146584,5.180992126464844
2024-11-18 20:00:00,1.225043,-25.309562852260996,1.2277244015118314,1.4704766,2.7437286376953125
2024-11-18 21:00:00,1.124864,-23.613832182927872,1.0148025469909563,0.94132406,0.5643653869628906
2024-11-18 22:00:00,1.4428969999999997,-7.8239542629260725,1.3830731008626025,1.2882127,-0.2043914794921875
2024-11-18 23:00:00,2.197,-5.907284379793303,1.7651008197117606,2.142096,0.5799713134765625
2024-11-19 00:00:00,3.581577,-5.345568522245543,3.5673462124017465,3.0485275,1.5620079040527344
2024-11-19 01:00:00,6.644671999999999,-5.5195980722695595,5.275969985902066,4.954404,3.7513999938964844
2024-11-19 02:00:00,11.089567,9.474205256524698,9.83675839719724,9.201815,5.531848907470703
2024-11-19 03:00:00,14.348907000000002,18.02058702637249,14.209724532620987,13.871039,9.025409698486328
2024-11-19 04:00:00,16.003008,14.712150355113163,17.788551089957394,16.435122,11.82479476928711
2024-11-19 05:00:00,16.581374999999998,15.746450234502797,16.726906216117353,16.709991,12.907669067382812
2024-11-19 06:00:00,16.777216,18.433898979641327,16.699620950662204,16.243479,13.088268280029297
2024-11-19 07:00:00,12.487167999999995,19.548620237105652,22.512249739699477,23.884647,19.050289154052734
2024-11-19 08:00:00,27.818127,-1.1937928958794224,21.161049594245938,19.778708,23.333921432495117
2024-11-19 09:00:00,12.812903999999998,49.026610687264956,16.06732847258422,11.193505,10.407817840576172
2024-11-19 10:00:00,8.0,0.500239789758659,8.077316052960882,10.160834,7.8922882080078125
2024-11-19 11:00:00,9.800344,-15.124814206764363,5.551243646255968,6.2822595,6.975406646728516
2024-11-19 12:00:00,11.543175999999995,17.645931310059552,9.979798457415596,9.446608,4.375804901123047
2024-11-19 13:00:00,13.823999999999998,30.113705540357937,12.976565581310162,12.720164,6.179817199707031
2024-11-19 14:00:00,17.173512000000002,28.849488213981896,14.757580114975243,14.402289,8.100334167480469
2024-11-19 15:00:00,17.373979,35.11154532254562,18.924874434692086,18.529417,8.115486145019531
2024-11-19 16:00:00,11.852351999999996,44.94165267563055,16.64550326053822,13.676984,5.929840087890625
2024-11-19 17:00:00,6.967870999999999,26.649900337623855,7.9470762571757145,6.476798,4.249515533447266
2024-11-19 18:00:00,5.359375,12.603708535909526,7.802603568993533,7.315395,3.2929229736328125
2024-11-19 19:00:00,3.869893,-1.5214921437429147,5.206352767853262,5.5619063,5.576938629150391
2024-11-19 20:00:00,2.5713530000000007,-1.7478052918547533,3.642173606747203,3.5437727,3.5981979370117188
2024-11-19 21:00:00,1.953125,-8.504204715471118,1.987897691852198,2.099298,1.5699424743652344
2024-11-19 22:00:00,2.0483830000000003,-5.134293880017182,1.740489708292538,1.9513822,0.7256507873535156
2024-11-19 23:00:00,2.6856189999999995,-4.896045857052215,2.4747104760288305,2.4394345,1.2488021850585938
2024-11-20 00:00:00,3.796416,-1.3639668641029736,3.256222644223092,3.5965958,1.7185173034667969
2024-11-20 01:00:00,5.088448,-2.030936755240141,5.123565392546311,5.1345787,3.8556747436523438
2024-11-20 02:00:00,6.331625000000001,-1.2298196196437878,6.383488093422399,6.5180573,5.6061553955078125
2024-11-20 03:00:00,6.967870999999999,-2.7087908063717094,7.33106521932744,7.7064347,7.164649963378906
2024-11-20 04:00:00,7.529535999999999,-7.271993461074615,8.083296240022992,8.060299,8.154289245605469
2024-11-20 05:00:00,8.0,-4.695573472151317,7.732961114097006,8.450447,8.005138397216797
2024-11-20 06:00:00,8.615124999999997,-3.423471863644295,7.735659732196963,8.1839695,7.7515411376953125
2024-11-20 07:00:00,6.434856000000001,-1.7100116171385764,13.118528021899593,12.432744,10.502281188964844
2024-11-20 08:00:00,12.649337,-21.60775975238181,12.499114409653169,10.246731,13.95341682434082
2024-11-20 09:00:00,5.5452330000000005,8.730460575192826,12.039977672839223,9.804145,7.354667663574219
2024-11-20 10:00:00,8.615124999999997,-33.22285781071168,3.2667732129777143,4.7778077,4.407566070556641
2024-11-20 11:00:00,13.144256,0.9005058976203699,10.311883185987412,10.02282,3.081707000732422
2024-11-20 12:00:00,15.252992,26.774786951153672,15.243706257747922,14.237776,6.175189971923828
2024-11-20 13:00:00,16.003008,30.155306701417626,16.419673656354824,15.484284,9.33303451538086
2024-11-20 14:00:00,16.003008,24.012828026876797,15.700824929229865,14.731841,11.348461151123047
2024-11-20 15:00:00,13.144256,26.866250298782454,14.708820068614205,14.184458,8.13028335571289
2024-11-20 16:00:00,7.529535999999999,22.95064092983737,10.017860601770645,7.847907,5.260425567626953
2024-11-20 17:00:00,4.826809,1.4911137101012564,4.721774430962434,3.5638576,2.708782196044922
2024-11-20 18:00:00,3.796416,-1.0027336596599774,4.527969647426405,4.9181857,1.8135108947753906
2024-11-20 19:00:00,2.985984,-10.454003558373252,3.6119537742861274,3.6253889,4.12982177734375
2024-11-20 20:00:00,2.1466890000000003,-12.387585729465897,2.667860233291632,2.7866194,2.6775779724121094
2024-11-20 21:00:00,1.5608959999999996,-17.243452038561777,1.5230812628048316,1.7646394,1.1519279479980469
2024-11-20 22:00:00,1.124864,-16.028001051697203,1.393380065245999,1.3376279,0.3110160827636719
2024-11-20 23:00:00,0.658503,-23.359442994389852,1.1192168000582463,1.3701658,0.49973297119140625
2024-11-21 00:00:00,0.493039,-35.98661960497322,0.6887552325533047,1.1410662,0.3137702941894531
2024-11-21 01:00:00,0.636056,-43.10892766484938,0.5624767909308571,0.8114055,0.32071685791015625
2024-11-21 02:00:00,1.191016,-38.931881719391946,1.2256922889910828,1.1374445,0.21438980102539062
2024-11-21 03:00:00,2.0483830000000003,-32.60036826667193,2.0053502075908693,1.8987681,0.6596221923828125
2024-11-21 04:00:00,3.241792,-30.579042441725512,3.3867871705657318,2.8529065,1.8055343627929688
2024-11-21 05:00:00,4.410943999999999,-21.375559044648064,4.794340387203169,4.867413,2.4656448364257812
2024-11-21 06:00:00,5.177717,-15.211067262523045,5.787556186337115,5.200982,3.106670379638672
2024-11-21 07:00:00,4.251528,-13.071590684993318,7.509006039029481,8.081193,5.364871978759766
2024-11-21 08:00:00,8.365426999999997,-28.897414517693583,5.6446981083500285,5.4993763,8.993236541748047
2024-11-21 09:00:00,2.3526370000000005,-3.1828208203910506,10.78912003198389,7.0473065,4.876049041748047
2024-11-21 10:00:00,2.097152,-68.52638813653118,1.5814499801324138,2.9179707,2.9766502380371094
2024-11-21 11:00:00,2.744,-42.62377441859636,2.1135428744110047,2.0621107,1.9903831481933594
2024-11-21 12:00:00,3.0486249999999995,-23.2543712677367,3.096412443802196,3.2678645,1.7924346923828125
2024-11-21 13:00:00,3.176523,-25.039529798371106,3.585520747481716,3.3119736,1.7998924255371094
2024-11-21 14:00:00,3.5118080000000003,-33.93868099627144,3.8266620874199697,3.480605,1.909698486328125
2024-11-21 15:00:00,3.176523,-26.925334695310873,3.978877373639128,3.5064902,1.7874183654785156
2024-11-21 16:00:00,1.5208749999999998,-22.027893352129873,3.368458221257328,2.0967274,1.0410995483398438
2024-11-21 17:00:00,0.8305839999999999,-40.27065153172325,1.0623346450840774,0.5553926,0.2779388427734375
2024-11-21 18:00:00,0.2159999999999999,-43.90801413717062,0.6928499591059992,1.2343832,0.07721710205078125
2024-11-21 19:00:00,0.0428749999999999,-58.61169401303763,0.29724434106492625,0.76903206,0.939544677734375
2024-11-21 20:00:00,0.054872,-61.50037212012672,0.24179672816981626,0.4064614,-0.3328895568847656
2024-11-21 21:00:00,0.079507,-48.54416571767312,0.2471317884898377,0.48407525,-1.0046272277832031
2024-11-21 22:00:00,0.085184,-50.49269853273666,0.2652583070905922,0.472238,-0.9606437683105469
2024-11-21 23:00:00,0.132651,-58.04561321304207,0.287065293066082,0.5984877,-0.630615234375
2024-11-22 00:00:00,0.3285089999999999,-53.05778955285509,0.33865858367478047,0.5984877,-0.6501846313476562
2024-11-22 01:00:00,0.7535710000000001,-48.149009415737105,0.906573556196104,0.7304133,-0.18171310424804688
2024-11-22 02:00:00,1.3310000000000004,-40.63020292592706,1.831295949943233,1.5828391,0.4524879455566406
2024-11-22 03:00:00,2.299968,-37.22053773239974,2.206913012372345,2.274841,1.2446479797363281
2024-11-22 04:00:00,3.944312000000001,-31.105885306921692,3.834547047296238,3.5825138,2.2544898986816406
2024-11-22 05:00:00,6.434856000000001,-18.83868973902682,5.7139311627237115,5.824225,2.7882347106933594
2024-11-22 06:00:00,8.998912,-7.725632844399463,8.12417991194065,7.9157643,3.4389686584472656
2024-11-22 07:00:00,7.880599,-0.6888474691755562,14.015417383222097,14.007936,6.051403045654297
2024-11-22 08:00:00,19.034163,-19.47159195405508,13.206531005765214,11.6540575,10.218025207519531
2024-11-22 09:00:00,9.129328999999998,36.21347431253765,11.806229343263713,12.7334,6.169384002685547
2024-11-22 10:00:00,6.858999999999999,-11.912348239377067,9.068641010361544,8.68346,5.961978912353516
2024-11-22 11:00:00,9.261,-10.853426649509679,5.7984631804745,5.623976,5.112255096435547
2024-11-22 12:00:00,10.793861,14.084383570943796,9.831546204855664,9.067418,3.446014404296875
2024-11-22 13:00:00,12.326391,22.570395427031226,11.746030954294977,12.067819,4.841159820556641
2024-11-22 14:00:00,13.481272,21.151470235492297,12.9657218637891,12.779196,6.5562896728515625
2024-11-22 15:00:00,11.697083,24.9336415647581,14.129014737235513,13.115453,7.318550109863281
2024-11-22 16:00:00,7.189056999999999,23.544840526549468,9.247443095303382,8.142006,4.525043487548828
2024-11-22 17:00:00,3.796416,6.898154743316354,4.7810120339476585,4.6871347,2.5585594177246094
2024-11-22 18:00:00,3.112136,-8.524047469868286,3.805163119374957,3.6885872,1.7238922119140625
2024-11-22 19:00:00,2.744,-14.473748644008339,2.8636393086973033,3.0863295,2.672618865966797
2024-11-22 20:00:00,2.744,-10.692916770176751,2.588164566924056,2.4209504,1.4137535095214844
2024-11-22 21:00:00,2.248091,-7.439783113230661,2.6990357512371883,2.5467317,1.062744140625
2024-11-22 22:00:00,1.5208749999999998,-17.948272702345882,2.2395818330326005,1.8833927,1.4127960205078125
2024-11-22 23:00:00,0.8847359999999999,-29.67240772009304,1.3176810294594055,1.4526403,1.2730484008789062
2024-11-23 00:00:00,0.7290000000000001,-35.53561796295404,0.6994760811354007,1.1464654,0.4890556335449219
2024-11-23 01:00:00,1.030301,-39.53781992961016,0.9620509154520042,1.3068501,0.440826416015625
2024-11-23 02:00:00,1.906624,-33.85106908623022,1.695431162680879,1.7367791,0.3230743408203125
2024-11-23 03:00:00,3.581577,-24.617562178923528,3.345074905123645,3.0009718,0.9009361267089844
2024-11-23 04:00:00,6.434856000000001,-11.538930191871884,5.652585482881403,5.2974076,1.9463958740234375
2024-11-23 05:00:00,9.129328999999998,3.5624017342245686,9.192320468396673,8.322583,4.245391845703125
2024-11-23 06:00:00,10.941048000000002,9.515929293325456,11.85305859584916,10.840202,6.3881072998046875
2024-11-23 07:00:00,8.365426999999997,13.466810509084535,15.550066028189692,16.12027,12.053119659423828
2024-11-23 08:00:00,17.576,-4.333997152322674,13.626373572432238,12.360136,16.96684455871582
2024-11-23 09:00:00,10.941048000000002,32.56527603322589,10.67529021856768,12.345237,10.412208557128906
2024-11-23 10:00:00,7.301384,3.5144425428668242,9.482066130305489,10.279211,6.724857330322266
2024-11-23 11:00:00,5.832000000000001,-11.947286131652973,5.139229100628171,5.4147654,7.335716247558594
2024-11-23 12:00:00,4.019679000000001,-5.93157686539471,5.158930056247353,4.5452304,3.699859619140625
2024-11-23 13:00:00,3.112136,-9.40298476094975,3.1831233764731843,2.8452559,2.8275527954101562
2024-11-23 14:00:00,2.8632879999999994,-22.27001443525665,2.4027990152264134,2.7927413,1.341796875
2024-11-23 15:00:00,2.744,-25.071054241049723,2.650051246355229,2.6343467,1.009246826171875
2024-11-23 16:00:00,2.097152,-14.417302214743366,2.4633373884699243,1.6894108,0.7737541198730469
2024-11-23 17:00:00,1.2950290000000002,-20.756625880234836,1.858243627159652,1.357653,0.2407073974609375
2024-11-23 18:00:00,1.3676310000000005,-29.052520120210396,1.0741188313496308,1.4639016,0.7608489990234375
2024-11-23 19:00:00,1.6430319999999998,-28.84832784625683,1.6399139365530393,1.8224243,1.2516136169433594
2024-11-23 20:00:00,1.906624,-15.810518159945737,2.1926797103453533,2.3212574,0.4682426452636719
2024-11-23 21:00:00,1.815848,-20.96005836812609,2.6519523151509325,2.3132043,0.5763473510742188
2024-11-23 22:00:00,1.5608959999999996,-22.919347308637136,1.9882015711039474,1.8551502,0.6216316223144531
2024-11-23 23:00:00,1.4049280000000004,-30.68287600058064,1.6710295508092827,1.5493643,0.9466323852539062
2024-11-24 00:00:00,1.2597120000000002,-32.44760536421959,1.4720810892516543,1.5748165,0.4337577819824219
2024-11-24 01:00:00,1.0612080000000002,-40.04785758269612,1.5974614631142217,1.6740471,0.9621734619140625
2024-11-24 02:00:00,1.124864,-43.65783837144827,1.2044279940603437,1.4578071,0.8223457336425781
2024-11-24 03:00:00,2.097152,-40.20725356205143,1.5015723898880577,1.4801679,0.5249977111816406
2024-11-24 04:00:00,4.492124999999999,-24.53848267201176,3.4395790977490845,3.0245943,0.8281593322753906
2024-11-24 05:00:00,8.0,-7.805394568519482,7.188378406814401,7.225617,2.0618209838867188
2024-11-24 06:00:00,10.793861,2.585632454515583,9.765002170636038,9.537678,4.146644592285156
2024-11-24 07:00:00,7.762391999999999,8.768159011810937,16.46334796737602,16.074734,7.904994964599609
2024-11-24 08:00:00,13.997521000000004,-14.815701337459174,13.171805040749277,11.311689,13.248680114746094
2024-11-24 09:00:00,6.229504,19.035514024441703,13.622023078117401,10.563513,8.33359146118164
2024-11-24 10:00:00,3.0486249999999995,-17.787068037905186,3.791887947820536,5.720002,5.1251678466796875
2024-11-24 11:00:00,2.924207,-34.77731107157637,2.086377882631338,2.3245316,3.88140869140625
2024-11-24 12:00:00,4.330746999999999,-18.10128596555692,3.5193592487312424,3.6310198,1.6237640380859375
2024-11-24 13:00:00,6.434856000000001,2.252923990991384,6.000499282472705,5.6460752,2.013530731201172
2024-11-24 14:00:00,7.529535999999999,5.547455421677565,8.619044527867919,7.5841746,3.745880126953125
2024-11-24 15:00:00,6.967870999999999,4.723275000650176,8.653129682432013,8.442614,4.757087707519531
2024-11-24 16:00:00,3.581577,8.76495506461988,6.184731768448168,5.4238873,3.19940185546875
2024-11-24 17:00:00,2.299968,-16.351721144620313,2.5219731061485415,2.1691167,1.8886032104492188
2024-11-24 18:00:00,1.3676310000000005,-21.168174271206375,2.174784060279012,2.2207308,0.9051628112792969
2024-11-24 19:00:00,0.5927039999999999,-33.86064663491303,1.0539195643182517,1.4442757,1.3628273010253906
2024-11-24 20:00:00,0.1851929999999999,-46.07326905983381,0.47204119608711437,0.7141686,0.321868896484375
2024-11-24 21:00:00,0.2053789999999999,-56.69880128619719,0.27051014293316206,0.45698285,-0.6810569763183594
2024-11-24 22:00:00,0.456533,-45.911050770359346,0.39919744578713634,0.4645732,-1.3761558532714844
2024-11-24 23:00:00,0.8043570000000001,-38.294311858802764,1.0848087253406364,0.90659904,-0.830108642578125
2024-11-25 00:00:00,1.157625,-34.29981828984432,1.6188553541949386,1.4403355,-0.174591064453125
2024-11-25 01:00:00,1.685159,-27.385785268307977,1.7762738856709208,1.6731881,0.9373016357421875
2024-11-25 02:00:00,3.112136,-23.04733508799857,2.529115608273322,2.5283964,1.3089981079101562
2024-11-25 03:00:00,6.644671999999999,-9.473885617656748,4.82784273727193,4.5784283,1.8002700805664062
2024-11-25 04:00:00,11.390625,12.619529449208251,10.381431063786959,9.761648,3.2260169982910156
2024-11-25 05:00:00,14.348907000000002,24.95806812373457,15.051582236250209,14.298543,6.506923675537109
2024-11-25 06:00:00,16.003008,28.527258278860252,15.751629582836488,15.612939,10.176338195800781
2024-11-25 07:00:00,16.581374999999998,36.32874871499675,18.142793308401934,17.423477,16.11385154724121
2024-11-25 08:00:00,34.64597599999999,32.46663167196245,32.09827170146152,27.52069,24.48024559020996
2024-11-25 09:00:00,21.024576,85.26980049786596,23.891133413158762,18.743628,13.993736267089844
2024-11-25 10:00:00,24.642171000000005,32.46976019387338,25.794596557886898,24.917076,17.574039459228516
2024-11-25 11:00:00,19.034163,61.84903448034298,23.931404033943792,23.820078,13.647640228271484
2024-11-25 12:00:00,12.326391,40.78746845403913,14.839780310920357,13.467124,10.72647476196289
2024-11-25 13:00:00,8.615124999999997,26.28439606228966,8.32315904380229,8.306395,7.963111877441406
2024-11-25 14:00:00,7.301384,14.7718707831396,6.671747706163232,6.9067497,5.825603485107422
2024-11-25 15:00:00,6.858999999999999,12.574249434725125,6.036616628398447,5.9794216,3.6496620178222656
2024-11-25 16:00:00,4.912999999999999,19.01887110918647,6.191203585289757,4.870842,2.247753143310547
2024-11-25 17:00:00,2.985984,5.747814228951487,3.9134069484724985,3.4705982,1.9390869140625
2024-11-25 18:00:00,2.5154560000000004,-11.421946800523656,2.721494192525947,3.1304898,1.6304359436035156
2024-11-25 19:00:00,2.4061040000000005,-18.245183616505606,3.122315635556977,2.6565413,1.9775009155273438
2024-11-25 20:00:00,2.8632879999999994,-13.062993541619704,2.758024621285528,2.7108126,1.4818954467773438
2024-11-25 21:00:00,2.5154560000000004,-10.648172825195878,3.406450214360015,3.1758344,1.3972930908203125
2024-11-25 22:00:00,1.3676310000000005,-19.7137790187588,2.4689986729622233,2.4614382,2.2896652221679688
2024-11-25 23:00:00,0.7535710000000001,-39.50069828190464,0.9530485893624215,1.230103,2.0687904357910156
2024-11-26 00:00:00,0.970299,-42.310821239243985,0.7587634087190108,1.1668735,0.6383590698242188
2024-11-26 01:00:00,2.5154560000000004,-29.414958550834072,1.4921225591540723,1.6621565,0.46163177490234375
2024-11-26 02:00:00,6.644671999999999,-7.4200801236392735,4.8661767381913,4.5410438,1.53961181640625
2024-11-26 03:00:00,12.487167999999995,12.802544112239246,11.019609833103567,11.319509,4.642192840576172
2024-11-26 04:00:00,16.974592999999995,23.771548555158866,16.055124097295607,15.681711,12.51058578491211
2024-11-26 05:00:00,19.248832000000004,28.227216439274233,19.73569872261744,18.706074,17.14788818359375
2024-11-26 06:00:00,19.683000000000003,32.94810121884333,18.77330249250827,19.506596,17.984167098999023
2024-11-26 07:00:00,21.024576,35.526324086626175,18.985735830036663,23.508846,23.84465789794922
2024-11-26 08:00:00,36.594368,31.716697215038373,34.343512725289585,31.502523,30.044654846191406
2024-11-26 09:00:00,14.886936,67.55696101114184,24.030101406468862,22.16788,16.462308883666992
2024-11-26 10:00:00,17.373979,-2.5701366352299075,13.138795988662615,16.580067,15.764190673828125
2024-11-26 11:00:00,18.609625,30.240828014935545,17.816990120994184,16.750677,10.278877258300781
2024-11-26 12:00:00,13.651919,38.40738940814144,18.720144146980683,17.201195,9.213714599609375
2024-11-26 13:00:00,9.393930999999998,24.10522829105404,10.23405346718634,10.318103,12.044479370117188
2024-11-26 14:00:00,8.365426999999997,5.935591171472119,6.835891030936844,7.029782,7.736484527587891
2024-11-26 15:00:00,8.120600999999997,6.888577474970379,7.2118044032778945,6.8617015,3.9504852294921875
2024-11-26 16:00:00,5.6397520000000005,16.473777617742396,7.653222781325843,6.719498,2.779052734375
2024-11-26 17:00:00,2.8632879999999994,3.6646595335211316,4.452252447525054,4.2822375,2.1533660888671875
2024-11-26 18:00:00,1.191016,-12.503474868106672,1.8805156738274798,2.540733,1.5713233947753906
2024-11-26 19:00:00,0.456533,-35.90203735357591,0.7453645612123811,1.3380716,1.9186782836914062
2024-11-26 20:00:00,0.2383279999999999,-37.77548786438046,0.4481199089405747,0.6202198,0.17927932739257812
2024-11-26 21:00:00,0.1851929999999999,-33.53807726528189,0.4245267143585362,0.4121186,-0.5346908569335938
2024-11-26 22:00:00,0.456533,-26.61280846623731,0.37834217317301816,0.45557725,-0.6638031005859375
2024-11-26 23:00:00,1.2950290000000002,-13.348769010317355,1.061079694473215,0.8672261,-0.3324699401855469
2024-11-27 00:00:00,2.924207,-4.0311413047230715,2.451227999628448,2.5617309,0.7573127746582031
2024-11-27 01:00:00,5.929741000000001,-3.255604982999337,4.742025442229357,4.5859613,4.407352447509766
2024-11-27 02:00:00,9.938375,9.035291383503274,9.03674780835314,8.756826,6.9640045166015625
2024-11-27 03:00:00,13.823999999999998,19.09672032603298,12.896595911247026,12.65101,11.309577941894531
2024-11-27 04:00:00,17.779580999999997,20.971854460190194,16.232236310721838,15.9994955,13.313655853271484
2024-11-27 05:00:00,20.123648000000003,28.338623717601326,20.104293521240756,18.882235,14.85634994506836
2024-11-27 06:00:00,21.717639,33.00217708868863,19.316468589351185,19.652668,15.60322380065918
2024-11-27 07:00:00,30.371328,37.66227537382686,28.137582899609498,25.1666,18.7142391204834
2024-11-27 08:00:00,48.627125,56.841663966084894,45.67943270814381,42.424942,27.65587615966797
2024-11-27 09:00:00,20.346417,86.60079233759919,29.582494594899245,24.169262,20.358476638793945
2024-11-27 10:00:00,40.001688,17.43540091981798,22.93170633866504,25.203287,25.98406410217285
2024-11-27 11:00:00,58.411072,94.82897766107453,38.675547614107835,35.82808,19.192649841308594
2024-11-27 12:00:00,64.0,115.11454276746738,63.24565660268552,63.63531,27.284286499023438
2024-11-27 13:00:00,60.698457000000005,122.1857845343151,62.308924574241786,62.97711,53.3304443359375
2024-11-27 14:00:00,55.306341,108.2378019390392,53.98100194634033,56.394566,56.495880126953125
2024-11-27 15:00:00,42.875,104.09464293105688,49.33692710706447,43.232815,40.4127197265625
2024-11-27 16:00:00,15.438249000000004,89.43552864256114,32.249240083807564,26.351034,21.32624053955078
2024-11-27 17:00:00,7.762391999999999,32.910418617541275,9.768181810821606,7.400353,12.280826568603516
2024-11-27 18:00:00,9.393930999999998,24.534399315756225,7.946040093958885,8.938954,3.618183135986328
2024-11-27 19:00:00,9.663596999999998,34.89769983165047,10.06130504696176,10.687893,9.362804412841797
2024-11-27 20:00:00,9.129328999999998,33.94757953849347,9.575929129874178,10.826866,8.220691680908203
2024-11-27 21:00:00,7.762391999999999,25.323179314765813,9.126062640437533,8.671031,9.244659423828125
2024-11-27 22:00:00,6.028568000000001,18.362700246142758,7.346813454157607,7.5198402,8.389034271240234
2024-11-27 23:00:00,5.735339000000001,7.487025688674951,5.289605044484018,5.600329,6.7236328125
2024-11-28 00:00:00,7.762391999999999,11.667948105004651,5.538996059515545,5.94255,5.804088592529297
2024-11-28 01:00:00,11.390625,19.10926792082819,9.830351594884492,10.217555,8.769947052001953
2024-11-28 02:00:00,15.813250999999996,25.510492857525954,14.820044272750897,14.615338,13.814468383789062
2024-11-28 03:00:00,22.425767999999994,31.562343507931008,19.05319454630065,19.61334,18.86595344543457
2024-11-28 04:00:00,30.664297,49.55523295726799,25.834728702032002,26.851395,25.24037742614746
2024-11-28 05:00:00,38.614472,69.6941428779179,28.869702285355007,34.251144,29.21381378173828
2024-11-28 06:00:00,44.361864,86.07446695571701,46.25333519834837,43.12778,35.048622131347656
2024-11-28 07:00:00,69.934528,94.84164758932317,73.47361139095167,68.66932,49.76688766479492
2024-11-28 08:00:00,80.62156800000001,132.0204003512029,66.58677548198956,62.951218,56.94903564453125
2024-11-28 09:00:00,54.01015199999999,123.6636072987811,78.51813776282415,73.83747,68.53659057617188
2024-11-28 10:00:00,148.87699999999998,86.57712039974965,37.774152325091244,54.274784,101.04690551757812
2024-11-28 11:00:00,120.55378400000002,217.4438304578797,165.4469022050321,165.5032,105.28373718261719
2024-11-28 12:00:00,77.85448299999997,143.56938068273018,96.84123373873639,93.78382,137.18731689453125
2024-11-28 13:00:00,55.74296799999999,118.35430452857725,58.86061644940929,55.95403,81.91545104980469
2024-11-28 14:00:00,44.73887499999999,85.56316739746215,39.70632075773844,40.676113,53.77885437011719
2024-11-28 15:00:00,36.926037,75.8335095565673,35.4946970834531,33.48495,34.624385833740234
2024-11-28 16:00:00,21.951999999999995,77.10055337992894,29.042813318317474,26.96824,22.208049774169922
2024-11-28 17:00:00,11.089567,49.558296357520625,13.507000832417113,11.862481,17.149721145629883
2024-11-28 18:00:00,13.481272,23.537335476248025,10.794255235908802,11.4336815,8.642467498779297
2024-11-28 19:00:00,14.526784,40.306954116222784,15.700914540769912,16.805984,8.148937225341797
2024-11-28 20:00:00,15.438249000000004,42.02303936558729,15.914179847296344,15.773335,13.935392379760742
2024-11-28 21:00:00,15.252992,52.43927464456356,15.79878492686183,15.9520235,13.622379302978516
2024-11-28 22:00:00,14.886936,57.351098712430876,14.497793399021091,15.230878,16.787660598754883
2024-11-28 23:00:00,14.348907000000002,53.17986653707667,14.402254487149591,15.067879,16.654708862304688
2024-11-29 00:00:00,16.387064000000002,50.742267156406854,14.427444196393033,15.283354,20.424901962280273
2024-11-29 01:00:00,22.425767999999994,53.74845254888184,17.301712458483657,18.127808,21.318647384643555
2024-11-29 02:00:00,27.270900999999995,70.81746078169994,26.36968819240622,26.119421,27.217924118041992
2024-11-29 03:00:00,40.707584,79.13434429409446,29.5905551366444,30.949589,41.61770248413086
2024-11-29 04:00:00,49.430863,109.63692072292753,45.96517147416526,50.295033,48.37649154663086
2024-11-29 05:00:00,49.836032,116.11262092493232,53.20737418870018,60.76604,59.78422546386719
2024-11-29 06:00:00,51.064811,111.59490250722806,50.70093278489065,59.34,71.96769714355469
2024-11-29 07:00:00,75.68696700000002,108.41761154328739,72.90859850272471,76.67801,87.98063659667969
2024-11-29 08:00:00,84.60451899999998,138.43366750998342,80.81364245677628,79.54571,93.57450866699219
2024-11-29 09:00:00,113.379904,131.91565647981759,101.89858897660233,95.11394,121.38973999023438
2024-11-29 10:00:00,136.59087500000004,177.95283243942694,130.4305342817155,127.741585,178.291748046875
2024-11-29 11:00:00,126.50600799999997,195.75752428660587,161.4838961101804,148.16635,227.59925842285156
2024-11-29 12:00:00,105.154048,176.8781990525587,119.00637278686874,115.957275,156.41082763671875
2024-11-29 13:00:00,86.93830699999998,152.0145082754805,86.66593475144043,83.73167,114.21347045898438
2024-11-29 14:00:00,81.182737,133.88808070982296,72.97046117660233,68.78009,91.07876586914062
2024-11-29 15:00:00,77.85448299999997,132.4486507392397,70.25732969458709,69.76166,66.55062103271484
2024-11-29 16:00:00,51.478848000000006,131.32310148701953,70.42580713521492,70.80612,70.2152099609375
2024-11-29 17:00:00,16.581374999999998,93.64838763398097,34.96311752083252,32.756283,68.30784606933594
2024-11-29 18:00:00,16.387064000000002,25.54237004069125,12.007670262350281,17.503302,27.232738494873047
2024-11-29 19:00:00,20.123648000000003,52.76125949422365,17.620580328669476,19.819313,11.879936218261719
2024-11-29 20:00:00,19.465109,58.21980607716381,21.979467863628017,23.546028,15.224769592285156
2024-11-29 21:00:00,18.609625,53.252312988818026,17.000585140799043,19.621767,21.021018981933594
2024-11-29 22:00:00,18.399744,49.40460174391813,16.53239255500493,18.642927,21.118188858032227
2024-11-29 23:00:00,19.683000000000003,44.643092707221705,17.391756513297075,20.47803,19.752233505249023
2024-11-30 00:00:00,25.153757,54.37839079281986,19.3593663627397,22.130962,19.75554084777832
2024-11-30 01:00:00,32.15743200000001,71.78842966188036,29.427409202008988,29.745495,27.908016204833984
2024-11-30 02:00:00,37.25970399999999,85.3828332089818,35.22239843111102,39.297554,41.4506950378418
2024-11-30 03:00:00,43.614208,92.12871025107704,44.05325427353798,42.87969,51.45985794067383
2024-11-30 04:00:00,57.51245599999999,105.58775863403659,49.678387373451194,54.16389,54.52776336669922
2024-11-30 05:00:00,56.181887,131.58147037430007,78.59250194403468,69.62447,58.66728210449219
2024-11-30 06:00:00,59.319,122.90396035017977,63.643284404777496,63.70337,72.38440704345703
2024-11-30 07:00:00,79.50699999999999,131.74890970707844,83.01005899778063,82.950134,84.9979019165039
2024-11-30 08:00:00,81.74650399999999,153.8531887916355,102.30671415787643,99.266884,96.2685775756836
2024-11-30 09:00:00,86.350888,139.95302077771137,91.78663345558947,89.762665,107.98263549804688
2024-11-30 10:00:00,108.53133299999998,144.36556638241575,91.2851850737876,102.61715,109.64448547363281
2024-11-30 11:00:00,102.50323199999998,163.7264936341145,121.47058976246417,119.10137,95.39848327636719
2024-11-30 12:00:00,82.88185600000001,144.67152148651752,91.26057431052577,94.45854,73.24386596679688
2024-11-30 13:00:00,66.43012499999999,117.88229115443639,67.13799184349502,64.68806,65.89585876464844
2024-11-30 14:00:00,58.86386900000001,107.94356556575394,51.17862427475679,51.467285,62.61534118652344
2024-11-30 15:00:00,54.439939,102.6713759669974,47.33736973632635,47.375217,42.08297348022461
2024-11-30 16:00:00,37.93305599999999,99.35051389735673,47.08397813461099,42.783257,35.6771354675293
2024-11-30 17:00:00,10.648000000000003,75.18521747412738,26.740118752197688,21.61927,30.917125701904297
2024-11-30 18:00:00,11.239424000000003,9.739389667433183,9.545866406317513,10.430329,14.795595169067383
2024-11-30 19:00:00,14.706125000000004,38.36340130842743,11.690608089674361,13.685022,7.0810089111328125
2024-11-30 20:00:00,17.173512000000002,42.753884525041286,19.127775497300437,18.411018,11.405197143554688
2024-11-30 21:00:00,16.003008,48.250065659767714,18.75967237830572,19.216076,13.762454986572266
2024-11-30 22:00:00,13.144256,39.55278044158675,15.37128513750968,14.788801,19.810688018798828
2024-11-30 23:00:00,12.487167999999995,27.00936215667463,11.061781862114138,11.933876,15.12885856628418
2024-12-01 00:00:00,16.003008,32.64371812296502,12.69111448548014,13.14818,11.152229309082031
2024-12-01 01:00:00,21.484952,52.54989173663952,18.691901407892036,19.28669,16.248130798339844
2024-12-01 02:00:00,27.0,66.1369670498798,27.928194947882908,25.699192,32.837467193603516
2024-12-01 03:00:00,30.371328,77.16183880190948,31.252615896376625,31.459648,36.63883972167969
2024-12-01 04:00:00,31.855013,83.30209002184213,30.632375585066626,33.36212,49.196250915527344
2024-12-01 05:00:00,33.076161,87.10507157712965,33.27774325793755,37.694355,47.719547271728516
2024-12-01 06:00:00,36.264691,91.44685132769479,38.2470337697898,40.41076,49.48711395263672
2024-12-01 07:00:00,63.52119900000001,97.27356320125162,56.24237429844224,60.64968,62.502071380615234
2024-12-01 08:00:00,76.765625,144.59983461461385,78.85771256878964,71.24154,74.35265350341797
2024-12-01 09:00:00,156.59081899999998,141.9125049934262,97.74209120280402,89.5847,114.17896270751953
2024-12-01 10:00:00,175.61599999999996,225.9868463745967,203.45077646623196,180.85628,162.2666473388672
2024-12-01 11:00:00,138.188413,213.52172374055405,175.70961198928558,161.92198,219.10501098632812
2024-12-01 12:00:00,105.154048,178.85057781720892,103.14568339695748,95.36104,147.95513916015625
2024-12-01 13:00:00,82.31287499999998,153.27597805028998,75.72596060314496,75.650215,109.2266616821289
2024-12-01 14:00:00,67.91731200000001,135.55641972799464,60.27322335715336,63.66647,70.18867492675781
2024-12-01 15:00:00,51.064811,124.47322133280122,50.62831839787071,49.66948,53.62139892578125
2024-12-01 16:00:00,29.791000000000004,105.98533468562357,38.84813763866167,35.03586,46.16716003417969
2024-12-01 17:00:00,11.543175999999995,69.28168177267818,22.21932543504486,18.2284,26.789705276489258
2024-12-01 18:00:00,11.390625,25.690720404993673,10.324211513895582,12.399599,12.060077667236328
2024-12-01 19:00:00,13.312053000000002,40.29350815017608,11.720053828631196,13.928806,8.02401351928711
2024-12-01 20:00:00,14.526784,42.30781999813494,15.016326013008944,15.859984,9.74026107788086
2024-12-01 21:00:00,15.252992,42.873502648837956,16.665829034014283,16.208591,11.100154876708984
2024-12-01 22:00:00,15.069223000000004,40.562282562789775,15.624745059232557,16.806057,12.877182006835938
2024-12-01 23:00:00,14.172488,34.301561503469756,14.490647318389872,14.79504,14.992721557617188
2024-12-02 00:00:00,12.166999999999998,33.46456711913249,12.767960038560382,15.027764,15.030261993408203
2024-12-02 01:00:00,12.166999999999998,31.254009893035906,10.118128010271016,11.702325,16.365564346313477
2024-12-02 02:00:00,16.387064000000002,33.0854162617284,12.175379960578766,12.7807,14.61471939086914
2024-12-02 03:00:00,21.717639,52.69038423455761,19.761173710526553,20.106627,14.638277053833008
2024-12-02 04:00:00,28.372625,68.38608382743195,28.261324741042916,26.749416,25.464935302734375
2024-12-02 05:00:00,28.094464,88.65013669640788,32.83346975372518,36.70871,33.51670455932617
2024-12-02 06:00:00,22.906303999999995,86.40450624224164,37.20130676615044,35.36855,43.775753021240234
2024-12-02 07:00:00,39.304,74.66078137532818,37.763111528161865,31.221008,52.41512680053711
2024-12-02 08:00:00,58.86386900000001,117.97805742643658,51.8472830308814,48.71151,49.00678634643555
2024-12-02 09:00:00,65.939264,134.7935604233343,78.84577361885711,69.87971,61.896240234375
2024-12-02 10:00:00,113.379904,129.89441165855305,79.0918531183565,76.37394,89.04533386230469
2024-12-02 11:00:00,106.49642400000002,185.07054409776742,126.94198076413203,127.00671,74.32571411132812
2024-12-02 12:00:00,94.81881599999996,164.36694106104,98.09182325352089,91.26254,85.14263916015625
2024-12-02 13:00:00,90.51884900000002,156.22718414713592,85.22927635520648,82.025085,61.58830261230469
2024-12-02 14:00:00,91.125,148.98921717293334,81.21661075616159,81.65834,61.64787292480469
2024-12-02 15:00:00,85.76612100000001,144.4336509950315,81.78770990745758,77.563835,61.248512268066406
2024-12-02 16:00:00,64.0,136.23767276926708,72.1158152119798,65.48715,54.07034683227539
2024-12-02 17:00:00,33.698267,112.83256960069596,45.553247257850046,38.504917,42.005096435546875
2024-12-02 18:00:00,32.15743200000001,71.88985182262974,25.512846991620968,26.704803,25.228500366210938
2024-12-02 19:00:00,29.791000000000004,83.71922123484083,37.35428342488777,39.162567,20.375993728637695
2024-12-02 20:00:00,24.642171000000005,72.39001931260154,27.55878434665398,27.888031,30.776531219482422
2024-12-02 21:00:00,21.253933,62.866296041390605,20.79140899189252,21.243011,22.50472068786621
2024-12-02 22:00:00,20.570824000000005,58.271014120758224,18.311954912847604,19.441074,24.045700073242188
2024-12-02 23:00:00,20.346417,56.60710416372676,18.162294199242485,18.937496,20.631547927856445
2024-12-03 00:00:00,20.123648000000003,58.04609001894073,18.200013117634498,19.42224,25.8891544342041
2024-12-03 01:00:00,19.902511,58.54439311544871,18.183259147197795,19.140045,26.71169662475586
2024-12-03 02:00:00,19.683000000000003,57.27973810110748,17.867745661544955,19.774035,27.75933265686035
2024-12-03 03:00:00,19.465109,56.433006416097314,17.836136853385426,19.069199,29.170673370361328
2024-12-03 04:00:00,21.024576,57.38304409954311,18.280634663742067,20.04509,29.051599502563477
2024-12-03 05:00:00,25.412184,63.138218169442474,22.354360536205633,23.290901,27.878528594970703
2024-12-03 06:00:00,25.412184,78.52744207061066,30.691310852298443,29.542297,31.659015655517578
2024-12-03 07:00:00,44.361864,76.53655698722767,37.19684049395025,36.224106,49.62764358520508
2024-12-03 08:00:00,43.98697699999999,120.32070084108125,54.65903142830183,57.60759,60.015995025634766
2024-12-03 09:00:00,51.895117,91.46647460770828,50.49064687597014,49.646484,77.19816589355469
2024-12-03 10:00:00,53.15737599999999,99.55972384359134,54.90134388349049,61.535652,71.66004180908203
2024-12-03 11:00:00,37.93305599999999,99.7075174407415,51.246422637792996,51.05031,46.58635330200195
2024-12-03 12:00:00,26.730899000000004,73.85045897903424,30.487049320650684,27.62002,25.947036743164062
2024-12-03 13:00:00,20.796875,57.46458906083866,19.223871313984088,20.467314,19.597673416137695
2024-12-03 14:00:00,18.399744,47.82380151765058,16.58940801147336,17.271347,15.520954132080078
2024-12-03 15:00:00,14.526784,47.71424412551532,15.564964460629886,15.694954,12.591197967529297
2024-12-03 16:00:00,7.880599,32.66627782286627,11.092031099219794,9.1902075,9.122611999511719
2024-12-03 17:00:00,4.492124999999999,6.869005870707479,4.8354579716733035,5.098559,4.824733734130859
2024-12-03 18:00:00,4.574296,-1.6496313265101747,4.5448614154387705,4.8225093,2.3487014770507812
2024-12-03 19:00:00,4.410943999999999,-2.8053256402007847,4.862001978337401,5.246079,1.9885368347167969
2024-12-03 20:00:00,4.096000000000001,-7.34176294083656,4.49217658535988,4.4981713,2.9833335876464844
2024-12-03 21:00:00,3.723875000000001,-10.0742484387629,3.8692955049479094,3.9944181,2.2980995178222656
2024-12-03 22:00:00,2.924207,-12.130950937886112,3.618158758227546,3.7637641,1.898162841796875
2024-12-03 23:00:00,1.4815439999999995,-22.011740014298873,2.622080472689681,3.220517,1.9930076599121094
2024-12-04 00:00:00,0.531441,-37.215695803064314,0.992036290730886,1.6728985,1.4231796264648438
2024-12-04 01:00:00,0.5513679999999999,-52.254373730968474,0.4708949950809106,1.0881884,0.4312324523925781
2024-12-04 02:00:00,1.6016129999999995,-35.41937056757592,0.9603084234361684,1.1243473,-0.642730712890625
2024-12-04 03:00:00,2.985984,-13.880017208830594,4.0186138433295255,4.3521676,0.07671737670898438
2024-12-04 04:00:00,4.492124999999999,-10.984916737501088,4.752210674811959,4.8370695,2.6096420288085938
2024-12-04 05:00:00,5.832000000000001,-1.291676053947345,6.855214697064886,6.7268305,3.9546165466308594
2024-12-04 06:00:00,6.644671999999999,8.170662796795227,7.271650451214684,7.0706005,4.855628967285156
2024-12-04 07:00:00,11.239424000000003,13.439768587192184,11.486999341641948,10.090644,9.182975769042969
2024-12-04 08:00:00,12.008989,29.8284508291684,21.067541927394537,18.24432,11.580497741699219
2024-12-04 09:00:00,8.998912,9.731365142680989,12.703978705440312,10.178443,10.726863861083984
2024-12-04 10:00:00,9.393930999999998,-10.793648291690765,7.816335531750656,7.3338284,9.467884063720703
2024-12-04 11:00:00,7.414874999999999,4.1949108215076585,9.354467174245402,8.820758,3.7521705627441406
2024-12-04 12:00:00,4.492124999999999,-9.758584813665628,5.805071090467187,6.018212,5.119884490966797
2024-12-04 13:00:00,2.8632879999999994,-24.202430350980926,3.2189711368336047,3.3043604,3.4229278564453125
2024-12-04 14:00:00,2.248091,-30.18899092157855,2.130390561441646,2.3779616,1.6774444580078125
2024-12-04 15:00:00,1.6430319999999998,-33.56649393558003,2.071466464202494,1.7225475,0.43737030029296875
2024-12-04 16:00:00,0.912673,-38.244875307121156,1.530352104896577,0.89020747,0.03559112548828125
2024-12-04 17:00:00,1.157625,-45.18961967294491,0.6423536860250256,0.45264843,-0.38353729248046875
2024-12-04 18:00:00,3.944312000000001,-31.35142425235219,1.957189425063786,1.984933,-0.6201324462890625
2024-12-04 19:00:00,7.414874999999999,3.3071799376573807,7.130147720856827,7.444764,1.58197021484375
2024-12-04 20:00:00,9.129328999999998,13.959250133677152,10.194254581309808,9.9302,3.2099876403808594
2024-12-04 21:00:00,9.129328999999998,8.149204439101531,10.617679347557736,10.156308,7.038909912109375
2024-12-04 22:00:00,7.762391999999999,7.277013231568141,9.401349685734473,9.276197,6.456108093261719
2024-12-04 23:00:00,5.359375,-1.5173031771007928,7.217129302050179,6.969078,5.532012939453125
2024-12-05 00:00:00,2.4603750000000004,-16.21275403920359,4.166693115919,4.404459,4.336006164550781
2024-12-05 01:00:00,0.493039,-40.709473301516404,1.7310582599605169,1.9005258,3.1028060913085938
2024-12-05 02:00:00,0.2159999999999999,-63.21674935008635,0.45439812763194803,0.6508552,0.6810150146484375
2024-12-05 03:00:00,1.3676310000000005,-49.12345385486784,0.4128133231744702,0.63062316,-1.3584403991699219
2024-12-05 04:00:00,3.5118080000000003,-6.935946419908049,3.325814538922418,2.8043892,-1.6342544555664062
2024-12-05 05:00:00,5.359375,-6.955154015231315,5.496775081324568,5.388415,2.2474632263183594
2024-12-05 06:00:00,6.331625000000001,-5.732096176339674,7.311736691990361,7.041356,4.1157684326171875
2024-12-05 07:00:00,8.242408,0.6223120660361161,8.064557256903813,8.658003,10.96950912475586
2024-12-05 08:00:00,11.239424000000003,7.55627886083597,12.895032810537302,12.865111,10.46646499633789
2024-12-05 09:00:00,3.112136,10.64469779253512,12.405812046839014,10.312145,6.4693450927734375
2024-12-05 10:00:00,2.3526370000000005,-59.95743158567591,1.8949205180577768,3.3565838,5.5021209716796875
2024-12-05 11:00:00,2.6280719999999995,-39.273029712656076,2.6215437596914906,2.159282,1.0513267517089844
2024-12-05 12:00:00,2.5713530000000007,-31.558615042029565,2.826497093178473,2.996834,0.7023773193359375
2024-12-05 13:00:00,2.299968,-31.438085368330263,2.5258559148501143,2.525638,1.4065055847167969
2024-12-05 14:00:00,2.097152,-38.421801792807436,2.353209486711962,2.4086745,1.0274734497070312
2024-12-05 15:00:00,1.030301,-41.81872088972097,2.107969889086014,1.8260516,0.48162841796875
2024-12-05 16:00:00,0.166375,-52.274876352674845,0.6458174866345135,0.25144947,-0.2425689697265625
2024-12-05 17:00:00,0.012167,-71.99330491937695,0.2882680213199455,0.03970146,-0.7716407775878906
2024-12-05 18:00:00,1.6016129999999995,-77.85351395145463,0.24027415738142363,0.47996086,-1.1115036010742188
2024-12-05 19:00:00,7.189056999999999,7.404359364936408,5.80186418568871,4.4622183,-0.8051948547363281
2024-12-05 20:00:00,12.326391,26.496197146536847,13.646692467621886,13.840518,3.1336669921875
2024-12-05 21:00:00,13.651919,23.807991701909394,15.45304286383674,14.908354,8.549213409423828
2024-12-05 22:00:00,12.166999999999998,21.00040163213472,14.849578001359044,14.318661,10.479217529296875
2024-12-05 23:00:00,9.393930999999998,15.948193875983476,10.443693167091455,10.444806,7.923168182373047
2024-12-06 00:00:00,6.539203000000001,0.9640127888442791,7.470785571061567,7.497455,6.340873718261719
2024-12-06 01:00:00,4.826809,-16.592686783843966,4.763451437352977,4.9988384,5.511932373046875
2024-12-06 02:00:00,3.652264,-18.710127636726327,3.6478341143687287,3.8740754,3.4159202575683594
2024-12-06 03:00:00,3.944312000000001,-20.606747951475064,3.047368175827497,3.282089,2.1006851196289062
2024-12-06 04:00:00,5.177717,-12.69692343631251,4.413390689166629,4.2640247,1.3031005859375
2024-12-06 05:00:00,6.229504,-6.41908322676575,6.517839734438621,6.0611625,2.306854248046875
2024-12-06 06:00:00,7.077887999999999,-6.118296506754035,7.6711582035981145,7.35488,3.5460052490234375
2024-12-06 07:00:00,5.929741000000001,1.0171491561563855,10.213426565744554,9.447329,10.87265396118164
2024-12-06 08:00:00,9.129328999999998,-16.08363542926307,12.59490851813645,9.713608,13.390182495117188
2024-12-06 09:00:00,2.0483830000000003,-2.671059709729903,9.784144082202703,10.207007,7.0846405029296875
2024-12-06 10:00:00,2.299968,-66.78266417693246,1.119696663924351,3.278417,4.458965301513672
2024-12-06 11:00:00,6.028568000000001,-29.230524688129428,3.009065232783395,2.7773943,0.691436767578125
2024-12-06 12:00:00,12.812903999999998,7.015647398379173,10.35329543274694,9.520152,1.2325935363769531
2024-12-06 13:00:00,21.024576,37.184701589315296,15.769277769829593,16.200031,7.631229400634766
2024-12-06 14:00:00,26.463592,54.25496467586434,27.1847254013499,25.198212,16.294771194458008
2024-12-06 15:00:00,24.389,75.31950826243477,28.29262249955929,28.06533,25.986679077148438
2024-12-06 16:00:00,12.977875,73.2937598933575,20.499383073479844,18.754234,16.853254318237305
2024-12-06 17:00:00,4.492124999999999,32.85216412352756,8.310692585290063,7.2958484,8.824813842773438
2024-12-06 18:00:00,1.5608959999999996,-11.64535108145919,4.276610382608749,5.0637507,4.036869049072266
2024-12-06 19:00:00,0.1851929999999999,-44.920979306097145,1.0833713216129803,1.3891301,2.2825584411621094
2024-12-06 20:00:00,0.004096,-66.75397887070946,0.27837194547725713,0.49090466,-0.4637451171875
2024-12-06 21:00:00,0.0297909999999999,-67.39507435319538,0.27107888538772956,0.40754992,-1.5334854125976562
2024-12-06 22:00:00,0.300763,-41.40137573379332,0.2565100314777049,0.472238,-1.8358383178710938
2024-12-06 23:00:00,1.2597120000000002,-29.471007244995974,1.4612571492360433,0.6682417,-1.3588218688964844
2024-12-07 00:00:00,3.581577,-15.423970662718617,2.758055922439669,2.786243,0.5180511474609375
2024-12-07 01:00:00,7.189056999999999,-7.04830891203472,5.725533886742922,5.52869,4.234405517578125
2024-12-07 02:00:00,10.648000000000003,3.5972893027006343,10.041456058567098,9.730201,6.533435821533203
2024-12-07 03:00:00,12.487167999999995,6.299657751604197,13.247500133775823,12.689007,11.854881286621094
2024-12-07 04:00:00,13.481272,5.912462986549915,13.577011438487594,13.990102,11.943222045898438
2024-12-07 05:00:00,14.172488,11.976635368144162,14.515019356240325,14.016527,11.441829681396484
2024-12-07 06:00:00,14.706125000000004,15.817448591626299,14.2245925258428,14.673438,11.05923843383789
2024-12-07 07:00:00,21.024576,16.846882482339154,16.174304001463334,16.64962,14.358673095703125
2024-12-07 08:00:00,29.218112,37.024589712559525,33.074376819989546,29.502592,21.061660766601562
2024-12-07 09:00:00,10.360232000000002,54.69467344236456,23.137342929564085,23.027323,18.973743438720703
2024-12-07 10:00:00,8.615124999999997,3.4735504317643304,8.372021686053115,9.45125,27.657012939453125
2024-12-07 11:00:00,2.6280719999999995,17.184098499420074,7.551032093538228,7.721301,8.120277404785156
2024-12-07 12:00:00,0.1038229999999999,-35.40153560994873,1.3581184149081267,2.1605208,5.111042022705078
2024-12-07 13:00:00,0.493039,-70.13716784844553,0.36247741058971755,0.8752228,0.9572677612304688
2024-12-07 14:00:00,1.7279999999999998,-23.622739392869818,2.230610201715808,1.160796,-1.5384292602539062
2024-12-07 15:00:00,2.0483830000000003,-23.283620483170345,5.850097830097835,3.9558873,0.3817405700683594
2024-12-07 16:00:00,1.5208749999999998,-27.617610503815364,2.564292076122048,1.4980142,1.2553634643554688
2024-12-07 17:00:00,2.197,-36.7512200969412,1.4673412907293257,1.2559255,1.3560981750488281
2024-12-07 18:00:00,6.128487000000001,-16.3174579613475,3.4791662820820046,3.6238823,0.4544563293457031
2024-12-07 19:00:00,10.648000000000003,15.49925300137847,11.07084249764457,10.080078,2.6837425231933594
2024-12-07 20:00:00,13.312053000000002,19.664563830489996,14.114974394967295,13.888257,7.736782073974609
2024-12-07 21:00:00,12.812903999999998,22.67848945313211,14.473271461152681,14.222722,10.36566162109375
2024-12-07 22:00:00,10.360232000000002,23.841292891658682,12.157198867442062,11.734875,10.257457733154297
2024-12-07 23:00:00,7.414874999999999,12.326479024127607,8.525702227274127,8.979857,7.440670013427734
2024-12-08 00:00:00,4.657462999999999,-1.9252593970268848,5.371336568322908,5.7132497,4.862022399902344
2024-12-08 01:00:00,3.307949,-14.549823208938307,3.2534140204645867,3.5153213,3.4702796936035156
2024-12-08 02:00:00,3.944312000000001,-15.606863079414786,2.4455606989599192,2.7574172,2.026378631591797
2024-12-08 03:00:00,5.177717,-0.3172583447362314,5.025899445388418,4.8283896,1.3491630554199219
2024-12-08 04:00:00,5.929741000000001,5.3709500577883595,6.684939841060669,6.399734,3.5458908081054688
2024-12-08 05:00:00,7.077887999999999,7.696022826375426,7.130412610158045,7.407966,4.51287841796875
2024-12-08 06:00:00,8.365426999999997,17.049994552623644,9.056261075750998,9.468087,5.159976959228516
2024-12-08 07:00:00,14.886936,22.420847858750797,9.032208372824453,12.670455,10.388652801513672
2024-12-08 08:00:00,33.698267,48.142595254817934,28.31277867745689,25.546951,19.07942771911621
2024-12-08 09:00:00,32.15743200000001,90.15786767964805,37.68915843308952,42.197647,22.10689353942871
2024-12-08 10:00:00,24.389,76.2317154896615,32.213853185773154,37.2888,50.943843841552734
2024-12-08 11:00:00,15.625,64.14075127558357,20.64149934702307,19.910322,29.317106246948242
2024-12-08 12:00:00,8.869742999999998,45.38025419077344,11.21909433171846,11.510018,11.914947509765625
2024-12-08 13:00:00,4.173281000000001,18.749597917686685,6.260568204412424,6.931666,7.7765350341796875
2024-12-08 14:00:00,2.6280719999999995,-4.0116515732754365,3.5400925615162038,3.5815225,4.309375762939453
2024-12-08 15:00:00,4.574296,-11.295647201828679,2.0453742113365516,2.1081278,1.6548881530761719
2024-12-08 16:00:00,8.120600999999997,13.549571551650097,7.8919335750382,5.6650467,1.2054023742675781
2024-12-08 17:00:00,7.880599,23.61808855942625,11.217224576929873,10.252105,4.913242340087891
2024-12-08 18:00:00,11.390625,0.9127608206421378,8.033286031438658,10.09309,6.986045837402344
2024-12-08 19:00:00,16.194276999999996,8.944541861282673,14.691042563961137,14.452386,9.780036926269531
2024-12-08 20:00:00,20.346417,20.023614922214755,20.428006594711682,19.41965,11.337158203125
2024-12-08 21:00:00,19.034163,26.626945272266166,22.308269364069858,20.680458,11.956817626953125
2024-12-08 22:00:00,15.252992,18.280539279473313,16.55589648334487,16.711063,16.748811721801758
2024-12-08 23:00:00,10.503459,7.250247222519132,11.938649395075636,12.703737,11.714954376220703
2024-12-09 00:00:00,8.365426999999997,-6.16281203219733,7.924592635555489,8.33111,8.344833374023438
2024-12-09 01:00:00,6.539203000000001,2.2655604092160893,6.424126749079301,7.3043814,5.768775939941406
2024-12-09 02:00:00,5.177717,-2.0485845972825842,5.452701909003079,6.2982187,7.640754699707031
2024-12-09 03:00:00,4.657462999999999,-1.2988913578911045,4.1713083034671214,4.8990436,4.784221649169922
2024-12-09 04:00:00,4.912999999999999,0.8718418544585766,4.453062845143847,5.053498,5.259136199951172
2024-12-09 05:00:00,5.5452330000000005,7.938018863075591,5.267881533970066,5.6085157,4.819385528564453
2024-12-09 06:00:00,5.929741000000001,14.334524017827885,5.881624597156994,6.5297565,5.955024719238281
2024-12-09 07:00:00,10.648000000000003,15.056570491267308,8.605511267354297,10.12305,9.9107666015625
2024-12-09 08:00:00,18.191447,42.272084099396544,24.332694040403936,18.976068,19.18256950378418
2024-12-09 09:00:00,21.951999999999995,60.447165673651966,23.558260387377388,24.438683,22.463293075561523
2024-12-09 10:00:00,22.906303999999995,63.186906607904334,25.829080288424084,24.949778,30.966419219970703
2024-12-09 11:00:00,17.373979,59.838460775934635,21.924937313388103,22.228918,21.19060516357422
2024-12-09 12:00:00,13.312053000000002,37.24082558488156,14.292152927324569,15.397515,14.336101531982422
2024-12-09 13:00:00,10.793861,27.521519483288383,9.75015558453335,10.4002495,7.986564636230469
2024-12-09 14:00:00,8.0,18.32530570028925,8.95554710254137,9.536011,6.707664489746094
2024-12-09 15:00:00,5.088448,11.752543694478874,5.637213226938822,6.0481753,5.923336029052734
2024-12-09 16:00:00,2.3526370000000005,-5.912519296587192,3.7754557154082176,3.1830723,3.4941749572753906
2024-12-09 17:00:00,1.0612080000000002,-28.85167038059179,1.740914877951375,1.5555458,1.5511322021484375
2024-12-09 18:00:00,1.2597120000000002,-36.889057587319336,0.6738233663852311,1.364956,0.2179107666015625
2024-12-09 19:00:00,1.685159,-31.860838626528604,1.8333595320273173,2.1091077,0.01340484619140625
2024-12-09 20:00:00,2.803221,-30.807270494659292,2.323434355443286,2.3949702,0.7689743041992188
2024-12-09 21:00:00,3.796416,-20.404060912863834,4.2335004020929565,3.8162258,0.9175376892089844
2024-12-09 22:00:00,3.0486249999999995,-14.525309393498965,5.07261066120582,4.7355037,2.342517852783203
2024-12-09 23:00:00,1.685159,-28.287970262018383,2.571664688046346,2.8355284,3.243255615234375
2024-12-10 00:00:00,1.191016,-40.922297173509484,1.2032546106449888,1.7012848,1.8693199157714844
2024-12-10 01:00:00,0.912673,-42.70714338401486,1.0383902736759025,1.2266383,0.6971015930175781
2024-12-10 02:00:00,0.7049690000000001,-44.21839013020949,0.8815013676908005,1.3363087,0.5618133544921875
2024-12-10 03:00:00,1.0,-48.999948338942794,1.019213015673119,1.2244109,0.18278884887695312
2024-12-10 04:00:00,2.097152,-36.951043052941976,1.6366499916511492,1.8470156,-0.16127395629882812
2024-12-10 05:00:00,4.330746999999999,-18.672165764320546,3.743012092451106,3.228527,0.5215110778808594
2024-12-10 06:00:00,6.434856000000001,-0.8246892560528742,6.845179398384925,6.04267,1.9131431579589844
2024-12-10 07:00:00,14.172488,6.149208589887333,8.652740326938803,9.719177,8.619682312011719
2024-12-10 08:00:00,22.665187000000003,40.90748636349355,26.75379403647717,22.5986,14.716318130493164
2024-12-10 09:00:00,18.399744,58.95910159423072,27.270887464330112,25.54648,20.714569091796875
2024-12-10 10:00:00,16.777216,35.172719430060255,18.52273316084259,16.159983,31.04766082763672
2024-12-10 11:00:00,13.823999999999998,33.26109148649557,15.170530125640719,13.827602,14.436800003051758
2024-12-10 12:00:00,13.144256,21.36392787759133,11.142343405380846,11.396677,9.151805877685547
2024-12-10 13:00:00,15.438249000000004,28.60933884279639,11.681896170930477,11.884642,6.714473724365234
2024-12-10 14:00:00,17.779580999999997,35.63398619040062,16.562075804949348,15.834709,7.800792694091797
2024-12-10 15:00:00,16.581374999999998,45.760512741960206,18.756617392805392,18.164972,9.232227325439453
2024-12-10 16:00:00,9.938375,41.9747398317451,14.201232428485987,12.9631815,10.7930908203125
2024-12-10 17:00:00,5.177717,14.919721020652142,7.153415731751885,7.191038,6.634372711181641
2024-12-10 18:00:00,5.735339000000001,-6.877917411483686,5.052303374001955,5.080712,2.577404022216797
2024-12-10 19:00:00,6.751268999999999,-2.174822689919509,6.915536268608727,6.3950357,2.6706085205078125
2024-12-10 20:00:00,7.762391999999999,5.628759044068101,8.102418457091773,7.9845667,4.881526947021484
2024-12-10 21:00:00,8.998912,6.2392735793613845,8.999208200071825,8.524632,4.6973876953125
2024-12-10 22:00:00,8.998912,6.894241230821105,9.709423955392635,9.338593,5.970729827880859
2024-12-10 23:00:00,8.998912,-1.9447876551258076,9.401292028992463,9.100364,7.848503112792969
2024-12-11 00:00:00,9.393930999999998,-4.97306882566955,9.321860271551396,9.2015,7.163486480712891
2024-12-11 01:00:00,10.941048000000002,-10.269254501367008,9.908885437707708,10.186075,8.101978302001953
2024-12-11 02:00:00,14.526784,-2.6417096105302917,12.187118034319539,12.472577,8.00961685180664
2024-12-11 03:00:00,21.024576,14.48662338064583,18.25637120808585,16.83701,10.530086517333984
2024-12-11 04:00:00,28.652616,39.00307301757531,24.746664746922956,23.543802,15.964675903320312
2024-12-11 05:00:00,34.64597599999999,58.161456391256394,29.468517869220424,32.935986,23.802600860595703
2024-12-11 06:00:00,36.594368,69.76360804021976,39.54884188525862,38.76091,32.504478454589844
2024-12-11 07:00:00,60.236288,71.42312424496862,63.69795797549998,63.51771,48.73762893676758
2024-12-11 08:00:00,70.95794399999998,108.03420523373822,60.00862638741179,59.298843,58.620460510253906
2024-12-11 09:00:00,63.52119900000001,104.32855143654606,71.58428733793842,57.968857,72.55400848388672
2024-12-11 10:00:00,50.243409,93.11102450696578,50.558895718323264,58.03325,93.1066665649414
2024-12-11 11:00:00,26.730899000000004,91.63361072657824,41.45704314775011,39.654636,84.89429473876953
2024-12-11 12:00:00,18.821096000000004,55.94064805290649,22.88393619636296,19.478668,38.941593170166016
2024-12-11 13:00:00,18.609625,51.21465991537701,14.012894582283177,14.744381,14.90267562866211
2024-12-11 14:00:00,16.777216,58.56993325662063,17.683337001917042,17.56453,14.566509246826172
2024-12-11 15:00:00,13.144256,46.67092510295126,14.845997802655885,14.031186,14.665678024291992
2024-12-11 16:00:00,6.751268999999999,35.36200514782991,9.716321622513144,8.526702,7.2588958740234375
2024-12-11 17:00:00,4.173281000000001,12.209905668778244,4.432689305625296,3.6606307,3.799102783203125
2024-12-11 18:00:00,4.410943999999999,9.115944014119076,3.9811475746485225,4.354559,1.8428230285644531
2024-12-11 19:00:00,5.088448,7.543466879622905,4.6857021598316955,5.0484757,3.852550506591797
2024-12-11 20:00:00,6.539203000000001,13.08751251507844,5.739074529457324,5.923438,3.7093582153320312
2024-12-11 21:00:00,7.414874999999999,18.327248050810766,7.884488046201319,7.8898335,3.911914825439453
2024-12-11 22:00:00,7.301384,15.16208765609883,8.234657830916719,8.659455,6.089450836181641
2024-12-11 23:00:00,8.242408,8.171718274426361,6.955550142932526,7.6745,7.591518402099609
2024-12-12 00:00:00,10.941048000000002,17.2260959650565,8.755058368642386,9.063209,7.029388427734375
2024-12-12 01:00:00,13.651919,25.917529860697144,12.692616765620517,13.277177,9.715198516845703
2024-12-12 02:00:00,14.706125000000004,27.360318010011866,15.700151117743312,16.697496,14.107786178588867
2024-12-12 03:00:00,16.194276999999996,23.627341594337288,15.90119655460185,16.324865,15.967660903930664
2024-12-12 04:00:00,18.609625,30.588463864434377,16.784928499959616,17.961313,16.19782257080078
2024-12-12 05:00:00,19.248832000000004,39.97521971916467,19.872217841815115,20.039299,16.011964797973633
2024-12-12 06:00:00,17.373979,39.158746354399035,20.251505068490605,20.570501,16.975101470947266
2024-12-12 07:00:00,18.821096000000004,32.696771556806326,25.078677817122184,22.785192,23.67470359802246
2024-12-12 08:00:00,26.198073000000004,25.080472186473138,31.75483256179452,29.37113,25.36980438232422
2024-12-12 09:00:00,7.077887999999999,36.34603223518917,16.589502191585908,13.366908,15.948816299438477
2024-12-12 10:00:00,7.301384,-35.96179778231535,4.602078231207868,4.122585,11.07680892944336
2024-12-12 11:00:00,5.735339000000001,-8.469061473957304,8.594319722133925,6.49938,6.410530090332031
2024-12-12 12:00:00,5.000210999999999,-3.5670050691139252,5.163796467898441,4.968744,5.343448638916016
2024-12-12 13:00:00,5.268024,1.56977972048211,4.213612357025769,4.764682,4.628604888916016
2024-12-12 14:00:00,5.268024,0.05011222123415493,5.850146512372309,5.8233047,4.446758270263672
2024-12-12 15:00:00,4.741631999999999,-6.9645016981497605,5.70063743151692,5.50893,4.675731658935547
2024-12-12 16:00:00,2.924207,-3.0265122638548263,4.610197563272991,3.3884225,2.3744659423828125
2024-12-12 17:00:00,1.4815439999999995,-12.362039313105853,2.267005688800507,1.9052829,1.2623825073242188
2024-12-12 18:00:00,1.191016,-24.456984028027286,0.9917720900254416,2.1247435,1.8564643859863281
2024-12-12 19:00:00,1.030301,-26.78261765692281,1.3418589461412713,1.714355,2.075237274169922
2024-12-12 20:00:00,1.030301,-15.590972776646971,1.054277330670217,1.433863,1.3589553833007812
2024-12-12 21:00:00,1.124864,-11.677953633704064,1.1834014177742922,1.4797735,0.5379295349121094
2024-12-12 22:00:00,1.5608959999999996,-8.8334930081638,1.4839287395270575,1.4146659,-0.1978607177734375
2024-12-12 23:00:00,2.5154560000000004,-7.156187072996879,2.185309800826306,2.2477036,0.09237289428710938
2024-12-13 00:00:00,4.657462999999999,2.401006807711493,3.931513716860577,3.669847,0.7487525939941406
2024-12-13 01:00:00,8.120600999999997,9.655088538816777,7.111941371651878,7.1990895,4.071842193603516
2024-12-13 02:00:00,12.977875,21.74039834059347,10.973135718844457,10.8087635,7.378536224365234
2024-12-13 03:00:00,18.821096000000004,33.87987276846782,15.74766012663803,15.292103,11.66165542602539
2024-12-13 04:00:00,23.639903000000004,40.40019654572888,21.592894787161203,21.367992,15.25113296508789
2024-12-13 05:00:00,25.934336,47.790676787214764,24.85024977999477,25.775545,18.235008239746094
2024-12-13 06:00:00,26.463592,52.23198392139031,25.20736079548483,25.090431,19.906471252441406
2024-12-13 07:00:00,26.463592,55.419341352362025,25.79808094174676,25.075369,24.69184684753418
2024-12-13 08:00:00,50.243409,46.93169999461502,42.448865661153214,38.401585,27.44476318359375
2024-12-13 09:00:00,16.194276999999996,89.88719810983054,25.055813807028482,19.21108,17.47481918334961
2024-12-13 10:00:00,20.796875,5.544451242780525,13.201971277810333,16.860552,10.662796020507812
2024-12-13 11:00:00,22.188041,48.864540823084994,19.304070402356132,18.27251,11.14339828491211
2024-12-13 12:00:00,15.252992,51.16995076409942,20.059870067035074,19.398918,11.9656982421875
2024-12-13 13:00:00,11.089567,41.23551643543995,11.71901016917018,12.315764,10.937198638916016
2024-12-13 14:00:00,8.615124999999997,25.409050225540938,8.59372383987485,8.479806,9.170249938964844
2024-12-13 15:00:00,7.301384,11.503525472692349,6.984396446903474,6.795769,6.191814422607422
2024-12-13 16:00:00,4.173281000000001,21.798855466203086,5.365022902878931,5.207424,2.931793212890625
2024-12-13 17:00:00,2.097152,11.16424135549903,2.5400570910507527,2.1969123,1.6709976196289062
2024-12-13 18:00:00,1.6016129999999995,-3.9809780575725853,1.2850165045196542,2.1559372,1.9948921203613281
2024-12-13 19:00:00,1.124864,-7.311612908180656,1.6064483533148786,2.2996895,2.6523818969726562
2024-12-13 20:00:00,0.8305839999999999,-6.295391530652253,1.0884377706429518,1.5979475,1.4651069641113281
2024-12-13 21:00:00,0.7049690000000001,-5.940314852926967,0.8312416980730426,1.2967448,0.392120361328125
2024-12-13 22:00:00,0.681472,-3.073989696785347,0.9715583632343128,1.2477877,-0.4780311584472656
2024-12-13 23:00:00,1.2950290000000002,-8.484973778464955,1.007480572753465,1.516474,-0.2619819641113281
2024-12-14 00:00:00,3.5118080000000003,-0.25097974069294793,2.468932146603377,2.3945339,-0.04157257080078125
2024-12-14 01:00:00,6.644671999999999,14.238616355127505,5.78336125744893,5.8310475,2.4739837646484375
2024-12-14 02:00:00,9.528128,18.208732486392577,10.02056518339753,10.065522,7.764472961425781
2024-12-14 03:00:00,13.823999999999998,18.72790143890198,12.084133351737533,11.961162,10.787776947021484
2024-12-14 04:00:00,19.902511,32.31890866336056,16.32454985220601,16.345425,13.428363800048828
2024-12-14 05:00:00,25.934336,46.078619094998075,21.814302710887706,21.632847,15.634187698364258
2024-12-14 06:00:00,29.791000000000004,52.5664688744354,25.1138571282486,24.809275,18.087234497070312
2024-12-14 07:00:00,32.461759,56.91767057721688,32.08881726299125,35.322865,23.04923439025879
2024-12-14 08:00:00,64.0,55.54557784333872,46.69803295724651,41.91849,28.693878173828125
2024-12-14 09:00:00,23.887872,107.26324803291558,41.368079351744846,37.279835,20.064868927001953
2024-12-14 10:00:00,33.076161,23.825236326103667,27.95198249395491,31.281187,13.69875717163086
2024-12-14 11:00:00,29.791000000000004,76.76183417132589,28.437607394710696,30.058167,19.18853187561035
2024-12-14 12:00:00,16.974592999999995,59.866061020510664,25.318244881082105,24.974106,18.406112670898438
2024-12-14 13:00:00,9.528128,42.408340333776685,12.301808904755328,12.889038,12.965843200683594
2024-12-14 14:00:00,6.331625000000001,21.697090308983093,6.402931285858205,6.24925,9.66378402709961
2024-12-14 15:00:00,5.177717,7.910592995235326,4.2031028313304475,4.272107,4.959758758544922
2024-12-14 16:00:00,2.803221,18.202763299164467,4.058994128384204,3.1707692,2.3755531311035156
2024-12-14 17:00:00,1.771561,7.452955743539462,2.002922781856499,1.4254364,1.1778144836425781
2024-12-14 18:00:00,1.6430319999999998,-1.941422900387316,1.3641533360106093,2.0441225,1.8049354553222656
2024-12-14 19:00:00,1.771561,3.8355909759467828,2.117653562047737,2.3497965,2.571857452392578
2024-12-14 20:00:00,1.953125,7.3361214824986725,2.2321695157377,2.550271,1.7369613647460938
2024-12-14 21:00:00,2.4061040000000005,10.55549250430067,2.329272145372734,2.4100673,1.0112571716308594
2024-12-14 22:00:00,2.985984,13.733097946741818,2.98622860289529,3.6109943,0.7594490051269531
2024-12-14 23:00:00,4.019679000000001,10.461697064386318,4.124594741137144,4.214784,2.07073974609375
2024-12-15 00:00:00,6.967870999999999,15.245165910727387,5.329222813932575,5.654489,2.833324432373047
2024-12-15 01:00:00,12.812903999999998,25.10797096646492,9.954199536523827,9.747696,6.048770904541016
2024-12-15 02:00:00,19.248832000000004,34.89558399022807,15.9081417531854,16.273073,12.14126968383789
2024-12-15 03:00:00,23.639903000000004,38.074343771178,22.325590176657524,22.829748,18.035921096801758
2024-12-15 04:00:00,27.0,42.07772836381915,25.13453925559696,25.593838,21.554710388183594
2024-12-15 05:00:00,28.652616,49.902285650563016,27.61845774458178,28.361391,23.44760513305664
2024-12-15 06:00:00,28.372625,51.89429691754367,28.960637067693526,28.68412,24.548906326293945
2024-12-15 07:00:00,28.652616,49.8641806996407,28.838644258788815,29.94613,27.740297317504883
2024-12-15 08:00:00,51.064811,41.6152119205863,45.37717704323038,39.79518,30.361160278320312
2024-12-15 09:00:00,19.034163,77.85670779525006,24.656298941630858,18.722973,20.414472579956055
2024-12-15 10:00:00,52.734375,6.128452278174159,17.16534824636606,17.622404,11.851310729980469
2024-12-15 11:00:00,42.50854900000001,113.18792264830122,40.43969149984167,38.3072,13.587711334228516
2024-12-15 12:00:00,26.198073000000004,71.76411996169469,37.83202972773311,34.106663,33.38336181640625
2024-12-15 13:00:00,18.399744,57.323480317530866,25.647475459908204,22.565643,19.261337280273438
2024-12-15 14:00:00,14.526784,44.58514729549745,13.652408284166677,13.528847,16.107145309448242
2024-12-15 15:00:00,13.312053000000002,39.1138016971189,11.220874087544635,10.183255,9.82534408569336
2024-12-15 16:00:00,7.880599,52.55075134507706,10.697449137433871,9.102197,5.9405670166015625
2024-12-15 17:00:00,5.5452330000000005,33.53463218311889,4.925002355623459,4.7439775,3.8923568725585938
2024-12-15 18:00:00,5.088448,22.932318821910982,5.8231837437958855,6.9416823,3.9677200317382812
2024-12-15 19:00:00,3.944312000000001,10.84947572946351,5.429818360380167,5.5069275,7.39044189453125
2024-12-15 20:00:00,3.652264,7.003620979635997,3.653029023952919,3.9318085,5.97979736328125
2024-12-15 21:00:00,3.723875000000001,19.113486766311723,3.6037489237455405,3.7407222,2.7002639770507812
2024-12-15 22:00:00,4.410943999999999,27.739585968232984,4.2121745264949455,4.083885,1.2490272521972656
2024-12-15 23:00:00,5.359375,25.351107536875883,5.261339269529507,5.4334135,2.5314292907714844
2024-12-16 00:00:00,6.858999999999999,25.238357103581663,6.497620539243419,6.8797755,4.250434875488281
2024-12-16 01:00:00,9.393930999999998,30.063661999480082,8.331700300804142,9.373232,8.25674057006836
2024-12-16 02:00:00,13.651919,29.91428061885729,11.275979752707407,11.897764,12.543327331542969
2024-12-16 03:00:00,19.248832000000004,35.57267892058424,14.140092317787275,15.739951,16.080411911010742
2024-12-16 04:00:00,23.887872,47.45500585123568,19.745749906884306,22.438929,18.155134201049805
2024-12-16 05:00:00,25.412184,55.97800222207995,24.67219174132481,26.065409,21.504308700561523
2024-12-16 06:00:00,25.153757,55.528097287813154,24.21291728645118,24.002798,24.018457412719727
2024-12-16 07:00:00,17.779580999999997,54.39888316433957,22.82163658883059,22.756155,30.785913467407227
2024-12-16 08:00:00,29.791000000000004,24.737820201357025,29.24976208794816,30.543018,29.5772647857666
2024-12-16 09:00:00,10.648000000000003,45.40541564750443,12.22264652237963,8.611371,17.194683074951172
2024-12-16 10:00:00,11.697083,-1.7511993125923198,8.197781170798867,8.251824,8.498832702636719
2024-12-16 11:00:00,8.615124999999997,22.097676106010553,10.37556409571387,8.965657,7.001796722412109
2024-12-16 12:00:00,5.177717,2.8369262705870284,7.0483136214945254,6.7643485,6.069007873535156
2024-12-16 13:00:00,4.492124999999999,6.661543519203381,3.7892578595176527,4.279949,5.588367462158203
2024-12-16 14:00:00,4.826809,5.042597896571472,4.516192536889851,4.458189,4.357444763183594
2024-12-16 15:00:00,4.826809,1.8235542293101048,4.95537465008503,4.695175,4.252449035644531
2024-12-16 16:00:00,2.5713530000000007,11.602433666018321,4.71081090698103,3.893978,3.077045440673828
2024-12-16 17:00:00,1.3310000000000004,-3.3684685299016977,1.9855111050447543,1.5049558,1.7840423583984375
2024-12-16 18:00:00,0.970299,-14.94043430212691,0.9448757884889281,1.5448515,2.281078338623047
2024-12-16 19:00:00,1.6016129999999995,-1.543234263725747,0.8956425903712325,1.7704498,2.4441757202148438
2024-12-16 20:00:00,3.0486249999999995,14.38242388335629,2.997872480782374,3.032155,1.9820442199707031
2024-12-16 21:00:00,2.985984,22.208589850682507,4.894233913231932,4.612666,2.3074874877929688
2024-12-16 22:00:00,1.4428969999999997,10.028011019558843,3.8080864586878755,3.716938,2.8393783569335938
2024-12-16 23:00:00,0.636056,-15.79269544385052,0.9060025986537386,1.6685135,3.336833953857422
2024-12-17 00:00:00,2.097152,-24.35965691116077,0.7173420525747767,0.94267434,0.8647346496582031
2024-12-17 01:00:00,8.120600999999997,18.51276790241024,4.645026813689647,4.495999,-0.134368896484375
2024-12-17 02:00:00,16.581374999999998,51.79231379698823,13.333830884945316,14.044283,4.949409484863281
2024-12-17 03:00:00,22.188041,53.23234849129062,18.773461797899593,20.203821,11.061447143554688
2024-12-17 04:00:00,24.642171000000005,51.89638984525928,26.043551450814892,24.399649,18.334651947021484
2024-12-17 05:00:00,24.897088,57.40081480481559,25.380919640801853,25.761555,20.747264862060547
2024-12-17 06:00:00,24.897088,57.807256384473654,24.290562818141066,24.213737,21.70386505126953
2024-12-17 07:00:00,24.642171000000005,59.75299568106372,24.4763368443822,24.242567,25.351158142089844
2024-12-17 08:00:00,53.15737599999999,58.80303822321875,41.46136188763236,38.310154,26.68695068359375
2024-12-17 09:00:00,27.543608,109.51055145014371,26.927271328433736,28.754951,17.762441635131836
2024-12-17 10:00:00,24.389,53.120101489767976,35.83049961658125,29.097103,11.80386734008789
2024-12-17 11:00:00,16.003008,63.97232397081201,25.57296402316168,21.037907,23.553953170776367
2024-12-17 12:00:00,7.529535999999999,30.489403684357896,12.21663722334952,11.424577,12.842529296875
2024-12-17 13:00:00,3.796416,17.98604239685777,4.6632484692074545,5.3560224,6.968784332275391
2024-12-17 14:00:00,2.4061040000000005,-1.9751183969440476,2.367966468062205,2.6723335,4.195014953613281
2024-12-17 15:00:00,1.5208749999999998,-17.782322681729973,2.059438793994763,2.0440223,2.2347755432128906
2024-12-17 16:00:00,0.658503,-18.16205495429694,1.3099605853864733,0.69235027,1.100555419921875
2024-12-17 17:00:00,0.493039,-22.380297366072263,0.611577255154399,0.252783,-0.10762405395507812
2024-12-17 18:00:00,1.157625,-24.38552331464598,0.5715135390226347,1.4197191,0.3529167175292969
2024-12-17 19:00:00,1.860867,-7.064079319822859,2.1430639303562926,2.237598,1.2743568420410156
2024-12-17 20:00:00,2.197,-3.3007555744507115,2.5301396696466205,2.6987429,2.6975250244140625
2024-12-17 21:00:00,2.1466890000000003,-7.9846174151439655,2.550121560483891,2.6533303,2.6335601806640625
2024-12-17 22:00:00,2.097152,-3.404478522593884,2.033906168370037,2.3152995,2.175220489501953
2024-12-17 23:00:00,2.3526370000000005,-6.743240794328948,2.0339491095732867,2.1220772,2.0520706176757812
2024-12-18 00:00:00,3.112136,-5.659998872005794,2.8148340857843324,2.97153,1.9527969360351562
2024-12-18 01:00:00,4.826809,-8.005883919376451,4.353912998996141,4.305995,3.636016845703125
2024-12-18 02:00:00,7.762391999999999,0.8692003850209673,7.080812997577254,6.515315,5.877040863037109
2024-12-18 03:00:00,10.941048000000002,10.132681640842812,9.974127161972833,9.904752,8.137184143066406
2024-12-18 04:00:00,14.348907000000002,15.852612416092992,13.220779995341001,13.142241,10.763675689697266
2024-12-18 05:00:00,18.191447,30.69086942642696,17.41516316341235,16.056374,11.560073852539062
2024-12-18 06:00:00,20.796875,45.16705005438062,18.7019434728624,18.043877,12.857368469238281
2024-12-18 07:00:00,30.664297,51.08483391526988,25.431525856234305,26.336708,18.33732032775879
2024-12-18 08:00:00,50.653000000000006,77.07720670011403,44.115399023512964,41.432304,26.68312644958496
2024-12-18 09:00:00,29.791000000000004,105.4898645645159,35.76712195603756,30.032999,23.33374786376953
2024-12-18 10:00:00,24.389,56.21980015646626,38.53187115830181,33.492584,35.228248596191406
2024-12-18 11:00:00,20.346417,54.02607589218974,24.246666461970023,21.590332,35.0666618347168
2024-12-18 12:00:00,12.487167999999995,44.42201615791693,16.161073539242977,14.360359,14.946502685546875
2024-12-18 13:00:00,8.120600999999997,37.06472586559245,8.212070694053018,9.022306,9.27078628540039
2024-12-18 14:00:00,6.644671999999999,22.745346567838386,5.509834260334282,6.093134,5.954204559326172
2024-12-18 15:00:00,5.735339000000001,14.342107998943678,5.633173078379729,5.829502,4.6219940185546875
2024-12-18 16:00:00,4.096000000000001,14.20029574579991,4.8571447602169115,3.7554111,2.9831314086914062
2024-12-18 17:00:00,4.741631999999999,8.329346219790626,3.1570654708787798,2.1843987,1.0715713500976562
2024-12-18 18:00:00,9.393930999999998,16.519008620608638,5.53103573185148,6.3785224,1.7107124328613281
2024-12-18 19:00:00,10.941048000000002,26.86033286792846,13.550566784986106,13.24028,5.910762786865234
2024-12-18 20:00:00,10.218312999999998,19.211465279195576,12.54008039727106,13.15516,8.373172760009766
2024-12-18 21:00:00,8.120600999999997,9.844964360640311,9.145495395465279,9.359664,9.263439178466797
2024-12-18 22:00:00,6.644671999999999,7.834787217228865,6.393116723631002,6.8906155,7.685417175292969
2024-12-18 23:00:00,6.539203000000001,4.247847242827184,5.697828299452359,6.2244177,5.6133270263671875
2024-12-19 00:00:00,7.529535999999999,11.432394408552728,6.433096910230823,6.1223254,4.854404449462891
2024-12-19 01:00:00,8.869742999999998,12.36972397145695,8.30283373627055,8.491966,7.352363586425781
2024-12-19 02:00:00,10.503459,15.385111576469852,9.725423048931129,9.853193,9.0916748046875
2024-12-19 03:00:00,12.812903999999998,22.337591111995913,12.052610998795876,11.939578,9.788162231445312
2024-12-19 04:00:00,15.625,33.977891142680015,14.07950376353316,14.242578,11.37398910522461
2024-12-19 05:00:00,17.173512000000002,46.594305047358304,17.20688802496538,17.248766,11.668373107910156
2024-12-19 06:00:00,20.346417,52.01940138053607,18.806087582924672,18.79721,13.163307189941406
2024-12-19 07:00:00,38.95821900000001,64.07479127904573,25.35043138389823,27.82035,20.896867752075195
2024-12-19 08:00:00,64.0,109.35035326225173,44.96417857315968,40.87879,29.926061630249023
2024-12-19 09:00:00,49.836032,133.82081306608507,71.00193917418582,56.88903,35.26534652709961
2024-12-19 10:00:00,75.68696700000002,103.29689495278572,39.820032393241824,44.588825,67.48492431640625
2024-12-19 11:00:00,67.41914300000002,154.37793988256576,79.8549138932458,78.88686,74.72825622558594
2024-12-19 12:00:00,54.439939,129.38443435964302,58.33280769056941,57.716736,68.31941986083984
2024-12-19 13:00:00,47.83214699999999,117.74579542632614,43.17876998733884,41.49707,38.08802795410156
2024-12-19 14:00:00,44.73887499999999,107.55823955331473,44.786503162848966,42.507763,35.34650421142578
2024-12-19 15:00:00,33.076161,102.67703461675228,39.5190424140465,38.276848,29.11946678161621
2024-12-19 16:00:00,15.252992,85.307371730582,25.093995413160318,21.194715,23.3601131439209
2024-12-19 17:00:00,6.751268999999999,36.05915288914737,10.644732297962413,9.6439705,13.20309066772461
2024-12-19 18:00:00,7.529535999999999,8.556875716500432,7.6652823411907685,8.145858,5.2112579345703125
2024-12-19 19:00:00,8.242408,17.29461862956082,7.981452311993548,8.612444,5.399585723876953
2024-12-19 20:00:00,8.489664000000001,25.36628006295394,8.48605994628356,9.146972,6.838581085205078
2024-12-19 21:00:00,8.0,27.294376185185918,7.958246165215025,8.614606,6.900936126708984
2024-12-19 22:00:00,6.967870999999999,20.70790697036933,7.555926200720616,7.7061877,6.705802917480469
2024-12-19 23:00:00,7.189056999999999,10.78639335524434,6.499252225201846,6.752638,6.606681823730469
2024-12-20 00:00:00,8.365426999999997,16.9991713208464,7.3533454211413405,7.6674767,5.429134368896484
2024-12-20 01:00:00,9.528128,23.089486937072724,8.76882526049591,9.205299,7.784114837646484
2024-12-20 02:00:00,11.390625,27.362984170981832,10.329533954467973,10.494673,9.301185607910156
2024-12-20 03:00:00,14.172488,38.4638216250458,13.03521732295561,12.841037,11.257148742675781
2024-12-20 04:00:00,16.581374999999998,49.08445564833424,16.506103762549593,17.658768,14.727581024169922
2024-12-20 05:00:00,17.373979,57.541938533285965,17.713932172684327,18.537355,16.637849807739258
2024-12-20 06:00:00,18.821096000000004,61.38910055244587,19.708559592066933,19.042503,18.943561553955078
2024-12-20 07:00:00,33.38624800000001,68.58042267479354,24.69103894661339,25.391546,30.189451217651367
2024-12-20 08:00:00,49.027896000000005,106.78119454674635,42.87647876823563,39.05076,39.66889572143555
2024-12-20 09:00:00,38.614472,121.36060365855914,47.222122443530395,48.306286,48.31253433227539
2024-12-20 10:00:00,64.96480799999998,95.69958537232844,38.32577558302942,36.68197,68.31045532226562
2024-12-20 11:00:00,63.044792,147.77037992057666,70.60357708776274,65.091,55.124183654785156
2024-12-20 12:00:00,58.411072,126.62068243944572,55.01513591066291,53.71974,55.786582946777344
2024-12-20 13:00:00,55.74296799999999,123.49297136047778,51.62205760157592,53.86394,40.750614166259766
2024-12-20 14:00:00,51.895117,110.84163239692029,50.89798842382899,49.603024,42.425514221191406
2024-12-20 15:00:00,38.272753,104.714049199019,47.38140212219491,42.89461,36.1003532409668
2024-12-20 16:00:00,17.373979,81.50181845691652,28.95420534106688,25.294867,25.09801483154297
2024-12-20 17:00:00,8.869742999999998,39.58322538958008,11.688644167982861,10.956665,11.645328521728516
2024-12-20 18:00:00,12.166999999999998,19.786725135766055,9.550279184601683,9.47374,5.3032989501953125
2024-12-20 19:00:00,17.373979,34.40724154261205,14.72062736832745,14.348386,8.847782135009766
2024-12-20 20:00:00,24.137569000000003,46.73513473119644,22.433636851361538,19.869467,16.12933921813965
2024-12-20 21:00:00,25.412184,64.38755432762228,28.313419114434417,27.450188,17.238887786865234
2024-12-20 22:00:00,22.425767999999994,60.847346892494635,25.968735634390555,25.662998,30.163089752197266
2024-12-20 23:00:00,18.191447,52.7870490479012,19.944107040072467,20.767641,23.623977661132812
2024-12-21 00:00:00,15.252992,41.69951243554471,15.60487747147662,16.49505,21.699132919311523
2024-12-21 01:00:00,13.823999999999998,30.764209460528825,12.564153691963272,13.567404,17.903772354125977
2024-12-21 02:00:00,16.003008,28.337579201147676,11.91084559308722,13.096285,19.6007080078125
2024-12-21 03:00:00,24.897088,39.42959442130575,17.181587349880107,18.788979,19.229076385498047
2024-12-21 04:00:00,36.926037,70.22086365876856,32.0844333628888,29.97871,28.331058502197266
2024-12-21 05:00:00,44.73887499999999,99.54348183441525,43.81462862199928,43.10514,42.01314926147461
2024-12-21 06:00:00,47.43792800000001,113.50312299443434,48.94606255157305,50.10152,57.92441940307617
2024-12-21 07:00:00,52.734375,116.3550633838287,70.32533099701824,77.494316,73.9038314819336
2024-12-21 08:00:00,56.62310399999999,122.36348588033815,58.384404288235835,65.97385,94.56265258789062
2024-12-21 09:00:00,94.81881599999996,120.4480746257774,64.78611597083655,56.01806,100.79833984375
2024-12-21 10:00:00,156.59081899999998,177.6354142369027,118.54712697550642,126.695854,100.02896881103516
2024-12-21 11:00:00,212.776173,220.85390356216848,198.073663683626,211.0697,162.2133331298828
2024-12-21 12:00:00,247.673152,249.03934571672363,224.85733117388662,216.91632,185.8483428955078
2024-12-21 13:00:00,245.314376,263.60342075465763,261.1879803762144,253.39685,177.9286651611328
2024-12-21 14:00:00,210.644875,257.8073177578693,227.79722304786864,226.38158,214.61695861816406
2024-12-21 15:00:00,153.13037499999996,235.99985810756996,187.29345809304763,167.83716,211.31593322753906
2024-12-21 16:00:00,79.50699999999999,200.46642068973358,115.18523606043172,109.30221,186.08287048339844
2024-12-21 17:00:00,25.67237500000001,142.70248477605398,60.99878246615574,51.916756,131.6419677734375
2024-12-21 18:00:00,19.465109,73.03811451810466,33.453034567426094,33.601658,62.580116271972656
2024-12-21 19:00:00,17.576,83.61115243245803,24.38925829780814,21.805931,23.22950553894043
2024-12-21 20:00:00,14.172488,74.46199447862558,16.197742443307174,16.113174,17.234468460083008
2024-12-21 21:00:00,15.438249000000004,57.012168324690435,10.987460879464404,11.711197,13.086662292480469
2024-12-21 22:00:00,16.387064000000002,57.96819820562942,17.4850126102302,16.704275,8.298114776611328
2024-12-21 23:00:00,14.526784,52.69161631486051,16.588314648132126,16.678019,11.579936981201172
2024-12-22 00:00:00,13.823999999999998,47.59692780193222,13.077475161695403,14.236874,11.05575942993164
2024-12-22 01:00:00,13.312053000000002,51.629193131395596,12.309556806882288,14.439753,12.193138122558594
2024-12-22 02:00:00,14.526784,50.23224057696213,13.01228434465713,13.580493,13.24106216430664
2024-12-22 03:00:00,16.194276999999996,53.93567260904808,17.76903065507959,17.019003,16.167728424072266
2024-12-22 04:00:00,17.373979,56.97669497049637,17.633278256521177,18.987156,20.44718360900879
2024-12-22 05:00:00,19.034163,59.349284065876574,18.27644611185965,19.431782,27.023887634277344
2024-12-22 06:00:00,20.346417,67.9039517797824,19.844575704247468,23.1817,37.896270751953125
2024-12-22 07:00:00,34.012224,72.41076948977909,31.125735005780317,32.15901,41.73898696899414
2024-12-22 08:00:00,43.614208,107.21612196728302,46.26932995139885,46.258396,42.50912857055664
2024-12-22 09:00:00,48.627125,106.83270286814584,48.91003334883899,44.41242,49.51015090942383
2024-12-22 10:00:00,74.08800000000001,100.42786954701111,45.8349623774647,50.228245,55.871131896972656
2024-12-22 11:00:00,67.91731200000001,142.45465244197615,77.1490902315986,80.01693,45.09757995605469
2024-12-22 12:00:00,57.51245599999999,116.96577103647681,59.77136932607978,60.928364,32.35572814941406
2024-12-22 13:00:00,48.22854400000001,99.91278568304094,46.25459827774206,46.343697,31.236953735351562
2024-12-22 14:00:00,44.73887499999999,79.08007867181942,46.91818025858671,42.2472,37.32605743408203
2024-12-22 15:00:00,45.118016,74.06590805159175,38.60983386384021,37.914593,24.745777130126953
2024-12-22 16:00:00,30.959144,83.53204804497003,44.83354719363795,37.6558,28.596229553222656
2024-12-22 17:00:00,14.526784,50.59838740977811,23.543678957458518,18.014326,22.243982315063477
2024-12-22 18:00:00,19.034163,14.198271416824351,12.978460407346827,14.435161,12.416496276855469
2024-12-22 19:00:00,21.024576,37.25214777878095,20.35981236666142,22.774893,10.313858032226562
2024-12-22 20:00:00,21.024576,33.670177398265686,21.908235763167987,22.578812,19.996305465698242
2024-12-22 21:00:00,17.779580999999997,36.75019948334056,20.059722107098857,20.305853,18.074207305908203
2024-12-22 22:00:00,14.172488,27.99902214271679,15.742118642473336,16.12232,18.351770401000977
2024-12-22 23:00:00,11.852351999999996,14.775139649094728,10.822343218729722,12.033527,13.37276840209961
2024-12-23 00:00:00,11.089567,15.676235545504394,9.938296762146068,10.981668,11.84903335571289
2024-12-23 01:00:00,11.239424000000003,19.566733010243972,10.546089500603427,11.33444,13.561988830566406
2024-12-23 02:00:00,12.166999999999998,16.70600440621412,11.193765753247128,11.50712,15.101375579833984
2024-12-23 03:00:00,14.348907000000002,24.962591025003086,12.634997266078534,12.807363,14.257604598999023
2024-12-23 04:00:00,16.777216,31.476721436781833,16.86054374563865,16.052423,16.88568878173828
2024-12-23 05:00:00,19.248832000000004,42.05850626878723,17.80091173963265,19.034542,19.09450340270996
2024-12-23 06:00:00,20.796875,52.13941325523142,20.365819228628265,21.072296,24.79210090637207
2024-12-23 07:00:00,30.664297,56.93626250560159,29.916637571143248,29.078701,40.318851470947266
2024-12-23 08:00:00,38.95821900000001,81.260348100741,45.227570304145154,42.603172,42.60392379760742
2024-12-23 09:00:00,34.965783,85.62938352253946,35.95989717298021,37.91368,40.06892395019531
2024-12-23 10:00:00,46.656000000000006,70.85777601726883,32.00269217847362,39.13548,46.08136749267578
2024-12-23 11:00:00,40.707584,99.38010117735351,49.05339726771987,43.004898,46.57099151611328
2024-12-23 12:00:00,30.959144,78.42452615189244,32.05458935975515,35.573605,33.09809875488281
2024-12-23 13:00:00,24.897088,60.73725849957302,23.290672099481085,23.582808,19.841264724731445
2024-12-23 14:00:00,22.425767999999994,54.28443336855389,20.114635212877225,19.94453,16.459430694580078
2024-12-23 15:00:00,21.024576,55.573675267814124,19.856829350494767,19.832056,13.168899536132812
2024-12-23 16:00:00,14.172488,57.06799131426057,17.5616094076018,16.372341,9.575420379638672
2024-12-23 17:00:00,9.663596999999998,36.69775928523811,9.819134946312882,8.855883,6.857196807861328
2024-12-23 18:00:00,12.649337,25.82852360900819,9.040501759485492,9.502737,3.8615150451660156
2024-12-23 19:00:00,13.997521000000004,26.437658517912766,14.216872478057228,15.018909,8.92776107788086
2024-12-23 20:00:00,13.997521000000004,24.241001794778068,15.33861263155566,15.913799,10.016353607177734
2024-12-23 21:00:00,12.326391,22.67167583256311,13.078716545727826,14.642937,10.265758514404297
2024-12-23 22:00:00,9.938375,18.96244993757834,10.440979298544992,11.0907,10.663700103759766
2024-12-23 23:00:00,8.242408,12.069279341357095,8.185967934790892,8.849347,9.056755065917969
2024-12-24 00:00:00,7.301384,10.685411463836662,6.799883813424665,7.4972916,7.9325103759765625
2024-12-24 01:00:00,6.751268999999999,9.176875197845526,6.823533033646572,7.0186343,8.457260131835938
2024-12-24 02:00:00,7.189056999999999,6.229866221740647,6.398457329581865,6.640003,8.809417724609375
2024-12-24 03:00:00,6.967870999999999,12.145674871619082,7.487750853358148,7.507963,8.264167785644531
2024-12-24 04:00:00,6.967870999999999,10.748447538027897,6.691330557382424,7.147931,9.186450958251953
2024-12-24 05:00:00,6.967870999999999,17.61915932941654,7.267558944413915,7.3343463,7.514987945556641
2024-12-24 06:00:00,6.967870999999999,21.970934022216525,8.467700502420792,7.4140263,7.1399993896484375
2024-12-24 07:00:00,10.218312999999998,24.941561773536865,9.415858346143464,8.734748,9.721317291259766
2024-12-24 08:00:00,15.813250999999996,44.388600345866365,18.98621638729718,18.185574,16.581491470336914
2024-12-24 09:00:00,19.034163,59.93766873001748,19.201170272489293,19.694958,14.670648574829102
2024-12-24 10:00:00,33.698267,67.48011364690666,21.462409718957392,21.7956,16.078901290893555
2024-12-24 11:00:00,38.614472,114.922147549182,29.703476062412907,31.352678,19.98542594909668
2024-12-24 12:00:00,32.461759,117.64504052109277,36.76942701106722,37.696342,34.00649642944336
2024-12-24 13:00:00,26.730899000000004,96.15403256073986,29.15759290072207,28.912271,37.17007064819336
2024-12-24 14:00:00,27.0,86.56298995638255,22.891925699529974,22.42193,22.900577545166016
2024-12-24 15:00:00,27.543608,87.51008981743182,24.215659262921946,23.7946,15.095600128173828
2024-12-24 16:00:00,16.003008,84.19396718085102,23.83192341878159,23.21137,17.762468338012695
2024-12-24 17:00:00,4.019679000000001,51.0521301109185,12.307678081820868,11.660864,15.925342559814453
2024-12-24 18:00:00,2.985984,-3.1308422329768604,4.241459348375961,4.3524547,5.319580078125
2024-12-24 19:00:00,2.6856189999999995,2.140759773753903,2.8236563800359487,3.0451763,2.838836669921875
2024-12-24 20:00:00,2.803221,-1.9866781779604565,2.815533003117994,2.7703898,4.034980773925781
2024-12-24 21:00:00,3.0486249999999995,2.316698172207154,3.0187484407281318,3.3464026,2.82818603515625
2024-12-24 22:00:00,3.581577,2.2949921022937083,3.879241306353185,3.8190832,2.9677810668945312
2024-12-24 23:00:00,5.5452330000000005,1.6369753965058003,4.587901885361362,4.732158,2.7994346618652344
2024-12-25 00:00:00,8.0,20.64666337970658,7.396940056706167,7.5035243,3.4787635803222656
2024-12-25 01:00:00,6.128487000000001,35.158477005378415,10.563908581619714,10.575097,6.325962066650391
2024-12-25 02:00:00,2.8632879999999994,18.0051302970805,5.109355323346221,6.6102705,10.29620361328125
2024-12-25 03:00:00,1.4815439999999995,-7.546483460252404,1.9674259312014635,2.6300237,6.643993377685547
2024-12-25 04:00:00,4.096000000000001,-13.825473181177237,1.4663368220346193,2.1201096,2.537200927734375
2024-12-25 05:00:00,10.077696,35.61318217556592,10.261017689742198,8.047971,1.2669105529785156
2024-12-25 06:00:00,14.348907000000002,67.4058357811331,14.581050055431286,14.034955,10.58951187133789
2024-12-25 07:00:00,21.024576,78.87130376756704,28.330614294156607,26.554592,32.94041061401367
2024-12-25 08:00:00,36.926037,103.47318379804025,32.42195043801217,31.87526,44.78914260864258
2024-12-25 09:00:00,51.478848000000006,132.61945062095646,45.5032812381066,46.899277,48.76969909667969
2024-12-25 10:00:00,67.41914300000002,142.0484447629626,51.44903995825553,58.758286,68.64076232910156
2024-12-25 11:00:00,60.698457000000005,156.87734569897762,74.4433695530864,77.06038,72.399658203125
2024-12-25 12:00:00,46.26827899999999,121.21625385559432,47.51154095146563,57.15138,59.9000129699707
2024-12-25 13:00:00,39.304,103.95561542158242,34.90392772731353,40.13105,33.90314483642578
2024-12-25 14:00:00,36.926037,96.75465723183368,31.784706040296413,35.46179,28.0980167388916
2024-12-25 15:00:00,27.270900999999995,91.62194055429313,32.080817652634636,36.704086,29.322938919067383
2024-12-25 16:00:00,11.697083,70.3831748489825,20.08261786212764,18.245821,29.436988830566406
2024-12-25 17:00:00,4.410943999999999,24.596588423099337,7.874152856268881,7.3301034,12.771678924560547
2024-12-25 18:00:00,3.944312000000001,-4.931525842341735,4.577815040722448,4.9594574,5.371463775634766
2024-12-25 19:00:00,3.112136,-1.9077292051584038,4.1406979442235485,3.8363469,4.581546783447266
2024-12-25 20:00:00,2.299968,-7.316668990110095,2.8113968822657647,3.0103133,5.185237884521484
2024-12-25 21:00:00,1.906624,-13.835726130741953,2.371256060009702,2.0821576,3.294200897216797
2024-12-25 22:00:00,2.0483830000000003,-18.543583995681914,1.845097910201983,2.011723,2.06756591796875
2024-12-25 23:00:00,2.803221,-19.985948745839785,2.551354190325017,2.5081758,1.9370613098144531
2024-12-26 00:00:00,3.796416,-5.848555988753546,3.643427658171075,4.208306,2.039783477783203
2024-12-26 01:00:00,4.912999999999999,-4.303197970778882,5.6830522575956195,5.422696,4.098148345947266
2024-12-26 02:00:00,6.434856000000001,2.630444415013315,6.197805793327425,6.199717,5.103851318359375
2024-12-26 03:00:00,8.489664000000001,15.791044362350572,8.281004461204954,7.809434,7.159870147705078
2024-12-26 04:00:00,10.077696,29.887932532400846,10.668847020712445,11.176459,9.721931457519531
2024-12-26 05:00:00,10.941048000000002,33.64450025424475,11.425581620214775,12.578306,12.708831787109375
2024-12-26 06:00:00,11.390625,34.56286311798412,13.149788756952612,12.874842,13.416572570800781
2024-12-26 07:00:00,12.326391,35.44877817484769,14.576052317400077,16.3203,15.816850662231445
2024-12-26 08:00:00,21.024576,33.999736398485595,24.84800546253666,21.718718,25.51519775390625
2024-12-26 09:00:00,13.481272,58.67230193374817,24.020357853653003,22.1879,19.85390281677246
2024-12-26 10:00:00,13.997521000000004,15.643686227915694,10.754173264330902,10.238222,26.973682403564453
2024-12-26 11:00:00,13.144256,20.829944350750683,14.694214109393831,14.071401,10.089996337890625
2024-12-26 12:00:00,11.697083,17.53594760772326,11.345564614835702,11.355128,8.5645751953125
2024-12-26 13:00:00,10.360232000000002,19.686568869310495,10.62542259759369,10.756233,7.301479339599609
2024-12-26 14:00:00,10.077696,10.307408351673814,9.171784932128123,9.369462,7.331779479980469
2024-12-26 15:00:00,11.852351999999996,7.5532940385062055,9.585548944799088,8.39569,6.140388488769531
2024-12-26 16:00:00,9.393930999999998,18.88717646729817,12.310609224046843,10.608721,4.468708038330078
2024-12-26 17:00:00,6.751268999999999,7.774320280568819,7.236687131161452,6.656654,3.9401702880859375
2024-12-26 18:00:00,7.880599,-0.4832270666895866,7.611113246633507,7.6521506,3.4056396484375
2024-12-26 19:00:00,8.741816,0.10194233146319576,8.931819681995897,9.028901,5.896812438964844
2024-12-26 20:00:00,8.998912,4.685753974941274,9.299164976295694,10.079382,7.554725646972656
2024-12-26 21:00:00,7.414874999999999,3.315041770909108,9.273594249834233,8.985655,6.6999359130859375
2024-12-26 22:00:00,4.826809,-5.344621037718106,6.277980481423082,6.81848,7.668415069580078
2024-12-26 23:00:00,2.8632879999999994,-17.42058974323114,3.3479796987517894,4.039244,5.680706024169922
2024-12-27 00:00:00,2.985984,-21.385518524984157,2.042866249938318,2.423145,3.1460952758789062
2024-12-27 01:00:00,4.574296,-14.624119076870862,3.842045830787413,3.698247,2.541046142578125
2024-12-27 02:00:00,6.967870999999999,-3.5099518030392147,6.742317367423526,6.7644434,4.228328704833984
2024-12-27 03:00:00,10.360232000000002,2.3334593079532127,9.11465995116512,8.939246,6.535823822021484
2024-12-27 04:00:00,13.144256,14.988820114732,12.700762157126617,12.816043,9.539833068847656
2024-12-27 05:00:00,15.813250999999996,24.885202476019856,14.378518542380483,14.415088,12.070850372314453
2024-12-27 06:00:00,17.779580999999997,37.78585758515168,18.53629981969017,17.67004,13.053741455078125
2024-12-27 07:00:00,27.543608,44.57439386877636,24.426841816314447,23.809875,19.107242584228516
2024-12-27 08:00:00,50.243409,71.10101998660818,38.214730981303035,37.12543,30.239486694335938
2024-12-27 09:00:00,36.926037,104.48726449921887,38.56358824217439,34.247555,26.744810104370117
2024-12-27 10:00:00,80.06299099999998,65.6125486397145,37.21305273256516,41.17017,40.30030059814453
2024-12-27 11:00:00,77.85448299999997,151.50079422096044,90.37571308030003,85.96448,40.7955436706543
2024-12-27 12:00:00,60.236288,121.23861054935449,70.8509189673138,67.17855,65.67119598388672
2024-12-27 13:00:00,42.50854900000001,102.01536460688337,45.825421824809155,45.8305,50.723087310791016
2024-12-27 14:00:00,29.503629,78.54811270867458,30.844506850432516,30.83211,35.64509963989258
2024-12-27 15:00:00,20.123648000000003,64.57914429728464,21.997708901954034,21.548672,21.123823165893555
2024-12-27 16:00:00,10.360232000000002,56.47963584988004,13.394361628141445,10.568371,13.827892303466797
2024-12-27 17:00:00,7.529535999999999,30.63388026920977,6.866462884028116,5.398044,8.634323120117188
2024-12-27 18:00:00,10.218312999999998,22.575015786772468,7.914571380310077,8.514378,4.928924560546875
2024-12-27 19:00:00,10.360232000000002,21.30163054244223,13.280445936288457,11.407236,11.08572769165039
2024-12-27 20:00:00,9.528128,16.139210476917107,10.884644637160362,11.365932,8.79410171508789
2024-12-27 21:00:00,7.077887999999999,6.6189757839237835,8.440243313136664,8.631653,7.972995758056641
2024-12-27 22:00:00,4.173281000000001,-4.789997630757256,5.626627916676049,5.997795,7.059024810791016
2024-12-27 23:00:00,2.985984,-18.257551475851393,2.5375202765145515,3.3563137,4.3449554443359375
2024-12-28 00:00:00,3.652264,-14.677600110614094,2.451480849141624,3.0309703,2.6948928833007812
2024-12-28 01:00:00,5.5452330000000005,-3.87464645963059,4.913169309619937,4.987436,3.618549346923828
2024-12-28 02:00:00,7.301384,0.6891305555291325,7.161583429484784,7.403097,7.3815155029296875
2024-12-28 03:00:00,8.365426999999997,-1.6719950645152508,8.788888072424392,9.1732855,9.737350463867188
2024-12-28 04:00:00,8.365426999999997,-0.07593246876535886,8.796111594777278,9.498795,11.333236694335938
2024-12-28 05:00:00,7.301384,3.1836536060793,7.891620855222439,8.985609,10.54281997680664
2024-12-28 06:00:00,5.929741000000001,0.2585761467674672,7.652496974510523,7.4035497,10.00930404663086
2024-12-28 07:00:00,3.796416,-4.8734491400217905,6.948694924203809,6.939632,10.62603759765625
2024-12-28 08:00:00,5.6397520000000005,-22.41709791450397,4.672556418491661,4.56732,13.44345474243164
2024-12-28 09:00:00,2.248091,-14.838071620248414,7.187291443288717,4.659724,7.4785308837890625
2024-12-28 10:00:00,4.657462999999999,-52.6312203197615,1.5343407786777947,3.3247912,4.330474853515625
2024-12-28 11:00:00,2.0483830000000003,-19.723749348642542,7.902922014712275,6.822107,2.9203834533691406
2024-12-28 12:00:00,0.3732479999999999,-55.73919484367669,1.224607120128608,1.545865,4.3217315673828125
2024-12-28 13:00:00,0.274625,-71.61290809122067,0.3744213497650405,0.30119032,1.57574462890625
2024-12-28 14:00:00,0.970299,-64.37141103164072,0.5026606664386883,0.590782,-0.9672393798828125
2024-12-28 15:00:00,1.3676310000000005,-40.00647219876722,2.2687625288783426,1.9775333,-0.8551559448242188
2024-12-28 16:00:00,0.7535710000000001,-35.61539027629994,1.8984666941638104,0.9823157,1.0612258911132812
2024-12-28 17:00:00,0.2383279999999999,-50.01073930364142,0.7592956928832046,0.298171,0.2508201599121094
2024-12-28 18:00:00,0.658503,-61.309201796380485,0.3487484829104352,0.79361266,0.15572738647460938
2024-12-28 19:00:00,2.299968,-36.288992765259444,1.5583837839310826,1.7392871,1.0893020629882812
2024-12-28 20:00:00,4.251528,-8.973113278604252,4.435948874798492,4.1099195,1.2276115417480469
2024-12-28 21:00:00,5.6397520000000005,-1.943430206237636,6.0707328530699405,6.1063566,2.7287445068359375
2024-12-28 22:00:00,5.832000000000001,1.9350280675480498,7.181351818007955,6.4864306,4.536140441894531
2024-12-28 23:00:00,4.657462999999999,-5.950277199885463,5.799737086819719,6.3258085,5.301151275634766
2024-12-29 00:00:00,2.6280719999999995,-15.929443019922637,3.7166398813775543,3.8259838,4.862037658691406
2024-12-29 01:00:00,1.092727,-39.24211720103896,1.8997504764771695,2.1588926,4.317848205566406
2024-12-29 02:00:00,1.157625,-54.50801846631986,0.7098395944256092,1.1083429,2.0794944763183594
2024-12-29 03:00:00,2.744,-39.20410867130483,1.5125502407696985,1.4571092,0.19571685791015625
2024-12-29 04:00:00,4.574296,-15.846311052863733,4.70367185739893,4.1349397,0.9613761901855469
2024-12-29 05:00:00,5.5452330000000005,-13.029518828608772,6.8097155549990305,6.7218423,3.1827545166015625
2024-12-29 06:00:00,5.6397520000000005,-15.768893427088102,6.205534161968037,6.2886033,4.492946624755859
2024-12-29 07:00:00,4.251528,-12.19210554715066,6.526478237398642,6.513532,6.0947418212890625
2024-12-29 08:00:00,8.242408,-22.220573721421246,5.957875901835333,6.026316,10.378475189208984
2024-12-29 09:00:00,2.985984,2.5797855867158326,10.844161840320004,7.7150855,6.702045440673828
2024-12-29 10:00:00,1.3310000000000004,-46.378347663331986,2.0173308126551768,4.3450785,3.9770126342773438
2024-12-29 11:00:00,2.924207,-64.96991346018785,0.8752164583922795,1.1388493,2.197864532470703
2024-12-29 12:00:00,6.128487000000001,-15.819078866603192,4.59383160192461,4.208014,1.0793838500976562
2024-12-29 13:00:00,10.218312999999998,14.568900577138853,9.268501143697101,8.415514,3.285594940185547
2024-12-29 14:00:00,12.326391,19.81930660149969,12.483140706746848,11.68,6.292762756347656
2024-12-29 15:00:00,10.218312999999998,21.410608368505528,12.966913663254674,12.549369,9.78048324584961
2024-12-29 16:00:00,5.359375,19.011073065363448,8.124800018485503,6.8648424,5.631519317626953
2024-12-29 17:00:00,2.097152,-7.019923256896718,3.3326914794000753,2.3744442,2.931140899658203
2024-12-29 18:00:00,0.8305839999999999,-33.35939026673838,1.1859322940836958,1.9756333,1.3762168884277344
2024-12-29 19:00:00,0.140608,-52.6874691868882,0.5975775455435091,1.1408333,2.2870140075683594
2024-12-29 20:00:00,0.079507,-63.19402035889586,0.2615580545471428,0.452116,-0.24762725830078125
2024-12-29 21:00:00,0.438976,-50.1119549478693,0.25853890449227324,0.50024563,-1.3247947692871094
2024-12-29 22:00:00,1.771561,-24.68466895954547,1.381909121418673,0.72813594,-1.3002853393554688
2024-12-29 23:00:00,5.268024,-7.358519824914815,4.5312651783459135,4.113772,0.6249275207519531
2024-12-30 00:00:00,10.793861,12.806090642828128,8.582576908966677,9.162289,4.106510162353516
2024-12-30 01:00:00,14.886936,28.505796507011816,14.631466523282793,14.815442,13.13309097290039
2024-12-30 02:00:00,16.194276999999996,29.912178174966936,17.91037686414031,16.873966,17.364694595336914
2024-12-30 03:00:00,17.173512000000002,27.433891426798155,16.804494343805267,16.211164,16.717594146728516
2024-12-30 04:00:00,19.034163,31.232476765400786,17.89120185772133,17.225147,15.11447525024414
2024-12-30 05:00:00,20.123648000000003,35.96143234985647,20.279807593998093,19.601324,15.659553527832031
2024-12-30 06:00:00,17.779580999999997,35.28408001461375,20.06884087105993,19.116636,17.045991897583008
2024-12-30 07:00:00,28.652616,26.537706582639323,22.07699405915758,21.181154,21.788711547851562
2024-12-30 08:00:00,26.463592,62.863074339381924,40.461149780633775,37.88857,32.08298110961914
2024-12-30 09:00:00,20.570824000000005,37.010868652281616,25.465463282755508,22.564053,30.340930938720703
2024-12-30 10:00:00,28.934442999999995,28.956548443302456,20.370699625075563,20.968182,16.223608016967773
2024-12-30 11:00:00,16.387064000000002,65.72734136805062,27.39136247650631,27.63128,13.645713806152344
2024-12-30 12:00:00,8.489664000000001,21.5811665746428,12.01590171166992,11.293901,13.52450942993164
2024-12-30 13:00:00,4.410943999999999,8.435248143739823,5.2143843322122,6.138512,7.196643829345703
2024-12-30 14:00:00,2.4603750000000004,-12.415705035871369,2.8224785240914434,3.2427168,3.9595947265625
2024-12-30 15:00:00,1.860867,-15.977141394447777,1.8703541430246218,2.0289862,1.0845222473144531
2024-12-30 16:00:00,1.124864,-8.72382940635105,1.7620509374059512,0.9905053,0.24779891967773438
2024-12-30 17:00:00,0.778688,-20.211831315624742,0.9096207744951954,0.16032058,-0.04573822021484375
2024-12-30 18:00:00,1.191016,-27.119906822626504,0.8387185788927234,1.4224626,-0.4040260314941406
2024-12-30 19:00:00,2.4603750000000004,-11.85875735042179,1.9545776248719062,1.8544077,0.4782676696777344
2024-12-30 20:00:00,4.173281000000001,1.8797449527725476,4.064172225051143,3.9387496,1.0462684631347656
2024-12-30 21:00:00,6.028568000000001,9.166947265186352,5.712027830644334,5.569159,2.91339111328125
2024-12-30 22:00:00,6.028568000000001,15.500628807655826,8.138283750870217,7.5644436,5.403743743896484
2024-12-30 23:00:00,4.096000000000001,0.930479396966998,6.143956035446147,6.829758,6.966953277587891
2024-12-31 00:00:00,1.5608959999999996,-20.585238036622826,2.9896918505650114,3.4861965,6.4924774169921875
2024-12-31 01:00:00,0.085184,-52.328065047580886,1.0976392493017884,1.4697182,3.9153480529785156
2024-12-31 02:00:00,0.300763,-84.38749183902243,0.35616671605688244,0.5786633,0.7851982116699219
2024-12-31 03:00:00,2.5713530000000007,-35.468010335202486,1.9428762245136222,0.6554133,-1.4341773986816406
2024-12-31 04:00:00,6.028568000000001,3.3638935841998148,6.196116679754161,5.780748,0.6112442016601562
2024-12-31 05:00:00,9.663596999999998,6.477146127376962,9.529654312860126,8.887834,7.987957000732422
2024-12-31 06:00:00,12.649337,22.06126853489404,13.346099285089572,11.479263,13.458171844482422
2024-12-31 07:00:00,25.412184,28.408963798392254,19.32610452282744,20.510439,15.800926208496094
2024-12-31 08:00:00,35.28755199999999,65.0900976785066,35.11497826133673,33.846466,25.384801864624023
2024-12-31 09:00:00,30.959144,74.1438582676312,32.46274604322739,33.26827,27.77719497680664
2024-12-31 10:00:00,23.393656,68.9072174125844,31.09477569540489,29.7295,28.28567886352539
2024-12-31 11:00:00,15.069223000000004,57.9561277200373,18.344126429896065,17.38109,21.766035079956055
2024-12-31 12:00:00,11.089567,35.56124930996896,11.328519945297923,10.342846,8.859390258789062
2024-12-31 13:00:00,10.941048000000002,21.292362800078983,8.61725043434423,8.139625,6.422351837158203
2024-12-31 14:00:00,10.648000000000003,27.220520810695596,10.376232885366296,10.263493,5.344478607177734
2024-12-31 15:00:00,7.529535999999999,32.293195349243724,10.082969360242346,9.378872,6.993988037109375
2024-12-31 16:00:00,3.723875000000001,15.908555235674484,5.110279281635802,4.130736,5.033535003662109
2024-12-31 17:00:00,1.124864,-7.978190951380114,2.519201711608888,1.4359685,2.2700424194335938
2024-12-31 18:00:00,0.681472,-31.704986447001637,0.7141567954694302,0.94614214,1.0785560607910156
2024-12-31 19:00:00,1.5608959999999996,-26.712470211626474,0.7991331215030703,1.140592,0.4153709411621094
2024-12-31 20:00:00,2.3526370000000005,1.3394107933710018,2.979955797163716,2.5019562,0.191070556640625
2024-12-31 21:00:00,1.953125,-9.728113597629196,3.7211196959991764,3.168621,2.3633766174316406
2024-12-31 22:00:00,0.912673,-30.28174355407677,1.8399882730336181,1.7676516,2.3567352294921875
2024-12-31 23:00:00,0.1851929999999999,-50.29085316334355,0.6116842049284277,0.8783797,2.2146949768066406
