datetime,actual,Linear Regression,Random Forest,XGBoost,LSTM
2024-01-01 19:00:00,0.0,0.08752557799685512,9.58553011462555e-06,-0.03215417,
2024-01-01 20:00:00,0.0,0.7173271882164887,9.58553011462555e-06,0.04391865,
2024-01-01 21:00:00,0.0,0.4120920840113884,9.58553011462555e-06,0.0029906717,
2024-01-01 22:00:00,0.0,-0.2856012064039657,9.58553011462555e-06,0.0066647823,
2024-01-01 23:00:00,0.0,-2.5843894073825107,9.58553011462555e-06,0.0066647823,
2024-01-02 00:00:00,0.0,2.087258175495071,9.58553011462555e-06,-0.013895205,
2024-01-02 01:00:00,0.0,-2.123576595420895,9.58553011462555e-06,0.010275659,
2024-01-02 02:00:00,0.0,-4.4786483067560034,9.58553011462555e-06,0.010275659,
2024-01-02 03:00:00,0.0,-3.4758200748444525,9.58553011462555e-06,0.010275659,
2024-01-02 04:00:00,0.0,-3.441234634642786,9.58553011462555e-06,0.010275659,
2024-01-02 05:00:00,0.0,1.9535064460828124,5.793287248158564e-05,0.017444847,
2024-01-02 06:00:00,0.0,9.434170195599917,0.010341364732042151,0.19432758,
2024-01-02 07:00:00,8.116,11.249622567914805,7.477495089133085,7.5784006,
2024-01-02 08:00:00,35.88,29.226823605668535,37.631775115545764,38.546234,
2024-01-02 09:00:00,64.79,67.1642279281354,68.26113946769782,67.22868,
2024-01-02 10:00:00,98.384,92.67299418155412,93.66402811720555,96.175285,
2024-01-02 11:00:00,121.44400000000002,120.12186152315005,119.58207358144871,118.41483,
2024-01-02 12:00:00,113.11,127.35906653117715,127.27428777097857,126.10808,
2024-01-02 13:00:00,106.506,104.01107231354132,107.6146580965407,106.46299,
2024-01-02 14:00:00,86.49600000000001,89.66503964782774,86.60258056396692,86.378426,
2024-01-02 15:00:00,64.324,61.64185055524015,62.47779363053417,61.551964,
2024-01-02 16:00:00,29.076,37.3990466754996,30.01715784211067,31.573648,
2024-01-02 17:00:00,3.916,7.730080219618179,4.658928164455561,4.6910048,
2024-01-02 18:00:00,0.0,-6.389952663986289,9.58553011462555e-06,-0.014480778,
2024-01-02 19:00:00,0.0,1.1067110080203086,9.58553011462555e-06,0.006518907,0.4849433898925781
2024-01-02 20:00:00,0.0,3.4009970120484248,9.58553011462555e-06,0.04336992,0.659576416015625
2024-01-02 21:00:00,0.0,1.487664460010576,9.58553011462555e-06,0.007448192,0.7196807861328125
2024-01-02 22:00:00,0.0,0.48267252109796566,9.58553011462555e-06,0.0066647823,0.7272491455078125
2024-01-02 23:00:00,0.0,-3.80431567515509,9.58553011462555e-06,0.0068606273,0.7514305114746094
2024-01-03 00:00:00,0.0,-1.5997143169121202,9.58553011462555e-06,-0.0002021701,0.758453369140625
2024-01-03 01:00:00,0.0,-4.027253987778532,9.58553011462555e-06,0.017654987,0.740570068359375
2024-01-03 02:00:00,0.0,-4.232020739714587,9.58553011462555e-06,0.017654987,0.7341995239257812
2024-01-03 03:00:00,0.0,-3.224307937302054,9.58553011462555e-06,0.01300135,0.5845069885253906
2024-01-03 04:00:00,0.0,-2.4554322812243994,9.58553011462555e-06,0.018575711,-0.00585174560546875
2024-01-03 05:00:00,0.0,0.6530142722552483,5.793287248158564e-05,0.04135899,-0.01448822021484375
2024-01-03 06:00:00,0.0,6.439323444173603,3.467741935483871e-05,0.117524624,0.5174598693847656
2024-01-03 07:00:00,8.48,10.606511314742832,7.929937688729401,8.07108,6.04339599609375
2024-01-03 08:00:00,35.7,30.482142973599608,38.56079945604671,40.158386,28.578710556030273
2024-01-03 09:00:00,70.43400000000001,68.29966300169332,66.17809934634221,66.06955,66.77912902832031
2024-01-03 10:00:00,105.456,104.05478080587741,103.12902624381239,104.37167,95.3228759765625
2024-01-03 11:00:00,127.67000000000002,130.0412350804684,126.58805305753893,127.95289,119.20014953613281
2024-01-03 12:00:00,133.75,134.12473445592553,130.86370090007216,132.6155,129.11582946777344
2024-01-03 13:00:00,126.19400000000002,126.21178240856563,127.66298469446996,125.864426,122.07418823242188
2024-01-03 14:00:00,104.484,104.85221326953086,106.57214127483392,106.97418,99.06321716308594
2024-01-03 15:00:00,71.77000000000001,74.60704431789503,71.01741588021774,69.802605,65.16642761230469
2024-01-03 16:00:00,35.49,39.08911158085721,36.144737682755775,35.251766,31.633935928344727
2024-01-03 17:00:00,4.95,11.203902245133133,5.209940145093128,5.1508517,5.102672576904297
2024-01-03 18:00:00,0.0,-7.762785412741965,9.58553011462555e-06,-0.04461854,0.42002105712890625
2024-01-03 19:00:00,0.0,2.9230045941240217,9.58553011462555e-06,-0.15766324,0.5060195922851562
2024-01-03 20:00:00,0.0,2.63111159883959,9.58553011462555e-06,0.039907433,0.5692329406738281
2024-01-03 21:00:00,0.0,0.9406663906219439,9.58553011462555e-06,0.93445855,0.6835174560546875
2024-01-03 22:00:00,0.0,-1.4641196394969445,9.58553011462555e-06,0.004111435,0.7212142944335938
2024-01-03 23:00:00,0.0,-4.117416095605829,9.58553011462555e-06,0.013675653,0.68365478515625
2024-01-04 00:00:00,0.0,0.4863316488900056,9.58553011462555e-06,-0.022445146,0.6876106262207031
2024-01-04 01:00:00,0.0,-3.3015298154388955,9.58553011462555e-06,0.011504042,0.705352783203125
2024-01-04 02:00:00,0.0,-3.5872722566246233,9.58553011462555e-06,0.01300135,0.6888236999511719
2024-01-04 03:00:00,0.0,-3.7786978250226655,9.58553011462555e-06,0.011504042,0.3979301452636719
2024-01-04 04:00:00,0.0,-2.551794611875687,9.58553011462555e-06,0.011504042,-0.23028564453125
2024-01-04 05:00:00,0.0,-1.373967915317194,5.793287248158564e-05,0.017444847,-0.2554588317871094
2024-01-04 06:00:00,0.0,7.586129242786926,3.467741935483871e-05,0.22382213,-0.15319061279296875
2024-01-04 07:00:00,10.176000000000002,14.154965911943489,9.602076198053407,9.372552,8.982694625854492
2024-01-04 08:00:00,43.080000000000005,35.99467832252791,42.76326637497811,43.093987,37.93711853027344
2024-01-04 09:00:00,78.46600000000001,82.54906123098729,78.50835327130613,80.84939,76.84503173828125
2024-01-04 10:00:00,109.71,112.82583330527964,112.12168436800089,112.45477,108.87641906738281
2024-01-04 11:00:00,127.916,134.38928075275658,130.9065451213212,127.86096,130.02236938476562
2024-01-04 12:00:00,135.51600000000002,132.64551101940106,129.95151002951047,133.75278,133.53616333007812
2024-01-04 13:00:00,128.434,127.13820201248515,125.37002553123494,125.75459,123.525634765625
2024-01-04 14:00:00,105.94400000000002,106.58555798038822,104.99179453373016,106.72666,98.289794921875
2024-01-04 15:00:00,72.034,73.7317730601034,72.67858470739633,73.54073,67.25161743164062
2024-01-04 16:00:00,35.49,38.21214379559995,35.968781283362944,35.750504,33.208675384521484
2024-01-04 17:00:00,4.91,9.653646420345611,5.113640761397104,5.08139,5.730201721191406
2024-01-04 18:00:00,0.0,-8.0825920549384,9.58553011462555e-06,0.31072542,0.5120506286621094
2024-01-04 19:00:00,0.0,4.340585325637472,9.58553011462555e-06,0.25915056,0.4353599548339844
2024-01-04 20:00:00,0.0,3.811475739374984,9.58553011462555e-06,0.13009919,0.4818611145019531
2024-01-04 21:00:00,0.0,1.4417268580821885,9.58553011462555e-06,0.02209276,0.6231842041015625
2024-01-04 22:00:00,0.0,0.26296637004826806,9.58553011462555e-06,0.010387924,0.6575431823730469
2024-01-04 23:00:00,0.0,-2.276962512475094,9.58553011462555e-06,0.01034233,0.6362113952636719
2024-01-05 00:00:00,0.0,2.749018359176553,9.58553011462555e-06,-0.007925355,0.646942138671875
2024-01-05 01:00:00,0.0,-2.5172926709164387,9.58553011462555e-06,0.014989358,0.664093017578125
2024-01-05 02:00:00,0.0,-5.707081422293404,9.58553011462555e-06,0.011945833,0.7550506591796875
2024-01-05 03:00:00,0.0,-5.925229668794341,9.58553011462555e-06,0.011945833,0.4725990295410156
2024-01-05 04:00:00,0.0,-4.523932069964186,9.58553011462555e-06,0.0129366815,-0.2805137634277344
2024-01-05 05:00:00,0.0,-2.202645924059649,5.793287248158564e-05,0.01638933,-0.2897682189941406
2024-01-05 06:00:00,0.0,8.660231261318451,0.04167467741935484,0.2506908,-0.3480110168457031
2024-01-05 07:00:00,8.376000000000001,13.789026238499787,9.113615204964624,9.310969,8.116510391235352
2024-01-05 08:00:00,39.996,32.81769891770091,40.23332240988581,40.688232,35.49506378173828
2024-01-05 09:00:00,64.47000000000001,76.22371790912317,73.6462537117082,74.01251,75.06906127929688
2024-01-05 10:00:00,95.25,96.82775459951796,94.32738100335777,96.954544,105.97261810302734
2024-01-05 11:00:00,115.64,120.26796704693206,113.13934983453906,116.10947,119.24261474609375
2024-01-05 12:00:00,115.49,123.4986561509435,119.55190541128145,121.713776,119.49171447753906
2024-01-05 13:00:00,108.18,108.14787425929191,108.1851274804856,108.26143,110.27447509765625
2024-01-05 14:00:00,87.024,88.22520457167752,85.25802791402545,86.97587,87.15924835205078
2024-01-05 15:00:00,64.13,59.120354393271036,62.23274633683576,61.256912,61.76636505126953
2024-01-05 16:00:00,29.136000000000003,34.24494432571664,30.358430147968505,31.107695,30.459314346313477
2024-01-05 17:00:00,4.16,5.418283928768224,4.673963359566005,4.9857197,6.423164367675781
2024-01-05 18:00:00,0.0,-6.656234090308814,9.58553011462555e-06,-0.3497987,0.4804267883300781
2024-01-05 19:00:00,0.0,3.965381839393121,9.58553011462555e-06,-0.23195158,0.3922576904296875
2024-01-05 20:00:00,0.0,4.0065319686858025,9.58553011462555e-06,0.27202448,0.5566596984863281
2024-01-05 21:00:00,0.0,1.867536957905446,9.58553011462555e-06,0.15746383,0.6883735656738281
2024-01-05 22:00:00,0.0,0.7838122341568088,9.58553011462555e-06,0.010127586,0.6985702514648438
2024-01-05 23:00:00,0.0,-1.7059309134637264,9.58553011462555e-06,0.012680935,0.6783638000488281
2024-01-06 00:00:00,0.0,1.9006429861647387,9.58553011462555e-06,-0.007498315,0.6786842346191406
2024-01-06 01:00:00,0.0,-3.4229699388040347,9.58553011462555e-06,0.011945833,0.6933822631835938
2024-01-06 02:00:00,0.0,-6.7126831126434245,9.58553011462555e-06,0.011945833,0.8294639587402344
2024-01-06 03:00:00,0.0,-7.604286941956452,9.58553011462555e-06,0.013443141,0.6833000183105469
2024-01-06 04:00:00,0.0,-6.603136332142895,9.58553011462555e-06,0.011945833,-0.24909591674804688
2024-01-06 05:00:00,0.0,-1.3570580153013685,5.793287248158564e-05,-0.016819688,-0.2992439270019531
2024-01-06 06:00:00,0.0,8.824416069629882,0.03473467741935484,0.31354982,-0.17734146118164062
2024-01-06 07:00:00,8.334000000000001,14.027904808673707,7.158525025974029,7.7498083,6.920375823974609
2024-01-06 08:00:00,39.914,32.72954056388763,38.67349076383026,35.816936,31.331439971923828
2024-01-06 09:00:00,75.15,77.76249444663327,73.08509369723214,74.681076,68.88379669189453
2024-01-06 10:00:00,95.79,111.35727303629574,105.96643957947877,106.268364,100.51548767089844
2024-01-06 11:00:00,116.76,119.38826143005119,115.16027872278772,112.406,125.80687713623047
2024-01-06 12:00:00,122.344,123.36967610734735,119.27385647314149,122.873314,123.63865661621094
2024-01-06 13:00:00,114.876,116.74206035765468,112.69264322680016,113.409904,113.67977905273438
2024-01-06 14:00:00,93.204,93.01405162906346,94.35165006857044,93.49925,91.987548828125
2024-01-06 15:00:00,69.02000000000001,62.41197699547116,63.80665626599398,63.484924,64.89376831054688
2024-01-06 16:00:00,32.19,36.65067124968003,38.249072696004156,35.570656,32.07496643066406
2024-01-06 17:00:00,4.666,7.655002179174993,5.589810796695315,5.0797267,6.189067840576172
2024-01-06 18:00:00,0.0,-6.436937285948918,9.58553011462555e-06,-0.013723271,0.46435546875
2024-01-06 19:00:00,0.0,2.9918951933025095,9.58553011462555e-06,-0.026965559,0.4312705993652344
2024-01-06 20:00:00,0.0,4.030016995283814,9.58553011462555e-06,-0.06961322,0.5420341491699219
2024-01-06 21:00:00,0.0,2.0317954593337486,9.58553011462555e-06,0.010648806,0.5851707458496094
2024-01-06 22:00:00,0.0,0.5331474965320275,9.58553011462555e-06,0.010648806,0.6555099487304688
2024-01-06 23:00:00,0.0,-1.2471268507369793,9.58553011462555e-06,0.016935065,0.6659507751464844
2024-01-07 00:00:00,0.0,2.3597957902623126,9.58553011462555e-06,0.010863108,0.6720657348632812
2024-01-07 01:00:00,0.0,-2.862894930653612,9.58553011462555e-06,0.012639564,0.6801795959472656
2024-01-07 02:00:00,0.0,-4.847845588510881,9.58553011462555e-06,0.011648716,0.8261985778808594
2024-01-07 03:00:00,0.0,-5.111747959580518,9.58553011462555e-06,0.011648716,0.5869178771972656
2024-01-07 04:00:00,0.0,-4.802793935949189,9.58553011462555e-06,0.012639564,-0.2626380920410156
2024-01-07 05:00:00,0.0,-1.7287421305384916,5.793287248158564e-05,0.016092211,-0.37395477294921875
2024-01-07 06:00:00,0.0,7.439775433923472,0.04167467741935484,0.23976977,-0.21973419189453125
2024-01-07 07:00:00,7.78,12.821145658029014,7.7543856533758655,8.370693,8.477161407470703
2024-01-07 08:00:00,36.896,32.5837603151417,35.551005730557875,35.603954,35.75130081176758
2024-01-07 09:00:00,71.084,74.21443607767162,70.39156697942269,69.69516,70.01666259765625
2024-01-07 10:00:00,89.64,107.0091322888625,104.01222565303843,104.014336,98.7774887084961
2024-01-07 11:00:00,110.244,111.9307019496643,107.94958802274128,110.406876,121.60213470458984
2024-01-07 12:00:00,113.03,115.66529947956349,113.16101132884602,115.95911,116.82288360595703
2024-01-07 13:00:00,108.024,105.9465644694697,102.1427891550581,102.51235,105.98596954345703
2024-01-07 14:00:00,87.44600000000001,88.93711739446266,84.88046965516261,84.36754,83.59086608886719
2024-01-07 15:00:00,65.376,60.59327675808678,62.49226532377392,61.49004,61.041465759277344
2024-01-07 16:00:00,30.114,35.821108722509194,31.854957251607306,32.36892,29.96578025817871
2024-01-07 17:00:00,4.446000000000001,6.338420142411801,5.090933536418157,4.9574375,5.937602996826172
2024-01-07 18:00:00,0.0,-6.449518212871848,9.58553011462555e-06,-0.04128649,0.4119529724121094
2024-01-07 19:00:00,0.0,2.782609959692664,9.58553011462555e-06,-0.04742472,0.4017906188964844
2024-01-07 20:00:00,0.0,2.5295933416810374,9.58553011462555e-06,0.017593753,0.5641632080078125
2024-01-07 21:00:00,0.0,1.6001122759336495,9.58553011462555e-06,0.008510156,0.6691093444824219
2024-01-07 22:00:00,0.0,-1.0537085915371822,9.58553011462555e-06,1.9791041e-06,0.7193489074707031
2024-01-07 23:00:00,0.0,-2.562148316845085,9.58553011462555e-06,0.014796416,0.6842117309570312
2024-01-08 00:00:00,0.0,0.4099783930819587,9.58553011462555e-06,-0.00077455916,0.6777153015136719
2024-01-08 01:00:00,0.0,-3.281108002832594,9.58553011462555e-06,0.0075293775,0.6748580932617188
2024-01-08 02:00:00,0.0,-3.9810610500692585,9.58553011462555e-06,0.0075293775,0.808502197265625
2024-01-08 03:00:00,0.0,-3.0711777670651044,9.58553011462555e-06,0.017357871,0.6977272033691406
2024-01-08 04:00:00,0.0,-4.262714387204787,9.58553011462555e-06,0.017357871,0.046962738037109375
2024-01-08 05:00:00,0.0,-1.0549668969009964,5.793287248158564e-05,0.022722092,-0.0786590576171875
2024-01-08 06:00:00,0.0,7.4608087101236595,3.467741935483871e-05,0.25051126,0.18520355224609375
2024-01-08 07:00:00,7.45,12.77431021222187,7.393231361860363,7.6821084,6.051719665527344
2024-01-08 08:00:00,36.04,31.947235368469464,34.07538077630947,33.7096,28.354393005371094
2024-01-08 09:00:00,69.49600000000001,72.16867016007237,69.40134047652208,68.8342,65.54356384277344
2024-01-08 10:00:00,95.754,103.20890833254217,103.03150111016897,103.385574,93.11590576171875
2024-01-08 11:00:00,112.22,119.31219316970109,117.47871693378102,118.245636,118.18777465820312
2024-01-08 12:00:00,111.276,116.28292989038889,120.44503511706445,123.007835,122.57071685791016
2024-01-08 13:00:00,105.9,103.220901746299,101.82160668675124,104.96957,109.79318237304688
2024-01-08 14:00:00,86.64,87.93433185873448,84.19082271508049,83.66831,83.79800415039062
2024-01-08 15:00:00,67.504,59.60467258733049,62.592021310012534,59.709164,57.40620422363281
2024-01-08 16:00:00,29.710000000000004,36.972853363260604,34.741203778961776,35.364838,27.587650299072266
2024-01-08 17:00:00,4.44,4.291305586289944,5.125056639279063,4.788772,5.3283233642578125
2024-01-08 18:00:00,0.0,-6.894349670822861,9.58553011462555e-06,-0.045417193,0.24821090698242188
2024-01-08 19:00:00,0.0,3.379403213407114,9.58553011462555e-06,0.019335303,0.3838615417480469
2024-01-08 20:00:00,0.0,2.662040186753293,9.58553011462555e-06,-0.023892755,0.6212310791015625
2024-01-08 21:00:00,0.0,1.916423658834022,9.58553011462555e-06,0.008068364,0.6799049377441406
2024-01-08 22:00:00,0.0,-0.1612788138877388,9.58553011462555e-06,0.0071476405,0.6578178405761719
2024-01-08 23:00:00,0.0,-2.6518329543037376,9.58553011462555e-06,0.0071476405,0.6746063232421875
2024-01-09 00:00:00,0.0,1.3054468087367646,9.58553011462555e-06,0.0026381908,0.7430534362792969
2024-01-09 01:00:00,0.0,-2.602188953113701,9.58553011462555e-06,0.01060595,0.7719879150390625
2024-01-09 02:00:00,0.0,-3.821787010702245,9.58553011462555e-06,0.0075293775,0.6993522644042969
2024-01-09 03:00:00,0.0,-4.233279569900223,9.58553011462555e-06,0.012183012,0.5985107421875
2024-01-09 04:00:00,0.0,-5.601223195201169,9.58553011462555e-06,0.013103737,0.0801544189453125
2024-01-09 05:00:00,0.0,-1.3989461660651887,5.793287248158564e-05,0.012893603,-0.00738525390625
2024-01-09 06:00:00,0.0,8.071473009822776,3.467741935483871e-05,0.24533637,0.24981689453125
2024-01-09 07:00:00,6.7940000000000005,13.013564393393395,7.305253737012989,7.761243,6.490730285644531
2024-01-09 08:00:00,32.4,30.940259740143375,29.900005863095256,29.734829,29.409114837646484
2024-01-09 09:00:00,66.224,65.6759784597817,64.13311790838632,60.24606,65.7026138305664
2024-01-09 10:00:00,88.504,100.64624091455914,97.90181918080656,99.57695,89.35211944580078
2024-01-09 11:00:00,112.656,111.2415436394412,108.02708893891527,110.50874,113.3548583984375
2024-01-09 12:00:00,114.434,119.95661376854198,117.84978648303284,115.25543,117.5112075805664
2024-01-09 13:00:00,108.53,108.93032794668002,107.57930680371597,105.88007,110.76727294921875
2024-01-09 14:00:00,88.166,90.69458244530702,87.49222746433453,88.81662,82.75018310546875
2024-01-09 15:00:00,63.21000000000001,62.93720951041659,62.68828086892843,62.29666,58.85056686401367
2024-01-09 16:00:00,29.604000000000003,34.34354737222001,30.64085436426002,30.859028,28.19686508178711
2024-01-09 17:00:00,4.746,5.2614178373190885,5.090726291988424,4.8985205,5.358531951904297
2024-01-09 18:00:00,0.0,-7.274394888515925,9.58553011462555e-06,0.01548212,0.3135032653808594
2024-01-09 19:00:00,0.0,2.369029404373567,9.58553011462555e-06,0.0063342582,0.3469810485839844
2024-01-09 20:00:00,0.0,0.14307741720866307,9.58553011462555e-06,-0.04689202,0.5549850463867188
2024-01-09 21:00:00,0.0,0.8947402053364364,9.58553011462555e-06,-0.033212423,0.7001686096191406
2024-01-09 22:00:00,0.0,-0.8666117828383175,9.58553011462555e-06,-0.0028578448,0.6820869445800781
2024-01-09 23:00:00,0.0,-2.328191097138703,9.58553011462555e-06,-0.008089766,0.6992416381835938
2024-01-10 00:00:00,0.0,1.5955329376189606,9.58553011462555e-06,-0.00030449813,0.7617721557617188
2024-01-10 01:00:00,0.0,-3.4532147858650193,9.58553011462555e-06,0.007022918,0.8234367370605469
2024-01-10 02:00:00,0.0,-3.772573959951406,9.58553011462555e-06,0.003900745,0.6948051452636719
2024-01-10 03:00:00,0.0,-1.8903840161775793,9.58553011462555e-06,0.003900745,0.204803466796875
2024-01-10 04:00:00,0.0,-2.6041631062103887,9.58553011462555e-06,0.0067152567,-0.040691375732421875
2024-01-10 05:00:00,0.0,1.1007460503012538,5.793287248158564e-05,-0.014748036,0.11168670654296875
2024-01-10 06:00:00,0.0,8.81879033629658,3.467741935483871e-05,0.24553223,-0.1410369873046875
2024-01-10 07:00:00,6.624,11.39913833741414,7.196946430402926,7.6968794,6.710760116577148
2024-01-10 08:00:00,32.464,29.48257582304376,29.75748219810039,30.240053,34.69765853881836
2024-01-10 09:00:00,59.24,64.39456064498623,63.244884084534554,62.912476,60.76519775390625
2024-01-10 10:00:00,91.65,91.51599073474088,90.17759853088067,91.277435,91.42920684814453
2024-01-10 11:00:00,119.98,117.2951005430559,108.62590210564524,109.06992,110.3730239868164
2024-01-10 12:00:00,114.18,128.52111703571975,127.1430134266719,130.49635,122.80035400390625
2024-01-10 13:00:00,107.344,105.35282677740213,111.4345835115926,109.64146,116.1619873046875
2024-01-10 14:00:00,88.796,88.36388343070107,89.93211247734925,85.914604,84.13435363769531
2024-01-10 15:00:00,61.720000000000006,63.42571980220732,63.14065326879843,62.409554,62.422325134277344
2024-01-10 16:00:00,27.686000000000003,33.276233568428836,30.543618090189426,30.204859,33.47590637207031
2024-01-10 17:00:00,4.576,5.732777525818239,4.620271337298668,4.318523,7.768651962280273
2024-01-10 18:00:00,0.0,-5.256992800522514,9.58553011462555e-06,-0.032787576,0.4004859924316406
2024-01-10 19:00:00,0.0,2.26763685743979,9.58553011462555e-06,-0.03510522,0.38085174560546875
2024-01-10 20:00:00,0.0,2.2541793035533058,9.58553011462555e-06,-0.04030052,0.6010360717773438
2024-01-10 21:00:00,0.0,2.635145683315484,9.58553011462555e-06,-0.010213157,0.7263298034667969
2024-01-10 22:00:00,0.0,2.7149079109404877,9.58553011462555e-06,-0.018721336,0.754547119140625
2024-01-10 23:00:00,0.0,-1.1446211168686098,9.58553011462555e-06,-0.010213157,0.8056678771972656
2024-01-11 00:00:00,0.0,-1.3275299116903936,9.58553011462555e-06,0.0029679222,0.8452110290527344
2024-01-11 01:00:00,0.0,-4.769761582694709,9.58553011462555e-06,0.009304487,0.8417167663574219
2024-01-11 02:00:00,0.0,-5.1885588322255956,9.58553011462555e-06,0.009304487,0.7058067321777344
2024-01-11 03:00:00,0.0,-4.491026854628307,9.58553011462555e-06,0.007218763,0.34853363037109375
2024-01-11 04:00:00,0.0,-2.4301112085060272,9.58553011462555e-06,0.008139488,0.08965301513671875
2024-01-11 05:00:00,0.0,1.4695105311688916,5.793287248158564e-05,0.0115921395,0.16925048828125
2024-01-11 06:00:00,0.0,8.073498019242859,3.467741935483871e-05,0.20107226,-0.19461822509765625
2024-01-11 07:00:00,7.0760000000000005,12.772021676162897,6.699234785714284,7.5367985,4.947715759277344
2024-01-11 08:00:00,31.87,28.803831606879,29.483900980026796,30.233555,29.974254608154297
2024-01-11 09:00:00,61.35,61.29354627987802,62.80970013607216,60.9765,61.42690658569336
2024-01-11 10:00:00,83.54,93.05283796223017,93.36738483131252,96.78569,90.13914489746094
2024-01-11 11:00:00,103.84000000000002,102.12858392802463,100.86545617126501,100.171005,113.00324249267578
2024-01-11 12:00:00,99.566,109.06315430235756,110.57773938713089,107.53442,112.48442840576172
2024-01-11 13:00:00,92.216,92.0949939918977,95.46629473098204,93.925125,94.89859008789062
2024-01-11 14:00:00,69.81,75.6188088934775,77.2756635694209,76.080986,69.85359954833984
2024-01-11 15:00:00,50.41,48.820767511380694,50.05058850295803,48.251026,51.45259475708008
2024-01-11 16:00:00,23.540000000000003,28.19663358223356,25.315791350961323,25.750864,24.768651962280273
2024-01-11 17:00:00,4.18,4.8607102855447035,4.644012873139241,3.7859626,4.974452972412109
2024-01-11 18:00:00,0.0,-5.376967561916505,9.58553011462555e-06,-0.04608004,0.5239410400390625
2024-01-11 19:00:00,0.0,1.5525709313829923,9.58553011462555e-06,-0.028866654,0.4357452392578125
2024-01-11 20:00:00,0.0,0.6671255333594983,9.58553011462555e-06,-0.04689202,0.6062240600585938
2024-01-11 21:00:00,0.0,1.6142696186315009,9.58553011462555e-06,-0.033212423,0.7683677673339844
2024-01-11 22:00:00,0.0,-1.6123112170749776,9.58553011462555e-06,-0.0013605366,0.78424072265625
2024-01-11 23:00:00,0.0,-3.4949261735078627,9.58553011462555e-06,0.0071476405,0.7587509155273438
2024-01-12 00:00:00,0.0,-1.2827747708584418,9.58553011462555e-06,0.0011928102,0.7369804382324219
2024-01-12 01:00:00,0.0,-4.157695992500999,9.58553011462555e-06,0.012624804,0.7377166748046875
2024-01-12 02:00:00,0.0,-4.477947364221,9.58553011462555e-06,0.0079711685,0.7538223266601562
2024-01-12 03:00:00,0.0,-2.7932146436305656,9.58553011462555e-06,0.012624804,0.4345436096191406
2024-01-12 04:00:00,0.0,-3.515001671894435,9.58553011462555e-06,0.012624804,0.009349822998046875
2024-01-12 05:00:00,0.0,-1.5237754590071662,5.793287248158564e-05,0.017068304,0.002582550048828125
2024-01-12 06:00:00,0.0,5.4089798529027,3.467741935483871e-05,0.2171972,0.0317535400390625
2024-01-12 07:00:00,7.290000000000001,9.89197202882474,6.5381643618326155,6.9461083,5.728111267089844
2024-01-12 08:00:00,31.6,27.859540489690502,32.5779952910725,33.513947,26.773710250854492
2024-01-12 09:00:00,62.816,60.80980089789612,62.18175015164758,60.818394,54.537445068359375
2024-01-12 10:00:00,87.01,93.38569697971926,93.46861594710613,95.85043,86.53898620605469
2024-01-12 11:00:00,115.744,105.1446790587205,105.40171410074643,105.82794,110.82003021240234
2024-01-12 12:00:00,133.64,124.79699524434722,120.42747979031432,120.65668,114.38230895996094
2024-01-12 13:00:00,127.076,132.01880942748124,124.77079535034592,127.10472,109.08641815185547
2024-01-12 14:00:00,105.976,108.77809730980621,110.18641293319219,108.592155,97.20052337646484
2024-01-12 15:00:00,74.47000000000001,78.32258782584299,73.18536017768923,74.61789,69.9129638671875
2024-01-12 16:00:00,40.496,43.089286364699454,39.49774560916181,37.4268,37.58018493652344
2024-01-12 17:00:00,6.8340000000000005,15.111326055046831,7.8558933994467255,6.591288,8.57423210144043
2024-01-12 18:00:00,0.0,-6.997198909913488,9.58553011462555e-06,-0.049767915,0.5505905151367188
2024-01-12 19:00:00,0.0,2.7564126458347182,9.58553011462555e-06,-0.019195242,0.4295654296875
2024-01-12 20:00:00,0.0,-0.9193465030809804,9.58553011462555e-06,0.04052552,0.588348388671875
2024-01-12 21:00:00,0.0,-1.6178580131118894,9.58553011462555e-06,0.012243067,0.6286163330078125
2024-01-12 22:00:00,0.0,-2.917408566361688,9.58553011462555e-06,0.0037348904,0.6177902221679688
2024-01-12 23:00:00,0.0,-1.6857376807727258,9.58553011462555e-06,-0.00091874506,0.6405563354492188
2024-01-13 00:00:00,0.0,3.3818304231834535,9.58553011462555e-06,-0.0054281945,0.6542510986328125
2024-01-13 01:00:00,0.0,-1.359399621734875,9.58553011462555e-06,0.011721795,0.65472412109375
2024-01-13 02:00:00,0.0,-2.608971454602505,9.58553011462555e-06,0.011721795,0.7197341918945312
2024-01-13 03:00:00,0.0,-3.64828044293354,9.58553011462555e-06,0.013146024,0.473419189453125
2024-01-13 04:00:00,0.0,-3.846356152011997,9.58553011462555e-06,0.013146024,-0.12172698974609375
2024-01-13 05:00:00,0.0,-1.9564415434611009,5.793287248158564e-05,0.017589519,-0.16893386840820312
2024-01-13 06:00:00,0.0,8.43128460998701,3.467741935483871e-05,0.24049099,-0.06521987915039062
2024-01-13 07:00:00,9.084,13.416408297135721,8.816970242948058,8.768663,10.647026062011719
2024-01-13 08:00:00,42.586000000000006,35.00464828929128,41.12976738684109,41.0941,44.80189895629883
2024-01-13 09:00:00,76.57000000000001,77.73481784020416,78.15264950738695,79.684555,80.13661193847656
2024-01-13 10:00:00,110.984,112.98334447216618,108.34004918847806,109.332184,112.54585266113281
2024-01-13 11:00:00,133.16600000000005,134.76706151924603,132.5327735767128,131.08376,131.78048706054688
2024-01-13 12:00:00,132.784,141.90661095007474,138.43666465981576,139.76996,142.0753631591797
2024-01-13 13:00:00,125.794,125.69388495582817,126.10072495937546,125.81413,134.19277954101562
2024-01-13 14:00:00,104.79000000000002,106.1220658074275,102.91585185036698,104.80344,101.90972137451172
2024-01-13 15:00:00,73.12,76.73338239384691,72.83291174179159,69.88434,75.42486572265625
2024-01-13 16:00:00,39.146,38.557662320356485,37.4556514552896,35.432026,39.727149963378906
2024-01-13 17:00:00,6.894,11.232916586422675,7.3555501474293665,6.5412035,9.019697189331055
2024-01-13 18:00:00,0.0,-7.942455582492786,9.58553011462555e-06,-0.065372735,0.381378173828125
2024-01-13 19:00:00,0.0,4.064129132712159,9.58553011462555e-06,-0.030886346,0.2501716613769531
2024-01-13 20:00:00,0.0,1.358848753824506,9.58553011462555e-06,-0.008428167,0.5563278198242188
2024-01-13 21:00:00,0.0,0.8622380142116377,9.58553011462555e-06,-0.0036721313,0.5681533813476562
2024-01-13 22:00:00,0.0,-0.9263989622310635,9.58553011462555e-06,1.9791041e-06,0.5936050415039062
2024-01-13 23:00:00,0.0,-2.866916695365231,9.58553011462555e-06,0.0025553277,0.6021232604980469
2024-01-14 00:00:00,0.0,2.3663022457984333,9.58553011462555e-06,-0.016703194,0.6153297424316406
2024-01-14 01:00:00,0.0,0.9331351361801365,9.58553011462555e-06,0.017329628,0.6370468139648438
2024-01-14 02:00:00,0.0,-3.1434466064957816,9.58553011462555e-06,0.017329628,0.5647926330566406
2024-01-14 03:00:00,0.0,-4.216562413267036,9.58553011462555e-06,0.024340492,0.31783294677734375
2024-01-14 04:00:00,0.0,-4.55422644047278,9.58553011462555e-06,0.030491434,-0.0811920166015625
2024-01-14 05:00:00,0.0,-0.5856266299046755,5.793287248158564e-05,0.021773128,-0.15852737426757812
2024-01-14 06:00:00,0.0,10.933330296142962,3.467741935483871e-05,0.23130737,-0.3008460998535156
2024-01-14 07:00:00,7.806000000000001,14.035884507041171,8.351498756745366,8.821231,8.860668182373047
2024-01-14 08:00:00,36.34,31.67860423258641,36.33949104680371,37.07484,42.44572067260742
2024-01-14 09:00:00,73.324,69.59714740691771,71.85776381266132,71.8365,76.11325073242188
2024-01-14 10:00:00,111.74,106.27259141855728,107.49965594041446,106.62103,106.8809814453125
2024-01-14 11:00:00,136.06,137.62488831071454,135.46970500826512,134.17099,130.0809326171875
2024-01-14 12:00:00,119.54000000000002,143.31648392363775,140.961002685443,137.2482,140.45120239257812
2024-01-14 13:00:00,115.156,107.54743926251177,114.72229376380241,115.87575,131.1488037109375
2024-01-14 14:00:00,93.77,97.286430508878,95.06942628332712,94.39536,91.19014739990234
2024-01-14 15:00:00,74.57000000000001,67.66916057285863,64.6733620688819,65.37112,72.07725524902344
2024-01-14 16:00:00,35.11000000000001,44.73853169861376,39.2332170108676,37.943687,38.12471008300781
2024-01-14 17:00:00,6.134,8.217308307338655,6.706284424518132,6.432177,9.472412109375
2024-01-14 18:00:00,0.0,-7.105837932478129,9.58553011462555e-06,-0.05941658,0.4971046447753906
2024-01-14 19:00:00,0.0,3.667997360563467,9.58553011462555e-06,-0.032544915,0.345977783203125
2024-01-14 20:00:00,0.0,2.442082107701781,9.58553011462555e-06,-0.006090164,0.5689506530761719
2024-01-14 21:00:00,0.0,1.7843446653096269,9.58553011462555e-06,-0.006090164,0.5558624267578125
2024-01-14 22:00:00,0.0,-1.2095357574343772,9.58553011462555e-06,-0.00091874506,0.6229591369628906
2024-01-14 23:00:00,0.0,-5.405399466241153,9.58553011462555e-06,0.0016346017,0.6413307189941406
2024-01-15 00:00:00,0.0,-1.8587904051532549,9.58553011462555e-06,-0.0054281945,0.6472511291503906
2024-01-15 01:00:00,0.0,-2.3734665048072703,9.58553011462555e-06,0.0061051506,0.6411514282226562
2024-01-15 02:00:00,0.0,-2.823613887613463,9.58553011462555e-06,0.0075293775,0.6457099914550781
2024-01-15 03:00:00,0.0,-2.766355126350288,9.58553011462555e-06,0.0075293775,0.4159278869628906
2024-01-15 04:00:00,0.0,-4.836171134364125,9.58553011462555e-06,0.0075293775,0.16748046875
2024-01-15 05:00:00,0.0,-1.2124270717166779,5.793287248158564e-05,0.011972876,-0.07869338989257812
2024-01-15 06:00:00,0.0,8.32043829130928,3.467741935483871e-05,0.23487435,0.15825653076171875
2024-01-15 07:00:00,5.296,12.683195275494917,8.837456594263408,8.84863,9.786521911621094
2024-01-15 08:00:00,26.64,28.79451487967384,25.02213609330011,26.780012,41.99951171875
2024-01-15 09:00:00,46.224,56.21563928249372,55.94847240477373,55.254917,69.89126586914062
2024-01-15 10:00:00,71.796,75.86945629018817,73.81390343289563,73.4009,90.37409210205078
2024-01-15 11:00:00,102.104,93.40851615160534,95.41161174645016,96.031105,100.15672302246094
2024-01-15 12:00:00,83.51,112.99985695177796,108.27348671359617,110.12875,99.63754272460938
2024-01-15 13:00:00,80.584,77.58936860808737,83.17156736312236,79.08204,99.58338928222656
2024-01-15 14:00:00,63.766,69.61591844504133,73.79365454591809,68.96739,68.54859924316406
2024-01-15 15:00:00,43.814,46.69392136056998,42.61461104857414,40.72896,48.97865676879883
2024-01-15 16:00:00,20.036,23.04649719590893,25.17806401598752,24.007736,23.846981048583984
2024-01-15 17:00:00,3.824,0.5452067721192257,4.032184076479076,3.605273,4.2227783203125
2024-01-15 18:00:00,0.0,-6.233839710886128,9.58553011462555e-06,-0.03866638,0.5351676940917969
2024-01-15 19:00:00,0.0,2.729841685053662,9.58553011462555e-06,-0.0271735,0.4433403015136719
2024-01-15 20:00:00,0.0,2.7063186713874696,9.58553011462555e-06,-0.04669618,0.62188720703125
2024-01-15 21:00:00,0.0,4.18121667091426,9.58553011462555e-06,0.00053971255,0.6966743469238281
2024-01-15 22:00:00,0.0,2.0310889390810996,9.58553011462555e-06,-0.00043981237,0.6846160888671875
2024-01-15 23:00:00,0.0,-1.2756039511453707,9.58553011462555e-06,0.002309382,0.7338485717773438
2024-01-16 00:00:00,0.0,-1.6383165039515726,9.58553011462555e-06,0.006963017,0.7817840576171875
2024-01-16 01:00:00,0.0,-3.423075095901763,9.58553011462555e-06,0.013299582,0.8049125671386719
2024-01-16 02:00:00,0.0,-3.8084856805137965,9.58553011462555e-06,0.008450101,0.6781234741210938
2024-01-16 03:00:00,0.0,-3.900299981005359,9.58553011462555e-06,0.0140945865,0.4261207580566406
2024-01-16 04:00:00,0.0,-2.4589861815972647,9.58553011462555e-06,0.010972413,0.23919677734375
2024-01-16 05:00:00,0.0,0.48140751259212333,5.793287248158564e-05,0.0092649665,0.1687164306640625
2024-01-16 06:00:00,0.0,6.046082600368607,3.467741935483871e-05,0.19957496,0.12358856201171875
2024-01-16 07:00:00,4.98,8.434473163726306,6.9095449044289055,7.6622047,3.798412322998047
2024-01-16 08:00:00,20.836,21.679394875392354,25.71709434785196,23.422543,19.87687110900879
2024-01-16 09:00:00,39.946,42.96223720310005,40.07829333859351,40.053993,51.679840087890625
2024-01-16 10:00:00,54.150000000000006,66.56927044803786,61.072917922727704,60.943974,74.03070068359375
2024-01-16 11:00:00,76.61,70.16050875357226,66.50287164224694,65.64895,86.24143981933594
2024-01-16 12:00:00,71.42,84.47546182325607,82.44564627607554,84.12936,87.857421875
2024-01-16 13:00:00,69.89,67.98618951254079,75.1941610902189,76.1856,82.607177734375
2024-01-16 14:00:00,53.184000000000005,58.40078279852741,70.06475279985436,74.37453,63.21479797363281
2024-01-16 15:00:00,38.49,37.34857232983337,36.94176171727136,34.846546,44.75469207763672
2024-01-16 16:00:00,18.314,19.007017483338863,20.183309600339552,21.42109,20.863054275512695
2024-01-16 17:00:00,3.5240000000000005,2.332559683258644,3.8849619595959597,3.375057,4.3699493408203125
2024-01-16 18:00:00,0.0,-5.771261107848171,9.58553011462555e-06,-0.04172828,0.7767829895019531
2024-01-16 19:00:00,0.0,2.8289070756753283,9.58553011462555e-06,-0.04290747,0.5348968505859375
2024-01-16 20:00:00,0.0,0.3799750273565552,9.58553011462555e-06,-0.011763875,0.6805686950683594
2024-01-16 21:00:00,0.0,-0.18516811681147782,9.58553011462555e-06,0.02028214,0.8861885070800781
2024-01-16 22:00:00,0.0,-2.8321678944734083,9.58553011462555e-06,0.017653795,0.8350601196289062
2024-01-16 23:00:00,0.0,-4.18841955988248,9.58553011462555e-06,-0.06041663,0.7744789123535156
2024-01-17 00:00:00,0.0,-0.9147796252980083,9.58553011462555e-06,-0.018572178,0.6979751586914062
2024-01-17 01:00:00,0.0,-3.6233929822779505,9.58553011462555e-06,0.006032069,0.6607131958007812
2024-01-17 02:00:00,0.0,-5.597740532404365,9.58553011462555e-06,0.006032069,0.6875724792480469
2024-01-17 03:00:00,0.0,-5.438405366487537,9.58553011462555e-06,0.0075293775,0.39362335205078125
2024-01-17 04:00:00,0.0,-5.155974927130217,9.58553011462555e-06,0.0075293775,-0.09527206420898438
2024-01-17 05:00:00,0.0,-1.7837524928282544,5.793287248158564e-05,0.011972876,-0.3887825012207031
2024-01-17 06:00:00,0.0,7.620122701962899,3.467741935483871e-05,0.030784976,-0.06278610229492188
2024-01-17 07:00:00,3.5340000000000007,12.791773944268051,5.6268531363636365,6.2500067,5.9442138671875
2024-01-17 08:00:00,13.486000000000002,23.153374802201533,16.69174638073039,15.396486,22.388240814208984
2024-01-17 09:00:00,23.864,36.29101544898248,31.708673466570023,31.17647,37.61461639404297
2024-01-17 10:00:00,33.096,47.08355628691672,39.49224782944704,32.6197,47.475250244140625
2024-01-17 11:00:00,46.260000000000005,49.10319799119574,45.286649601714686,44.35333,58.9835090637207
2024-01-17 12:00:00,58.400000000000006,55.05932654698352,52.67203831497156,53.84367,66.25599670410156
2024-01-17 13:00:00,70.16000000000001,62.19200702415393,64.47507308759299,67.10737,67.67594909667969
2024-01-17 14:00:00,67.024,66.77554430921063,67.60820648119075,75.40886,64.04241943359375
2024-01-17 15:00:00,51.476,53.620062920007406,49.109302015439354,47.973087,49.87317657470703
2024-01-17 16:00:00,26.59,30.291461043435866,25.65863669133181,27.1852,24.777589797973633
2024-01-17 17:00:00,5.384,7.810777516130923,5.33320450060935,4.2983236,6.892641067504883
2024-01-17 18:00:00,0.0,-3.8388199276672546,9.58553011462555e-06,-0.10157676,1.0237541198730469
2024-01-17 19:00:00,0.0,3.2810740494438964,9.58553011462555e-06,-0.07883126,0.4752845764160156
2024-01-17 20:00:00,0.0,2.5431614990842686,9.58553011462555e-06,-0.033654653,0.45993804931640625
2024-01-17 21:00:00,0.0,1.359089207458032,9.58553011462555e-06,0.0010609317,0.4785728454589844
2024-01-17 22:00:00,0.0,-0.4871089492812022,9.58553011462555e-06,0.009388678,0.5400848388671875
2024-01-17 23:00:00,0.0,-1.425267955150022,9.58553011462555e-06,0.011942026,0.6236801147460938
2024-01-18 00:00:00,0.0,2.036318282152692,9.58553011462555e-06,0.0048792306,0.6539497375488281
2024-01-18 01:00:00,0.0,-2.1901866267614087,9.58553011462555e-06,0.01487964,0.6716766357421875
2024-01-18 02:00:00,0.0,-4.459920495230598,9.58553011462555e-06,0.019828845,0.5438194274902344
2024-01-18 03:00:00,0.0,-5.0637353597345784,9.58553011462555e-06,0.019828845,-0.044811248779296875
2024-01-18 04:00:00,0.0,-4.9061575566526825,9.58553011462555e-06,0.010226005,-0.6288833618164062
2024-01-18 05:00:00,0.0,-2.3297555237406264,5.793287248158564e-05,-0.018539516,-0.4836082458496094
2024-01-18 06:00:00,0.0,5.603426323576256,3.467741935483871e-05,-0.14616825,1.1685676574707031
2024-01-18 07:00:00,6.824,10.46092067704576,4.517344969696968,5.5865912,9.887697219848633
2024-01-18 08:00:00,29.05,25.31128496061521,26.931122754917173,26.305933,23.928543090820312
2024-01-18 09:00:00,56.77000000000001,56.225327961462305,52.32361434784333,52.97632,37.687618255615234
2024-01-18 10:00:00,79.55000000000001,82.75914873064411,84.51225996614195,86.523445,70.29537200927734
2024-01-18 11:00:00,100.254,96.18790798632662,99.10088870630723,98.84275,92.57025146484375
2024-01-18 12:00:00,105.49,107.79140289237046,105.54659149914946,105.458725,103.45623016357422
2024-01-18 13:00:00,100.534,101.73775337042949,97.60076474820644,95.94605,102.0081787109375
2024-01-18 14:00:00,81.09,84.37296014080505,82.71263362746978,83.49826,77.62359619140625
2024-01-18 15:00:00,59.33,55.991285736653154,61.22169244866022,57.945305,56.950599670410156
2024-01-18 16:00:00,30.196,32.30776528268733,30.351736148772712,30.034548,30.064990997314453
2024-01-18 17:00:00,5.8100000000000005,9.493933153642718,6.158171798821623,5.2825274,6.980419158935547
2024-01-18 18:00:00,0.0,-4.599768729607152,9.58553011462555e-06,0.045686405,0.5449333190917969
2024-01-18 19:00:00,0.0,1.6493915425030847,9.58553011462555e-06,0.036691915,0.12545013427734375
2024-01-18 20:00:00,0.0,2.1758147967328085,9.58553011462555e-06,0.064479806,0.3681831359863281
2024-01-18 21:00:00,0.0,-0.3130998929195359,9.58553011462555e-06,0.03301123,0.645355224609375
2024-01-18 22:00:00,0.0,-0.9382011311756999,9.58553011462555e-06,0.018344935,0.7164039611816406
2024-01-18 23:00:00,0.0,-0.538599639998699,9.58553011462555e-06,0.01742421,0.7280960083007812
2024-01-19 00:00:00,0.0,1.3193511173380896,9.58553011462555e-06,-0.0010678279,0.748321533203125
2024-01-19 01:00:00,0.0,-3.9454685003318897,9.58553011462555e-06,0.02404414,0.7815475463867188
2024-01-19 02:00:00,0.0,-5.717824442328433,9.58553011462555e-06,0.029109811,0.7498512268066406
2024-01-19 03:00:00,0.0,-5.2724681710122745,9.58553011462555e-06,0.029109811,0.43901824951171875
2024-01-19 04:00:00,0.0,-3.6349343901769786,9.58553011462555e-06,0.02404414,0.1067047119140625
2024-01-19 05:00:00,0.0,-0.36119496678023744,5.793287248158564e-05,-0.03527729,-0.001148223876953125
2024-01-19 06:00:00,0.0,6.892327651788003,3.467741935483871e-05,0.277121,-0.11198806762695312
2024-01-19 07:00:00,4.004,11.863514357415244,6.046095244949496,6.7952075,5.451366424560547
2024-01-19 08:00:00,15.830000000000002,24.057937588505073,18.071863108392492,15.08713,26.088369369506836
2024-01-19 09:00:00,28.324,38.49986178498263,31.569710057386395,29.017447,42.783206939697266
2024-01-19 10:00:00,43.28,51.13272707155385,46.723639525171706,41.33706,49.801307678222656
2024-01-19 11:00:00,59.576,59.14113437512771,59.79055397402466,58.08507,67.92779541015625
2024-01-19 12:00:00,75.304,69.31235295535882,71.53041904143316,75.722755,74.83682250976562
2024-01-19 13:00:00,74.99600000000001,80.6539324406017,75.82202282956341,74.39568,73.71013641357422
2024-01-19 14:00:00,53.16,67.28148181886192,70.20667027765829,69.82841,65.72135925292969
2024-01-19 15:00:00,39.754000000000005,36.43323464196325,39.18692796346961,37.097176,47.93257522583008
2024-01-19 16:00:00,21.864,20.582395278114493,21.086407276199235,23.077766,23.7061767578125
2024-01-19 17:00:00,5.16,6.593864818800542,3.902317250768556,3.7577262,6.270740509033203
2024-01-19 18:00:00,0.0,-2.725692798289746,9.58553011462555e-06,0.057304956,1.0715293884277344
2024-01-19 19:00:00,0.0,1.4987334894514905,9.58553011462555e-06,0.05220625,0.562774658203125
2024-01-19 20:00:00,0.0,0.1364120219714291,9.58553011462555e-06,0.025640924,0.6072196960449219
2024-01-19 21:00:00,0.0,-0.7683142814377151,9.58553011462555e-06,0.018264497,0.6780357360839844
2024-01-19 22:00:00,0.0,-1.0159618120723541,9.58553011462555e-06,0.02858974,0.7370834350585938
2024-01-19 23:00:00,0.0,-1.0156561795331465,9.58553011462555e-06,0.026787877,0.72662353515625
2024-01-20 00:00:00,0.0,1.7419497113378313,9.58553011462555e-06,0.018010188,0.7028846740722656
2024-01-20 01:00:00,0.0,-3.6766895016640464,9.58553011462555e-06,0.005492943,0.6857452392578125
2024-01-20 02:00:00,0.0,-6.6637866652165885,9.58553011462555e-06,0.015095785,0.7565040588378906
2024-01-20 03:00:00,0.0,-5.984252691095125,9.58553011462555e-06,0.015095785,0.4031181335449219
2024-01-20 04:00:00,0.0,-4.03887180612117,9.58553011462555e-06,0.005492943,-0.1020050048828125
2024-01-20 05:00:00,0.0,-1.2364753058735882,5.793287248158564e-05,-0.02327258,-0.45525360107421875
2024-01-20 06:00:00,0.0,5.883095925699672,0.02085467741935484,0.08700369,0.02219390869140625
2024-01-20 07:00:00,5.0760000000000005,10.867400867824564,6.395917092712844,6.2412004,7.605501174926758
2024-01-20 08:00:00,18.72,24.801752918905848,23.107775574773196,22.394024,26.44084358215332
2024-01-20 09:00:00,32.18,43.85116187146143,35.158621406890965,37.069107,45.49496841430664
2024-01-20 10:00:00,56.41,58.61619114189326,57.73423027618926,53.770382,62.11097717285156
2024-01-20 11:00:00,95.584,75.72122935148195,77.26713689789834,76.21137,74.1006088256836
2024-01-20 12:00:00,103.276,111.21563377894807,110.85977753588998,104.63413,85.8926010131836
2024-01-20 13:00:00,96.846,104.35549696583954,101.48120473297391,100.36678,101.75634765625
2024-01-20 14:00:00,76.754,83.32886027105724,85.25121070220706,87.94412,84.0201416015625
2024-01-20 15:00:00,51.666,57.89167228159106,55.216397374519666,55.254337,62.810325622558594
2024-01-20 16:00:00,26.996,29.38817490910612,27.287272505971536,25.84702,33.069252014160156
2024-01-20 17:00:00,5.604,9.919174033794473,5.885821734090871,4.666448,7.185733795166016
2024-01-20 18:00:00,0.0,-2.5469139272114085,9.58553011462555e-06,0.01503121,0.4320335388183594
2024-01-20 19:00:00,0.0,0.20821727403536805,9.58553011462555e-06,0.048399355,0.18601226806640625
2024-01-20 20:00:00,0.0,2.6397204930213967,9.58553011462555e-06,0.04925972,0.4008674621582031
2024-01-20 21:00:00,0.0,1.1019423227474325,9.58553011462555e-06,0.014259245,0.49968719482421875
2024-01-20 22:00:00,0.0,1.24693376781335,9.58553011462555e-06,-0.006129221,0.5450935363769531
2024-01-20 23:00:00,0.0,1.2357266127472615,9.58553011462555e-06,0.021340074,0.6580429077148438
2024-01-21 00:00:00,0.0,-0.47776295497704524,9.58553011462555e-06,0.02041935,0.7020072937011719
2024-01-21 01:00:00,0.0,-3.395110137857931,9.58553011462555e-06,0.003995634,0.6791305541992188
2024-01-21 02:00:00,0.0,-4.3933957508409165,9.58553011462555e-06,0.008014098,0.6310348510742188
2024-01-21 03:00:00,0.0,-4.539612953476786,9.58553011462555e-06,0.0070161433,0.15560150146484375
2024-01-21 04:00:00,0.0,-2.8510226665457123,9.58553011462555e-06,-0.00068610563,-0.21591949462890625
2024-01-21 05:00:00,0.0,-0.32966261408700603,5.793287248158564e-05,0.008439136,-0.2617835998535156
2024-01-21 06:00:00,0.0,5.499216611346776,0.22270000000000023,0.15530004,0.11458587646484375
2024-01-21 07:00:00,2.87,10.52917385992573,5.845149654040402,6.4273195,6.422939300537109
2024-01-21 08:00:00,11.716,18.682826099218637,14.546680362318845,12.066877,24.180208206176758
2024-01-21 09:00:00,20.25,30.12543647260391,26.547608459590478,24.463976,34.01043701171875
2024-01-21 10:00:00,30.276,37.85137418955027,34.407690191780304,32.557697,41.90909957885742
2024-01-21 11:00:00,44.46000000000001,45.38563159325205,42.120246833479634,39.993076,48.64371871948242
2024-01-21 12:00:00,54.58,55.943682036180185,57.13316190977378,50.868774,55.182411193847656
2024-01-21 13:00:00,49.11000000000001,61.40485676731027,62.12461836616163,66.2854,58.23957061767578
2024-01-21 14:00:00,41.1,43.59303542794977,48.76733832232461,45.867313,59.070777893066406
2024-01-21 15:00:00,27.246,28.72458578273352,31.550450991798954,29.716358,47.329437255859375
2024-01-21 16:00:00,12.376,12.826332065970817,21.21606972530101,26.303497,24.578140258789062
2024-01-21 17:00:00,2.2,1.444927105996105,3.5441323564213576,2.9568357,8.531837463378906
2024-01-21 18:00:00,0.0,-2.3863027529563823,9.58553011462555e-06,-0.0056070285,1.9957695007324219
2024-01-21 19:00:00,0.0,0.3546186999091274,9.58553011462555e-06,-0.0046027023,0.8550262451171875
2024-01-21 20:00:00,0.0,-1.6049312095088473,9.58553011462555e-06,0.011556282,0.6822700500488281
2024-01-21 21:00:00,0.0,-2.1495661668687682,9.58553011462555e-06,0.022519637,0.5251808166503906
2024-01-21 22:00:00,0.0,-1.1333410327959017,9.58553011462555e-06,0.017866002,0.5679206848144531
2024-01-21 23:00:00,0.0,-0.5680728299613733,9.58553011462555e-06,0.02041935,0.584564208984375
2024-01-22 00:00:00,0.0,0.029230560732609767,9.58553011462555e-06,0.0133565515,0.5955848693847656
2024-01-22 01:00:00,0.0,-6.43001885674099,9.58553011462555e-06,0.0050511514,0.6299057006835938
2024-01-22 02:00:00,0.0,-6.715331679925456,9.58553011462555e-06,0.013999357,1.0418205261230469
2024-01-22 03:00:00,0.0,-6.559604859890694,9.58553011462555e-06,0.013492894,0.6928520202636719
2024-01-22 04:00:00,0.0,-4.962103089185483,9.58553011462555e-06,-0.004155512,0.24532699584960938
2024-01-22 05:00:00,0.0,-0.8874046034946934,5.793287248158564e-05,0.42015404,0.2578620910644531
2024-01-22 06:00:00,0.0,4.374279152495273,3.467741935483871e-05,-0.11177749,1.7706069946289062
2024-01-22 07:00:00,5.996,8.416568645213982,7.175514412698411,7.3231597,10.103221893310547
2024-01-22 08:00:00,25.286,20.41878264527907,27.00311561000989,28.326744,29.914634704589844
2024-01-22 09:00:00,47.896,48.05026162591961,48.88510342319199,49.54573,60.4932861328125
2024-01-22 10:00:00,74.24600000000001,78.60834927128374,73.30714596488068,75.790306,83.0247802734375
2024-01-22 11:00:00,89.35000000000001,97.23626752978481,95.8727987268639,99.04492,99.67650604248047
2024-01-22 12:00:00,78.58,96.4048704876916,98.78935179416294,100.90928,113.95960998535156
2024-01-22 13:00:00,73.316,71.08240146389883,79.43808125748593,81.33542,107.32405853271484
2024-01-22 14:00:00,50.59,60.352227105363106,66.7079541535322,71.7785,79.45948791503906
2024-01-22 15:00:00,34.346,34.00454571688832,36.6328437437613,39.70834,50.68006896972656
2024-01-22 16:00:00,19.586,16.446847404666727,18.263475431626738,21.778543,27.887535095214844
2024-01-22 17:00:00,4.554,1.6646926292002169,4.401806043290045,3.6200564,6.583316802978516
2024-01-22 18:00:00,0.0,-7.404905454973023,9.58553011462555e-06,0.057433285,0.8354759216308594
2024-01-22 19:00:00,0.0,-2.2387279593876794,9.58553011462555e-06,-0.07488372,0.37526702880859375
2024-01-22 20:00:00,0.0,1.249506496446581,9.58553011462555e-06,0.021501653,0.4874229431152344
2024-01-22 21:00:00,0.0,1.7814365568782078,9.58553011462555e-06,-0.014969277,0.6424446105957031
2024-01-22 22:00:00,0.0,-0.7913270175010707,9.58553011462555e-06,0.017174369,0.8048973083496094
2024-01-22 23:00:00,0.0,-3.4499939577562007,9.58553011462555e-06,0.021692451,0.8119621276855469
2024-01-23 00:00:00,0.0,-1.821633314629243,9.58553011462555e-06,0.011417452,0.7904701232910156
2024-01-23 01:00:00,0.0,-2.3521114295544674,9.58553011462555e-06,0.0050511514,0.8018302917480469
2024-01-23 02:00:00,0.0,-3.417157979193653,9.58553011462555e-06,0.013999357,0.61285400390625
2024-01-23 03:00:00,0.0,-2.7163224475678964,9.58553011462555e-06,0.015574717,0.3507575988769531
2024-01-23 04:00:00,0.0,-2.08154631875027,9.58553011462555e-06,0.015574717,0.17261505126953125
2024-01-23 05:00:00,0.0,-1.1099447717694018,5.793287248158564e-05,0.010415376,0.19205856323242188
2024-01-23 06:00:00,0.0,5.764765918436176,3.467741935483871e-05,0.21966116,0.22354507446289062
2024-01-23 07:00:00,6.010000000000001,11.257841482851877,6.6801734126984105,6.7926617,4.420402526855469
2024-01-23 08:00:00,24.844,24.73246925077806,27.2609111840737,27.278685,21.756847381591797
2024-01-23 09:00:00,54.654,50.163771656630686,48.65461566580318,48.031162,47.06661605834961
2024-01-23 10:00:00,66.676,84.59983266795649,83.14822572483801,83.08121,67.91913604736328
2024-01-23 11:00:00,83.846,84.11785532417693,87.81067090699486,90.181915,92.73731231689453
2024-01-23 12:00:00,65.27000000000001,91.80313103772741,89.22221302321876,88.182785,97.74090576171875
2024-01-23 13:00:00,43.29,60.60634584153512,60.81335024844721,59.984837,92.04452514648438
2024-01-23 14:00:00,41.154,36.25269142958582,45.40787090196078,51.61221,60.742401123046875
2024-01-23 15:00:00,19.96,31.838218653504875,29.568357192743832,28.729156,34.67557907104492
2024-01-23 16:00:00,11.37,5.028102969204403,18.38746530535154,23.695934,17.272907257080078
2024-01-23 17:00:00,1.564,-0.26735930566311517,3.999898952380952,2.9375877,3.16461181640625
2024-01-23 18:00:00,0.0,-7.184199354099876,9.58553011462555e-06,0.012587941,0.6792373657226562
2024-01-23 19:00:00,0.0,-0.5307268949464135,9.58553011462555e-06,0.032010462,0.4678192138671875
2024-01-23 20:00:00,0.0,0.36849617284553027,9.58553011462555e-06,0.011431761,0.4721412658691406
2024-01-23 21:00:00,0.0,-0.8055055887398046,9.58553011462555e-06,-0.01576345,0.5987472534179688
2024-01-23 22:00:00,0.0,-2.0446457096957937,9.58553011462555e-06,0.020898283,0.6917877197265625
2024-01-23 23:00:00,0.0,-2.610838068685574,9.58553011462555e-06,0.019400975,0.7413864135742188
2024-01-24 00:00:00,0.0,-2.2220330084520503,9.58553011462555e-06,0.011417452,0.6987571716308594
2024-01-24 01:00:00,0.0,-3.2999529252557775,9.58553011462555e-06,0.003553843,0.6524085998535156
2024-01-24 02:00:00,0.0,-2.558803925708631,9.58553011462555e-06,0.0050511514,0.5852775573730469
2024-01-24 03:00:00,0.0,-4.056489051361237,9.58553011462555e-06,0.0050511514,0.27126312255859375
2024-01-24 04:00:00,0.0,-1.9520490198920104,9.58553011462555e-06,0.0050511514,0.10302734375
2024-01-24 05:00:00,0.0,-0.6843998714998678,5.793287248158564e-05,0.030757625,0.10080718994140625
2024-01-24 06:00:00,0.0,4.625843094333693,3.467741935483871e-05,-0.27327204,0.2548179626464844
2024-01-24 07:00:00,2.72,9.03909705557186,5.935835562770558,5.8096743,3.1547279357910156
2024-01-24 08:00:00,9.466,16.41141777426784,14.154251473429959,11.523519,14.073749542236328
2024-01-24 09:00:00,17.614,23.458329217105494,23.24915574255215,21.667566,25.650142669677734
2024-01-24 10:00:00,26.700000000000003,29.577233576935505,30.0281829819978,30.52131,23.40910530090332
2024-01-24 11:00:00,33.446,33.22925613540399,34.923326870530055,35.74235,33.630760192871094
2024-01-24 12:00:00,25.56,36.52806551646677,37.11772353318935,38.12382,45.502105712890625
2024-01-24 13:00:00,23.590000000000003,24.726400208637774,27.091030725810594,28.745975,42.347381591796875
2024-01-24 14:00:00,14.15,21.614378610457326,29.093203523984698,22.958399,29.770566940307617
2024-01-24 15:00:00,8.794,8.614404104488623,15.883570294351081,15.782248,19.018611907958984
2024-01-24 16:00:00,9.444,1.371963741797181,11.205855939393937,15.089265,10.800922393798828
2024-01-24 17:00:00,1.976,0.9226442732711044,3.361833619047621,2.2782667,5.762603759765625
2024-01-24 18:00:00,0.0,-4.666093211913866,9.58553011462555e-06,-0.016297556,3.223175048828125
2024-01-24 19:00:00,0.0,-1.8925763046050745,9.58553011462555e-06,0.009948485,1.7415237426757812
2024-01-24 20:00:00,0.0,-3.1117192771203857,9.58553011462555e-06,-0.005590558,0.8851318359375
2024-01-24 21:00:00,0.0,-4.782495107416758,9.58553011462555e-06,0.03859557,0.6622276306152344
2024-01-24 22:00:00,0.0,-5.910503519719924,9.58553011462555e-06,0.033143364,0.7014274597167969
2024-01-24 23:00:00,0.0,-6.1019730475629155,9.58553011462555e-06,0.0056733782,0.6334457397460938
2024-01-25 00:00:00,0.0,-4.31119583115032,9.58553011462555e-06,-0.005248373,0.5424041748046875
2024-01-25 01:00:00,0.0,-6.296284900109884,9.58553011462555e-06,-0.08523883,0.5565910339355469
2024-01-25 02:00:00,0.0,-4.766068211084426,9.58553011462555e-06,-0.07775109,0.4897575378417969
2024-01-25 03:00:00,0.0,-2.3870924403636438,9.58553011462555e-06,-0.0820334,0.39832305908203125
2024-01-25 04:00:00,0.0,0.4214024685954909,9.58553011462555e-06,0.030902918,0.4388694763183594
2024-01-25 05:00:00,0.0,2.743313644576226,5.793287248158564e-05,0.080120094,0.2964744567871094
2024-01-25 06:00:00,0.0,6.276517706279382,3.467741935483871e-05,0.5074913,0.6344070434570312
2024-01-25 07:00:00,4.88,8.181978805544798,6.4203476349206365,6.150769,4.082389831542969
2024-01-25 08:00:00,21.39,16.760779995454563,19.957152694638772,21.053324,14.514387130737305
2024-01-25 09:00:00,39.48,39.20883752896731,36.94044915723068,39.50126,31.884197235107422
2024-01-25 10:00:00,53.55,60.37727648906509,58.407075736657944,62.806046,65.19422912597656
2024-01-25 11:00:00,62.976,67.44374590614584,67.6301623100476,70.70167,91.11341857910156
2024-01-25 12:00:00,56.970000000000006,67.70381084011692,67.39926043312248,69.61714,100.27955627441406
2024-01-25 13:00:00,58.42400000000001,52.91266209985339,61.314975754386005,69.18514,94.9277572631836
2024-01-25 14:00:00,59.64,49.662224209818646,54.39386493133195,55.56477,74.59774017333984
2024-01-25 15:00:00,49.1,45.34377646093822,41.836347157737684,42.452682,51.68855667114258
2024-01-25 16:00:00,26.17,28.158775847561245,27.568109690736016,25.748774,29.619853973388672
2024-01-25 17:00:00,6.876000000000001,7.0501892497754906,5.930977369423133,4.257384,7.5643463134765625
2024-01-25 18:00:00,0.0,-4.379723800249966,9.58553011462555e-06,-0.05760283,0.6112022399902344
2024-01-25 19:00:00,0.0,-0.8146226890713972,9.58553011462555e-06,0.018221892,-0.07309341430664062
2024-01-25 20:00:00,0.0,0.6167502292781819,9.58553011462555e-06,0.042639285,0.20880889892578125
2024-01-25 21:00:00,0.0,0.9303457382074898,9.58553011462555e-06,-0.0026737147,0.3828582763671875
2024-01-25 22:00:00,0.0,-1.3434747736307546,9.58553011462555e-06,0.022613175,0.40373992919921875
2024-01-25 23:00:00,0.0,-2.034783390638526,9.58553011462555e-06,0.022613175,0.3697395324707031
2024-01-26 00:00:00,0.0,1.287372200497778,9.58553011462555e-06,0.024504315,0.3707427978515625
2024-01-26 01:00:00,0.0,-0.0028956943951516934,9.58553011462555e-06,0.0274909,0.39760589599609375
2024-01-26 02:00:00,0.0,-0.8267639166721228,9.58553011462555e-06,0.0274909,0.29034423828125
2024-01-26 03:00:00,0.0,-3.0728577121789504,9.58553011462555e-06,0.0274909,0.47753143310546875
2024-01-26 04:00:00,0.0,-4.489207772263367,9.58553011462555e-06,0.0274909,0.04723358154296875
2024-01-26 05:00:00,0.0,-2.6348136878407837,5.793287248158564e-05,0.0319344,-0.14570236206054688
2024-01-26 06:00:00,0.0,4.604235234950918,3.467741935483871e-05,-0.07090131,0.5858383178710938
2024-01-26 07:00:00,6.63,10.378202933966932,7.090323871212122,6.999183,9.724151611328125
2024-01-26 08:00:00,29.876,28.76411202506418,29.499370932490137,29.339972,34.008567810058594
2024-01-26 09:00:00,62.77000000000001,59.09731615636837,57.45518402141102,58.211628,64.69712829589844
2024-01-26 10:00:00,93.74,98.56192450566664,93.02282261427371,96.01596,87.44413757324219
2024-01-26 11:00:00,124.93,115.32521642762464,115.56595271151755,113.71324,109.21489715576172
2024-01-26 12:00:00,134.366,134.40462428685663,132.60266635362197,133.3769,125.82323455810547
2024-01-26 13:00:00,126.69,129.69435651008374,128.16390448403462,131.7569,126.11286163330078
2024-01-26 14:00:00,107.05,106.92303725442463,110.1161141042742,110.3952,102.18734741210938
2024-01-26 15:00:00,75.324,81.046491726603,74.86368544413047,77.72685,73.55584716796875
2024-01-26 16:00:00,40.304,42.50868053291196,40.09606484973841,39.483627,38.09569549560547
2024-01-26 17:00:00,8.81,12.801935427840561,8.141988847755899,6.654102,9.147588729858398
2024-01-26 18:00:00,0.0,-6.509952806469971,0.0018773696752071767,0.2843041,0.3634796142578125
2024-01-26 19:00:00,0.0,0.11976008777661917,9.58553011462555e-06,0.037553217,0.2745513916015625
2024-01-26 20:00:00,0.0,-0.12438901057416807,9.58553011462555e-06,-0.013558616,0.4429512023925781
2024-01-26 21:00:00,0.0,0.713054296806745,9.58553011462555e-06,0.00011917751,0.4928436279296875
2024-01-26 22:00:00,0.0,-2.213053227135008,9.58553011462555e-06,0.021581199,0.519256591796875
2024-01-26 23:00:00,0.0,-1.9499980713499472,9.58553011462555e-06,0.021154338,0.5868072509765625
2024-01-27 00:00:00,0.0,1.8146708521355865,9.58553011462555e-06,0.023045478,0.6314353942871094
2024-01-27 01:00:00,0.0,-1.0123588674460153,9.58553011462555e-06,0.030720308,0.6380615234375
2024-01-27 02:00:00,0.0,-1.617252062147057,9.58553011462555e-06,-0.07956851,0.5516700744628906
2024-01-27 03:00:00,0.0,-2.199448834103601,9.58553011462555e-06,0.0048037046,0.19724655151367188
2024-01-27 04:00:00,0.0,-1.183488086386843,9.58553011462555e-06,0.0062279324,-0.1452178955078125
2024-01-27 05:00:00,0.0,0.6101770593014093,5.793287248158564e-05,0.0319344,-0.23054885864257812
2024-01-27 06:00:00,0.0,8.911506371142268,3.467741935483871e-05,0.24327178,-0.3167076110839844
2024-01-27 07:00:00,8.38,14.189906520776653,8.462583819514471,8.495665,9.905824661254883
2024-01-27 08:00:00,37.36000000000001,33.731289224304774,40.544115878011574,41.843296,43.9566650390625
2024-01-27 09:00:00,75.44600000000001,70.61904761843925,73.01346962491148,75.52149,74.09768676757812
2024-01-27 10:00:00,98.684,110.51889423059541,106.66019596044052,107.45507,106.88514709472656
2024-01-27 11:00:00,127.616,118.78167802230325,123.85786810310154,121.84334,130.60821533203125
2024-01-27 12:00:00,125.076,134.57986479755968,131.79838815537508,131.63556,131.72242736816406
2024-01-27 13:00:00,122.73,116.84608906254078,117.88423712496765,117.1909,126.55280303955078
2024-01-27 14:00:00,109.024,102.76014023449835,98.13895873340421,98.792816,92.52088928222656
2024-01-27 15:00:00,73.504,81.75805353696114,79.98715224521725,80.05075,72.82662200927734
2024-01-27 16:00:00,39.73,40.5969994906855,38.790849204033286,35.621494,40.9102668762207
2024-01-27 17:00:00,9.806,12.443567972667559,8.148668224824538,6.496458,9.245744705200195
2024-01-27 18:00:00,0.0,-6.051043322955269,0.0012398099267795042,0.4408069,0.3625755310058594
2024-01-27 19:00:00,0.0,2.627056513315827,9.58553011462555e-06,0.09814931,0.3104400634765625
2024-01-27 20:00:00,0.0,1.1624540499083,9.58553011462555e-06,-0.008649152,0.49261474609375
2024-01-27 21:00:00,0.0,-0.007163976210532219,9.58553011462555e-06,0.003932252,0.5064506530761719
2024-01-27 22:00:00,0.0,-2.1037670391031984,9.58553011462555e-06,0.017680267,0.5518646240234375
2024-01-27 23:00:00,0.0,-3.288230925584645,9.58553011462555e-06,0.020233614,0.5915565490722656
2024-01-28 00:00:00,0.0,-0.10083918553113591,9.58553011462555e-06,0.02212475,0.5910682678222656
2024-01-28 01:00:00,0.0,-0.6513416451529892,9.58553011462555e-06,0.013744934,0.5926589965820312
2024-01-28 02:00:00,0.0,-2.025304977043886,9.58553011462555e-06,0.01491005,0.4773674011230469
2024-01-28 03:00:00,0.0,-3.8623826291429024,9.58553011462555e-06,0.015830772,0.22894668579101562
2024-01-28 04:00:00,0.0,-3.3673112687661204,9.58553011462555e-06,-0.08279791,-0.11929702758789062
2024-01-28 05:00:00,0.0,-1.0562904522429166,5.793287248158564e-05,0.025589576,-0.25689697265625
2024-01-28 06:00:00,0.0,9.006207956477326,3.467741935483871e-05,0.26808748,-0.10723495483398438
2024-01-28 07:00:00,9.63,14.726526385503728,9.347465277777776,9.197428,10.815301895141602
2024-01-28 08:00:00,38.5,38.67823754087263,43.0190923983325,44.89359,46.7147331237793
2024-01-28 09:00:00,75.41000000000001,72.94588809444855,73.78961749326649,75.06252,83.9554672241211
2024-01-28 10:00:00,117.83,110.5598562948793,106.45542507229426,106.82529,109.6821060180664
2024-01-28 11:00:00,143.084,144.5405335312409,143.339187913258,137.72836,129.62692260742188
2024-01-28 12:00:00,134.43,148.94669355225147,150.42703793135175,153.53032,140.15524291992188
2024-01-28 13:00:00,125.0,123.5745569016442,136.55121428743755,136.55992,134.5172119140625
2024-01-28 14:00:00,97.89,103.09493369282268,111.58099420133004,107.39753,98.53338623046875
2024-01-28 15:00:00,71.776,68.85264500008006,66.98911459566166,67.51343,76.54132080078125
2024-01-28 16:00:00,38.6,40.46608591350919,36.88552883089218,35.684757,37.71345901489258
2024-01-28 17:00:00,9.744,10.398462457657121,8.692022083333335,7.3722277,8.932615280151367
2024-01-28 18:00:00,0.0,-4.097034633346075,0.001269369675207177,0.33167237,0.4702720642089844
2024-01-28 19:00:00,0.0,2.6327241034943256,9.58553011462555e-06,-0.013005401,0.36438751220703125
2024-01-28 20:00:00,0.0,4.306603968604687,9.58553011462555e-06,-0.0039656875,0.4967460632324219
2024-01-28 21:00:00,0.0,3.6261971069514587,9.58553011462555e-06,0.004852977,0.4762420654296875
2024-01-28 22:00:00,0.0,2.073616421447978,9.58553011462555e-06,0.018600991,0.4436836242675781
2024-01-28 23:00:00,0.0,-3.0699907279233667,9.58553011462555e-06,0.025807973,0.49080657958984375
2024-01-29 00:00:00,0.0,-1.9295520658530299,9.58553011462555e-06,0.010571556,0.5321006774902344
2024-01-29 01:00:00,0.0,-3.0189897054727126,9.58553011462555e-06,0.018720655,0.5261459350585938
2024-01-29 02:00:00,0.0,-3.3902264786626795,9.58553011462555e-06,0.0041515683,0.4452857971191406
2024-01-29 03:00:00,0.0,-1.9186813752676368,9.58553011462555e-06,0.0027273363,0.14892578125
2024-01-29 04:00:00,0.0,-0.5249795618128275,9.58553011462555e-06,0.0027273363,-0.020008087158203125
2024-01-29 05:00:00,0.0,0.44901394060619104,5.793287248158564e-05,0.008805414,-0.037097930908203125
2024-01-29 06:00:00,0.0,6.776939290073761,3.467741935483871e-05,0.20788331,-0.3702392578125
2024-01-29 07:00:00,8.82,12.95034257375768,8.700752375438594,8.961997,5.478801727294922
2024-01-29 08:00:00,38.16,31.652067114455782,40.340080009360115,40.821583,30.87451934814453
2024-01-29 09:00:00,69.60000000000001,71.03515768918541,73.32606286803954,72.00886,70.58403015136719
2024-01-29 10:00:00,109.24,106.97866727216905,104.16382433646433,104.67278,106.32831573486328
2024-01-29 11:00:00,125.08,133.9802318842156,130.30152284288525,130.07324,127.43862915039062
2024-01-29 12:00:00,123.144,127.38678378684526,129.9102050970406,126.6943,137.8475341796875
2024-01-29 13:00:00,123.334,108.51247942527402,119.07416238382692,117.13179,123.78672790527344
2024-01-29 14:00:00,101.5,99.05386052534814,98.63631577557985,102.39046,94.7308120727539
2024-01-29 15:00:00,65.354,73.41168271342701,73.31125950217134,69.782715,75.73516845703125
2024-01-29 16:00:00,38.286,35.227574562157145,33.58427923185452,32.767117,39.496253967285156
2024-01-29 17:00:00,9.26,13.867721526770787,8.923675649734498,6.962619,9.69189453125
2024-01-29 18:00:00,0.0,-4.332705103341823,0.001269369675207177,0.28045914,0.7032127380371094
2024-01-29 19:00:00,0.0,1.6902499453171869,9.58553011462555e-06,0.01289958,0.41930389404296875
2024-01-29 20:00:00,0.0,4.514370352721574,9.58553011462555e-06,0.00430244,0.6014595031738281
2024-01-29 21:00:00,0.0,4.114492701321124,9.58553011462555e-06,0.001993152,0.5854949951171875
2024-01-29 22:00:00,0.0,0.6394833344201887,9.58553011462555e-06,0.015741168,0.5553817749023438
2024-01-29 23:00:00,0.0,-4.889198620243729,9.58553011462555e-06,0.01673201,0.57183837890625
2024-01-30 00:00:00,0.0,-2.111587972382392,9.58553011462555e-06,-0.001977614,0.6048851013183594
2024-01-30 01:00:00,0.0,-4.296044069115626,9.58553011462555e-06,0.024410045,0.6566276550292969
2024-01-30 02:00:00,0.0,-6.9484201988536825,9.58553011462555e-06,0.042795416,0.6101188659667969
2024-01-30 03:00:00,0.0,-6.191524720213512,9.58553011462555e-06,0.044219647,0.3452415466308594
2024-01-30 04:00:00,0.0,-3.113985055314027,9.58553011462555e-06,0.044219647,0.10015106201171875
2024-01-30 05:00:00,0.0,0.1273498851463879,5.793287248158564e-05,0.07143857,0.10559463500976562
2024-01-30 06:00:00,0.0,8.520592993678985,3.467741935483871e-05,0.231486,-0.00495147705078125
2024-01-30 07:00:00,7.7,14.733018015912176,8.341694924653776,8.774762,6.715217590332031
2024-01-30 08:00:00,37.07,32.89791486168102,36.53831609462026,37.063515,35.89619827270508
2024-01-30 09:00:00,66.316,71.5130896375706,73.76558137897473,72.6048,69.40835571289062
2024-01-30 10:00:00,100.096,100.47820161442093,96.1671216802492,100.478065,102.37194061279297
2024-01-30 11:00:00,120.63,124.973770068594,121.47127706779135,120.334076,120.46428680419922
2024-01-30 12:00:00,128.89,126.51862717294523,123.58008156031228,126.20721,125.4105224609375
2024-01-30 13:00:00,116.6,122.66870659285215,121.32135699679067,123.25412,113.5681381225586
2024-01-30 14:00:00,94.116,94.30486911682854,94.72195248225755,95.44056,94.17507934570312
2024-01-30 15:00:00,67.36,67.08736959173297,67.03346889534629,65.203476,68.54014587402344
2024-01-30 16:00:00,39.314,37.005307807016436,34.73586642071034,32.79438,35.63777542114258
2024-01-30 17:00:00,9.740000000000002,11.46697391518541,9.472453888167388,8.348105,8.904558181762695
2024-01-30 18:00:00,0.0,-5.0403389886695,0.001269369675207177,0.3337831,0.6504669189453125
2024-01-30 19:00:00,0.0,2.7712422698587407,9.58553011462555e-06,-0.004036908,0.4554481506347656
2024-01-30 20:00:00,0.0,4.9549570302056285,9.58553011462555e-06,0.023255985,0.5730209350585938
2024-01-30 21:00:00,0.0,4.28688054931912,9.58553011462555e-06,0.019188663,0.5304412841796875
2024-01-30 22:00:00,0.0,2.59831650769671,9.58553011462555e-06,0.03443398,0.5858573913574219
2024-01-30 23:00:00,0.0,-3.2884919008736286,9.58553011462555e-06,0.039087616,0.6433143615722656
2024-01-31 00:00:00,0.0,0.1783735545293661,9.58553011462555e-06,0.029980838,0.6720962524414062
2024-01-31 01:00:00,0.0,-4.016077456274525,9.58553011462555e-06,0.049394492,0.7225570678710938
2024-01-31 02:00:00,0.0,-6.067066181136302,9.58553011462555e-06,0.037399944,0.6167678833007812
2024-01-31 03:00:00,0.0,-6.455811811351351,9.58553011462555e-06,0.037399944,0.3591194152832031
2024-01-31 04:00:00,0.0,-5.92191586482166,9.58553011462555e-06,0.032746308,-0.09821319580078125
2024-01-31 05:00:00,0.0,-2.76128915536393,5.793287248158564e-05,0.036107253,-0.17255020141601562
2024-01-31 06:00:00,0.0,7.072679823872507,3.467741935483871e-05,0.2850532,-0.118743896484375
2024-01-31 07:00:00,8.734,13.20426581917344,7.716285192336906,7.9888153,7.0627288818359375
2024-01-31 08:00:00,38.61000000000001,33.564226936844584,40.00812525233872,39.93014,33.31318664550781
2024-01-31 09:00:00,70.14,70.47403248052768,72.36183217775071,72.48387,70.81129455566406
2024-01-31 10:00:00,104.606,104.0087334712679,102.47747349100919,103.518936,102.89297485351562
2024-01-31 11:00:00,122.87,128.11333083963896,125.35232322202295,125.63633,123.00225067138672
2024-01-31 12:00:00,119.07,129.55054247793643,125.1035424577161,125.40404,130.83212280273438
2024-01-31 13:00:00,111.116,112.9330793380588,112.86463219504141,112.623955,117.77082824707031
2024-01-31 14:00:00,91.99,91.5391771806946,91.16124492188723,92.17952,88.62184143066406
2024-01-31 15:00:00,66.546,64.5724150688946,64.48878830233153,63.25943,68.4148178100586
2024-01-31 16:00:00,37.124,34.31202157492819,35.30507616528099,35.458607,38.852935791015625
2024-01-31 17:00:00,10.206,10.468698227057317,8.648817086002884,8.058577,11.02397346496582
2024-01-31 18:00:00,0.0,-2.4815990575060827,0.001269369675207177,0.38172945,0.6880149841308594
2024-01-31 19:00:00,0.0,0.5754579300660518,9.58553011462555e-06,0.052764297,0.37701416015625
2024-01-31 20:00:00,0.0,2.0564533651772017,9.58553011462555e-06,0.015746512,0.5381202697753906
2024-01-31 21:00:00,0.0,2.755649012733155,9.58553011462555e-06,0.022629661,0.5023269653320312
2024-01-31 22:00:00,0.0,2.083095064586958,9.58553011462555e-06,0.030179854,0.55926513671875
2024-01-31 23:00:00,0.0,-0.9065395156785145,9.58553011462555e-06,0.02925913,0.6472892761230469
2024-02-01 00:00:00,0.0,0.8817382254534527,9.58553011462555e-06,0.024151348,0.7137222290039062
2024-02-01 01:00:00,0.0,-4.129646878242665,9.58553011462555e-06,0.025074346,0.7742919921875
2024-02-01 02:00:00,0.0,-7.134444971760467,9.58553011462555e-06,0.020144602,0.8353652954101562
2024-02-01 03:00:00,0.0,-6.9689658467632665,9.58553011462555e-06,0.013002813,0.5484809875488281
2024-02-01 04:00:00,0.0,-3.809738969431945,9.58553011462555e-06,0.049084023,-0.11673355102539062
2024-02-01 05:00:00,0.0,0.9545988625615216,0.0011651999212416856,0.023127036,-0.045772552490234375
2024-02-01 06:00:00,0.0,9.722682100451328,0.07167767741935484,0.18254496,-0.18761062622070312
2024-02-01 07:00:00,8.734,15.321788735722176,7.3284276937799016,7.5391703,6.593414306640625
2024-02-01 08:00:00,33.24,30.529706993542426,35.317341648938644,33.237602,28.317651748657227
2024-02-01 09:00:00,62.054,64.97494437025088,62.30376437800708,61.52409,46.907012939453125
2024-02-01 10:00:00,89.804,91.77938009665195,91.76793732233467,91.84371,83.37191772460938
2024-02-01 11:00:00,118.124,108.88742157777969,106.51059520552913,108.338425,111.25927734375
2024-02-01 12:00:00,117.676,126.99362936206197,121.28562595227056,121.35937,116.21920013427734
2024-02-01 13:00:00,113.306,111.4740247102389,110.07129593481041,111.659836,104.95353698730469
2024-02-01 14:00:00,95.616,95.66687144758995,95.37322555100307,95.33448,88.36315155029297
2024-02-01 15:00:00,84.48,67.95692540054796,65.86318655978202,65.272606,72.9886474609375
2024-02-01 16:00:00,48.814,51.073782639008776,51.17578861599362,47.839993,42.749752044677734
2024-02-01 17:00:00,12.184,18.987209148217453,12.760101984126988,13.877776,15.957698822021484
2024-02-01 18:00:00,0.0,-3.1218508986657953,0.0007518574002480933,0.13082902,1.4421272277832031
2024-02-01 19:00:00,0.0,-0.1373939629517711,9.58553011462555e-06,0.024430854,0.4315185546875
2024-02-01 20:00:00,0.0,1.5844110785294738,9.58553011462555e-06,0.01669729,0.622650146484375
2024-02-01 21:00:00,0.0,-1.1001860618035542,9.58553011462555e-06,0.014558196,0.6490097045898438
2024-02-01 22:00:00,0.0,-2.4076959516674052,9.58553011462555e-06,0.022108389,0.6237411499023438
2024-02-01 23:00:00,0.0,-1.4710348721323463,9.58553011462555e-06,0.00084541796,0.66619873046875
2024-02-02 00:00:00,0.0,1.0579083814276427,9.58553011462555e-06,0.012346973,0.7188758850097656
2024-02-02 01:00:00,0.0,-0.3725249720033519,9.58553011462555e-06,0.019365195,0.7559585571289062
2024-02-02 02:00:00,0.0,-1.539411085898453,9.58553011462555e-06,0.019365195,0.7986640930175781
2024-02-02 03:00:00,0.0,-1.4512798949997805,9.58553011462555e-06,0.019365195,0.4634056091308594
2024-02-02 04:00:00,0.0,-2.220585778539368,9.58553011462555e-06,0.020862503,-0.13815689086914062
2024-02-02 05:00:00,0.0,0.13913588834761992,5.793287248158564e-05,0.041954197,-0.06326675415039062
2024-02-02 06:00:00,0.0,8.194293128913063,0.06225850758918501,0.21287361,0.16848373413085938
2024-02-02 07:00:00,7.994,12.898335594209136,7.63715430741627,8.318563,9.363584518432617
2024-02-02 08:00:00,34.0,31.264504934145926,34.65661230939306,36.25303,35.33598709106445
2024-02-02 09:00:00,58.976,63.64944204303617,64.661512436872,63.873657,54.317527770996094
2024-02-02 10:00:00,102.91,87.47101432862326,92.7634134706149,92.25666,93.13554382324219
2024-02-02 11:00:00,116.17000000000002,126.09010811227074,128.2525956265971,128.04762,114.24205017089844
2024-02-02 12:00:00,108.434,124.30281393545076,122.50858583701333,127.25069,129.822021484375
2024-02-02 13:00:00,96.676,101.9223883471737,100.04946183873055,103.52082,98.64808654785156
2024-02-02 14:00:00,84.67000000000002,82.1545541966166,81.78228368339255,84.56129,77.81344604492188
2024-02-02 15:00:00,58.85,62.61699387896001,61.13660903116874,60.693962,59.76848602294922
2024-02-02 16:00:00,30.110000000000003,31.432827954278125,31.259923229858355,31.895107,32.44745635986328
2024-02-02 17:00:00,7.916,8.377677120897097,9.471260888888885,6.568022,8.325494766235352
2024-02-02 18:00:00,0.0,-2.376438749735197,0.13338904626592624,0.19999686,0.6987724304199219
2024-02-02 19:00:00,0.0,2.9091516708385488,9.58553011462555e-06,0.03210344,0.3350410461425781
2024-02-02 20:00:00,0.0,1.1095424167938095,9.58553011462555e-06,0.040114727,0.48091888427734375
2024-02-02 21:00:00,0.0,-1.9561804030808148,9.58553011462555e-06,0.037216477,0.6860466003417969
2024-02-02 22:00:00,0.0,-1.859119844163204,9.58553011462555e-06,0.021052873,0.6950492858886719
2024-02-02 23:00:00,0.0,-3.443171877094436,9.58553011462555e-06,-0.0002100988,0.6664390563964844
2024-02-03 00:00:00,0.0,0.01041494475992355,9.58553011462555e-06,0.031174133,0.6611595153808594
2024-02-03 01:00:00,0.0,-3.407094240269768,9.58553011462555e-06,0.019438274,0.7118034362792969
2024-02-03 02:00:00,0.0,-4.788714317233098,9.58553011462555e-06,0.020862503,0.756256103515625
2024-02-03 03:00:00,0.0,-5.411054114943157,9.58553011462555e-06,0.020862503,0.521881103515625
2024-02-03 04:00:00,0.0,-3.6961277804697863,9.58553011462555e-06,0.020862503,-0.040927886962890625
2024-02-03 05:00:00,0.0,0.9987764800076615,5.793287248158564e-05,0.025306005,-0.08481216430664062
2024-02-03 06:00:00,0.0,10.096123250550843,3.467741935483871e-05,0.26811728,0.23723983764648438
2024-02-03 07:00:00,7.71,15.29790534050284,7.60794823304473,8.02531,11.653678894042969
2024-02-03 08:00:00,34.57,32.46730489982141,33.32936245347296,34.82933,41.98564910888672
2024-02-03 09:00:00,68.704,65.72032502314909,65.23604252073692,66.65562,58.09568405151367
2024-02-03 10:00:00,100.466,106.57403769309659,101.23099552373614,102.19592,98.72270965576172
2024-02-03 11:00:00,130.36,124.5539860776133,123.01275770737965,125.368904,123.54066467285156
2024-02-03 12:00:00,132.36,138.64578776580353,133.78731145937618,138.8346,129.29019165039062
2024-02-03 13:00:00,126.856,124.39064895773924,128.72452686063295,125.86807,124.6942138671875
2024-02-03 14:00:00,105.666,105.32199538027814,110.62541979984934,108.8406,96.52711486816406
2024-02-03 15:00:00,80.49000000000001,78.41011764727463,72.57792568109542,74.854614,80.35917663574219
2024-02-03 16:00:00,42.64,46.788992587022975,45.21522204452353,43.75319,47.13383102416992
2024-02-03 17:00:00,11.11,12.074683005046008,11.256067916875525,10.403314,18.097557067871094
2024-02-03 18:00:00,0.0,-4.744358257195826,0.006311857400248094,0.2491956,1.1030845642089844
2024-02-03 19:00:00,0.0,-0.4859944717624849,9.58553011462555e-06,-0.0015646559,0.3496284484863281
2024-02-03 20:00:00,0.0,3.536646015595302,9.58553011462555e-06,0.025331633,0.5542373657226562
2024-02-03 21:00:00,0.0,4.276913012952191,9.58553011462555e-06,0.01671488,0.557220458984375
2024-02-03 22:00:00,0.0,1.344882004740433,9.58553011462555e-06,0.039430648,0.6292152404785156
2024-02-03 23:00:00,0.0,-2.020529236106169,9.58553011462555e-06,0.010649678,0.663543701171875
2024-02-04 00:00:00,0.0,0.06656127926544819,9.58553011462555e-06,0.0113960095,0.6460494995117188
2024-02-04 01:00:00,0.0,-2.4846477931746858,9.58553011462555e-06,0.031008743,0.6453628540039062
2024-02-04 02:00:00,0.0,-3.2861668249872378,9.58553011462555e-06,0.029511437,0.5549392700195312
2024-02-04 03:00:00,0.0,-3.15270817163284,9.58553011462555e-06,0.029511437,0.35536956787109375
2024-02-04 04:00:00,0.0,-3.6019175055553623,9.58553011462555e-06,0.031008743,-0.0022735595703125
2024-02-04 05:00:00,0.0,0.5008010992026932,5.793287248158564e-05,0.02701452,-0.23606109619140625
2024-02-04 06:00:00,0.0,9.133755689812666,3.467741935483871e-05,0.21959792,-0.17767715454101562
2024-02-04 07:00:00,8.58,16.161754998246675,9.969225703601955,9.764827,10.441553115844727
2024-02-04 08:00:00,34.49,39.05947379387163,40.118510264643234,40.7574,46.35596466064453
2024-02-04 09:00:00,68.404,69.07836033153589,64.10164995205841,66.44201,78.30397033691406
2024-02-04 10:00:00,125.134,106.36044922144615,98.47571802902505,102.46766,106.83087921142578
2024-02-04 11:00:00,152.256,154.38953786504976,149.4832067230769,147.33496,130.75973510742188
2024-02-04 12:00:00,160.63,160.49076389038504,160.98970539005936,161.63393,153.97662353515625
2024-02-04 13:00:00,153.456,151.8729967969378,158.97929998490073,154.99026,150.24261474609375
2024-02-04 14:00:00,131.406,128.34324891214,136.47034742521194,136.40692,131.67581176757812
2024-02-04 15:00:00,97.64,98.17500433041937,96.90096050217579,96.64408,102.81342315673828
2024-02-04 16:00:00,55.36000000000001,57.598158130315454,58.094072991300656,56.809464,66.88461303710938
2024-02-04 17:00:00,16.024,21.365241569284247,16.39926093145743,16.800251,26.8785400390625
2024-02-04 18:00:00,0.0,-2.312154572190252,0.0007518574002480933,0.4084917,2.530101776123047
2024-02-04 19:00:00,0.0,3.9696145458334815,9.58553011462555e-06,0.1207308,0.5212631225585938
2024-02-04 20:00:00,0.0,3.992938902179075,9.58553011462555e-06,0.024254829,0.5558242797851562
2024-02-04 21:00:00,0.0,3.011222038500456,9.58553011462555e-06,0.026166532,0.4813117980957031
2024-02-04 22:00:00,0.0,0.19345008435403876,9.58553011462555e-06,0.016512001,0.4327545166015625
2024-02-04 23:00:00,0.0,-4.004559887921635,9.58553011462555e-06,0.028767973,0.5072593688964844
2024-02-05 00:00:00,0.0,1.210687289581883,9.58553011462555e-06,0.032403857,0.5355262756347656
2024-02-05 01:00:00,0.0,-0.9592084701389041,9.58553011462555e-06,0.038298633,0.5933761596679688
2024-02-05 02:00:00,0.0,-2.877924378395606,9.58553011462555e-06,0.026383357,0.6314849853515625
2024-02-05 03:00:00,0.0,-3.8683977627116275,9.58553011462555e-06,0.027304078,0.37532806396484375
2024-02-05 04:00:00,0.0,-3.9722121512369517,9.58553011462555e-06,0.027304078,0.17283248901367188
2024-02-05 05:00:00,0.0,-1.943532147722041,5.793287248158564e-05,0.03174758,-0.12030792236328125
2024-02-05 06:00:00,0.0,8.96161353481091,3.467741935483871e-05,0.24653836,0.06371307373046875
2024-02-05 07:00:00,11.36,16.410645446660407,12.242015112332112,11.70341,12.362985610961914
2024-02-05 08:00:00,47.330000000000005,42.117077641171356,49.352541776727364,48.468998,50.19710922241211
2024-02-05 09:00:00,88.976,84.4799033784781,85.83254519714463,85.95475,86.76123809814453
2024-02-05 10:00:00,124.24,131.50790988877122,128.29909916376747,127.73208,128.97720336914062
2024-02-05 11:00:00,147.116,145.81863296276623,147.8169255074263,152.0395,156.02197265625
2024-02-05 12:00:00,144.306,151.32158217971792,157.00623294989566,156.37535,161.97817993164062
2024-02-05 13:00:00,137.494,133.45540452128597,144.77581423866002,143.15445,149.01524353027344
2024-02-05 14:00:00,117.21,113.6026070698189,119.65012354385985,118.22498,120.78874206542969
2024-02-05 15:00:00,83.94,86.00108921248045,85.28439782410885,84.88475,92.20660400390625
2024-02-05 16:00:00,47.054,44.75506448119343,48.63023005161661,46.298157,55.23933410644531
2024-02-05 17:00:00,12.37,14.245618035543501,13.415834256613756,12.3491955,19.458158493041992
2024-02-05 18:00:00,0.0,-3.1096099213303416,0.018971857400248093,0.1278594,1.5671806335449219
2024-02-05 19:00:00,0.0,2.5714243274704103,9.58553011462555e-06,-0.010395954,0.5721206665039062
2024-02-05 20:00:00,0.0,5.07240311876876,9.58553011462555e-06,0.010353837,0.7349281311035156
2024-02-05 21:00:00,0.0,3.8187140833138002,9.58553011462555e-06,0.007181235,0.6111907958984375
2024-02-05 22:00:00,0.0,-0.42669989209919823,9.58553011462555e-06,-0.002596349,0.47457122802734375
2024-02-05 23:00:00,0.0,-0.9456476565766154,9.58553011462555e-06,0.013239319,0.5340538024902344
2024-02-06 00:00:00,0.0,1.967516460381649,9.58553011462555e-06,0.013239319,0.5653610229492188
2024-02-06 01:00:00,0.0,1.1460435571593655,9.58553011462555e-06,0.022129228,0.6209068298339844
2024-02-06 02:00:00,0.0,-0.5038123187932255,9.58553011462555e-06,0.022129228,0.6163673400878906
2024-02-06 03:00:00,0.0,-3.23096899067219,9.58553011462555e-06,0.022129228,0.5024986267089844
2024-02-06 04:00:00,0.0,-4.057899310417811,9.58553011462555e-06,0.022129228,0.282073974609375
2024-02-06 05:00:00,0.0,-1.9504786204354465,5.793287248158564e-05,0.026572729,-0.008258819580078125
2024-02-06 06:00:00,0.0,5.679725866484112,3.467741935483871e-05,0.22992466,-0.24027252197265625
2024-02-06 07:00:00,10.8,12.677642040361022,11.195377587301591,10.6885195,8.730474472045898
2024-02-06 08:00:00,46.1,38.16688143755582,45.60636811921491,45.52136,37.93241500854492
2024-02-06 09:00:00,80.83,81.45011335210208,84.69082755483589,84.40244,79.83909606933594
2024-02-06 10:00:00,118.524,115.00382763619078,118.64527969837499,120.649254,124.50602722167969
2024-02-06 11:00:00,142.69000000000003,139.95779012546026,142.1525145149923,141.35088,154.21240234375
2024-02-06 12:00:00,146.53,150.319423196589,146.92744545175512,147.5148,155.71524047851562
2024-02-06 13:00:00,138.77,139.14597524794877,143.40743892594566,141.40988,139.77310180664062
2024-02-06 14:00:00,116.62,114.9083650186424,119.57229682002988,119.83623,118.8582534790039
2024-02-06 15:00:00,84.604,83.71391312583174,85.12870909211917,85.02525,91.6123275756836
2024-02-06 16:00:00,51.95,47.727941629596515,47.87586321150398,48.13947,56.03745651245117
2024-02-06 17:00:00,13.044,21.627574743446004,15.771307945979945,15.324094,24.210254669189453
2024-02-06 18:00:00,0.0,-4.380615037586205,0.0007518574002480933,0.35797226,3.976665496826172
2024-02-06 19:00:00,0.0,2.775865970161526,9.58553011462555e-06,0.015149734,0.4638481140136719
2024-02-06 20:00:00,0.0,3.098888211540565,9.58553011462555e-06,0.10150844,0.549224853515625
2024-02-06 21:00:00,0.0,0.24054335527449044,9.58553011462555e-06,0.019478913,0.5813865661621094
2024-02-06 22:00:00,0.0,-1.5988317807843178,9.58553011462555e-06,-0.011582032,0.8687667846679688
2024-02-06 23:00:00,0.0,-2.945233457484865,9.58553011462555e-06,0.010802191,0.7280540466308594
2024-02-07 00:00:00,0.0,1.513544848440472,9.58553011462555e-06,0.009522607,0.6656417846679688
2024-02-07 01:00:00,0.0,-1.2800147640521606,9.58553011462555e-06,0.010387202,0.7311363220214844
2024-02-07 02:00:00,0.0,-2.880252973346896,9.58553011462555e-06,0.018813105,0.7123947143554688
2024-02-07 03:00:00,0.0,-3.5344710858091513,9.58553011462555e-06,0.014239226,0.5530357360839844
2024-02-07 04:00:00,0.0,-3.0826493416120027,9.58553011462555e-06,0.020390168,0.14223861694335938
2024-02-07 05:00:00,0.0,-0.7080151934272356,5.793287248158564e-05,0.018682726,0.18505096435546875
2024-02-07 06:00:00,0.0,9.682096626442592,0.03981818932411675,0.65815073,-0.25927734375
2024-02-07 07:00:00,8.034,16.732639563624687,11.756841652014655,11.131009,7.789003372192383
2024-02-07 08:00:00,30.79,36.94342439028885,35.73803038554811,32.04002,39.52824401855469
2024-02-07 09:00:00,48.464,66.05668667419931,58.265848872347426,58.218494,74.45310974121094
2024-02-07 10:00:00,88.316,80.79924013689859,73.53002101140385,73.65795,98.98635864257812
2024-02-07 11:00:00,120.61,113.43095111787744,115.00039537277372,112.43025,120.75101470947266
2024-02-07 12:00:00,123.87,134.72312162783697,135.43323054181556,131.13419,134.94308471679688
2024-02-07 13:00:00,112.544,121.5507986647512,118.57895897174251,111.96508,129.36376953125
2024-02-07 14:00:00,94.816,96.51120725178984,100.28807908612325,99.274666,102.69680786132812
2024-02-07 15:00:00,71.86,70.96405256353148,65.2058448872876,63.185894,77.9335708618164
2024-02-07 16:00:00,38.0,41.415892114085246,45.38556043578538,46.30142,49.0010871887207
2024-02-07 17:00:00,9.844,10.835164215093233,11.674896523809515,12.585608,21.36139488220215
2024-02-07 18:00:00,0.0,-4.5999566862048,0.016071857400248094,0.32986405,2.9969024658203125
2024-02-07 19:00:00,0.0,0.6303017727687878,9.58553011462555e-06,-0.0040073604,0.5144996643066406
2024-02-07 20:00:00,0.0,1.9242931093188815,9.58553011462555e-06,0.0130862165,0.5995025634765625
2024-02-07 21:00:00,0.0,0.09489469971078623,9.58553011462555e-06,0.0130862165,0.6150703430175781
2024-02-07 22:00:00,0.0,-0.10380157161178616,9.58553011462555e-06,0.02379274,0.6808700561523438
2024-02-07 23:00:00,0.0,-1.5428354303615688,9.58553011462555e-06,0.028148454,0.7134284973144531
2024-02-08 00:00:00,0.0,1.1116584545682446,9.58553011462555e-06,0.011500259,0.7246513366699219
2024-02-08 01:00:00,0.0,-1.5055003569905239,9.58553011462555e-06,0.016412593,0.7599067687988281
2024-02-08 02:00:00,0.0,-2.7766466860876706,9.58553011462555e-06,0.012814996,0.7447166442871094
2024-02-08 03:00:00,0.0,-3.249210471561759,9.58553011462555e-06,0.012814996,0.4582672119140625
2024-02-08 04:00:00,0.0,-3.235287946678271,9.58553011462555e-06,0.014239226,0.145782470703125
2024-02-08 05:00:00,0.0,-0.13888311961547029,5.793287248158564e-05,0.020180034,0.2598228454589844
2024-02-08 06:00:00,0.0,7.415151955358812,0.01113467741935484,0.37724924,0.03874969482421875
2024-02-08 07:00:00,8.066,13.18085339598139,9.983237561023765,9.535703,9.852802276611328
2024-02-08 08:00:00,28.824,33.09540701439215,37.44754958507275,38.379997,40.3324089050293
2024-02-08 09:00:00,51.266,60.6324917436775,59.9009508861521,59.51691,71.71199035644531
2024-02-08 10:00:00,81.88400000000001,82.493367579846,74.24993046815028,83.53974,99.39862060546875
2024-02-08 11:00:00,91.234,100.83254223042391,98.5609214409868,101.98254,125.95475769042969
2024-02-08 12:00:00,77.49600000000001,97.20700479852192,101.22975705182527,104.16045,130.07901000976562
2024-02-08 13:00:00,68.51,72.4706799755032,74.14191876583953,74.094284,109.20500183105469
2024-02-08 14:00:00,74.666,60.70279027143858,65.09600300327727,75.65267,87.19671630859375
2024-02-08 15:00:00,69.204,60.32978563294545,54.35657412775735,52.653904,61.8066291809082
2024-02-08 16:00:00,36.354000000000006,41.49342435546515,47.41043194047617,44.17204,41.84672927856445
2024-02-08 17:00:00,10.024,8.082961265756438,10.541724793650792,8.379325,20.564380645751953
2024-02-08 18:00:00,0.0,-6.756150283017381,0.02392724201563271,0.32250863,3.276592254638672
2024-02-08 19:00:00,0.0,1.5695470982305828,9.58553011462555e-06,0.024975276,0.19847869873046875
2024-02-08 20:00:00,0.0,0.7439010850566952,9.58553011462555e-06,0.028114045,0.3109169006347656
2024-02-08 21:00:00,0.0,-3.0699064835528747,9.58553011462555e-06,0.01859579,0.6569786071777344
2024-02-08 22:00:00,0.0,-6.966549734974453,9.58553011462555e-06,0.017355276,0.7082901000976562
2024-02-08 23:00:00,0.0,-6.570387598126797,9.58553011462555e-06,0.012537474,0.6153640747070312
2024-02-09 00:00:00,0.0,-0.026545775441662478,9.58553011462555e-06,0.012476542,0.4987144470214844
2024-02-09 01:00:00,0.0,0.3571888565767356,9.58553011462555e-06,0.012461617,0.5087547302246094
2024-02-09 02:00:00,0.0,0.7706921084915681,9.58553011462555e-06,0.013382342,0.41989898681640625
2024-02-09 03:00:00,0.0,-1.6035640668305033,9.58553011462555e-06,0.013382342,0.3478965759277344
2024-02-09 04:00:00,0.0,-3.381424135490549,9.58553011462555e-06,0.013382342,0.14802169799804688
2024-02-09 05:00:00,0.0,-0.15424339190246705,5.793287248158564e-05,0.08535889,-0.19369888305664062
2024-02-09 06:00:00,0.0,9.312203292594068,3.467741935483871e-05,0.20406832,0.2510528564453125
2024-02-09 07:00:00,9.794,15.265027090327617,10.638512672438669,9.925271,10.303007125854492
2024-02-09 08:00:00,38.976,37.52178765999514,38.22090188182317,38.609425,38.438175201416016
2024-02-09 09:00:00,72.36,73.83005467415981,73.28170590831003,72.52155,80.77094268798828
2024-02-09 10:00:00,98.324,106.77217716733819,102.20394005429053,105.19911,108.73184204101562
2024-02-09 11:00:00,139.72,113.92542796101665,116.94560656174218,118.46681,130.73745727539062
2024-02-09 12:00:00,160.56600000000003,149.05885265079084,144.91738648418283,147.36383,127.09629821777344
2024-02-09 13:00:00,153.83,157.0779440287611,153.20242599168162,158.50644,130.74160766601562
2024-02-09 14:00:00,132.69400000000002,131.55408170632896,132.8655220054107,132.53143,126.23970031738281
2024-02-09 15:00:00,99.276,99.27385325426013,97.9892190670382,98.33575,95.55392456054688
2024-02-09 16:00:00,57.524,58.32532530142185,62.39654969744609,59.89535,60.42809295654297
2024-02-09 17:00:00,16.930000000000003,22.94373180554215,17.63492541098117,17.469606,23.391393661499023
2024-02-09 18:00:00,0.0,-1.555337509368261,0.0007518574002480933,0.38518512,1.8568153381347656
2024-02-09 19:00:00,0.0,0.24448512257997823,9.58553011462555e-06,-0.02482305,0.43714141845703125
2024-02-09 20:00:00,0.0,1.9080605912803517,9.58553011462555e-06,-0.002152186,0.5668869018554688
2024-02-09 21:00:00,0.0,-0.11621774668549101,9.58553011462555e-06,0.012951425,0.5350723266601562
2024-02-09 22:00:00,0.0,-2.650100273180946,9.58553011462555e-06,0.01153001,0.3781547546386719
2024-02-09 23:00:00,0.0,-1.0986332778596708,9.58553011462555e-06,0.02050162,0.5159149169921875
2024-02-10 00:00:00,0.0,1.8036797543491927,9.58553011462555e-06,-0.088948734,0.5447158813476562
2024-02-10 01:00:00,0.0,-0.24970319575212407,9.58553011462555e-06,0.032323014,0.5539169311523438
2024-02-10 02:00:00,0.0,-0.8176908618204557,9.58553011462555e-06,0.017099049,0.4402046203613281
2024-02-10 03:00:00,0.0,-0.8882877876497259,9.58553011462555e-06,0.017099049,0.21149063110351562
2024-02-10 04:00:00,0.0,-1.251639913827388,9.58553011462555e-06,0.017099049,-0.15727615356445312
2024-02-10 05:00:00,0.0,-0.44451820341194637,5.793287248158564e-05,0.03819074,-0.359283447265625
2024-02-10 06:00:00,0.0,7.051436093454571,3.467741935483871e-05,0.25563633,-0.23424530029296875
2024-02-10 07:00:00,14.814,13.467097155745442,12.809464515651014,11.569383,12.922943115234375
2024-02-10 08:00:00,56.14,45.99172770581195,55.06751845597679,54.52288,52.451602935791016
2024-02-10 09:00:00,100.366,96.20029980316377,94.93670399006838,94.88423,96.96257019042969
2024-02-10 10:00:00,136.806,141.074569238483,135.5247615563425,134.84149,134.01136779785156
2024-02-10 11:00:00,160.31,156.54962860321788,156.85938889206153,158.48909,155.10797119140625
2024-02-10 12:00:00,163.07000000000002,164.2173718566078,164.23179736391378,163.32874,163.43069458007812
2024-02-10 13:00:00,156.22000000000003,152.73500426732124,154.32259719485367,154.12968,154.47555541992188
2024-02-10 14:00:00,134.334,130.97093969486178,133.6714156079836,133.11829,131.06883239746094
2024-02-10 15:00:00,99.79,98.93106367062774,100.1822873937603,102.3896,102.70833587646484
2024-02-10 16:00:00,57.316,56.5655631620756,57.732480226761375,59.099823,62.04804229736328
2024-02-10 17:00:00,17.844,20.620590948454083,17.612366619106375,17.495348,23.331933975219727
2024-02-10 18:00:00,0.0,-1.3838663525811334,0.0007518574002480933,0.39595968,1.4177284240722656
2024-02-10 19:00:00,0.0,2.555404118408651,9.58553011462555e-06,-0.01574674,0.3949241638183594
2024-02-10 20:00:00,0.0,1.7538832290188688,9.58553011462555e-06,-0.027741343,0.60052490234375
2024-02-10 21:00:00,0.0,-1.49507888918962,9.58553011462555e-06,-0.00016237667,0.43938446044921875
2024-02-10 22:00:00,0.0,-3.483360611512643,9.58553011462555e-06,0.0108591225,0.34378814697265625
2024-02-10 23:00:00,0.0,-1.8911276673943709,9.58553011462555e-06,0.017866002,0.36965179443359375
2024-02-11 00:00:00,0.0,4.076663332066127,9.58553011462555e-06,0.011177269,0.4379844665527344
2024-02-11 01:00:00,0.0,2.080746607068738,9.58553011462555e-06,0.022878874,0.4928741455078125
2024-02-11 02:00:00,0.0,-1.477117042200014,9.58553011462555e-06,0.016178325,0.5358657836914062
2024-02-11 03:00:00,0.0,-0.9564803187795592,9.58553011462555e-06,0.016178325,0.3629798889160156
2024-02-11 04:00:00,0.0,-0.3998474416781752,9.58553011462555e-06,0.016178325,-0.01450347900390625
2024-02-11 05:00:00,0.0,1.8829705279058677,5.793287248158564e-05,0.040199038,0.031223297119140625
2024-02-11 06:00:00,0.0,10.837042914995067,3.467741935483871e-05,0.38924384,0.07379150390625
2024-02-11 07:00:00,12.36,14.700487100617728,15.59001832636644,15.880572,10.40363883972168
2024-02-11 08:00:00,48.72,36.639091159852846,46.63116040354491,47.780865,46.79848861694336
2024-02-11 09:00:00,85.97000000000001,82.37071977126377,86.75886940229285,87.88317,87.89215087890625
2024-02-11 10:00:00,119.58,124.5679546935059,125.88488819610308,120.88592,128.32374572753906
2024-02-11 11:00:00,142.19000000000003,141.09388273507872,142.58378891283596,141.46263,148.24935913085938
2024-02-11 12:00:00,149.65,147.64529796970857,150.27866250690278,149.88524,150.97352600097656
2024-02-11 13:00:00,141.376,140.9715303897169,145.84612322343003,142.90024,139.56182861328125
2024-02-11 14:00:00,118.88,118.21145557459002,122.12221309535944,122.12964,125.68518829345703
2024-02-11 15:00:00,84.99000000000001,88.19419325008863,85.3301492662234,84.84696,97.08567810058594
2024-02-11 16:00:00,50.57,47.91116694752837,49.2408290658918,47.552425,61.375816345214844
2024-02-11 17:00:00,14.664,19.210628894766206,15.335566454109971,15.458807,24.154743194580078
2024-02-11 18:00:00,0.0,-2.038557003431488,0.0007939850598225615,0.3453404,1.94287109375
2024-02-11 19:00:00,0.0,-1.0737303142816295,9.58553011462555e-06,0.0151288705,0.46680450439453125
2024-02-11 20:00:00,0.0,2.7863112586469274,9.58553011462555e-06,-0.015373013,0.6316032409667969
2024-02-11 21:00:00,0.0,0.6264264004114537,9.58553011462555e-06,0.0103158085,0.5307998657226562
2024-02-11 22:00:00,0.0,-3.1078553765164596,9.58553011462555e-06,0.041726828,0.4897117614746094
2024-02-11 23:00:00,0.0,-3.5927158010726483,9.58553011462555e-06,0.005044771,0.5663299560546875
2024-02-12 00:00:00,0.0,1.0985001793259608,9.58553011462555e-06,-0.0032943743,0.5850257873535156
2024-02-12 01:00:00,0.0,-0.059526550487388974,9.58553011462555e-06,0.0051537543,0.5844459533691406
2024-02-12 02:00:00,0.0,-3.2277946256694223,9.58553011462555e-06,0.057060372,0.5990753173828125
2024-02-12 03:00:00,0.0,-4.319503710340246,9.58553011462555e-06,0.03183001,0.33234405517578125
2024-02-12 04:00:00,0.0,-2.25995714210042,9.58553011462555e-06,0.0051537543,-0.12120819091796875
2024-02-12 05:00:00,0.0,-0.9041438292935764,5.793287248158564e-05,0.018682726,-0.16760635375976562
2024-02-12 06:00:00,0.0,5.727435646452111,3.467741935483871e-05,0.28641897,-0.582611083984375
2024-02-12 07:00:00,10.744,12.445688216068227,13.607292002738381,13.5823555,7.891164779663086
2024-02-12 08:00:00,41.386,35.08706055208811,43.096418301998064,43.141594,38.479496002197266
2024-02-12 09:00:00,72.03,73.4269727943134,76.75124341296556,74.76342,73.40638732910156
2024-02-12 10:00:00,112.3,108.83512036470225,107.42415193540515,108.887985,111.67411804199219
2024-02-12 11:00:00,133.55,141.4799051937773,137.580763305268,137.2197,138.84906005859375
2024-02-12 12:00:00,132.54000000000002,142.13339848954143,138.7553428194353,137.20775,149.03326416015625
2024-02-12 13:00:00,129.406,123.74310693225559,122.60573390630029,121.10908,132.47659301757812
2024-02-12 14:00:00,109.024,106.22910310843696,103.2010929246164,105.700005,106.89830780029297
2024-02-12 15:00:00,74.87,79.21849627040453,78.82503165406695,77.621635,87.8603515625
2024-02-12 16:00:00,44.946,42.594336421322446,41.654331816787206,40.984524,54.473331451416016
2024-02-12 17:00:00,12.93,16.031288736844783,13.044298055555554,12.90664,20.119173049926758
2024-02-12 18:00:00,0.0,-4.523828532341393,0.0007939850598225615,0.6087864,1.70440673828125
2024-02-12 19:00:00,0.0,-0.5465395369001254,9.58553011462555e-06,-0.006760742,0.4872283935546875
2024-02-12 20:00:00,0.0,2.1139329995084903,9.58553011462555e-06,-0.0033195282,0.6418800354003906
2024-02-12 21:00:00,0.0,1.3134096912477755,9.58553011462555e-06,0.0017092638,0.6116523742675781
2024-02-12 22:00:00,0.0,1.9074639016802486,9.58553011462555e-06,0.016847627,0.5693130493164062
2024-02-12 23:00:00,0.0,-2.298569175289497,9.58553011462555e-06,0.023494817,0.5440597534179688
2024-02-13 00:00:00,0.0,-0.08203220746504947,9.58553011462555e-06,0.0068466235,0.6172370910644531
2024-02-13 01:00:00,0.0,-1.4550957284568646,9.58553011462555e-06,0.014312304,0.7254447937011719
2024-02-13 02:00:00,0.0,-3.874401241094115,9.58553011462555e-06,0.014239226,0.7415237426757812
2024-02-13 03:00:00,0.0,-4.624046479587347,9.58553011462555e-06,-0.0021010656,0.5742073059082031
2024-02-13 04:00:00,0.0,-2.047282700044441,9.58553011462555e-06,0.014239226,0.08859634399414062
2024-02-13 05:00:00,0.0,1.0892225990123947,5.793287248158564e-05,0.020180034,0.18189239501953125
2024-02-13 06:00:00,0.0,9.432087946489197,0.01637467741935484,0.22007032,-0.013942718505859375
2024-02-13 07:00:00,11.194,15.360595632654466,13.297405054755076,13.4564495,10.746759414672852
2024-02-13 08:00:00,40.024,34.47231066488763,42.55473570081872,43.108547,42.658382415771484
2024-02-13 09:00:00,69.054,72.40195764531819,73.67218743231481,71.6946,68.22772216796875
2024-02-13 10:00:00,102.576,106.96540865851554,102.64221588712506,107.452934,109.73876190185547
2024-02-13 11:00:00,118.94,122.63264368125945,128.6774071702208,127.05871,131.5758514404297
2024-02-13 12:00:00,127.88,124.85987590564767,121.04833693222365,125.318184,141.33407592773438
2024-02-13 13:00:00,136.03,119.7643512779083,119.67841354815104,113.91213,113.5670166015625
2024-02-13 14:00:00,118.9,118.36805377366602,107.48084834249539,104.57979,96.34342956542969
2024-02-13 15:00:00,88.45400000000001,89.73047129123862,84.86700840946052,86.66538,84.91386413574219
2024-02-13 16:00:00,51.316,50.518995131378006,53.89141850675653,53.0106,57.31996154785156
2024-02-13 17:00:00,16.2,19.107756866481957,16.018727705192227,16.359787,25.71649932861328
2024-02-13 18:00:00,0.0,-2.7554370371580434,0.006353985059822561,0.5134207,3.2206497192382812
2024-02-13 19:00:00,0.0,-0.9653205211650979,9.58553011462555e-06,0.026590878,0.4327392578125
2024-02-13 20:00:00,0.0,4.211334090125659,9.58553011462555e-06,0.018743921,0.5603981018066406
2024-02-13 21:00:00,0.0,1.7612381673751711,9.58553011462555e-06,0.03373484,0.5097503662109375
2024-02-13 22:00:00,0.0,-2.318443931087501,9.58553011462555e-06,0.018524757,0.6073417663574219
2024-02-13 23:00:00,0.0,-2.4576226214142896,9.58553011462555e-06,0.024406385,0.6577415466308594
2024-02-14 00:00:00,0.0,3.2993109546900055,9.58553011462555e-06,0.006340157,0.6193504333496094
2024-02-14 01:00:00,0.0,3.0404728470712143,9.58553011462555e-06,0.014239226,0.6384124755859375
2024-02-14 02:00:00,0.0,-0.8940633990878109,9.58553011462555e-06,0.015230072,0.5726966857910156
2024-02-14 03:00:00,0.0,-4.533397422679853,9.58553011462555e-06,0.008318635,0.35449981689453125
2024-02-14 04:00:00,0.0,-5.046216465783654,9.58553011462555e-06,0.008318635,-0.06902313232421875
2024-02-14 05:00:00,0.0,-2.9737145346561698,5.793287248158564e-05,0.04042924,-0.25223541259765625
2024-02-14 06:00:00,0.0,6.260539541607642,0.013626105990783413,0.2289289,-0.6930198669433594
2024-02-14 07:00:00,12.516,15.308655758635727,13.547937730634763,13.548717,6.118110656738281
2024-02-14 08:00:00,42.84,37.589757773674116,44.849979768056194,46.19966,31.710826873779297
2024-02-14 09:00:00,72.25,79.01049484652461,76.25308398022928,75.65923,80.11420440673828
2024-02-14 10:00:00,108.524,107.46057005305204,104.12122710519311,108.95208,116.63605499267578
2024-02-14 11:00:00,146.19000000000003,130.41155663170193,134.01094411788472,130.38817,149.02685546875
2024-02-14 12:00:00,146.534,158.37415964118298,150.51793513176364,149.7571,157.56842041015625
2024-02-14 13:00:00,142.69000000000003,139.15807091292496,141.31049816729458,141.72523,144.86907958984375
2024-02-14 14:00:00,123.44400000000002,121.22713311283962,123.50823541935762,123.566666,111.03203582763672
2024-02-14 15:00:00,86.48,92.86733795300105,90.56462613976703,90.871506,93.84226989746094
2024-02-14 16:00:00,50.43000000000001,49.44779361060364,52.05516689517319,50.591583,62.695926666259766
2024-02-14 17:00:00,16.944,19.696087491604533,16.156425705882363,16.323748,24.31011962890625
2024-02-14 18:00:00,0.0,-1.4292490460371035,0.006353985059822561,0.56242096,3.087909698486328
2024-02-14 19:00:00,0.0,-1.344161405868956,9.58553011462555e-06,0.0027530482,0.3790779113769531
2024-02-14 20:00:00,0.0,4.8220530358928055,9.58553011462555e-06,-0.0081510935,0.4647712707519531
2024-02-14 21:00:00,0.0,1.7316328270450283,9.58553011462555e-06,0.035646413,0.2623176574707031
2024-02-14 22:00:00,0.0,-0.6493194588420748,9.58553011462555e-06,0.09708387,0.3793983459472656
2024-02-14 23:00:00,0.0,-1.3287723488800456,9.58553011462555e-06,0.007260885,0.5369338989257812
2024-02-15 00:00:00,0.0,-0.21860028033223688,9.58553011462555e-06,0.0053493152,0.5569343566894531
2024-02-15 01:00:00,0.0,-0.5287806311324736,9.58553011462555e-06,0.015230072,0.6211738586425781
2024-02-15 02:00:00,0.0,-3.47334506398324,9.58553011462555e-06,0.007140799,0.6200942993164062
2024-02-15 03:00:00,0.0,-5.368305665592833,9.58553011462555e-06,0.024575196,0.314605712890625
2024-02-15 04:00:00,0.0,-3.2905885554309195,9.58553011462555e-06,0.04091548,-0.048892974853515625
2024-02-15 05:00:00,0.0,0.08953317685715234,5.793287248158564e-05,0.020180034,0.17933273315429688
2024-02-15 06:00:00,0.0,9.062848727133671,0.02291142857142858,0.45482442,-0.24705123901367188
2024-02-15 07:00:00,10.48,16.498259523793116,14.363839551615053,13.974352,9.028053283691406
2024-02-15 08:00:00,35.07,37.95229264867416,40.13553892300915,42.116783,42.025054931640625
2024-02-15 09:00:00,68.14,69.84353197895157,64.05175474954348,64.03293,74.02833557128906
2024-02-15 10:00:00,103.89,103.06927703847302,103.38124492832577,107.09766,104.67620849609375
2024-02-15 11:00:00,131.206,128.75842467017497,134.87364038169767,134.50243,142.13357543945312
2024-02-15 12:00:00,144.96,141.79933656360507,138.94040898038898,136.28836,154.25668334960938
2024-02-15 13:00:00,147.91,142.4438158800819,137.9183432366407,137.33395,142.4748077392578
2024-02-15 14:00:00,122.61,129.2819712803311,125.49477574538454,126.845116,119.44232940673828
2024-02-15 15:00:00,92.22,89.97268402027834,89.83985002624104,90.568115,93.93339538574219
2024-02-15 16:00:00,53.23400000000001,55.41943723632432,55.424732589431805,55.241215,64.79901123046875
2024-02-15 17:00:00,16.994,21.872782630294747,17.399700091801588,17.421247,26.177825927734375
2024-02-15 18:00:00,0.0,0.5549420198619401,0.0007644253113948885,0.5344032,3.2707862854003906
2024-02-15 19:00:00,0.0,-1.222360439164711,9.58553011462555e-06,0.0027530482,0.5882186889648438
2024-02-15 20:00:00,0.0,3.349107041155687,9.58553011462555e-06,-0.0081510935,0.6980934143066406
2024-02-15 21:00:00,0.0,-0.024051333472586478,9.58553011462555e-06,0.010794741,0.6214714050292969
2024-02-15 22:00:00,0.0,-1.265932328877998,9.58553011462555e-06,0.004532862,0.4437751770019531
2024-02-15 23:00:00,0.0,-1.4486533250364007,9.58553011462555e-06,0.006340157,0.47075653076171875
2024-02-16 00:00:00,0.0,1.8849460649261136,9.58553011462555e-06,-0.003736166,0.5723800659179688
2024-02-16 01:00:00,0.0,-0.44530593625134607,9.58553011462555e-06,0.029718451,0.6439476013183594
2024-02-16 02:00:00,0.0,-3.5276832593847547,9.58553011462555e-06,0.04135727,0.710052490234375
2024-02-16 03:00:00,0.0,-2.9549289898644107,9.58553011462555e-06,0.0055955458,0.4449501037597656
2024-02-16 04:00:00,0.0,-1.622597598313381,9.58553011462555e-06,0.0055955458,0.1116943359375
2024-02-16 05:00:00,0.0,0.9429632978908451,5.793287248158564e-05,0.019124517,0.13589859008789062
2024-02-16 06:00:00,0.0,6.7811240026807695,0.061033427419354844,0.65759736,-0.040302276611328125
2024-02-16 07:00:00,12.57,14.335144798671529,14.737997726218227,13.678028,12.52383041381836
2024-02-16 08:00:00,49.464,42.923633560603825,46.84449163414778,49.298237,47.60584259033203
2024-02-16 09:00:00,86.57600000000001,88.13601948830762,87.5667427190961,87.46384,82.23953247070312
2024-02-16 10:00:00,124.184,125.50912878814705,123.55180616159541,123.66289,128.11026000976562
2024-02-16 11:00:00,147.556,146.7450427857348,148.41305621091217,150.8535,157.2022705078125
2024-02-16 12:00:00,148.46,154.437425005337,155.8971191120452,151.41562,163.45260620117188
2024-02-16 13:00:00,141.656,139.14924514273955,145.92482476856924,145.34875,152.35076904296875
2024-02-16 14:00:00,119.13,116.79027336780823,122.46755205448476,122.09181,119.22997283935547
2024-02-16 15:00:00,85.82000000000001,85.56765142108688,85.61733089073113,85.387886,94.93617248535156
2024-02-16 16:00:00,48.150000000000006,47.93964838436009,50.83875938162987,48.967926,60.12099075317383
2024-02-16 17:00:00,14.28,17.081177416873118,15.546226856381988,15.019908,24.32830047607422
2024-02-16 18:00:00,0.0,-1.2740167059839216,0.031586914488884066,0.3615192,2.7761306762695312
2024-02-16 19:00:00,0.0,3.1909770207588117,9.58553011462555e-06,0.006317632,0.484100341796875
2024-02-16 20:00:00,0.0,2.160473694761434,9.58553011462555e-06,0.0023631344,0.6497306823730469
2024-02-16 21:00:00,0.0,-0.025121304918940268,9.58553011462555e-06,0.016466752,0.5124397277832031
2024-02-16 22:00:00,0.0,-2.8721445075406833,9.58553011462555e-06,0.010204873,0.48032379150390625
2024-02-16 23:00:00,0.0,-2.224103393461026,9.58553011462555e-06,0.01194205,0.49858856201171875
2024-02-17 00:00:00,0.0,1.2347949561398588,9.58553011462555e-06,0.007288415,0.5409622192382812
2024-02-17 01:00:00,0.0,-1.7798189326109721,9.58553011462555e-06,0.012200749,0.5848579406738281
2024-02-17 02:00:00,0.0,-3.4143531373257443,9.58553011462555e-06,0.012200749,0.5981903076171875
2024-02-17 03:00:00,0.0,-3.9230758119147575,9.58553011462555e-06,0.014754095,0.45716094970703125
2024-02-17 04:00:00,0.0,-1.7139659482523646,9.58553011462555e-06,0.016178325,0.1622772216796875
2024-02-17 05:00:00,0.0,3.0754688598816617,5.793287248158564e-05,0.020621825,0.1782684326171875
2024-02-17 06:00:00,0.0,12.432362304562435,0.01803467741935484,0.66008985,0.08771133422851562
2024-02-17 07:00:00,12.006,18.27588696530318,14.583577663362773,13.674011,11.656682968139648
2024-02-17 08:00:00,46.18000000000001,43.6370142615889,46.90225554003528,45.188602,48.09977722167969
2024-02-17 09:00:00,75.35000000000001,81.12769543794238,84.56525138827827,83.09027,84.08488464355469
2024-02-17 10:00:00,114.844,110.95805328326759,110.23526366650212,112.33924,124.60607147216797
2024-02-17 11:00:00,138.494,137.32645345214965,138.80595694065022,138.58687,143.14869689941406
2024-02-17 12:00:00,129.406,145.39557523192386,144.19001304981757,141.8774,150.90048217773438
2024-02-17 13:00:00,121.37,119.13170720881541,123.17707976833508,116.42857,138.09262084960938
2024-02-17 14:00:00,96.65,99.57452315141467,101.26929733506942,100.02053,104.50482940673828
2024-02-17 15:00:00,67.004,68.77808086689313,68.14390039272801,67.013016,86.53164672851562
2024-02-17 16:00:00,36.85,35.96139376246742,38.104389483055826,38.043217,53.443817138671875
2024-02-17 17:00:00,11.524,10.269496755192165,11.033812555555551,9.769432,22.82347869873047
2024-02-17 18:00:00,0.0,-5.184918040677374,0.028661474237311736,0.47623378,2.3375320434570312
2024-02-17 19:00:00,0.0,2.0418291630712186,9.58553011462555e-06,0.021722596,0.08231735229492188
2024-02-17 20:00:00,0.0,5.685862914505291,9.58553011462555e-06,0.033923365,0.2892875671386719
2024-02-17 21:00:00,0.0,2.506074657734354,9.58553011462555e-06,0.023728393,0.4904441833496094
2024-02-17 22:00:00,0.0,-0.8121058402212133,9.58553011462555e-06,0.01812115,0.6085968017578125
2024-02-17 23:00:00,0.0,-4.772933193311688,9.58553011462555e-06,0.017706383,0.6138191223144531
2024-02-18 00:00:00,0.0,-1.0168125413854874,9.58553011462555e-06,0.005972016,0.5614013671875
2024-02-18 01:00:00,0.0,-1.138601295758873,9.58553011462555e-06,0.014681017,0.5198478698730469
2024-02-18 02:00:00,0.0,-3.8832682179661724,9.58553011462555e-06,0.017757589,0.4128837585449219
2024-02-18 03:00:00,0.0,-4.356786212533239,9.58553011462555e-06,0.010964309,0.12408447265625
2024-02-18 04:00:00,0.0,-3.1908534016325856,9.58553011462555e-06,0.012461617,-0.21747970581054688
2024-02-18 05:00:00,0.0,-0.8306686748345351,5.793287248158564e-05,0.014940387,-0.3205375671386719
2024-02-18 06:00:00,0.0,8.483191321020279,3.467741935483871e-05,0.30312645,-0.11510848999023438
2024-02-18 07:00:00,8.85,16.8535469746213,14.30845087374328,12.859157,10.912406921386719
2024-02-18 08:00:00,35.0,37.406413369425685,36.114872100628084,36.01405,42.76197052001953
2024-02-18 09:00:00,70.47000000000001,68.72592506918849,63.917954006363736,65.40784,59.07280731201172
2024-02-18 10:00:00,106.776,107.88270098423556,103.47608909637596,105.3231,99.52154541015625
2024-02-18 11:00:00,132.544,128.92925594860608,129.5045229482211,131.29494,132.95632934570312
2024-02-18 12:00:00,144.28,141.2419545413841,136.65316780191947,134.19409,145.9802703857422
2024-02-18 13:00:00,135.376,139.7082230936357,135.9670739025536,135.11647,132.68093872070312
2024-02-18 14:00:00,104.734,113.06732042771878,114.43706854285111,114.762344,115.84292602539062
2024-02-18 15:00:00,66.57600000000001,74.48996731042058,72.61815491791057,70.865685,89.39745330810547
2024-02-18 16:00:00,42.59,33.74359957081348,37.838248848544296,36.253395,52.25086212158203
2024-02-18 17:00:00,13.394,16.85241579102298,13.385153846153846,12.039417,17.68354606628418
2024-02-18 18:00:00,0.0,-1.3105206158681604,0.010193985059822561,0.6391359,1.0494728088378906
2024-02-18 19:00:00,0.0,2.1897335455376634,9.58553011462555e-06,0.0008228346,0.3155555725097656
2024-02-18 20:00:00,0.0,4.575560349344039,9.58553011462555e-06,0.01354582,0.5876350402832031
2024-02-18 21:00:00,0.0,3.666671381423958,9.58553011462555e-06,0.018378321,0.4857940673828125
2024-02-18 22:00:00,0.0,0.7542440622019653,9.58553011462555e-06,0.007214975,0.4245796203613281
2024-02-18 23:00:00,0.0,-0.8784986339444476,9.58553011462555e-06,0.018037628,0.4676780700683594
2024-02-19 00:00:00,0.0,0.6696759199556643,9.58553011462555e-06,0.013383994,0.5029563903808594
2024-02-19 01:00:00,0.0,-3.9754923937302062,9.58553011462555e-06,0.019846441,0.5433464050292969
2024-02-19 02:00:00,0.0,-5.720338191669879,9.58553011462555e-06,0.022326712,0.5638999938964844
2024-02-19 03:00:00,0.0,-5.336692652754475,9.58553011462555e-06,0.022326712,0.4661750793457031
2024-02-19 04:00:00,0.0,-1.64395984950185,9.58553011462555e-06,0.022326712,0.31427001953125
2024-02-19 05:00:00,0.0,0.7336388219680607,5.793287248158564e-05,0.028267512,-0.07112503051757812
2024-02-19 06:00:00,0.0,8.615963454414505,3.467741935483871e-05,0.5188225,0.00212860107421875
2024-02-19 07:00:00,10.88,14.923118482347942,13.974113341934215,13.576192,12.42854118347168
2024-02-19 08:00:00,34.464,37.15286553216174,44.754669384913456,42.765293,46.92778015136719
2024-02-19 09:00:00,60.14600000000001,64.54173071651812,63.57286981336466,63.307175,72.71627807617188
2024-02-19 10:00:00,97.584,93.9064757421599,96.9774846804541,92.43755,105.71357727050781
2024-02-19 11:00:00,136.98,117.36424160413424,119.56330571469798,119.6139,115.2603988647461
2024-02-19 12:00:00,135.57000000000002,149.56770160504064,143.74461818890993,142.96819,128.32215881347656
2024-02-19 13:00:00,129.70000000000002,128.25858095432034,131.87701640994268,129.30502,129.38583374023438
2024-02-19 14:00:00,106.424,108.44931995058414,113.91864574731731,111.72756,88.05592346191406
2024-02-19 15:00:00,72.57000000000001,79.61547091449367,75.84506405944657,75.10568,85.02388000488281
2024-02-19 16:00:00,40.870000000000005,38.687083517775406,40.464907634300815,39.304543,53.34608459472656
2024-02-19 17:00:00,12.724,13.584476643903631,11.371961342316892,10.494307,22.101959228515625
2024-02-19 18:00:00,0.0,-1.3470776225253456,0.007864425311394889,0.59999585,2.2633438110351562
2024-02-19 19:00:00,0.0,2.215603216111653,9.58553011462555e-06,0.009595749,0.42954254150390625
2024-02-19 20:00:00,0.0,4.571555468560739,9.58553011462555e-06,0.010258822,0.6591720581054688
2024-02-19 21:00:00,0.0,5.185092861888283,9.58553011462555e-06,0.014283958,0.6179351806640625
2024-02-19 22:00:00,0.0,0.5408689672727549,9.58553011462555e-06,0.006524771,0.5716705322265625
2024-02-19 23:00:00,0.0,0.02561255763667969,9.58553011462555e-06,0.01533362,0.5912933349609375
2024-02-20 00:00:00,0.0,-0.2767913580495618,9.58553011462555e-06,0.009182677,0.6046409606933594
2024-02-20 01:00:00,0.0,-2.32847081227812,9.58553011462555e-06,0.014671589,0.6402664184570312
2024-02-20 02:00:00,0.0,-4.268898135488555,9.58553011462555e-06,0.014671589,0.5834197998046875
2024-02-20 03:00:00,0.0,-5.416105352767785,9.58553011462555e-06,0.018649166,0.4901390075683594
2024-02-20 04:00:00,0.0,-3.2137835732871802,9.58553011462555e-06,0.018649166,0.4161415100097656
2024-02-20 05:00:00,0.0,0.41623031324038173,5.793287248158564e-05,0.023092667,0.19928741455078125
2024-02-20 06:00:00,0.0,8.03924272466882,0.00792,0.6643675,0.19488143920898438
2024-02-20 07:00:00,11.666,14.09109079398609,13.982700514463668,12.524796,10.548181533813477
2024-02-20 08:00:00,42.59,40.71259866921948,45.56245407291502,44.14466,41.595672607421875
2024-02-20 09:00:00,69.034,75.83283926603934,75.22280327972345,76.88403,74.83525085449219
2024-02-20 10:00:00,108.21,102.12119072150892,102.4439491381039,105.436806,113.67315673828125
2024-02-20 11:00:00,138.34,130.8772835177356,130.40606949464046,130.46516,133.1148681640625
2024-02-20 12:00:00,156.99400000000003,146.8576774820922,145.11698317170323,144.11859,143.51937866210938
2024-02-20 13:00:00,153.306,152.29793519849855,146.29131772863246,152.02377,133.01443481445312
2024-02-20 14:00:00,127.034,129.16981067454537,135.07076447603603,134.69397,120.22881317138672
2024-02-20 15:00:00,91.224,92.64142994920553,93.93457032549972,94.33518,96.5205078125
2024-02-20 16:00:00,51.650000000000006,53.46778916867772,55.06340017511836,54.463223,59.35655212402344
2024-02-20 17:00:00,16.064,19.529877481360487,17.18234403422503,16.80581,25.76405143737793
2024-02-20 18:00:00,0.0,-3.32838890530905,0.030010721907200787,0.52137285,3.110260009765625
2024-02-20 19:00:00,0.0,2.132241650309913,9.58553011462555e-06,-0.00056657504,0.178070068359375
2024-02-20 20:00:00,0.0,3.9115346755861715,9.58553011462555e-06,0.024356313,0.26200103759765625
2024-02-20 21:00:00,0.0,1.618731528715566,9.58553011462555e-06,0.0087297615,0.35768890380859375
2024-02-20 22:00:00,0.0,-0.10997291762499906,9.58553011462555e-06,0.0042050597,0.47667694091796875
2024-02-20 23:00:00,0.0,-2.5748703180495474,9.58553011462555e-06,0.0004883499,0.489105224609375
2024-02-21 00:00:00,0.0,2.8269000226914667,9.58553011462555e-06,0.0045452355,0.4986114501953125
2024-02-21 01:00:00,0.0,-0.05687628590282756,9.58553011462555e-06,0.010881803,0.5314064025878906
2024-02-21 02:00:00,0.0,-2.8099176078961916,9.58553011462555e-06,0.012379111,0.416168212890625
2024-02-21 03:00:00,0.0,-3.6542414323546057,9.58553011462555e-06,0.014932461,0.09159469604492188
2024-02-21 04:00:00,0.0,-3.9650402045688575,9.58553011462555e-06,0.014932461,-0.035938262939453125
2024-02-21 05:00:00,0.0,-1.368527538602586,5.793287248158564e-05,0.024029601,-0.19423294067382812
2024-02-21 06:00:00,0.0,8.94758252895454,0.0361,1.0894006,-0.3507575988769531
2024-02-21 07:00:00,15.556,17.033425810715205,15.701852367080308,15.29847,11.654241561889648
2024-02-21 08:00:00,55.096,49.830361446817506,50.87323562842067,51.62099,44.997642517089844
2024-02-21 09:00:00,92.616,94.38965327172039,93.49756101737177,94.71423,88.74021911621094
2024-02-21 10:00:00,127.72,132.4492885546386,129.3290724368639,132.6542,136.22152709960938
2024-02-21 11:00:00,152.52,149.9134605859034,147.63178038178808,152.79984,164.68487548828125
2024-02-21 12:00:00,154.216,157.02014143818113,161.14388362897174,156.88718,165.30206298828125
2024-02-21 13:00:00,129.70000000000002,143.862222607025,146.68977767451182,147.6199,153.64193725585938
2024-02-21 14:00:00,97.366,103.23823292492747,111.32935039034587,108.47313,123.43037414550781
2024-02-21 15:00:00,64.61,67.2205231969177,66.64088370422093,62.772514,81.17318725585938
2024-02-21 16:00:00,38.18,33.14756956519638,36.691785484620574,36.969257,42.00185775756836
2024-02-21 17:00:00,12.244,10.445658124073887,13.024600833333334,13.035878,16.204477310180664
2024-02-21 18:00:00,0.0,-3.3088565249694146,0.12343661616161619,0.48452738,0.8016853332519531
2024-02-21 19:00:00,0.0,4.935931292254368,9.58553011462555e-06,-0.022958133,0.21134185791015625
2024-02-21 20:00:00,0.0,6.881975165143039,9.58553011462555e-06,0.005433881,0.46080780029296875
2024-02-21 21:00:00,0.0,5.005110323504271,9.58553011462555e-06,-0.009634189,0.44567108154296875
2024-02-21 22:00:00,0.0,1.9476772631956507,9.58553011462555e-06,9.720045e-05,0.4040679931640625
2024-02-21 23:00:00,0.0,-2.07537171169826,9.58553011462555e-06,0.004726145,0.3986625671386719
2024-02-22 00:00:00,0.0,0.2243338938814814,9.58553011462555e-06,0.017519344,0.4472923278808594
2024-02-22 01:00:00,0.0,-2.7215193344662403,9.58553011462555e-06,0.022431675,0.5121231079101562
2024-02-22 02:00:00,0.0,-4.2270778599955445,9.58553011462555e-06,0.014598511,0.45479583740234375
2024-02-22 03:00:00,0.0,-4.154255415425019,9.58553011462555e-06,0.016095819,0.34250640869140625
2024-02-22 04:00:00,0.0,-2.8917242061013537,9.58553011462555e-06,0.010541627,0.44496917724609375
2024-02-22 05:00:00,0.0,-0.8526592007968334,5.793287248158564e-05,0.011617884,-0.004932403564453125
2024-02-22 06:00:00,0.0,8.77610199479171,0.11377333333333332,1.4586805,0.06485366821289062
2024-02-22 07:00:00,15.324000000000002,16.105931815200677,14.422107759307359,14.513581,13.25278091430664
2024-02-22 08:00:00,52.904,41.75817829217912,49.91447033586624,49.602184,40.20143127441406
2024-02-22 09:00:00,93.016,86.76707723125423,92.50057353376121,92.920364,82.30396270751953
2024-02-22 10:00:00,132.44400000000002,126.02308495854427,128.23202648482138,131.86186,134.5528564453125
2024-02-22 11:00:00,155.34400000000002,153.36410828606412,153.159899746868,156.24792,163.6656494140625
2024-02-22 12:00:00,159.69400000000002,159.0096810131511,159.0415617707814,159.52132,160.5783233642578
2024-02-22 13:00:00,131.67000000000002,147.42388050372466,147.23455615210537,150.37196,142.387451171875
2024-02-22 14:00:00,104.634,105.73022186242662,115.86415018261319,115.7642,121.86417388916016
2024-02-22 15:00:00,60.16,75.01357595044615,71.91987563939725,64.31628,72.64559936523438
2024-02-22 16:00:00,36.37,30.887345381162646,35.57621519697305,34.091732,39.68566131591797
2024-02-22 17:00:00,11.544,14.547394046995343,8.748482650001346,6.9841585,15.838417053222656
2024-02-22 18:00:00,0.0,-0.31247920091704007,0.1398701875901876,0.5711114,0.9988327026367188
2024-02-22 19:00:00,0.0,0.42157141006836785,9.58553011462555e-06,0.05033372,0.16511154174804688
2024-02-22 20:00:00,0.0,2.5987936906605,9.58553011462555e-06,0.025106004,0.2967987060546875
2024-02-22 21:00:00,0.0,-0.8417778619839771,9.58553011462555e-06,-0.02330228,0.45086669921875
2024-02-22 22:00:00,0.0,-1.405086547547687,9.58553011462555e-06,-0.0018720496,0.5194587707519531
2024-02-22 23:00:00,0.0,-2.51121557156729,9.58553011462555e-06,-0.00037474124,0.4767799377441406
2024-02-23 00:00:00,0.0,-0.5728262540417228,9.58553011462555e-06,-0.0005556508,0.47103118896484375
2024-02-23 01:00:00,0.0,-6.242340538350404,9.58553011462555e-06,0.0062227063,0.518890380859375
2024-02-23 02:00:00,0.0,-6.6290305749295335,9.58553011462555e-06,0.0047253976,0.35455322265625
2024-02-23 03:00:00,0.0,-6.951425400629955,9.58553011462555e-06,0.0066901282,0.001209259033203125
2024-02-23 04:00:00,0.0,-3.5614277072826246,9.58553011462555e-06,0.0066901282,-0.074737548828125
2024-02-23 05:00:00,0.0,2.2569872745110438,5.793287248158564e-05,0.011133631,-0.018604278564453125
2024-02-23 06:00:00,0.0,10.84063743925837,0.7158560000000002,1.9960369,0.10741806030273438
2024-02-23 07:00:00,13.876,17.898529605329436,15.994418330456792,15.181367,14.196887969970703
2024-02-23 08:00:00,48.97,45.662915063400845,48.4711506831505,49.45466,41.764892578125
2024-02-23 09:00:00,85.11000000000001,88.45493737124443,84.96088771571547,85.667114,86.29835510253906
2024-02-23 10:00:00,126.98,120.06986335695112,123.57768500931986,123.90079,130.74981689453125
2024-02-23 11:00:00,149.79000000000002,147.99379835200193,151.42233694622354,151.51562,161.17697143554688
2024-02-23 12:00:00,152.23,154.70122298556493,158.38427844521001,155.12952,162.16845703125
2024-02-23 13:00:00,143.81,141.65885367781792,144.94625556833478,144.4522,143.76443481445312
2024-02-23 14:00:00,119.84000000000002,118.60679077777442,121.46718963334712,120.675514,107.96440124511719
2024-02-23 15:00:00,81.49600000000001,82.92880807102134,88.24687305482594,88.30279,85.03219604492188
2024-02-23 16:00:00,48.84,41.894343481910184,47.656769462696694,47.375813,48.662025451660156
2024-02-23 17:00:00,17.986,18.34192525300666,15.980574624579127,15.2361765,17.34130096435547
2024-02-23 18:00:00,0.0,1.2366185008097066,0.07972451623344193,0.79598975,1.1966171264648438
2024-02-23 19:00:00,0.0,-1.1191293890026621,9.58553011462555e-06,-0.037030533,0.3447303771972656
2024-02-23 20:00:00,0.0,6.626280557824252,9.58553011462555e-06,-0.016111774,0.62017822265625
2024-02-23 21:00:00,0.0,0.19538609950981467,9.58553011462555e-06,-0.023307975,0.5731697082519531
2024-02-23 22:00:00,0.0,-1.3427520013385372,9.58553011462555e-06,0.010615315,0.48968505859375
2024-02-23 23:00:00,0.0,-1.887199917995221,9.58553011462555e-06,0.010615315,0.563720703125
2024-02-24 00:00:00,0.0,0.9486642414462194,9.58553011462555e-06,0.009624468,0.612762451171875
2024-02-24 01:00:00,0.0,0.8913879058198582,9.58553011462555e-06,0.017458338,0.6154365539550781
2024-02-24 02:00:00,0.0,-0.5409410453213601,9.58553011462555e-06,0.013536768,0.5112686157226562
2024-02-24 03:00:00,0.0,-1.8297384522749738,9.58553011462555e-06,0.01759365,0.16806411743164062
2024-02-24 04:00:00,0.0,-1.0009284839475825,9.58553011462555e-06,0.01759365,-0.09441375732421875
2024-02-24 05:00:00,0.0,0.0567713386647144,5.793287248158564e-05,0.023534458,0.02172088623046875
2024-02-24 06:00:00,0.0,5.807753964364132,0.0,0.86178476,-0.5218048095703125
2024-02-24 07:00:00,12.094,14.749567930714104,14.571887940485656,15.039726,10.260356903076172
2024-02-24 08:00:00,30.880000000000003,39.69411521528525,41.65133594119295,42.173023,43.479820251464844
2024-02-24 09:00:00,53.23400000000001,61.49934603324622,57.062081338793085,57.78104,76.87234497070312
2024-02-24 10:00:00,64.92,80.64610505320388,75.95478281276013,81.71574,107.23352813720703
2024-02-24 11:00:00,96.554,78.30433111245085,68.01298875834748,74.16228,135.87606811523438
2024-02-24 12:00:00,114.656,106.58513844937227,101.65803306168195,100.59395,123.65918731689453
2024-02-24 13:00:00,102.31,117.12927089092639,104.97270259355251,105.94074,119.92096710205078
2024-02-24 14:00:00,106.644,86.72707395846965,87.24017240946027,86.35192,101.85124969482422
2024-02-24 15:00:00,72.14,83.92250379631878,77.1391850393857,81.97629,74.52049255371094
2024-02-24 16:00:00,42.336000000000006,41.50825507726059,46.226614923439094,49.144875,57.64559555053711
2024-02-24 17:00:00,14.206,18.376954213342984,13.726338258145358,13.246076,25.878219604492188
2024-02-24 18:00:00,0.0,0.27297654865734433,0.06151526211609963,0.757343,4.8671875
2024-02-24 19:00:00,0.0,-1.63123040558877,9.58553011462555e-06,0.056933157,0.2574958801269531
2024-02-24 20:00:00,0.0,4.213229910271581,9.58553011462555e-06,0.062370706,0.350189208984375
2024-02-24 21:00:00,0.0,-2.9760597304499177,9.58553011462555e-06,0.04949417,0.20800018310546875
2024-02-24 22:00:00,0.0,-2.7889346062404057,9.58553011462555e-06,-0.007861956,0.28313446044921875
2024-02-24 23:00:00,0.0,-2.2918912617803073,9.58553011462555e-06,0.018059386,0.34051513671875
2024-02-25 00:00:00,0.0,-0.5757744447646189,9.58553011462555e-06,0.007553239,0.14949798583984375
2024-02-25 01:00:00,0.0,-2.547657923404999,9.58553011462555e-06,0.010813227,0.2798194885253906
2024-02-25 02:00:00,0.0,-2.5067949865280363,9.58553011462555e-06,-0.011379179,0.29553985595703125
2024-02-25 03:00:00,0.0,-5.280957574188695,9.58553011462555e-06,-0.011379179,0.025604248046875
2024-02-25 04:00:00,0.0,-3.2022433126982754,9.58553011462555e-06,0.013536768,-0.23620223999023438
2024-02-25 05:00:00,0.0,0.9014946709193143,5.793287248158564e-05,0.019817758,-0.2934150695800781
2024-02-25 06:00:00,0.0,7.238808641871913,0.034600000000000006,1.113707,-0.789642333984375
2024-02-25 07:00:00,11.366,14.689865428822294,11.543910036465034,10.33538,6.562786102294922
2024-02-25 08:00:00,37.06,35.08824597837706,37.270869422691305,37.033577,28.83755874633789
2024-02-25 09:00:00,60.054,67.19724847719127,69.21061254156106,69.9687,71.9548110961914
2024-02-25 10:00:00,72.646,87.18902953290402,94.11081080902615,93.26786,99.08395385742188
2024-02-25 11:00:00,66.334,88.4824867333536,89.97387208809809,94.09807,127.70033264160156
2024-02-25 12:00:00,45.17,69.92361748320704,73.69238192764344,71.819984,121.43097686767578
2024-02-25 13:00:00,37.9,44.741286996478166,68.95005019665388,66.53739,100.32575988769531
2024-02-25 14:00:00,25.16,35.44140487268563,48.39806243638584,47.676876,82.55322265625
2024-02-25 15:00:00,11.55,16.67812890886761,26.18930248247039,19.787949,59.851524353027344
2024-02-25 16:00:00,25.97,1.5998401624821508,11.791806583333322,11.248958,38.92805480957031
2024-02-25 17:00:00,11.234000000000002,18.048467639900707,8.565338627192979,8.815352,18.35189437866211
2024-02-25 18:00:00,0.0,1.0585096265864937,0.37051570801278205,0.44717288,3.627094268798828
2024-02-25 19:00:00,0.0,-1.1539192044272486,9.58553011462555e-06,0.014963087,0.4148292541503906
2024-02-25 20:00:00,0.0,4.297847605617429,9.58553011462555e-06,0.026216388,0.3286399841308594
2024-02-25 21:00:00,0.0,-2.0406191065451713,9.58553011462555e-06,0.040696815,0.3534431457519531
2024-02-25 22:00:00,0.0,-2.148566154940866,9.58553011462555e-06,0.01511503,0.3144645690917969
2024-02-25 23:00:00,0.0,-5.318302261767234,9.58553011462555e-06,0.017790942,0.3821258544921875
2024-02-26 00:00:00,0.0,-3.767004964725637,9.58553011462555e-06,0.017790942,0.474884033203125
2024-02-26 01:00:00,0.0,-3.7571022812318486,9.58553011462555e-06,0.01573989,0.5568923950195312
2024-02-26 02:00:00,0.0,-4.449329590627499,9.58553011462555e-06,0.012402778,0.7493553161621094
2024-02-26 03:00:00,0.0,-3.5370182576426488,9.58553011462555e-06,0.012909241,0.6043815612792969
2024-02-26 04:00:00,0.0,-0.30152162799713444,9.58553011462555e-06,0.012909241,0.3956260681152344
2024-02-26 05:00:00,0.0,-0.6339810956611336,5.793287248158564e-05,0.01735274,0.5347023010253906
2024-02-26 06:00:00,0.0,4.448576723735135,0.0,0.5974742,0.2833518981933594
2024-02-26 07:00:00,10.88,12.53571623766869,10.788858249729898,9.674079,1.6739273071289062
2024-02-26 08:00:00,32.18,33.87699126589591,38.8361102730001,36.910656,15.837387084960938
2024-02-26 09:00:00,56.88400000000001,60.297535171530036,61.40591603756409,62.361073,57.84186553955078
2024-02-26 10:00:00,83.04,81.44792004220415,86.93657099954426,91.956505,98.23336791992188
2024-02-26 11:00:00,102.744,98.88654048590769,95.80495913637061,102.99534,121.14224243164062
2024-02-26 12:00:00,102.066,109.34798615825642,103.74416854657606,110.96385,111.3265151977539
2024-02-26 13:00:00,99.376,97.25820521146258,100.01904847048966,101.12296,99.66214752197266
2024-02-26 14:00:00,105.1,84.3491480902398,86.06244270434189,82.96668,88.56082153320312
2024-02-26 15:00:00,84.39600000000002,81.9367118869429,71.8054152037194,74.437004,67.49858093261719
2024-02-26 16:00:00,49.03,51.566766820314676,52.59592467448583,52.572792,47.53459167480469
2024-02-26 17:00:00,15.176,20.228994220354373,15.79061502304866,15.248924,23.496784210205078
2024-02-26 18:00:00,0.516,-1.8415604543909625,0.4809925516062264,0.33862787,3.997295379638672
2024-02-26 19:00:00,0.0,-2.089962821571188,9.58553011462555e-06,0.059331086,0.2768058776855469
2024-02-26 20:00:00,0.0,2.5543441923055497,9.58553011462555e-06,0.028264532,0.3426055908203125
2024-02-26 21:00:00,0.0,-5.100570791988067,9.58553011462555e-06,0.033126995,0.343048095703125
2024-02-26 22:00:00,0.0,-4.063640213845735,9.58553011462555e-06,0.0050071874,0.25981903076171875
2024-02-26 23:00:00,0.0,-3.7957598738428873,9.58553011462555e-06,0.014426471,0.3673591613769531
2024-02-27 00:00:00,0.0,0.5099364654156213,9.58553011462555e-06,0.010324057,0.4454231262207031
2024-02-27 01:00:00,0.0,1.6160709726657272,9.58553011462555e-06,0.0101857,0.5598030090332031
2024-02-27 02:00:00,0.0,1.0039463562588207,9.58553011462555e-06,0.012402778,0.4380645751953125
2024-02-27 03:00:00,0.0,-2.4553619371371944,9.58553011462555e-06,0.012402778,0.1113433837890625
2024-02-27 04:00:00,0.0,-2.66702113740587,9.58553011462555e-06,0.012909241,-0.11614608764648438
2024-02-27 05:00:00,0.0,0.9089236012736723,5.793287248158564e-05,0.021409623,0.18952560424804688
2024-02-27 06:00:00,0.0,8.671164782920798,0.0,0.7532926,-0.4151344299316406
2024-02-27 07:00:00,16.650000000000002,16.222372820029374,11.66549480819268,11.168958,4.774547576904297
2024-02-27 08:00:00,45.43600000000001,46.64257300065997,52.347851867784264,50.82486,29.003253936767578
2024-02-27 09:00:00,84.7,79.68026957754998,77.77795615285602,80.82273,82.51356506347656
2024-02-27 10:00:00,124.16,119.77221265188157,118.17916402899112,117.871086,116.64388275146484
2024-02-27 11:00:00,151.84400000000002,145.36885520712,146.26545865575142,148.60756,149.18063354492188
2024-02-27 12:00:00,154.32000000000002,159.40854740680976,156.31688639344938,157.78706,158.51846313476562
2024-02-27 13:00:00,147.84,146.0284377645552,145.42520365385843,146.77419,152.38287353515625
2024-02-27 14:00:00,128.14,125.0402029052783,125.72898879952434,124.83985,108.22132110595703
2024-02-27 15:00:00,93.734,95.28674950389112,93.10234964122711,94.82748,91.05900573730469
2024-02-27 16:00:00,52.324000000000005,54.36744429778224,56.461396324638805,55.882435,59.536224365234375
2024-02-27 17:00:00,16.464,20.342320994739246,17.3895502890247,17.466215,21.77454376220703
2024-02-27 18:00:00,0.544,-0.12098035520160799,0.5438356569004205,0.5235038,1.9112739562988281
2024-02-27 19:00:00,0.0,-0.37939070755637516,9.58553011462555e-06,-0.006231462,0.48882293701171875
2024-02-27 20:00:00,0.0,4.82039702362656,9.58553011462555e-06,-0.025799014,0.7100334167480469
2024-02-27 21:00:00,0.0,0.10433907897974226,9.58553011462555e-06,-0.0025728124,0.6046104431152344
2024-02-27 22:00:00,0.0,-1.8235921959590842,9.58553011462555e-06,0.010494249,0.4276275634765625
2024-02-27 23:00:00,0.0,-0.9691070661665133,9.58553011462555e-06,0.008996941,0.4324531555175781
2024-02-28 00:00:00,0.0,1.0974392554344226,9.58553011462555e-06,0.009067059,0.5821762084960938
2024-02-28 01:00:00,0.0,0.9990251219119584,9.58553011462555e-06,0.015403622,0.6374130249023438
2024-02-28 02:00:00,0.0,-0.5725029526435197,9.58553011462555e-06,0.014412776,0.6099472045898438
2024-02-28 03:00:00,0.0,-1.8808299498394412,9.58553011462555e-06,0.04364238,0.324554443359375
2024-02-28 04:00:00,0.0,-0.8414081009499865,9.58553011462555e-06,0.01846343,0.22380447387695312
2024-02-28 05:00:00,0.0,2.11781759005326,5.793287248158564e-05,0.021409623,0.14459228515625
2024-02-28 06:00:00,0.0,8.652063931875654,0.10030000000000001,1.0229008,-0.11413192749023438
2024-02-28 07:00:00,16.024,15.871197823255027,15.3060213969426,15.315674,13.414676666259766
2024-02-28 08:00:00,47.136,44.01648817853187,50.13097730718839,50.81143,50.612098693847656
2024-02-28 09:00:00,84.16000000000001,79.88727172336093,84.33991250853396,84.13017,87.99324035644531
2024-02-28 10:00:00,121.84000000000002,114.65804643667249,123.85490394850842,124.312645,129.7806396484375
2024-02-28 11:00:00,145.13,144.07813165649372,145.4864613363302,148.35574,154.28005981445312
2024-02-28 12:00:00,158.53,153.44877085288272,151.02223862234837,147.60963,157.11541748046875
2024-02-28 13:00:00,150.366,153.66496576747844,149.20770172935605,150.52092,140.0562744140625
2024-02-28 14:00:00,125.91,126.64967139345873,128.8833995182542,128.22636,124.19021606445312
2024-02-28 15:00:00,85.604,91.48602745793812,92.81303927639118,91.406746,101.44729614257812
2024-02-28 16:00:00,48.986,49.850218782243246,50.62212030353163,48.22178,60.32260513305664
2024-02-28 17:00:00,16.156000000000002,20.42003590607172,16.139739441572594,15.303232,27.15721893310547
2024-02-28 18:00:00,0.576,-0.2666181229520692,0.5734996114805465,0.5367631,4.008842468261719
2024-02-28 19:00:00,0.0,-1.4919248550243207,9.58553011462555e-06,0.030732676,0.3937568664550781
2024-02-28 20:00:00,0.0,1.7986726467556577,9.58553011462555e-06,-0.0086021535,0.5226936340332031
2024-02-28 21:00:00,0.0,-2.6127320297612773,9.58553011462555e-06,0.009464754,0.5671806335449219
2024-02-28 22:00:00,0.0,-1.3168991449272323,9.58553011462555e-06,0.0029367818,0.572509765625
2024-02-28 23:00:00,0.0,-1.2628397098176727,9.58553011462555e-06,0.004019324,0.6020660400390625
2024-02-29 00:00:00,0.0,1.7644352468257836,9.58553011462555e-06,0.009573522,0.6557540893554688
2024-02-29 01:00:00,0.0,-1.27366961431356,9.58553011462555e-06,0.014412776,0.7148857116699219
2024-02-29 02:00:00,0.0,-3.032085648514764,9.58553011462555e-06,0.009408033,0.6006927490234375
2024-02-29 03:00:00,0.0,-3.6579171544598768,9.58553011462555e-06,0.009408033,0.25473785400390625
2024-02-29 04:00:00,0.0,-1.4971543036260302,9.58553011462555e-06,0.01846343,-0.033905029296875
2024-02-29 05:00:00,0.0,1.6618229586995845,5.793287248158564e-05,0.022906931,0.018779754638671875
2024-02-29 06:00:00,0.5940000000000001,9.685789286598835,0.13904019230769232,1.0993338,0.043426513671875
2024-02-29 07:00:00,19.294,18.21916958959377,19.241262247562894,18.339094,13.603626251220703
2024-02-29 08:00:00,58.48,53.68995425291782,57.94806334963585,58.06502,50.57221984863281
2024-02-29 09:00:00,102.204,98.95947198394757,96.12579209492391,97.8312,97.5301742553711
2024-02-29 10:00:00,139.6,136.78134845089568,137.22859922869037,138.58148,141.18902587890625
2024-02-29 11:00:00,162.45600000000002,156.82260107027133,157.28608917491715,160.21176,166.3192596435547
2024-02-29 12:00:00,157.39,165.57353573908964,162.7782519806313,161.38115,166.02386474609375
2024-02-29 13:00:00,136.89,146.2168540335464,149.13800315999936,148.42343,152.73524475097656
2024-02-29 14:00:00,108.94,112.36650655090807,119.53276477663175,119.88022,126.10540771484375
2024-02-29 15:00:00,83.06,75.2421136416695,75.24369524452385,75.07894,87.00420379638672
2024-02-29 16:00:00,46.564,46.46813053125511,49.02213249508646,50.38039,49.37783432006836
2024-02-29 17:00:00,15.71,16.553847078691067,14.977121579365077,14.486927,21.212984085083008
2024-02-29 18:00:00,0.6000000000000001,-0.7048761327812629,0.5678160295063842,0.37133908,1.2841453552246094
2024-02-29 19:00:00,0.0,2.0673270377341844,9.58553011462555e-06,-0.010791864,0.15932464599609375
2024-02-29 20:00:00,0.0,4.5211575185906,9.58553011462555e-06,0.00521913,0.4286918640136719
2024-02-29 21:00:00,0.0,-1.6866957542413674,9.58553011462555e-06,-0.005712065,0.4734382629394531
2024-02-29 22:00:00,0.0,-3.0356026454811937,9.58553011462555e-06,0.004019324,0.46598052978515625
2024-02-29 23:00:00,0.0,-3.452842514361733,9.58553011462555e-06,0.004019324,0.5124320983886719
2024-03-01 00:00:00,0.0,-1.5289311802466639,9.58553011462555e-06,0.009573522,0.5719528198242188
2024-03-01 01:00:00,0.0,-2.3364102377897997,9.58553011462555e-06,0.01979756,0.6052398681640625
2024-03-01 02:00:00,0.0,-2.1702442552293313,9.58553011462555e-06,0.01979756,0.5980987548828125
2024-03-01 03:00:00,0.0,-1.5879271744862153,9.58553011462555e-06,0.020058429,0.3286018371582031
2024-03-01 04:00:00,0.0,-0.7342225462858174,9.58553011462555e-06,0.020058429,0.31064605712890625
2024-03-01 05:00:00,0.0,2.011128470381051,0.0011651999212416856,0.029155573,-0.07787322998046875
2024-03-01 06:00:00,0.68,10.468291046251458,0.6386543028638026,0.7883024,0.24596023559570312
2024-03-01 07:00:00,19.09,20.666682695424036,20.51434849664715,20.226706,16.197946548461914
2024-03-01 08:00:00,59.78,57.7504366853072,57.58028146924172,56.961918,56.983062744140625
2024-03-01 09:00:00,93.516,100.58770554065055,97.42725060755009,99.77992,102.32574462890625
2024-03-01 10:00:00,139.51600000000002,136.10120133574057,129.78098036518776,130.54135,148.37673950195312
2024-03-01 11:00:00,165.006,163.23438369174832,156.18900603210182,156.70042,168.36865234375
2024-03-01 12:00:00,162.22400000000002,169.53826494324747,163.59252917637477,166.98026,172.33566284179688
2024-03-01 13:00:00,151.866,148.29240343192393,153.92300434506117,153.11719,164.68185424804688
2024-03-01 14:00:00,126.244,121.85000656038716,127.77630708801242,125.32852,125.12236785888672
2024-03-01 15:00:00,90.99,90.3417132561369,93.1590101304304,92.1329,97.04988861083984
2024-03-01 16:00:00,57.154,49.493673443702555,55.106303430104056,54.254765,61.222938537597656
2024-03-01 17:00:00,18.136000000000003,21.26952663788989,18.808158134402905,18.909746,24.507339477539062
2024-03-01 18:00:00,0.676,-1.858718792029543,0.7027947837145693,0.69854635,2.2334938049316406
2024-03-01 19:00:00,0.0,2.8765238695049575,9.58553011462555e-06,-0.015945233,0.2661094665527344
2024-03-01 20:00:00,0.0,5.34962808729348,9.58553011462555e-06,0.0037718937,0.5615425109863281
2024-03-01 21:00:00,0.0,7.062885758987344,9.58553011462555e-06,0.01363225,0.4318809509277344
2024-03-01 22:00:00,0.0,3.515847017687552,9.58553011462555e-06,0.013387918,0.4052543640136719
2024-03-01 23:00:00,0.0,-0.8028172547217167,9.58553011462555e-06,0.013387918,0.4358100891113281
2024-03-02 00:00:00,0.0,0.9843121436955737,9.58553011462555e-06,0.013387918,0.45883941650390625
2024-03-02 01:00:00,0.0,-0.1483539825810789,9.58553011462555e-06,0.018300252,0.4649772644042969
2024-03-02 02:00:00,0.0,-0.2321589895098244,9.58553011462555e-06,0.021221789,0.5375404357910156
2024-03-02 03:00:00,0.0,-1.3056185227175785,9.58553011462555e-06,0.023775138,0.42292022705078125
2024-03-02 04:00:00,0.0,-1.4857557245157142,9.58553011462555e-06,0.023775138,0.18236541748046875
2024-03-02 05:00:00,0.0,-1.0680933982269645,5.793287248158564e-05,0.029139359,-0.1416015625
2024-03-02 06:00:00,0.6900000000000001,6.093543456169847,0.679316058275058,0.64877516,-0.160247802734375
2024-03-02 07:00:00,19.106,15.337383812467191,19.8225959550887,19.604357,12.069280624389648
2024-03-02 08:00:00,60.36000000000001,51.73619969666469,56.56278764135008,56.38104,47.163516998291016
2024-03-02 09:00:00,97.684,102.82931221741063,102.55387458409815,102.92721,96.63394165039062
2024-03-02 10:00:00,136.59,134.96445286857707,134.33131780353918,136.1286,143.53680419921875
2024-03-02 11:00:00,161.824,157.8148831266717,157.46290568775433,158.1907,166.89788818359375
2024-03-02 12:00:00,173.51600000000002,167.27317758536182,161.02776156915178,165.47192,170.04119873046875
2024-03-02 13:00:00,164.94400000000002,165.34481181574031,163.46054753174604,163.33751,160.08001708984375
2024-03-02 14:00:00,139.656,138.9906821313133,139.44214991952555,141.80319,133.64605712890625
2024-03-02 15:00:00,104.97,101.39365909619886,102.9665872757004,103.88482,103.18891143798828
2024-03-02 16:00:00,62.75,61.86000205153467,61.94318223967919,62.36664,67.86216735839844
2024-03-02 17:00:00,20.386000000000003,26.235452349961108,21.656240301052677,22.367863,27.47044563293457
2024-03-02 18:00:00,0.756,-0.5780320885564514,0.7790822787978232,0.5809301,3.193523406982422
2024-03-02 19:00:00,0.0,-2.3668341581484915,9.58553011462555e-06,-0.03486945,0.49149322509765625
2024-03-02 20:00:00,0.0,4.011163154543322,9.58553011462555e-06,-0.0018404842,0.7083206176757812
2024-03-02 21:00:00,0.0,-0.18700987629090182,9.58553011462555e-06,0.0065599354,0.6223258972167969
2024-03-02 22:00:00,0.0,-1.11991740770278,9.58553011462555e-06,0.011558852,0.4274864196777344
2024-03-02 23:00:00,0.0,-1.619869467607936,9.58553011462555e-06,0.014885226,0.40103912353515625
2024-03-03 00:00:00,0.0,2.251795347371008,9.58553011462555e-06,0.014885226,0.44548797607421875
2024-03-03 01:00:00,0.0,1.6593807149653905,9.58553011462555e-06,0.029659513,0.5135765075683594
2024-03-03 02:00:00,0.0,1.5069949275647812,9.58553011462555e-06,0.021221789,0.7319526672363281
2024-03-03 03:00:00,0.0,0.11944467707648343,9.58553011462555e-06,0.021221789,0.5532188415527344
2024-03-03 04:00:00,0.0,0.18770959852850488,9.58553011462555e-06,0.023775138,0.2656745910644531
2024-03-03 05:00:00,0.0,1.510521300538338,5.793287248158564e-05,0.031147657,0.0986328125
2024-03-03 06:00:00,0.73,8.228308218694604,0.7968706522366521,1.1039058,0.19873428344726562
2024-03-03 07:00:00,18.77,18.06461965137767,21.019486415406153,20.354853,13.697149276733398
2024-03-03 08:00:00,58.916,52.77608295094414,55.28899318952195,55.883083,49.61207962036133
2024-03-03 09:00:00,91.734,101.45920364096975,100.78423460326992,101.98926,96.65349578857422
2024-03-03 10:00:00,133.956,125.13796297984061,132.52409767281455,132.56335,144.3375244140625
2024-03-03 11:00:00,159.88,156.0554225987935,155.67446127547927,158.3933,168.88229370117188
2024-03-03 12:00:00,151.244,165.69900708310266,165.73583070212203,163.47163,170.33657836914062
2024-03-03 13:00:00,134.24,139.03036339215433,145.67768424560566,144.99037,158.28514099121094
2024-03-03 14:00:00,108.976,111.2643772523403,117.55082592136408,118.84926,108.95714569091797
2024-03-03 15:00:00,84.754,77.51706389785366,75.09321590695167,78.319405,89.02486419677734
2024-03-03 16:00:00,52.39600000000001,50.830331779935364,51.76248892121421,52.295807,56.32223892211914
2024-03-03 17:00:00,17.186000000000003,22.101823272421242,17.86774040837059,18.511942,24.66815948486328
2024-03-03 18:00:00,0.684,-1.1434820983364222,0.7054758468956293,0.58732766,3.999431610107422
2024-03-03 19:00:00,0.0,-0.06043711591690215,9.58553011462555e-06,0.0021174666,0.4401054382324219
2024-03-03 20:00:00,0.0,6.371542000701243,9.58553011462555e-06,0.0015235194,0.5849037170410156
2024-03-03 21:00:00,0.0,-0.9884815143961241,9.58553011462555e-06,0.045796145,0.3991127014160156
2024-03-03 22:00:00,0.0,-1.2988747586720493,9.58553011462555e-06,0.003211962,0.5287208557128906
2024-03-03 23:00:00,0.0,-3.586809645580912,9.58553011462555e-06,0.014700653,0.7491798400878906
2024-03-04 00:00:00,0.0,-2.2160269926943297,9.58553011462555e-06,0.012062531,0.6706466674804688
2024-03-04 01:00:00,0.0,-1.892233925055809,9.58553011462555e-06,0.013190904,0.6105384826660156
2024-03-04 02:00:00,0.0,-2.1567603638458714,9.58553011462555e-06,0.0054308134,0.5256423950195312
2024-03-04 03:00:00,0.0,-1.8836884053064527,9.58553011462555e-06,0.014516292,0.2729606628417969
2024-03-04 04:00:00,0.0,-1.2162370909300675,9.58553011462555e-06,0.0160136,0.16701507568359375
2024-03-04 05:00:00,0.0,1.3687653904608101,5.793287248158564e-05,0.023010446,-0.19133758544921875
2024-03-04 06:00:00,0.78,8.5617837672714,0.7272882438672436,1.4869704,-0.4174766540527344
2024-03-04 07:00:00,19.376,18.79527826140826,18.15893163492063,18.55826,11.763227462768555
2024-03-04 08:00:00,60.010000000000005,55.56667609878592,56.77872990206896,57.77146,44.257591247558594
2024-03-04 09:00:00,100.596,99.40159600157551,95.58627524936323,99.327095,92.47378540039062
2024-03-04 10:00:00,136.584,133.6450519710794,135.90709784524668,137.58022,143.44522094726562
2024-03-04 11:00:00,160.01600000000002,156.14868583060849,159.08009348186377,158.46664,171.68252563476562
2024-03-04 12:00:00,155.524,164.532772765182,163.14544666735145,162.31209,165.45590209960938
2024-03-04 13:00:00,146.37,144.1342927940749,145.82095245225324,147.8065,152.72630310058594
2024-03-04 14:00:00,117.07,120.05673620466641,120.56393968862052,118.71855,120.40552520751953
2024-03-04 15:00:00,85.084,81.00805532171697,84.36343840276432,85.78659,85.82077026367188
2024-03-04 16:00:00,48.42400000000001,49.85447518400413,50.8489205290765,50.698074,48.68299102783203
2024-03-04 17:00:00,15.386000000000005,20.45718795686449,17.174498703155514,17.070026,20.998884201049805
2024-03-04 18:00:00,0.6000000000000001,-0.03024213829219846,0.7085995482220804,0.5086311,2.193401336669922
2024-03-04 19:00:00,0.0,2.6322595360818983,9.58553011462555e-06,0.09926352,0.2501945495605469
2024-03-04 20:00:00,0.0,2.6429837028965544,9.58553011462555e-06,0.0457337,0.173828125
2024-03-04 21:00:00,0.0,-1.6466405260118488,9.58553011462555e-06,0.108012214,0.0583343505859375
2024-03-04 22:00:00,0.0,-2.2687050765901677,9.58553011462555e-06,0.03133153,0.216156005859375
2024-03-04 23:00:00,0.0,-3.130315399259237,9.58553011462555e-06,0.0030915476,0.21443557739257812
2024-03-05 00:00:00,0.0,-0.8120174606220134,9.58553011462555e-06,0.006374586,0.26995086669921875
2024-03-05 01:00:00,0.0,-2.119662971743245,9.58553011462555e-06,0.01079958,0.3687591552734375
2024-03-05 02:00:00,0.0,-3.072446041544133,9.58553011462555e-06,0.012296888,0.4519233703613281
2024-03-05 03:00:00,0.0,-2.1739312438289193,9.58553011462555e-06,0.012296888,0.22932052612304688
2024-03-05 04:00:00,0.0,-0.6408017797460399,9.58553011462555e-06,0.016353775,0.119903564453125
2024-03-05 05:00:00,0.0,3.001763191324674,5.793287248158564e-05,0.02335063,-0.07472610473632812
2024-03-05 06:00:00,0.706,11.224082935213566,0.8095060952935949,1.7467777,-0.21915054321289062
2024-03-05 07:00:00,17.150000000000002,19.938384379015307,18.83518564790764,19.39976,13.518138885498047
2024-03-05 08:00:00,54.48,49.601531745636045,51.24580829982412,51.370586,47.18084716796875
2024-03-05 09:00:00,93.724,95.32824017449332,95.60938854903785,93.18164,81.85617065429688
2024-03-05 10:00:00,134.14,130.16370365997847,129.75655105652706,132.35626,130.1306610107422
2024-03-05 11:00:00,162.606,156.27928924520435,152.7033804846205,157.21059,162.18106079101562
2024-03-05 12:00:00,153.284,169.0845331577312,162.40848820415096,165.17685,169.32229614257812
2024-03-05 13:00:00,133.576,140.88528181313015,149.1653939905735,149.00444,153.9090118408203
2024-03-05 14:00:00,100.81,110.6179712944732,119.35663843729189,118.70218,96.84648132324219
2024-03-05 15:00:00,80.46600000000001,71.95692683013246,67.78239847432238,65.49111,76.89041137695312
2024-03-05 16:00:00,46.346,50.49008819102916,50.74176560570222,48.38987,39.30907440185547
2024-03-05 17:00:00,15.2,17.789828604545836,16.55802059892319,16.314983,16.601709365844727
2024-03-05 18:00:00,0.6900000000000001,-1.6295878716023324,0.7144369940262765,0.5512497,1.2206764221191406
2024-03-05 19:00:00,0.0,-0.34412730463288277,9.58553011462555e-06,-0.0017382188,0.47805023193359375
2024-03-05 20:00:00,0.0,5.894993369889631,9.58553011462555e-06,0.026147496,0.5816001892089844
2024-03-05 21:00:00,0.0,0.7765249355292303,9.58553011462555e-06,0.020022409,0.43601226806640625
2024-03-05 22:00:00,0.0,0.46384863482688043,9.58553011462555e-06,0.021796435,0.4326438903808594
2024-03-05 23:00:00,0.0,-1.200769167861762,9.58553011462555e-06,0.010799387,0.5569877624511719
2024-03-06 00:00:00,0.0,-2.5292814837224897,9.58553011462555e-06,0.018908773,0.6824302673339844
2024-03-06 01:00:00,0.0,-3.7780012406491874,9.58553011462555e-06,0.020143561,0.6625785827636719
2024-03-06 02:00:00,0.0,-3.669906047128677,9.58553011462555e-06,0.020143561,0.7367172241210938
2024-03-06 03:00:00,0.0,-1.549752044776434,9.58553011462555e-06,0.02156779,0.6533889770507812
2024-03-06 04:00:00,0.0,-0.7539916800568403,9.58553011462555e-06,0.02156779,0.5179939270019531
2024-03-06 05:00:00,0.0,1.6360297056289914,5.793287248158564e-05,0.027067322,0.18462371826171875
2024-03-06 06:00:00,0.894,8.261749952291817,0.8678557916593209,1.5539925,0.3858222961425781
2024-03-06 07:00:00,18.57,18.781723048710695,20.52197622727272,20.159792,16.328325271606445
2024-03-06 08:00:00,55.6,50.581796209951754,51.85274068704357,53.397045,52.85120391845703
2024-03-06 09:00:00,84.54,95.8214876913587,96.49605504935131,93.31513,96.02992248535156
2024-03-06 10:00:00,133.024,122.48418283449473,118.83033463327723,121.164665,139.1547393798828
2024-03-06 11:00:00,158.716,156.28795055399178,152.03769977811717,154.88353,153.03578186035156
2024-03-06 12:00:00,146.98,166.14402243619682,161.02273746030892,162.51926,159.47972106933594
2024-03-06 13:00:00,129.87,133.57120552411976,141.57063717205475,141.05228,148.9674072265625
2024-03-06 14:00:00,112.36,107.60517168920924,110.82066415788958,113.97762,109.8454818725586
2024-03-06 15:00:00,90.504,82.09835810940356,83.21454557881042,80.883316,77.77734375
2024-03-06 16:00:00,49.86000000000001,50.31810680982352,55.794922674095176,56.645084,48.52602005004883
2024-03-06 17:00:00,15.85,12.80549519849367,16.88791082900813,17.382349,24.053688049316406
2024-03-06 18:00:00,0.68,-7.553119117239131,0.74225795804114,0.59584403,2.9546775817871094
2024-03-06 19:00:00,0.0,-1.8211892481192802,9.58553011462555e-06,-0.4326907,-0.00959014892578125
2024-03-06 20:00:00,0.0,5.165536862997751,9.58553011462555e-06,-0.01755652,-0.077056884765625
2024-03-06 21:00:00,0.0,3.2030474708832504,9.58553011462555e-06,-0.0005608219,0.4092903137207031
2024-03-06 22:00:00,0.0,0.18957251602890146,9.58553011462555e-06,-0.015238915,0.696502685546875
2024-03-06 23:00:00,0.0,-0.2309911823820361,9.58553011462555e-06,0.008179723,0.6594505310058594
2024-03-07 00:00:00,0.0,3.0643667833183628,9.58553011462555e-06,0.016810494,0.5308074951171875
2024-03-07 01:00:00,0.0,2.449227604621653,9.58553011462555e-06,0.01095488,0.4290199279785156
2024-03-07 02:00:00,0.0,2.113701164970779,9.58553011462555e-06,0.012379111,0.402252197265625
2024-03-07 03:00:00,0.0,-0.11871803593468577,9.58553011462555e-06,0.013658694,0.13835525512695312
2024-03-07 04:00:00,0.0,-2.580023063426769,9.58553011462555e-06,0.01296773,0.035671234130859375
2024-03-07 05:00:00,0.0,-0.8447001500164673,5.793287248158564e-05,0.01939828,-0.8919715881347656
2024-03-07 06:00:00,0.806,6.911735265506216,0.8386069437996643,1.1911039,-0.1401214599609375
2024-03-07 07:00:00,14.636000000000005,16.546464920621165,19.48888887759952,18.620178,13.796483993530273
2024-03-07 08:00:00,40.42,41.18201558947165,45.02922886097742,41.537285,41.404483795166016
2024-03-07 09:00:00,65.11,73.35599944280202,73.71017795899587,69.70532,71.2159652709961
2024-03-07 10:00:00,88.54,92.74713279946764,101.83161527155735,91.58267,108.88905334472656
2024-03-07 11:00:00,111.02,107.96426373150638,109.7818331335796,113.08814,139.78912353515625
2024-03-07 12:00:00,129.584,119.81755636601,121.29422242319937,114.94546,137.726806640625
2024-03-07 13:00:00,125.39,129.24080309025746,120.10288278496668,116.27916,124.2955322265625
2024-03-07 14:00:00,99.084,109.02665673598784,104.23184105433667,104.04046,99.20268249511719
2024-03-07 15:00:00,66.43400000000001,70.64461253940408,70.31655205395683,66.99442,75.14561462402344
2024-03-07 16:00:00,37.576,39.39814069855276,37.34224198718439,38.503582,46.759525299072266
2024-03-07 17:00:00,11.934,17.45474387424326,12.757242813618817,13.7140875,17.414400100708008
2024-03-07 18:00:00,0.5599999999999999,0.3604914510261663,0.6943040711035167,0.5723497,1.6040763854980469
2024-03-07 19:00:00,0.0,-1.5420294006463928,9.58553011462555e-06,0.027196014,0.18925094604492188
2024-03-07 20:00:00,0.0,1.938160071799901,9.58553011462555e-06,0.015095938,0.5154075622558594
2024-03-07 21:00:00,0.0,-3.9317027189529963,9.58553011462555e-06,0.008976073,0.5115013122558594
2024-03-07 22:00:00,0.0,-1.3208015911733337,9.58553011462555e-06,0.036435515,0.47503662109375
2024-03-07 23:00:00,0.0,-0.7135319213192242,9.58553011462555e-06,0.009759257,0.47052764892578125
2024-03-08 00:00:00,0.0,-0.04970426171119513,9.58553011462555e-06,0.009759257,0.5239715576171875
2024-03-08 01:00:00,0.0,-4.59049638895827,9.58553011462555e-06,0.01653761,0.6453056335449219
2024-03-08 02:00:00,0.0,-5.195673923655433,9.58553011462555e-06,0.01653761,0.74114990234375
2024-03-08 03:00:00,0.0,-3.8860823486561453,9.58553011462555e-06,0.015040303,0.4548835754394531
2024-03-08 04:00:00,0.0,0.2952054968302944,9.58553011462555e-06,0.021191247,0.3916511535644531
2024-03-08 05:00:00,0.0,3.6802600116171877,5.793287248158564e-05,0.02203715,-0.148529052734375
2024-03-08 06:00:00,0.8900000000000001,9.083707117264643,0.8735347466079676,1.6529422,0.5415153503417969
2024-03-08 07:00:00,13.31,17.45673046129213,15.836414223726628,16.47382,20.245498657226562
2024-03-08 08:00:00,33.87,40.13749128389087,44.15335766698372,40.76144,46.756324768066406
2024-03-08 09:00:00,60.954,64.0821956373313,59.49876596080303,61.55476,80.02386474609375
2024-03-08 10:00:00,68.646,94.80954609471769,94.01332682017964,90.905685,96.42385864257812
2024-03-08 11:00:00,80.25,83.36540513931857,87.37563163438213,89.2914,128.5816650390625
2024-03-08 12:00:00,102.346,84.30323274689988,86.07988134531507,84.27613,116.8059310913086
2024-03-08 13:00:00,104.61,102.04821161921478,87.952254168626,93.03861,104.79825592041016
2024-03-08 14:00:00,96.676,91.10732084504465,85.00880637672171,83.13577,102.01480102539062
2024-03-08 15:00:00,73.98,71.35641148200443,62.19496700850096,68.77981,73.03106689453125
2024-03-08 16:00:00,39.596,42.056976295819226,50.12193763224522,51.000484,51.98345947265625
2024-03-08 17:00:00,12.836000000000002,12.786844824864215,13.53726562489557,12.61914,22.906299591064453
2024-03-08 18:00:00,0.666,-0.07661468137968441,0.6682283377486358,0.79406655,3.1783523559570312
2024-03-08 19:00:00,0.0,0.048063405602023046,9.58553011462555e-06,0.010427044,0.2886390686035156
2024-03-08 20:00:00,0.0,4.748555971143114,9.58553011462555e-06,-0.0023501657,0.4821586608886719
2024-03-08 21:00:00,0.0,1.5810060340272099,9.58553011462555e-06,0.021094278,0.5300941467285156
2024-03-08 22:00:00,0.0,-2.3748080637201334,9.58553011462555e-06,0.026849242,0.49903106689453125
2024-03-08 23:00:00,0.0,-0.8009814724597177,9.58553011462555e-06,0.010201048,0.45314788818359375
2024-03-09 00:00:00,0.0,2.4861536958098185,9.58553011462555e-06,0.010201048,0.4648170471191406
2024-03-09 01:00:00,0.0,0.4639166262371148,9.58553011462555e-06,0.01653761,0.5597000122070312
2024-03-09 02:00:00,0.0,0.2640287832130541,9.58553011462555e-06,0.01653761,0.6581687927246094
2024-03-09 03:00:00,0.0,-1.4600550655908267,9.58553011462555e-06,0.023744594,0.5239906311035156
2024-03-09 04:00:00,0.0,-2.66785950395013,9.58553011462555e-06,0.025731638,0.09705734252929688
2024-03-09 05:00:00,0.0,-0.4115218587233729,5.793287248158564e-05,0.028188094,-0.4331207275390625
2024-03-09 06:00:00,1.13,5.593961866792817,1.0178472044155535,1.2843964,0.3838920593261719
2024-03-09 07:00:00,22.964,15.446288004748581,17.57497808193343,18.455318,14.70421028137207
2024-03-09 08:00:00,64.154,54.339267349755396,60.55676758538114,59.58136,40.4053955078125
2024-03-09 09:00:00,99.16,103.05627699774999,99.14846520150006,101.34209,90.06918334960938
2024-03-09 10:00:00,137.01600000000002,130.0831485051383,130.82701233876415,131.44896,132.35626220703125
2024-03-09 11:00:00,161.31,154.1443023339664,150.87412800961476,157.73978,156.0181884765625
2024-03-09 12:00:00,175.34000000000003,165.651663638545,161.55818824606126,168.16086,166.78518676757812
2024-03-09 13:00:00,164.07000000000002,166.29400483745064,160.25871707625086,164.17259,158.81307983398438
2024-03-09 14:00:00,140.44000000000003,136.13471030560672,137.44246877983548,135.35246,126.6065673828125
2024-03-09 15:00:00,103.244,100.87667614658346,104.30377893605842,106.06168,103.28033447265625
2024-03-09 16:00:00,61.35,59.999415660487465,60.88813384461132,61.187027,69.70362091064453
2024-03-09 17:00:00,21.44,25.677430956444365,21.64393870510397,22.331615,27.73902702331543
2024-03-09 18:00:00,0.924,1.5617434209692496,0.8730969105942918,0.719463,3.758533477783203
2024-03-09 19:00:00,0.0,-1.9671229971614839,9.58553011462555e-06,0.025315803,0.6575431823730469
2024-03-09 20:00:00,0.0,2.7612976689670425,9.58553011462555e-06,0.0035516599,0.72998046875
2024-03-09 21:00:00,0.0,-1.3769976870477247,9.58553011462555e-06,-0.0053080167,0.6480979919433594
2024-03-09 22:00:00,0.0,-1.911333964479609,9.58553011462555e-06,0.006874675,0.4540252685546875
2024-03-09 23:00:00,0.0,-1.3759996928263538,9.58553011462555e-06,0.010201048,0.4146003723144531
2024-03-10 00:00:00,0.0,1.4053061996272804,9.58553011462555e-06,0.010201048,0.5117950439453125
2024-03-10 01:00:00,0.0,0.3026760417812362,9.58553011462555e-06,0.023478033,0.5971908569335938
2024-03-10 02:00:00,0.0,1.7669734589615906,9.58553011462555e-06,0.015040303,0.725250244140625
2024-03-10 03:00:00,0.0,1.7221262596207607,9.58553011462555e-06,0.01653761,0.41539764404296875
2024-03-10 04:00:00,0.0,2.345884987004613,9.58553011462555e-06,0.01759365,0.037567138671875
2024-03-10 05:00:00,0.0,3.4005664656429033,5.793287248158564e-05,0.032107964,0.2590522766113281
2024-03-10 06:00:00,1.42,8.911169995344592,1.2847585410641997,1.4488183,0.6058158874511719
2024-03-10 07:00:00,27.14,19.167022211151348,25.526343956043956,24.602896,17.842105865478516
2024-03-10 08:00:00,68.94600000000001,63.4121603122715,67.73429304111373,67.08395,60.97431182861328
2024-03-10 09:00:00,114.1,112.2310377133035,113.35279060224646,114.08692,109.70108032226562
2024-03-10 10:00:00,151.116,146.98825402416907,149.93707106303552,153.33821,147.8863525390625
2024-03-10 11:00:00,173.75,169.97931949664772,173.06409835830124,169.296,169.2388916015625
2024-03-10 12:00:00,166.156,177.21514323509726,177.33772821044775,178.6583,170.86639404296875
2024-03-10 13:00:00,145.544,153.37753349764242,160.42306578692418,157.0062,160.68084716796875
2024-03-10 14:00:00,123.59000000000002,120.52399635338793,124.60651939718626,124.028915,123.67404174804688
2024-03-10 15:00:00,95.95,87.33280529805685,87.09634867163977,88.142975,98.62442016601562
2024-03-10 16:00:00,60.79,55.82838271287433,59.48052788103268,59.298347,63.2955322265625
2024-03-10 17:00:00,20.356,27.511857970785847,21.19283165530877,21.710361,27.636096954345703
2024-03-10 18:00:00,0.944,-0.2358302839971378,0.8983412285410509,0.7579439,2.6626319885253906
2024-03-10 19:00:00,0.0,-1.8031476852772403,9.58553011462555e-06,0.036187284,0.5467414855957031
2024-03-10 20:00:00,0.0,4.463450281456732,9.58553011462555e-06,0.030189455,0.7435073852539062
2024-03-10 21:00:00,0.0,-1.9240226351098215,9.58553011462555e-06,0.0013641461,0.5538253784179688
2024-03-10 22:00:00,0.0,-1.109296402073733,9.58553011462555e-06,0.047659792,0.4876670837402344
2024-03-10 23:00:00,0.0,-1.071273943063031,9.58553011462555e-06,0.020029537,0.4945716857910156
2024-03-11 00:00:00,0.0,-0.2492183757035713,9.58553011462555e-06,0.04205216,0.5208587646484375
2024-03-11 01:00:00,0.0,-1.6945789659289252,9.58553011462555e-06,0.05117634,0.5527534484863281
2024-03-11 02:00:00,0.0,0.5263406942277307,9.58553011462555e-06,0.05117634,0.7296600341796875
2024-03-11 03:00:00,0.0,1.1457080510122841,9.58553011462555e-06,0.047946934,0.6068992614746094
2024-03-11 04:00:00,0.0,2.3178567322586723,9.58553011462555e-06,0.05260057,0.3504791259765625
2024-03-11 05:00:00,0.0,4.331115339991555,5.793287248158564e-05,0.035850182,-0.0339508056640625
2024-03-11 06:00:00,1.4300000000000002,10.19258206630689,1.3302615538847127,1.4535514,0.9325218200683594
2024-03-11 07:00:00,23.286,20.654347410604917,25.149492190476195,24.379328,19.13458251953125
2024-03-11 08:00:00,62.524,58.638806924456794,61.92852364967532,61.47259,55.733314514160156
2024-03-11 09:00:00,90.934,102.71545024008543,105.5409910193694,102.47613,102.15338134765625
2024-03-11 10:00:00,132.044,118.05731302634402,129.95028157820826,128.18005,144.84422302246094
2024-03-11 11:00:00,164.57000000000002,150.00367192399332,145.1686253426657,145.65419,158.91732788085938
2024-03-11 12:00:00,164.34000000000003,170.2315476544935,158.71549901657664,160.3355,156.27792358398438
2024-03-11 13:00:00,153.78,153.5371797553998,153.82353635398727,151.60023,148.59056091308594
2024-03-11 14:00:00,131.89,127.67192095397283,132.20236958246085,130.03021,126.5341796875
2024-03-11 15:00:00,98.066,94.52387551478267,96.7605037573992,94.96272,100.19621276855469
2024-03-11 16:00:00,59.654,58.8864391132654,58.51718367414599,60.295593,62.76564025878906
2024-03-11 17:00:00,19.886000000000003,27.58000380478213,20.770251901353344,20.732944,27.765928268432617
2024-03-11 18:00:00,0.944,2.0890361016092083,0.8995285203497125,0.6165608,3.7997360229492188
2024-03-11 19:00:00,0.0,-0.20703203173178153,9.58553011462555e-06,0.007364807,0.5278091430664062
2024-03-11 20:00:00,0.0,3.512344346280271,9.58553011462555e-06,-0.004618136,0.6321258544921875
2024-03-11 21:00:00,0.0,-2.659642518329591,9.58553011462555e-06,-0.005887076,0.8969879150390625
2024-03-11 22:00:00,0.0,-1.418666425354827,9.58553011462555e-06,0.013842766,0.8909072875976562
2024-03-11 23:00:00,0.0,-1.5412463591366308,9.58553011462555e-06,-0.00082352926,0.7517509460449219
2024-03-12 00:00:00,0.0,-0.4018780701128213,9.58553011462555e-06,0.46506166,0.7077255249023438
2024-03-12 01:00:00,0.0,-0.6373807635763882,9.58553011462555e-06,0.04561615,0.6941986083984375
2024-03-12 02:00:00,0.0,0.2699557024372288,9.58553011462555e-06,-0.028868847,0.8072776794433594
2024-03-12 03:00:00,0.0,0.431664899617747,9.58553011462555e-06,-0.030366154,0.4936981201171875
2024-03-12 04:00:00,0.0,0.8122943858816569,9.58553011462555e-06,-0.04452278,0.6778106689453125
2024-03-12 05:00:00,0.0,1.6121472406618143,5.793287248158564e-05,0.017032012,-0.1417083740234375
2024-03-12 06:00:00,1.4,6.336043312787178,1.2641896859193436,1.633275,0.701446533203125
2024-03-12 07:00:00,22.324,17.138122182783814,23.13881100000001,22.843681,19.398225784301758
2024-03-12 08:00:00,63.73400000000001,56.49693169661438,60.6775521881638,58.604668,59.72520446777344
2024-03-12 09:00:00,99.624,103.79131706015056,105.89259736816149,104.18289,98.71858215332031
2024-03-12 10:00:00,138.734,133.69173643547387,134.17591347404476,137.37465,146.76426696777344
2024-03-12 11:00:00,162.31,159.63372590254096,160.31779165087062,155.7909,168.43072509765625
2024-03-12 12:00:00,144.69000000000003,166.03352979259463,162.55009787490565,163.0864,167.76702880859375
2024-03-12 13:00:00,132.93,130.675951043215,143.40932658463694,138.55058,154.33644104003906
2024-03-12 14:00:00,103.02,110.3757857094117,111.33604937068156,113.676704,85.13232421875
2024-03-12 15:00:00,86.80000000000001,72.37459088507032,69.97323772268913,69.31647,72.1392593383789
2024-03-12 16:00:00,48.70400000000001,54.373378455456304,54.128129918626826,55.69216,43.00326156616211
2024-03-12 17:00:00,16.27,18.04576824839278,16.888106372770036,17.633062,22.047588348388672
2024-03-12 18:00:00,0.8500000000000001,-2.0837617763716496,0.8115928835117109,0.63760746,2.953460693359375
2024-03-12 19:00:00,0.0,-0.2812402565517411,9.58553011462555e-06,0.04888674,0.41225433349609375
2024-03-12 20:00:00,0.0,6.97725972663029,9.58553011462555e-06,-0.0063777613,0.5588951110839844
2024-03-12 21:00:00,0.0,1.1116850103451714,9.58553011462555e-06,0.006281408,0.6522598266601562
2024-03-12 22:00:00,0.0,-0.6088097127909107,9.58553011462555e-06,0.01533362,0.5729904174804688
2024-03-12 23:00:00,0.0,-3.606060596600121,9.58553011462555e-06,0.010679984,0.4996795654296875
2024-03-13 00:00:00,0.0,-2.1083384633324975,9.58553011462555e-06,0.010679984,0.5081596374511719
2024-03-13 01:00:00,0.0,1.158697181293591,9.58553011462555e-06,0.000922095,0.5702934265136719
2024-03-13 02:00:00,0.0,1.1906371000821228,9.58553011462555e-06,0.017016547,0.5907020568847656
2024-03-13 03:00:00,0.0,2.6416189589601746,9.58553011462555e-06,0.020694092,0.4144783020019531
2024-03-13 04:00:00,0.0,0.6938650471403802,9.58553011462555e-06,0.020694092,0.3020439147949219
2024-03-13 05:00:00,0.0,0.8608187394746718,5.793287248158564e-05,0.024216868,-0.0930328369140625
2024-03-13 06:00:00,1.2240000000000002,6.6356254553642255,1.4418983211044205,1.8754481,0.9276161193847656
2024-03-13 07:00:00,18.25,18.59135444443117,20.732392828571438,20.831774,19.91408920288086
2024-03-13 08:00:00,52.34,50.91497787451145,47.80522666417175,48.35617,56.138877868652344
2024-03-13 09:00:00,82.616,92.99791086315855,86.93363486621078,87.16601,86.18376922607422
2024-03-13 10:00:00,135.706,117.04451320454686,118.91060726839372,117.12232,131.81353759765625
2024-03-13 11:00:00,161.976,160.1762576933993,156.84564450361898,159.18735,155.11903381347656
2024-03-13 12:00:00,153.49,168.96907854631266,163.3921361459922,163.94302,163.73187255859375
2024-03-13 13:00:00,144.316,139.60577120272322,148.1694348449811,148.105,145.1075897216797
2024-03-13 14:00:00,100.5,121.30640794237632,122.8430917777892,122.01806,93.66605377197266
2024-03-13 15:00:00,69.28,70.14660463791796,67.87824000412061,63.006653,88.49697875976562
2024-03-13 16:00:00,40.696,40.10472632079926,39.313159845460504,39.030674,46.57673645019531
2024-03-13 17:00:00,12.216,15.693124740192722,15.354921873015876,13.097945,22.42548370361328
2024-03-13 18:00:00,0.6160000000000001,-2.4944125868744025,0.7972804919642316,0.48330006,3.2458877563476562
2024-03-13 19:00:00,0.0,4.049240385817258,9.58553011462555e-06,0.07050374,0.242095947265625
2024-03-13 20:00:00,0.0,8.85956923130368,9.58553011462555e-06,0.02251259,0.23759078979492188
2024-03-13 21:00:00,0.0,3.7109276034434213,9.58553011462555e-06,0.04863077,0.09086227416992188
2024-03-13 22:00:00,0.0,0.8663837092465405,9.58553011462555e-06,0.004528614,0.34593963623046875
2024-03-13 23:00:00,0.0,-3.177973082484401,9.58553011462555e-06,0.027707396,0.4213905334472656
2024-03-14 00:00:00,0.0,-1.5814555976238598,9.58553011462555e-06,0.026210088,0.3629264831542969
2024-03-14 01:00:00,0.0,-2.9548585642452374,9.58553011462555e-06,0.03682749,0.3311500549316406
2024-03-14 02:00:00,0.0,-6.518228975381901,9.58553011462555e-06,0.035906762,0.2930793762207031
2024-03-14 03:00:00,0.0,-4.55637543163242,9.58553011462555e-06,0.035906762,0.05403900146484375
2024-03-14 04:00:00,0.0,-3.5949808550298066,9.58553011462555e-06,0.03344917,-0.041683197021484375
2024-03-14 05:00:00,0.0,-0.9914408736715128,5.793287248158564e-05,0.021247907,0.16521835327148438
2024-03-14 06:00:00,1.47,7.432379238839822,1.5529370000000007,2.1928964,1.4962005615234375
2024-03-14 07:00:00,20.76,19.26741013407762,18.437211333333337,18.045128,19.50943374633789
2024-03-14 08:00:00,55.504,53.26581547325389,55.85052287641288,57.183285,45.264888763427734
2024-03-14 09:00:00,88.116,91.93891102249552,94.07988901592367,92.45327,86.84022521972656
2024-03-14 10:00:00,131.32000000000002,119.19892410092768,122.49530053271994,123.7691,130.8526153564453
2024-03-14 11:00:00,162.28,154.2245130925129,155.35421292238885,157.54672,160.70538330078125
2024-03-14 12:00:00,140.58,171.4589319872642,162.38912413484962,160.5201,161.70277404785156
2024-03-14 13:00:00,127.31600000000002,127.46337444354862,142.6258578194626,138.54037,149.10499572753906
2024-03-14 14:00:00,83.27600000000001,104.85520825350503,109.5951545923555,103.30247,82.00920104980469
2024-03-14 15:00:00,57.196000000000005,54.97855216308725,40.7490298500589,41.501427,56.85456848144531
2024-03-14 16:00:00,36.514,32.39293367741407,35.07558257876049,31.761158,31.721542358398438
2024-03-14 17:00:00,12.824000000000002,14.598332468548389,13.388517594601476,11.545315,14.52910041809082
2024-03-14 18:00:00,0.756,-2.176546881605386,0.804658369762261,0.75888884,2.1841278076171875
2024-03-14 19:00:00,0.0,0.10508790884816577,9.58553011462555e-06,0.024370456,0.19833755493164062
2024-03-14 20:00:00,0.0,3.4186935297763394,9.58553011462555e-06,0.09130949,0.36893463134765625
2024-03-14 21:00:00,0.0,2.380915489622698,9.58553011462555e-06,0.037984997,0.3804588317871094
2024-03-14 22:00:00,0.0,2.673480075357782,9.58553011462555e-06,0.017873248,0.3731956481933594
2024-03-14 23:00:00,0.0,-2.0542201037300645,9.58553011462555e-06,0.026601741,0.36695098876953125
2024-03-15 00:00:00,0.0,-3.109849383458215,9.58553011462555e-06,0.013177774,0.33162689208984375
2024-03-15 01:00:00,0.0,-3.033077628898044,9.58553011462555e-06,0.0008574237,0.3941802978515625
2024-03-15 02:00:00,0.0,-4.481859191969655,9.58553011462555e-06,-0.00013342191,0.2909431457519531
2024-03-15 03:00:00,0.0,-2.0841040882497213,9.58553011462555e-06,0.011904148,-0.20352935791015625
2024-03-15 04:00:00,0.0,-0.8112178945032342,9.58553011462555e-06,0.017458338,-0.24593353271484375
2024-03-15 05:00:00,0.0,0.5562269760575029,5.793287248158564e-05,0.02040453,-0.13264083862304688
2024-03-15 06:00:00,1.604,7.8075152776689976,1.6609396436283022,2.3442545,0.2539558410644531
2024-03-15 07:00:00,23.53,19.26118441143394,21.683511833333345,20.848526,16.646276473999023
2024-03-15 08:00:00,63.976,57.86726850640631,62.517747359547144,62.389576,50.97230911254883
2024-03-15 09:00:00,99.024,105.3250236986822,98.32521882287425,101.27528,100.06182098388672
2024-03-15 10:00:00,147.01,141.54649208627993,134.39072005203644,136.10634,145.9906005859375
2024-03-15 11:00:00,171.366,171.09945589599414,161.6292105223731,163.75479,169.70974731445312
2024-03-15 12:00:00,151.52,177.97856946136093,169.6474814372227,168.40584,174.11514282226562
2024-03-15 13:00:00,140.67600000000002,134.88480010498452,145.67701433378969,141.59811,159.0028076171875
2024-03-15 14:00:00,113.156,115.90873056460828,118.86911878288691,114.72728,104.57095336914062
2024-03-15 15:00:00,85.516,80.31220248871469,80.37052834600223,80.83171,87.33880615234375
2024-03-15 16:00:00,45.976,45.89728288746896,52.8724736140525,50.7293,52.209224700927734
2024-03-15 17:00:00,15.394,12.555935473844283,16.90581058016417,16.023815,21.743431091308594
2024-03-15 18:00:00,0.8240000000000001,-3.464771158191833,0.8778265604769356,0.42272952,1.7144889831542969
2024-03-15 19:00:00,0.0,-0.8619076490650874,9.58553011462555e-06,0.018873863,0.19726181030273438
2024-03-15 20:00:00,0.0,6.757663989597086,9.58553011462555e-06,-0.012323448,0.4652290344238281
2024-03-15 21:00:00,0.0,5.955841532477427,9.58553011462555e-06,0.03874396,0.3171653747558594
2024-03-15 22:00:00,0.0,2.7134495788889907,9.58553011462555e-06,0.016567847,0.34149169921875
2024-03-15 23:00:00,0.0,-0.7931794070980578,9.58553011462555e-06,0.011533547,0.632293701171875
2024-03-16 00:00:00,0.0,-1.2859948984883776,9.58553011462555e-06,-0.00038173777,0.568023681640625
2024-03-16 01:00:00,0.0,0.4269077528952039,9.58553011462555e-06,0.004530598,0.5340538024902344
2024-03-16 02:00:00,0.0,-1.4593839493157557,9.58553011462555e-06,0.009486111,0.5523719787597656
2024-03-16 03:00:00,0.0,-1.9478828756685838,9.58553011462555e-06,0.009486111,0.2572479248046875
2024-03-16 04:00:00,0.0,-1.7731261598711994,9.58553011462555e-06,0.010983419,0.06655120849609375
2024-03-16 05:00:00,0.0,0.34476742814301353,5.793287248158564e-05,0.0120596755,-0.501220703125
2024-03-16 06:00:00,1.2000000000000002,7.094231332036001,1.653502832234432,2.1147351,0.351837158203125
2024-03-16 07:00:00,16.56,17.647286464407216,19.635001699081048,19.707037,17.628036499023438
2024-03-16 08:00:00,46.836000000000006,45.972400225269745,41.95699631881633,43.793438,46.87511444091797
2024-03-16 09:00:00,73.854,81.50002243281622,80.99529551189833,80.607155,75.52084350585938
2024-03-16 10:00:00,116.08,102.84514363334435,110.25911028607787,112.19829,124.20533752441406
2024-03-16 11:00:00,147.244,137.71845216894482,144.23404270765943,142.87553,147.42437744140625
2024-03-16 12:00:00,149.65,158.00237564845116,156.8765261534323,153.25728,148.49978637695312
2024-03-16 13:00:00,121.91,143.29791580534496,141.43979531639434,140.01045,133.5408172607422
2024-03-16 14:00:00,71.17999999999999,99.54782961247241,108.97083354058246,106.47643,104.19213104248047
2024-03-16 15:00:00,45.396,47.25083318127021,48.227045771953065,45.725266,69.26959991455078
2024-03-16 16:00:00,26.454000000000004,28.417408592620305,27.989119241271684,27.506847,32.61039733886719
2024-03-16 17:00:00,9.944,12.499674316023434,10.915510243759853,9.851,13.8936767578125
2024-03-16 18:00:00,0.524,-0.2524599021859357,0.6931021544024568,0.35174698,1.3036384582519531
2024-03-16 19:00:00,0.0,-1.691439861763273,9.58553011462555e-06,0.07778033,0.10673904418945312
2024-03-16 20:00:00,0.0,0.7779067546327099,9.58553011462555e-06,-0.07243285,0.2338714599609375
2024-03-16 21:00:00,0.0,-0.9201378639872058,9.58553011462555e-06,0.036276355,0.3593559265136719
2024-03-16 22:00:00,0.0,1.4653638580758148,9.58553011462555e-06,0.022156697,0.43890380859375
2024-03-16 23:00:00,0.0,-0.1822299642044678,9.58553011462555e-06,0.012722715,0.4226570129394531
2024-03-17 00:00:00,0.0,-0.7172714723673268,9.58553011462555e-06,-0.0028593591,0.3899688720703125
2024-03-17 01:00:00,0.0,-6.581005083886467,9.58553011462555e-06,0.0057694004,0.4181709289550781
2024-03-17 02:00:00,0.0,-7.444017082377416,9.58553011462555e-06,0.0057694004,0.3314323425292969
2024-03-17 03:00:00,0.0,-3.551577582316518,9.58553011462555e-06,0.0072667086,-0.121124267578125
2024-03-17 04:00:00,0.0,0.22617372737831332,9.58553011462555e-06,0.0072667086,0.0186920166015625
2024-03-17 05:00:00,0.0,4.220610274303622,5.793287248158564e-05,0.017264407,0.10239028930664062
2024-03-17 06:00:00,1.58,9.838858441433487,1.777232711180124,2.714264,0.544891357421875
2024-03-17 07:00:00,18.4,18.48891375425478,19.88611084593837,18.066261,15.889242172241211
2024-03-17 08:00:00,48.246,47.706899479554835,47.48861972123569,48.33044,43.81968688964844
2024-03-17 09:00:00,77.79,80.08231199005826,81.48637165542928,80.90936,73.78562927246094
2024-03-17 10:00:00,115.3,106.67621225279194,109.08737943254587,111.366066,109.64395141601562
2024-03-17 11:00:00,139.884,134.1217445825974,139.9808717710003,140.58026,140.45677185058594
2024-03-17 12:00:00,144.156,145.76839910564982,141.48861427905865,141.40117,158.3490753173828
2024-03-17 13:00:00,143.276,135.01410931958952,134.07918181760496,130.03487,150.3211669921875
2024-03-17 14:00:00,122.97,118.14162206456896,116.78342703704837,114.412994,100.2103500366211
2024-03-17 15:00:00,82.31,89.0279525986879,92.66453374399707,92.31829,80.4853744506836
2024-03-17 16:00:00,50.464,47.01022661834744,49.00639756654769,48.327923,51.04877853393555
2024-03-17 17:00:00,16.824,24.346781741900326,18.00588923948308,17.578773,20.879751205444336
2024-03-17 18:00:00,0.836,1.0043228362371304,1.0053375458197167,0.75574076,1.9403533935546875
2024-03-17 19:00:00,0.0,-0.2118032336584008,9.58553011462555e-06,0.07484292,-0.11595916748046875
2024-03-17 20:00:00,0.0,3.2114420119613705,9.58553011462555e-06,0.021144949,0.039520263671875
2024-03-17 21:00:00,0.0,-1.3122633521424998,9.58553011462555e-06,0.018039035,0.12392807006835938
2024-03-17 22:00:00,0.0,-1.3672206922175203,9.58553011462555e-06,-0.005015205,0.23328018188476562
2024-03-17 23:00:00,0.0,-1.9926888132964473,9.58553011462555e-06,0.0031495427,0.2738761901855469
2024-03-18 00:00:00,0.0,0.5242882466695296,9.58553011462555e-06,0.004646851,0.3144683837890625
2024-03-18 01:00:00,0.0,-1.0727050333335981,9.58553011462555e-06,0.010541627,0.3652534484863281
2024-03-18 02:00:00,0.0,-2.4294250585433073,9.58553011462555e-06,0.010541627,0.2979545593261719
2024-03-18 03:00:00,0.0,-3.2098912119462018,9.58553011462555e-06,0.016095819,0.151031494140625
2024-03-18 04:00:00,0.0,-0.7676254753550689,9.58553011462555e-06,0.012379111,0.281982421875
2024-03-18 05:00:00,0.0,1.8293693246242482,5.793287248158564e-05,0.016822616,-0.06714248657226562
2024-03-18 06:00:00,1.556,9.558382825652652,1.8738848333333333,2.5466084,0.36045074462890625
2024-03-18 07:00:00,20.540000000000003,20.939677707288737,20.184145000000008,20.162811,18.31524085998535
2024-03-18 08:00:00,56.470000000000006,52.58189106585157,51.36265115019952,51.002697,54.47187042236328
2024-03-18 09:00:00,88.64600000000002,96.00306174825832,95.60338299393295,92.83902,92.88922119140625
2024-03-18 10:00:00,98.324,120.94509280559998,125.04356605501147,127.50049,137.73590087890625
2024-03-18 11:00:00,85.43,112.94184385186159,119.00110583598808,130.05888,164.73272705078125
2024-03-18 12:00:00,73.616,87.63179921506023,96.59348069392958,97.30007,138.07359313964844
2024-03-18 13:00:00,60.74,71.06802634608695,86.24028727500337,77.50985,95.76766204833984
2024-03-18 14:00:00,36.496,51.3572089782788,60.55278277389279,56.50605,83.31488037109375
2024-03-18 15:00:00,33.946,21.576521189473784,25.104091930447336,25.54077,53.694252014160156
2024-03-18 16:00:00,24.040000000000003,18.190804200555313,26.655398063753246,26.604334,29.23615264892578
2024-03-18 17:00:00,11.044,7.635771523825772,10.671648180953726,10.963946,13.158199310302734
2024-03-18 18:00:00,0.8240000000000001,0.6972010089343774,0.7188283978273482,0.4584806,2.0704498291015625
2024-03-18 19:00:00,0.0,1.7792491919611093,9.58553011462555e-06,-0.28364262,0.021999359130859375
2024-03-18 20:00:00,0.0,5.647812139978798,9.58553011462555e-06,-0.39950284,0.049457550048828125
2024-03-18 21:00:00,0.0,-0.5311259556708956,9.58553011462555e-06,0.015854837,0.2656364440917969
2024-03-18 22:00:00,0.0,-3.6111726439347005,9.58553011462555e-06,0.019587746,0.2606315612792969
2024-03-18 23:00:00,0.0,-4.286735020333704,9.58553011462555e-06,0.019587746,0.2788848876953125
2024-03-19 00:00:00,0.0,-1.4613233677050195,9.58553011462555e-06,0.019587746,0.3494720458984375
2024-03-19 01:00:00,0.0,-4.992413343505747,9.58553011462555e-06,0.021270672,0.3923301696777344
2024-03-19 02:00:00,0.0,-5.285190807541457,9.58553011462555e-06,0.021270672,0.26181793212890625
2024-03-19 03:00:00,0.0,-2.7582492310256335,9.58553011462555e-06,0.021270672,0.41876220703125
2024-03-19 04:00:00,0.0,-1.3332741691864598,9.58553011462555e-06,0.021270672,0.4765357971191406
2024-03-19 05:00:00,0.0,2.305984928546634,5.793287248158564e-05,0.03036781,-0.3383064270019531
2024-03-19 06:00:00,1.286,7.67774951594464,1.8713424999999995,2.7985296,0.48973846435546875
2024-03-19 07:00:00,14.206,16.193060787826386,17.38963551260504,16.937323,17.743999481201172
2024-03-19 08:00:00,34.724000000000004,37.437170133337546,34.867950572181364,31.337313,35.25067138671875
2024-03-19 09:00:00,46.496,63.469089383652296,59.65628838493562,60.81844,72.53924560546875
2024-03-19 10:00:00,52.96000000000001,69.80831355060988,64.45317051261536,62.72023,83.08255004882812
2024-03-19 11:00:00,51.834,63.373909034857114,63.50008376461495,67.198975,78.3013916015625
2024-03-19 12:00:00,52.470000000000006,55.731882235756764,58.06175984126981,62.03321,69.25399017333984
2024-03-19 13:00:00,23.75,52.04297021926839,57.76225997619045,62.32663,62.32766342163086
2024-03-19 14:00:00,18.94,19.10057419145912,40.47676968115943,35.461937,55.714378356933594
2024-03-19 15:00:00,38.336000000000006,14.158926049339481,19.712046662226374,15.261581,33.89053726196289
2024-03-19 16:00:00,21.594,28.811989418119097,27.767189908438485,29.0847,23.120128631591797
2024-03-19 17:00:00,8.090000000000002,6.170870924275876,10.813613974081136,7.2398086,11.567476272583008
2024-03-19 18:00:00,0.5,-0.27620355218715087,0.5652788427603098,0.17083775,2.5544471740722656
2024-03-19 19:00:00,0.0,2.4051628527412543,9.58553011462555e-06,0.004005887,0.2903022766113281
2024-03-19 20:00:00,0.0,5.451892254516206,9.58553011462555e-06,-0.0114326,0.28366851806640625
2024-03-19 21:00:00,0.0,-0.980225392092815,9.58553011462555e-06,0.007851888,0.38318634033203125
2024-03-19 22:00:00,0.0,-6.408252011922518,9.58553011462555e-06,0.009589065,0.4717254638671875
2024-03-19 23:00:00,0.0,-5.177993612040241,9.58553011462555e-06,0.038562022,0.6564788818359375
2024-03-20 00:00:00,0.0,-2.3087262619829283,9.58553011462555e-06,-0.04656817,0.33206939697265625
2024-03-20 01:00:00,0.0,-7.987564922591467,9.58553011462555e-06,-0.030463275,0.2882270812988281
2024-03-20 02:00:00,0.0,-4.949305589405801,9.58553011462555e-06,0.023685712,0.46759796142578125
2024-03-20 03:00:00,0.0,-2.381047579256598,9.58553011462555e-06,0.017935317,0.3139457702636719
2024-03-20 04:00:00,0.0,-1.6655607878828143,9.58553011462555e-06,0.019357754,0.2768287658691406
2024-03-20 05:00:00,0.0,3.12152833543907,5.793287248158564e-05,0.04389446,0.5065383911132812
2024-03-20 06:00:00,0.8560000000000001,7.893219183195576,1.4836424521153915,0.7331366,1.8031768798828125
2024-03-20 07:00:00,4.816,12.829213094501316,14.111885523809521,14.133219,10.122123718261719
2024-03-20 08:00:00,10.29,18.253212185580992,13.041332516775764,10.146238,27.08005142211914
2024-03-20 09:00:00,16.790000000000003,22.25134000766166,25.473357572474434,21.464031,48.20741271972656
2024-03-20 10:00:00,16.5,27.76474209646657,31.17996235621774,31.675743,41.718536376953125
2024-03-20 11:00:00,33.736000000000004,27.232372302337296,28.02899108333672,26.609812,60.99014663696289
2024-03-20 12:00:00,36.596,50.14593974494395,42.51094906018897,40.089188,54.63682556152344
2024-03-20 13:00:00,31.380000000000003,46.28471416415207,45.5901428221362,44.837753,57.38097381591797
2024-03-20 14:00:00,20.4,31.26935739028206,31.71801122408964,27.929455,54.842926025390625
2024-03-20 15:00:00,32.96,14.823093119879115,18.58525737002729,16.556824,47.513980865478516
2024-03-20 16:00:00,35.086000000000006,30.362356343348843,24.05058388541892,20.753595,36.274574279785156
2024-03-20 17:00:00,15.7,22.004635740896237,13.702817222222224,13.778393,16.83843994140625
2024-03-20 18:00:00,1.094,-2.408491377064105,0.8137458145593801,0.9082037,6.40118408203125
2024-03-20 19:00:00,0.0,-5.982849421725051,9.58553011462555e-06,0.56488025,1.3797187805175781
2024-03-20 20:00:00,0.0,-4.99798449972648,9.58553011462555e-06,-0.09578512,0.3903541564941406
2024-03-20 21:00:00,0.0,-6.09590406750142,9.58553011462555e-06,0.0020296643,0.15372085571289062
2024-03-20 22:00:00,0.0,-3.9727993794611822,9.58553011462555e-06,-0.20624061,0.2845916748046875
2024-03-20 23:00:00,0.0,-0.7600625103262599,9.58553011462555e-06,-0.20346381,0.3484649658203125
2024-03-21 00:00:00,0.0,2.4932251943619175,9.58553011462555e-06,0.0040534125,0.39996337890625
2024-03-21 01:00:00,0.0,-0.29347447462522247,9.58553011462555e-06,0.018672701,0.5163726806640625
2024-03-21 02:00:00,0.0,-1.0212786654116348,9.58553011462555e-06,0.029480819,0.6216850280761719
2024-03-21 03:00:00,0.0,-0.31190795409880856,9.58553011462555e-06,0.029480819,0.490753173828125
2024-03-21 04:00:00,0.0,-0.3556339662239658,9.58553011462555e-06,0.031445548,0.37220001220703125
2024-03-21 05:00:00,0.0,-0.9559184332529664,5.793287248158564e-05,0.017829867,0.09368515014648438
2024-03-21 06:00:00,3.0760000000000005,3.320012866820223,1.854659629148628,1.0173993,2.5002365112304688
2024-03-21 07:00:00,34.776,14.377869712857063,23.679736858585855,26.822649,15.537662506103516
2024-03-21 08:00:00,79.39600000000002,67.08723509113545,75.870858057612,73.21985,36.959068298339844
2024-03-21 09:00:00,125.34000000000002,114.18424663343018,115.66700740458971,116.515205,97.71638488769531
2024-03-21 10:00:00,161.83,162.47751797348036,151.8762503388278,148.45612,137.01756286621094
2024-03-21 11:00:00,178.19400000000002,178.24373530962623,175.70613740087109,179.89081,158.47525024414062
2024-03-21 12:00:00,181.15,172.4272422970404,182.4449506013073,177.10687,167.5357666015625
2024-03-21 13:00:00,175.24400000000003,156.62394073833278,164.5271912905452,164.36186,160.47348022460938
2024-03-21 14:00:00,134.56,135.53225963587215,146.55226659090908,143.21878,132.6121368408203
2024-03-21 15:00:00,110.97,91.405621654622,98.85097649038632,102.69343,108.20893859863281
2024-03-21 16:00:00,67.034,66.62526551144842,67.0613662708701,64.86642,60.07147216796875
2024-03-21 17:00:00,25.064,25.87129565002962,25.27553066666668,25.517733,25.500864028930664
2024-03-21 18:00:00,1.364,1.4640737123768055,1.2987023334288457,1.1666348,1.6813507080078125
2024-03-21 19:00:00,0.0,-2.1927281430398153,9.58553011462555e-06,0.0028043604,0.3507575988769531
2024-03-21 20:00:00,0.0,6.731981007979318,9.58553011462555e-06,0.0027553414,0.3751220703125
2024-03-21 21:00:00,0.0,4.903485150724247,9.58553011462555e-06,0.0047392086,0.23049545288085938
2024-03-21 22:00:00,0.0,1.8603575692749192,9.58553011462555e-06,0.007191809,0.2402496337890625
2024-03-21 23:00:00,0.0,-0.272529285612956,9.58553011462555e-06,9.720045e-05,0.28194427490234375
2024-03-22 00:00:00,0.0,2.028892610382913,9.58553011462555e-06,9.720045e-05,0.3984642028808594
2024-03-22 01:00:00,0.0,5.5709255107779825,9.58553011462555e-06,0.006875559,0.4314613342285156
2024-03-22 02:00:00,0.0,3.5382774375288957,9.58553011462555e-06,0.020011686,0.40077972412109375
2024-03-22 03:00:00,0.0,3.6589136180940685,9.58553011462555e-06,0.020011686,-0.08974075317382812
2024-03-22 04:00:00,0.0,0.8488501628984721,9.58553011462555e-06,0.020501422,-0.14329910278320312
2024-03-22 05:00:00,0.0,-0.7023612205297631,5.793287248158564e-05,0.019045586,-0.6755256652832031
2024-03-22 06:00:00,2.854,5.746616445980287,2.355400891091322,1.2226627,1.1608734130859375
2024-03-22 07:00:00,31.564,22.201446819564303,31.53356739474934,30.47792,20.19916343688965
2024-03-22 08:00:00,74.21000000000001,69.9932485917476,71.90427583494879,72.50153,62.61855697631836
2024-03-22 09:00:00,110.706,119.26557350655477,119.71563946485887,116.82065,117.18698120117188
2024-03-22 10:00:00,160.21,140.81376052206537,150.08661827455074,150.15746,156.25634765625
2024-03-22 11:00:00,182.0,178.19382693172903,174.81141997412035,170.35425,170.49807739257812
2024-03-22 12:00:00,181.644,183.23723995195746,176.93354117523387,174.9995,172.46429443359375
2024-03-22 13:00:00,170.824,167.49652480762842,168.01159881723837,170.61658,159.99472045898438
2024-03-22 14:00:00,145.184,143.0762149219452,146.353187662076,144.18242,134.79061889648438
2024-03-22 15:00:00,107.37,104.1012104728774,110.68064743052675,108.43448,104.99158477783203
2024-03-22 16:00:00,65.2,62.10845738689989,63.87521796927704,65.52021,65.50495147705078
2024-03-22 17:00:00,24.930000000000003,26.72192567329843,24.0001500174009,24.179205,28.475942611694336
2024-03-22 18:00:00,1.39,1.9748730002038002,1.3724243402064868,1.2211932,3.0499534606933594
2024-03-22 19:00:00,0.0,-3.377486928558391,9.58553011462555e-06,-0.045107834,0.26355743408203125
2024-03-22 20:00:00,0.0,5.4806598529013435,9.58553011462555e-06,0.002560814,0.304412841796875
2024-03-22 21:00:00,0.0,-3.360470754475167,9.58553011462555e-06,-0.025845092,0.4211540222167969
2024-03-22 22:00:00,0.0,-2.5436448505905735,9.58553011462555e-06,0.001660658,0.5433464050292969
2024-03-22 23:00:00,0.0,-2.8404902756206276,9.58553011462555e-06,0.004987027,0.37439727783203125
2024-03-23 00:00:00,0.0,0.29783134155533997,9.58553011462555e-06,0.0064843353,0.3323783874511719
2024-03-23 01:00:00,0.0,2.4116549004696832,9.58553011462555e-06,0.017458338,0.4234275817871094
2024-03-23 02:00:00,0.0,2.6162316001252375,9.58553011462555e-06,0.017458338,0.3721771240234375
2024-03-23 03:00:00,0.0,1.941313649948036,9.58553011462555e-06,0.01653761,0.003688812255859375
2024-03-23 04:00:00,0.0,1.4169332550958842,9.58553011462555e-06,0.019090958,-0.2889404296875
2024-03-23 05:00:00,0.0,2.5127203025632667,5.793287248158564e-05,0.026463488,-0.3797149658203125
2024-03-23 06:00:00,3.1100000000000003,7.912634537266554,2.931485953358806,2.0158634,0.48149871826171875
2024-03-23 07:00:00,31.880000000000003,23.769973949309396,32.78968830971737,32.274227,18.274246215820312
2024-03-23 08:00:00,70.804,73.24175850622493,73.77138850657045,73.39413,65.21340942382812
2024-03-23 09:00:00,114.184,114.13070271470218,113.69503400571386,115.02961,116.89860534667969
2024-03-23 10:00:00,159.044,151.8508293047011,151.43767385552724,152.19104,152.44700622558594
2024-03-23 11:00:00,185.41600000000005,181.2378183683539,177.0278328889331,170.1588,171.47250366210938
2024-03-23 12:00:00,191.606,190.7549421617775,180.53477882075182,178.1192,173.2530517578125
2024-03-23 13:00:00,181.25,179.63017384098342,180.97097623809523,182.69185,163.24874877929688
2024-03-23 14:00:00,153.09,149.61653883568476,154.7800052028348,156.17622,141.61907958984375
2024-03-23 15:00:00,117.87,108.95122569355169,113.96348666269843,115.09142,112.46637725830078
2024-03-23 16:00:00,72.43400000000001,70.18442151414109,73.29106067838109,72.56526,72.14834594726562
2024-03-23 17:00:00,27.360000000000003,31.729197280980188,29.363898333333346,27.952797,32.798065185546875
2024-03-23 18:00:00,1.5300000000000002,2.579616055275517,1.3762237380756743,1.4864293,3.922801971435547
2024-03-23 19:00:00,0.0,-3.5915732162369176,0.0016284417117561957,-0.027918376,0.2535591125488281
2024-03-23 20:00:00,0.0,7.140515148507266,9.58553011462555e-06,0.025386134,0.33217620849609375
2024-03-23 21:00:00,0.0,2.0665652391025535,9.58553011462555e-06,0.040267635,-0.009700775146484375
2024-03-23 22:00:00,0.0,0.41639144147290175,9.58553011462555e-06,0.16781378,-0.0113677978515625
2024-03-23 23:00:00,0.0,-1.698947627588213,9.58553011462555e-06,-0.007947661,0.33293914794921875
2024-03-24 00:00:00,0.0,1.3725675418602474,9.58553011462555e-06,0.022937197,0.6287193298339844
2024-03-24 01:00:00,0.0,3.0561421356990603,9.58553011462555e-06,0.033921268,0.8020401000976562
2024-03-24 02:00:00,0.0,1.3293614654771027,9.58553011462555e-06,0.018773818,0.8450546264648438
2024-03-24 03:00:00,0.0,-1.3316626506192435,9.58553011462555e-06,0.017879406,0.3830680847167969
2024-03-24 04:00:00,0.0,-2.951658493033462,9.58553011462555e-06,-0.036818147,0.32813262939453125
2024-03-24 05:00:00,0.0,-1.5637835203440185,5.793287248158564e-05,-0.029445622,-1.0118980407714844
2024-03-24 06:00:00,3.064,6.247392686730935,3.4922114047619037,3.2158413,1.5819854736328125
2024-03-24 07:00:00,30.646,25.04212622375604,32.97705444427712,31.786192,23.529109954833984
2024-03-24 08:00:00,70.596,70.90019309951768,70.91825951115396,70.98688,69.27411651611328
2024-03-24 09:00:00,113.466,114.32269070298145,114.35510555446587,114.69062,118.17738342285156
2024-03-24 10:00:00,155.756,150.4468235806368,146.51646782529141,153.05142,158.87408447265625
2024-03-24 11:00:00,173.94400000000002,178.15868569291615,174.4166939394555,172.99908,176.32974243164062
2024-03-24 12:00:00,165.976,177.95586398973086,180.37806522527967,176.53645,175.43389892578125
2024-03-24 13:00:00,167.106,150.74222879011697,158.26651350749455,158.45392,162.60110473632812
2024-03-24 14:00:00,139.22,138.46768631325392,139.36896145630647,138.35017,122.19466400146484
2024-03-24 15:00:00,102.56600000000002,98.50711521762986,102.80842328775582,104.69031,99.85159301757812
2024-03-24 16:00:00,63.434000000000005,60.203596654871426,61.689796421446864,61.592644,61.55315399169922
2024-03-24 17:00:00,22.680000000000003,27.616272972548835,22.795336962840516,23.64707,26.123199462890625
2024-03-24 18:00:00,1.36,0.6971952833904389,1.272911986751472,0.92532873,4.101627349853516
2024-03-24 19:00:00,0.0,-2.756098460230832,9.58553011462555e-06,0.021015225,0.1975250244140625
2024-03-24 20:00:00,0.0,4.431198772852657,9.58553011462555e-06,-0.028117085,0.236358642578125
2024-03-24 21:00:00,0.0,-1.1295109111741688,9.58553011462555e-06,0.011173098,-0.0316009521484375
2024-03-24 22:00:00,0.0,-0.7036853061385271,9.58553011462555e-06,0.006167636,0.29586029052734375
2024-03-24 23:00:00,0.0,-2.2370984676922445,9.58553011462555e-06,0.026021313,0.7983283996582031
2024-03-25 00:00:00,0.0,0.42415091807792216,9.58553011462555e-06,0.024704495,0.6368408203125
2024-03-25 01:00:00,0.0,3.695166250165606,9.58553011462555e-06,0.037002552,0.4504814147949219
2024-03-25 02:00:00,0.0,1.7522032173374473,9.58553011462555e-06,0.017725134,0.219146728515625
2024-03-25 03:00:00,0.0,1.0652774801893639,9.58553011462555e-06,0.009965049,0.0622100830078125
2024-03-25 04:00:00,0.0,1.5315934937811972,9.58553011462555e-06,0.009965049,0.051853179931640625
2024-03-25 05:00:00,0.0,2.34929866152142,5.793287248158564e-05,0.018834883,-0.744659423828125
2024-03-25 06:00:00,3.01,8.838829266557847,3.169043432234432,2.6896765,0.6969985961914062
2024-03-25 07:00:00,28.424000000000003,25.390064941836034,31.7474431238428,30.0335,19.941417694091797
2024-03-25 08:00:00,71.94,67.80959013230881,65.44299775166411,66.760315,64.35246276855469
2024-03-25 09:00:00,108.924,117.32151629854587,114.00070217451511,116.728355,114.32320404052734
2024-03-25 10:00:00,145.73,147.22637655046364,149.1144522182589,151.48315,158.4793701171875
2024-03-25 11:00:00,167.644,164.81215779870843,167.54794191033707,166.90747,174.53424072265625
2024-03-25 12:00:00,179.65,170.3871886141628,174.86814584065948,171.59563,169.62503051757812
2024-03-25 13:00:00,165.72400000000002,167.7686052399235,168.68146940495873,170.42046,154.53253173828125
2024-03-25 14:00:00,129.94400000000002,136.23145350363646,137.30103314733466,137.81921,136.66986083984375
2024-03-25 15:00:00,96.104,91.83344590232397,91.01829051598675,92.98111,98.16246032714844
2024-03-25 16:00:00,59.104,57.11267489461961,58.43048257672652,57.915863,54.0379638671875
2024-03-25 17:00:00,20.706000000000003,25.32524153421044,20.921647912655235,21.821114,26.887855529785156
2024-03-25 18:00:00,1.15,-0.05366539589171815,1.2514436635074486,0.70542455,3.1793670654296875
2024-03-25 19:00:00,0.0,-1.9224166517352312,9.58553011462555e-06,0.04687538,0.06882095336914062
2024-03-25 20:00:00,0.0,5.583701177330786,9.58553011462555e-06,0.011808897,-0.30620574951171875
2024-03-25 21:00:00,0.0,0.514042841500709,9.58553011462555e-06,0.035470992,-0.5329933166503906
2024-03-25 22:00:00,0.0,-2.186385143209317,9.58553011462555e-06,0.0065508853,-0.09872055053710938
2024-03-25 23:00:00,0.0,-3.34119037730921,9.58553011462555e-06,0.016057547,0.234619140625
2024-03-26 00:00:00,0.0,0.8452315268182851,9.58553011462555e-06,0.015363672,0.17879486083984375
2024-03-26 01:00:00,0.0,0.7964938136874569,9.58553011462555e-06,0.021342698,0.20709991455078125
2024-03-26 02:00:00,0.0,0.4572978643098784,9.58553011462555e-06,0.009478283,0.25106048583984375
2024-03-26 03:00:00,0.0,0.7152233190318231,9.58553011462555e-06,-0.002018714,-0.01503753662109375
2024-03-26 04:00:00,0.0,0.5054309065073737,9.58553011462555e-06,-0.0014421338,-0.16236495971679688
2024-03-26 05:00:00,0.0,1.963448778428054,5.793287248158564e-05,0.0059303925,-0.6313095092773438
2024-03-26 06:00:00,3.3600000000000003,9.29415324625594,2.984803410643895,2.9864926,0.6310005187988281
2024-03-26 07:00:00,29.97,25.692062865985342,31.360274435614457,31.25221,16.746076583862305
2024-03-26 08:00:00,69.324,67.63900805052802,69.9004244378341,69.75614,55.188072204589844
2024-03-26 09:00:00,116.244,111.16466472770853,112.5660007167582,112.58727,113.33724975585938
2024-03-26 10:00:00,151.98,153.82357058953997,151.2448418836103,154.65143,156.70254516601562
2024-03-26 11:00:00,173.17000000000002,172.88515049957147,172.49213583863428,175.10667,177.6956787109375
2024-03-26 12:00:00,171.95000000000002,175.79175542214358,178.23818008539882,176.27666,176.16693115234375
2024-03-26 13:00:00,162.72000000000003,156.8835133912108,161.3578300683918,155.57623,161.15411376953125
2024-03-26 14:00:00,138.256,132.59583007164028,135.6884257145728,136.11536,132.46420288085938
2024-03-26 15:00:00,102.88,98.94849913181028,102.02604848837399,98.98398,98.87918090820312
2024-03-26 16:00:00,69.91000000000001,61.2514208008569,61.737213434841124,62.056435,61.07487106323242
2024-03-26 17:00:00,26.19,33.364130989069466,28.476492514221064,27.625946,28.404098510742188
2024-03-26 18:00:00,1.386,0.9866057988227546,1.3734726481843196,1.396713,4.1439666748046875
2024-03-26 19:00:00,0.0,-4.718865786887804,9.58553011462555e-06,-0.004543719,0.058132171630859375
2024-03-26 20:00:00,0.0,3.7731535531746516,9.58553011462555e-06,0.09236885,-0.09124374389648438
2024-03-26 21:00:00,0.0,-1.5775510825580197,9.58553011462555e-06,0.13796088,-0.11678314208984375
2024-03-26 22:00:00,0.0,-1.9488206184073658,9.58553011462555e-06,0.008232703,0.198150634765625
2024-03-26 23:00:00,0.0,-4.290452179726902,9.58553011462555e-06,0.013357569,0.432098388671875
2024-03-27 00:00:00,0.0,0.12959549585436037,9.58553011462555e-06,0.013357569,0.2976875305175781
2024-03-27 01:00:00,0.0,2.9440705896673354,9.58553011462555e-06,0.028746085,0.30429840087890625
2024-03-27 02:00:00,0.0,2.9421583277442434,9.58553011462555e-06,0.019036707,0.19873046875
2024-03-27 03:00:00,0.0,2.708588165373566,9.58553011462555e-06,0.019036707,-0.11884689331054688
2024-03-27 04:00:00,0.0,2.8505086552120016,9.58553011462555e-06,0.009779314,-0.043819427490234375
2024-03-27 05:00:00,0.0,2.650943099315713,5.793287248158564e-05,0.01715184,-0.5438423156738281
2024-03-27 06:00:00,3.2840000000000007,9.976231969367493,3.5072117518592507,3.5958748,1.0945701599121094
2024-03-27 07:00:00,30.29,26.154760110214383,30.565466567030345,31.334501,20.21023941040039
2024-03-27 08:00:00,70.73,70.23836785373993,71.17706759679257,70.49187,63.086971282958984
2024-03-27 09:00:00,110.984,114.73828067831087,112.36374250561337,114.76921,114.77407836914062
2024-03-27 10:00:00,151.70000000000002,148.99748209922345,149.7293368912721,151.49707,156.186279296875
2024-03-27 11:00:00,173.77,172.83813125417058,172.9799603181611,172.7002,173.60879516601562
2024-03-27 12:00:00,177.24400000000003,177.20736564281367,175.15477463282087,176.65532,172.23394775390625
2024-03-27 13:00:00,167.31,162.76984461989247,165.0717657292122,165.94821,155.74795532226562
2024-03-27 14:00:00,142.11,137.46579141524606,139.38796965045552,143.4942,126.40605163574219
2024-03-27 15:00:00,103.706,103.2471731701601,106.87702574037502,106.291176,103.078369140625
2024-03-27 16:00:00,61.434000000000005,61.42168346969061,62.043214310796955,62.17723,61.353965759277344
2024-03-27 17:00:00,21.536,26.648613296589488,22.691946594935253,23.02192,26.66547393798828
2024-03-27 18:00:00,1.336,0.25219117411444003,1.2852306414452217,0.7625484,3.5062942504882812
2024-03-27 19:00:00,0.0,-1.820619158236604,9.58553011462555e-06,0.0032915564,0.34786224365234375
2024-03-27 20:00:00,0.0,4.934017615018044,9.58553011462555e-06,-0.017553883,0.3824195861816406
2024-03-27 21:00:00,0.0,0.6195452384311801,9.58553011462555e-06,-0.00024823967,0.23988723754882812
2024-03-27 22:00:00,0.0,-0.5242346334222798,9.58553011462555e-06,0.0056705675,0.17620849609375
2024-03-27 23:00:00,0.0,-2.4189271061459703,9.58553011462555e-06,0.022409525,0.3404998779296875
2024-03-28 00:00:00,0.0,0.10584431814318762,9.58553011462555e-06,0.010494249,0.434112548828125
2024-03-28 01:00:00,0.0,1.639794980839052,9.58553011462555e-06,0.016830811,0.5157318115234375
2024-03-28 02:00:00,0.0,2.4983403108299456,9.58553011462555e-06,0.016830811,0.47381591796875
2024-03-28 03:00:00,0.0,2.689471411020884,9.58553011462555e-06,0.011276621,0.13443374633789062
2024-03-28 04:00:00,0.0,3.612869515555934,9.58553011462555e-06,0.011276621,0.18473434448242188
2024-03-28 05:00:00,0.0,4.123223806321448,5.793287248158564e-05,0.016231112,-0.4121513366699219
2024-03-28 06:00:00,3.4600000000000004,9.24893932313329,3.6385687262541366,3.564779,1.9699287414550781
2024-03-28 07:00:00,34.436,23.229643330581027,32.76453167425128,32.526123,24.11249542236328
2024-03-28 08:00:00,73.56,74.23000262840407,77.1232238517844,78.14136,66.75177001953125
2024-03-28 09:00:00,116.95,115.29696576065538,117.51373089877501,115.78639,119.80821228027344
2024-03-28 10:00:00,152.17600000000002,154.01537664247942,152.3254158242591,154.85754,156.66241455078125
2024-03-28 11:00:00,174.06600000000003,173.76240298894652,173.65145309860068,174.52057,174.26605224609375
2024-03-28 12:00:00,176.57600000000002,175.71365756121065,177.23308237288032,178.9582,173.50970458984375
2024-03-28 13:00:00,165.97000000000003,161.98892216868137,162.5009504168979,163.4862,159.16326904296875
2024-03-28 14:00:00,131.16600000000005,135.0898452010406,137.42277694583046,140.39989,134.69091796875
2024-03-28 15:00:00,95.604,92.89335715088248,91.94440142949972,87.70739,104.08824920654297
2024-03-28 16:00:00,56.54,57.104236631901806,57.7001144255089,57.961353,58.90487289428711
2024-03-28 17:00:00,21.624,21.884490728766664,20.682835242097536,20.258831,27.438610076904297
2024-03-28 18:00:00,1.39,0.3903159844670565,1.2788593774994785,0.800162,3.51629638671875
2024-03-28 19:00:00,0.0,-2.237976579102885,9.58553011462555e-06,0.031858426,0.089324951171875
2024-03-28 20:00:00,0.0,2.7667445363635785,9.58553011462555e-06,0.04130719,0.03363800048828125
2024-03-28 21:00:00,0.0,2.170555271919275,9.58553011462555e-06,0.0110775605,0.09310531616210938
2024-03-28 22:00:00,0.0,0.45816932419235723,9.58553011462555e-06,-0.00675643,0.18638229370117188
2024-03-28 23:00:00,0.0,-1.323610393898103,9.58553011462555e-06,0.010227457,0.20554733276367188
2024-03-29 00:00:00,0.0,3.026203867213292,9.58553011462555e-06,0.024867117,0.2624969482421875
2024-03-29 01:00:00,0.0,2.19067354903925,9.58553011462555e-06,0.04413505,0.3565940856933594
2024-03-29 02:00:00,0.0,0.9899166573281972,9.58553011462555e-06,0.03776211,0.393829345703125
2024-03-29 03:00:00,0.0,0.5637692667430221,9.58553011462555e-06,0.0236055,0.2610321044921875
2024-03-29 04:00:00,0.0,-0.9058187622599858,9.58553011462555e-06,0.010291224,0.27339935302734375
2024-03-29 05:00:00,0.0,0.8253021070673947,5.793287248158564e-05,0.016672904,-0.5054206848144531
2024-03-29 06:00:00,3.88,7.89480573080626,3.9983767610930725,3.5772462,2.227886199951172
2024-03-29 07:00:00,34.37,24.268151289769925,30.19757837410956,31.039745,25.04043960571289
2024-03-29 08:00:00,73.004,73.49030190542018,76.50204910251836,75.60559,69.07579803466797
2024-03-29 09:00:00,115.506,116.95406940057549,116.66391128920507,116.21798,118.60604858398438
2024-03-29 10:00:00,149.26,154.91503889063998,151.37238638185661,153.99641,157.55145263671875
2024-03-29 11:00:00,170.84000000000003,168.8600731312414,172.5104588079707,172.64537,175.76385498046875
2024-03-29 12:00:00,170.89,171.80284204736301,175.73748954133373,175.54944,171.49713134765625
2024-03-29 13:00:00,161.034,155.04476347623924,156.69742824132345,157.64679,151.1622772216797
2024-03-29 14:00:00,133.056,131.55649791042092,132.91042706045852,133.78477,134.52157592773438
2024-03-29 15:00:00,100.21,95.44081910324249,99.34381447700488,95.75711,103.03424835205078
2024-03-29 16:00:00,60.096,58.33734078374054,59.899675420867105,60.904873,59.48699951171875
2024-03-29 17:00:00,21.394,24.16827133721146,21.948493812541255,22.858957,29.125988006591797
2024-03-29 18:00:00,1.394,0.018266448171327276,1.2694482354530443,0.725982,4.15484619140625
2024-03-29 19:00:00,0.0,-2.624295055396087,9.58553011462555e-06,0.030292261,0.020946502685546875
2024-03-29 20:00:00,0.0,5.86809606820044,9.58553011462555e-06,0.04443252,-0.24225616455078125
2024-03-29 21:00:00,0.0,1.15806149979697,9.58553011462555e-06,0.042360518,-0.48966217041015625
2024-03-29 22:00:00,0.0,-2.903297509744167,9.58553011462555e-06,0.03345262,-0.18611526489257812
2024-03-29 23:00:00,0.0,-4.331232594387064,9.58553011462555e-06,0.02306669,0.204193115234375
2024-03-30 00:00:00,0.0,-0.3585282931278799,9.58553011462555e-06,0.024305776,0.2698974609375
2024-03-30 01:00:00,0.0,1.5152406730769865,9.58553011462555e-06,0.049104195,0.2851715087890625
2024-03-30 02:00:00,0.0,1.8829531675841293,9.58553011462555e-06,0.036063816,0.20799636840820312
2024-03-30 03:00:00,0.0,1.6763902050927975,9.58553011462555e-06,0.020916374,-0.19423294067382812
2024-03-30 04:00:00,0.0,1.2556402116592134,9.58553011462555e-06,0.023232603,-0.30109405517578125
2024-03-30 05:00:00,0.0,2.3420763094530503,5.793287248158564e-05,0.039274853,-0.9412765502929688
2024-03-30 06:00:00,3.846,8.864864341897805,4.098530152471334,4.213015,2.8779220581054688
2024-03-30 07:00:00,31.024,26.393136235428926,26.434491191159704,26.597198,26.92149543762207
2024-03-30 08:00:00,68.866,71.37031900972238,70.00082849499199,68.161995,67.4615478515625
2024-03-30 09:00:00,105.1,112.46897515244373,111.15987340506865,110.75299,111.177978515625
2024-03-30 10:00:00,140.856,142.4972810047209,144.92335950049142,143.77678,151.7899932861328
2024-03-30 11:00:00,169.966,161.58091456877142,165.74500345608416,170.57037,171.44210815429688
2024-03-30 12:00:00,161.09400000000002,175.96550991924124,173.86979735248065,165.72191,169.38604736328125
2024-03-30 13:00:00,152.09400000000002,146.90730572901649,151.32014331259063,149.31271,157.21527099609375
2024-03-30 14:00:00,128.116,125.29646712704499,128.81526907422978,122.134514,116.91468048095703
2024-03-30 15:00:00,92.17000000000002,92.42658528568711,92.86166930050909,93.05285,94.07084655761719
2024-03-30 16:00:00,55.32000000000001,52.59773914451759,55.18548545746616,56.373512,57.38426208496094
2024-03-30 17:00:00,19.61,22.854742659382303,19.546129542326334,19.776266,25.819759368896484
2024-03-30 18:00:00,1.386,-0.7260833805547691,1.2563137817612375,0.86806774,3.5850753784179688
2024-03-30 19:00:00,0.0,-2.187888436277871,9.58553011462555e-06,0.048844732,0.16629791259765625
2024-03-30 20:00:00,0.0,5.497708296623221,9.58553011462555e-06,-0.0042138277,0.05279541015625
2024-03-30 21:00:00,0.0,1.0597281583755258,9.58553011462555e-06,0.065299265,-0.3783836364746094
2024-03-30 22:00:00,0.0,-0.6232163310106893,9.58553011462555e-06,0.027911017,-0.3361854553222656
2024-03-30 23:00:00,0.0,-1.3581142563875552,9.58553011462555e-06,0.054324254,-0.016933441162109375
2024-03-31 00:00:00,0.0,1.0110916523745122,9.58553011462555e-06,0.044139296,0.21987152099609375
2024-03-31 01:00:00,0.0,2.2497560952762026,9.58553011462555e-06,0.054165177,0.26706695556640625
2024-03-31 02:00:00,0.0,1.7192147722617666,9.58553011462555e-06,0.04001872,0.191314697265625
2024-03-31 03:00:00,0.0,0.3026771085878517,9.58553011462555e-06,0.046645127,-0.24191665649414062
2024-03-31 04:00:00,0.0,0.2703999380364115,9.58553011462555e-06,0.03149767,-0.19640350341796875
2024-03-31 05:00:00,0.0,2.077869561283732,5.793287248158564e-05,0.030189376,-0.7517356872558594
2024-03-31 06:00:00,1.186,8.203730849646897,4.127815524495144,3.5092869,4.412532806396484
2024-03-31 07:00:00,8.824,20.945749312380418,18.057070000000007,18.698881,30.6846923828125
2024-03-31 08:00:00,21.224000000000004,38.86955906647994,30.72530211683311,25.27548,56.521080017089844
2024-03-31 09:00:00,50.69,54.464460372345975,49.372535821758305,49.700768,51.26148223876953
2024-03-31 10:00:00,88.054,85.56153468860461,71.01322472979436,77.64422,63.093536376953125
2024-03-31 11:00:00,96.216,111.7816771772386,113.42520407468746,111.55929,90.64134216308594
2024-03-31 12:00:00,117.07,104.33828192964373,117.80460990109614,115.557236,128.87686157226562
2024-03-31 13:00:00,110.75,117.12210172793118,115.16601943003417,126.85941,130.76632690429688
2024-03-31 14:00:00,99.63,98.07813191022623,105.2732924784222,100.187904,118.93990325927734
2024-03-31 15:00:00,77.32000000000001,76.433649886931,74.12640704183019,71.22659,79.280517578125
2024-03-31 16:00:00,49.64,46.44699688258821,51.44967190476191,53.32455,47.273109436035156
2024-03-31 17:00:00,18.294,22.128717037974,17.550326225493627,19.1042,27.642440795898438
2024-03-31 18:00:00,1.306,-0.025991734339925188,1.1530948589829348,1.0632211,8.671575546264648
2024-03-31 19:00:00,0.0,-3.9223314678163943,9.58553011462555e-06,0.030323498,0.37331390380859375
2024-03-31 20:00:00,0.0,6.168947744055783,9.58553011462555e-06,0.1779335,-0.79345703125
2024-03-31 21:00:00,0.0,0.5952163775628811,9.58553011462555e-06,0.06638652,-0.8945693969726562
2024-03-31 22:00:00,0.0,-2.588053716434922,9.58553011462555e-06,0.038966183,-0.4346122741699219
2024-03-31 23:00:00,0.0,-2.9312460565287393,9.58553011462555e-06,0.026550792,-0.0348663330078125
2024-04-01 00:00:00,0.0,1.9534197106143036,9.58553011462555e-06,0.033765078,0.14000701904296875
2024-04-01 01:00:00,0.0,1.8126246304419533,9.58553011462555e-06,0.033656243,0.12479019165039062
2024-04-01 02:00:00,0.0,0.9705325920458838,9.58553011462555e-06,0.03104317,-0.14313507080078125
2024-04-01 03:00:00,0.0,-1.9837648076343983,9.58553011462555e-06,0.04164424,-0.4644660949707031
2024-04-01 04:00:00,0.0,-2.781233471587917,9.58553011462555e-06,0.026496781,-0.4793586730957031
2024-04-01 05:00:00,0.0,-2.5176960161491664,0.007654420927161709,0.030019553,-0.4904136657714844
2024-04-01 06:00:00,3.94,4.862571755945893,5.0475622219856975,6.396407,2.0057296752929688
2024-04-01 07:00:00,33.28,23.725445698717333,17.61806808163266,21.468126,24.36332130432129
2024-04-01 08:00:00,72.976,72.25872199209653,71.131042866016,70.804184,52.56858825683594
2024-04-01 09:00:00,104.63,116.75246284868467,111.71401266810966,107.09529,110.16670989990234
2024-04-01 10:00:00,142.624,140.49620145562474,137.65469554377955,142.28632,157.34182739257812
2024-04-01 11:00:00,163.99400000000003,159.84973197864966,160.26439251490115,166.42519,182.818603515625
2024-04-01 12:00:00,176.53,167.64692414521107,169.67758864590968,168.30013,187.24966430664062
2024-04-01 13:00:00,166.656,164.56622339546084,157.72483378158444,167.78094,176.1400146484375
2024-04-01 14:00:00,141.234,137.6873538526575,133.7352887259331,136.9976,149.4801025390625
2024-04-01 15:00:00,103.86,101.13299146517147,102.95096772430287,104.93003,113.18914031982422
2024-04-01 16:00:00,63.816,58.64131547610324,62.30762500114052,62.24276,74.02700805664062
2024-04-01 17:00:00,22.790000000000003,26.224962121278807,23.965852747224435,24.723497,34.40797424316406
2024-04-01 18:00:00,1.7100000000000002,-2.1018540349200743,1.67694502074451,1.8529022,5.197357177734375
2024-04-01 19:00:00,0.0,-4.614854195495554,9.58553011462555e-06,-0.009017462,-0.007816314697265625
2024-04-01 20:00:00,0.0,6.039951041210555,9.58553011462555e-06,0.017577566,-0.4356346130371094
2024-04-01 21:00:00,0.0,-0.8257058759947107,9.58553011462555e-06,0.021325864,-0.23393630981445312
2024-04-01 22:00:00,0.0,-2.0408963464618743,9.58553011462555e-06,0.042569924,-0.026508331298828125
2024-04-01 23:00:00,0.0,-1.8071636906985367,9.58553011462555e-06,0.029500723,0.129791259765625
2024-04-02 00:00:00,0.0,2.5852884309646207,9.58553011462555e-06,0.0038250708,0.2379150390625
2024-04-02 01:00:00,0.0,7.598540976623095,9.58553011462555e-06,0.04264093,0.12430572509765625
2024-04-02 02:00:00,0.0,5.029370554576117,9.58553011462555e-06,0.029628964,-0.15283966064453125
2024-04-02 03:00:00,0.0,1.4482598028625286,9.58553011462555e-06,0.0025718724,-0.9226760864257812
2024-04-02 04:00:00,0.0,-0.062305256279639565,9.58553011462555e-06,0.031503487,-0.7326431274414062
2024-04-02 05:00:00,0.0,-0.6663332452436181,5.776550846484924e-05,0.050974406,-0.7704849243164062
2024-04-02 06:00:00,4.510000000000001,8.277044868110542,5.434282107142857,6.0618196,5.511863708496094
2024-04-02 07:00:00,36.514,27.471526919768344,27.90541023862191,27.620506,34.006813049316406
2024-04-02 08:00:00,74.36,76.39020486629136,78.49518014793611,77.443695,56.174137115478516
2024-04-02 09:00:00,116.134,116.84044346382896,115.39031008452855,114.73521,118.27733612060547
2024-04-02 10:00:00,149.99,153.11714464015944,151.30058575351438,154.41423,164.0887451171875
2024-04-02 11:00:00,171.07000000000002,169.7415997687691,173.33797373277972,172.70982,185.30819702148438
2024-04-02 12:00:00,176.8,174.02111436556598,179.34414823487995,178.37593,185.73269653320312
2024-04-02 13:00:00,166.56,163.75699105520738,164.34908106024145,166.46806,174.29769897460938
2024-04-02 14:00:00,140.434,135.8782481417385,138.21873933926318,139.69176,147.61630249023438
2024-04-02 15:00:00,104.06600000000002,100.50688476187355,101.964377237328,102.290375,106.3529052734375
2024-04-02 16:00:00,62.04600000000001,60.90214106291257,62.589490866858625,61.731564,67.73255157470703
2024-04-02 17:00:00,23.130000000000003,25.273733088814346,23.734135843633553,24.40215,34.638893127441406
2024-04-02 18:00:00,1.57,-1.0148672622305144,1.6934633592422694,1.8710895,8.597234725952148
2024-04-02 19:00:00,0.0,-2.756409074573662,9.58553011462555e-06,-0.018417342,0.12540054321289062
2024-04-02 20:00:00,0.0,4.81882105598077,9.58553011462555e-06,0.053224005,-0.39496612548828125
2024-04-02 21:00:00,0.0,0.9960462690299936,9.58553011462555e-06,0.038481243,-0.16022491455078125
2024-04-02 22:00:00,0.0,-0.5115026111798455,9.58553011462555e-06,0.052241586,0.14844131469726562
2024-04-02 23:00:00,0.0,-2.1679938578563513,9.58553011462555e-06,0.05548779,0.30042266845703125
2024-04-03 00:00:00,0.0,2.3955338296707165,9.58553011462555e-06,0.034105107,0.28279876708984375
2024-04-03 01:00:00,0.0,3.7398855046569963,9.58553011462555e-06,0.052283507,0.2541046142578125
2024-04-03 02:00:00,0.0,3.509607473486339,9.58553011462555e-06,0.058342278,0.18619155883789062
2024-04-03 03:00:00,0.0,1.2219851935048291,9.58553011462555e-06,0.04126026,-0.04364776611328125
2024-04-03 04:00:00,0.0,-0.5434888585074766,9.58553011462555e-06,0.030025726,0.004398345947265625
2024-04-03 05:00:00,0.0,-0.5805402119000771,0.000617765508464849,0.05508739,-0.39096832275390625
2024-04-03 06:00:00,4.0600000000000005,8.902623273171399,5.069321155755924,6.3516474,5.872703552246094
2024-04-03 07:00:00,30.896,27.371356831955325,26.56917562049063,27.452,36.93833923339844
2024-04-03 08:00:00,68.796,71.79009761366947,67.6683400179262,66.44145,61.64454650878906
2024-04-03 09:00:00,112.86,113.62067778744299,108.03462818248084,110.73581,113.67455291748047
2024-04-03 10:00:00,150.51,156.9315424823945,150.73806383759867,151.84392,159.20455932617188
2024-04-03 11:00:00,178.024,172.4252351516271,172.899632250899,174.88708,183.55343627929688
2024-04-03 12:00:00,167.78,183.85351649420556,179.27983945477578,181.17941,186.7618408203125
2024-04-03 13:00:00,158.07000000000002,153.17299843983434,162.84567460248093,158.30176,177.10089111328125
2024-04-03 14:00:00,133.066,131.8191587918411,130.22468916809441,131.06583,132.4814453125
2024-04-03 15:00:00,96.724,97.45181824948989,95.91410769987453,96.0413,91.88404846191406
2024-04-03 16:00:00,58.176,53.09138985623789,58.661278399459015,58.33063,67.1009750366211
2024-04-03 17:00:00,20.964,22.08418581503601,22.506756723268328,22.187222,30.443279266357422
2024-04-03 18:00:00,1.476,-0.6908683491221437,1.6549767418029637,1.5686712,4.820507049560547
2024-04-03 19:00:00,0.0,-1.5533236200904277,9.58553011462555e-06,0.040806014,0.2185211181640625
2024-04-03 20:00:00,0.0,7.256900200689907,9.58553011462555e-06,0.0071703694,-0.1737060546875
2024-04-03 21:00:00,0.0,4.787474793799694,9.58553011462555e-06,0.0500458,-0.2705955505371094
2024-04-03 22:00:00,0.0,0.207533483330697,9.58553011462555e-06,0.027918333,0.10588836669921875
2024-04-03 23:00:00,0.0,-2.381725327675296,9.58553011462555e-06,0.019481162,0.32001495361328125
2024-04-04 00:00:00,0.0,-0.13013500002425538,9.58553011462555e-06,0.012236983,0.19318008422851562
2024-04-04 01:00:00,0.0,1.1751040550356802,9.58553011462555e-06,0.04122069,0.10970687866210938
2024-04-04 02:00:00,0.0,1.06612914407682,9.58553011462555e-06,0.02607323,0.23896026611328125
2024-04-04 03:00:00,0.0,-0.5933046054836026,9.58553011462555e-06,0.027301017,-0.0095977783203125
2024-04-04 04:00:00,0.0,-1.043340137121537,9.58553011462555e-06,0.026310176,-0.24063873291015625
2024-04-04 05:00:00,0.0,0.10860212682790227,5.793287248158564e-05,0.033682704,-0.5304222106933594
2024-04-04 06:00:00,3.634,6.5660211029684845,4.386901407935516,5.2631974,1.947174072265625
2024-04-04 07:00:00,23.05,24.080981811578223,25.632902886363624,24.09625,27.29526138305664
2024-04-04 08:00:00,53.650000000000006,58.45377021562404,51.44070242145881,50.292503,60.85728073120117
2024-04-04 09:00:00,96.524,95.94609675017247,88.17691041760028,84.863594,81.58013916015625
2024-04-04 10:00:00,133.934,135.6470144483737,134.86539751666757,136.72078,120.84650421142578
2024-04-04 11:00:00,163.334,156.87074246161478,160.0055841922602,159.49889,159.78884887695312
2024-04-04 12:00:00,161.31,171.43173711585789,163.9811723750767,163.53568,169.43505859375
2024-04-04 13:00:00,150.684,150.90601262317043,152.16101414218295,154.04549,159.47547912597656
2024-04-04 14:00:00,120.044,126.93243515282319,125.10563714639537,125.197525,125.58295440673828
2024-04-04 15:00:00,87.76,86.88614299561047,86.7523996678409,85.35909,96.23745727539062
2024-04-04 16:00:00,52.176,52.09086392024378,54.254175134199556,55.91956,55.78632736206055
2024-04-04 17:00:00,18.244,22.59534006132245,20.289102790368087,20.32219,25.174713134765625
2024-04-04 18:00:00,1.34,-0.48531714579866314,1.546269219051878,1.5476929,3.2955360412597656
2024-04-04 19:00:00,0.0,-1.7898847809387437,9.58553011462555e-06,0.04816383,0.12611007690429688
2024-04-04 20:00:00,0.0,7.12718099501584,9.58553011462555e-06,0.028249742,0.09337615966796875
2024-04-04 21:00:00,0.0,2.413187165285324,9.58553011462555e-06,0.051192775,-0.0825347900390625
2024-04-04 22:00:00,0.0,-1.1670498383568964,9.58553011462555e-06,0.046126854,0.007503509521484375
2024-04-04 23:00:00,0.0,-1.6908960456326936,9.58553011462555e-06,0.0407527,0.2731475830078125
2024-04-05 00:00:00,0.0,0.09728310225459857,9.58553011462555e-06,0.027401073,0.2582130432128906
2024-04-05 01:00:00,0.0,1.8148075812597773,9.58553011462555e-06,0.04644807,0.213775634765625
2024-04-05 02:00:00,0.0,1.2578159809832856,9.58553011462555e-06,0.038481865,0.23918914794921875
2024-04-05 03:00:00,0.0,0.23668947889824743,9.58553011462555e-06,0.04057404,0.08551025390625
2024-04-05 04:00:00,0.0,0.17618024562241086,9.58553011462555e-06,0.034512054,-0.20193099975585938
2024-04-05 05:00:00,0.0,1.269020943601988,5.793287248158564e-05,0.07016203,0.3189239501953125
2024-04-05 06:00:00,4.504,7.299108016103004,5.574703759765107,5.604698,3.497760772705078
2024-04-05 07:00:00,31.110000000000003,25.38869348118566,27.618257132034614,28.728582,29.849023818969727
2024-04-05 08:00:00,70.45,69.27699014593091,65.15740847685025,65.7004,63.60895538330078
2024-04-05 09:00:00,108.256,114.28511954308979,109.32780539098025,110.488716,108.3171615600586
2024-04-05 10:00:00,141.45000000000002,145.59195440937643,143.08162670624108,145.5731,158.02967834472656
2024-04-05 11:00:00,162.49,160.83425055680107,164.20021211018621,164.35774,182.93231201171875
2024-04-05 12:00:00,172.64,166.0517053670527,167.97216395505376,164.11256,180.88677978515625
2024-04-05 13:00:00,163.534,161.5865412693004,158.0757646031885,159.28166,163.50888061523438
2024-04-05 14:00:00,138.256,135.4673479886898,132.93656416290617,135.99997,146.2154541015625
2024-04-05 15:00:00,105.106,99.37239712931597,100.7677644384356,99.55549,110.3076171875
2024-04-05 16:00:00,63.284000000000006,61.93317913752143,63.11935426366381,62.473186,68.12157440185547
2024-04-05 17:00:00,23.31,25.99185325060384,23.917136165916855,25.034557,37.501434326171875
2024-04-05 18:00:00,1.686,-2.0401400384656982,1.7188486454873746,1.8198481,13.0030517578125
2024-04-05 19:00:00,0.0,-7.421896398428666,9.58553011462555e-06,0.035122175,0.3367118835449219
2024-04-05 20:00:00,0.0,4.116222651355514,9.58553011462555e-06,0.010326175,-0.5732765197753906
2024-04-05 21:00:00,0.0,-1.2999960363171175,9.58553011462555e-06,-0.0040430645,-0.36312103271484375
2024-04-05 22:00:00,0.0,-2.6672258136499973,9.58553011462555e-06,0.007984075,-0.16027450561523438
2024-04-05 23:00:00,0.0,-1.472736099182578,9.58553011462555e-06,-0.0012055337,0.13594436645507812
2024-04-06 00:00:00,0.0,3.919972870040672,9.58553011462555e-06,-0.070185006,0.3613090515136719
2024-04-06 01:00:00,0.0,5.995039201938727,9.58553011462555e-06,-0.05040114,0.39052581787109375
2024-04-06 02:00:00,0.0,4.560817225336523,9.58553011462555e-06,-0.03430669,0.13843154907226562
2024-04-06 03:00:00,0.0,2.4195349831657893,9.58553011462555e-06,0.04583484,-0.36981964111328125
2024-04-06 04:00:00,0.0,1.3968709873507121,9.58553011462555e-06,0.04583484,-0.055736541748046875
2024-04-06 05:00:00,0.0,2.1554770351080244,0.0006086292820936437,0.05320737,-0.015254974365234375
2024-04-06 06:00:00,5.4,9.327829144628854,6.051318299086263,6.530138,8.19424057006836
2024-04-06 07:00:00,31.32,31.54812232366347,29.87403189393941,31.347986,37.62113952636719
2024-04-06 08:00:00,72.19600000000001,75.78666644813282,65.97456506645236,66.02692,57.73943328857422
2024-04-06 09:00:00,114.95,117.06638970747875,109.66908039560518,110.75769,109.57282257080078
2024-04-06 10:00:00,149.706,157.9950644894747,150.14170581077047,153.41246,158.8966064453125
2024-04-06 11:00:00,182.0,170.08901756677335,173.91562943402081,171.6206,183.99127197265625
2024-04-06 12:00:00,175.55,190.28216324364897,181.1292825964816,184.24615,185.55352783203125
2024-04-06 13:00:00,164.63,162.75144450076147,168.54611523969146,167.65381,176.645751953125
2024-04-06 14:00:00,135.61,136.30034410563263,135.80420922456375,138.87582,136.3971405029297
2024-04-06 15:00:00,99.19,97.1443414345421,96.85176273364492,94.24992,98.46495819091797
2024-04-06 16:00:00,60.034000000000006,54.54057426204025,60.07824368680775,60.21505,63.823455810546875
2024-04-06 17:00:00,21.66,23.158420395055447,22.96218592560003,24.200466,29.35471534729004
2024-04-06 18:00:00,1.564,-0.6431673019562645,1.6651672646837843,1.8004283,3.202709197998047
2024-04-06 19:00:00,0.0,-0.7176160951082382,9.58553011462555e-06,-0.033491172,-0.06432723999023438
2024-04-06 20:00:00,0.0,6.243816896247756,9.58553011462555e-06,0.01696572,-0.07577133178710938
2024-04-06 21:00:00,0.0,5.531306124056064,9.58553011462555e-06,0.045928273,-0.3024864196777344
2024-04-06 22:00:00,0.0,-0.14570292091516812,9.58553011462555e-06,0.036670845,-0.06579971313476562
2024-04-06 23:00:00,0.0,-0.6677519614564584,9.58553011462555e-06,0.024732314,0.25708770751953125
2024-04-07 00:00:00,0.0,0.4749900579198121,9.58553011462555e-06,0.010361312,0.3022003173828125
2024-04-07 01:00:00,0.0,1.4432378724098154,9.58553011462555e-06,0.026700601,0.20143508911132812
2024-04-07 02:00:00,0.0,1.2975980136553487,9.58553011462555e-06,0.03332701,0.18574142456054688
2024-04-07 03:00:00,0.0,0.4437016341663469,9.58553011462555e-06,0.015051673,-0.22921371459960938
2024-04-07 04:00:00,0.0,-0.3823616468277855,9.58553011462555e-06,-0.0041123126,-0.4111213684082031
2024-04-07 05:00:00,0.0,0.6228932059038712,1.5817968586295006e-05,0.028176155,-0.7471122741699219
2024-04-07 06:00:00,3.984,7.231032736182408,6.217192667664279,6.4361205,6.292667388916016
2024-04-07 07:00:00,22.950000000000003,23.276255301811727,24.34516823877876,25.707336,33.95846939086914
2024-04-07 08:00:00,48.20400000000001,56.22747901279799,49.06050420369706,48.959034,48.34063720703125
2024-04-07 09:00:00,79.66000000000001,84.96724855550417,74.4725425717319,76.52335,86.80986022949219
2024-04-07 10:00:00,114.43,111.34100041934286,113.60228576157243,107.72464,121.08413696289062
2024-04-07 11:00:00,147.15,138.83831932692505,145.61094181905617,145.11426,153.55934143066406
2024-04-07 12:00:00,130.734,158.29078226470818,154.73706457293372,144.84235,162.8307342529297
2024-04-07 13:00:00,114.67000000000002,121.12901937604533,131.53078701106406,127.00696,160.3092041015625
2024-04-07 14:00:00,73.83,96.17862191216682,94.76153550360922,99.889595,112.74109649658203
2024-04-07 15:00:00,43.414,51.179630783403574,45.01388271523915,44.5556,77.98603820800781
2024-04-07 16:00:00,25.824,25.066106656610998,26.467053883034282,26.460854,44.79787063598633
2024-04-07 17:00:00,8.316,10.677873338229745,11.128675442034577,11.014675,20.042461395263672
2024-04-07 18:00:00,0.61,-2.795199153593971,1.4565635563423052,0.8475975,3.0025482177734375
2024-04-07 19:00:00,0.0,-1.2695791546909119,9.58553011462555e-06,-0.08474334,0.030017852783203125
2024-04-07 20:00:00,0.0,4.778423630290206,9.58553011462555e-06,0.046989057,-0.07028961181640625
2024-04-07 21:00:00,0.0,1.6666418442580548,9.58553011462555e-06,0.08801391,0.15643692016601562
2024-04-07 22:00:00,0.0,2.740156977061911,9.58553011462555e-06,0.044469915,0.20263671875
2024-04-07 23:00:00,0.0,-0.23162009204394973,9.58553011462555e-06,0.00865217,0.12898635864257812
2024-04-08 00:00:00,0.0,-1.5832326809861135,9.58553011462555e-06,0.003953966,0.3380241394042969
2024-04-08 01:00:00,0.0,-2.3820749828205674,9.58553011462555e-06,0.032412082,0.434295654296875
2024-04-08 02:00:00,0.0,-4.0312799751315795,9.58553011462555e-06,0.030672994,0.3188934326171875
2024-04-08 03:00:00,0.0,-2.167841983118881,9.58553011462555e-06,0.02690687,0.1650238037109375
2024-04-08 04:00:00,0.0,0.6760523679552675,9.58553011462555e-06,0.034833416,0.40476226806640625
2024-04-08 05:00:00,0.0,2.0788812462783586,0.04574538177496382,0.027119197,0.3925018310546875
2024-04-08 06:00:00,3.19,6.714746921103908,6.22581938370297,8.565293,4.950405120849609
2024-04-08 07:00:00,19.97,19.803482938147162,16.408185870129863,15.2932,33.6673469543457
2024-04-08 08:00:00,41.624,47.273834775625495,42.22791831019662,44.06372,55.06189727783203
2024-04-08 09:00:00,62.79,71.74571525933283,68.84523322767348,69.55018,98.99555969238281
2024-04-08 10:00:00,98.076,88.03188574557859,80.20855408297258,86.64577,129.5035400390625
2024-04-08 11:00:00,115.94400000000002,116.906444016774,112.17907583556858,116.74418,139.4403076171875
2024-04-08 12:00:00,139.8,122.50633945616505,125.35576598898234,129.33151,145.81980895996094
2024-04-08 13:00:00,143.04000000000002,137.52251772511002,124.67367060469607,123.37342,140.534912109375
2024-04-08 14:00:00,126.45,124.21022808485657,123.71010171548643,108.578766,135.30975341796875
2024-04-08 15:00:00,70.354,93.40379342151357,95.79920813634544,91.31178,94.19294738769531
2024-04-08 16:00:00,42.246,38.67180883002562,40.466919813115396,37.77781,57.84266662597656
2024-04-08 17:00:00,18.48,21.192169477158693,16.982350344513463,17.651112,23.63196563720703
2024-04-08 18:00:00,1.386,3.743904000902454,1.3563338522737134,1.821517,3.0821380615234375
2024-04-08 19:00:00,0.0,-7.282925236985264,9.58553011462555e-06,0.12686697,-0.32384490966796875
2024-04-08 20:00:00,0.0,-0.42969418538448245,9.58553011462555e-06,-0.03435661,-0.8431625366210938
2024-04-08 21:00:00,0.0,-3.8283673295595126,9.58553011462555e-06,-0.021814061,-0.7722358703613281
2024-04-08 22:00:00,0.0,-0.6718617972831282,9.58553011462555e-06,0.0041672573,-0.2955169677734375
2024-04-08 23:00:00,0.0,-0.6287338838748804,9.58553011462555e-06,-0.020715876,-0.03136444091796875
2024-04-09 00:00:00,0.0,1.2390286508069774,9.58553011462555e-06,-0.0002637935,0.15123748779296875
2024-04-09 01:00:00,0.0,-1.7336677845918835,9.58553011462555e-06,0.0060727727,0.21518325805664062
2024-04-09 02:00:00,0.0,-3.1442572340116337,9.58553011462555e-06,0.0060727727,-0.15266036987304688
2024-04-09 03:00:00,0.0,-5.473672604816962,9.58553011462555e-06,0.0060727727,-0.8879127502441406
2024-04-09 04:00:00,0.0,-0.10870305269357239,9.58553011462555e-06,0.011626967,-0.9849395751953125
2024-04-09 05:00:00,0.0,3.5237472138683685,5.793287248158564e-05,0.038872104,-1.3133964538574219
2024-04-09 06:00:00,3.924,9.639665167117847,6.081043348976465,5.440327,5.2818145751953125
2024-04-09 07:00:00,19.214,25.800597195802233,24.72890396118893,28.193775,36.49523162841797
2024-04-09 08:00:00,32.52,51.63081763477465,40.1658720130081,43.123207,59.02900695800781
2024-04-09 09:00:00,80.71000000000001,67.10853458351096,62.642889833892276,61.821186,90.92330932617188
2024-04-09 10:00:00,112.884,116.17294718021253,107.4690625818651,105.8689,104.83684539794922
2024-04-09 11:00:00,141.14,134.34483311737137,143.15369793217894,138.69415,139.68487548828125
2024-04-09 12:00:00,145.46,147.14316950917848,144.2434658251568,151.95097,148.12432861328125
2024-04-09 13:00:00,123.11,136.57432822081304,141.55845764921224,140.56023,142.63475036621094
2024-04-09 14:00:00,101.73,101.92130207283407,107.73015169624658,102.64754,121.55305480957031
2024-04-09 15:00:00,60.93,73.59721979452601,69.50547267185145,67.82011,84.41813659667969
2024-04-09 16:00:00,35.876,28.883124245136457,37.023426810155875,34.47279,50.58642578125
2024-04-09 17:00:00,15.306,12.564152656930577,12.470780214563115,11.050104,20.154708862304688
2024-04-09 18:00:00,1.22,1.2429624610369352,1.476809357819688,1.4004581,1.5281944274902344
2024-04-09 19:00:00,0.0,-0.7045583058779616,9.58553011462555e-06,0.076157555,-0.42305755615234375
2024-04-09 20:00:00,0.0,10.529158894898309,9.58553011462555e-06,-0.018314876,-0.5555038452148438
2024-04-09 21:00:00,0.0,0.06884275576855092,9.58553011462555e-06,0.004071346,-0.06552886962890625
2024-04-09 22:00:00,0.0,-3.4063760033916877,9.58553011462555e-06,-0.022589652,0.1353912353515625
2024-04-09 23:00:00,0.0,-4.166611632466848,9.58553011462555e-06,0.0023262943,0.29103851318359375
2024-04-10 00:00:00,0.0,-1.1094269302264497,9.58553011462555e-06,0.00065693416,0.4736175537109375
2024-04-10 01:00:00,0.0,0.3287952545482007,9.58553011462555e-06,0.018943517,0.5058135986328125
2024-04-10 02:00:00,0.0,0.2671798517924371,9.58553011462555e-06,0.009626156,0.21437454223632812
2024-04-10 03:00:00,0.0,-3.060508123561166,9.58553011462555e-06,0.008705429,-0.30283355712890625
2024-04-10 04:00:00,0.0,-1.8760629088976177,9.58553011462555e-06,0.011626967,-0.22172164916992188
2024-04-10 05:00:00,0.0,1.1642973991817787,5.793287248158564e-05,0.016070474,-0.6746253967285156
2024-04-10 06:00:00,6.316,7.370259048497118,5.850174333786385,4.9037313,2.8305892944335938
2024-04-10 07:00:00,33.38,29.77141067897025,31.259389749161205,36.259113,28.827556610107422
2024-04-10 08:00:00,68.916,73.01941263267844,68.26004102572686,69.67882,63.719825744628906
2024-04-10 09:00:00,92.784,109.79865783140289,104.72627947729332,104.42231,119.52289581298828
2024-04-10 10:00:00,72.216,121.675157065641,117.65204522250501,119.03221,163.0448455810547
2024-04-10 11:00:00,67.08,74.07176510960005,92.59919612899508,94.27286,173.62606811523438
2024-04-10 12:00:00,99.976,70.40746430318643,83.21152815287196,80.01286,138.40325927734375
2024-04-10 13:00:00,124.906,104.4047896895467,87.64173995290282,96.38512,111.93827819824219
2024-04-10 14:00:00,118.734,116.8123534440171,110.08282670278359,102.625626,102.18074798583984
2024-04-10 15:00:00,92.69,87.18849031879228,85.19130497491969,93.25428,74.17121124267578
2024-04-10 16:00:00,58.99600000000001,50.99454198936449,55.73065611098952,57.601746,41.67267608642578
2024-04-10 17:00:00,22.25,27.968603443162102,22.9077095852236,24.480436,15.33145523071289
2024-04-10 18:00:00,1.7460000000000002,5.61348774013136,1.5820446070089276,1.9993812,0.9278678894042969
2024-04-10 19:00:00,0.0,0.039370549470969074,9.58553011462555e-06,-0.011059664,-0.030620574951171875
2024-04-10 20:00:00,0.0,1.222803064047059,9.58553011462555e-06,-0.046996996,0.21723556518554688
2024-04-10 21:00:00,0.0,-3.4916184359986624,9.58553011462555e-06,0.03235514,0.4604682922363281
2024-04-10 22:00:00,0.0,-2.8904680057514893,9.58553011462555e-06,0.013878229,0.4922332763671875
2024-04-10 23:00:00,0.0,2.982257705306255,9.58553011462555e-06,-0.019158125,0.4416313171386719
2024-04-11 00:00:00,0.0,7.848985512279283,9.58553011462555e-06,-0.019158125,0.4157257080078125
2024-04-11 01:00:00,0.0,4.343888655979621,9.58553011462555e-06,0.011661004,0.376953125
2024-04-11 02:00:00,0.0,3.0995087876628205,9.58553011462555e-06,0.018887669,0.45433807373046875
2024-04-11 03:00:00,0.0,1.9825084900062553,9.58553011462555e-06,0.017308405,0.381866455078125
2024-04-11 04:00:00,0.0,0.7417174303563607,9.58553011462555e-06,0.011754215,0.3186912536621094
2024-04-11 05:00:00,0.0,1.1284665504127753,5.793287248158564e-05,0.016197713,-0.7154197692871094
2024-04-11 06:00:00,2.886,6.625581959552907,6.531023648536245,5.893355,2.8444976806640625
2024-04-11 07:00:00,12.89,20.168221162980423,17.142465825396826,16.122179,24.66851043701172
2024-04-11 08:00:00,16.286,38.68685924029293,35.597366414083915,32.86102,43.26633834838867
2024-04-11 09:00:00,43.41,43.432019818559986,44.73581201305684,40.035133,60.73945617675781
2024-04-11 10:00:00,38.53,71.55215936741354,63.0241473023613,69.70912,59.63377380371094
2024-04-11 11:00:00,54.816,50.72877853074015,62.58472420744393,53.437305,74.64372253417969
2024-04-11 12:00:00,61.370000000000005,63.99980852389201,63.469518648503666,73.81465,84.97311401367188
2024-04-11 13:00:00,43.88,65.80268151159879,72.01719204244313,63.772816,95.99590301513672
2024-04-11 14:00:00,49.42,38.74568101015703,47.06380872718842,52.054775,99.6832504272461
2024-04-11 15:00:00,35.330000000000005,40.890753201684355,45.05420642289109,47.21065,68.11673736572266
2024-04-11 16:00:00,22.144,17.197620544665803,26.872201882823052,27.012838,41.028297424316406
2024-04-11 17:00:00,9.516,6.689695750364876,11.957224027459382,10.423238,20.767314910888672
2024-04-11 18:00:00,0.8560000000000001,-1.285106634570222,1.4004462513249591,1.3811934,5.53631591796875
2024-04-11 19:00:00,0.0,-5.836743687561561,9.58553011462555e-06,0.049301524,0.9596214294433594
2024-04-11 20:00:00,0.0,4.109171297424927,9.58553011462555e-06,-0.038689114,0.1528472900390625
2024-04-11 21:00:00,0.0,-4.296235950694944,9.58553011462555e-06,0.0038236028,0.06586074829101562
2024-04-11 22:00:00,0.0,-7.243864881089921,9.58553011462555e-06,0.00065693416,-0.12400054931640625
2024-04-11 23:00:00,0.0,-5.445353705217444,9.58553011462555e-06,0.00065693416,-0.10941696166992188
2024-04-12 00:00:00,0.0,-3.426255487954346,9.58553011462555e-06,0.00065693416,-0.058238983154296875
2024-04-12 01:00:00,0.0,-2.4121665713490135,9.58553011462555e-06,0.012068759,-0.038669586181640625
2024-04-12 02:00:00,0.0,0.7506224522631042,9.58553011462555e-06,0.006514564,-0.14537429809570312
2024-04-12 03:00:00,0.0,-0.3240574083552472,9.58553011462555e-06,0.006514564,-0.21854400634765625
2024-04-12 04:00:00,0.0,0.468121227686467,9.58553011462555e-06,0.012068759,-0.1508636474609375
2024-04-12 05:00:00,0.0,2.0030548106013555,5.793287248158564e-05,0.016512265,0.034091949462890625
2024-04-12 06:00:00,6.224,6.163429419662014,5.581334718378218,5.1936088,2.2250289916992188
2024-04-12 07:00:00,31.536,27.40177161501927,25.534505708333324,29.481907,22.23892593383789
2024-04-12 08:00:00,61.754,63.89996668632087,64.29202156404287,63.488598,54.355525970458984
2024-04-12 09:00:00,79.49600000000001,98.50679246376257,95.70451977581257,96.093475,103.0126953125
2024-04-12 10:00:00,84.13400000000001,102.28434769044358,98.20199410192141,100.47621,149.38421630859375
2024-04-12 11:00:00,99.516,91.89101331930786,92.38670464861643,92.50597,157.110107421875
2024-04-12 12:00:00,126.81,101.54857378306451,98.41354515395871,99.2345,136.83950805664062
2024-04-12 13:00:00,117.456,123.00956532579033,105.12550289348933,113.22697,121.03951263427734
2024-04-12 14:00:00,38.496,96.72252633527495,100.78083478859455,99.80909,117.2564926147461
2024-04-12 15:00:00,45.864,12.682731547360437,29.84044125341652,29.686193,75.47771453857422
2024-04-12 16:00:00,37.064,33.626130270115496,29.38142001952307,28.14864,28.773178100585938
2024-04-12 17:00:00,15.736000000000002,19.437727741363815,16.345463971112967,19.663216,6.147624969482422
2024-04-12 18:00:00,1.64,1.9110186447442246,1.4295511775096674,1.718657,0.8122138977050781
2024-04-12 19:00:00,0.0,-2.798867269782086,9.58553011462555e-06,-0.008910937,-0.15936660766601562
2024-04-12 20:00:00,0.0,4.684899912261411,9.58553011462555e-06,-0.00859173,0.13158798217773438
2024-04-12 21:00:00,0.0,-0.22540466463758957,9.58553011462555e-06,0.012016824,0.2996711730957031
2024-04-12 22:00:00,0.0,-0.8675582081847271,9.58553011462555e-06,0.0010987257,0.44126129150390625
2024-04-12 23:00:00,0.0,-0.3464279469211524,9.58553011462555e-06,0.0010987257,0.4689788818359375
2024-04-13 00:00:00,0.0,1.7524251824440515,9.58553011462555e-06,0.0066529233,0.4397087097167969
2024-04-13 01:00:00,0.0,-1.835775614891058,9.58553011462555e-06,0.014954219,0.3601264953613281
2024-04-13 02:00:00,0.0,-4.839551144946595,9.58553011462555e-06,0.014954219,0.19931793212890625
2024-04-13 03:00:00,0.0,2.960734008597388,9.58553011462555e-06,0.014954219,0.038768768310546875
2024-04-13 04:00:00,0.0,1.7229344262947075,9.58553011462555e-06,0.018670924,0.26766204833984375
2024-04-13 05:00:00,0.0,1.998164135176813,5.793287248158564e-05,0.023114424,-0.275665283203125
2024-04-13 06:00:00,6.844,6.567971936702101,6.612136662232169,6.2122545,3.6520919799804688
2024-04-13 07:00:00,37.63,28.515210276408688,29.046302193382513,36.332325,24.500205993652344
2024-04-13 08:00:00,75.09,75.23779750621253,77.42107270296508,77.59139,59.833282470703125
2024-04-13 09:00:00,116.276,115.2947004202432,110.97000778286215,108.33749,119.16210174560547
2024-04-13 10:00:00,151.066,148.40834203005693,150.03676490827308,154.67719,162.04811096191406
2024-04-13 11:00:00,171.534,163.17010667475427,170.46075325309334,174.075,182.37557983398438
2024-04-13 12:00:00,188.134,169.5430908074299,177.09043676186928,175.69449,181.43197631835938
2024-04-13 13:00:00,174.506,172.41247043398312,163.84489049062051,172.37407,162.11500549316406
2024-04-13 14:00:00,144.38,139.82474193242734,145.5312806648352,145.714,142.00985717773438
2024-04-13 15:00:00,100.38,99.2115530169138,102.77351262900011,103.7362,108.86492156982422
2024-04-13 16:00:00,61.034000000000006,53.317126234165066,60.03856948717342,60.489777,64.98994445800781
2024-04-13 17:00:00,24.950000000000003,26.31902870563612,24.368368187648958,24.834501,26.81175994873047
2024-04-13 18:00:00,2.054,5.46216789040859,2.0323592790339093,1.9731855,2.5631179809570312
2024-04-13 19:00:00,0.0,-2.2461301777197145,9.58553011462555e-06,0.004424172,0.23047637939453125
2024-04-13 20:00:00,0.0,5.850699955329722,9.58553011462555e-06,0.020363797,0.3240928649902344
2024-04-13 21:00:00,0.0,-0.8682541670101669,9.58553011462555e-06,0.041719057,0.3029441833496094
2024-04-13 22:00:00,0.0,-1.2194366557198348,9.58553011462555e-06,0.0028732447,0.3741722106933594
2024-04-13 23:00:00,0.0,0.9094625855937251,9.58553011462555e-06,0.0061996137,0.4553070068359375
2024-04-14 00:00:00,0.0,3.4999345862073685,9.58553011462555e-06,0.014490207,0.4104270935058594
2024-04-14 01:00:00,0.0,2.654643317348178,9.58553011462555e-06,0.030841563,0.400665283203125
2024-04-14 02:00:00,0.0,3.321811541937926,9.58553011462555e-06,0.022403833,0.2949333190917969
2024-04-14 03:00:00,0.0,2.2866526842461496,9.58553011462555e-06,0.022403833,-0.344482421875
2024-04-14 04:00:00,0.0,3.4344098948855155,9.58553011462555e-06,0.017750196,-0.2674560546875
2024-04-14 05:00:00,0.0,3.792909555895026,5.793287248158564e-05,0.025122724,-0.6635780334472656
2024-04-14 06:00:00,7.194,8.044014827373617,7.958505659064446,7.9108987,3.068401336669922
2024-04-14 07:00:00,35.94,30.212425813097717,36.511705037237796,38.407738,23.683305740356445
2024-04-14 08:00:00,67.12,74.57806154866398,72.68913789749358,74.872505,61.9283447265625
2024-04-14 09:00:00,110.084,106.78073012332788,103.98118520293194,104.442406,115.22611236572266
2024-04-14 10:00:00,151.76,141.86593841446413,146.10860294866478,145.69005,155.86727905273438
2024-04-14 11:00:00,170.476,169.31316059357198,172.29323416396815,172.14565,178.42282104492188
2024-04-14 12:00:00,172.984,173.03805320814058,176.1012325555829,176.7472,176.32684326171875
2024-04-14 13:00:00,165.384,160.99175456370497,159.1603604077338,162.51324,159.4196014404297
2024-04-14 14:00:00,137.834,137.76543939642508,139.30098845832512,139.86145,131.06060791015625
2024-04-14 15:00:00,103.45,97.39277668288085,102.04054604440293,101.7117,101.26630401611328
2024-04-14 16:00:00,62.346,59.563042590194705,59.69831511961329,62.625282,62.46863555908203
2024-04-14 17:00:00,23.494,26.5753301294585,24.065458626265894,24.577961,29.531652450561523
2024-04-14 18:00:00,1.91,3.2988159780802597,1.7699193688237551,2.0884924,3.541370391845703
2024-04-14 19:00:00,0.0,-3.5804519137288953,9.58553011462555e-06,0.0007493931,0.14464187622070312
2024-04-14 20:00:00,0.0,3.2663911026164083,9.58553011462555e-06,-0.2145611,0.3130035400390625
2024-04-14 21:00:00,0.0,-2.7549311503373053,9.58553011462555e-06,0.03217861,0.2332916259765625
2024-04-14 22:00:00,0.0,-2.084973856605334,9.58553011462555e-06,0.029080197,0.10115814208984375
2024-04-14 23:00:00,0.0,-0.50577181237791,9.58553011462555e-06,0.044095177,0.20527267456054688
2024-04-15 00:00:00,0.0,1.8931638625050926,9.58553011462555e-06,0.020497633,0.2921028137207031
2024-04-15 01:00:00,0.0,2.6005627463544574,9.58553011462555e-06,0.032861292,0.2929496765136719
2024-04-15 02:00:00,0.0,3.2155460773407807,9.58553011462555e-06,0.026392393,0.2243194580078125
2024-04-15 03:00:00,0.0,2.734666253440336,9.58553011462555e-06,0.02233552,-0.08961868286132812
2024-04-15 04:00:00,0.0,3.027041558559386,9.58553011462555e-06,0.02233552,-0.15172958374023438
2024-04-15 05:00:00,0.0,4.599758538268659,0.000617765508464849,0.029708043,-0.9267692565917969
2024-04-15 06:00:00,7.776000000000001,9.105614665582477,7.388032405012805,7.9156446,2.7012939453125
2024-04-15 07:00:00,42.546,31.942568227123388,37.70118389978156,37.929127,29.296810150146484
2024-04-15 08:00:00,80.13400000000001,83.23117201878625,83.96854385429867,84.76045,76.03175354003906
2024-04-15 09:00:00,123.66,123.56791699950884,120.11034538770707,120.50994,128.7098388671875
2024-04-15 10:00:00,155.07000000000002,154.45954947637367,159.10800931449,157.5129,166.12628173828125
2024-04-15 11:00:00,173.544,169.7831280027104,177.65828905605014,177.56728,184.87567138671875
2024-04-15 12:00:00,180.034,173.10087499378258,175.97775030199472,178.87471,180.03955078125
2024-04-15 13:00:00,161.356,166.46079214255616,164.1893802128464,163.805,167.592529296875
2024-04-15 14:00:00,137.984,131.48436616281296,132.77382045236737,132.1623,145.59365844726562
2024-04-15 15:00:00,103.366,96.59061281100364,100.20838162629298,97.92327,98.3420639038086
2024-04-15 16:00:00,61.016,59.403902569527325,61.918617569950236,62.46833,64.22008514404297
2024-04-15 17:00:00,24.444000000000003,25.581761658127796,24.383576056811947,24.408518,31.52777099609375
2024-04-15 18:00:00,2.064,3.680638576958554,1.9124531755994183,2.1476495,3.7411956787109375
2024-04-15 19:00:00,0.0,-6.279252217016669,9.58553011462555e-06,-0.039497755,0.2724609375
2024-04-15 20:00:00,0.0,5.068983464964193,9.58553011462555e-06,0.009848469,0.143157958984375
2024-04-15 21:00:00,0.0,-1.8260226996755877,9.58553011462555e-06,-0.13839759,-0.07871246337890625
2024-04-15 22:00:00,0.0,-1.3228653926095282,9.58553011462555e-06,0.043427084,-0.23639297485351562
2024-04-15 23:00:00,0.0,-0.5576028987481614,9.58553011462555e-06,0.04032153,-0.1930999755859375
2024-04-16 00:00:00,0.0,1.6703948624861145,9.58553011462555e-06,0.004993957,-0.03894805908203125
2024-04-16 01:00:00,0.0,3.88688309741349,9.58553011462555e-06,0.02212238,0.08373641967773438
2024-04-16 02:00:00,0.0,5.831035889910197,9.58553011462555e-06,0.04944558,0.0855712890625
2024-04-16 03:00:00,0.0,4.354627621570584,9.58553011462555e-06,0.0368727,-0.15237045288085938
2024-04-16 04:00:00,0.0,3.2115954712100905,9.58553011462555e-06,0.017570058,-0.32892608642578125
2024-04-16 05:00:00,0.0,4.064151417063906,1.699417070797327e-05,0.027734363,-1.00592041015625
2024-04-16 06:00:00,8.28,7.207024615374504,7.903980133277921,8.582152,6.701545715332031
2024-04-16 07:00:00,44.19,31.598051717972155,40.08601535129281,38.14396,35.38618850708008
2024-04-16 08:00:00,83.39,84.90854813618938,83.7155731501333,86.2187,72.97906494140625
2024-04-16 09:00:00,124.23,127.5841057042409,123.2836663079448,124.81857,126.52889251708984
2024-04-16 10:00:00,156.334,155.66102253776972,160.0671462329943,158.60896,165.97036743164062
2024-04-16 11:00:00,175.584,171.21904038659906,179.2837151993339,179.1075,184.22335815429688
2024-04-16 12:00:00,174.76,175.18607648883687,180.7063867173635,179.05495,180.48260498046875
2024-04-16 13:00:00,158.71,158.29544546732325,157.27731261079308,157.49652,171.35479736328125
2024-04-16 14:00:00,125.856,129.30239761264895,130.95657351254576,129.61182,137.1803436279297
2024-04-16 15:00:00,85.10000000000001,86.95387555105381,83.64783313353131,84.096924,83.92098236083984
2024-04-16 16:00:00,50.714,47.162494116821904,51.77689125721596,50.50456,56.11656951904297
2024-04-16 17:00:00,21.476,21.884996287207972,20.005054104280315,20.453331,29.148632049560547
2024-04-16 18:00:00,1.946,4.196261059431503,1.8767866256504941,2.1242878,5.157936096191406
2024-04-16 19:00:00,0.0,-3.885400746527408,9.58553011462555e-06,0.061228834,0.2995262145996094
2024-04-16 20:00:00,0.0,3.494643777169392,9.58553011462555e-06,-0.06618555,-0.06907272338867188
2024-04-16 21:00:00,0.0,-1.2246052638579874,9.58553011462555e-06,0.059384827,-0.38946533203125
2024-04-16 22:00:00,0.0,-2.0532847166258916,9.58553011462555e-06,0.06823813,-0.3988151550292969
2024-04-16 23:00:00,0.0,-0.9598381010166133,9.58553011462555e-06,0.05719618,-0.3251991271972656
2024-04-17 00:00:00,0.0,0.6453755790960329,9.58553011462555e-06,0.055175256,-0.3260154724121094
2024-04-17 01:00:00,0.0,1.3790865083131303,9.58553011462555e-06,-0.01016951,-0.2891082763671875
2024-04-17 02:00:00,0.0,1.8472458060871855,9.58553011462555e-06,0.00297964,-0.4597892761230469
2024-04-17 03:00:00,0.0,0.9534118567798657,9.58553011462555e-06,0.046499155,-1.0040664672851562
2024-04-17 04:00:00,0.0,2.1790328973736734,9.58553011462555e-06,0.07209653,-1.1691169738769531
2024-04-17 05:00:00,0.0,5.020706311120087,0.0,0.033382226,-0.9077186584472656
2024-04-17 06:00:00,8.916,9.182268315889754,7.643035373976636,8.23897,10.190731048583984
2024-04-17 07:00:00,46.486,32.452651483504376,41.18285717122206,40.98824,40.96857452392578
2024-04-17 08:00:00,86.92000000000002,87.98516981949805,88.31757133566798,87.83026,75.75213623046875
2024-04-17 09:00:00,128.116,131.23735748951393,125.71588133115591,127.66602,128.9046173095703
2024-04-17 10:00:00,160.116,161.54952735274006,161.8537250748772,161.7124,164.71240234375
2024-04-17 11:00:00,179.184,176.8600379829813,180.62762428706216,182.57942,181.942138671875
2024-04-17 12:00:00,185.73,179.10860444350504,177.22538859799647,177.97316,177.3323974609375
2024-04-17 13:00:00,169.97000000000003,169.81853737472986,172.04200865379008,174.56789,165.33248901367188
2024-04-17 14:00:00,143.9,136.79905426370377,137.24990457624062,140.70236,144.15310668945312
2024-04-17 15:00:00,108.39,100.04635512017924,102.81325862503374,105.29196,94.33943176269531
2024-04-17 16:00:00,64.416,62.04978936063305,65.52448412034958,64.82218,64.58680725097656
2024-04-17 17:00:00,26.84,25.940636565635742,25.574111355644344,25.321274,36.25646209716797
2024-04-17 18:00:00,2.25,3.3720879590643325,2.1058519045960944,2.4354305,9.049652099609375
2024-04-17 19:00:00,0.0,-9.574575081921502,9.58553011462555e-06,-0.0080190515,0.3200531005859375
2024-04-17 20:00:00,0.0,5.063223081213261,9.58553011462555e-06,-0.048380025,-0.3713722229003906
2024-04-17 21:00:00,0.0,-0.018120279528742955,9.58553011462555e-06,-0.014487809,-0.3338127136230469
2024-04-17 22:00:00,0.0,0.5775156162699258,9.58553011462555e-06,-0.10636361,-0.3217315673828125
2024-04-17 23:00:00,0.0,0.31978905981561834,9.58553011462555e-06,-0.081712805,-0.11127090454101562
2024-04-18 00:00:00,0.0,2.4234153788423125,9.58553011462555e-06,-0.09788505,0.07835006713867188
2024-04-18 01:00:00,0.0,5.833412433471372,9.58553011462555e-06,0.06710553,0.20845413208007812
2024-04-18 02:00:00,0.0,6.037484412726556,9.58553011462555e-06,0.08540804,0.1170196533203125
2024-04-18 03:00:00,0.0,3.24384088349035,9.58553011462555e-06,0.02149551,-0.3334541320800781
2024-04-18 04:00:00,0.0,1.9291915509290885,9.58553011462555e-06,0.03168021,-0.7347297668457031
2024-04-18 05:00:00,0.0,3.4636618496898706,0.014280000000000001,0.040550053,-0.9855194091796875
2024-04-18 06:00:00,11.19,7.845984768660969,8.901260020121908,8.924985,8.366313934326172
2024-04-18 07:00:00,52.58,39.34928484115252,45.92921967809778,44.411858,38.29716873168945
2024-04-18 08:00:00,99.96,100.5876380620985,98.8735632981391,97.59053,82.19302368164062
2024-04-18 09:00:00,142.384,152.48919435914434,138.6830958807147,139.61436,133.3558349609375
2024-04-18 10:00:00,174.524,178.6755978094364,171.21466883798752,172.44649,171.08013916015625
2024-04-18 11:00:00,193.534,189.5695046803559,182.06914839628107,182.92589,187.27365112304688
2024-04-18 12:00:00,198.43,193.71555952231918,192.19052496638653,184.74644,186.61874389648438
2024-04-18 13:00:00,187.44000000000003,182.49029931934976,186.98566000000005,184.84636,175.05224609375
2024-04-18 14:00:00,162.07600000000002,154.01376283228447,160.55598000000015,157.47491,150.42039489746094
2024-04-18 15:00:00,124.87,112.16584365354461,127.0910200000001,123.07502,117.65421295166016
2024-04-18 16:00:00,79.534,69.55916920255129,79.60991515151524,79.2428,79.08206176757812
2024-04-18 17:00:00,34.14,34.58416675132759,33.60149999999998,33.904373,37.721221923828125
2024-04-18 18:00:00,2.6300000000000003,5.9779873074474885,3.099141708908253,4.078726,5.855323791503906
2024-04-18 19:00:00,0.0,-11.951265068289878,0.06801888353687215,-0.20642793,-0.0189971923828125
2024-04-18 20:00:00,0.0,6.133736574690051,9.58553011462555e-06,-0.0017363711,-0.16745758056640625
2024-04-18 21:00:00,0.0,-2.4160381862271447,9.58553011462555e-06,0.00536904,-0.267852783203125
2024-04-18 22:00:00,0.0,-1.978742096255619,9.58553011462555e-06,-0.10371047,-0.3878631591796875
2024-04-18 23:00:00,0.0,-0.35647814409043743,9.58553011462555e-06,-0.12724777,-0.2740478515625
2024-04-19 00:00:00,0.0,2.231715925167542,9.58553011462555e-06,-0.08432533,-0.0549163818359375
2024-04-19 01:00:00,0.0,8.881429311484428,9.58553011462555e-06,0.07953148,0.1519012451171875
2024-04-19 02:00:00,0.0,9.150239610497744,9.58553011462555e-06,0.091149084,-0.01641845703125
2024-04-19 03:00:00,0.0,6.085058719422632,9.58553011462555e-06,0.07870609,-0.5533256530761719
2024-04-19 04:00:00,0.0,4.102253008063842,9.58553011462555e-06,0.08020341,-0.873809814453125
2024-04-19 05:00:00,0.0,3.707413389407085,0.014522857142857145,0.079682805,-1.0788040161132812
2024-04-19 06:00:00,9.716,7.714254662602933,10.412122792168207,11.115837,6.182704925537109
2024-04-19 07:00:00,44.164,39.45403138157197,41.17673391777585,40.61975,33.982078552246094
2024-04-19 08:00:00,89.92000000000002,91.18293746612454,84.82150370921134,85.243004,77.62975311279297
2024-04-19 09:00:00,141.38,139.1738285700081,131.55208350292006,128.35246,122.72238159179688
2024-04-19 10:00:00,173.54000000000002,186.21239920279592,168.51138423574656,171.89735,162.141357421875
2024-04-19 11:00:00,192.75,189.6445263926158,190.65230037958702,187.6609,184.29776000976562
2024-04-19 12:00:00,191.216,193.10522438342286,194.5149799999999,188.51834,187.29544067382812
2024-04-19 13:00:00,179.716,172.4550183074785,177.09865759689922,182.90642,175.45831298828125
2024-04-19 14:00:00,154.08,146.06153933325285,151.97386000000003,151.55725,143.98374938964844
2024-04-19 15:00:00,117.024,109.52074240060912,110.85334799999998,113.48857,113.49319458007812
2024-04-19 16:00:00,71.98400000000001,65.04132549808153,73.09292280845953,71.52859,75.24342346191406
2024-04-19 17:00:00,28.804,30.046985677679253,30.78822695238096,29.859873,34.60648727416992
2024-04-19 18:00:00,2.454,3.639339651550081,2.2652269476917284,2.8889287,4.1475830078125
2024-04-19 19:00:00,0.0,-7.637451143832938,0.0016284417117561957,0.028017083,0.002780914306640625
2024-04-19 20:00:00,0.0,6.997701062353716,9.58553011462555e-06,-0.118095234,-0.08565139770507812
2024-04-19 21:00:00,0.0,5.311755796831726,9.58553011462555e-06,0.1597809,-0.39749908447265625
2024-04-19 22:00:00,0.0,-1.114899637365574,9.58553011462555e-06,0.100581124,-0.5859336853027344
2024-04-19 23:00:00,0.0,-0.8440655661301388,9.58553011462555e-06,0.0555845,-0.4098777770996094
2024-04-20 00:00:00,0.0,1.1476605975636138,9.58553011462555e-06,0.0365125,-0.13354110717773438
2024-04-20 01:00:00,0.0,5.141808367803167,9.58553011462555e-06,0.06568366,0.00379180908203125
2024-04-20 02:00:00,0.0,6.8352881318276495,9.58553011462555e-06,0.038816907,-0.17589950561523438
2024-04-20 03:00:00,0.0,3.712877729640228,9.58553011462555e-06,0.027918907,-0.7964248657226562
2024-04-20 04:00:00,0.0,0.6333580092791005,9.58553011462555e-06,0.025590044,-1.1548118591308594
2024-04-20 05:00:00,0.0,0.38016571994697124,0.010320000000000001,0.06530276,-0.7156906127929688
2024-04-20 06:00:00,9.294,4.315886914511575,9.873422474716438,10.268869,9.12791633605957
2024-04-20 07:00:00,39.53,34.07973849966586,41.70867633531874,39.857162,40.57644271850586
2024-04-20 08:00:00,83.38,81.61010111080864,78.6504136046562,78.83095,73.31600952148438
2024-04-20 09:00:00,119.42000000000002,131.47078637089294,122.96123574307938,125.24421,117.44198608398438
2024-04-20 10:00:00,163.906,157.3096748410503,155.15494683396818,152.38612,159.23306274414062
2024-04-20 11:00:00,184.506,184.33476555958546,181.43226993847367,182.75244,177.7276611328125
2024-04-20 12:00:00,181.33,188.87242011358163,181.4690083134921,183.30672,179.70980834960938
2024-04-20 13:00:00,170.284,165.48035866275697,168.93609219242404,170.62343,169.82431030273438
2024-04-20 14:00:00,145.02,141.05358933706657,141.42464048173102,142.2116,134.9326171875
2024-04-20 15:00:00,107.994,103.96688238688392,106.18517725770347,106.11658,98.77378845214844
2024-04-20 16:00:00,64.024,61.08792345510144,64.40298122320978,65.05199,67.06629180908203
2024-04-20 17:00:00,24.986000000000004,26.171742966993214,25.450374739113823,25.683294,34.59624481201172
2024-04-20 18:00:00,2.036,2.7192448532122473,2.1024834025075605,2.354099,7.017910003662109
2024-04-20 19:00:00,0.0,-6.922623806177156,9.58553011462555e-06,0.0873905,0.08953475952148438
2024-04-20 20:00:00,0.0,6.632417732179716,9.58553011462555e-06,-0.052502386,-0.32433319091796875
2024-04-20 21:00:00,0.0,2.472422438970021,9.58553011462555e-06,0.017774677,-0.5841102600097656
2024-04-20 22:00:00,0.0,0.2645604463436406,9.58553011462555e-06,0.057478882,-0.6436805725097656
2024-04-20 23:00:00,0.0,-0.20908958362785324,9.58553011462555e-06,0.06008047,-0.4725532531738281
2024-04-21 00:00:00,0.0,0.7961001801576595,9.58553011462555e-06,0.028454524,-0.33055877685546875
2024-04-21 01:00:00,0.0,3.911384334936253,9.58553011462555e-06,0.04002066,-0.17702102661132812
2024-04-21 02:00:00,0.0,3.6425055305028575,9.58553011462555e-06,0.032928944,-0.2669029235839844
2024-04-21 03:00:00,0.0,1.5362465470142341,9.58553011462555e-06,0.06453154,-0.7751502990722656
2024-04-21 04:00:00,0.0,1.4607443130799416,9.58553011462555e-06,0.050385106,-1.2960433959960938
2024-04-21 05:00:00,0.0,3.4610229634780136,0.00966,0.042610176,-0.7029533386230469
2024-04-21 06:00:00,9.266,7.814831184389439,8.288206761768926,8.52224,11.654317855834961
2024-04-21 07:00:00,39.736,35.492506053666006,41.548064821901356,39.656086,42.58835220336914
2024-04-21 08:00:00,75.924,81.9198484257511,79.36999170863164,78.99418,68.75680541992188
2024-04-21 09:00:00,110.634,124.5970317515274,115.6746854542593,115.41472,116.07515716552734
2024-04-21 10:00:00,156.38,145.1233580642605,147.46909030055937,144.49823,153.98284912109375
2024-04-21 11:00:00,178.23000000000002,176.49435949520264,175.74448671719765,174.3633,173.68612670898438
2024-04-21 12:00:00,165.806,182.4134002692407,173.5433112115529,178.27052,175.94537353515625
2024-04-21 13:00:00,143.734,149.4062949457483,157.34084335493765,153.8999,161.2846221923828
2024-04-21 14:00:00,125.056,119.71483620242765,117.91248986319891,117.3409,129.28533935546875
2024-04-21 15:00:00,90.76,90.27774727541345,86.96639837758096,89.20628,87.09648132324219
2024-04-21 16:00:00,54.216,50.09798042669375,55.248419942336405,55.318913,60.42820739746094
2024-04-21 17:00:00,20.536,21.50792575922142,23.063600482295488,22.88723,31.340972900390625
2024-04-21 18:00:00,1.58,0.8130159374390926,1.8980831771102187,1.816363,5.290077209472656
2024-04-21 19:00:00,0.0,-6.529237592345495,9.58553011462555e-06,0.034703434,-0.08880996704101562
2024-04-21 20:00:00,0.0,6.389249244755041,9.58553011462555e-06,-0.044555426,-0.4380950927734375
2024-04-21 21:00:00,0.0,0.8787817833913243,9.58553011462555e-06,-0.001061792,-0.3123435974121094
2024-04-21 22:00:00,0.0,-0.5577751240670139,9.58553011462555e-06,0.023164,-0.2293243408203125
2024-04-21 23:00:00,0.0,-1.1701434995603055,9.58553011462555e-06,0.0976229,-0.00638580322265625
2024-04-22 00:00:00,0.0,-0.02507879842417715,9.58553011462555e-06,0.074507914,0.13189315795898438
2024-04-22 01:00:00,0.0,3.337425576916644,9.58553011462555e-06,0.08573295,0.17740249633789062
2024-04-22 02:00:00,0.0,5.519188201464818,9.58553011462555e-06,-0.39454353,-0.01869964599609375
2024-04-22 03:00:00,0.0,2.4299366095802704,9.58553011462555e-06,0.00977928,-0.40947723388671875
2024-04-22 04:00:00,0.0,2.643328816958922,9.58553011462555e-06,-0.012886388,-0.8264312744140625
2024-04-22 05:00:00,0.0,4.336157967980588,0.01712,0.029475804,-1.117401123046875
2024-04-22 06:00:00,9.056,9.59699652344677,8.204158743366039,9.201711,5.236846923828125
2024-04-22 07:00:00,35.64,34.44076425761707,40.39443464383692,39.04849,27.638015747070312
2024-04-22 08:00:00,70.48400000000001,74.29523975227008,69.0175438471491,70.73804,56.849388122558594
2024-04-22 09:00:00,100.22,113.61756023814746,104.69678377659608,105.53116,101.51310729980469
2024-04-22 10:00:00,132.03,129.7668515123476,129.4181002469132,133.76422,140.1014404296875
2024-04-22 11:00:00,141.624,147.91913257557184,146.34553854705996,147.14673,163.8431396484375
2024-04-22 12:00:00,129.54000000000002,142.64065185830637,136.04176268322192,136.33167,164.520751953125
2024-04-22 13:00:00,126.956,116.54394232163358,118.44637956225338,122.10379,137.7398681640625
2024-04-22 14:00:00,113.366,107.21890413896321,103.62216251854184,101.60513,112.01284790039062
2024-04-22 15:00:00,80.35000000000001,79.32050889993644,86.805607191596,84.21285,86.12559509277344
2024-04-22 16:00:00,52.45,41.22623563293281,51.18171367768358,49.097866,57.484519958496094
2024-04-22 17:00:00,21.33,21.9024348456599,21.041260314494284,23.029123,28.770536422729492
2024-04-22 18:00:00,1.7960000000000005,2.2693083034740145,1.9398603958639848,2.1090455,4.741802215576172
2024-04-22 19:00:00,0.0,-4.867130874524593,9.58553011462555e-06,-0.01787643,0.14430999755859375
2024-04-22 20:00:00,0.0,3.132599746041034,9.58553011462555e-06,0.019484246,-0.24002456665039062
2024-04-22 21:00:00,0.0,-2.1555120863978905,9.58553011462555e-06,0.039656732,-0.4124641418457031
2024-04-22 22:00:00,0.0,-4.754203144361493,9.58553011462555e-06,0.020282347,-0.55224609375
2024-04-22 23:00:00,0.0,-5.089493779231929,9.58553011462555e-06,0.10358733,-0.5022392272949219
2024-04-23 00:00:00,0.0,-0.1713755890697124,9.58553011462555e-06,0.12008784,-0.5032958984375
2024-04-23 01:00:00,0.0,1.7711573219015984,9.58553011462555e-06,0.015053431,-0.665740966796875
2024-04-23 02:00:00,0.0,3.547363758520847,9.58553011462555e-06,0.07610088,-0.8854904174804688
2024-04-23 03:00:00,0.0,1.5842045987693583,9.58553011462555e-06,0.07610088,-1.2382392883300781
2024-04-23 04:00:00,0.0,3.1127763917680724,9.58553011462555e-06,0.07471805,-1.4997711181640625
2024-04-23 05:00:00,0.0,5.475648652047086,0.015940000000000003,0.052928332,-0.9515724182128906
2024-04-23 06:00:00,8.816,9.182301145818524,8.463642420083616,8.428521,10.359882354736328
2024-04-23 07:00:00,33.160000000000004,30.98227173272148,40.845929289290204,38.431396,41.25351333618164
2024-04-23 08:00:00,65.476,71.47564598299076,67.43434120071505,66.84732,73.2519760131836
2024-04-23 09:00:00,102.39,105.43613517858867,91.23839027629825,97.474495,100.11219787597656
2024-04-23 10:00:00,134.544,131.79865668897122,132.46292811616308,139.4995,129.0264892578125
2024-04-23 11:00:00,164.57600000000002,151.4553729520188,150.99242201948053,154.11592,155.61569213867188
2024-04-23 12:00:00,177.70600000000002,168.7945630048854,162.20580865975253,160.99222,162.03968811035156
2024-04-23 13:00:00,169.72000000000003,167.37596468332674,160.06740587243755,164.81168,154.39788818359375
2024-04-23 14:00:00,140.734,138.58843338228013,139.34675073999836,142.6855,142.79620361328125
2024-04-23 15:00:00,111.634,96.2634009605409,98.64733565698954,103.79405,111.88965606689453
2024-04-23 16:00:00,67.54,66.58687476274727,69.92701854042305,71.49264,71.39996337890625
2024-04-23 17:00:00,27.854000000000003,30.005739020555538,28.466819059829053,28.168737,34.1862678527832
2024-04-23 18:00:00,2.354,6.14093049178997,2.4736369858432883,3.350911,5.626979827880859
2024-04-23 19:00:00,0.0,-6.9357823864237815,9.58553011462555e-06,0.45936042,0.2621040344238281
2024-04-23 20:00:00,0.0,2.8084645852384575,9.58553011462555e-06,-0.04427442,0.09600067138671875
2024-04-23 21:00:00,0.0,-0.20360128306123482,9.58553011462555e-06,-0.018508382,-0.23353958129882812
2024-04-23 22:00:00,0.0,0.30431912648794057,9.58553011462555e-06,0.10905117,-0.16691970825195312
2024-04-23 23:00:00,0.0,3.688463580623889,9.58553011462555e-06,0.16435574,-0.03798675537109375
2024-04-24 00:00:00,0.0,3.652170292666412,9.58553011462555e-06,0.18583381,0.0958099365234375
2024-04-24 01:00:00,0.0,4.562582867660611,9.58553011462555e-06,0.1326922,0.2856101989746094
2024-04-24 02:00:00,0.0,5.775054940580791,9.58553011462555e-06,0.108482525,-0.14918136596679688
2024-04-24 03:00:00,0.0,5.030092350603811,9.58553011462555e-06,-0.015338767,-1.0975418090820312
2024-04-24 04:00:00,0.0,3.3879047536581997,9.58553011462555e-06,0.0034736868,-1.1664352416992188
2024-04-24 05:00:00,0.0,3.674942249542049,0.008579999999999999,0.06682995,-0.21398544311523438
2024-04-24 06:00:00,9.424,6.559617259046689,10.055664941509805,8.782183,10.923410415649414
2024-04-24 07:00:00,39.04,33.27904375703501,41.514675320308285,40.013313,37.233245849609375
2024-04-24 08:00:00,74.896,80.04580309499758,78.43856132751269,77.50651,66.21910095214844
2024-04-24 09:00:00,122.7,115.61790500751346,111.99551323244565,111.51341,114.75556945800781
2024-04-24 10:00:00,161.21,154.17713142050206,154.72194199383483,158.42245,155.5831298828125
2024-04-24 11:00:00,178.94000000000003,179.49271183789355,178.8476063811918,183.29904,178.31185913085938
2024-04-24 12:00:00,165.79000000000002,181.5769182899988,175.10840105856656,181.43535,179.07928466796875
2024-04-24 13:00:00,137.04000000000002,151.05047437730107,158.60584941582906,158.8045,164.73638916015625
2024-04-24 14:00:00,105.98,111.32670617909642,111.1505515025562,108.18188,136.14767456054688
2024-04-24 15:00:00,78.57600000000001,73.39125699377985,66.03730185651357,64.41922,88.00676727294922
2024-04-24 16:00:00,48.35,46.01335684056624,47.51775927932212,45.455276,55.841636657714844
2024-04-24 17:00:00,20.206000000000003,22.211094516178363,20.193001753374077,20.942648,27.521900177001953
2024-04-24 18:00:00,1.954,4.375736934355009,1.9583853473143897,1.6786742,3.1272430419921875
2024-04-24 19:00:00,0.0,-7.0777543159777645,9.58553011462555e-06,0.008770349,-0.25788116455078125
2024-04-24 20:00:00,0.0,-0.7312860091415887,9.58553011462555e-06,-0.06955342,-0.6635322570800781
2024-04-24 21:00:00,0.0,-3.0351294149240076,9.58553011462555e-06,-0.07661449,-0.5556716918945312
2024-04-24 22:00:00,0.0,-1.4214329761012552,9.58553011462555e-06,0.017823959,-0.176910400390625
2024-04-24 23:00:00,0.0,-0.8115448701523826,9.58553011462555e-06,0.017823959,0.010425567626953125
2024-04-25 00:00:00,0.0,-1.2236882525988388,9.58553011462555e-06,0.028868934,0.12774276733398438
2024-04-25 01:00:00,0.0,0.15000869918588666,9.58553011462555e-06,0.011864704,0.23293685913085938
2024-04-25 02:00:00,0.0,4.235038434236056,9.58553011462555e-06,0.011912192,-0.2039947509765625
2024-04-25 03:00:00,0.0,4.767540644685376,9.58553011462555e-06,0.038314674,-0.7046012878417969
2024-04-25 04:00:00,0.0,4.9861273723423825,9.58553011462555e-06,-0.3670832,-0.7480506896972656
2024-04-25 05:00:00,0.0,5.101777358511699,0.019180000000000003,0.030238891,-0.3094291687011719
2024-04-25 06:00:00,11.25,6.856766281461779,8.919890250561425,8.538409,10.994247436523438
2024-04-25 07:00:00,48.94,36.17221422077284,44.6423130944592,42.779907,37.291900634765625
2024-04-25 08:00:00,87.88400000000001,90.74490624307322,88.84748046474246,90.79978,72.74089050292969
2024-04-25 09:00:00,128.31,132.34397718368905,128.64812034622804,130.03096,126.12004089355469
2024-04-25 10:00:00,159.924,155.29023377168738,158.1445156104562,161.2581,165.43185424804688
2024-04-25 11:00:00,178.69000000000003,172.39969103600072,173.0725688399524,178.44989,183.27297973632812
2024-04-25 12:00:00,183.894,177.4037580320123,176.82978935294116,173.98448,178.95504760742188
2024-04-25 13:00:00,164.14,168.6670742595516,162.03334924959879,164.07883,165.16384887695312
2024-04-25 14:00:00,133.434,133.48266033332274,125.18445168456279,130.60323,137.93304443359375
2024-04-25 15:00:00,97.0,91.05011988565124,95.6339422560772,86.71935,102.44709777832031
2024-04-25 16:00:00,57.96000000000001,55.37240665963276,59.22229137078679,58.977306,63.30816650390625
2024-04-25 17:00:00,25.814,25.839631692614734,24.168507607015798,23.594652,30.455318450927734
2024-04-25 18:00:00,2.49,7.02427640539806,2.4368344909850173,2.0832942,3.3901596069335938
2024-04-25 19:00:00,0.0,-8.362146115602481,9.58553011462555e-06,-0.2646346,-0.10611343383789062
2024-04-25 20:00:00,0.0,3.6686108060990286,9.58553011462555e-06,-0.11225763,-0.146759033203125
2024-04-25 21:00:00,0.0,-2.742546387270354,9.58553011462555e-06,0.05504687,-0.1917266845703125
2024-04-25 22:00:00,0.0,-0.8247199301929378,9.58553011462555e-06,0.057719752,-0.2814979553222656
2024-04-25 23:00:00,0.0,0.694935134649767,9.58553011462555e-06,0.019608289,-0.09102630615234375
2024-04-26 00:00:00,0.0,1.2897570949965047,9.58553011462555e-06,0.08601956,0.0739898681640625
2024-04-26 01:00:00,0.0,3.9075811171475188,9.58553011462555e-06,0.05858383,0.16546630859375
2024-04-26 02:00:00,0.0,5.321175908999768,9.58553011462555e-06,0.050919842,0.09157180786132812
2024-04-26 03:00:00,0.0,4.194159961378963,9.58553011462555e-06,0.030795146,-0.2795295715332031
2024-04-26 04:00:00,0.0,3.7706510503804314,9.58553011462555e-06,0.030603494,-0.4796142578125
2024-04-26 05:00:00,0.0,4.254899140699196,0.02266,0.02799042,-0.7100715637207031
2024-04-26 06:00:00,10.8,6.389707217116015,10.602851119599858,10.607462,11.266845703125
2024-04-26 07:00:00,47.576,34.72754804963975,43.60182069735469,42.032154,42.386009216308594
2024-04-26 08:00:00,89.13,88.96767279454338,87.63215500392374,87.992325,73.41287231445312
2024-04-26 09:00:00,129.75,135.55018584137088,131.87601318350028,129.37343,127.04550170898438
2024-04-26 10:00:00,160.78,161.94499862168496,162.96952732051156,164.46739,165.21905517578125
2024-04-26 11:00:00,178.94000000000003,176.03171365910765,180.56974524107125,182.11768,181.208984375
2024-04-26 12:00:00,183.06,179.17473817004748,175.46591473200243,174.39632,177.2454833984375
2024-04-26 13:00:00,154.04000000000002,168.98004069778617,159.68261692440564,164.1005,162.90501403808594
2024-04-26 14:00:00,128.6,125.35922714938494,126.4017356797747,129.8241,137.8404541015625
2024-04-26 15:00:00,92.14,91.4983358683464,81.95762300257893,74.392075,92.594970703125
2024-04-26 16:00:00,56.99,52.453748324176104,55.64000895837481,56.52938,57.796913146972656
2024-04-26 17:00:00,24.736000000000004,25.366211343226055,24.033933714226205,23.492361,31.339359283447266
2024-04-26 18:00:00,2.4600000000000004,4.736003480445131,2.4035512058686748,2.457277,5.525302886962891
2024-04-26 19:00:00,0.0,-8.69728169713413,9.58553011462555e-06,0.08403499,0.10838699340820312
2024-04-26 20:00:00,0.0,3.22137267918478,9.58553011462555e-06,-0.06366131,-0.3998870849609375
2024-04-26 21:00:00,0.0,-0.7677313636358436,9.58553011462555e-06,0.032441527,-0.7366065979003906
2024-04-26 22:00:00,0.0,-0.9518692783778322,9.58553011462555e-06,0.012500052,-0.7574920654296875
2024-04-26 23:00:00,0.0,-0.16928855795797215,9.58553011462555e-06,0.065448925,-0.6229248046875
2024-04-27 00:00:00,0.0,-0.03296399445742626,9.58553011462555e-06,0.035517927,-0.5213890075683594
2024-04-27 01:00:00,0.0,1.636464338206741,9.58553011462555e-06,0.041822955,-0.4425697326660156
2024-04-27 02:00:00,0.0,4.558217192135167,9.58553011462555e-06,0.050919842,-0.51861572265625
2024-04-27 03:00:00,0.0,2.566452155076485,9.58553011462555e-06,0.03161718,-0.9998703002929688
2024-04-27 04:00:00,0.0,3.1551722635398978,9.58553011462555e-06,0.023679776,-1.3634796142578125
2024-04-27 05:00:00,0.0,4.029173609819729,0.015459999999999998,0.0030744802,-0.55950927734375
2024-04-27 06:00:00,10.716,6.735721763794729,10.851925623752715,10.736925,12.657951354980469
2024-04-27 07:00:00,47.74,35.29114286552753,42.730422192737436,42.4624,44.31801986694336
2024-04-27 08:00:00,85.48400000000001,90.29645414887494,88.08608325718258,87.882866,72.82471466064453
2024-04-27 09:00:00,129.33,132.3968722967096,123.83432488374109,124.7639,123.1281509399414
2024-04-27 10:00:00,161.61,164.62666823720545,158.70505306322352,161.18738,159.96893310546875
2024-04-27 11:00:00,180.676,177.21918859495364,178.97226996444408,182.79839,178.71292114257812
2024-04-27 12:00:00,172.96,180.1664375427171,175.6027485242064,178.63034,176.35906982421875
2024-04-27 13:00:00,162.72400000000002,155.39436008586136,153.67717111423107,153.1984,161.31619262695312
2024-04-27 14:00:00,137.644,134.85128343376613,127.19556638272738,130.98064,135.05154418945312
2024-04-27 15:00:00,102.916,97.36061834004002,99.40887131256544,98.29917,100.77906799316406
2024-04-27 16:00:00,64.49600000000001,58.40529847539512,62.577206154667586,62.618374,66.7092056274414
2024-04-27 17:00:00,28.410000000000004,28.45990735341683,25.97188496142092,25.665041,33.95927429199219
2024-04-27 18:00:00,2.4760000000000004,5.5174479485234045,2.6221491402113037,2.4808657,7.035739898681641
2024-04-27 19:00:00,0.0,-7.5839461803477315,9.58553011462555e-06,0.08938997,0.02386474609375
2024-04-27 20:00:00,0.0,2.754385215794663,9.58553011462555e-06,0.0056624995,-0.4475593566894531
2024-04-27 21:00:00,0.0,-0.5713742134549316,9.58553011462555e-06,0.0107193915,-0.5964241027832031
2024-04-27 22:00:00,0.0,-2.014628779923804,9.58553011462555e-06,0.08316746,-0.6196975708007812
2024-04-27 23:00:00,0.0,0.5508018137082926,9.58553011462555e-06,0.10555446,-0.3592414855957031
2024-04-28 00:00:00,0.0,1.6459407181839074,9.58553011462555e-06,0.082867846,-0.1694183349609375
2024-04-28 01:00:00,0.0,3.945885546775761,9.58553011462555e-06,0.04219957,-0.05966949462890625
2024-04-28 02:00:00,0.0,5.452178462265104,9.58553011462555e-06,0.044293426,-0.18346023559570312
2024-04-28 03:00:00,0.0,4.228645033017671,9.58553011462555e-06,0.013151108,-0.6247596740722656
2024-04-28 04:00:00,0.0,4.246475085392069,9.58553011462555e-06,0.10463639,-1.0110015869140625
2024-04-28 05:00:00,0.0,4.850359093633134,0.0207,0.14166164,-0.357666015625
2024-04-28 06:00:00,11.524,8.668610524884869,11.254904380686428,10.733381,12.950813293457031
2024-04-28 07:00:00,47.99,37.228694047521095,43.361745853730035,44.24743,42.8300895690918
2024-04-28 08:00:00,89.63,91.79030531117937,87.62166204652533,86.59225,75.92591094970703
2024-04-28 09:00:00,130.644,135.9865680208387,129.89236431523372,129.49791,124.12925720214844
2024-04-28 10:00:00,161.97000000000003,164.70661143130357,162.75564352308984,164.13503,161.77926635742188
2024-04-28 11:00:00,180.45,177.87641406409213,177.75655687943126,184.46535,178.53433227539062
2024-04-28 12:00:00,172.5,181.9765408364477,176.866774794681,170.70395,175.69134521484375
2024-04-28 13:00:00,158.984,157.10805154222405,154.57887705553367,154.02675,160.2275390625
2024-04-28 14:00:00,129.79000000000002,131.75694899377922,129.72157899225803,128.96742,126.70420837402344
2024-04-28 15:00:00,92.966,90.65706559915287,90.05640293205562,84.890686,94.69813537597656
2024-04-28 16:00:00,57.504,51.48213544849405,55.54917451228689,56.41467,60.85499954223633
2024-04-28 17:00:00,22.32,24.608458681920723,24.21795893491338,23.464075,31.00892448425293
2024-04-28 18:00:00,2.196,2.0032661918025347,2.205449293500233,1.9670602,5.852512359619141
2024-04-28 19:00:00,0.0,-5.671419905223001,9.58553011462555e-06,0.42387307,0.08209609985351562
2024-04-28 20:00:00,0.0,1.2500724469553983,9.58553011462555e-06,0.12214143,-0.3402557373046875
2024-04-28 21:00:00,0.0,-0.5833756587030097,9.58553011462555e-06,0.045723557,-0.41867828369140625
2024-04-28 22:00:00,0.0,-0.9230368225280765,9.58553011462555e-06,0.10188121,-0.4322052001953125
2024-04-28 23:00:00,0.0,0.7379242168043172,9.58553011462555e-06,0.10616157,-0.20955276489257812
2024-04-29 00:00:00,0.0,2.523314111934676,9.58553011462555e-06,0.077254795,-0.020610809326171875
2024-04-29 01:00:00,0.0,3.5070927563101986,9.58553011462555e-06,0.08918411,0.10406875610351562
2024-04-29 02:00:00,0.0,5.208247854900657,9.58553011462555e-06,0.06456281,-0.08373641967773438
2024-04-29 03:00:00,0.0,5.050270360812361,9.58553011462555e-06,0.001532841,-0.45633697509765625
2024-04-29 04:00:00,0.0,5.258832926222027,9.58553011462555e-06,0.0011602775,-0.910064697265625
2024-04-29 05:00:00,0.0,5.596013910375005,0.026619999999999998,0.06881965,-1.1392364501953125
2024-04-29 06:00:00,9.990000000000002,8.688099781792669,10.67503387080237,8.816277,8.493732452392578
2024-04-29 07:00:00,40.94,33.26626729505156,40.097514828752196,39.914997,37.63796615600586
2024-04-29 08:00:00,72.254,79.9366681815944,77.92721938649544,77.89557,65.53431701660156
2024-04-29 09:00:00,107.91,114.7189154145268,105.39064150171473,110.48869,114.13604736328125
2024-04-29 10:00:00,147.94400000000002,136.7414643950899,139.94780900162675,141.52347,147.242431640625
2024-04-29 11:00:00,171.17000000000002,166.6606633480521,166.41381530020587,168.0165,165.4394073486328
2024-04-29 12:00:00,156.294,175.7778991225222,167.0977230353288,169.94583,168.62686157226562
2024-04-29 13:00:00,144.87,142.27646242208624,143.5355275119915,142.04262,159.4720916748047
2024-04-29 14:00:00,116.09000000000002,122.29568469401954,120.7847996818934,121.48479,125.38019561767578
2024-04-29 15:00:00,80.366,81.68072126311796,82.33106494474549,83.225,79.05821990966797
2024-04-29 16:00:00,49.804,45.90482766775653,49.386294947711875,47.63179,57.66796112060547
2024-04-29 17:00:00,19.214,22.883279411717538,20.51295155415724,20.685411,29.368907928466797
2024-04-29 18:00:00,2.02,2.1190610133488406,1.8995558800460026,2.1878266,4.911899566650391
2024-04-29 19:00:00,0.0,-5.257005723501139,9.58553011462555e-06,0.08020459,0.234344482421875
2024-04-29 20:00:00,0.0,2.192266952517942,9.58553011462555e-06,0.02171957,-0.17755126953125
2024-04-29 21:00:00,0.0,-0.18458852541432336,9.58553011462555e-06,0.0025036954,-0.40282440185546875
2024-04-29 22:00:00,0.0,-0.3630931778136999,9.58553011462555e-06,0.1266267,-0.5025825500488281
2024-04-29 23:00:00,0.0,-0.8954652328927422,9.58553011462555e-06,0.049125664,-0.3422737121582031
2024-04-30 00:00:00,0.0,-1.3104645636217471,9.58553011462555e-06,0.012489359,-0.16884231567382812
2024-04-30 01:00:00,0.0,1.1904548147555705,9.58553011462555e-06,0.058444925,-0.13619232177734375
2024-04-30 02:00:00,0.0,2.7645655551801536,9.58553011462555e-06,0.038900893,-0.2235870361328125
2024-04-30 03:00:00,0.0,2.412345665099542,9.58553011462555e-06,0.013553499,-0.773284912109375
2024-04-30 04:00:00,0.0,2.7678239578134605,9.58553011462555e-06,0.037504572,-1.2139472961425781
2024-04-30 05:00:00,0.0,3.498172433438347,0.023659999999999997,0.022784116,-0.9552497863769531
2024-04-30 06:00:00,11.266,7.077025190539837,10.365238201006248,8.630547,11.469457626342773
2024-04-30 07:00:00,44.964,35.33899765583938,43.10551695510088,42.391747,40.142127990722656
2024-04-30 08:00:00,85.83,84.37666972052901,83.61137860071887,81.91656,70.17320251464844
2024-04-30 09:00:00,124.78,132.50248430453425,123.1971057043094,125.51133,117.4105224609375
2024-04-30 10:00:00,156.88,155.25626432129917,155.32451458328202,158.81168,156.520263671875
2024-04-30 11:00:00,173.70600000000002,170.41749583761631,171.74612610499182,174.25484,175.68206787109375
2024-04-30 12:00:00,173.11,172.26245268034137,167.953943251938,170.6338,170.68453979492188
2024-04-30 13:00:00,161.91600000000005,155.73173139873822,153.59527488001933,155.35889,153.44932556152344
2024-04-30 14:00:00,134.31,133.1566452581689,131.24206849758602,130.85548,135.1600341796875
2024-04-30 15:00:00,104.26600000000002,92.1541241722042,97.98941340951633,96.79112,98.83181762695312
2024-04-30 16:00:00,63.61000000000001,60.41109820308217,63.99164528699218,63.123234,62.357364654541016
2024-04-30 17:00:00,25.936000000000003,27.23538370320926,25.934766262407535,25.284164,32.32699203491211
2024-04-30 18:00:00,2.604,3.7539097459784845,2.4608543702608547,1.8498827,5.189975738525391
2024-04-30 19:00:00,0.0,-8.189568679846005,9.58553011462555e-06,0.60126936,-0.022808074951171875
2024-04-30 20:00:00,0.0,3.8746771594122844,9.58553011462555e-06,0.0057674367,-0.3608207702636719
2024-04-30 21:00:00,0.0,0.6404591136412199,9.58553011462555e-06,0.015390397,-0.334228515625
2024-04-30 22:00:00,0.0,-2.026518349401319,9.58553011462555e-06,0.0946263,-0.38295745849609375
2024-04-30 23:00:00,0.0,-0.07187167665143246,9.58553011462555e-06,0.11498024,-0.22912979125976562
2024-05-01 00:00:00,0.0,1.6553037222401752,9.58553011462555e-06,0.04181869,-0.06507110595703125
2024-05-01 01:00:00,0.0,5.4928843661075,9.58553011462555e-06,0.05281944,0.01674652099609375
2024-05-01 02:00:00,0.0,7.444806178889733,9.58553011462555e-06,0.063324995,-0.12833023071289062
2024-05-01 03:00:00,0.0,5.58151397629503,9.58553011462555e-06,-0.010576321,-0.5797920227050781
2024-05-01 04:00:00,0.0,3.8200920566939303,9.58553011462555e-06,0.023090238,-1.3664665222167969
2024-05-01 05:00:00,0.1,4.325220363227505,0.05395999999999997,0.047302477,-0.7674674987792969
2024-05-01 06:00:00,11.166,8.131727280640952,10.858954913712376,11.942449,9.235940933227539
2024-05-01 07:00:00,45.75,35.93714086585915,41.429175819182745,41.01459,38.06226348876953
2024-05-01 08:00:00,84.29,88.79883184128437,83.95126994700108,83.61899,75.88755798339844
2024-05-01 09:00:00,113.684,131.17371780217186,122.51860377811653,126.623276,125.28610229492188
2024-05-01 10:00:00,158.534,144.84316245370627,149.6292057221968,148.65422,160.72909545898438
2024-05-01 11:00:00,168.96,178.0138522770036,173.6644853691441,175.20326,176.86505126953125
2024-05-01 12:00:00,164.17000000000002,170.89365208919327,171.80874793369523,169.68805,180.487548828125
2024-05-01 13:00:00,119.656,149.2846518740713,150.68222207299962,150.87646,164.10968017578125
2024-05-01 14:00:00,99.966,96.94876966175474,98.51160020113966,100.67609,131.0755615234375
2024-05-01 15:00:00,75.94600000000001,73.29155881496672,64.37481579050997,62.098812,64.33744049072266
2024-05-01 16:00:00,53.46000000000001,42.54730076133273,46.01562308452174,43.717384,54.308963775634766
2024-05-01 17:00:00,23.306,24.668368827116844,22.62679545687646,23.985104,30.572288513183594
2024-05-01 18:00:00,2.564,2.988387341037498,2.5601677664741085,3.4932492,4.6085205078125
2024-05-01 19:00:00,0.0,-4.717704800564084,9.58553011462555e-06,0.49499565,-0.06501007080078125
2024-05-01 20:00:00,0.0,5.019128182051816,9.58553011462555e-06,0.04171162,-0.3487701416015625
2024-05-01 21:00:00,0.0,0.18239423189484594,9.58553011462555e-06,-0.04498158,-0.3605384826660156
2024-05-01 22:00:00,0.0,1.3661054609880727,9.58553011462555e-06,0.14787024,-0.3693428039550781
2024-05-01 23:00:00,0.0,-1.434212032942451,9.58553011462555e-06,0.14787024,-0.2910308837890625
2024-05-02 00:00:00,0.0,-0.2433334379006018,9.58553011462555e-06,0.088079676,-0.19561004638671875
2024-05-02 01:00:00,0.0,-2.2051908973968946,9.58553011462555e-06,0.06253584,-0.13542556762695312
2024-05-02 02:00:00,0.0,1.4853646272880807,9.58553011462555e-06,0.05811101,-0.058841705322265625
2024-05-02 03:00:00,0.0,2.0623010393317323,9.58553011462555e-06,0.03452518,-0.7669868469238281
2024-05-02 04:00:00,0.0,3.7628257528599036,9.58553011462555e-06,0.01854105,-1.4676513671875
2024-05-02 05:00:00,0.0,4.695582108802874,0.03244,0.08193664,-0.0736236572265625
2024-05-02 06:00:00,14.876,8.540172654621369,11.814493312313298,12.721409,14.733261108398438
2024-05-02 07:00:00,54.404,39.41314988974129,46.61073929896045,47.62818,43.86928176879883
2024-05-02 08:00:00,97.62,95.9696267927155,98.23558013937128,95.19431,87.49763488769531
2024-05-02 09:00:00,143.24,143.59645293175865,135.35235511078596,139.04546,135.0980682373047
2024-05-02 10:00:00,172.406,178.3634737596445,167.49725851528873,169.82361,168.23391723632812
2024-05-02 11:00:00,192.55,187.50458407946275,176.656416911828,179.87717,183.13925170898438
2024-05-02 12:00:00,188.14,190.83537562551626,182.98266677777778,172.18155,179.97695922851562
2024-05-02 13:00:00,175.44400000000002,167.97459948538787,159.7212682961191,162.33397,169.4349365234375
2024-05-02 14:00:00,145.42000000000002,142.03594283896695,142.13562399999998,142.81073,142.36236572265625
2024-05-02 15:00:00,108.594,100.39464174031815,108.49004853535352,101.60561,105.30599212646484
2024-05-02 16:00:00,69.27000000000001,62.91648366496184,66.16926541566505,66.27454,68.65437316894531
2024-05-02 17:00:00,30.986000000000004,31.328158784225423,32.242111666666666,32.549942,35.825042724609375
2024-05-02 18:00:00,3.186,5.605170445384996,3.299211850091549,3.6650028,5.872882843017578
2024-05-02 19:00:00,0.0,-7.73223985394768,9.58553011462555e-06,-0.012132671,0.11383819580078125
2024-05-02 20:00:00,0.0,3.0036604866936525,9.58553011462555e-06,-0.017455962,-0.25597381591796875
2024-05-02 21:00:00,0.0,0.029734784033959016,9.58553011462555e-06,-0.0065082996,-0.600189208984375
2024-05-02 22:00:00,0.0,-1.150072301225519,9.58553011462555e-06,0.11130367,-0.2648162841796875
2024-05-02 23:00:00,0.0,-0.6906250906685649,9.58553011462555e-06,0.12912136,-0.012969970703125
2024-05-03 00:00:00,0.0,1.314150722075217,9.58553011462555e-06,0.08665803,-0.10771560668945312
2024-05-03 01:00:00,0.0,2.8814545513155814,9.58553011462555e-06,0.0786474,-0.15793609619140625
2024-05-03 02:00:00,0.0,3.142654969722681,9.58553011462555e-06,0.060054544,-0.3406791687011719
2024-05-03 03:00:00,0.0,2.9329620689309657,9.58553011462555e-06,0.0581529,-0.9177169799804688
2024-05-03 04:00:00,0.0,2.1656382415916013,9.58553011462555e-06,0.03547278,-1.4631080627441406
2024-05-03 05:00:00,0.0,3.1317527410204544,0.014480000000000002,0.041694988,0.12837600708007812
2024-05-03 06:00:00,12.95,8.552162602492844,12.850474107092753,13.957523,15.48935317993164
2024-05-03 07:00:00,43.804,42.20497826791007,43.19004852167373,42.648357,46.456993103027344
2024-05-03 08:00:00,92.86,88.31669620215231,81.95466242646513,85.52646,79.87989807128906
2024-05-03 09:00:00,136.12,144.8116603206546,131.6296167184343,128.93962,123.67498016357422
2024-05-03 10:00:00,168.884,171.01125770762775,165.81477604485437,168.60063,166.5866241455078
2024-05-03 11:00:00,188.74,184.25261374742428,183.0583369252579,184.19131,182.776123046875
2024-05-03 12:00:00,197.32,189.60810963948055,186.15330025138428,179.01176,179.72457885742188
2024-05-03 13:00:00,189.45,184.26398197387834,182.85535426356597,175.25294,169.67434692382812
2024-05-03 14:00:00,164.36,157.6670737682873,157.7100180000001,150.17355,150.24295043945312
2024-05-03 15:00:00,126.856,116.75813417215392,126.50704000000009,118.82164,113.3724136352539
2024-05-03 16:00:00,81.28,74.24980319906138,81.22202515151514,78.83785,81.42640686035156
2024-05-03 17:00:00,36.14,38.11221048335457,36.64793127272726,37.210052,42.76145553588867
2024-05-03 18:00:00,3.49,9.497368767055914,3.733624333324463,4.768233,11.925565719604492
2024-05-03 19:00:00,0.0,-9.391912307935605,0.09561888353687215,-0.037663884,0.3068733215332031
2024-05-03 20:00:00,0.0,1.3069094042741511,9.58553011462555e-06,-0.034347355,-0.2626304626464844
2024-05-03 21:00:00,0.0,-1.4318818711017958,9.58553011462555e-06,-0.05255691,-0.9452323913574219
2024-05-03 22:00:00,0.0,-0.6812978592042418,9.58553011462555e-06,0.08083163,-0.21411514282226562
2024-05-03 23:00:00,0.0,0.5676719202597642,9.58553011462555e-06,-0.20441034,0.5791969299316406
2024-05-04 00:00:00,0.0,2.7485686444430772,9.58553011462555e-06,0.0039983713,0.2144775390625
2024-05-04 01:00:00,0.0,3.6054855171577245,9.58553011462555e-06,0.046849903,-0.18889236450195312
2024-05-04 02:00:00,0.0,6.094654419947613,9.58553011462555e-06,0.027238587,-0.8279685974121094
2024-05-04 03:00:00,0.0,5.697300719098848,9.58553011462555e-06,0.0084834825,-0.8793067932128906
2024-05-04 04:00:00,0.0,4.81039778450652,9.58553011462555e-06,0.033399418,-0.8636894226074219
2024-05-04 05:00:00,0.0,5.215592357183606,0.0009645333333333332,-0.027100269,1.6897163391113281
2024-05-04 06:00:00,13.71,8.90702647312826,15.31710461219774,15.399775,23.354007720947266
2024-05-04 07:00:00,47.95400000000001,39.89026121832329,43.46054986048027,44.623886,49.82293701171875
2024-05-04 08:00:00,91.846,90.43653520593065,89.29167846760393,89.8481,86.41497802734375
2024-05-04 09:00:00,140.68,136.1739042875945,132.2339755718594,129.14932,131.50201416015625
2024-05-04 10:00:00,172.544,175.00214898150222,169.4117467634269,171.96732,166.50396728515625
2024-05-04 11:00:00,190.47000000000003,190.10138063964163,189.23052585213347,188.0773,181.02059936523438
2024-05-04 12:00:00,179.9,191.55987011250323,192.93998854545447,185.69826,177.72470092773438
2024-05-04 13:00:00,169.22400000000002,160.5322815847442,157.850155849892,164.91753,166.56344604492188
2024-05-04 14:00:00,140.82000000000002,137.90689874531446,131.7160069547511,131.44109,134.0263671875
2024-05-04 15:00:00,114.366,102.49176703488698,95.18308144177014,99.43448,95.57392883300781
2024-05-04 16:00:00,67.17999999999999,72.73556786486881,71.79040014084205,71.04785,65.91309356689453
2024-05-04 17:00:00,29.410000000000004,28.2406581968433,30.413128531746032,31.16592,38.45683288574219
2024-05-04 18:00:00,2.67,2.7727803865674954,3.2467572744794437,3.9965124,10.622283935546875
2024-05-04 19:00:00,0.0,-10.758102251287841,9.58553011462555e-06,0.011005681,0.6141014099121094
2024-05-04 20:00:00,0.0,3.0079342111697116,9.58553011462555e-06,-0.009333223,0.013538360595703125
2024-05-04 21:00:00,0.0,0.6336932062007232,9.58553011462555e-06,0.023421122,-0.23700332641601562
2024-05-04 22:00:00,0.0,-1.872327689079568,9.58553011462555e-06,0.043665536,-0.3338661193847656
2024-05-04 23:00:00,0.0,-1.6179085436312999,9.58553011462555e-06,0.06167701,-0.144866943359375
2024-05-05 00:00:00,0.0,0.24120671308528685,9.58553011462555e-06,0.0031963398,0.10177993774414062
2024-05-05 01:00:00,0.0,5.726510143682379,9.58553011462555e-06,0.1091543,0.2953071594238281
2024-05-05 02:00:00,0.0,8.789894274366771,9.58553011462555e-06,0.03174393,-0.03757476806640625
2024-05-05 03:00:00,0.0,6.647952709277172,9.58553011462555e-06,0.027649475,-0.2585182189941406
2024-05-05 04:00:00,0.0,2.968127688763939,9.58553011462555e-06,0.036862757,-0.2708282470703125
2024-05-05 05:00:00,0.0,3.9131147639608557,0.0001676705882352941,0.050413076,-0.4443397521972656
2024-05-05 06:00:00,12.234000000000002,7.387777021747789,13.195195419640333,13.513755,10.063587188720703
2024-05-05 07:00:00,46.73,37.889112354702625,41.33780175018868,41.805714,43.898048400878906
2024-05-05 08:00:00,80.99600000000001,88.44289619542883,88.09733519535737,88.66266,84.19906616210938
2024-05-05 09:00:00,119.38,121.76183236345571,122.16073525399028,125.07234,136.17550659179688
2024-05-05 10:00:00,153.97000000000003,152.7277628557274,151.5855653356698,152.91687,169.631103515625
2024-05-05 11:00:00,179.06600000000003,173.9950278462709,176.5571999923102,174.22455,182.4117431640625
2024-05-05 12:00:00,185.05,184.46134473885968,179.0010724011286,176.07643,180.6307373046875
2024-05-05 13:00:00,169.324,171.71035187373877,171.41018362149396,167.96094,170.47616577148438
2024-05-05 14:00:00,152.584,138.4342082140853,134.9718068727487,143.93526,150.03628540039062
2024-05-05 15:00:00,116.844,112.51667693358257,110.2661752976191,107.31676,112.500732421875
2024-05-05 16:00:00,73.0,71.37675696210789,73.30711925001063,73.58769,79.02711486816406
2024-05-05 17:00:00,30.576,32.905153499610726,32.910335333333336,32.230118,50.46293258666992
2024-05-05 18:00:00,3.2100000000000004,3.271923837699605,3.366843287773823,3.4713721,23.149028778076172
2024-05-05 19:00:00,0.0,-7.372500516360442,9.58553011462555e-06,0.40581194,2.5221939086914062
2024-05-05 20:00:00,0.0,0.7240354427803437,9.58553011462555e-06,-0.12698466,-0.3169898986816406
2024-05-05 21:00:00,0.0,1.555311024188616,9.58553011462555e-06,-0.11110347,-0.5106239318847656
2024-05-05 22:00:00,0.0,-0.8986280428765365,9.58553011462555e-06,0.13683015,-0.2530097961425781
2024-05-05 23:00:00,0.0,-1.7676012347054977,9.58553011462555e-06,0.071007036,-0.11686325073242188
2024-05-06 00:00:00,0.0,0.7754388161034189,9.58553011462555e-06,0.044070162,-0.14837265014648438
2024-05-06 01:00:00,0.0,1.017452316156584,9.58553011462555e-06,0.050122395,-0.144012451171875
2024-05-06 02:00:00,0.0,3.656410045850448,9.58553011462555e-06,0.0067596617,-0.5698585510253906
2024-05-06 03:00:00,0.0,2.081750245189646,9.58553011462555e-06,0.011998756,-1.1392059326171875
2024-05-06 04:00:00,0.0,1.7789817911103096,9.58553011462555e-06,0.02061582,-1.5180282592773438
2024-05-06 05:00:00,0.0,3.6430758915163572,0.0001676705882352941,0.03816814,-0.6737709045410156
2024-05-06 06:00:00,13.17,10.227216313407926,13.232915954342207,14.016694,10.992774963378906
2024-05-06 07:00:00,39.70400000000001,40.190627573863196,43.78917328960846,44.115715,41.685298919677734
2024-05-06 08:00:00,75.18400000000001,80.47374954786099,74.41015625715234,75.01795,83.46525573730469
2024-05-06 09:00:00,108.456,118.51027772710233,115.98971722920773,116.121346,123.06455993652344
2024-05-06 10:00:00,137.86,144.73911245322665,141.0421054762184,145.4377,158.31649780273438
2024-05-06 11:00:00,123.624,161.56338305181788,159.47282617410798,154.87236,172.73416137695312
2024-05-06 12:00:00,112.106,125.19517848547315,145.1491441046271,127.5585,171.9986572265625
2024-05-06 13:00:00,120.894,103.4982137451293,108.17088988060101,115.17693,136.60302734375
2024-05-06 14:00:00,70.546,102.18340391649193,101.99223322830947,102.73331,111.8782958984375
2024-05-06 15:00:00,61.004,41.56231272701888,30.4922430921101,33.60989,105.42505645751953
2024-05-06 16:00:00,40.64,39.132195267462556,33.056907575039666,35.663853,48.86888885498047
2024-05-06 17:00:00,18.67,14.854576104295177,18.701615987372392,19.171442,28.981739044189453
2024-05-06 18:00:00,2.41,0.25740690456932125,2.3828722065895476,2.6880362,13.779224395751953
2024-05-06 19:00:00,0.0,-3.844931059774557,9.58553011462555e-06,-0.17135994,1.2503204345703125
2024-05-06 20:00:00,0.0,1.1785360099259021,9.58553011462555e-06,-0.13656281,-0.018589019775390625
2024-05-06 21:00:00,0.0,4.423618965728357,9.58553011462555e-06,0.019148882,-0.206329345703125
2024-05-06 22:00:00,0.0,0.9102240763079967,9.58553011462555e-06,-0.099873774,-0.2964668273925781
2024-05-06 23:00:00,0.0,-2.10729365254754,9.58553011462555e-06,0.035982605,-0.34250640869140625
2024-05-07 00:00:00,0.0,1.4206638486302623,9.58553011462555e-06,0.051577505,-0.2751312255859375
2024-05-07 01:00:00,0.0,-0.2840323813384362,9.58553011462555e-06,0.067561835,-0.2992134094238281
2024-05-07 02:00:00,0.0,-3.209314836114389,9.58553011462555e-06,0.066306606,-0.4813385009765625
2024-05-07 03:00:00,0.0,1.17937243852956,9.58553011462555e-06,0.03266644,-0.8371429443359375
2024-05-07 04:00:00,0.0,0.4168412290927881,9.58553011462555e-06,-0.123635344,-1.2672843933105469
2024-05-07 05:00:00,0.0,2.744030238794492,0.0001676705882352941,-0.11057478,-0.6163177490234375
2024-05-07 06:00:00,9.456,8.5150379788239,12.316926650624303,12.611138,11.64952278137207
2024-05-07 07:00:00,26.786,31.557851200798893,30.026880813622007,33.024574,43.190948486328125
2024-05-07 08:00:00,48.97,60.261736613399854,50.20682176550878,46.274097,74.22554779052734
2024-05-07 09:00:00,70.93400000000001,80.21081796102433,73.51765351044382,74.050224,91.80305480957031
2024-05-07 10:00:00,107.07,92.65008486446203,90.83147653626534,86.35682,118.56431579589844
2024-05-07 11:00:00,146.19000000000003,125.78583325539674,122.23498600678852,124.14514,127.30418395996094
2024-05-07 12:00:00,146.776,162.46027463038462,149.73658953535352,149.77647,139.37551879882812
2024-05-07 13:00:00,98.476,143.88413779794396,134.12049173271623,141.56248,148.25234985351562
2024-05-07 14:00:00,70.62400000000001,77.82800782113048,101.04922336718697,85.97989,123.8147964477539
2024-05-07 15:00:00,76.69,50.09130820154444,46.22511813675565,45.65922,53.19430923461914
2024-05-07 16:00:00,46.900000000000006,57.27621900537982,47.292858140705775,50.834057,33.22406768798828
2024-05-07 17:00:00,20.914,26.071039434791956,22.341692839098954,23.747753,22.5200252532959
2024-05-07 18:00:00,2.7460000000000004,6.0445207180179175,2.6204282885164663,2.8173122,4.321495056152344
2024-05-07 19:00:00,0.0,-6.7116045817864185,9.58553011462555e-06,-0.013297934,0.49249267578125
2024-05-07 20:00:00,0.0,-1.7558754592394008,9.58553011462555e-06,0.029400554,0.1428070068359375
2024-05-07 21:00:00,0.0,-1.9925971051004545,9.58553011462555e-06,0.019786147,-0.0091705322265625
2024-05-07 22:00:00,0.0,0.898725707152928,9.58553011462555e-06,0.028278809,0.3587760925292969
2024-05-07 23:00:00,0.0,3.3907346205743085,9.58553011462555e-06,0.13616416,0.2528724670410156
2024-05-08 00:00:00,0.0,0.09400370742452324,9.58553011462555e-06,0.11071422,0.23194503784179688
2024-05-08 01:00:00,0.0,-4.974607549625311,9.58553011462555e-06,0.12511149,0.35579681396484375
2024-05-08 02:00:00,0.0,-0.6344914037484477,9.58553011462555e-06,0.04378213,0.0855712890625
2024-05-08 03:00:00,0.0,2.4088105079951543,9.58553011462555e-06,0.023107393,-0.5412406921386719
2024-05-08 04:00:00,0.0,0.5298802099283177,9.58553011462555e-06,0.0246047,-0.4789276123046875
2024-05-08 05:00:00,0.0,2.78381936254368,0.0004544168986770757,0.034678183,-0.7439117431640625
2024-05-08 06:00:00,9.79,6.907601144738223,13.023522213205803,13.187856,11.475818634033203
2024-05-08 07:00:00,33.830000000000005,31.44192456249968,28.064192754413913,32.297123,38.953609466552734
2024-05-08 08:00:00,61.43,66.94213471662235,64.96908381383808,65.35234,56.15690612792969
2024-05-08 09:00:00,105.28,94.81679273195437,98.38327718930051,95.21753,101.45596313476562
2024-05-08 10:00:00,134.68,134.50819588428755,138.29282905648822,139.66801,136.44552612304688
2024-05-08 11:00:00,162.44400000000002,149.9631269259787,155.97423489519528,161.61047,159.4144287109375
2024-05-08 12:00:00,189.54,165.4771522163311,159.71788314183104,161.8786,159.77719116210938
2024-05-08 13:00:00,180.2,180.4463181092214,170.13155952380964,178.30304,144.77737426757812
2024-05-08 14:00:00,148.20000000000002,150.20999653305995,151.48030473723077,155.40117,134.49855041503906
2024-05-08 15:00:00,117.624,106.66154134216293,107.85370959790961,106.83991,112.9832763671875
2024-05-08 16:00:00,74.07000000000001,74.87084125458927,74.54610899330065,73.15042,75.07577514648438
2024-05-08 17:00:00,33.546,36.73185172029172,34.06730683893557,32.920433,39.00830078125
2024-05-08 18:00:00,3.59,9.276577245782068,3.938987018984746,4.676728,10.40172004699707
2024-05-08 19:00:00,0.0,-8.14189960333442,9.58553011462555e-06,0.060807157,0.5099830627441406
2024-05-08 20:00:00,0.0,-1.2761721494010274,9.58553011462555e-06,0.05401575,-0.1234283447265625
2024-05-08 21:00:00,0.0,0.02464265988703751,9.58553011462555e-06,0.032499854,-0.5142478942871094
2024-05-08 22:00:00,0.0,-0.3538306477576292,9.58553011462555e-06,0.052144554,-0.4263954162597656
2024-05-08 23:00:00,0.0,2.084763945494048,9.58553011462555e-06,0.016116649,-0.22180938720703125
2024-05-09 00:00:00,0.0,4.355221099003765,9.58553011462555e-06,0.014632222,-0.12949371337890625
2024-05-09 01:00:00,0.0,1.2812863564945571,9.58553011462555e-06,0.016813595,-0.00038909912109375
2024-05-09 02:00:00,0.0,2.5582414806298868,9.58553011462555e-06,0.006307444,-0.24905014038085938
2024-05-09 03:00:00,0.0,3.288211188008148,9.58553011462555e-06,0.008669755,-1.1189308166503906
2024-05-09 04:00:00,0.0,2.7578884381898607,9.58553011462555e-06,-0.017704459,-1.2950630187988281
2024-05-09 05:00:00,0.0,4.840964582437708,0.04568967929506742,0.014584005,-0.8149223327636719
2024-05-09 06:00:00,14.424,8.909206064291807,16.101896000839943,14.861707,14.64649772644043
2024-05-09 07:00:00,42.36000000000001,39.26658335680541,44.195710497305754,43.475063,46.875057220458984
2024-05-09 08:00:00,78.52000000000001,77.9316326219791,79.0288226223901,79.129745,84.20367431640625
2024-05-09 09:00:00,128.92000000000002,115.73217862436434,117.08783878966382,116.8056,121.35718536376953
2024-05-09 10:00:00,159.606,161.5061540323702,159.6105303454822,161.63748,152.15667724609375
2024-05-09 11:00:00,178.12,176.96700209372744,179.77154475437771,179.01155,168.84921264648438
2024-05-09 12:00:00,190.19000000000003,180.0358309944497,182.00682927015887,184.14279,166.50843811035156
2024-05-09 13:00:00,177.544,178.0144307668831,179.13150780952384,179.22243,152.24041748046875
2024-05-09 14:00:00,103.81,147.17776342020522,152.5598956611444,150.54187,136.28590393066406
2024-05-09 15:00:00,62.054,67.06859023834267,55.74326129095413,34.19889,108.9878921508789
2024-05-09 16:00:00,41.836000000000006,36.99853170264435,36.606328951205825,37.95814,50.95957946777344
2024-05-09 17:00:00,21.02,22.964390586473716,19.23579608047637,18.339886,26.09105110168457
2024-05-09 18:00:00,2.8760000000000003,7.93734344061995,2.690274214849158,2.8152668,3.33636474609375
2024-05-09 19:00:00,0.0,-2.9841433133344277,9.58553011462555e-06,0.015630221,-0.4212837219238281
2024-05-09 20:00:00,0.0,-0.34769858904372786,9.58553011462555e-06,-0.02807473,-0.6839065551757812
2024-05-09 21:00:00,0.0,0.5793158514322858,9.58553011462555e-06,0.07284548,-0.4381561279296875
2024-05-09 22:00:00,0.0,-0.1587522225888005,9.58553011462555e-06,0.021342605,-0.165374755859375
2024-05-09 23:00:00,0.0,1.2530934225022952,9.58553011462555e-06,0.021342605,-0.1910247802734375
2024-05-10 00:00:00,0.0,2.692579735457464,9.58553011462555e-06,0.017847124,-0.21605682373046875
2024-05-10 01:00:00,0.0,-2.049923561048237,9.58553011462555e-06,0.03543701,-0.1930084228515625
2024-05-10 02:00:00,0.0,-5.6113010993350665,9.58553011462555e-06,0.034765147,-0.4635162353515625
2024-05-10 03:00:00,0.0,-1.4496301745810847,9.58553011462555e-06,0.022475181,-1.1115608215332031
2024-05-10 04:00:00,0.0,2.0080264345407084,9.58553011462555e-06,0.0063368795,-1.405303955078125
2024-05-10 05:00:00,0.0,4.995620502313299,5.209956815931975e-05,0.013528489,-0.5482254028320312
2024-05-10 06:00:00,13.676,10.146992218022497,14.182918105167332,13.845062,14.879108428955078
2024-05-10 07:00:00,46.24,38.68410570316306,42.25226646324123,41.99171,45.9592170715332
2024-05-10 08:00:00,84.45400000000001,82.83816296384916,85.70845075718815,84.68351,79.41227722167969
2024-05-10 09:00:00,127.916,121.7832224151777,121.44183218044326,126.24257,127.46788024902344
2024-05-10 10:00:00,155.056,158.12906209061433,159.54687253945724,160.21292,161.39581298828125
2024-05-10 11:00:00,178.07000000000002,169.21857986002158,176.5752812262706,176.73946,178.99530029296875
2024-05-10 12:00:00,164.51600000000002,178.56282916433668,181.6071620771262,178.84299,173.03802490234375
2024-05-10 13:00:00,156.70600000000002,144.95789288840515,151.91991043095064,145.54358,161.16285705566406
2024-05-10 14:00:00,128.784,125.69493613328524,129.0900010260373,130.17844,118.42899322509766
2024-05-10 15:00:00,86.45,88.28808348814403,96.29404144588301,93.1769,90.67417907714844
2024-05-10 16:00:00,56.276,47.68855777339726,53.30352646687489,54.100895,61.84416198730469
2024-05-10 17:00:00,27.954000000000004,27.51053979549163,26.048699737990113,24.58419,27.656890869140625
2024-05-10 18:00:00,3.646,8.233691839643269,3.5561742110308,3.7337847,3.7978286743164062
2024-05-10 19:00:00,0.0,-5.631051042665815,9.58553011462555e-06,0.040658653,-0.27716064453125
2024-05-10 20:00:00,0.0,-0.3310610836914414,9.58553011462555e-06,0.020515244,-0.5915679931640625
2024-05-10 21:00:00,0.0,-0.058013443395522835,9.58553011462555e-06,0.025269745,-0.5766754150390625
2024-05-10 22:00:00,0.0,-0.3628414968985574,9.58553011462555e-06,0.01260223,-0.188690185546875
2024-05-10 23:00:00,0.0,0.17700133633361936,9.58553011462555e-06,0.021976694,-0.16735076904296875
2024-05-11 00:00:00,0.0,0.4411109023247448,9.58553011462555e-06,0.02018615,-0.17826080322265625
2024-05-11 01:00:00,0.0,0.8004108095514786,9.58553011462555e-06,0.037170306,-0.05109405517578125
2024-05-11 02:00:00,0.0,1.0997966785325186,9.58553011462555e-06,0.013733997,-0.19695281982421875
2024-05-11 03:00:00,0.0,1.3424917831770689,9.58553011462555e-06,0.03469503,-0.8214378356933594
2024-05-11 04:00:00,0.0,4.269975018452977,9.58553011462555e-06,0.04014724,-1.2869796752929688
2024-05-11 05:00:00,0.0,6.53860018840909,1.5817968586295006e-05,0.03522979,-0.6585578918457031
2024-05-11 06:00:00,12.956,10.385348572121046,14.501885466253961,14.403455,14.221456527709961
2024-05-11 07:00:00,41.05,37.25841472663085,41.001864588346535,39.151814,44.31298828125
2024-05-11 08:00:00,78.93400000000001,77.6704787135842,76.82582601186361,77.70499,79.83030700683594
2024-05-11 09:00:00,129.94400000000002,116.12320884138214,118.58869523040312,118.31863,121.04106140136719
2024-05-11 10:00:00,160.55,162.34205094865487,159.0958018034778,160.29478,158.68251037597656
2024-05-11 11:00:00,167.44400000000002,175.2160787979009,179.82832720184496,182.08875,177.23056030273438
2024-05-11 12:00:00,156.66600000000005,163.6781341014698,177.26603705288548,174.61215,173.09576416015625
2024-05-11 13:00:00,108.116,138.31073407032846,147.382535067832,146.57524,149.052734375
2024-05-11 14:00:00,77.03,82.21565901032272,97.42325221155158,91.62508,110.80077362060547
2024-05-11 15:00:00,47.11000000000001,54.47994559056416,40.912444278691034,41.964172,58.04704666137695
2024-05-11 16:00:00,43.35,27.21747542656628,30.3052831945211,30.032257,36.24262237548828
2024-05-11 17:00:00,21.936000000000003,27.556805781428736,20.361770022588527,22.383554,16.091123580932617
2024-05-11 18:00:00,3.164,8.82387755574522,2.9389766413029976,3.0593977,1.7055473327636719
2024-05-11 19:00:00,0.0,-0.43970268266009516,9.58553011462555e-06,0.04657071,-0.21871566772460938
2024-05-11 20:00:00,0.0,3.1000142121592003,9.58553011462555e-06,0.041747343,-0.3853263854980469
2024-05-11 21:00:00,0.0,-0.4952154306917729,9.58553011462555e-06,0.016127355,0.022144317626953125
2024-05-11 22:00:00,0.0,-2.9765038053705952,9.58553011462555e-06,0.011385733,0.38939666748046875
2024-05-11 23:00:00,0.0,-4.5364766686329645,9.58553011462555e-06,0.011385733,0.2862510681152344
2024-05-12 00:00:00,0.0,-3.312969609343829,9.58553011462555e-06,0.012403253,0.20675277709960938
2024-05-12 01:00:00,0.0,-5.786043158093854,9.58553011462555e-06,0.027321262,0.24832916259765625
2024-05-12 02:00:00,0.0,-1.3439103007157822,9.58553011462555e-06,0.03864357,0.07997512817382812
2024-05-12 03:00:00,0.0,1.1188722265755775,9.58553011462555e-06,0.014597636,-0.34484100341796875
2024-05-12 04:00:00,0.0,5.062273075989372,9.58553011462555e-06,0.015124297,-0.3742256164550781
2024-05-12 05:00:00,0.0,5.753496264240047,0.01724262090300608,0.015185467,-0.18597030639648438
2024-05-12 06:00:00,13.624000000000002,11.20535667548392,13.788412559469494,13.291093,10.825002670288086
2024-05-12 07:00:00,44.02,39.08076831872184,41.37055864072772,42.02459,37.919586181640625
2024-05-12 08:00:00,75.94600000000001,77.86669036287222,80.69083851467438,81.24273,68.02796173095703
2024-05-12 09:00:00,113.77,108.39010430253427,111.10300938181165,113.105225,114.00961303710938
2024-05-12 10:00:00,150.656,139.69652418429922,141.46914257919244,145.64027,149.80885314941406
2024-05-12 11:00:00,172.51600000000002,166.6793328852548,163.33180278653828,161.19461,169.02133178710938
2024-05-12 12:00:00,181.394,173.7046774951506,168.25529597335114,171.55458,172.4361572265625
2024-05-12 13:00:00,171.41,164.9082225219518,164.3463039632881,163.44682,156.80755615234375
2024-05-12 14:00:00,137.29000000000002,137.91666324820147,140.86849629425635,142.0299,134.09242248535156
2024-05-12 15:00:00,93.91,95.61799344785692,97.30992532990537,99.909424,107.37466430664062
2024-05-12 16:00:00,55.49,54.51334955302254,57.379573050179616,55.157314,65.88713073730469
2024-05-12 17:00:00,25.35,24.947212590392372,26.291707796507616,25.268831,31.186477661132812
2024-05-12 18:00:00,3.0760000000000005,6.906909734079266,3.496099539688076,3.2881076,7.380804061889648
2024-05-12 19:00:00,0.0,-5.268065935335792,9.58553011462555e-06,0.09203903,0.6997528076171875
2024-05-12 20:00:00,0.0,2.2327106431371497,9.58553011462555e-06,-0.019081324,0.21671676635742188
2024-05-12 21:00:00,0.0,1.732849709145035,9.58553011462555e-06,0.055055156,0.313018798828125
2024-05-12 22:00:00,0.0,1.8909548523012392,9.58553011462555e-06,0.024949534,1.4818992614746094
2024-05-12 23:00:00,0.0,2.02034036744314,9.58553011462555e-06,0.019917712,0.8872451782226562
2024-05-13 00:00:00,0.0,1.9924035566859928,9.58553011462555e-06,0.010650381,0.10135269165039062
2024-05-13 01:00:00,0.0,0.5941096493963007,9.58553011462555e-06,0.0109909605,0.004123687744140625
2024-05-13 02:00:00,0.0,1.6055900461799162,9.58553011462555e-06,-0.0058056074,-0.0634765625
2024-05-13 03:00:00,0.0,1.4135106454325443,9.58553011462555e-06,-0.0058056074,-0.74713134765625
2024-05-13 04:00:00,0.0,2.86480679268214,9.58553011462555e-06,-0.012599603,-0.45263671875
2024-05-13 05:00:00,0.0,4.4043710136637255,0.0535382947742343,0.021675903,0.4686393737792969
2024-05-13 06:00:00,14.36,7.4978462996999085,14.787838388337294,14.288969,19.11482810974121
2024-05-13 07:00:00,46.464,38.08676337465698,43.82620034379458,43.119347,46.381065368652344
2024-05-13 08:00:00,83.034,81.51634304079505,85.96459229687979,85.11699,84.99665832519531
2024-05-13 09:00:00,128.41600000000005,119.66384622486231,120.9323302110194,124.824005,121.09718322753906
2024-05-13 10:00:00,161.72000000000003,160.29166962190754,157.7777296581215,158.86551,141.01588439941406
2024-05-13 11:00:00,175.876,180.09483710410763,179.2900724555617,182.32387,152.82069396972656
2024-05-13 12:00:00,190.776,176.86661153522223,180.82191931607866,181.68776,149.7961883544922
2024-05-13 13:00:00,181.4,176.87251679723815,178.80789947619044,177.41689,128.10067749023438
2024-05-13 14:00:00,156.106,149.88203736230994,153.7448406373627,154.77913,120.98286437988281
2024-05-13 15:00:00,120.534,113.09732279866748,116.53049662590188,115.804016,103.17134094238281
2024-05-13 16:00:00,75.27000000000001,74.06009198811572,75.97297254248365,76.67841,66.27281951904297
2024-05-13 17:00:00,33.93,34.397137348269965,35.20879982580825,35.774338,39.41355895996094
2024-05-13 18:00:00,3.98,7.536262473533974,3.923507698093876,4.743678,12.51402473449707
2024-05-13 19:00:00,0.0,-8.458041650395122,0.0016284417117561957,0.025235182,1.3536643981933594
2024-05-13 20:00:00,0.0,-0.5919638434770835,9.58553011462555e-06,0.049312647,0.5148963928222656
2024-05-13 21:00:00,0.0,0.04695850831826753,9.58553011462555e-06,0.04574933,-0.0071563720703125
2024-05-13 22:00:00,0.0,-1.1635808743673302,9.58553011462555e-06,0.050611787,0.11185073852539062
2024-05-13 23:00:00,0.0,0.7014980077261779,9.58553011462555e-06,0.0051730685,1.4397926330566406
2024-05-14 00:00:00,0.0,2.8750145551517168,9.58553011462555e-06,0.013220637,0.5324363708496094
2024-05-14 01:00:00,0.0,1.423195512332848,9.58553011462555e-06,0.033220224,-0.1751861572265625
2024-05-14 02:00:00,0.0,3.6751084735958965,9.58553011462555e-06,0.004257291,-0.3275871276855469
2024-05-14 03:00:00,0.0,3.743978840902752,9.58553011462555e-06,0.003837764,-0.9526252746582031
2024-05-14 04:00:00,0.0,3.819315526836286,9.58553011462555e-06,-0.011992709,-0.48999786376953125
2024-05-14 05:00:00,0.0,6.082527180925929,0.009030476755284837,0.020295756,1.8797073364257812
2024-05-14 06:00:00,16.02,9.945740645845056,15.449124802808933,14.544901,22.660083770751953
2024-05-14 07:00:00,50.054,42.248679780081495,47.40814708880748,48.89744,49.45330047607422
2024-05-14 08:00:00,92.966,87.55757020341912,89.65328655808683,89.60132,89.1798095703125
2024-05-14 09:00:00,124.66,130.22829007758904,133.99165802130108,134.19688,129.304931640625
2024-05-14 10:00:00,164.44400000000002,152.25163460793817,153.1215261016164,155.70808,156.0577392578125
2024-05-14 11:00:00,184.74400000000003,182.72941310600507,180.75675757659815,182.88391,163.34320068359375
2024-05-14 12:00:00,184.84000000000003,189.02377212078778,187.52182079513864,190.98413,167.45211791992188
2024-05-14 13:00:00,165.09000000000003,169.1443305690836,164.84959948898202,169.92326,155.58474731445312
2024-05-14 14:00:00,144.39,133.8108590469828,123.23955554824255,130.19879,125.69989776611328
2024-05-14 15:00:00,114.13,105.3127769972775,104.86116522686481,106.16579,107.34678649902344
2024-05-14 16:00:00,69.06,71.3134534221708,74.41062293485908,73.657,68.41348266601562
2024-05-14 17:00:00,30.696,31.831532410587343,32.972017279581536,33.76615,38.962921142578125
2024-05-14 18:00:00,3.61,5.781632280674609,3.9911561745965294,3.6480594,12.603826522827148
2024-05-14 19:00:00,0.0,-9.558188151327874,9.58553011462555e-06,0.04630935,1.212677001953125
2024-05-14 20:00:00,0.0,-2.701914485600288,9.58553011462555e-06,0.04252445,0.3963165283203125
2024-05-14 21:00:00,0.0,-2.473825292284225,9.58553011462555e-06,0.024749648,0.10390090942382812
2024-05-14 22:00:00,0.0,0.3558873936520843,9.58553011462555e-06,0.059432887,-0.34116363525390625
2024-05-14 23:00:00,0.0,2.5807418719068416,9.58553011462555e-06,0.0076664477,-0.3021736145019531
2024-05-15 00:00:00,0.0,3.3161679887611193,9.58553011462555e-06,0.0061820173,-0.07838821411132812
2024-05-15 01:00:00,0.0,1.9092854348065238,9.58553011462555e-06,0.01251858,0.310272216796875
2024-05-15 02:00:00,0.0,3.5673196713391704,9.58553011462555e-06,0.003837764,0.35839080810546875
2024-05-15 03:00:00,0.0,2.611076885289144,9.58553011462555e-06,0.003837764,-0.3741188049316406
2024-05-15 04:00:00,0.0,2.996159196628742,9.58553011462555e-06,0.013914084,-0.9493217468261719
2024-05-15 05:00:00,0.0,6.083741132020339,0.00020513273935092376,0.021793064,-0.8718719482421875
2024-05-15 06:00:00,16.056,10.685346931320339,15.515299082766857,14.586804,15.30447006225586
2024-05-15 07:00:00,51.38400000000001,42.121887385333956,47.273456145474626,47.35441,47.74258804321289
2024-05-15 08:00:00,94.916,87.92577252293694,92.8950553495204,92.439896,85.94937133789062
2024-05-15 09:00:00,134.76,132.3531631676579,134.3747421378808,133.76218,129.62420654296875
2024-05-15 10:00:00,166.406,163.53667700804863,164.8588539379627,164.72714,158.719482421875
2024-05-15 11:00:00,184.384,181.28443686695934,180.1449442406108,181.59375,170.22982788085938
2024-05-15 12:00:00,182.824,184.35877211879662,186.24388667321537,186.43034,165.7130126953125
2024-05-15 13:00:00,177.09000000000003,164.08913442298675,157.27108476715264,163.98497,152.70809936523438
2024-05-15 14:00:00,150.294,143.3154168216657,144.267537142857,147.0672,128.9825439453125
2024-05-15 15:00:00,119.544,106.61860175054949,114.07295465743147,114.12677,94.65895080566406
2024-05-15 16:00:00,72.604,74.38598207308627,75.82723751012044,75.73106,66.56578826904297
2024-05-15 17:00:00,35.19,34.09130049786752,33.70583558333333,33.60325,38.65922927856445
2024-05-15 18:00:00,4.304,9.536554229210772,4.392834771747067,4.927335,9.239706039428711
2024-05-15 19:00:00,0.0,-8.85420205752278,9.58553011462555e-06,0.081938095,0.8933334350585938
2024-05-15 20:00:00,0.0,-1.946524094093106,9.58553011462555e-06,0.057283536,0.3867034912109375
2024-05-15 21:00:00,0.0,-1.5166863594421551,9.58553011462555e-06,0.024749648,-0.002262115478515625
2024-05-15 22:00:00,0.0,-0.5668553812691854,9.58553011462555e-06,0.058235526,-0.4790840148925781
2024-05-15 23:00:00,0.0,1.5660099323366747,9.58553011462555e-06,0.049093135,-0.35302734375
2024-05-16 00:00:00,0.0,2.798976049803759,9.58553011462555e-06,0.01675192,-0.028957366943359375
2024-05-16 01:00:00,0.0,2.4488131603119836,9.58553011462555e-06,0.040706407,0.33634185791015625
2024-05-16 02:00:00,0.0,3.5152688181028413,9.58553011462555e-06,0.03978568,0.3787841796875
2024-05-16 03:00:00,0.0,3.8111297693458663,9.58553011462555e-06,0.04128299,-0.06662750244140625
2024-05-16 04:00:00,0.0,4.005631927739756,9.58553011462555e-06,0.037328087,-0.714752197265625
2024-05-16 05:00:00,0.0,6.9081681745062316,0.01719929920764804,0.044700608,-0.467742919921875
2024-05-16 06:00:00,9.766,10.555147112522654,16.36428351036328,15.145332,16.689373016357422
2024-05-16 07:00:00,23.880000000000003,33.017466376368304,28.9141589467985,29.99354,51.25233459472656
2024-05-16 08:00:00,38.37,54.28579044175845,48.20693518623879,46.65099,62.39540100097656
2024-05-16 09:00:00,85.32400000000001,67.96426463482223,64.19156628076226,60.931374,80.28721618652344
2024-05-16 10:00:00,120.68,117.11314833440377,113.86681090287962,108.63068,88.15859985351562
2024-05-16 11:00:00,131.79000000000002,142.825285592109,148.87621209180156,145.71507,127.26910400390625
2024-05-16 12:00:00,179.63,136.73496478009227,144.44835027939112,137.37436,141.986083984375
2024-05-16 13:00:00,163.66,181.54803581722965,165.9179729420903,169.20816,120.85739135742188
2024-05-16 14:00:00,151.834,143.70635772017295,149.50269709304214,148.28441,140.70254516601562
2024-05-16 15:00:00,107.95,118.08727666934885,113.1676037311578,114.87893,102.19903564453125
2024-05-16 16:00:00,69.44600000000001,68.92829773371446,68.42571357194949,65.68717,68.99762725830078
2024-05-16 17:00:00,35.04,37.64119905479871,33.31544215437114,32.842373,38.608428955078125
2024-05-16 18:00:00,5.0840000000000005,13.641817678756166,4.454377703597776,4.8798184,12.115961074829102
2024-05-16 19:00:00,0.0,-6.755490100127475,9.58553011462555e-06,-0.066194504,1.2912178039550781
2024-05-16 20:00:00,0.0,0.8869680120304926,9.58553011462555e-06,0.05406384,0.4645805358886719
2024-05-16 21:00:00,0.0,0.04556678422149929,9.58553011462555e-06,0.05285553,0.2504768371582031
2024-05-16 22:00:00,0.0,-0.869874282304111,9.58553011462555e-06,0.060002275,-0.11928558349609375
2024-05-16 23:00:00,0.0,1.8983609944190407,9.58553011462555e-06,-0.10986948,-0.1375885009765625
2024-05-17 00:00:00,0.0,5.130927219475343,9.58553011462555e-06,0.035201587,0.09053421020507812
2024-05-17 01:00:00,0.0,0.38778641050992224,9.58553011462555e-06,0.05425904,0.23239517211914062
2024-05-17 02:00:00,0.0,2.9393989435633685,9.58553011462555e-06,0.07635277,0.17819595336914062
2024-05-17 03:00:00,0.0,0.017372492159664077,9.58553011462555e-06,0.0036726657,-0.3963203430175781
2024-05-17 04:00:00,0.0,1.8936622539564167,9.58553011462555e-06,0.012758135,-0.4971809387207031
2024-05-17 05:00:00,0.0,4.094838575652361,0.03099957504226371,0.01869895,-0.4111289978027344
2024-05-17 06:00:00,19.1,7.32977288070837,15.627567467255357,13.975095,16.063663482666016
2024-05-17 07:00:00,51.900000000000006,44.86317126722719,55.592820505183,53.77519,44.79970169067383
2024-05-17 08:00:00,86.51,87.32849233051519,93.29890943681313,92.91586,95.70238494873047
2024-05-17 09:00:00,141.97,122.30446078924322,121.91416847482832,125.58846,134.83062744140625
2024-05-17 10:00:00,150.744,174.5465635211398,167.25061540620297,169.44496,158.67630004882812
2024-05-17 11:00:00,193.006,161.71977416531624,171.7607227121918,166.85815,171.35418701171875
2024-05-17 12:00:00,182.99,196.3757358591281,184.96279418100985,189.8854,143.92784118652344
2024-05-17 13:00:00,137.08,165.94782326054784,160.09731892804547,167.46123,155.42352294921875
2024-05-17 14:00:00,144.506,106.36364413076174,104.71766285774373,102.14882,142.4747314453125
2024-05-17 15:00:00,113.634,111.74252496619309,108.09747268671696,108.134766,83.3723373413086
2024-05-17 16:00:00,73.116,67.98748846038157,75.11240152689535,75.55741,69.93482971191406
2024-05-17 17:00:00,34.996,33.734340415197224,34.36066930952382,33.690517,42.825172424316406
2024-05-17 18:00:00,4.3,7.720250689399268,4.521160557691499,4.7421827,8.706275939941406
2024-05-17 19:00:00,0.0,-8.547314072525541,9.58553011462555e-06,-0.033537935,0.5269851684570312
2024-05-17 20:00:00,0.0,1.8995828321329116,9.58553011462555e-06,0.06308559,0.0963287353515625
2024-05-17 21:00:00,0.0,-0.3504058828522547,9.58553011462555e-06,-0.03534433,-0.14356613159179688
2024-05-17 22:00:00,0.0,-2.7522778902223095,9.58553011462555e-06,0.06417392,-0.177764892578125
2024-05-17 23:00:00,0.0,1.9735024612164516,9.58553011462555e-06,0.018176401,0.12360000610351562
2024-05-18 00:00:00,0.0,1.9275758932360851,9.58553011462555e-06,0.02674669,0.20894622802734375
2024-05-18 01:00:00,0.0,2.402337382940246,9.58553011462555e-06,-0.014052801,0.23258209228515625
2024-05-18 02:00:00,0.0,8.413303160063498,9.58553011462555e-06,0.03501295,-0.033756256103515625
2024-05-18 03:00:00,0.0,4.696727520359696,9.58553011462555e-06,0.030826304,-0.7027549743652344
2024-05-18 04:00:00,0.0,4.331079640968996,9.58553011462555e-06,0.03409222,-0.9001388549804688
2024-05-18 05:00:00,0.0,6.244069600609452,0.0068,0.023285212,-0.6510848999023438
2024-05-18 06:00:00,13.776,10.516881857842094,15.608599685412658,14.585024,13.466665267944336
2024-05-18 07:00:00,34.7,40.892665809956725,39.668924315788026,38.048965,44.91201400756836
2024-05-18 08:00:00,59.74600000000001,69.94150766649963,65.68312411548172,65.70689,78.4329605102539
2024-05-18 09:00:00,108.224,94.14779735259515,95.26502361606201,94.42633,104.18218231201172
2024-05-18 10:00:00,160.70000000000002,139.73041055546057,139.16529604230908,134.91614,133.73199462890625
2024-05-18 11:00:00,163.10000000000002,185.10920016511554,174.1148520000517,174.47711,162.17739868164062
2024-05-18 12:00:00,158.89,165.97246866243674,176.3622664880624,168.53633,169.05697631835938
2024-05-18 13:00:00,130.744,144.90385491477954,152.42324547865243,150.88582,141.46945190429688
2024-05-18 14:00:00,117.26,108.76420601741421,117.16284823321381,116.97321,114.60588073730469
2024-05-18 15:00:00,77.56,88.26622514099614,82.78606670780871,83.515915,72.66403198242188
2024-05-18 16:00:00,37.586000000000006,44.29720210296789,48.67650604939171,46.120483,56.24067306518555
2024-05-18 17:00:00,19.876,12.525164066416203,17.827147579377634,16.371584,28.75970458984375
2024-05-18 18:00:00,1.97,7.1229215079997275,2.919870403839906,3.0694919,4.416805267333984
2024-05-18 19:00:00,0.0,-5.128972235439169,9.58553011462555e-06,0.0057747555,0.1578216552734375
2024-05-18 20:00:00,0.0,1.2260996621760256,9.58553011462555e-06,0.012502111,-0.2941246032714844
2024-05-18 21:00:00,0.0,0.12297291883523176,9.58553011462555e-06,0.053541902,-0.5195350646972656
2024-05-18 22:00:00,0.0,-0.7784817966166413,9.58553011462555e-06,-0.006347214,-0.4193878173828125
2024-05-18 23:00:00,0.0,-1.4851099830048105,9.58553011462555e-06,0.042096548,-0.248809814453125
2024-05-19 00:00:00,0.0,0.6343542598005945,9.58553011462555e-06,0.039686423,-0.2706642150878906
2024-05-19 01:00:00,0.0,-0.9169404436570865,9.58553011462555e-06,0.04227237,-0.26682281494140625
2024-05-19 02:00:00,0.0,2.01515970713632,9.58553011462555e-06,0.043111864,-0.5574111938476562
2024-05-19 03:00:00,0.0,0.2820321996773414,9.58553011462555e-06,0.01915056,-1.3235092163085938
2024-05-19 04:00:00,0.0,1.4458332707397057,9.58553011462555e-06,0.016190378,-1.4038543701171875
2024-05-19 05:00:00,0.0,5.019700179083799,0.0004534676896845695,0.0014699046,0.3468170166015625
2024-05-19 06:00:00,15.086000000000002,7.964358210629605,13.010663942895137,12.589613,20.071189880371094
2024-05-19 07:00:00,43.29,37.15990288008507,45.87637531288076,44.93611,46.89777374267578
2024-05-19 08:00:00,78.80000000000001,76.93558615710214,80.07621786639233,77.715004,81.95448303222656
2024-05-19 09:00:00,130.8,115.0047999247922,115.71739833951625,117.50377,119.77935028076172
2024-05-19 10:00:00,154.07000000000002,161.75379855752763,158.78589494772478,160.58862,152.48965454101562
2024-05-19 11:00:00,167.20000000000002,166.25152351968873,169.87749057916815,172.31061,173.82650756835938
2024-05-19 12:00:00,172.81600000000003,163.89715433911758,164.62043664534548,165.71332,169.75027465820312
2024-05-19 13:00:00,163.67600000000002,156.56623880947893,153.9802815232315,156.56583,149.84048461914062
2024-05-19 14:00:00,101.98,132.20554526018802,131.61011690315797,131.79326,128.46307373046875
2024-05-19 15:00:00,88.584,64.18846951081704,57.800636305163216,65.0236,107.0207290649414
2024-05-19 16:00:00,59.77000000000001,58.9324320944986,58.139212490975034,58.205227,53.86051940917969
2024-05-19 17:00:00,28.180000000000003,31.15890054035912,27.401714715219423,28.23205,28.019195556640625
2024-05-19 18:00:00,4.004,8.903560163441869,3.9824350308327188,3.854946,7.377176284790039
2024-05-19 19:00:00,0.0,-5.191860381949451,9.58553011462555e-06,-0.101737365,0.060390472412109375
2024-05-19 20:00:00,0.0,-0.6815135765638622,9.58553011462555e-06,0.032409977,-0.21387100219726562
2024-05-19 21:00:00,0.0,1.3085061631022272,9.58553011462555e-06,0.078635044,-0.3984031677246094
2024-05-19 22:00:00,0.0,-1.6788521302924604,9.58553011462555e-06,0.112867005,-0.42957305908203125
2024-05-19 23:00:00,0.0,0.029386906656454492,9.58553011462555e-06,0.04396859,-0.24870681762695312
2024-05-20 00:00:00,0.0,0.7686821228789249,9.58553011462555e-06,0.043639783,-0.1963653564453125
2024-05-20 01:00:00,0.0,-1.7963806751097966,9.58553011462555e-06,-0.043091353,-0.01354217529296875
2024-05-20 02:00:00,0.0,-1.3627005479827483,9.58553011462555e-06,0.036739863,-0.24857711791992188
2024-05-20 03:00:00,0.0,4.385114183830353,9.58553011462555e-06,0.03702289,-0.9709587097167969
2024-05-20 04:00:00,0.0,4.634032320439346,9.58553011462555e-06,0.01870877,-1.3350143432617188
2024-05-20 05:00:00,0.0,6.4038556654606555,0.0004534676896845695,0.023121098,-0.33780670166015625
2024-05-20 06:00:00,21.65,9.475635071946586,14.506263264731023,14.104234,19.192718505859375
2024-05-20 07:00:00,62.04,49.76522788258662,58.91975553842562,58.384136,45.16234588623047
2024-05-20 08:00:00,107.16,102.0352673031129,105.33954731488976,102.515175,98.32999420166016
2024-05-20 09:00:00,145.756,145.9247435919472,142.81180171891702,146.73146,143.4899139404297
2024-05-20 10:00:00,174.894,170.88854164341424,171.88704183779922,172.04488,173.48486328125
2024-05-20 11:00:00,191.41600000000005,184.42911292568388,183.52891759062723,185.05573,181.06378173828125
2024-05-20 12:00:00,191.61,187.17726119298,186.0893423254617,184.67418,171.94607543945312
2024-05-20 13:00:00,174.39,169.93556419822258,165.90040415741697,166.5099,157.58041381835938
2024-05-20 14:00:00,150.21,137.4376228197479,146.91158714285706,140.84734,136.15621948242188
2024-05-20 15:00:00,110.47,104.52896923302646,111.56363802597407,111.166664,99.96437072753906
2024-05-20 16:00:00,70.59,65.082877157806,68.61594159051947,68.84413,70.0777359008789
2024-05-20 17:00:00,31.85,33.69940603159319,33.14592454761905,33.27316,36.966758728027344
2024-05-20 18:00:00,4.6000000000000005,8.341638936396592,4.352754877477566,4.443136,11.266412734985352
2024-05-20 19:00:00,0.0,-7.262403806744943,9.58553011462555e-06,-0.0003361011,0.5013008117675781
2024-05-20 20:00:00,0.0,-3.5005724983084114,9.58553011462555e-06,-0.02793189,-0.3807563781738281
2024-05-20 21:00:00,0.0,-3.7567709301114958,9.58553011462555e-06,0.08335001,-0.4441566467285156
2024-05-20 22:00:00,0.0,-2.6108718055606035,9.58553011462555e-06,0.08579767,-0.20601272583007812
2024-05-20 23:00:00,0.0,1.3771211468448925,9.58553011462555e-06,0.044065893,-0.44225311279296875
2024-05-21 00:00:00,0.0,5.016000907643674,9.58553011462555e-06,0.04789228,-0.6405601501464844
2024-05-21 01:00:00,0.0,3.874548199556177,9.58553011462555e-06,0.036943067,-0.5823783874511719
2024-05-21 02:00:00,0.0,5.081975116097169,9.58553011462555e-06,0.036304567,-0.8193206787109375
2024-05-21 03:00:00,0.0,4.248882209870592,9.58553011462555e-06,0.021157112,-1.4815940856933594
2024-05-21 04:00:00,0.0,5.048558257949713,9.58553011462555e-06,-0.040893212,-1.7254066467285156
2024-05-21 05:00:00,0.0,7.300458253473481,0.00035033043478260867,0.26331365,-0.3510780334472656
2024-05-21 06:00:00,15.96,12.353532953596336,15.621983519477297,15.286938,14.858230590820312
2024-05-21 07:00:00,46.096,43.107082309923,46.424189143225725,47.336857,45.886966705322266
2024-05-21 08:00:00,88.38,82.07786487319487,82.68469688505655,80.90736,82.5901107788086
2024-05-21 09:00:00,135.24,126.08908370712493,125.45299391581882,126.55894,128.9226531982422
2024-05-21 10:00:00,165.81600000000003,168.03568446032475,164.08485302766388,163.02359,161.83151245117188
2024-05-21 11:00:00,182.306,183.9139638331566,183.65858123161416,182.8343,177.54806518554688
2024-05-21 12:00:00,188.776,183.52944261460922,184.90350579089917,187.24057,175.94223022460938
2024-05-21 13:00:00,181.72000000000003,173.37817570599168,171.07779223809533,174.75725,160.61622619628906
2024-05-21 14:00:00,153.556,149.31990882568007,153.1605433333333,155.00967,144.80203247070312
2024-05-21 15:00:00,122.38,110.52100659061679,115.93440523088016,113.52957,122.30278778076172
2024-05-21 16:00:00,81.416,77.23299411346312,80.6392102367192,80.9627,65.72970581054688
2024-05-21 17:00:00,38.16,40.779659416704554,37.00645456959709,40.126953,42.0356559753418
2024-05-21 18:00:00,5.260000000000001,9.283722425983443,5.045113300030496,6.0980554,14.745941162109375
2024-05-21 19:00:00,0.0,-9.298103575092618,9.58553011462555e-06,0.004971538,0.9300727844238281
2024-05-21 20:00:00,0.0,-2.7436522296354844,9.58553011462555e-06,0.053593107,-0.059070587158203125
2024-05-21 21:00:00,0.0,-0.8043347501561593,9.58553011462555e-06,0.03792438,-0.6040802001953125
2024-05-21 22:00:00,0.0,-1.4734748263483421,9.58553011462555e-06,0.047707964,-0.573944091796875
2024-05-21 23:00:00,0.0,0.4888732345441831,9.58553011462555e-06,0.030262697,-0.4277915954589844
2024-05-22 00:00:00,0.0,3.700839556474657,9.58553011462555e-06,0.024240803,-0.5304031372070312
2024-05-22 01:00:00,0.0,2.968935808423053,9.58553011462555e-06,0.17645802,-0.19445037841796875
2024-05-22 02:00:00,0.0,4.18674535240628,9.58553011462555e-06,0.025416117,-0.11627960205078125
2024-05-22 03:00:00,0.0,4.686313146825004,9.58553011462555e-06,0.025416117,-0.5842742919921875
2024-05-22 04:00:00,0.0,5.069224638190127,9.58553011462555e-06,0.014419072,-1.169281005859375
2024-05-22 05:00:00,0.0,6.9487332175543095,0.0036331875776397515,0.03087705,-0.5143585205078125
2024-05-22 06:00:00,20.11,11.393482765356744,16.310685073114577,15.713506,17.19119644165039
2024-05-22 07:00:00,58.154,50.07302335551833,57.8235378369604,59.271217,48.32048034667969
2024-05-22 08:00:00,100.42000000000002,98.13760787800615,100.15427879433555,101.33253,97.66763305664062
2024-05-22 09:00:00,140.316,139.5903451297528,138.14985362726924,139.11118,140.79180908203125
2024-05-22 10:00:00,172.67600000000002,169.99924116943302,168.55419032726203,168.69182,165.98577880859375
2024-05-22 11:00:00,189.956,189.5523713436283,188.4672212668815,189.44238,176.91717529296875
2024-05-22 12:00:00,192.2,190.85669611282614,194.26768666666663,193.98053,174.09982299804688
2024-05-22 13:00:00,180.24,174.30464812829752,177.11547819047613,169.81659,157.506591796875
2024-05-22 14:00:00,152.9,145.57124950668458,150.50682499999994,155.03304,140.9786834716797
2024-05-22 15:00:00,121.156,108.8006898378701,113.72505036904761,114.038666,113.45873260498047
2024-05-22 16:00:00,79.68400000000001,76.07220511446744,78.87083923743316,81.3628,74.213623046875
2024-05-22 17:00:00,36.564,39.027794272729146,36.716797486263744,36.200714,46.06724548339844
2024-05-22 18:00:00,5.066,8.547592772591038,4.744539943523636,5.0606484,17.05840301513672
2024-05-22 19:00:00,0.0,-9.974782764142073,9.58553011462555e-06,-0.011601679,0.9120445251464844
2024-05-22 20:00:00,0.0,-3.3694130697867406,9.58553011462555e-06,0.06357446,-0.15666580200195312
2024-05-22 21:00:00,0.0,-1.2239718170886853,9.58553011462555e-06,0.06731942,-0.7609901428222656
2024-05-22 22:00:00,0.0,-0.6025841467091073,9.58553011462555e-06,0.07355515,-1.0003700256347656
2024-05-22 23:00:00,0.0,1.0874422299685458,9.58553011462555e-06,0.027232539,-0.9914436340332031
2024-05-23 00:00:00,0.0,3.3942709317392907,9.58553011462555e-06,0.0155622875,-1.0481796264648438
2024-05-23 01:00:00,0.0,2.6034801113796675,9.58553011462555e-06,0.17456077,-0.9995574951171875
2024-05-23 02:00:00,0.0,4.182648216440171,9.58553011462555e-06,0.021408053,-1.1675987243652344
2024-05-23 03:00:00,0.0,4.63019605413405,9.58553011462555e-06,0.023144372,-1.5033454895019531
2024-05-23 04:00:00,0.0,5.308888322558566,9.58553011462555e-06,0.00052062207,-2.4435348510742188
2024-05-23 05:00:00,0.0,7.535526440535264,0.06771274182983793,0.034306392,0.7370262145996094
2024-05-23 06:00:00,20.01,12.296677108969867,17.42956106960713,16.359653,15.687736511230469
2024-05-23 07:00:00,58.1,49.861438476627946,56.32558325563887,58.48601,45.56226348876953
2024-05-23 08:00:00,100.746,99.17214124250609,100.11090657296809,101.30114,97.6665267944336
2024-05-23 09:00:00,134.234,140.8935719448414,137.35014713709654,139.82953,140.74319458007812
2024-05-23 10:00:00,170.14,162.63334967836568,164.11251438771762,164.95882,166.76846313476562
2024-05-23 11:00:00,187.206,187.2168111209785,187.7704665675608,185.00352,174.83554077148438
2024-05-23 12:00:00,190.356,188.6734701678096,192.64710000000002,192.71562,175.97891235351562
2024-05-23 13:00:00,167.60000000000002,172.10770289762047,169.07049978337574,170.00288,161.01950073242188
2024-05-23 14:00:00,144.96,133.98224214004313,132.76923558608064,136.42104,139.79905700683594
2024-05-23 15:00:00,102.85,103.84272852870069,106.47281225989954,104.36843,112.66868591308594
2024-05-23 16:00:00,71.134,61.13301944157018,64.82863375862311,63.87488,77.22474670410156
2024-05-23 17:00:00,36.16,36.223405810427806,33.791743154761924,32.339455,42.22555160522461
2024-05-23 18:00:00,5.83,9.92664298122736,5.258926936339659,5.2848577,9.657329559326172
2024-05-23 19:00:00,0.0,-8.938133568962655,9.58553011462555e-06,-0.02120057,0.17690658569335938
2024-05-23 20:00:00,0.0,-4.14107926996497,9.58553011462555e-06,0.0720726,-0.5555343627929688
2024-05-23 21:00:00,0.0,-2.3838554399808665,9.58553011462555e-06,0.09701051,-0.8243865966796875
2024-05-23 22:00:00,0.0,-0.67623843891608,9.58553011462555e-06,0.07291767,-0.832977294921875
2024-05-23 23:00:00,0.0,0.4293444083291744,9.58553011462555e-06,0.044758983,-0.6978950500488281
2024-05-24 00:00:00,0.0,2.567647394776367,9.58553011462555e-06,-0.0004662376,-0.7113227844238281
2024-05-24 01:00:00,0.0,0.6847110817983371,9.58553011462555e-06,0.016567564,-0.5083770751953125
2024-05-24 02:00:00,0.0,3.383484518430457,9.58553011462555e-06,0.008674436,-0.9033279418945312
2024-05-24 03:00:00,0.0,2.551658512921925,9.58553011462555e-06,0.005391397,-1.4968338012695312
2024-05-24 04:00:00,0.0,4.893786894323895,9.58553011462555e-06,0.0076835896,-1.8393592834472656
2024-05-24 05:00:00,0.584,7.429696672259988,0.03957202929084823,0.020610308,-0.018489837646484375
2024-05-24 06:00:00,20.36,13.900109508360767,15.47605718343865,15.939126,16.734352111816406
2024-05-24 07:00:00,62.824000000000005,51.79462751726984,56.52781278946914,58.72031,46.03594207763672
2024-05-24 08:00:00,107.206,108.6644702468588,104.1927668191633,94.47361,96.18923950195312
2024-05-24 09:00:00,144.834,147.97098114265256,142.89339764912518,144.79909,137.60107421875
2024-05-24 10:00:00,165.156,171.06298711136023,172.31521415748296,170.73875,164.9537353515625
2024-05-24 11:00:00,168.47000000000003,173.7446503911505,182.03410917849627,179.97679,173.60037231445312
2024-05-24 12:00:00,152.61,162.1290903298403,165.14710864145192,166.75275,162.98428344726562
2024-05-24 13:00:00,138.62,133.1922489451577,116.75594683069804,117.32802,143.37408447265625
2024-05-24 14:00:00,42.754000000000005,110.28571652029225,103.78150925331896,109.39548,122.0976791381836
2024-05-24 15:00:00,51.06,17.492798332021327,55.72529333333335,44.626137,86.51396179199219
2024-05-24 16:00:00,44.84,43.22019508920031,32.998357736072215,33.752995,27.985816955566406
2024-05-24 17:00:00,22.824,28.040069204099822,22.871427586134445,25.310581,5.545078277587891
2024-05-24 18:00:00,3.5240000000000005,8.717768591908948,4.237867664720193,4.306273,0.6707496643066406
2024-05-24 19:00:00,0.0,-1.5832101051435616,9.58553011462555e-06,-0.16065714,-0.8059806823730469
2024-05-24 20:00:00,0.0,-1.5581161205386236,9.58553011462555e-06,0.017379597,-0.6143608093261719
2024-05-24 21:00:00,0.0,0.7079725786669302,9.58553011462555e-06,0.028810032,-0.5522193908691406
2024-05-24 22:00:00,0.0,-3.9871404062025686,9.58553011462555e-06,-0.024175815,-0.24696731567382812
2024-05-24 23:00:00,0.0,-4.437026045404519,9.58553011462555e-06,-0.023599235,-0.1548309326171875
2024-05-25 00:00:00,0.0,-3.417175570584684,9.58553011462555e-06,0.0013167094,0.010524749755859375
2024-05-25 01:00:00,0.0,-4.474195019744033,9.58553011462555e-06,0.00615597,0.23200607299804688
2024-05-25 02:00:00,0.0,-4.958672486734906,9.58553011462555e-06,0.0063368795,0.08696746826171875
2024-05-25 03:00:00,0.0,7.336713599200939,9.58553011462555e-06,0.0167667,-0.5165519714355469
2024-05-25 04:00:00,0.0,7.617800994145428,9.58553011462555e-06,0.032490738,-0.7905120849609375
2024-05-25 05:00:00,0.67,9.153156548036087,5.793287248158564e-05,0.036934245,-0.38210296630859375
2024-05-25 06:00:00,20.55,14.173261416493752,14.549556800998632,14.796903,10.164958953857422
2024-05-25 07:00:00,59.870000000000005,49.53558371834143,57.49454121200359,57.87126,37.471343994140625
2024-05-25 08:00:00,104.224,101.03598734695723,102.86193609145784,102.57359,83.57028198242188
2024-05-25 09:00:00,140.234,139.93754341742726,140.0193243562404,144.66792,134.01119995117188
2024-05-25 10:00:00,163.366,160.99456692213667,161.84162164591314,163.95222,165.55661010742188
2024-05-25 11:00:00,167.484,167.97219327605524,167.13564396310937,169.51161,176.21084594726562
2024-05-25 12:00:00,163.876,156.70246300749176,156.42693510117178,159.61009,168.22705078125
2024-05-25 13:00:00,149.72400000000002,139.90715377714258,140.02034547276259,146.47185,145.60491943359375
2024-05-25 14:00:00,119.06600000000002,113.86801527145712,118.67851921348567,122.779465,126.42451477050781
2024-05-25 15:00:00,90.276,77.83092612343444,76.25600674692113,73.44478,98.35987854003906
2024-05-25 16:00:00,58.61000000000001,52.099887989412906,57.519041758908315,56.25152,58.566139221191406
2024-05-25 17:00:00,26.376,26.012962362005844,26.935284999346408,27.554628,25.3256893157959
2024-05-25 18:00:00,4.05,5.932074931149941,4.301829649196692,4.1910987,1.7937393188476562
2024-05-25 19:00:00,0.0,-4.892398924365501,9.58553011462555e-06,-0.016963566,-0.40000152587890625
2024-05-25 20:00:00,0.0,-1.7492649226889938,9.58553011462555e-06,0.007650399,-0.5365066528320312
2024-05-25 21:00:00,0.0,-1.834459481517836,9.58553011462555e-06,0.009464884,-0.5165672302246094
2024-05-25 22:00:00,0.0,-3.063646319816206,9.58553011462555e-06,-0.0015520661,-0.19002914428710938
2024-05-25 23:00:00,0.0,-0.6245371023331057,9.58553011462555e-06,-0.0015520661,-0.16556549072265625
2024-05-26 00:00:00,0.0,2.2989512142352257,9.58553011462555e-06,0.025124198,-0.19379043579101562
2024-05-26 01:00:00,0.0,1.6305985251889519,9.58553011462555e-06,0.031086836,-0.037693023681640625
2024-05-26 02:00:00,0.0,4.07019562317452,9.58553011462555e-06,-0.00019950961,-0.3391456604003906
2024-05-26 03:00:00,0.0,5.498956166125835,9.58553011462555e-06,0.0020716474,-1.1199111938476562
2024-05-26 04:00:00,0.0,6.494240575330714,9.58553011462555e-06,0.0020716474,-1.0639991760253906
2024-05-26 05:00:00,0.516,7.700669649617673,0.41069342012413096,0.011736365,-0.3687705993652344
2024-05-26 06:00:00,13.27,12.367673566855807,14.076651646724697,13.969262,12.113035202026367
2024-05-26 07:00:00,39.24,39.22469148756206,38.611711068536664,37.237736,41.690338134765625
2024-05-26 08:00:00,71.766,73.96784261792538,73.07528597186838,75.15408,74.29978942871094
2024-05-26 09:00:00,54.316,109.8208730430151,107.96024966914503,110.41427,110.00099182128906
2024-05-26 10:00:00,62.04,69.90968379529178,58.746300051127854,52.937145,139.18203735351562
2024-05-26 11:00:00,60.0,71.32009837597337,66.20445666666666,64.32852,119.75579071044922
2024-05-26 12:00:00,50.586000000000006,62.90651468584944,59.95790033333335,55.018078,102.77092742919922
2024-05-26 13:00:00,64.324,47.267539952689724,53.21074964705879,47.833538,81.01703643798828
2024-05-26 14:00:00,45.94,60.23928402277367,56.887928946886426,55.228897,59.00455093383789
2024-05-26 15:00:00,20.444000000000003,30.143033150033453,46.32846190476189,49.40551,39.265201568603516
2024-05-26 16:00:00,12.294,5.993106915449692,18.332620887128304,18.643282,24.856399536132812
2024-05-26 17:00:00,6.550000000000001,3.4678264951717495,7.5419062226160705,7.919966,9.650157928466797
2024-05-26 18:00:00,1.124,1.8133502297297408,1.295835000000001,0.65430516,2.190319061279297
2024-05-26 19:00:00,0.0,1.5789097277965238,9.58553011462555e-06,0.0476297,-0.008457183837890625
2024-05-26 20:00:00,0.0,0.51809868399162,9.58553011462555e-06,0.016122157,-0.5853767395019531
2024-05-26 21:00:00,0.0,-8.059940464305635,9.58553011462555e-06,0.017596768,-0.5124855041503906
2024-05-26 22:00:00,0.0,-5.764579256466654,9.58553011462555e-06,0.0029247212,-0.18456649780273438
2024-05-26 23:00:00,0.0,-3.9018074149323825,9.58553011462555e-06,0.01422351,0.009735107421875
2024-05-27 00:00:00,0.0,1.0923465765802183,9.58553011462555e-06,0.046854187,0.09320831298828125
2024-05-27 01:00:00,0.0,1.3904127404440318,9.58553011462555e-06,0.020397007,0.1414642333984375
2024-05-27 02:00:00,0.0,-0.6325000266420586,9.58553011462555e-06,0.05121244,0.014888763427734375
2024-05-27 03:00:00,0.0,-0.1903127740331163,9.58553011462555e-06,0.05826395,-0.22901153564453125
2024-05-27 04:00:00,0.0,1.928711304360304,9.58553011462555e-06,0.041649956,0.050022125244140625
2024-05-27 05:00:00,0.324,3.931567896349156,0.4293316541383953,0.048080508,0.7568931579589844
2024-05-27 06:00:00,11.18,9.394581260758148,12.355631235235236,13.598951,9.185113906860352
2024-05-27 07:00:00,28.450000000000003,32.34346668974516,34.40062529754831,32.204155,28.738414764404297
2024-05-27 08:00:00,52.24,54.873774597777135,55.147310803663096,48.999744,59.650543212890625
2024-05-27 09:00:00,77.16000000000001,77.87172741924962,71.9904748856,73.33231,78.93455505371094
2024-05-27 10:00:00,98.776,97.19245625318098,90.827882619835,95.558945,110.18222045898438
2024-05-27 11:00:00,114.11,110.89577956745597,108.94010793993688,111.98162,125.9000015258789
2024-05-27 12:00:00,113.68,117.6607709757175,114.20861328888394,123.20278,129.2662811279297
2024-05-27 13:00:00,121.276,104.4471061078485,102.16579784723868,110.790474,126.02339935302734
2024-05-27 14:00:00,104.234,102.48843923625262,100.47766212480147,104.495094,118.9010238647461
2024-05-27 15:00:00,72.99600000000001,74.17142050408614,73.42561069203546,74.58764,89.07611846923828
2024-05-27 16:00:00,44.046,40.45247677081701,40.730268440612505,40.50805,55.650150299072266
2024-05-27 17:00:00,20.006,18.828081454854857,20.63653687951829,20.53755,29.098373413085938
2024-05-27 18:00:00,3.2960000000000003,4.625672680571306,3.4915099186042435,3.2041967,8.189342498779297
2024-05-27 19:00:00,0.0,-3.1910343601912716,9.58553011462555e-06,0.063572675,0.6353302001953125
2024-05-27 20:00:00,0.0,0.6277418149572478,9.58553011462555e-06,0.05855193,0.055377960205078125
2024-05-27 21:00:00,0.0,-0.2840899223565625,9.58553011462555e-06,0.08195119,-0.010105133056640625
2024-05-27 22:00:00,0.0,-0.3866835184599715,9.58553011462555e-06,0.09265004,-0.02728271484375
2024-05-27 23:00:00,0.0,0.5378625557540735,9.58553011462555e-06,0.06169011,-0.07574081420898438
2024-05-28 00:00:00,0.0,2.2201949311815223,9.58553011462555e-06,0.09712388,-0.11013031005859375
2024-05-28 01:00:00,0.0,0.8311230607997722,9.58553011462555e-06,0.021597566,-0.11365127563476562
2024-05-28 02:00:00,0.0,0.25965877613172506,9.58553011462555e-06,0.011820661,-0.24545669555664062
2024-05-28 03:00:00,0.0,-1.410019487895017,9.58553011462555e-06,0.055532765,-0.6040229797363281
2024-05-28 04:00:00,0.0,-0.4135067919838251,9.58553011462555e-06,-0.007814121,-0.20067596435546875
2024-05-28 05:00:00,0.49,2.1794585913782694,0.45005556879059044,0.5000753,0.8737068176269531
2024-05-28 06:00:00,13.14,6.989468478621365,12.19289725111993,12.628799,19.97425079345703
2024-05-28 07:00:00,41.07,35.13670626146714,41.59213573319108,41.46306,41.81708526611328
2024-05-28 08:00:00,74.94600000000001,74.37945398507944,75.17893301891017,76.470146,76.64466857910156
2024-05-28 09:00:00,111.476,112.31499521943195,98.7133496503195,104.41224,116.83251190185547
2024-05-28 10:00:00,143.85,144.48500973756109,144.39459817723872,146.03067,146.62933349609375
2024-05-28 11:00:00,165.54000000000002,165.85337761204318,162.04226578400068,163.61485,161.71087646484375
2024-05-28 12:00:00,168.876,170.06480311170455,164.76674593976327,167.87988,165.0142364501953
2024-05-28 13:00:00,160.084,153.47059242899815,153.5688283143474,157.502,146.9259033203125
2024-05-28 14:00:00,135.85,129.36244424427878,131.00259446932105,135.16129,125.22676086425781
2024-05-28 15:00:00,104.08,96.66790894516029,97.88280751321861,97.909805,109.88824462890625
2024-05-28 16:00:00,65.384,62.852600613932005,66.37453557543088,63.848644,66.41644287109375
2024-05-28 17:00:00,29.024,29.25772264553015,30.623136279800274,29.638603,36.76777648925781
2024-05-28 18:00:00,4.404,4.99756886971635,4.438497820898038,3.9493566,15.103199005126953
2024-05-28 19:00:00,0.0,-4.924607276217496,9.58553011462555e-06,0.001176463,0.7707443237304688
2024-05-28 20:00:00,0.0,4.068997257985615,9.58553011462555e-06,0.033652235,-0.23027420043945312
2024-05-28 21:00:00,0.0,4.412261866838396,9.58553011462555e-06,0.39049372,-0.3961639404296875
2024-05-28 22:00:00,0.0,0.37760070684873703,9.58553011462555e-06,-0.414653,-0.2943878173828125
2024-05-28 23:00:00,0.0,-2.4072101051441943,9.58553011462555e-06,0.08045487,-0.15167999267578125
2024-05-29 00:00:00,0.0,0.11828994283262073,9.58553011462555e-06,0.087197684,-0.17180633544921875
2024-05-29 01:00:00,0.0,1.2985021613094236,9.58553011462555e-06,0.046470772,-0.15717697143554688
2024-05-29 02:00:00,0.0,3.7162868031207896,9.58553011462555e-06,0.018979201,-0.28614044189453125
2024-05-29 03:00:00,0.0,2.6646584707287566,9.58553011462555e-06,0.058227442,-0.9377670288085938
2024-05-29 04:00:00,0.0,1.941464793284469,9.58553011462555e-06,-0.045922793,-1.1159172058105469
2024-05-29 05:00:00,0.53,3.4263487633552945,0.45996151024052073,0.13581379,0.2613868713378906
2024-05-29 06:00:00,13.576,9.766712861811335,13.962750366995913,14.424433,16.168230056762695
2024-05-29 07:00:00,43.47,39.61986888286405,41.36549810246603,42.901352,45.201377868652344
2024-05-29 08:00:00,77.924,83.26942702676189,78.6739528326203,80.39883,80.38050842285156
2024-05-29 09:00:00,118.216,118.99361629960612,116.97465152456859,116.03828,121.83167266845703
2024-05-29 10:00:00,157.05,154.15146899194033,153.2850784856353,152.81981,152.84512329101562
2024-05-29 11:00:00,176.406,181.1413080858689,176.8053224744751,173.9374,168.6370849609375
2024-05-29 12:00:00,179.79000000000002,181.85300491778682,178.5258709996365,177.15794,170.03359985351562
2024-05-29 13:00:00,169.33,164.14777655112042,163.63436011087714,159.55144,156.17855834960938
2024-05-29 14:00:00,145.876,137.18634242662492,137.02822668371238,143.0854,137.2578125
2024-05-29 15:00:00,112.334,104.51700763873691,111.33925537920389,110.393295,108.30366516113281
2024-05-29 16:00:00,72.55,68.51762226076801,72.24787404584946,71.98737,70.68428039550781
2024-05-29 17:00:00,33.42,33.299973364843986,32.95433185854342,33.617596,40.62305450439453
2024-05-29 18:00:00,5.266,5.566591475871441,4.923182397976626,5.137322,15.818029403686523
2024-05-29 19:00:00,0.0,-6.207976627246694,9.58553011462555e-06,-0.19242749,0.8701515197753906
2024-05-29 20:00:00,0.0,1.0156188088249447,9.58553011462555e-06,-0.095312655,-0.5588531494140625
2024-05-29 21:00:00,0.0,2.6112398582136294,9.58553011462555e-06,0.04642082,-0.5598793029785156
2024-05-29 22:00:00,0.0,0.7214972465044847,9.58553011462555e-06,0.06871996,-0.4991569519042969
2024-05-29 23:00:00,0.0,0.37618721082070294,9.58553011462555e-06,0.087197684,-0.3640480041503906
2024-05-30 00:00:00,0.0,3.0002119815825594,9.58553011462555e-06,0.06932825,-0.3067970275878906
2024-05-30 01:00:00,0.0,2.412909097187523,9.58553011462555e-06,0.10171649,-0.20470428466796875
2024-05-30 02:00:00,0.0,2.978806448680867,9.58553011462555e-06,0.07774616,-0.3910942077636719
2024-05-30 03:00:00,0.0,1.6663317935463837,9.58553011462555e-06,0.073282294,-0.9475212097167969
2024-05-30 04:00:00,0.0,1.7133296632196418,9.58553011462555e-06,-0.047420103,-1.4466094970703125
2024-05-30 05:00:00,0.494,4.440571415177946,0.4900789118193341,-0.060921807,0.8297004699707031
2024-05-30 06:00:00,11.9,12.587640260596924,13.243654952752282,13.484496,19.195423126220703
2024-05-30 07:00:00,31.814,38.573801319184696,38.941639865414935,37.62189,47.331661224365234
2024-05-30 08:00:00,64.9,68.64718037167987,63.74494972466138,61.233456,75.78205108642578
2024-05-30 09:00:00,105.966,104.13198204639738,99.25407045454541,96.12337,107.77433013916016
2024-05-30 10:00:00,149.1,140.60483805887017,140.7132687161546,142.21832,145.01797485351562
2024-05-30 11:00:00,179.16,173.58873469324985,169.0671826310436,172.15083,164.154541015625
2024-05-30 12:00:00,182.376,188.30469792853023,177.4557787789058,175.87933,167.8704833984375
2024-05-30 13:00:00,148.62,170.7514019367647,173.1185148834387,175.42131,158.6837158203125
2024-05-30 14:00:00,147.156,120.16084283664932,143.6141422956863,131.67502,144.00991821289062
2024-05-30 15:00:00,111.53,113.24082998910848,110.5096207882948,106.03535,95.8459243774414
2024-05-30 16:00:00,69.73400000000001,68.15209575495771,72.9012355222976,73.60931,72.73141479492188
2024-05-30 17:00:00,31.75,32.91622087753558,32.26558416085222,32.311787,42.76001739501953
2024-05-30 18:00:00,4.99,7.891665095836196,4.838364690730705,4.6562853,10.508064270019531
2024-05-30 19:00:00,0.0,-5.278541815068029,9.58553011462555e-06,-0.28209907,0.58172607421875
2024-05-30 20:00:00,0.0,1.1420166858103613,9.58553011462555e-06,0.06034896,-0.3806495666503906
2024-05-30 21:00:00,0.0,0.7538554145790473,9.58553011462555e-06,0.08136729,-0.5471305847167969
2024-05-30 22:00:00,0.0,0.07169342208027896,9.58553011462555e-06,0.09049377,-0.3633079528808594
2024-05-30 23:00:00,0.0,0.9134924728702405,9.58553011462555e-06,0.07146912,-0.08515167236328125
2024-05-31 00:00:00,0.0,2.145494529530554,9.58553011462555e-06,0.05922371,-0.06420135498046875
2024-05-31 01:00:00,0.0,0.10017159210185067,9.58553011462555e-06,0.055260476,-0.0680694580078125
2024-05-31 02:00:00,0.0,4.4202861869210555,9.58553011462555e-06,0.054005254,-0.43894195556640625
2024-05-31 03:00:00,0.0,1.347129223595135,9.58553011462555e-06,-0.009341636,-1.0223541259765625
2024-05-31 04:00:00,0.0,1.4865886205851977,9.58553011462555e-06,-0.07101921,-1.4605484008789062
2024-05-31 05:00:00,0.5,4.464225904596178,0.48675727149887016,0.070780225,-0.12933731079101562
2024-05-31 06:00:00,11.194,10.560922504931522,12.402156456755042,13.161896,16.234861373901367
2024-05-31 07:00:00,31.396,35.23836491717741,36.03209604567656,37.432182,46.301734924316406
2024-05-31 08:00:00,63.3,64.62864468498938,63.95237493932384,60.358498,66.08332061767578
2024-05-31 09:00:00,89.29,98.88260635798932,98.99188171224853,99.94271,102.09507751464844
2024-05-31 10:00:00,115.976,117.70734274154046,125.24318630574037,119.32177,139.85549926757812
2024-05-31 11:00:00,149.31,133.53667417714482,144.35232921131404,145.78973,152.29025268554688
2024-05-31 12:00:00,123.03,160.2315970710025,149.1326836647417,152.74318,150.38522338867188
2024-05-31 13:00:00,128.66,112.75240356418601,131.28446109893963,126.89453,141.47164916992188
2024-05-31 14:00:00,113.544,110.94648612160353,101.3307740290578,105.68844,98.61587524414062
2024-05-31 15:00:00,84.316,82.99579359002237,87.5663623047541,87.9198,79.4028549194336
2024-05-31 16:00:00,51.74,49.94015522506251,50.97643987250473,53.849457,57.430301666259766
2024-05-31 17:00:00,25.586,23.926913959119208,23.809053912482405,22.624796,26.510028839111328
2024-05-31 18:00:00,4.260000000000001,6.282810971964837,4.319436646134042,3.6197221,7.562505722045898
2024-05-31 19:00:00,0.0,-3.7897261477512316,9.58553011462555e-06,0.04659803,0.5652084350585938
2024-05-31 20:00:00,0.0,-1.3709253618839154,9.58553011462555e-06,0.06874888,-0.02356719970703125
2024-05-31 21:00:00,0.0,-0.9602491444561725,9.58553011462555e-06,0.07420439,0.01949310302734375
2024-05-31 22:00:00,0.0,-0.3536337385803785,9.58553011462555e-06,0.055785067,0.16774368286132812
2024-05-31 23:00:00,0.0,1.9526838329530403,9.58553011462555e-06,0.03767893,0.187530517578125
2024-06-01 00:00:00,0.0,1.5933108565045595,9.58553011462555e-06,0.03649811,0.15911483764648438
2024-06-01 01:00:00,0.0,2.2784786462775877,9.58553011462555e-06,0.041230306,0.20219802856445312
2024-06-01 02:00:00,0.0,0.9610408430237323,9.58553011462555e-06,0.020298233,-0.097900390625
2024-06-01 03:00:00,0.0,-0.21661658326229905,9.58553011462555e-06,0.033579268,-0.6519966125488281
2024-06-01 04:00:00,0.0,1.0942492799815629,9.58553011462555e-06,0.035566315,-0.8811225891113281
2024-06-01 05:00:00,0.4559999999999999,4.739398292981647,0.4998090985295323,0.043559056,-0.7870674133300781
2024-06-01 06:00:00,9.69,11.161253307835256,11.164309369731283,12.171977,9.491239547729492
2024-06-01 07:00:00,29.514,32.230720018961264,28.949315470391657,30.301214,36.591773986816406
2024-06-01 08:00:00,50.736,59.74811204889276,59.549519840871206,56.818832,54.69575500488281
2024-06-01 09:00:00,80.39,80.7680834880675,69.44347977390962,74.39874,92.54191589355469
2024-06-01 10:00:00,101.01,107.47682264468034,108.86784349989584,108.68218,119.7783432006836
2024-06-01 11:00:00,140.466,118.90081057070597,118.73380849604816,120.3561,142.59561157226562
2024-06-01 12:00:00,124.706,151.92954026520468,140.02430801859825,147.59262,143.59715270996094
2024-06-01 13:00:00,129.824,115.38558136449291,116.93175179147944,120.98997,143.37600708007812
2024-06-01 14:00:00,94.204,110.94112650523789,110.38603322360937,112.488235,98.78407287597656
2024-06-01 15:00:00,92.734,66.9515937265329,60.20435968874579,59.1398,75.02347564697266
2024-06-01 16:00:00,58.016,64.9877980466845,58.80477647329203,57.31863,42.92924880981445
2024-06-01 17:00:00,27.046,28.512190988560903,28.06105838524384,27.624798,25.284473419189453
2024-06-01 18:00:00,4.504,5.681891318472289,4.920897918742581,4.891918,6.000099182128906
2024-06-01 19:00:00,0.0,-5.041038128722146,9.58553011462555e-06,-0.1086463,0.245269775390625
2024-06-01 20:00:00,0.0,-1.7802438469825983,9.58553011462555e-06,0.059694704,-0.07512664794921875
2024-06-01 21:00:00,0.0,1.083646983478057,9.58553011462555e-06,0.0829035,0.06848526000976562
2024-06-01 22:00:00,0.0,-0.12891097686144892,9.58553011462555e-06,0.015339563,0.23014450073242188
2024-06-01 23:00:00,0.0,1.0943331854356195,9.58553011462555e-06,0.012095247,0.28726959228515625
2024-06-02 00:00:00,0.0,-0.3823577908075073,9.58553011462555e-06,0.010897885,0.3049812316894531
2024-06-02 01:00:00,0.0,-0.21439269266813277,9.58553011462555e-06,0.02195066,0.3244590759277344
2024-06-02 02:00:00,0.0,-0.3066389974467212,9.58553011462555e-06,0.014057529,0.009403228759765625
2024-06-02 03:00:00,0.0,3.2537066484152426,9.58553011462555e-06,0.031723116,-0.5537605285644531
2024-06-02 04:00:00,0.0,2.3359773755566913,9.58553011462555e-06,0.031723116,-0.6636314392089844
2024-06-02 05:00:00,0.35,5.165795616869131,0.5168888835412254,0.0317631,-0.00467681884765625
2024-06-02 06:00:00,8.944,9.761336224100239,10.582250263065077,11.957148,12.867195129394531
2024-06-02 07:00:00,29.39,29.215904033861207,27.322543355915432,28.780401,36.279991149902344
2024-06-02 08:00:00,56.554,57.83312051750787,57.79997783480861,56.335667,49.2546272277832
2024-06-02 09:00:00,79.07000000000001,86.0010978500909,83.68041795248783,86.63886,91.9716796875
2024-06-02 10:00:00,102.984,102.0192736769419,104.4702295397966,101.67131,123.54151916503906
2024-06-02 11:00:00,122.176,118.96603627900541,121.93521461570415,122.40688,132.26260375976562
2024-06-02 12:00:00,121.17000000000002,128.37056445914175,119.48694772569368,123.56937,121.65192413330078
2024-06-02 13:00:00,111.48,112.45331703139868,107.00280680073048,108.6064,87.00936889648438
2024-06-02 14:00:00,109.95,90.47713841635829,94.67306952641763,99.71501,64.13623046875
2024-06-02 15:00:00,84.89,82.47738152137427,86.00268909968449,87.618385,61.37224578857422
2024-06-02 16:00:00,50.24,53.64756819925975,54.36398186068598,52.880524,43.77246856689453
2024-06-02 17:00:00,24.03,24.648219782727026,23.919082391856335,22.837755,25.101482391357422
2024-06-02 18:00:00,3.8,8.084801972261554,4.913141702709823,4.854754,6.135429382324219
2024-06-02 19:00:00,0.0,-3.5784208209578523,9.58553011462555e-06,0.13101369,0.3882637023925781
2024-06-02 20:00:00,0.0,-2.254829959236422,9.58553011462555e-06,-0.032818533,-0.1284942626953125
2024-06-02 21:00:00,0.0,-3.520031244839697,9.58553011462555e-06,0.051257513,-0.1091156005859375
2024-06-02 22:00:00,0.0,-1.8162451893083942,9.58553011462555e-06,0.009400577,0.03774261474609375
2024-06-02 23:00:00,0.0,0.1313379814604536,9.58553011462555e-06,0.009400577,0.16266250610351562
2024-06-03 00:00:00,0.0,1.6354104135269036,9.58553011462555e-06,0.009400577,0.23518753051757812
2024-06-03 01:00:00,0.0,-0.6842292165196859,9.58553011462555e-06,0.024408408,0.26598358154296875
2024-06-03 02:00:00,0.0,0.7323664521916067,9.58553011462555e-06,0.024408408,0.0791168212890625
2024-06-03 03:00:00,0.0,-0.415634556667583,9.58553011462555e-06,0.038411196,-0.3678245544433594
2024-06-03 04:00:00,0.0,1.9584715809001505,9.58553011462555e-06,0.039928265,-0.7839241027832031
2024-06-03 05:00:00,0.44,6.534257608200216,0.49689689177206636,0.046865284,-1.053466796875
2024-06-03 06:00:00,11.624,12.433720016192861,10.639688587616021,11.6733265,7.215673446655273
2024-06-03 07:00:00,36.19,34.228512459982326,35.11826784186432,35.50289,29.985319137573242
2024-06-03 08:00:00,67.324,65.38972259454758,66.62090226247838,66.25357,65.06391906738281
2024-06-03 09:00:00,92.34,98.04521930435592,98.87098349508234,101.83506,98.01243591308594
2024-06-03 10:00:00,136.86,116.52577328178293,112.62413281154173,113.775734,125.60669708251953
2024-06-03 11:00:00,161.39,156.69031601750785,148.81738191547342,153.21391,138.70880126953125
2024-06-03 12:00:00,183.59000000000003,167.653300919509,159.619658326048,159.87546,153.8544921875
2024-06-03 13:00:00,170.16,173.1689229649225,164.55513339666973,168.32301,140.82525634765625
2024-06-03 14:00:00,153.966,139.37323726782174,147.33805981175604,144.68465,122.56048583984375
2024-06-03 15:00:00,121.3,113.7031279260934,115.31714899567103,115.64942,96.18013000488281
2024-06-03 16:00:00,81.64,76.39021506978298,80.12339571428569,79.12912,76.7752456665039
2024-06-03 17:00:00,39.054,43.06952937174632,45.09249341692736,43.529015,40.36089324951172
2024-06-03 18:00:00,6.34,12.970811340833095,6.765500867484604,6.164539,21.0258846282959
2024-06-03 19:00:00,0.0,-7.041139592771463,9.58553011462555e-06,0.037581615,2.1640357971191406
2024-06-03 20:00:00,0.0,0.3609853955597213,9.58553011462555e-06,-0.1684604,0.4108390808105469
2024-06-03 21:00:00,0.0,-0.2229742053646806,9.58553011462555e-06,0.008129602,0.0261383056640625
2024-06-03 22:00:00,0.0,1.3621051661483508,9.58553011462555e-06,0.02959435,0.422821044921875
2024-06-03 23:00:00,0.0,0.8455170103145146,9.58553011462555e-06,0.01368252,0.3205146789550781
2024-06-04 00:00:00,0.0,3.466522981629357,9.58553011462555e-06,0.00812833,-0.11923599243164062
2024-06-04 01:00:00,0.0,1.6422365703570847,9.58553011462555e-06,0.03857077,0.0888671875
2024-06-04 02:00:00,0.0,4.294130425080084,9.58553011462555e-06,0.040695857,0.04804229736328125
2024-06-04 03:00:00,0.0,3.4909386988101065,9.58553011462555e-06,0.042682905,-0.6676979064941406
2024-06-04 04:00:00,0.0,3.7315290785583493,9.58553011462555e-06,0.019627817,-0.3430519104003906
2024-06-04 05:00:00,0.5559999999999999,4.795971334989392,0.5925091347679562,0.034907963,0.8435478210449219
2024-06-04 06:00:00,14.786,9.21254671193693,14.51592292672192,16.76703,16.991233825683594
2024-06-04 07:00:00,42.7,39.4512690224775,43.7850502960317,44.64942,52.16387176513672
2024-06-04 08:00:00,83.99000000000001,76.07810007755711,78.01353292840336,76.69279,78.8189468383789
2024-06-04 09:00:00,132.256,121.70200857010533,119.727161558283,123.902534,117.77388000488281
2024-06-04 10:00:00,162.12400000000002,165.93376268941816,159.8557491605492,162.43074,142.34033203125
2024-06-04 11:00:00,179.76600000000002,181.49173593502584,180.6704550968566,176.23865,155.50888061523438
2024-06-04 12:00:00,179.76,181.88461288165612,184.67480868139592,185.08911,152.46054077148438
2024-06-04 13:00:00,168.45600000000002,163.18929259782226,158.62026447743415,162.14731,142.01583862304688
2024-06-04 14:00:00,140.17600000000002,137.50332996422554,132.8191560935124,128.5272,117.31143188476562
2024-06-04 15:00:00,100.566,99.86987850158638,102.03692879816488,100.873215,92.23626708984375
2024-06-04 16:00:00,61.334,60.372438637230395,63.048800586543,58.656353,67.52783966064453
2024-06-04 17:00:00,29.480000000000004,28.886688268465313,29.30345791546936,28.683771,34.27204895019531
2024-06-04 18:00:00,4.176,8.553950686835648,5.208938283094873,4.853703,10.776212692260742
2024-06-04 19:00:00,0.0,-5.366414111815092,9.58553011462555e-06,0.02732051,1.1790313720703125
2024-06-04 20:00:00,0.0,0.3884282893404576,9.58553011462555e-06,0.043332472,0.2417755126953125
2024-06-04 21:00:00,0.0,0.4175348997167303,9.58553011462555e-06,0.042439096,-0.144561767578125
2024-06-04 22:00:00,0.0,0.26817904886335864,9.58553011462555e-06,0.033548813,0.0730133056640625
2024-06-04 23:00:00,0.0,1.4902500452407264,9.58553011462555e-06,0.017058652,0.3385429382324219
2024-06-05 00:00:00,0.0,2.7180440168808477,9.58553011462555e-06,0.011775968,0.14450836181640625
2024-06-05 01:00:00,0.0,2.006650548842659,9.58553011462555e-06,0.022993324,0.261871337890625
2024-06-05 02:00:00,0.0,3.0811123971586074,9.58553011462555e-06,0.01646293,0.16736221313476562
2024-06-05 03:00:00,0.0,3.0584576071596654,9.58553011462555e-06,0.018779162,-0.6187400817871094
2024-06-05 04:00:00,0.0,3.96960228238736,9.58553011462555e-06,0.017788315,-0.4394111633300781
2024-06-05 05:00:00,0.49,6.071880605915746,0.5916539359210372,0.02516083,0.9188690185546875
2024-06-05 06:00:00,12.45,11.001626896588913,13.63041243471462,13.435733,22.499248504638672
2024-06-05 07:00:00,36.8,37.07844056422946,37.77200946191169,37.00705,52.671104431152344
2024-06-05 08:00:00,65.0,69.38185219581331,67.46172512764555,67.225395,74.03482055664062
2024-06-05 09:00:00,94.47,98.57530018471056,103.30826768373295,97.59283,111.54889678955078
2024-06-05 10:00:00,145.244,121.13169625434028,124.27804499054204,125.63024,128.26617431640625
2024-06-05 11:00:00,146.20000000000002,167.86758354266487,161.80865207235513,161.78772,137.55792236328125
2024-06-05 12:00:00,157.376,148.97487710061858,151.90172382802808,149.98361,149.91839599609375
2024-06-05 13:00:00,150.82000000000002,146.02951504341877,142.83862763174557,145.2282,109.79759979248047
2024-06-05 14:00:00,140.81,126.3516670992762,122.47351395642835,124.05772,88.22410583496094
2024-06-05 15:00:00,108.66,106.03400970527647,105.08337277357772,106.71522,82.68701171875
2024-06-05 16:00:00,69.85000000000001,68.86935314829347,69.19781470383379,69.68573,62.61085510253906
2024-06-05 17:00:00,37.524,34.42361779598839,34.059454652933475,33.929363,34.7061767578125
2024-06-05 18:00:00,5.616,14.279253989669186,5.8583779662014015,6.209508,12.372209548950195
2024-06-05 19:00:00,0.0,-6.492685881484155,9.58553011462555e-06,0.017139612,1.1220550537109375
2024-06-05 20:00:00,0.0,-0.7782279806408106,9.58553011462555e-06,0.05087712,0.2664527893066406
2024-06-05 21:00:00,0.0,-1.612744426246877,9.58553011462555e-06,0.08458212,-0.11003494262695312
2024-06-05 22:00:00,0.0,-2.7581073678790733,9.58553011462555e-06,0.023810402,-0.4003105163574219
2024-06-05 23:00:00,0.0,-3.332329294781026,9.58553011462555e-06,0.031626046,-0.3365287780761719
2024-06-06 00:00:00,0.0,2.5121126589654494,9.58553011462555e-06,0.026263677,-0.08098602294921875
2024-06-06 01:00:00,0.0,1.9035115481008527,9.58553011462555e-06,0.036826704,0.02584075927734375
2024-06-06 02:00:00,0.0,4.081053399731729,9.58553011462555e-06,0.034408666,-0.12057876586914062
2024-06-06 03:00:00,0.0,2.5066359445587825,9.58553011462555e-06,0.014731819,-0.8170814514160156
2024-06-06 04:00:00,0.0,1.9915395277608976,9.58553011462555e-06,0.051214863,-1.4923667907714844
2024-06-06 05:00:00,0.534,4.321013191971764,0.5200911660360077,0.07288319,-0.06579208374023438
2024-06-06 06:00:00,12.986000000000002,9.354777638483167,13.221983740198477,14.141731,17.531206130981445
2024-06-06 07:00:00,39.886,36.35503904104663,39.57761589748539,39.177544,41.50421142578125
2024-06-06 08:00:00,70.254,73.05703118690738,73.13849823113912,73.418106,74.12694549560547
2024-06-06 09:00:00,115.14,104.00584158803028,108.18067629207722,107.82153,108.4273910522461
2024-06-06 10:00:00,147.716,146.19499103564033,145.62442716713997,148.14723,135.246826171875
2024-06-06 11:00:00,170.684,167.0012506457174,165.27701220859257,164.89645,156.89501953125
2024-06-06 12:00:00,170.116,174.592483457233,170.52859183608587,171.67082,153.15280151367188
2024-06-06 13:00:00,163.394,154.89142820952085,154.46986857320388,158.15634,140.52066040039062
2024-06-06 14:00:00,140.54000000000002,133.58434284538765,134.8615617220883,137.53084,119.81156921386719
2024-06-06 15:00:00,107.06600000000002,101.21667461996248,103.26285694225312,104.68624,104.17073059082031
2024-06-06 16:00:00,65.004,65.43658461940541,68.67647430193385,68.705154,72.80828094482422
2024-06-06 17:00:00,29.94,30.064603674078192,30.429525956084106,29.188301,40.14618682861328
2024-06-06 18:00:00,5.176,8.317535691040346,4.92862904643383,4.2108164,16.037439346313477
2024-06-06 19:00:00,0.0,-5.27925283386383,9.58553011462555e-06,0.016845344,1.2496604919433594
2024-06-06 20:00:00,0.0,-0.0338318812181857,9.58553011462555e-06,0.022820756,0.08390045166015625
2024-06-06 21:00:00,0.0,1.0631411969450335,9.58553011462555e-06,0.0004144187,-0.07244110107421875
2024-06-06 22:00:00,0.0,0.5740030053670422,9.58553011462555e-06,0.033548813,1.1824493408203125
2024-06-06 23:00:00,0.0,1.471835024826663,9.58553011462555e-06,0.024406422,1.1266098022460938
2024-06-07 00:00:00,0.0,2.1263242784994727,9.58553011462555e-06,0.033452075,0.22192001342773438
2024-06-07 01:00:00,0.0,2.3481433541999444,9.58553011462555e-06,0.017519573,0.128082275390625
2024-06-07 02:00:00,0.0,3.8864488314093,9.58553011462555e-06,0.027805988,0.029712677001953125
2024-06-07 03:00:00,0.0,3.47354910687476,9.58553011462555e-06,0.02759947,-0.7978553771972656
2024-06-07 04:00:00,0.0,3.2526061161924407,9.58553011462555e-06,0.038140953,-0.8592681884765625
2024-06-07 05:00:00,0.5559999999999999,5.344649254085635,0.5374657773254775,0.047983944,-0.37673187255859375
2024-06-07 06:00:00,13.12,9.871041772466,13.989081388411861,14.739562,18.01348876953125
2024-06-07 07:00:00,40.47,36.791981080403595,40.4767824615741,40.44788,47.381385803222656
2024-06-07 08:00:00,73.98400000000001,74.36276378760826,74.36917503545968,75.37004,73.11875915527344
2024-06-07 09:00:00,106.976,109.50462339463942,112.77658803466828,111.20271,117.5147933959961
2024-06-07 10:00:00,146.57000000000002,135.0813832527029,134.2633749175508,141.16628,146.6338348388672
2024-06-07 11:00:00,167.006,166.3592947282053,164.53366511215364,167.73984,158.91616821289062
2024-06-07 12:00:00,158.876,171.3608060391502,167.80182641059852,168.50536,160.80764770507812
2024-06-07 13:00:00,141.984,142.17358665307543,146.72539406545968,146.61034,140.94253540039062
2024-06-07 14:00:00,105.6,114.67879216834228,117.57209695185077,116.61414,101.42079162597656
2024-06-07 15:00:00,61.284000000000006,73.06976329436804,66.37584160233673,58.75607,80.54637145996094
2024-06-07 16:00:00,38.8,33.52005797133843,35.40848214489593,35.700275,46.096412658691406
2024-06-07 17:00:00,17.169999999999998,19.423097344326084,17.752652597426085,17.84544,23.496334075927734
2024-06-07 18:00:00,3.616,2.9769748594221586,2.903793674872386,3.0960615,7.215728759765625
2024-06-07 19:00:00,0.0,-0.4872306833405835,9.58553011462555e-06,0.119798265,0.4881706237792969
2024-06-07 20:00:00,0.0,0.8885097255629226,9.58553011462555e-06,0.038561717,-0.35654449462890625
2024-06-07 21:00:00,0.0,0.5920470620260225,9.58553011462555e-06,0.0815241,-0.20719528198242188
2024-06-07 22:00:00,0.0,0.07002445502995425,9.58553011462555e-06,0.042210758,-0.028697967529296875
2024-06-07 23:00:00,0.0,-1.0613701632481742,9.58553011462555e-06,0.05066708,-0.19732284545898438
2024-06-08 00:00:00,0.0,0.3262452007238785,9.58553011462555e-06,0.05017734,-0.20358657836914062
2024-06-08 01:00:00,0.0,-1.4530575175176628,9.58553011462555e-06,-0.054757997,-0.16633987426757812
2024-06-08 02:00:00,0.0,-1.1889676728446696,9.58553011462555e-06,0.066261895,-0.420806884765625
2024-06-08 03:00:00,0.0,-1.376741197140186,9.58553011462555e-06,0.035042837,-1.3116226196289062
2024-06-08 04:00:00,0.0,1.8773396269698956,9.58553011462555e-06,0.044691857,-1.3566093444824219
2024-06-08 05:00:00,0.54,4.285362351900515,0.5190008713370208,0.029323844,-0.6408042907714844
2024-06-08 06:00:00,13.730000000000002,11.1037512609599,12.71657217545095,13.106423,18.626691818237305
2024-06-08 07:00:00,44.73,36.12527155002296,41.08878651199048,40.94467,47.58098220825195
2024-06-08 08:00:00,79.58,77.98281660659396,80.97605665434544,81.69028,74.10469055175781
2024-06-08 09:00:00,118.41,113.81975746123388,115.59293725176256,116.024796,121.49990844726562
2024-06-08 10:00:00,147.584,146.46428240151474,148.2855647995134,149.95137,150.49212646484375
2024-06-08 11:00:00,165.33,162.77332496850536,164.83220763736298,162.62105,169.52926635742188
2024-06-08 12:00:00,175.62400000000002,164.16349240213117,161.31775460722588,163.28459,168.43603515625
2024-06-08 13:00:00,170.106,158.0229707145144,156.43423352373992,154.81596,156.94552612304688
2024-06-08 14:00:00,146.74,136.28756737654194,136.1946732826145,141.17719,139.68418884277344
2024-06-08 15:00:00,115.4,102.46683637937298,110.3074737084486,106.76364,98.70100402832031
2024-06-08 16:00:00,76.77000000000001,70.7822316654991,74.96423808911595,74.08261,60.557220458984375
2024-06-08 17:00:00,36.454,37.57663606590681,38.23511675125244,37.720783,34.63204574584961
2024-06-08 18:00:00,6.016,9.161256349172914,5.59373955008097,5.279591,10.79442024230957
2024-06-08 19:00:00,0.0,-6.38360253770794,9.58553011462555e-06,0.021802751,0.44565582275390625
2024-06-08 20:00:00,0.0,-0.9657532932680226,9.58553011462555e-06,0.011061754,-0.42191314697265625
2024-06-08 21:00:00,0.0,1.4176860366459376,9.58553011462555e-06,-0.03983268,-0.5510406494140625
2024-06-08 22:00:00,0.0,0.29121316464621483,9.58553011462555e-06,0.02202543,-0.424957275390625
2024-06-08 23:00:00,0.0,1.7535869491591454,9.58553011462555e-06,0.023675704,-0.08772659301757812
2024-06-09 00:00:00,0.0,4.3110767788719215,9.58553011462555e-06,0.031966284,0.09369277954101562
2024-06-09 01:00:00,0.0,2.305378149037116,9.58553011462555e-06,0.03680979,0.20180511474609375
2024-06-09 02:00:00,0.0,2.9109389538657453,9.58553011462555e-06,0.038065013,-0.07097244262695312
2024-06-09 03:00:00,0.0,2.676598312512331,9.58553011462555e-06,0.066375226,-0.6391372680664062
2024-06-09 04:00:00,0.0,2.7378356293377433,9.58553011462555e-06,0.0647128,-1.7992134094238281
2024-06-09 05:00:00,0.524,4.845330417117401,0.5528059535840941,0.035581235,-0.5783920288085938
2024-06-09 06:00:00,12.8,10.873142286914359,14.072681629724622,14.016505,14.693744659423828
2024-06-09 07:00:00,39.06,38.37023402222029,40.00157493868592,38.767654,43.5421257019043
2024-06-09 08:00:00,62.204,75.70934692876938,72.74335415386545,73.22999,68.35868072509766
2024-06-09 09:00:00,106.78,98.2609885951558,101.48105943414164,96.328026,114.1955337524414
2024-06-09 10:00:00,157.41600000000005,138.52028399310666,138.24483498225854,138.93959,135.9556121826172
2024-06-09 11:00:00,175.97000000000003,180.6057697434492,173.67734017824867,172.48012,159.3292999267578
2024-06-09 12:00:00,174.966,179.40922936509307,180.92879814283606,178.02498,162.27029418945312
2024-06-09 13:00:00,164.256,158.6445346227046,164.44877874279177,159.20146,139.68392944335938
2024-06-09 14:00:00,139.924,135.30779249434448,147.01317897045115,143.02264,114.11690521240234
2024-06-09 15:00:00,103.794,102.49394359116752,103.45018372460369,101.94073,99.45296478271484
2024-06-09 16:00:00,66.31,63.615850049096814,66.79655200544985,61.525795,70.913330078125
2024-06-09 17:00:00,32.504000000000005,33.80079062749525,32.08206540049656,29.312792,39.17955017089844
2024-06-09 18:00:00,5.79,11.872456936532874,5.348005071358825,5.170988,12.674200057983398
2024-06-09 19:00:00,0.0,-3.108995681331098,9.58553011462555e-06,0.058877524,0.6774711608886719
2024-06-09 20:00:00,0.0,1.918671374758544,9.58553011462555e-06,0.026005957,-0.08716964721679688
2024-06-09 21:00:00,0.0,2.270459701128754,9.58553011462555e-06,0.052915063,-0.0788726806640625
2024-06-09 22:00:00,0.0,0.30889897859599635,9.58553011462555e-06,0.052915063,0.7877464294433594
2024-06-09 23:00:00,0.0,-1.1455976881226428,9.58553011462555e-06,0.017504977,0.6795310974121094
2024-06-10 00:00:00,0.0,0.9815675541188753,9.58553011462555e-06,0.041640718,0.2319488525390625
2024-06-10 01:00:00,0.0,0.46209503914418626,9.58553011462555e-06,0.039679207,0.022808074951171875
2024-06-10 02:00:00,0.0,3.2408408929767667,9.58553011462555e-06,0.037226625,-0.31610870361328125
2024-06-10 03:00:00,0.0,3.1060196397089666,9.58553011462555e-06,0.050238583,-0.9255180358886719
2024-06-10 04:00:00,0.0,3.6479453736993186,9.58553011462555e-06,0.03917879,-0.7168045043945312
2024-06-10 05:00:00,0.544,5.862695130724937,0.5814659590729334,0.04804862,-0.2791023254394531
2024-06-10 06:00:00,13.93,10.659560967906295,14.743539627770383,15.366009,19.68622589111328
2024-06-10 07:00:00,48.23,38.21242739102511,41.76482749009386,42.179485,49.674259185791016
2024-06-10 08:00:00,84.604,85.99492550217312,87.88454546184813,87.84592,78.30464935302734
2024-06-10 09:00:00,127.1,123.05700613819545,121.28925990499292,124.42118,127.11842346191406
2024-06-10 10:00:00,158.75,156.98910414462924,157.23192487416628,159.94255,152.9028778076172
2024-06-10 11:00:00,176.58,173.84448438380474,177.02168601133707,177.35837,165.78118896484375
2024-06-10 12:00:00,183.956,176.06884224445693,179.85063781017033,175.46402,155.968994140625
2024-06-10 13:00:00,171.91600000000005,168.9006154661577,160.65081120977496,163.80554,146.78138732910156
2024-06-10 14:00:00,149.966,140.50187440021,139.13554314340732,142.0757,135.35826110839844
2024-06-10 15:00:00,116.22,108.56198301475428,114.30997752155098,112.88152,109.74700927734375
2024-06-10 16:00:00,77.554,70.2390380391534,74.10598441956331,74.58196,74.93113708496094
2024-06-10 17:00:00,35.050000000000004,37.63671618257145,36.226325200031845,36.267773,43.907981872558594
2024-06-10 18:00:00,6.466,7.848028125625941,5.583229815956332,5.010135,18.2128849029541
2024-06-10 19:00:00,0.0,-6.9730795858842365,9.58553011462555e-06,0.046694677,1.3453865051269531
2024-06-10 20:00:00,0.0,-2.4938737026115962,9.58553011462555e-06,0.0034999677,0.009311676025390625
2024-06-10 21:00:00,0.0,-1.541844184920408,9.58553011462555e-06,-0.0013947131,-0.2615814208984375
2024-06-10 22:00:00,0.0,-1.7746831360054198,9.58553011462555e-06,0.055175897,0.4888114929199219
2024-06-10 23:00:00,0.0,0.33116574635039076,9.58553011462555e-06,0.015197846,0.6556167602539062
2024-06-11 00:00:00,0.0,4.480857126864015,9.58553011462555e-06,0.007732445,-0.3499298095703125
2024-06-11 01:00:00,0.0,4.431875885840704,9.58553011462555e-06,0.28677168,-0.5381126403808594
2024-06-11 02:00:00,0.0,6.7264046081114,9.58553011462555e-06,0.06669553,-0.8652420043945312
2024-06-11 03:00:00,0.0,5.531255619216347,9.58553011462555e-06,-0.012023413,-1.5766639709472656
2024-06-11 04:00:00,0.0,4.953373317862395,9.58553011462555e-06,0.085260995,-1.9673194885253906
2024-06-11 05:00:00,0.476,5.250231932098096,0.5365171889108341,0.2817747,-0.15964508056640625
2024-06-11 06:00:00,11.134,9.981275407482613,13.66213391149067,14.266907,19.884387969970703
2024-06-11 07:00:00,34.046,32.04612527141857,34.97233613111065,37.00445,50.98262405395508
2024-06-11 08:00:00,59.584,64.14814429896782,64.43347785955558,63.932877,68.70806121826172
2024-06-11 09:00:00,86.376,90.13683380619375,98.57722838207246,99.82411,111.17662048339844
2024-06-11 10:00:00,132.824,112.41888887160235,115.97543822772124,114.01382,136.57286071777344
2024-06-11 11:00:00,162.47000000000003,157.4870692066347,154.04882324437042,154.33179,148.70654296875
2024-06-11 12:00:00,127.93,175.40842840886688,167.48035448587612,162.2834,158.8809814453125
2024-06-11 13:00:00,127.476,117.73256211336562,138.15161710233036,128.66379,150.52288818359375
2024-06-11 14:00:00,92.59,112.84976805875354,102.02152286894025,95.879166,102.46893310546875
2024-06-11 15:00:00,62.916,67.55756945027383,36.6186967250639,23.7375,96.22148132324219
2024-06-11 16:00:00,37.67,38.651268969634216,41.26817123529573,41.51169,62.451210021972656
2024-06-11 17:00:00,18.614,17.271060738382047,17.60112798493361,19.352362,30.102222442626953
2024-06-11 18:00:00,3.63,2.7124207261727165,3.831654013739199,5.528039,15.171546936035156
2024-06-11 19:00:00,0.0,-4.0834345524336815,9.58553011462555e-06,-0.016416274,2.3602561950683594
2024-06-11 20:00:00,0.0,-0.7855891572426854,9.58553011462555e-06,0.05975171,0.43769073486328125
2024-06-11 21:00:00,0.0,1.9065602527030432,9.58553011462555e-06,0.023980206,0.005992889404296875
2024-06-11 22:00:00,0.0,3.5087363391042388,9.58553011462555e-06,0.051309627,-0.02317047119140625
2024-06-11 23:00:00,0.0,1.2033226832359967,9.58553011462555e-06,0.024071509,0.007785797119140625
2024-06-12 00:00:00,0.0,-1.4941471265992021,9.58553011462555e-06,0.022574201,0.004436492919921875
2024-06-12 01:00:00,0.0,-1.1922759652128017,9.58553011462555e-06,0.037960023,0.018871307373046875
2024-06-12 02:00:00,0.0,-2.9900500138311097,9.58553011462555e-06,0.038485337,-0.20883560180664062
2024-06-12 03:00:00,0.0,-2.219906673048971,9.58553011462555e-06,0.040324673,-0.9991111755371094
2024-06-12 04:00:00,0.0,-0.5944782722569864,9.58553011462555e-06,0.059159268,-0.8459663391113281
2024-06-12 05:00:00,0.43,2.2531334583002103,0.5040830906934147,0.059647866,-3.814697265625e-06
2024-06-12 06:00:00,13.05,7.312448637341051,11.910219994524518,11.898282,19.579849243164062
2024-06-12 07:00:00,38.73,34.93227712791178,39.912195612911596,38.93951,42.49605941772461
2024-06-12 08:00:00,74.546,70.42528770008332,72.08999752250574,72.039986,68.83819580078125
2024-06-12 09:00:00,108.14,109.45190049112571,109.80657356253478,105.15137,110.24618530273438
2024-06-12 10:00:00,136.43,135.84403481935803,142.23200626106464,144.14908,142.42965698242188
2024-06-12 11:00:00,150.644,151.75376557787968,149.65853409611896,152.4142,155.80581665039062
2024-06-12 12:00:00,136.08,151.9989336254295,149.65188459695207,144.4663,140.12557983398438
2024-06-12 13:00:00,117.884,119.78069192167013,124.26151813467217,124.58854,127.17011260986328
2024-06-12 14:00:00,92.524,93.74265680909102,89.77742480676116,88.30807,94.99141693115234
2024-06-12 15:00:00,66.99,63.26810602880247,58.593622514846786,62.746254,69.90430450439453
2024-06-12 16:00:00,47.154,37.78691407083379,39.521860605742766,38.623024,45.61426544189453
2024-06-12 17:00:00,22.744,22.567396934025584,22.17715152518907,21.209925,25.31672477722168
2024-06-12 18:00:00,5.0200000000000005,4.688549632051052,4.3442331727374555,4.163872,6.006561279296875
2024-06-12 19:00:00,0.0,-3.974807590171797,9.58553011462555e-06,0.049241226,0.298919677734375
2024-06-12 20:00:00,0.0,-1.2062322725743444,9.58553011462555e-06,0.052068163,-0.210235595703125
2024-06-12 21:00:00,0.0,0.05573311304428774,9.58553011462555e-06,0.08376965,-0.3021507263183594
2024-06-12 22:00:00,0.0,0.08439893870677828,9.58553011462555e-06,0.060359973,0.038532257080078125
2024-06-12 23:00:00,0.0,-0.06892850536343076,9.58553011462555e-06,0.05095023,-0.036769866943359375
2024-06-13 00:00:00,0.0,1.6593053504934767,9.58553011462555e-06,0.016936168,-0.3519325256347656
2024-06-13 01:00:00,0.0,0.9994239597818853,9.58553011462555e-06,0.036663923,-0.4582939147949219
2024-06-13 02:00:00,0.0,3.3844048113542087,9.58553011462555e-06,0.033147704,-0.6666412353515625
2024-06-13 03:00:00,0.0,3.9054133526291785,9.58553011462555e-06,0.015757862,-1.2013320922851562
2024-06-13 04:00:00,0.0,3.8918814248770435,9.58553011462555e-06,0.016894389,-1.4440116882324219
2024-06-13 05:00:00,0.416,4.06611942756248,0.47448322156382217,0.03276266,-0.4510917663574219
2024-06-13 06:00:00,10.48,8.387168841760122,12.324375419230638,11.872557,18.063352584838867
2024-06-13 07:00:00,32.046,30.781323579208852,31.881071968430415,34.04551,44.46547317504883
2024-06-13 08:00:00,61.34,61.367815329862275,65.06907354889448,61.186123,61.82780075073242
2024-06-13 09:00:00,85.70400000000001,95.05118964836558,96.58914667516783,90.58195,96.6471176147461
2024-06-13 10:00:00,119.31600000000002,111.15121004355538,114.74449887947965,111.81874,128.27780151367188
2024-06-13 11:00:00,146.91600000000005,137.85042459365184,138.2946034850207,137.94046,143.0800323486328
2024-06-13 12:00:00,139.22,154.94165530864754,140.06367409021027,144.37772,151.0665283203125
2024-06-13 13:00:00,130.12,127.65377015841497,127.83239820477385,127.33108,142.30081176757812
2024-06-13 14:00:00,100.934,108.49068786501928,107.8833287917867,106.09759,102.8614273071289
2024-06-13 15:00:00,68.21000000000001,71.44145301080272,68.48557127478234,68.205826,75.57398986816406
2024-06-13 16:00:00,48.93000000000001,40.10053070460157,37.78460491446257,37.320553,50.50380325317383
2024-06-13 17:00:00,26.760000000000005,25.600265901747797,23.504904136584504,22.560843,25.40387725830078
2024-06-13 18:00:00,5.024000000000001,8.440185511564957,5.045525637916664,5.1890683,6.4455413818359375
2024-06-13 19:00:00,0.0,-4.116731115011639,9.58553011462555e-06,0.012480906,0.30255889892578125
2024-06-13 20:00:00,0.0,-0.9945490383630746,9.58553011462555e-06,0.070965365,-0.2757225036621094
2024-06-13 21:00:00,0.0,-0.12087654702282968,9.58553011462555e-06,0.06941965,-0.2286834716796875
2024-06-13 22:00:00,0.0,0.09897246656138403,9.58553011462555e-06,0.06093039,-0.01580810546875
2024-06-13 23:00:00,0.0,0.1328797478917325,9.58553011462555e-06,0.047527194,0.039447784423828125
2024-06-14 00:00:00,0.0,0.5196779199923691,9.58553011462555e-06,0.014626792,0.10548782348632812
2024-06-14 01:00:00,0.0,-0.4623052392281659,9.58553011462555e-06,0.0026924098,0.16037368774414062
2024-06-14 02:00:00,0.0,0.29331208519636487,9.58553011462555e-06,0.034943964,-0.04546356201171875
2024-06-14 03:00:00,0.0,1.0877171080416845,9.58553011462555e-06,0.034979533,-0.5200576782226562
2024-06-14 04:00:00,0.0,2.9221697516516336,9.58553011462555e-06,0.021057611,-0.7109642028808594
2024-06-14 05:00:00,0.304,5.085925760485527,0.45353077793533003,-0.086046636,-0.2080230712890625
2024-06-14 06:00:00,9.15,9.6928546542958,12.775459752737657,12.289228,16.767438888549805
2024-06-14 07:00:00,25.086,28.249796541877082,31.192524205685373,29.577906,43.488975524902344
2024-06-14 08:00:00,45.886,49.90552537022164,48.91776448673201,47.012978,51.83357238769531
2024-06-14 09:00:00,53.95,71.72210752637429,67.95534283704345,67.89129,84.56637573242188
2024-06-14 10:00:00,63.52000000000001,72.62989373183666,69.94954929814197,69.99138,110.04442596435547
2024-06-14 11:00:00,81.296,76.00995108969852,62.89681721790888,65.619606,115.8451919555664
2024-06-14 12:00:00,94.26,90.02700175430431,77.58887076089147,78.062004,106.76594543457031
2024-06-14 13:00:00,85.796,93.49381347379125,88.26413204136632,95.34925,106.9184341430664
2024-06-14 14:00:00,67.796,71.75172747286115,73.87668830420728,79.04138,82.50006103515625
2024-06-14 15:00:00,43.414,49.279770658849664,52.690827713657335,53.209858,44.63105392456055
2024-06-14 16:00:00,29.12,26.257707797728102,24.279401470189793,24.23638,27.165691375732422
2024-06-14 17:00:00,15.980000000000002,15.351729446790614,13.376112498775306,13.95546,15.241897583007812
2024-06-14 18:00:00,3.2,4.102423933718018,3.614256903100214,3.7935178,4.946628570556641
2024-06-14 19:00:00,0.0,-5.183512811616049,9.58553011462555e-06,0.020965276,1.1959190368652344
2024-06-14 20:00:00,0.0,-2.6720979497758273,9.58553011462555e-06,0.030033877,0.189910888671875
2024-06-14 21:00:00,0.0,-1.4670184049462023,9.58553011462555e-06,0.06534503,0.12540054321289062
2024-06-14 22:00:00,0.0,0.06804127679763461,9.58553011462555e-06,0.040732723,0.25035858154296875
2024-06-14 23:00:00,0.0,0.9455223200703449,9.58553011462555e-06,-0.067640975,0.23685836791992188
2024-06-15 00:00:00,0.0,0.8650879569409193,9.58553011462555e-06,0.01584959,0.19023513793945312
2024-06-15 01:00:00,0.0,-3.4719106697633353,9.58553011462555e-06,0.03436706,0.20531082153320312
2024-06-15 02:00:00,0.0,-1.6018318367900912,9.58553011462555e-06,-0.06436893,-0.000629425048828125
2024-06-15 03:00:00,0.0,-0.35495270506721344,9.58553011462555e-06,0.019483982,-0.2903785705566406
2024-06-15 04:00:00,0.0,2.5710154123607083,9.58553011462555e-06,0.023641625,-0.765716552734375
2024-06-15 05:00:00,0.5,4.920231121251906,0.3546888603670711,0.0072778286,-0.7626495361328125
2024-06-15 06:00:00,14.194,8.214363814143931,10.780672448813181,10.348007,8.603967666625977
2024-06-15 07:00:00,44.19,32.07675942932051,38.06301698761355,39.364967,29.307479858398438
2024-06-15 08:00:00,76.33,70.14182023216333,78.71888024234768,79.555725,71.55915069580078
2024-06-15 09:00:00,109.12,103.33963835735847,104.0118498727899,103.99567,100.88441467285156
2024-06-15 10:00:00,145.02,132.3075160725828,127.5586781868078,126.8088,117.87093353271484
2024-06-15 11:00:00,162.966,158.63105831008676,158.49798492042117,158.80055,136.76907348632812
2024-06-15 12:00:00,157.544,161.209007712399,159.61358092163135,160.5384,152.33795166015625
2024-06-15 13:00:00,144.57000000000002,136.16367921010325,140.84876484034595,144.88658,138.1808319091797
2024-06-15 14:00:00,139.324,113.66807954226695,121.1378571041751,119.465744,95.7217788696289
2024-06-15 15:00:00,105.644,102.8184936558115,104.84726979671036,106.14905,84.62710571289062
2024-06-15 16:00:00,68.724,65.00806738962211,69.88336530655711,67.31815,68.09231567382812
2024-06-15 17:00:00,32.82,34.3418304730741,32.543114932777314,34.25564,32.32162094116211
2024-06-15 18:00:00,6.0840000000000005,9.20747042201142,6.081273253584218,6.0274515,4.709964752197266
2024-06-15 19:00:00,0.0,-5.543500743954386,9.58553011462555e-06,0.018931285,0.26195526123046875
2024-06-15 20:00:00,0.0,-1.716074964445565,9.58553011462555e-06,-0.011830817,0.21627426147460938
2024-06-15 21:00:00,0.0,-1.0717261803526013,9.58553011462555e-06,0.018173609,0.10843276977539062
2024-06-15 22:00:00,0.0,-2.549468135543525,9.58553011462555e-06,0.04177918,0.022064208984375
2024-06-15 23:00:00,0.0,-1.2102515247985588,9.58553011462555e-06,0.012175419,0.055461883544921875
2024-06-16 00:00:00,0.0,0.7004950873702125,9.58553011462555e-06,0.0006413606,0.12027359008789062
2024-06-16 01:00:00,0.0,0.6384011070721298,9.58553011462555e-06,0.013980809,0.1175537109375
2024-06-16 02:00:00,0.0,4.058209944376138,9.58553011462555e-06,0.016812952,-0.139556884765625
2024-06-16 03:00:00,0.0,3.511707387492299,9.58553011462555e-06,0.025998294,-0.7413711547851562
2024-06-16 04:00:00,0.0,5.107834897626988,9.58553011462555e-06,0.011055821,-1.8776397705078125
2024-06-16 05:00:00,0.34,8.244902322012143,0.4633844297959059,0.015499328,-0.8496208190917969
2024-06-16 06:00:00,11.406,13.148036277952382,11.895210529645675,12.544664,14.080387115478516
2024-06-16 07:00:00,35.43,33.436824405132974,37.20889890157619,34.96546,43.98881530761719
2024-06-16 08:00:00,67.07000000000001,66.0470139881129,67.03618430443566,67.25238,72.0238037109375
2024-06-16 09:00:00,107.81,99.65486504195218,103.1074762358445,106.01173,105.70767211914062
2024-06-16 10:00:00,145.35,136.98272858883718,138.19218334590713,137.1279,137.0604248046875
2024-06-16 11:00:00,167.82000000000002,167.04467100891418,159.59631492562076,160.95284,159.24465942382812
2024-06-16 12:00:00,172.256,175.0843329704574,154.8059661026572,157.23102,165.793701171875
2024-06-16 13:00:00,163.04000000000002,160.53933713406363,159.03043882382127,158.28156,153.75234985351562
2024-06-16 14:00:00,139.476,134.30776120727006,140.90783168751702,139.02611,134.65011596679688
2024-06-16 15:00:00,108.3,99.79213020755347,104.68008940130365,102.78133,112.29696655273438
2024-06-16 16:00:00,70.62400000000001,66.65378954283082,69.58738578239408,68.62535,80.2896728515625
2024-06-16 17:00:00,34.13,33.33010317078762,33.17537177769525,33.08718,39.80583953857422
2024-06-16 18:00:00,6.316,8.550063703012427,5.612361986318563,5.0498176,13.009986877441406
2024-06-16 19:00:00,0.0,-5.889078052809402,9.58553011462555e-06,-0.102696404,0.8394317626953125
2024-06-16 20:00:00,0.0,-1.851206679589632,9.58553011462555e-06,0.044309393,-0.039585113525390625
2024-06-16 21:00:00,0.0,2.048813782713095,9.58553011462555e-06,0.0045450213,0.1497802734375
2024-06-16 22:00:00,0.0,1.815210802640748,9.58553011462555e-06,0.046706945,0.4902687072753906
2024-06-16 23:00:00,0.0,3.8930880726558215,9.58553011462555e-06,0.03911522,0.24440383911132812
2024-06-17 00:00:00,0.0,4.2769014592973456,9.58553011462555e-06,0.044669412,0.011066436767578125
2024-06-17 01:00:00,0.0,0.43059403607740876,9.58553011462555e-06,0.017616222,-0.01422882080078125
2024-06-17 02:00:00,0.0,2.0797147048144797,9.58553011462555e-06,0.04253216,-0.33634185791015625
2024-06-17 03:00:00,0.0,3.130227913631593,9.58553011462555e-06,0.028391942,-0.9221458435058594
2024-06-17 04:00:00,0.0,4.1259929191589695,9.58553011462555e-06,0.058177646,-0.75689697265625
2024-06-17 05:00:00,0.5599999999999999,6.400245836502766,0.5362870647516111,-0.026445128,-0.6807899475097656
2024-06-17 06:00:00,13.676,10.583739822662594,14.567151331951422,15.257252,14.536853790283203
2024-06-17 07:00:00,40.496,35.71861478321446,41.451810949351064,41.91997,46.78662872314453
2024-06-17 08:00:00,74.276,71.07548544209774,75.54863782368977,76.45068,81.10942077636719
2024-06-17 09:00:00,103.62,107.7785238336865,110.55765626686065,109.98861,121.89554595947266
2024-06-17 10:00:00,133.434,129.42413107572804,132.04295322920677,138.52766,144.45254516601562
2024-06-17 11:00:00,159.93,149.36744745336077,148.96225367511335,147.87938,149.296142578125
2024-06-17 12:00:00,143.41600000000005,164.82824443094887,153.69789779082393,154.85193,146.64651489257812
2024-06-17 13:00:00,146.216,128.69228836023444,136.4399360527998,132.51431,130.23452758789062
2024-06-17 14:00:00,117.12,124.24318330098512,121.34648423261409,120.92518,70.41533660888672
2024-06-17 15:00:00,86.876,84.66403153542859,88.65837202348796,85.96605,86.56695556640625
2024-06-17 16:00:00,49.70400000000001,53.6069248564619,54.47265635715761,54.196384,55.47474670410156
2024-06-17 17:00:00,25.464,23.124758807116265,23.923357829255973,22.649189,28.65376853942871
2024-06-17 18:00:00,5.404,8.1778821023627,4.804218690323076,4.742039,8.663869857788086
2024-06-17 19:00:00,0.0,-3.105761447101268,9.58553011462555e-06,0.046299055,1.1836624145507812
2024-06-17 20:00:00,0.0,-1.2128861395068222,9.58553011462555e-06,0.046209924,0.4456748962402344
2024-06-17 21:00:00,0.0,-1.1693857551514624,9.58553011462555e-06,0.061347887,0.38484954833984375
2024-06-17 22:00:00,0.0,-0.8029827576343616,9.58553011462555e-06,0.07068251,0.18807220458984375
2024-06-17 23:00:00,0.0,0.2347878770638543,9.58553011462555e-06,0.018494388,0.13383102416992188
2024-06-18 00:00:00,0.0,0.7768686490643786,9.58553011462555e-06,0.03635882,0.19608306884765625
2024-06-18 01:00:00,0.0,1.1955733673859106,9.58553011462555e-06,-0.032063097,0.24296951293945312
2024-06-18 02:00:00,0.0,0.7145522654716245,9.58553011462555e-06,-0.028578745,0.19845199584960938
2024-06-18 03:00:00,0.0,0.9786561582446707,9.58553011462555e-06,-0.050242666,-0.5299339294433594
2024-06-18 04:00:00,0.0,2.0616630272186356,9.58553011462555e-06,0.018126361,-0.6942405700683594
2024-06-18 05:00:00,0.424,5.4083099570309745,0.381417660831308,0.028432997,0.8746795654296875
2024-06-18 06:00:00,12.876,9.38529951645029,11.535795341863963,11.537021,20.147842407226562
2024-06-18 07:00:00,38.854000000000006,34.32813458333842,40.085990240178994,38.2385,42.74237060546875
2024-06-18 08:00:00,70.55,68.67392624765665,71.5444458853663,72.98224,70.80554962158203
2024-06-18 09:00:00,97.15,101.77165303488059,104.95763449380298,106.062546,104.86060333251953
2024-06-18 10:00:00,120.606,120.54452739231263,124.44908415091955,125.12528,131.94183349609375
2024-06-18 11:00:00,133.38,134.47730846364684,139.9127603354692,136.11754,136.66104125976562
2024-06-18 12:00:00,133.034,136.33479296268752,134.80235566945828,131.1711,130.15625
2024-06-18 13:00:00,121.506,121.3078875635581,115.35420853033362,119.66922,117.61781311035156
2024-06-18 14:00:00,82.416,97.63567955064713,99.18374957028738,97.48905,96.26117706298828
2024-06-18 15:00:00,32.196,53.040510970310386,46.58669788751236,41.58501,66.05513000488281
2024-06-18 16:00:00,11.594,11.150068350630082,24.35748836445993,22.464888,34.18404769897461
2024-06-18 17:00:00,6.56,2.9302003386136857,7.084087178068636,8.371319,14.215574264526367
2024-06-18 18:00:00,1.37,2.276006761049926,1.5569371428571437,0.83822876,3.8404617309570312
2024-06-18 19:00:00,0.0,-1.0490146311557824,9.58553011462555e-06,0.017829088,1.0897178649902344
2024-06-18 20:00:00,0.0,1.5787392542594771,9.58553011462555e-06,0.045263026,0.2588844299316406
2024-06-18 21:00:00,0.0,1.8714820952252662,9.58553011462555e-06,0.039419934,0.024562835693359375
2024-06-18 22:00:00,0.0,2.836532826399111,9.58553011462555e-06,0.0457891,0.053386688232421875
2024-06-18 23:00:00,0.0,2.2749576172739285,9.58553011462555e-06,0.015607919,0.082275390625
2024-06-19 00:00:00,0.0,1.413539832512515,9.58553011462555e-06,0.01411061,0.12516403198242188
2024-06-19 01:00:00,0.0,-2.6116307359112225,9.58553011462555e-06,0.02840565,0.16027450561523438
2024-06-19 02:00:00,0.0,-3.60065262525354,9.58553011462555e-06,0.021018758,-0.01549530029296875
2024-06-19 03:00:00,0.0,-3.167098342289748,9.58553011462555e-06,0.020027913,-0.5298805236816406
2024-06-19 04:00:00,0.0,0.9633696612978468,9.58553011462555e-06,0.05731637,-0.5227012634277344
2024-06-19 05:00:00,0.0,4.120241722349787,0.10627612157579264,0.085000485,-0.3238639831542969
2024-06-19 06:00:00,13.256,7.976418774558901,13.708962794570969,14.393262,15.271142959594727
2024-06-19 07:00:00,38.17,32.31303606598811,40.95760596688023,41.103653,39.25540542602539
2024-06-19 08:00:00,71.476,64.7577825514658,70.43151246682969,72.20165,62.66939926147461
2024-06-19 09:00:00,104.25,99.45005058183028,98.78046091329708,102.78618,105.2794189453125
2024-06-19 10:00:00,130.144,127.71374412198574,130.8374537788447,133.65672,133.08433532714844
2024-06-19 11:00:00,136.74,144.05000468627009,139.97994534680439,145.21071,149.53399658203125
2024-06-19 12:00:00,139.47,136.83529388830004,131.6019644497627,138.7643,145.68585205078125
2024-06-19 13:00:00,142.566,124.97382869747193,125.16840860581001,123.62016,111.2124252319336
2024-06-19 14:00:00,113.356,115.16299124898939,119.94216362378027,120.51031,97.99600219726562
2024-06-19 15:00:00,88.79,75.15745665456916,82.03676811499196,81.47796,93.30397033691406
2024-06-19 16:00:00,54.016,53.611277361066314,57.533375688999996,57.59532,47.841514587402344
2024-06-19 17:00:00,26.56,24.15670550892081,26.342783291401236,26.559431,25.07314682006836
2024-06-19 18:00:00,5.846,5.9546192737184445,5.25121113962494,4.791357,8.02642822265625
2024-06-19 19:00:00,0.0,-5.179407136175053,9.58553011462555e-06,-0.019164804,1.0775909423828125
2024-06-19 20:00:00,0.0,-2.9155120409775526,9.58553011462555e-06,0.03786829,0.45030975341796875
2024-06-19 21:00:00,0.0,-0.32410985143843085,9.58553011462555e-06,0.05593085,0.3909873962402344
2024-06-19 22:00:00,0.0,0.5741459927006458,9.58553011462555e-06,0.043707125,0.38492584228515625
2024-06-19 23:00:00,0.0,2.0989418857552433,9.58553011462555e-06,0.03905349,0.4408226013183594
2024-06-20 00:00:00,0.0,4.865559175002467,9.58553011462555e-06,0.03442272,0.5037422180175781
2024-06-20 01:00:00,0.0,3.049559176092737,9.58553011462555e-06,0.06379988,0.5238876342773438
2024-06-20 02:00:00,0.0,2.9120054997138194,9.58553011462555e-06,0.04326852,0.2927284240722656
2024-06-20 03:00:00,0.0,3.693813579560505,9.58553011462555e-06,0.054795716,-0.19704055786132812
2024-06-20 04:00:00,0.0,3.1799100576656,9.58553011462555e-06,0.0438831,-0.244781494140625
2024-06-20 05:00:00,0.0,4.743768217944599,0.012496111111111107,0.025271503,0.032138824462890625
2024-06-20 06:00:00,13.490000000000002,8.610889791473106,12.636665053897175,12.634666,17.132055282592773
2024-06-20 07:00:00,34.814,36.67580366968299,40.42567928970637,40.445465,41.96506881713867
2024-06-20 08:00:00,64.59,63.47233052668265,65.39893539969859,64.11272,72.39266204833984
2024-06-20 09:00:00,99.346,93.341891872693,100.5629143423751,94.78347,106.87960052490234
2024-06-20 10:00:00,133.0,122.95686039274028,126.00752210247302,123.4711,132.4345245361328
2024-06-20 11:00:00,160.884,148.50849409914665,149.97140301280533,146.08208,133.122802734375
2024-06-20 12:00:00,166.95600000000002,166.2096634823731,156.44028059483705,154.42676,128.05287170410156
2024-06-20 13:00:00,155.306,154.07174835484776,155.19636061672864,153.21529,123.46945190429688
2024-06-20 14:00:00,132.17600000000002,126.1150610033119,123.9272081526024,127.27804,114.42587280273438
2024-06-20 15:00:00,87.116,96.92775665877807,96.7357266432162,93.564674,93.30618286132812
2024-06-20 16:00:00,56.74,53.19149204136712,54.93958532814061,54.27822,59.81563186645508
2024-06-20 17:00:00,26.754000000000005,31.171281507679083,27.833645359423613,25.796019,28.4604549407959
2024-06-20 18:00:00,5.934000000000001,8.728890997590645,5.27029886374634,4.9761953,5.797660827636719
2024-06-20 19:00:00,0.0,-2.8001369793446127,9.58553011462555e-06,0.033074237,0.7155036926269531
2024-06-20 20:00:00,0.0,-1.4035125215678494,9.58553011462555e-06,-0.03662751,0.36891937255859375
2024-06-20 21:00:00,0.0,-1.1040106176969697,9.58553011462555e-06,0.056996137,0.13582611083984375
2024-06-20 22:00:00,0.0,-0.707974415296774,9.58553011462555e-06,0.016291618,0.003726959228515625
2024-06-20 23:00:00,0.0,-0.42405259519872196,9.58553011462555e-06,0.029088061,0.10970306396484375
2024-06-21 00:00:00,0.0,0.5735926100566626,9.58553011462555e-06,0.024504507,0.2970085144042969
2024-06-21 01:00:00,0.0,-1.2712107601878957,9.58553011462555e-06,0.02660863,0.4099159240722656
2024-06-21 02:00:00,0.0,1.4314491498773059,9.58553011462555e-06,0.02660863,0.2842292785644531
2024-06-21 03:00:00,0.0,1.4732577112903726,9.58553011462555e-06,0.028105937,-0.4070472717285156
2024-06-21 04:00:00,0.0,3.824875497875551,9.58553011462555e-06,0.028105937,-0.8130950927734375
2024-06-21 05:00:00,0.0,5.881597353196835,0.008580111111111111,0.012930189,0.3681297302246094
2024-06-21 06:00:00,11.52,9.985240647262852,13.040736785954397,12.513456,16.137351989746094
2024-06-21 07:00:00,31.854000000000003,32.78028843372407,35.315370435551614,33.586933,44.48667526245117
2024-06-21 08:00:00,57.17000000000001,60.763696334160606,62.52727829861484,60.817562,67.41827392578125
2024-06-21 09:00:00,71.29,86.83647688633548,95.80151326424493,90.06804,105.37630462646484
2024-06-21 10:00:00,57.504,92.00099033059433,101.16811621805346,102.35589,129.70877075195312
2024-06-21 11:00:00,83.304,64.48434005804259,61.3623629710145,63.52682,132.000244140625
2024-06-21 12:00:00,138.476,89.35978216383072,88.33508562988054,94.474884,110.32382202148438
2024-06-21 13:00:00,129.96,145.70841951982516,124.20599053140104,104.66681,112.93736267089844
2024-06-21 14:00:00,92.01,114.36348008815347,104.76372180075481,96.89296,92.94371032714844
2024-06-21 15:00:00,52.35,65.67745663698975,54.36673878989487,52.518406,38.2868537902832
2024-06-21 16:00:00,15.28,32.277380757971834,28.47444081397473,29.1468,24.565841674804688
2024-06-21 17:00:00,7.220000000000001,3.8852160677211742,7.420706962049963,7.8362775,11.151338577270508
2024-06-21 18:00:00,1.654,4.949851539558459,1.6425911904761912,0.9641126,2.7805252075195312
2024-06-21 19:00:00,0.0,-0.6605852204943972,9.58553011462555e-06,0.014946679,0.8189544677734375
2024-06-21 20:00:00,0.0,-0.028013120155765847,9.58553011462555e-06,0.014765864,0.435272216796875
2024-06-21 21:00:00,0.0,0.5048996527332816,9.58553011462555e-06,0.0743186,0.24137115478515625
2024-06-21 22:00:00,0.0,1.5739916497678808,9.58553011462555e-06,0.027760912,0.29866790771484375
2024-06-21 23:00:00,0.0,6.112997562822784,9.58553011462555e-06,0.019853273,0.3350105285644531
2024-06-22 00:00:00,0.0,6.686853263895857,9.58553011462555e-06,0.019853273,0.3515129089355469
2024-06-22 01:00:00,0.0,-2.9904512139699126,9.58553011462555e-06,0.041337296,0.3828887939453125
2024-06-22 02:00:00,0.0,-3.526232798030514,9.58553011462555e-06,0.20874803,0.08592987060546875
2024-06-22 03:00:00,0.0,-1.640295717895703,9.58553011462555e-06,0.1040074,-0.08029556274414062
2024-06-22 04:00:00,0.0,1.1314024218117495,9.58553011462555e-06,0.11191505,-0.7566413879394531
2024-06-22 05:00:00,0.0,6.768243873750476,0.009682222222222222,-0.38017315,-0.7661209106445312
2024-06-22 06:00:00,12.91,10.386621741251957,9.451982587813397,9.027174,5.529731750488281
2024-06-22 07:00:00,38.69,33.241413409378474,39.15173201536014,38.26898,26.87721824645996
2024-06-22 08:00:00,74.77000000000001,64.9044767723988,71.98403692826808,73.131744,72.90455627441406
2024-06-22 09:00:00,110.494,102.20026691755126,102.64768141949747,102.496506,96.8548355102539
2024-06-22 10:00:00,140.3,130.78515088161103,130.96325895075984,131.61798,123.524658203125
2024-06-22 11:00:00,145.206,150.65218497154515,150.02191522159137,148.59344,139.27069091796875
2024-06-22 12:00:00,93.746,140.31075982244667,147.17393123567635,145.17636,145.40846252441406
2024-06-22 13:00:00,95.704,76.87521968595476,102.58355611217029,86.52914,106.87627410888672
2024-06-22 14:00:00,76.604,82.04403426022142,74.78295294287453,72.34661,29.90930938720703
2024-06-22 15:00:00,78.95400000000001,53.290399474299946,46.39290140303966,44.048042,36.591407775878906
2024-06-22 16:00:00,66.824,52.82606524186213,51.57977292650778,48.151123,34.974578857421875
2024-06-22 17:00:00,33.12,37.88340227134527,36.9673831111111,39.28118,19.02518653869629
2024-06-22 18:00:00,7.134,9.33339825690065,8.272634507899177,7.403283,4.392070770263672
2024-06-22 19:00:00,0.0,-1.8921984622464558,0.013608555871417944,0.09512862,0.3447761535644531
2024-06-22 20:00:00,0.0,-0.39185921442798755,9.58553011462555e-06,0.03345581,0.4245262145996094
2024-06-22 21:00:00,0.0,0.2903601831642266,9.58553011462555e-06,0.0171243,0.533477783203125
2024-06-22 22:00:00,0.0,-2.305184043302697,9.58553011462555e-06,0.014047728,0.5291709899902344
2024-06-22 23:00:00,0.0,-3.0325132889171327,9.58553011462555e-06,0.013093734,0.5329093933105469
2024-06-23 00:00:00,0.0,-1.4724359725624012,9.58553011462555e-06,0.017747369,0.5590286254882812
2024-06-23 01:00:00,0.0,2.6668114375221084,9.58553011462555e-06,0.024083931,0.5855026245117188
2024-06-23 02:00:00,0.0,4.341266428466836,9.58553011462555e-06,0.023487182,0.29232025146484375
2024-06-23 03:00:00,0.0,6.313165935150813,9.58553011462555e-06,0.017932987,-0.15070343017578125
2024-06-23 04:00:00,0.0,5.229614354830675,9.58553011462555e-06,0.008334855,-0.5104217529296875
2024-06-23 05:00:00,0.0,5.11567556753265,0.000331219512195122,0.018332548,-0.38901519775390625
2024-06-23 06:00:00,16.876,9.193801119804542,15.029295596574926,13.573741,10.609170913696289
2024-06-23 07:00:00,49.03,41.77135010053852,50.10396006096912,49.633564,37.45270538330078
2024-06-23 08:00:00,91.22,81.82767222297582,86.54004622151659,85.93006,83.5654067993164
2024-06-23 09:00:00,123.576,123.71883181084164,122.97864680239564,121.3301,119.26569366455078
2024-06-23 10:00:00,145.43,147.0854004653933,144.49252449718145,146.1716,145.11178588867188
2024-06-23 11:00:00,147.966,155.70386876413156,154.0240978464003,153.88107,154.01385498046875
2024-06-23 12:00:00,121.894,144.82686480825194,143.63362723982505,144.5605,150.2396697998047
2024-06-23 13:00:00,129.78,106.05394843692153,105.1191121456214,102.56395,118.39257049560547
2024-06-23 14:00:00,111.56600000000002,109.30100489234943,101.57139203898645,105.30075,74.4210205078125
2024-06-23 15:00:00,76.216,79.50861004371154,79.68353432320501,84.6624,66.83733367919922
2024-06-23 16:00:00,46.63,43.51838882255623,42.97614432483357,43.895096,50.46698760986328
2024-06-23 17:00:00,25.536,22.209158318659643,23.43456956394742,22.115612,22.14004135131836
2024-06-23 18:00:00,5.68,8.066717176354645,5.327302883122244,5.134166,3.3183250427246094
2024-06-23 19:00:00,0.0,-3.9243957337215543,9.58553011462555e-06,0.0943914,0.123138427734375
2024-06-23 20:00:00,0.0,-3.5672005934928324,9.58553011462555e-06,0.021960864,0.15821456909179688
2024-06-23 21:00:00,0.0,-2.3981814449279817,9.58553011462555e-06,0.043241583,0.22772598266601562
2024-06-23 22:00:00,0.0,-2.605621788399498,9.58553011462555e-06,0.019633872,0.34520721435546875
2024-06-23 23:00:00,0.0,-1.3088860925175583,9.58553011462555e-06,0.014181662,0.4146232604980469
2024-06-24 00:00:00,0.0,0.9674122774606619,9.58553011462555e-06,0.019083567,0.436553955078125
2024-06-24 01:00:00,0.0,2.5047668090910165,9.58553011462555e-06,0.018185062,0.4478416442871094
2024-06-24 02:00:00,0.0,2.7319490549368872,9.58553011462555e-06,0.009176216,0.19802093505859375
2024-06-24 03:00:00,0.0,2.473005975740417,9.58553011462555e-06,0.009176216,-0.31268310546875
2024-06-24 04:00:00,0.0,4.866075592905549,9.58553011462555e-06,0.009176216,-0.6238365173339844
2024-06-24 05:00:00,0.0,7.625397118704649,0.021296111111111113,0.011654993,0.00592803955078125
2024-06-24 06:00:00,14.32,10.905159609293715,13.12776472304419,12.743371,9.895435333251953
2024-06-24 07:00:00,45.014,37.349031156432716,40.97352343897542,40.541435,38.16114044189453
2024-06-24 08:00:00,79.39600000000002,77.639206100776,82.44493499399624,82.77411,80.61836242675781
2024-06-24 09:00:00,119.866,111.8464368675964,113.4847734103447,114.340164,118.88575744628906
2024-06-24 10:00:00,117.61,145.87051324938963,147.04982369133793,147.98546,143.98318481445312
2024-06-24 11:00:00,150.966,124.58091318138125,130.02957107091052,137.65108,150.1497039794922
2024-06-24 12:00:00,154.54000000000002,153.9714864693731,138.6760523565953,140.52797,96.60256958007812
2024-06-24 13:00:00,140.076,143.7550609480668,137.70578126016358,138.5402,114.39835357666016
2024-06-24 14:00:00,129.09400000000002,111.54190510932901,113.70928592612142,111.660645,114.8645248413086
2024-06-24 15:00:00,107.216,93.42907607704413,96.93127148776537,91.51411,79.26535034179688
2024-06-24 16:00:00,62.63400000000001,66.44190990429178,68.1000194185416,70.78085,60.0504035949707
2024-06-24 17:00:00,30.22,28.738612428495777,30.616681691724153,30.236177,35.6388053894043
2024-06-24 18:00:00,6.63,9.352544110610612,5.394083096830645,4.226147,8.188467025756836
2024-06-24 19:00:00,0.0,-4.6541071287965075,9.58553011462555e-06,0.04173326,0.7812538146972656
2024-06-24 20:00:00,0.0,-3.369155920886505,9.58553011462555e-06,-0.035043165,0.11433029174804688
2024-06-24 21:00:00,0.0,-2.6602316031551005,9.58553011462555e-06,0.03005926,-0.10118865966796875
2024-06-24 22:00:00,0.0,-3.896826133911308,9.58553011462555e-06,0.00847156,-0.13884735107421875
2024-06-24 23:00:00,0.0,3.04331540229345,9.58553011462555e-06,0.026194064,0.0028839111328125
2024-06-25 00:00:00,0.0,3.4642910425074636,9.58553011462555e-06,0.019744359,0.09482574462890625
2024-06-25 01:00:00,0.0,1.5102105760013682,9.58553011462555e-06,0.027622843,0.194976806640625
2024-06-25 02:00:00,0.0,4.6609480416080356,9.58553011462555e-06,0.026138412,0.09281539916992188
2024-06-25 03:00:00,0.0,4.131838546913494,9.58553011462555e-06,0.020076433,-0.6632308959960938
2024-06-25 04:00:00,0.0,3.6394934091890363,9.58553011462555e-06,0.021573741,-1.0000686645507812
2024-06-25 05:00:00,0.0,7.471075836841882,0.01027611111111111,0.033826925,0.3612480163574219
2024-06-25 06:00:00,13.37,11.242901818085368,14.105784350248623,13.387956,19.821630477905273
2024-06-25 07:00:00,33.87,38.53145221329571,40.836292067847076,40.111164,45.43222427368164
2024-06-25 08:00:00,58.7,65.79323310349534,63.17288060719004,64.03477,77.49139404296875
2024-06-25 09:00:00,93.92000000000002,88.37715241140742,98.48220796815919,95.774994,103.10550689697266
2024-06-25 10:00:00,132.21,118.98089461359086,117.07075480547998,118.35199,126.10069274902344
2024-06-25 11:00:00,170.26,149.7123400030451,152.30666748113862,151.8481,135.33938598632812
2024-06-25 12:00:00,179.544,178.48637704310536,161.01553898231393,164.99007,140.89718627929688
2024-06-25 13:00:00,153.894,168.81254098034765,167.86666853846148,170.59297,133.69100952148438
2024-06-25 14:00:00,132.92000000000002,125.98616878218101,138.2568506784277,132.77972,125.1456298828125
2024-06-25 15:00:00,68.24,100.98606687209684,95.98769653863346,95.4953,93.66085815429688
2024-06-25 16:00:00,12.25,36.50409314380801,43.307822608591415,42.196404,60.84444808959961
2024-06-25 17:00:00,6.506,-1.256101183681813,11.58155892040649,8.155444,25.244396209716797
2024-06-25 18:00:00,1.57,6.936888097446538,1.6688500000000008,0.84524125,4.052600860595703
2024-06-25 19:00:00,0.0,1.589786697953973,0.016309585530114624,0.01309736,0.7960395812988281
2024-06-25 20:00:00,0.0,2.16545664341378,9.58553011462555e-06,-0.020406678,0.3466453552246094
2024-06-25 21:00:00,0.0,1.9538325525598452,9.58553011462555e-06,0.032753386,0.1276397705078125
2024-06-25 22:00:00,0.0,2.5831169946898633,9.58553011462555e-06,0.031954765,0.08721923828125
2024-06-25 23:00:00,0.0,5.090424546215711,9.58553011462555e-06,0.044607684,0.11925125122070312
2024-06-26 00:00:00,0.0,3.452277810384718,9.58553011462555e-06,-0.12471609,0.13014602661132812
2024-06-26 01:00:00,0.0,-1.2318359755047412,9.58553011462555e-06,0.03701247,0.2516441345214844
2024-06-26 02:00:00,0.0,0.7251182645760554,9.58553011462555e-06,0.010805225,0.29199981689453125
2024-06-26 03:00:00,0.0,-2.843815274600292,9.58553011462555e-06,0.003045137,-0.4415321350097656
2024-06-26 04:00:00,0.0,-0.2614621835883506,9.58553011462555e-06,0.003045137,-0.4640769958496094
2024-06-26 05:00:00,0.0,6.584805289863283,0.010856111111111108,0.025707867,0.9912872314453125
2024-06-26 06:00:00,15.324000000000002,9.40352001108853,13.323785001968687,12.459738,21.515628814697266
2024-06-26 07:00:00,43.476,35.8658126195335,45.3235851542111,43.97876,42.42054748535156
2024-06-26 08:00:00,77.91000000000001,70.87815844030973,78.94090599069246,77.949486,81.17813873291016
2024-06-26 09:00:00,115.794,105.74119847241403,113.04003559935205,112.1284,112.57145690917969
2024-06-26 10:00:00,137.466,137.26045052687405,146.01006630220718,148.02705,136.59814453125
2024-06-26 11:00:00,153.734,146.27797790522192,155.66342114721036,152.84586,143.13450622558594
2024-06-26 12:00:00,154.976,151.50801168888538,147.63778038440665,149.5463,135.36135864257812
2024-06-26 13:00:00,120.44,138.6554853021079,134.0979253063178,134.60783,106.6305160522461
2024-06-26 14:00:00,104.73,93.5628414826235,95.47425145676854,89.04248,75.82444763183594
2024-06-26 15:00:00,64.334,76.59458465530903,67.25608614391726,60.64673,37.7271728515625
2024-06-26 16:00:00,39.996,33.60173976598364,39.931631723607914,39.995003,27.753921508789062
2024-06-26 17:00:00,25.714,19.04786780234348,15.604586503701263,13.875182,15.473495483398438
2024-06-26 18:00:00,5.854,10.530306173173514,5.472676315525681,5.2104454,2.5151710510253906
2024-06-26 19:00:00,0.0,-5.220718748708745,9.58553011462555e-06,-0.065823965,0.18265151977539062
2024-06-26 20:00:00,0.0,-2.992017532442283,9.58553011462555e-06,0.034484476,-0.07297897338867188
2024-06-26 21:00:00,0.0,-2.5905534218979644,9.58553011462555e-06,0.058610816,-0.10227203369140625
2024-06-26 22:00:00,0.0,-2.195683674445403,9.58553011462555e-06,0.027444648,0.020664215087890625
2024-06-26 23:00:00,0.0,0.6215411318171045,9.58553011462555e-06,0.0044686613,0.15787124633789062
2024-06-27 00:00:00,0.0,1.185381656025565,9.58553011462555e-06,-0.019385887,0.22636795043945312
2024-06-27 01:00:00,0.0,-1.5868323327936071,9.58553011462555e-06,0.0013234294,0.31842041015625
2024-06-27 02:00:00,0.0,2.4449683773771476,9.58553011462555e-06,0.00090916426,0.08341598510742188
2024-06-27 03:00:00,0.0,0.8880865151535948,9.58553011462555e-06,0.00093148294,-0.43897247314453125
2024-06-27 04:00:00,0.0,4.073295255145313,9.58553011462555e-06,0.00093148294,-0.5347976684570312
2024-06-27 05:00:00,0.0,6.640581541783252,0.006436111111111111,0.008942138,0.22458648681640625
2024-06-27 06:00:00,14.656,9.055574291365673,13.506198618790735,12.817835,10.161474227905273
2024-06-27 07:00:00,39.224,36.67896183284519,43.063888007202806,43.410812,36.659996032714844
2024-06-27 08:00:00,68.766,68.31745317339434,73.08652944547065,73.05593,80.47196960449219
2024-06-27 09:00:00,79.96600000000001,96.61382926641241,102.69282472873672,103.05708,104.30223083496094
2024-06-27 10:00:00,101.934,96.37268155634905,107.07074583379935,103.9782,124.78955841064453
2024-06-27 11:00:00,107.666,112.41180808500039,117.365997091388,112.52108,105.13518524169922
2024-06-27 12:00:00,87.554,108.18738799197911,101.4643160242623,100.40647,105.6234130859375
2024-06-27 13:00:00,54.29,75.86875330932,75.9630116728426,69.676674,84.66963195800781
2024-06-27 14:00:00,69.24600000000001,42.85945008952007,48.05853234515488,49.6197,61.146480560302734
2024-06-27 15:00:00,57.010000000000005,59.417035508027105,49.786115020319286,51.590015,37.1075553894043
2024-06-27 16:00:00,44.79,38.56159594080625,35.01111761629497,35.411945,25.828582763671875
2024-06-27 17:00:00,23.494,23.940176134911574,22.629301411499455,25.23319,12.340185165405273
2024-06-27 18:00:00,5.09,6.7592653976038335,5.302578428534161,5.482052,2.3300704956054688
2024-06-27 19:00:00,0.0,-4.3851014308676515,9.58553011462555e-06,0.1339265,0.14013290405273438
2024-06-27 20:00:00,0.0,-1.5860701011479925,9.58553011462555e-06,0.013576568,-0.031757354736328125
2024-06-27 21:00:00,0.0,-3.253897143876351,9.58553011462555e-06,0.005456161,0.05867767333984375
2024-06-27 22:00:00,0.0,-4.280308083840058,9.58553011462555e-06,-0.004506674,0.21289825439453125
2024-06-27 23:00:00,0.0,-5.349016505519187,9.58553011462555e-06,-0.007968712,0.2586708068847656
2024-06-28 00:00:00,0.0,-4.248038156656557,9.58553011462555e-06,-0.007898594,0.2756195068359375
2024-06-28 01:00:00,0.0,-3.259036430403383,9.58553011462555e-06,-0.0021110822,0.31678009033203125
2024-06-28 02:00:00,0.0,4.365962671727312,9.58553011462555e-06,-0.0021110822,0.08432388305664062
2024-06-28 03:00:00,0.0,4.484251297819654,9.58553011462555e-06,-0.0021110822,-0.19916915893554688
2024-06-28 04:00:00,0.0,6.675856609869607,9.58553011462555e-06,-0.00061377394,-0.6737937927246094
2024-06-28 05:00:00,0.0,7.921932086066644,0.014379999999999999,0.020281708,-0.4448585510253906
2024-06-28 06:00:00,14.740000000000002,11.080716896974454,11.155770227768691,10.641616,5.588848114013672
2024-06-28 07:00:00,39.98,39.957829524311414,41.22379312173085,41.941322,29.20708465576172
2024-06-28 08:00:00,70.18400000000001,70.4751434143893,73.80876490704124,73.0122,69.19155883789062
2024-06-28 09:00:00,102.176,97.78052834191212,92.98361992799892,97.59858,93.97515106201172
2024-06-28 10:00:00,92.084,122.88447014457071,124.79373772152115,124.09839,113.78290557861328
2024-06-28 11:00:00,109.46,96.452401187578,112.75342687133421,109.945885,125.27532958984375
2024-06-28 12:00:00,119.684,111.2113790322035,101.42201298737322,108.97146,98.6376953125
2024-06-28 13:00:00,129.19400000000002,112.58826269524334,107.47305726850304,108.13206,100.79917907714844
2024-06-28 14:00:00,110.31600000000002,109.2202093233596,102.16542476994742,106.74711,72.42433166503906
2024-06-28 15:00:00,66.324,77.28890343484065,82.23680618848368,83.20571,56.71212387084961
2024-06-28 16:00:00,19.164,36.65453091938566,36.94580373197284,37.837547,40.119842529296875
2024-06-28 17:00:00,9.35,4.034110563042006,9.710671591990037,10.751696,17.056350708007812
2024-06-28 18:00:00,1.7640000000000002,5.592736644332048,2.1882279186490234,2.4766686,2.0970611572265625
2024-06-28 19:00:00,0.0,-2.5908685661913267,9.58553011462555e-06,0.028742127,-0.13357162475585938
2024-06-28 20:00:00,0.0,-2.9407341150945867,9.58553011462555e-06,0.029863147,-0.25652313232421875
2024-06-28 21:00:00,0.0,-2.3079501940481624,9.58553011462555e-06,0.038183317,-0.24166107177734375
2024-06-28 22:00:00,0.0,-1.778914926229489,9.58553011462555e-06,0.015480357,-0.011993408203125
2024-06-28 23:00:00,0.0,5.063178097374697,9.58553011462555e-06,0.018020943,0.1481170654296875
2024-06-29 00:00:00,0.0,6.039839943441768,9.58553011462555e-06,0.014066044,0.2172088623046875
2024-06-29 01:00:00,0.0,2.533970947924564,9.58553011462555e-06,0.014482018,0.2942161560058594
2024-06-29 02:00:00,0.0,0.8775601603476968,9.58553011462555e-06,0.0067219283,0.15910720825195312
2024-06-29 03:00:00,0.0,-0.4948203624009144,9.58553011462555e-06,-0.006066943,-0.3927116394042969
2024-06-29 04:00:00,0.0,1.7845068580038221,9.58553011462555e-06,-0.0065343636,-0.63397216796875
2024-06-29 05:00:00,0.0,7.924205963047097,0.0019361111111111109,-0.004504234,0.02245330810546875
2024-06-29 06:00:00,10.576,10.457041043167603,11.30415159055581,9.9462595,8.73890495300293
2024-06-29 07:00:00,28.104000000000003,29.52706732996333,30.321023720836624,30.183958,31.81072425842285
2024-06-29 08:00:00,51.404,51.26311130856616,53.09450799087784,49.48215,57.6199951171875
2024-06-29 09:00:00,56.08,74.92540703059015,70.04885305099633,76.601265,77.20327758789062
2024-06-29 10:00:00,60.154,70.30196921869106,70.64906214608652,69.79789,103.91048431396484
2024-06-29 11:00:00,89.69,67.41848457581844,62.37429730797102,66.0771,94.76333618164062
2024-06-29 12:00:00,130.966,98.4359126341563,80.58146261257862,83.0641,83.91722106933594
2024-06-29 13:00:00,104.82,135.37081627273756,123.79531624101394,119.89417,82.92369842529297
2024-06-29 14:00:00,96.666,86.13988354546188,87.66764193023283,86.30025,83.8243408203125
2024-06-29 15:00:00,42.7,74.39905130736915,62.37261511354884,69.5255,57.884521484375
2024-06-29 16:00:00,18.94,21.876579933549095,21.06448515776711,23.418499,36.72763442993164
2024-06-29 17:00:00,9.744,9.967567301438677,10.780585696368114,8.815394,15.614969253540039
2024-06-29 18:00:00,2.04,4.6174647609268575,1.7259636809986514,2.3369346,2.9756317138671875
2024-06-29 19:00:00,0.0,-3.1499074839796473,9.58553011462555e-06,0.10765359,0.5274620056152344
2024-06-29 20:00:00,0.0,-0.4140142773216837,9.58553011462555e-06,0.032302413,0.06793212890625
2024-06-29 21:00:00,0.0,-1.4514452852900108,9.58553011462555e-06,0.007050963,0.1112518310546875
2024-06-29 22:00:00,0.0,0.8698636680496952,9.58553011462555e-06,-0.022124069,0.2346954345703125
2024-06-29 23:00:00,0.0,4.188788344058613,9.58553011462555e-06,-0.006029612,0.3034553527832031
2024-06-30 00:00:00,0.0,4.2862474932365835,9.58553011462555e-06,-0.00752692,0.32419586181640625
2024-06-30 01:00:00,0.0,-3.7273914321272814,9.58553011462555e-06,0.0043638367,0.3156089782714844
2024-06-30 02:00:00,0.0,-0.265954100578492,9.58553011462555e-06,0.0049404176,0.08196258544921875
2024-06-30 03:00:00,0.0,-2.6608050704084167,9.58553011462555e-06,-0.0009801725,-0.18638992309570312
2024-06-30 04:00:00,0.0,2.133076869266308,9.58553011462555e-06,0.013186126,-0.527587890625
2024-06-30 05:00:00,0.0,5.715493016991308,0.007276111111111111,0.09941475,-0.7758750915527344
2024-06-30 06:00:00,8.99,8.64789268176706,9.53461162982126,9.69854,2.7396621704101562
2024-06-30 07:00:00,23.394,25.937663051089125,26.6067740990846,24.893791,18.227672576904297
2024-06-30 08:00:00,38.314,44.48256307702643,46.913769507546014,43.659073,45.94956588745117
2024-06-30 09:00:00,62.254,57.912427529710975,59.176944454662205,57.191227,59.901126861572266
2024-06-30 10:00:00,77.254,80.31845274886277,76.84886601849466,86.51356,74.9364242553711
2024-06-30 11:00:00,69.47000000000001,88.17872352458971,83.85268682709133,85.66499,94.42845153808594
2024-06-30 12:00:00,81.13400000000001,69.24604930596647,74.29708868305977,72.67928,90.70513916015625
2024-06-30 13:00:00,84.066,77.76460643985544,73.74295849001439,78.585045,71.75837707519531
2024-06-30 14:00:00,63.416,72.61798335144391,68.10172906942493,68.72662,61.27186584472656
2024-06-30 15:00:00,37.36000000000001,43.181951437805004,45.89888539891651,46.198666,39.084815979003906
2024-06-30 16:00:00,19.764,18.971892716812167,23.84517981931659,24.0122,23.44035530090332
2024-06-30 17:00:00,10.0,6.334774079672865,11.93294811457062,11.41268,9.55234146118164
2024-06-30 18:00:00,2.054,2.673458670952515,1.7598160376448433,2.163738,2.6431350708007812
2024-06-30 19:00:00,0.0,-2.63412278504918,9.58553011462555e-06,0.064529665,0.4048004150390625
2024-06-30 20:00:00,0.0,-1.1423336797283685,9.58553011462555e-06,0.014793047,-0.018310546875
2024-06-30 21:00:00,0.0,-0.7859386765317691,9.58553011462555e-06,0.013658143,0.005889892578125
2024-06-30 22:00:00,0.0,-1.7189949296962226,9.58553011462555e-06,0.0038085633,0.07564544677734375
2024-06-30 23:00:00,0.0,-0.27118143319542565,9.58553011462555e-06,-0.0043118363,0.16604232788085938
2024-07-01 00:00:00,0.0,2.840503694296311,9.58553011462555e-06,-0.0018937995,0.24530792236328125
2024-07-01 01:00:00,0.0,-1.3217237202058998,9.58553011462555e-06,0.032181885,0.31006622314453125
2024-07-01 02:00:00,0.0,-1.4662576166517631,9.58553011462555e-06,0.025130378,0.24811172485351562
2024-07-01 03:00:00,0.0,-1.116274855290822,9.58553011462555e-06,0.026647454,-0.013042449951171875
2024-07-01 04:00:00,0.0,0.7764510138361285,9.58553011462555e-06,0.01249084,-0.7735061645507812
2024-07-01 05:00:00,0.27,3.6982481403365917,0.06729372774093637,0.016753435,-1.3948974609375
2024-07-01 06:00:00,9.08,7.617058848743943,9.280473009610905,9.423146,2.4939956665039062
2024-07-01 07:00:00,28.186000000000003,26.565101685796982,26.527395632887682,26.294664,17.409719467163086
2024-07-01 08:00:00,50.5,50.48886337312891,50.41257980710084,49.490902,40.39356994628906
2024-07-01 09:00:00,73.12,72.6752786266288,72.07530428262696,72.80781,80.44902038574219
2024-07-01 10:00:00,107.81,89.82415427907983,90.34633796048621,96.12755,99.7049560546875
2024-07-01 11:00:00,107.794,121.46791192563273,105.19490234107299,105.17081,103.9114761352539
2024-07-01 12:00:00,90.476,107.65267241190614,107.10537920385327,111.86282,107.32184600830078
2024-07-01 13:00:00,88.43,77.82999249262232,92.01353284655058,90.72438,104.58602142333984
2024-07-01 14:00:00,81.316,72.98151649912961,77.9116595458661,75.268105,77.64105224609375
2024-07-01 15:00:00,52.024,58.53189551136867,62.786498374360946,67.327156,57.216819763183594
2024-07-01 16:00:00,22.4,28.310131291197905,29.93164794273981,31.463547,38.72339630126953
2024-07-01 17:00:00,11.766,5.998372253821074,13.598709792797074,12.347819,14.156450271606445
2024-07-01 18:00:00,2.76,3.7804349849057086,2.016256698840433,2.7287438,2.3631858825683594
2024-07-01 19:00:00,0.0,-2.1824770947115297,9.58553011462555e-06,0.060227517,-0.01537322998046875
2024-07-01 20:00:00,0.0,-2.3558916085846415,9.58553011462555e-06,0.08435305,-0.174774169921875
2024-07-01 21:00:00,0.0,-2.776839323812752,9.58553011462555e-06,0.010456094,0.00986480712890625
2024-07-01 22:00:00,0.0,-1.8990364169849236,9.58553011462555e-06,0.010456094,0.19857025146484375
2024-07-01 23:00:00,0.0,-2.5864796521978004,9.58553011462555e-06,0.010456094,0.29154205322265625
2024-07-02 00:00:00,0.0,0.06838106069389394,9.58553011462555e-06,0.005143668,0.3137550354003906
2024-07-02 01:00:00,0.0,0.017626607614614542,9.58553011462555e-06,0.026627686,0.30029296875
2024-07-02 02:00:00,0.0,1.8314263923590355,9.58553011462555e-06,0.026627686,-0.10691070556640625
2024-07-02 03:00:00,0.0,1.433066055442822,9.58553011462555e-06,0.020707097,-0.3247489929199219
2024-07-02 04:00:00,0.0,2.47774932413024,9.58553011462555e-06,0.020726865,-0.6515426635742188
2024-07-02 05:00:00,0.0,6.002909840567703,0.002856270446697021,0.02616121,-0.7399520874023438
2024-07-02 06:00:00,8.209999999999999,8.739890119280913,9.462720081911387,9.2295685,5.740379333496094
2024-07-02 07:00:00,23.706000000000003,25.739976557886486,26.421837794351887,23.589333,25.987356185913086
2024-07-02 08:00:00,42.22,44.95139906618754,47.78097381776756,46.950455,60.89385223388672
2024-07-02 09:00:00,59.470000000000006,62.774997121597686,61.91133308353088,60.283237,71.65116882324219
2024-07-02 10:00:00,63.934000000000005,74.10991531019687,75.5386536583311,73.052574,85.78984832763672
2024-07-02 11:00:00,59.120000000000005,71.30754055397585,55.64249050240531,61.813736,87.99104309082031
2024-07-02 12:00:00,73.94,61.19773427752724,56.90573111719346,58.34061,85.87307739257812
2024-07-02 13:00:00,74.61,75.09011104402322,71.9871830263745,78.77812,80.60020446777344
2024-07-02 14:00:00,59.21000000000001,65.53684775176896,67.90982984531237,71.43271,79.55270385742188
2024-07-02 15:00:00,43.21000000000001,39.94362733944698,45.85090531411174,46.28569,63.83502197265625
2024-07-02 16:00:00,24.664,24.063520231594225,28.700366560739422,29.9154,40.11301040649414
2024-07-02 17:00:00,13.294,10.666084117057139,12.378231145998427,11.527327,15.888162612915039
2024-07-02 18:00:00,3.1,5.931893030446076,2.82210643524081,3.0233178,3.2532577514648438
2024-07-02 19:00:00,0.0,-2.550799371946628,9.58553011462555e-06,0.04727334,0.08521270751953125
2024-07-02 20:00:00,0.0,-4.01552347849817,9.58553011462555e-06,0.053384706,-0.4086494445800781
2024-07-02 21:00:00,0.0,-4.304438183925289,9.58553011462555e-06,-0.01726385,-0.15539932250976562
2024-07-02 22:00:00,0.0,-3.034405638338002,9.58553011462555e-06,0.03514157,0.181793212890625
2024-07-02 23:00:00,0.0,1.0703528009739438,9.58553011462555e-06,0.012591115,0.26639556884765625
2024-07-03 00:00:00,0.0,4.47940240498202,9.58553011462555e-06,0.008647782,0.3122978210449219
2024-07-03 01:00:00,0.0,-1.5207479659888055,9.58553011462555e-06,0.0027658711,0.3703346252441406
2024-07-03 02:00:00,0.0,-2.0758219600418455,9.58553011462555e-06,-0.005141765,0.155487060546875
2024-07-03 03:00:00,0.0,-1.7514609475882654,9.58553011462555e-06,-0.005141765,-0.164398193359375
2024-07-03 04:00:00,0.0,-0.15666252132293312,9.58553011462555e-06,0.005398494,-0.6641578674316406
2024-07-03 05:00:00,0.0,4.039225383984016,5.793287248158564e-05,0.011339308,-0.816131591796875
2024-07-03 06:00:00,6.41,8.31579811919287,9.225717700929271,8.9397545,6.6337127685546875
2024-07-03 07:00:00,14.07,23.3343101472289,21.60791124597867,20.390072,24.01290512084961
2024-07-03 08:00:00,20.624,33.77798943998042,27.2970824450146,23.985153,35.17129135131836
2024-07-03 09:00:00,30.77,38.58039882888491,31.15183704350542,34.550137,37.39678192138672
2024-07-03 10:00:00,37.84,46.874524705015475,40.99575774478204,39.80094,41.474761962890625
2024-07-03 11:00:00,45.824000000000005,50.14267652137564,50.79914409146585,56.781948,49.90043258666992
2024-07-03 12:00:00,37.17,53.89684452532384,50.22890931224203,52.503296,52.134490966796875
2024-07-03 13:00:00,38.53,37.1659031500356,44.52679945711762,48.75435,54.94938659667969
2024-07-03 14:00:00,27.624,35.055803209382496,41.35230770331146,38.8426,47.891414642333984
2024-07-03 15:00:00,19.32,19.584041716811086,24.05442276135279,19.913729,36.5888671875
2024-07-03 16:00:00,21.764,10.226152845595013,16.168991067679002,15.147839,20.972627639770508
2024-07-03 17:00:00,13.114,13.424214576329703,12.31883245854766,12.811795,7.230657577514648
2024-07-03 18:00:00,3.49,4.4449263499899345,3.0011374063371345,3.1728735,1.4013862609863281
2024-07-03 19:00:00,0.0,-1.212379112503859,9.58553011462555e-06,0.020405732,-0.11243057250976562
2024-07-03 20:00:00,0.0,-1.422730527193199,9.58553011462555e-06,0.027203407,-0.15999984741210938
2024-07-03 21:00:00,0.0,-1.3791070085386465,9.58553011462555e-06,0.024056727,0.02091217041015625
2024-07-03 22:00:00,0.0,-2.1382341247057246,9.58553011462555e-06,-0.21164203,0.10064315795898438
2024-07-03 23:00:00,0.0,-2.0365517386779066,9.58553011462555e-06,0.022239603,0.123321533203125
2024-07-04 00:00:00,0.0,-1.5874342352904165,9.58553011462555e-06,0.021248758,0.15105819702148438
2024-07-04 01:00:00,0.0,-3.723302500889843,9.58553011462555e-06,0.031877898,0.21071243286132812
2024-07-04 02:00:00,0.0,-2.4614031154076024,9.58553011462555e-06,0.025402987,0.26630401611328125
2024-07-04 03:00:00,0.0,-0.7725760511152249,9.58553011462555e-06,0.036917623,-0.0371856689453125
2024-07-04 04:00:00,0.0,1.384216961404479,9.58553011462555e-06,0.039425537,-0.7105636596679688
2024-07-04 05:00:00,0.0,3.0474044003755747,5.627044669702245e-05,0.044865247,-1.1508750915527344
2024-07-04 06:00:00,9.03,6.7131514768389575,9.100763580305497,8.852118,0.3099212646484375
2024-07-04 07:00:00,22.364,25.22822323108572,26.30813372530021,26.26551,11.56826400756836
2024-07-04 08:00:00,36.010000000000005,42.559971349519245,40.35291607901737,37.92299,44.22880935668945
2024-07-04 09:00:00,56.13,55.27889615797866,54.44063837403715,51.839455,53.06333923339844
2024-07-04 10:00:00,55.1,73.01335974404805,69.85360074903326,70.49829,72.38278198242188
2024-07-04 11:00:00,60.08,62.61760870006926,58.680700092911266,63.39057,79.5626220703125
2024-07-04 12:00:00,68.74,61.67636493848921,56.7183052606209,59.822968,66.22027587890625
2024-07-04 13:00:00,90.866,65.95488910452067,67.457661884007,75.27968,57.06346130371094
2024-07-04 14:00:00,52.02000000000001,83.76365080511823,66.44854462710404,73.11128,52.25742721557617
2024-07-04 15:00:00,28.324,32.15277822394823,41.62740935497836,42.063828,43.942012786865234
2024-07-04 16:00:00,17.294,14.869000421281132,22.105143988171996,20.527798,23.586524963378906
2024-07-04 17:00:00,9.86,9.382141827573184,9.467119569797028,8.874824,7.840976715087891
2024-07-04 18:00:00,2.564,4.385811247608839,2.059226268273514,2.2981915,1.7844619750976562
2024-07-04 19:00:00,0.0,-0.23021192715349414,9.58553011462555e-06,0.015760489,0.18948745727539062
2024-07-04 20:00:00,0.0,-1.745326574852406,9.58553011462555e-06,0.024013443,-0.034862518310546875
2024-07-04 21:00:00,0.0,-0.01907145380594777,9.58553011462555e-06,0.0072676186,0.08798980712890625
2024-07-04 22:00:00,0.0,-0.8755819614945013,9.58553011462555e-06,0.0059512192,0.2533607482910156
2024-07-04 23:00:00,0.0,1.5929524082331978,9.58553011462555e-06,0.013378909,0.32839202880859375
2024-07-05 00:00:00,0.0,3.324197737162823,9.58553011462555e-06,0.044943124,0.3590278625488281
2024-07-05 01:00:00,0.0,-0.2483526141989234,9.58553011462555e-06,0.03180169,0.3963356018066406
2024-07-05 02:00:00,0.0,-3.9842328168428334,9.58553011462555e-06,0.029007945,0.14588165283203125
2024-07-05 03:00:00,0.0,-0.8772315090097811,9.58553011462555e-06,0.012959932,-0.13399505615234375
2024-07-05 04:00:00,0.0,2.296522395477103,9.58553011462555e-06,0.020226477,-1.0035476684570312
2024-07-05 05:00:00,0.0,4.360977079255161,0.014299544009582435,-0.033403132,-1.5190048217773438
2024-07-05 06:00:00,13.556,7.3194930055124985,9.080030690418294,9.078221,3.98175048828125
2024-07-05 07:00:00,40.946,31.456169331979815,37.580129074106566,39.17714,21.79714584350586
2024-07-05 08:00:00,77.5,66.06159872470516,75.83782438701765,74.67954,67.7509536743164
2024-07-05 09:00:00,114.29000000000002,104.40486639589571,106.30005709017034,105.82838,97.47149658203125
2024-07-05 10:00:00,130.09,134.79649545544407,131.2755921831933,129.46927,120.6741943359375
2024-07-05 11:00:00,125.594,136.12281717577687,140.51366068953593,139.4063,142.15310668945312
2024-07-05 12:00:00,71.916,117.00607591299777,121.20575110726504,121.38014,133.9277801513672
2024-07-05 13:00:00,37.37,57.77007993016169,86.90109736842707,71.6834,100.96308898925781
2024-07-05 14:00:00,16.514,30.738204833654976,20.211369487179507,29.491165,54.41578674316406
2024-07-05 15:00:00,15.75,13.870738432025824,15.388731218365898,15.27332,35.25924301147461
2024-07-05 16:00:00,17.73,12.374282932986947,15.05896462799745,16.044266,23.712116241455078
2024-07-05 17:00:00,10.06,12.897794121893483,10.1044006588438,10.909439,8.007360458374023
2024-07-05 18:00:00,2.5,5.789345310536321,2.1681347949917984,2.302064,1.4715843200683594
2024-07-05 19:00:00,0.0,4.5049715923123514,9.58553011462555e-06,0.037431095,0.2877311706542969
2024-07-05 20:00:00,0.0,5.839874009175341,9.58553011462555e-06,-0.17613876,0.2484283447265625
2024-07-05 21:00:00,0.0,4.184819255892824,9.58553011462555e-06,0.015010614,0.34698486328125
2024-07-05 22:00:00,0.0,-2.4080679693441867,9.58553011462555e-06,0.012757145,0.41590118408203125
2024-07-05 23:00:00,0.0,-5.029772485290451,9.58553011462555e-06,0.0117663,0.440093994140625
2024-07-06 00:00:00,0.0,-6.962076726899213,9.58553011462555e-06,0.015228338,0.4476318359375
2024-07-06 01:00:00,0.0,-6.459145226493741,9.58553011462555e-06,0.032071043,0.47034454345703125
2024-07-06 02:00:00,0.0,-1.7483250789633242,9.58553011462555e-06,0.03304169,0.2778205871582031
2024-07-06 03:00:00,0.0,1.6292607118659017,9.58553011462555e-06,0.025462518,0.08794784545898438
2024-07-06 04:00:00,0.0,3.35343995138356,9.58553011462555e-06,0.031922292,-0.7113761901855469
2024-07-06 05:00:00,0.0,4.105696131559904,0.030092499990552923,0.022903964,-1.0176773071289062
2024-07-06 06:00:00,9.95,7.326424763314403,10.060378850472016,10.229914,4.220066070556641
2024-07-06 07:00:00,27.5,25.624623023373697,29.652779478236102,30.09846,24.2528133392334
2024-07-06 08:00:00,49.91,48.278059771897205,50.69762325477532,49.83277,58.935447692871094
2024-07-06 09:00:00,75.054,70.08007835084283,68.05337005261131,73.815765,76.7467269897461
2024-07-06 10:00:00,91.82,90.67983973397386,87.9273180510317,88.20817,95.05880737304688
2024-07-06 11:00:00,109.44,99.43666247793936,96.49813803777728,102.71956,101.9921875
2024-07-06 12:00:00,114.32,109.8146569119084,102.51902248024682,98.59499,98.7120361328125
2024-07-06 13:00:00,83.82000000000001,103.16266537952126,96.72306526438179,100.624855,90.66746520996094
2024-07-06 14:00:00,69.91000000000001,62.610021251587845,61.00007837028499,58.514324,70.47508239746094
2024-07-06 15:00:00,38.896,50.93971038607017,49.77266257234432,42.31221,39.666893005371094
2024-07-06 16:00:00,16.97,21.27932393325318,24.21042818762869,22.062744,26.17669677734375
2024-07-06 17:00:00,7.524,6.050767298666619,11.322476089746043,9.399852,10.937746047973633
2024-07-06 18:00:00,1.524,1.6344000536572612,0.6860159446543979,0.13327074,1.7745857238769531
2024-07-06 19:00:00,0.0,-2.561125504042868,9.58553011462555e-06,0.23076741,0.4818687438964844
2024-07-06 20:00:00,0.0,-0.2584953511438357,9.58553011462555e-06,0.030966338,0.3257560729980469
2024-07-06 21:00:00,0.0,-0.47857363181019874,9.58553011462555e-06,0.008010213,0.2831153869628906
2024-07-06 22:00:00,0.0,-0.8298583981278718,9.58553011462555e-06,0.0037560833,0.3066558837890625
2024-07-06 23:00:00,0.0,0.9689025799467892,9.58553011462555e-06,0.011297329,0.33892822265625
2024-07-07 00:00:00,0.0,0.9459252490603882,9.58553011462555e-06,0.011297329,0.3503608703613281
2024-07-07 01:00:00,0.0,-4.131555001115907,9.58553011462555e-06,0.011283488,0.3598060607910156
2024-07-07 02:00:00,0.0,-0.1450767701171083,9.58553011462555e-06,0.003727163,0.051799774169921875
2024-07-07 03:00:00,0.0,0.19377386165652677,9.58553011462555e-06,-0.0041804756,0.15970611572265625
2024-07-07 04:00:00,0.0,3.2116608487284957,9.58553011462555e-06,-0.0041804756,-0.7073020935058594
2024-07-07 05:00:00,0.0,6.374757020871456,5.627044669702245e-05,-0.007240554,-0.8770523071289062
2024-07-07 06:00:00,15.480000000000002,9.238271066436319,7.859113371507362,7.3075895,2.6089553833007812
2024-07-07 07:00:00,47.814,35.34578003203014,42.17153193795255,43.676186,20.93276596069336
2024-07-07 08:00:00,88.304,75.00651833179043,83.68702778989825,84.29336,72.58673095703125
2024-07-07 09:00:00,125.9,114.4480684309579,118.2917875199053,117.55868,102.67703247070312
2024-07-07 10:00:00,142.53,144.5043979400391,143.02505446796226,143.48843,131.89871215820312
2024-07-07 11:00:00,144.93,147.81105552754195,148.18987894535644,151.50705,148.97865295410156
2024-07-07 12:00:00,113.794,137.40964577264802,134.9066999061249,137.61148,151.71914672851562
2024-07-07 13:00:00,86.904,95.52550002600978,94.69377508680546,92.864685,133.94467163085938
2024-07-07 14:00:00,62.92000000000001,67.45477774703127,70.50993133870386,80.89874,95.46876525878906
2024-07-07 15:00:00,62.120000000000005,43.418096748069374,47.2559456709957,45.700443,63.18054962158203
2024-07-07 16:00:00,49.024,42.283909710976815,36.03775696574387,38.83018,42.35340118408203
2024-07-07 17:00:00,27.336,27.843678748892117,25.165477968640236,26.388275,23.190908432006836
2024-07-07 18:00:00,6.5,11.55125193744361,5.975119804769131,5.5498214,3.849334716796875
2024-07-07 19:00:00,0.0,-2.0714332959883404,9.58553011462555e-06,0.0625135,0.5491218566894531
2024-07-07 20:00:00,0.0,-1.9043276304974164,9.58553011462555e-06,0.030966513,0.5743789672851562
2024-07-07 21:00:00,0.0,-0.3131812585705074,9.58553011462555e-06,0.013506343,0.6831016540527344
2024-07-07 22:00:00,0.0,-3.6842576527927404,9.58553011462555e-06,0.012552349,0.6521224975585938
2024-07-07 23:00:00,0.0,-2.080422855591774,9.58553011462555e-06,0.012552349,0.6048164367675781
2024-07-08 00:00:00,0.0,-1.9044789220209815,9.58553011462555e-06,0.011055041,0.6192245483398438
2024-07-08 01:00:00,0.0,-1.835250677806859,9.58553011462555e-06,0.01694981,0.6147384643554688
2024-07-08 02:00:00,0.0,2.396998028776519,9.58553011462555e-06,0.01694981,0.456573486328125
2024-07-08 03:00:00,0.0,5.298105965109732,9.58553011462555e-06,0.018447118,0.3037528991699219
2024-07-08 04:00:00,0.0,5.1678521648873375,9.58553011462555e-06,0.018447118,-0.10136032104492188
2024-07-08 05:00:00,0.0,6.390439942674629,0.00021262846945775286,0.012722589,-0.4480400085449219
2024-07-08 06:00:00,12.51,9.129872111016134,12.385538353339443,12.127928,10.8116455078125
2024-07-08 07:00:00,38.18,33.84007128542162,41.125351628677834,39.15866,37.82331848144531
2024-07-08 08:00:00,73.44600000000001,65.92714557964561,70.81291050151222,71.156105,78.40165710449219
2024-07-08 09:00:00,96.4,101.87093149630417,101.70191893567993,102.16166,98.89434814453125
2024-07-08 10:00:00,120.934,115.76677706365712,116.69746285040223,112.95952,121.94532775878906
2024-07-08 11:00:00,125.29000000000002,132.3716620701549,122.99647398444034,122.15587,114.93717193603516
2024-07-08 12:00:00,138.54000000000002,125.54222244949148,120.28874575493455,117.09235,123.26608276367188
2024-07-08 13:00:00,133.37,127.52122201846271,116.04096689970794,119.228096,109.23654174804688
2024-07-08 14:00:00,126.84000000000002,108.4651376960067,107.3147735548311,109.333046,90.83721923828125
2024-07-08 15:00:00,93.13,92.27619921547668,94.97492547308663,98.78212,65.82193756103516
2024-07-08 16:00:00,61.524,55.79066899407136,57.15826352696107,57.17697,43.636260986328125
2024-07-08 17:00:00,29.114,31.603929928971525,29.824016700166403,31.143442,21.85854148864746
2024-07-08 18:00:00,6.300000000000001,8.803710037916524,6.044393878361607,5.5834103,3.924072265625
2024-07-08 19:00:00,0.0,-6.251567692941037,9.58553011462555e-06,0.09610354,0.44106292724609375
2024-07-08 20:00:00,0.0,-3.595720090600313,9.58553011462555e-06,0.016156355,0.045673370361328125
2024-07-08 21:00:00,0.0,-3.3368914044770497,9.58553011462555e-06,0.014763983,-0.038524627685546875
2024-07-08 22:00:00,0.0,-1.9159955315777717,9.58553011462555e-06,0.0060130483,-0.0238189697265625
2024-07-08 23:00:00,0.0,0.7975821600253665,9.58553011462555e-06,0.0013423446,0.05046844482421875
2024-07-09 00:00:00,0.0,4.054798202817377,9.58553011462555e-06,0.0028396528,0.12481689453125
2024-07-09 01:00:00,0.0,1.1761736661367284,9.58553011462555e-06,0.007678908,0.20105743408203125
2024-07-09 02:00:00,0.0,3.1441852734267215,9.58553011462555e-06,0.007678908,-0.2309722900390625
2024-07-09 03:00:00,0.0,1.4339858772448206,9.58553011462555e-06,0.0017583179,-0.6775741577148438
2024-07-09 04:00:00,0.0,3.597236902309737,9.58553011462555e-06,0.005347779,-0.8968582153320312
2024-07-09 05:00:00,0.0,6.390284932556979,0.0004545364033223893,0.013972865,-0.5211334228515625
2024-07-09 06:00:00,12.776000000000002,10.47821120230741,12.429722836755548,12.228197,6.732393264770508
2024-07-09 07:00:00,40.304,36.73394044469611,41.58156277166472,40.10119,34.80799865722656
2024-07-09 08:00:00,74.24600000000001,71.73229905266044,74.94010454746208,74.437996,75.61184692382812
2024-07-09 09:00:00,104.506,105.48080487983205,103.89861420103153,105.87385,104.15132141113281
2024-07-09 10:00:00,122.624,127.99923324264208,127.37162490752074,126.437225,125.0759048461914
2024-07-09 11:00:00,118.976,134.8924118691046,132.07418615935563,133.63849,131.223388671875
2024-07-09 12:00:00,118.794,118.27368614609941,120.99298267747699,123.8964,128.0029296875
2024-07-09 13:00:00,101.796,108.0773339681599,108.80140750066481,106.60151,110.51726531982422
2024-07-09 14:00:00,77.94,81.34253156491809,92.08155538102686,94.95945,92.92666625976562
2024-07-09 15:00:00,84.56,53.28479998216751,50.474567444142124,40.60412,66.93551635742188
2024-07-09 16:00:00,54.58,59.55468135158447,57.58280402595492,56.428818,44.293739318847656
2024-07-09 17:00:00,29.460000000000004,26.72553943975582,28.619029961523253,30.487797,30.139394760131836
2024-07-09 18:00:00,6.224,8.685399531603156,7.056198636772558,6.222805,8.436176300048828
2024-07-09 19:00:00,0.0,-6.4929038500627,9.58553011462555e-06,0.0912073,0.947601318359375
2024-07-09 20:00:00,0.0,-3.5201451688439005,9.58553011462555e-06,0.027017916,-0.0965423583984375
2024-07-09 21:00:00,0.0,-2.0131818947473628,9.58553011462555e-06,0.014693866,-0.0541534423828125
2024-07-09 22:00:00,0.0,-3.743524306232514,9.58553011462555e-06,0.013739872,0.17407989501953125
2024-07-09 23:00:00,0.0,-1.6717499650649428,9.58553011462555e-06,0.016774045,0.18544769287109375
2024-07-10 00:00:00,0.0,1.0588982076751057,9.58553011462555e-06,0.018271353,0.23346710205078125
2024-07-10 01:00:00,0.0,-0.8723377284518703,9.58553011462555e-06,0.03430316,0.3159599304199219
2024-07-10 02:00:00,0.0,2.962427885410129,9.58553011462555e-06,0.013255316,0.0237274169921875
2024-07-10 03:00:00,0.0,5.795609511063191,9.58553011462555e-06,0.0017583179,-0.4494209289550781
2024-07-10 04:00:00,0.0,4.464304458479225,9.58553011462555e-06,0.0012908971,-1.0209197998046875
2024-07-10 05:00:00,0.0,6.808628069685529,0.0004545364033223893,0.004237093,-0.6516685485839844
2024-07-10 06:00:00,10.966,9.642185336747836,11.006898212964098,11.036383,6.575916290283203
2024-07-10 07:00:00,33.296,31.712143572497432,34.80405959975832,34.636166,27.169723510742188
2024-07-10 08:00:00,62.77000000000001,60.90367460893575,62.241117710414095,62.701977,66.1909408569336
2024-07-10 09:00:00,100.45,91.43807354593301,90.27954318767193,91.66021,91.29154968261719
2024-07-10 10:00:00,132.006,125.53726503647994,124.44002093569517,123.2128,115.99806213378906
2024-07-10 11:00:00,134.116,147.37021643665167,142.4162427197187,142.45631,131.92587280273438
2024-07-10 12:00:00,132.376,132.34110493117456,136.85700396340317,131.29414,127.57559204101562
2024-07-10 13:00:00,128.94400000000002,117.56503469292034,121.66661906108173,122.76964,101.97036743164062
2024-07-10 14:00:00,113.034,106.28937346123294,103.67984323192564,104.30625,91.00243377685547
2024-07-10 15:00:00,90.954,81.39283833627348,84.64977643386663,85.91873,72.0272216796875
2024-07-10 16:00:00,63.7,57.07165662665032,59.15597635795036,57.554398,46.92357635498047
2024-07-10 17:00:00,35.054,32.61447404886665,31.827326372994634,31.344229,25.449871063232422
2024-07-10 18:00:00,7.390000000000001,12.24255534637927,7.466290286611209,7.333297,4.540092468261719
2024-07-10 19:00:00,0.0,-4.10187363775723,8.555871417944258e-06,0.048046585,0.3588371276855469
2024-07-10 20:00:00,0.0,-1.8471307854671393,9.58553011462555e-06,0.0070219883,0.15561676025390625
2024-07-10 21:00:00,0.0,-1.1966348167369274,9.58553011462555e-06,0.022374453,0.27092742919921875
2024-07-10 22:00:00,0.0,-3.114970102541163,9.58553011462555e-06,0.022374453,0.2774200439453125
2024-07-10 23:00:00,0.0,-2.1168643501431803,9.58553011462555e-06,0.011243887,0.24808502197265625
2024-07-11 00:00:00,0.0,1.5575118304099806,9.58553011462555e-06,0.011243887,0.2814216613769531
2024-07-11 01:00:00,0.0,0.8042096377898673,9.58553011462555e-06,0.014403531,0.2975425720214844
2024-07-11 02:00:00,0.0,3.052095899700433,9.58553011462555e-06,0.012906224,-0.14247894287109375
2024-07-11 03:00:00,0.0,3.72445973901835,9.58553011462555e-06,0.02443854,-0.7592658996582031
2024-07-11 04:00:00,0.0,4.76266376293006,9.58553011462555e-06,0.032287553,-0.6323356628417969
2024-07-11 05:00:00,0.0,6.70256422836299,0.03976871862345519,0.03822837,0.06325912475585938
2024-07-11 06:00:00,10.316,10.48280318027966,12.878483371793735,13.192776,10.40556526184082
2024-07-11 07:00:00,29.14,32.39175084064178,30.81302396580782,33.83976,38.405494689941406
2024-07-11 08:00:00,52.276,58.235460668507166,55.402902260452535,55.33327,69.14734649658203
2024-07-11 09:00:00,85.066,80.40468442455753,75.57773625705633,80.80773,96.57035064697266
2024-07-11 10:00:00,120.75,109.22239828789091,109.37801378492257,105.89426,116.94168853759766
2024-07-11 11:00:00,153.65,138.45055881719642,139.81236718372642,140.61569,130.19851684570312
2024-07-11 12:00:00,144.01,161.69823839827777,154.46157205927477,155.52086,130.51547241210938
2024-07-11 13:00:00,134.05,131.63440793056668,135.59410046201774,133.81317,119.9189682006836
2024-07-11 14:00:00,111.32,111.85206914655066,111.58009526034715,110.6738,88.01640319824219
2024-07-11 15:00:00,91.104,81.89747571362082,80.21592649725591,83.91079,79.90780639648438
2024-07-11 16:00:00,66.04,60.758027321106546,58.01631128049,56.733345,50.377052307128906
2024-07-11 17:00:00,31.246,37.54528759869265,33.345088495165925,31.761478,27.4384765625
2024-07-11 18:00:00,6.46,9.353621359829294,6.755560182473959,7.252759,7.553628921508789
2024-07-11 19:00:00,0.0,-2.948677292182641,9.58553011462555e-06,-0.24681361,0.7772102355957031
2024-07-11 20:00:00,0.0,-2.364722153029888,9.58553011462555e-06,-0.046784263,0.4031791687011719
2024-07-11 21:00:00,0.0,-1.382476092469867,9.58553011462555e-06,0.01169142,0.42374420166015625
2024-07-11 22:00:00,0.0,-1.1233697030046255,9.58553011462555e-06,0.032014947,0.39620208740234375
2024-07-11 23:00:00,0.0,-0.27219055848653806,9.58553011462555e-06,0.012705622,0.35266876220703125
2024-07-12 00:00:00,0.0,0.14767571518048328,9.58553011462555e-06,0.01244125,0.382080078125
2024-07-12 01:00:00,0.0,-0.1170506680744543,9.58553011462555e-06,0.048644077,0.4123077392578125
2024-07-12 02:00:00,0.0,1.8098742261194571,9.58553011462555e-06,0.038537465,-0.11403274536132812
2024-07-12 03:00:00,0.0,3.752099216758669,9.58553011462555e-06,0.034925386,-0.3178558349609375
2024-07-12 04:00:00,0.0,4.892392216616699,9.58553011462555e-06,0.026513193,-0.5846710205078125
2024-07-12 05:00:00,0.0,6.238155076691902,0.012235580317843503,-0.009127612,-1.1226539611816406
2024-07-12 06:00:00,6.09,10.618812714309833,10.768448916909936,11.273288,6.291229248046875
2024-07-12 07:00:00,16.994,25.890448829013792,20.889053333333337,20.030586,31.006290435791016
2024-07-12 08:00:00,35.19,40.120966169079,33.29885455523711,33.498028,54.97315216064453
2024-07-12 09:00:00,63.88400000000001,57.99744052761998,58.95757901346571,58.688725,64.2021713256836
2024-07-12 10:00:00,109.22,85.61857223910727,91.62499268600841,88.86817,91.56633758544922
2024-07-12 11:00:00,109.344,129.875583200192,126.18767885795687,127.81689,108.7525405883789
2024-07-12 12:00:00,68.94600000000001,113.72986400483194,111.02498632090077,116.35793,127.64623260498047
2024-07-12 13:00:00,54.04,62.54080756537103,83.56059704958611,74.48338,101.24421691894531
2024-07-12 14:00:00,17.524,51.17315760212028,58.09100816666666,59.520874,57.39923858642578
2024-07-12 15:00:00,9.706,13.485945238379088,14.97548440767245,14.959158,44.236106872558594
2024-07-12 16:00:00,9.48,9.755803016052408,8.634577564102566,11.490482,27.58894157409668
2024-07-12 17:00:00,8.5,7.25702409596186,8.314055370215412,8.120936,11.679101943969727
2024-07-12 18:00:00,2.664,6.392132411141958,2.525396187511336,3.399654,2.545135498046875
2024-07-12 19:00:00,0.0,2.3476034624310085,9.58553011462555e-06,0.047350146,0.2972450256347656
2024-07-12 20:00:00,0.0,1.454129990535625,9.58553011462555e-06,0.030891586,-0.177093505859375
2024-07-12 21:00:00,0.0,2.0675848539522583,9.58553011462555e-06,-0.012262076,-0.04654693603515625
2024-07-12 22:00:00,0.0,-0.024282616129067236,9.58553011462555e-06,0.015318009,0.22743606567382812
2024-07-12 23:00:00,0.0,-3.8644742012500357,9.58553011462555e-06,0.002418349,0.3352813720703125
2024-07-13 00:00:00,0.0,-5.584777723111482,9.58553011462555e-06,0.002418349,0.39690399169921875
2024-07-13 01:00:00,0.0,-5.555338568064767,9.58553011462555e-06,0.0087549165,0.4293479919433594
2024-07-13 02:00:00,0.0,-4.826116940885114,9.58553011462555e-06,0.010741963,0.10863876342773438
2024-07-13 03:00:00,0.0,-0.891066071700811,9.58553011462555e-06,0.009244655,0.00634765625
2024-07-13 04:00:00,0.0,1.1981230977027382,9.58553011462555e-06,0.009063746,-0.6711311340332031
2024-07-13 05:00:00,0.0,2.9869085289013455,0.019839615589547104,0.022919033,-0.863311767578125
2024-07-13 06:00:00,10.644,5.065163112805704,9.012878219537715,8.049588,3.6654014587402344
2024-07-13 07:00:00,30.986000000000004,27.698052468274312,33.51775032164265,31.363619,21.128368377685547
2024-07-13 08:00:00,58.98400000000001,53.2970032311674,56.649636930335554,56.465996,64.1546630859375
2024-07-13 09:00:00,88.71600000000001,83.17978239036546,93.02146051377564,91.62676,84.80647277832031
2024-07-13 10:00:00,110.24,106.36962970003137,103.86861710930431,106.37047,106.77574157714844
2024-07-13 11:00:00,122.66,117.89620577926419,113.89673593353668,117.57161,116.66202545166016
2024-07-13 12:00:00,135.68,120.57658810748885,115.04377728447157,121.919365,113.15747833251953
2024-07-13 13:00:00,127.666,122.20496090203608,117.88118470088003,120.070335,103.20140838623047
2024-07-13 14:00:00,101.434,100.4019150696661,97.97846157014976,97.37051,91.22813415527344
2024-07-13 15:00:00,83.36000000000001,68.75945631125308,70.2355252412093,69.27575,66.3679428100586
2024-07-13 16:00:00,50.124,53.250895956569025,51.08833611258642,54.62389,40.62175750732422
2024-07-13 17:00:00,23.976,25.22676422081055,24.523153017677693,24.2745,22.952836990356445
2024-07-13 18:00:00,4.37,9.448837105989153,5.101948364829502,4.785435,2.9319496154785156
2024-07-13 19:00:00,0.0,-2.642602006199937,9.58553011462555e-06,0.0536585,0.2722206115722656
2024-07-13 20:00:00,0.0,-1.4472973053399851,9.58553011462555e-06,0.0046496983,0.33984375
2024-07-13 21:00:00,0.0,-1.5166510823103687,9.58553011462555e-06,0.0051561613,0.4195747375488281
2024-07-13 22:00:00,0.0,-2.5173017562791973,9.58553011462555e-06,0.0027048597,0.3843994140625
2024-07-13 23:00:00,0.0,0.42365915812036015,9.58553011462555e-06,0.021501603,0.3646278381347656
2024-07-14 00:00:00,0.0,2.8416172068131846,9.58553011462555e-06,0.021501603,0.4114036560058594
2024-07-14 01:00:00,0.0,-0.7336628538940806,9.58553011462555e-06,0.026599078,0.4568824768066406
2024-07-14 02:00:00,0.0,1.0118076548281447,9.58553011462555e-06,0.026599078,0.10548019409179688
2024-07-14 03:00:00,0.0,3.1783934761840165,9.58553011462555e-06,0.003120834,-0.19055938720703125
2024-07-14 04:00:00,0.0,4.126555754372339,9.58553011462555e-06,0.0046181423,-0.7465438842773438
2024-07-14 05:00:00,0.0,7.503525283303899,5.4033994388827955e-05,0.0005845909,-0.6948089599609375
2024-07-14 06:00:00,9.38,11.561712860264613,10.246476066833617,10.296885,7.081769943237305
2024-07-14 07:00:00,28.564,30.999722868600394,29.05077587308123,29.46499,31.805936813354492
2024-07-14 08:00:00,54.04600000000001,56.602678268501265,53.85815597752193,52.36695,69.3398666381836
2024-07-14 09:00:00,78.54,83.36470476083699,77.7018485789881,78.422195,90.06803894042969
2024-07-14 10:00:00,92.67000000000002,100.10083342276809,96.63253525370477,96.13653,115.0541763305664
2024-07-14 11:00:00,124.0,103.10275509835583,107.88422670103927,110.47969,120.81615447998047
2024-07-14 12:00:00,134.69400000000002,130.27760349530098,122.13496608879124,125.54133,109.08638000488281
2024-07-14 13:00:00,123.3,128.21285561063664,121.42414461344126,124.416985,102.41578674316406
2024-07-14 14:00:00,108.43,100.41001381944108,99.93966302202209,102.33232,83.5336685180664
2024-07-14 15:00:00,57.284000000000006,78.89969475342227,77.17880227093652,77.41299,69.91205596923828
2024-07-14 16:00:00,13.024,30.851164020491062,32.586912910986754,32.01789,44.460262298583984
2024-07-14 17:00:00,20.236000000000004,1.9147437930527396,7.112044106434699,8.10471,20.640464782714844
2024-07-14 18:00:00,4.766,18.727219629117144,4.1129272688378755,3.9058702,3.8331832885742188
2024-07-14 19:00:00,0.0,0.08004416877674991,9.58553011462555e-06,0.04420217,0.5906524658203125
2024-07-14 20:00:00,0.0,0.06942299888509762,9.58553011462555e-06,0.019719206,0.309722900390625
2024-07-14 21:00:00,0.0,-0.5234902594118793,9.58553011462555e-06,0.022720108,0.25899505615234375
2024-07-14 22:00:00,0.0,-0.6138566849237845,9.58553011462555e-06,0.018765211,0.31201934814453125
2024-07-14 23:00:00,0.0,3.0206028655439816,9.58553011462555e-06,0.017849129,0.3680686950683594
2024-07-15 00:00:00,0.0,1.225582916867796,9.58553011462555e-06,0.0017887896,0.39096832275390625
2024-07-15 01:00:00,0.0,-2.469499713728658,9.58553011462555e-06,0.012316343,0.4324836730957031
2024-07-15 02:00:00,0.0,-0.4696782610866288,9.58553011462555e-06,0.012316343,0.27832794189453125
2024-07-15 03:00:00,0.0,-1.6274713122146194,9.58553011462555e-06,0.0047600144,-0.05191802978515625
2024-07-15 04:00:00,0.0,2.230163962513789,9.58553011462555e-06,0.006747062,-0.878204345703125
2024-07-15 05:00:00,0.0,8.97298467322278,5.627044669702245e-05,0.016374346,-0.9720420837402344
2024-07-15 06:00:00,9.64,10.179313447698547,10.621872306311536,9.932103,4.731414794921875
2024-07-15 07:00:00,25.006,30.584669889190465,28.270440851856666,32.176647,27.55109405517578
2024-07-15 08:00:00,47.764,50.07695158209996,48.02900141119597,49.320705,64.9863510131836
2024-07-15 09:00:00,72.96000000000001,73.20833952271994,72.42099159513691,71.284645,77.55587005615234
2024-07-15 10:00:00,118.334,92.34758178769428,94.65479792410224,94.628746,101.37417602539062
2024-07-15 11:00:00,113.244,136.3563854334304,134.13725452904384,133.2555,107.49099731445312
2024-07-15 12:00:00,99.59,113.62071380442228,117.07755750364366,108.74756,127.9212875366211
2024-07-15 13:00:00,118.006,87.69628813022334,98.67698930448874,98.02955,114.08171081542969
2024-07-15 14:00:00,99.924,103.06084210576017,113.48100851508546,108.79801,74.94047546386719
2024-07-15 15:00:00,77.604,70.75469372863773,71.7127966956703,71.311615,57.2609748840332
2024-07-15 16:00:00,60.03,48.565998943537565,50.60670744714022,48.963913,37.21891784667969
2024-07-15 17:00:00,30.83,34.298388580584636,29.92207000566342,31.022243,18.85978126525879
2024-07-15 18:00:00,7.359999999999999,11.033923056608756,7.519902744792066,6.183002,3.4558639526367188
2024-07-15 19:00:00,0.0,-2.9119006863446866,8.555871417944258e-06,0.11992835,-0.01377105712890625
2024-07-15 20:00:00,0.0,-4.394823769385735,9.58553011462555e-06,0.009072875,-0.4015235900878906
2024-07-15 21:00:00,0.0,-2.1570271689968994,9.58553011462555e-06,-0.0047569848,-0.2955818176269531
2024-07-15 22:00:00,0.0,-1.7347163320570846,9.58553011462555e-06,0.01133747,0.03778076171875
2024-07-15 23:00:00,0.0,-3.1815978798637756,9.58553011462555e-06,0.008830507,-0.005702972412109375
2024-07-16 00:00:00,0.0,-0.5111207699536813,9.58553011462555e-06,0.007909778,0.031665802001953125
2024-07-16 01:00:00,0.0,-0.8505335029508743,9.58553011462555e-06,0.016623622,0.08461761474609375
2024-07-16 02:00:00,0.0,-1.2530675074485034,9.58553011462555e-06,0.016623622,-0.13725662231445312
2024-07-16 03:00:00,0.0,1.5273670729272597,9.58553011462555e-06,-0.0073762555,-0.3494682312011719
2024-07-16 04:00:00,0.0,3.576339765550257,9.58553011462555e-06,0.10498442,-0.5960960388183594
2024-07-16 05:00:00,0.0,5.566653364658828,0.0008945364033223892,0.052361254,-0.4563331604003906
2024-07-16 06:00:00,12.03,10.219824671711152,12.173558497103148,11.922718,2.7224655151367188
2024-07-16 07:00:00,34.54,35.56112190716835,37.34119832612259,37.103695,14.124658584594727
2024-07-16 08:00:00,62.59,65.61703786475866,64.2175336484028,63.24317,72.19607543945312
2024-07-16 09:00:00,90.87,91.1958687208313,94.22977806140591,94.353096,104.77289581298828
2024-07-16 10:00:00,120.9,113.74438844214214,105.15213103861555,105.78208,130.34527587890625
2024-07-16 11:00:00,118.56,135.30628708318991,128.81389993956319,130.11613,138.3582000732422
2024-07-16 12:00:00,124.49,117.39645418197142,117.13964205838515,116.90229,138.32870483398438
2024-07-16 13:00:00,106.63,109.90332714213125,115.18339539754805,112.78414,108.46865844726562
2024-07-16 14:00:00,84.61000000000001,82.51136794104863,89.89856166104354,91.37426,89.26075744628906
2024-07-16 15:00:00,46.824000000000005,59.12159263222262,57.42073548635855,50.78319,59.87837219238281
2024-07-16 16:00:00,51.55,25.813669351873106,25.261100868695298,27.648401,29.427383422851562
2024-07-16 17:00:00,27.72,34.86250272443504,24.922229543122313,26.270208,11.811922073364258
2024-07-16 18:00:00,7.540000000000001,9.960711253264666,6.049621066401803,5.889891,2.164600372314453
2024-07-16 19:00:00,0.0,-2.178036683093307,0.0790959879482768,0.36072212,0.24562454223632812
2024-07-16 20:00:00,0.0,-0.96175160106083,9.58553011462555e-06,0.010227859,0.0543365478515625
2024-07-16 21:00:00,0.0,0.35754146649491236,9.58553011462555e-06,0.0009725531,0.115264892578125
2024-07-16 22:00:00,0.0,-0.7888749517592561,9.58553011462555e-06,0.0017956477,0.18537139892578125
2024-07-16 23:00:00,0.0,-3.698515670976739,9.58553011462555e-06,-0.014298806,0.24631881713867188
2024-07-17 00:00:00,0.0,-1.0068884767176387,9.58553011462555e-06,0.010943942,0.2708625793457031
2024-07-17 01:00:00,0.0,-2.958412754487886,9.58553011462555e-06,0.030158889,0.32514190673828125
2024-07-17 02:00:00,0.0,1.386248956310296,9.58553011462555e-06,0.2065204,0.0110321044921875
2024-07-17 03:00:00,0.0,3.7000836104199255,9.58553011462555e-06,0.10008387,-0.011386871337890625
2024-07-17 04:00:00,0.0,8.354150700198856,9.58553011462555e-06,-0.004147061,-0.43303680419921875
2024-07-17 05:00:00,0.0,7.004485321583591,0.0004545364033223893,-0.078182325,-0.45072174072265625
2024-07-17 06:00:00,11.644,10.365652677230749,12.421951247152483,12.799306,2.635608673095703
2024-07-17 07:00:00,33.354000000000006,34.540275822277906,37.087296526379816,36.693653,21.332059860229492
2024-07-17 08:00:00,63.55,61.16400410420159,61.938400479255876,63.306843,68.092529296875
2024-07-17 09:00:00,83.866,91.12291054148068,95.86892438080935,94.02045,94.80656433105469
2024-07-17 10:00:00,100.37,101.9090507300213,101.24821558185685,97.04069,123.58671569824219
2024-07-17 11:00:00,128.0,109.22492843114702,113.84954989744234,109.565475,118.41403198242188
2024-07-17 12:00:00,140.92000000000002,133.46904015410598,123.1610939304151,131.25159,118.9391860961914
2024-07-17 13:00:00,124.284,133.54993651582268,127.47159082530524,131.52008,120.45448303222656
2024-07-17 14:00:00,105.58,99.48964015993454,105.60694220166577,107.015045,99.40463256835938
2024-07-17 15:00:00,92.846,76.66316135898916,72.25768444500221,77.85905,73.36235046386719
2024-07-17 16:00:00,60.846,63.38562333430159,57.23102211414308,59.550697,46.90146255493164
2024-07-17 17:00:00,29.036,32.6981616325349,30.463647787409442,30.918823,28.517047882080078
2024-07-17 18:00:00,6.994,9.40918083633699,6.007023189636333,5.7305856,6.164512634277344
2024-07-17 19:00:00,0.0,-4.361122420280597,9.58553011462555e-06,0.048044637,0.5982513427734375
2024-07-17 20:00:00,0.0,-3.908576023444499,9.58553011462555e-06,0.0056731845,0.20266342163085938
2024-07-17 21:00:00,0.0,-3.0528209107981406,9.58553011462555e-06,0.0142998,0.21713638305664062
2024-07-17 22:00:00,0.0,-3.0479840651538597,9.58553011462555e-06,0.012802492,0.18694686889648438
2024-07-17 23:00:00,0.0,0.836857226641726,9.58553011462555e-06,-0.009986327,0.1915130615234375
2024-07-18 00:00:00,0.0,2.271610416574923,9.58553011462555e-06,0.0023331856,0.22547531127929688
2024-07-18 01:00:00,0.0,-0.8101839938208624,9.58553011462555e-06,0.007678908,0.2794303894042969
2024-07-18 02:00:00,0.0,2.5290594826685027,9.58553011462555e-06,0.007701228,-0.09908294677734375
2024-07-18 03:00:00,0.0,4.07036962853566,9.58553011462555e-06,-0.00020641141,-0.3359222412109375
2024-07-18 04:00:00,0.0,4.429461243392401,9.58553011462555e-06,0.011026664,-0.7254295349121094
2024-07-18 05:00:00,0.0,7.083236680597269,0.0004545364033223893,0.061394986,-0.5948104858398438
2024-07-18 06:00:00,11.694,11.723206176577495,12.155187723508194,11.265621,3.7666244506835938
2024-07-18 07:00:00,39.93000000000001,33.95075192307146,37.16899279008235,36.65577,24.958452224731445
2024-07-18 08:00:00,71.51,70.2969351308823,75.23396124533635,74.43001,74.03753662109375
2024-07-18 09:00:00,76.19600000000001,101.05791808294074,99.75817615366981,102.89558,109.45927429199219
2024-07-18 10:00:00,105.47,92.4838046440845,95.72960448089162,97.5992,124.58454895019531
2024-07-18 11:00:00,123.924,119.11677575676018,119.15371295184275,116.14623,107.07615661621094
2024-07-18 12:00:00,118.53,129.17055532345856,121.5382926377153,125.94959,116.45551300048828
2024-07-18 13:00:00,104.26600000000002,107.2730765011529,110.58231442171183,114.83867,117.5650863647461
2024-07-18 14:00:00,98.05,84.08997177138443,90.46934651192713,93.392426,96.62383270263672
2024-07-18 15:00:00,77.116,72.75259275261178,73.55989898239561,78.8604,66.41455841064453
2024-07-18 16:00:00,54.06,48.01638238619486,52.51566054913997,54.955486,43.21410369873047
2024-07-18 17:00:00,28.286,27.131049728176436,27.69969029195802,28.457756,23.2677001953125
2024-07-18 18:00:00,7.41,7.438769308113908,6.052254525540962,5.7681756,4.161029815673828
2024-07-18 19:00:00,0.0,-4.583960735376434,0.02504055587141794,0.15154727,0.08023834228515625
2024-07-18 20:00:00,0.0,-3.5414851162145116,9.58553011462555e-06,0.019946381,-0.45706939697265625
2024-07-18 21:00:00,0.0,-3.8274141213244697,9.58553011462555e-06,0.009372735,-0.40584564208984375
2024-07-18 22:00:00,0.0,-2.3541989472408864,9.58553011462555e-06,-0.023120299,-0.06151580810546875
2024-07-18 23:00:00,0.0,-0.8882533653925577,9.58553011462555e-06,0.0044034813,0.09645843505859375
2024-07-19 00:00:00,0.0,0.43035017419149835,9.58553011462555e-06,-0.0033232463,0.1112060546875
2024-07-19 01:00:00,0.0,-0.09104770723763256,9.58553011462555e-06,0.02543924,0.10871505737304688
2024-07-19 02:00:00,0.0,2.978041887566137,9.58553011462555e-06,0.032490738,-0.1317138671875
2024-07-19 03:00:00,0.0,2.261985810365074,9.58553011462555e-06,0.032490738,-0.6397628784179688
2024-07-19 04:00:00,0.0,3.7091580697925792,9.58553011462555e-06,0.032490738,-1.1008415222167969
2024-07-19 05:00:00,0.0,5.451525059494447,0.0004545364033223893,0.03138005,-0.49648284912109375
2024-07-19 06:00:00,7.18,10.02525944526515,11.476630414066642,12.455439,5.75543212890625
2024-07-19 07:00:00,20.436000000000003,29.044819410115664,22.246619333333346,20.708801,22.452239990234375
2024-07-19 08:00:00,43.11000000000001,48.307311229550784,39.13983931024881,36.3369,54.46197509765625
2024-07-19 09:00:00,53.98,71.25994162454106,65.0292730813986,67.41641,71.98137664794922
2024-07-19 10:00:00,82.016,73.45562479007054,72.61859118256297,67.48826,107.88267517089844
2024-07-19 11:00:00,100.41,97.64098849923926,85.7432814715522,88.68116,108.0726089477539
2024-07-19 12:00:00,115.03,107.90482167880458,95.52373013925445,101.927315,119.41948699951172
2024-07-19 13:00:00,129.244,111.39479671627015,98.75407801648655,106.30382,106.2021713256836
2024-07-19 14:00:00,109.44,116.18821635928924,101.93742570165881,110.853966,71.39796447753906
2024-07-19 15:00:00,80.15,82.00446594304293,77.68054796296293,82.3483,59.22052001953125
2024-07-19 16:00:00,48.864,52.01195510925443,51.872997075119905,52.053413,39.16257858276367
2024-07-19 17:00:00,24.386000000000003,25.901886814801923,23.213379642303074,22.406273,16.27301788330078
2024-07-19 18:00:00,4.98,9.668550898673507,5.356478784367237,5.3342605,2.680591583251953
2024-07-19 19:00:00,0.0,-2.2834158396828936,9.58553011462555e-06,0.15708119,0.2159423828125
2024-07-19 20:00:00,0.0,-2.4734221206485736,9.58553011462555e-06,-0.2149484,0.11251449584960938
2024-07-19 21:00:00,0.0,-2.648044508111087,9.58553011462555e-06,0.02699568,0.040416717529296875
2024-07-19 22:00:00,0.0,-1.5786655830560186,9.58553011462555e-06,4.9650553e-06,0.04695892333984375
2024-07-19 23:00:00,0.0,-0.08708841166401005,9.58553011462555e-06,4.9650553e-06,0.06782150268554688
2024-07-20 00:00:00,0.0,2.6018232149625735,9.58553011462555e-06,-0.046190858,0.10432815551757812
2024-07-20 01:00:00,0.0,1.6253903698659178,9.58553011462555e-06,-0.014938347,0.16357803344726562
2024-07-20 02:00:00,0.0,1.145553515511013,9.58553011462555e-06,-0.0070307082,-0.17694091796875
2024-07-20 03:00:00,0.0,1.8044674942141565,9.58553011462555e-06,-0.009017754,-0.433349609375
2024-07-20 04:00:00,0.0,3.5631656993083425,9.58553011462555e-06,-0.066965096,-0.9256553649902344
2024-07-20 05:00:00,0.0,5.607106800500134,0.0004565482534858677,0.037205525,-1.1893653869628906
2024-07-20 06:00:00,9.4,8.287050762291145,9.40667241841574,10.198908,2.9802474975585938
2024-07-20 07:00:00,21.66,28.204635890309646,29.53977111012934,33.038467,19.4969482421875
2024-07-20 08:00:00,37.080000000000005,45.037215213080444,39.54774014925621,38.820305,64.13203430175781
2024-07-20 09:00:00,53.18,60.553154358234046,59.31045551030041,59.440823,82.69107055664062
2024-07-20 10:00:00,70.784,72.92692854974734,70.65672572639997,68.529,97.0040283203125
2024-07-20 11:00:00,84.81,84.38187870792274,70.99816954750452,72.56055,103.55699157714844
2024-07-20 12:00:00,98.67000000000002,91.27645191080649,82.06719108351653,85.23043,105.5513687133789
2024-07-20 13:00:00,84.87,96.88687055509797,87.57650449364273,94.10423,93.38755798339844
2024-07-20 14:00:00,77.20400000000001,70.21661159105327,79.42167154841866,77.07007,83.6978759765625
2024-07-20 15:00:00,57.516,59.12020120433028,56.472753208436,60.53245,60.26820373535156
2024-07-20 16:00:00,36.080000000000005,36.75664776875448,35.0379639469634,35.67269,38.133888244628906
2024-07-20 17:00:00,19.0,17.615663060012743,18.044666236314686,18.139223,17.125293731689453
2024-07-20 18:00:00,4.496,5.468546618813505,4.115178681956706,3.7467582,3.107013702392578
2024-07-20 19:00:00,0.0,-4.585687115760712,9.58553011462555e-06,-0.19713254,0.12703704833984375
2024-07-20 20:00:00,0.0,-2.8356021416649884,9.58553011462555e-06,0.01323975,-0.3057403564453125
2024-07-20 21:00:00,0.0,-2.648257879926363,9.58553011462555e-06,-0.007233921,-0.2512550354003906
2024-07-20 22:00:00,0.0,-2.093663677648707,9.58553011462555e-06,-0.00017594435,-0.06746292114257812
2024-07-20 23:00:00,0.0,-0.1370277645145439,9.58553011462555e-06,-0.00017594435,-0.003326416015625
2024-07-21 00:00:00,0.0,1.5067026758114075,9.58553011462555e-06,-0.025096543,-0.013553619384765625
2024-07-21 01:00:00,0.0,-2.2764190642536692,9.58553011462555e-06,0.007653278,-0.020233154296875
2024-07-21 02:00:00,0.0,0.7321663316468605,9.58553011462555e-06,0.03396314,-0.43222808837890625
2024-07-21 03:00:00,0.0,0.8148124064671443,9.58553011462555e-06,0.013207473,-0.7792434692382812
2024-07-21 04:00:00,0.0,3.446218798083983,9.58553011462555e-06,0.12617882,-1.2100753784179688
2024-07-21 05:00:00,0.0,6.59461273389268,5.611019028676604e-05,0.43618047,-1.3766708374023438
2024-07-21 06:00:00,4.784000000000001,10.309863550543799,9.311559440432598,8.665593,2.8022079467773438
2024-07-21 07:00:00,13.956,25.848808580258524,18.26221640384615,19.969551,22.992277145385742
2024-07-21 08:00:00,29.49,38.42558147613335,31.811902251265902,26.483559,37.15082931518555
2024-07-21 09:00:00,44.354000000000006,54.64923192254571,46.88035307720233,47.09292,51.274757385253906
2024-07-21 10:00:00,79.80000000000001,64.60755144419795,58.38854992983815,60.421284,72.58718872070312
2024-07-21 11:00:00,98.624,99.92963245494343,86.21594776664121,88.40147,80.8765869140625
2024-07-21 12:00:00,96.746,109.16020336625093,100.11861127882017,101.15473,98.08590698242188
2024-07-21 13:00:00,85.55000000000001,91.16258674569545,95.74217474284636,94.669266,94.25421142578125
2024-07-21 14:00:00,66.866,72.12947803424049,78.34978473259224,80.34794,80.896484375
2024-07-21 15:00:00,48.564,49.616065110234956,49.61892036315983,54.100742,68.6612319946289
2024-07-21 16:00:00,34.746,31.730732173387693,34.464016179947095,33.502205,52.7681770324707
2024-07-21 17:00:00,20.41,20.25027655540845,18.682264624040055,18.54465,31.599666595458984
2024-07-21 18:00:00,3.74,10.053778879913203,4.2570285066941995,4.2404943,8.654626846313477
2024-07-21 19:00:00,0.0,-1.8426808176084988,9.58553011462555e-06,0.121731095,1.105224609375
2024-07-21 20:00:00,0.0,0.12214300176498227,9.58553011462555e-06,0.047468748,-0.1332855224609375
2024-07-21 21:00:00,0.0,-0.9974667799125916,9.58553011462555e-06,0.021958143,-0.30698394775390625
2024-07-21 22:00:00,0.0,-1.0593143340868636,9.58553011462555e-06,-0.024702149,-0.3234710693359375
2024-07-21 23:00:00,0.0,-2.031673883628801,9.58553011462555e-06,0.008351569,-0.2598762512207031
2024-07-22 00:00:00,0.0,-2.9118547519930833,9.58553011462555e-06,0.009267644,-0.22330856323242188
2024-07-22 01:00:00,0.0,-4.386227294620102,9.58553011462555e-06,0.013056469,-0.20230484008789062
2024-07-22 02:00:00,0.0,-2.7745990217144705,9.58553011462555e-06,0.0051488355,-0.4011497497558594
2024-07-22 03:00:00,0.0,-0.5742220807343177,9.58553011462555e-06,0.007055752,-0.8920669555664062
2024-07-22 04:00:00,0.0,2.005380854786825,9.58553011462555e-06,0.007055752,-0.8656997680664062
2024-07-22 05:00:00,0.0,4.214091423873839,0.012925738281020182,0.010508414,-0.4073829650878906
2024-07-22 06:00:00,4.46,7.4863609443148995,7.165687042420616,6.996589,4.071544647216797
2024-07-22 07:00:00,14.64,20.64327317830987,14.952545285714287,13.7621565,21.77670669555664
2024-07-22 08:00:00,25.700000000000003,35.919302754266454,28.29966657627947,27.976803,47.59502410888672
2024-07-22 09:00:00,38.724,45.783255159206,43.950588970592115,42.45685,58.62335968017578
2024-07-22 10:00:00,47.05,55.21526023674396,58.06435876572375,56.77115,73.19802856445312
2024-07-22 11:00:00,52.400000000000006,56.18761033797882,47.9602876833591,52.03032,79.6868896484375
2024-07-22 12:00:00,41.63,55.54683657239792,57.86531982184627,57.212902,74.84451293945312
2024-07-22 13:00:00,41.224,37.58561008137343,48.76291585778927,49.326546,67.5589370727539
2024-07-22 14:00:00,37.224,35.27243853399932,46.62443104227146,39.62818,50.04108428955078
2024-07-22 15:00:00,33.89,27.33048194268835,29.350361129812722,27.337881,31.02661895751953
2024-07-22 16:00:00,31.610000000000003,21.842080297519374,26.480713750882245,22.392273,15.97368049621582
2024-07-22 17:00:00,16.586000000000002,18.239628693794018,17.671848224706412,17.91198,6.877948760986328
2024-07-22 18:00:00,3.51,5.125236057260254,3.6424795597125295,3.3475525,2.2846908569335938
2024-07-22 19:00:00,0.0,-1.8982521152436362,9.58553011462555e-06,0.0006444512,0.2953605651855469
2024-07-22 20:00:00,0.0,-1.0087809579357812,9.58553011462555e-06,0.019328717,-0.19866180419921875
2024-07-22 21:00:00,0.0,-1.4967266267386634,9.58553011462555e-06,0.01244125,-0.045177459716796875
2024-07-22 22:00:00,0.0,-3.773052732114934,9.58553011462555e-06,0.010943942,0.2808952331542969
2024-07-22 23:00:00,0.0,-4.34161092796634,9.58553011462555e-06,0.04418561,0.3913002014160156
2024-07-23 00:00:00,0.0,-3.9407225783878963,9.58553011462555e-06,0.0426883,0.4087791442871094
2024-07-23 01:00:00,0.0,-3.851371227096403,9.58553011462555e-06,-0.10463441,0.4163818359375
2024-07-23 02:00:00,0.0,-0.1503414704948698,9.58553011462555e-06,0.051334377,0.15348434448242188
2024-07-23 03:00:00,0.0,2.1741528635094287,9.58553011462555e-06,0.051334377,0.059543609619140625
2024-07-23 04:00:00,0.0,4.190766934816045,9.58553011462555e-06,0.054018646,-0.3116302490234375
2024-07-23 05:00:00,0.0,5.363940797774575,0.0004787653586202104,0.059693523,0.17509078979492188
2024-07-23 06:00:00,2.164,8.722073687978229,7.537086996617643,7.085861,8.569616317749023
2024-07-23 07:00:00,4.696000000000001,18.240417499006465,9.115301666666664,8.958029,26.229652404785156
2024-07-23 08:00:00,8.824,23.521807710811615,10.936777650489399,7.7934036,36.61019515991211
2024-07-23 09:00:00,9.48,27.249231111758213,19.100795654006532,19.899693,32.6771240234375
2024-07-23 10:00:00,9.524,23.696992370130168,20.185664028722247,22.273306,43.02175521850586
2024-07-23 11:00:00,9.8,18.80767199507506,20.385557435068623,27.466373,41.29655838012695
2024-07-23 12:00:00,17.34,15.200773405621838,20.52982283302781,17.582619,39.30746841430664
2024-07-23 13:00:00,28.196,20.65135588778048,25.98097612190626,17.394842,34.515560150146484
2024-07-23 14:00:00,25.764,29.85723883260757,33.524330980893865,35.05779,31.724388122558594
2024-07-23 15:00:00,37.476,22.154146160464027,25.018258709016422,23.732487,24.575824737548828
2024-07-23 16:00:00,31.430000000000003,32.75062458074048,30.454921347575173,30.284601,16.821002960205078
2024-07-23 17:00:00,15.94,22.69192640087206,18.190099239864367,21.433325,8.651145935058594
2024-07-23 18:00:00,1.74,8.298125339169763,3.6023966563278305,3.4517162,3.2579193115234375
2024-07-23 19:00:00,0.0,-0.905369143984128,9.58553011462555e-06,0.011173841,0.8701896667480469
2024-07-23 20:00:00,0.0,0.8111518148786061,9.58553011462555e-06,-0.019579986,0.16629791259765625
2024-07-23 21:00:00,0.0,-1.7172291789826506,9.58553011462555e-06,0.032545716,0.0853729248046875
2024-07-23 22:00:00,0.0,-3.4318758576919794,9.58553011462555e-06,0.011243887,0.15811920166015625
2024-07-23 23:00:00,0.0,-2.6502168493704064,9.58553011462555e-06,0.009746579,0.20924758911132812
2024-07-24 00:00:00,0.0,0.3537754948700238,9.58553011462555e-06,0.009746579,0.20831680297851562
2024-07-24 01:00:00,0.0,-0.6423509428309453,9.58553011462555e-06,0.012906224,0.18196487426757812
2024-07-24 02:00:00,0.0,0.8581245071178198,9.58553011462555e-06,0.012906224,-0.045330047607421875
2024-07-24 03:00:00,0.0,1.5023713877920724,9.58553011462555e-06,0.014403531,-0.17090225219726562
2024-07-24 04:00:00,0.0,0.5328426162131992,9.58553011462555e-06,0.014403531,-0.6115608215332031
2024-07-24 05:00:00,0.0,1.0908751875618803,0.00014099500698450958,0.018340576,-0.4675559997558594
2024-07-24 06:00:00,4.876,4.423609983565235,7.012480975748811,5.860152,3.8990936279296875
2024-07-24 07:00:00,13.694,18.449629578304666,17.79815819306861,16.687332,20.23648452758789
2024-07-24 08:00:00,22.47,33.103560230605275,26.739618478684825,27.17722,45.917484283447266
2024-07-24 09:00:00,37.086000000000006,41.31346957276601,39.60199622942664,37.669643,53.459877014160156
2024-07-24 10:00:00,59.67000000000001,53.705948484382596,55.09646351763478,58.86803,65.46815490722656
2024-07-24 11:00:00,86.604,73.44355394550351,70.42754402895963,74.352005,74.9726333618164
2024-07-24 12:00:00,48.754000000000005,96.95899805411565,89.12664982234314,87.80894,77.65069580078125
2024-07-24 13:00:00,48.354000000000006,44.1485765733735,50.25270357142861,57.02588,78.03624725341797
2024-07-24 14:00:00,37.98,45.667033868599376,47.83735828313758,49.415447,61.34189987182617
2024-07-24 15:00:00,17.014,28.447787518513586,29.35312409609877,30.91079,44.68217849731445
2024-07-24 16:00:00,16.336000000000002,8.285375985344249,14.620591798544806,13.048081,29.511425018310547
2024-07-24 17:00:00,9.43,11.623270960910691,8.614202849632214,7.870447,10.503360748291016
2024-07-24 18:00:00,2.154,4.066912367637105,2.333804390820772,2.230074,2.6304168701171875
2024-07-24 19:00:00,0.0,1.9733293658866131,9.58553011462555e-06,0.033264536,0.20733261108398438
2024-07-24 20:00:00,0.0,2.713681023670551,9.58553011462555e-06,-0.01702825,-0.44603729248046875
2024-07-24 21:00:00,0.0,1.3106549801400957,9.58553011462555e-06,0.012199159,-0.4227256774902344
2024-07-24 22:00:00,0.0,0.3103617560950358,9.58553011462555e-06,0.019328717,-0.12993621826171875
2024-07-24 23:00:00,0.0,-1.690980809131716,9.58553011462555e-06,0.010292242,0.04409027099609375
2024-07-25 00:00:00,0.0,-5.472509113791939,9.58553011462555e-06,0.010943942,0.17535400390625
2024-07-25 01:00:00,0.0,-4.406678228839766,9.58553011462555e-06,0.015600887,0.2848052978515625
2024-07-25 02:00:00,0.0,-3.824935765945828,9.58553011462555e-06,0.020345077,0.08154678344726562
2024-07-25 03:00:00,0.0,-2.8184980398904513,9.58553011462555e-06,0.087868385,-0.04262542724609375
2024-07-25 04:00:00,0.0,0.37657892530122883,9.58553011462555e-06,0.087868385,-0.5802879333496094
2024-07-25 05:00:00,0.0,2.796232796394923,0.00014099500698450958,0.018847039,0.12189102172851562
2024-07-25 06:00:00,5.36,7.1835100528546985,7.340806868607078,6.021836,7.8284149169921875
2024-07-25 07:00:00,15.436000000000002,21.65244560746225,18.853909943068608,17.26127,25.909404754638672
2024-07-25 08:00:00,28.380000000000003,38.23610157748517,28.545544367258675,31.278326,58.640167236328125
2024-07-25 09:00:00,49.45400000000001,50.52316153371965,47.284719095999435,48.24614,63.227684020996094
2024-07-25 10:00:00,50.196,67.72875658019902,70.98729888171232,68.52644,80.94638061523438
2024-07-25 11:00:00,56.57000000000001,57.331045450486805,60.373024945903396,59.65773,89.44206237792969
2024-07-25 12:00:00,57.666,58.37007051273094,58.140738285714285,58.106747,75.6148910522461
2024-07-25 13:00:00,45.304,55.12925074149637,59.676711149350666,60.104492,63.83970260620117
2024-07-25 14:00:00,33.62,36.34207988838145,47.19512980742294,46.085262,53.63184356689453
2024-07-25 15:00:00,19.814,22.497831502106617,24.69637487272778,22.793715,35.506507873535156
2024-07-25 16:00:00,14.286,8.123317682208949,19.01000589441945,16.103485,19.1476993560791
2024-07-25 17:00:00,10.65,5.766074277199435,8.692993258400247,8.404633,6.5905609130859375
2024-07-25 18:00:00,2.9600000000000004,4.863920983800686,2.3616898802681057,2.558715,1.6534042358398438
2024-07-25 19:00:00,0.0,-0.3727261288014585,9.58553011462555e-06,-0.008852301,0.1070556640625
2024-07-25 20:00:00,0.0,-0.11405919055919167,9.58553011462555e-06,-0.027757322,-0.3887443542480469
2024-07-25 21:00:00,0.0,-2.8389753673362583,9.58553011462555e-06,-0.019612705,-0.2578163146972656
2024-07-25 22:00:00,0.0,-5.053450465261455,9.58553011462555e-06,0.010943942,0.12871932983398438
2024-07-25 23:00:00,0.0,-2.3610944558062354,9.58553011462555e-06,0.010943942,0.25067901611328125
2024-07-26 00:00:00,0.0,-0.5699609178147496,9.58553011462555e-06,0.01244125,0.26770782470703125
2024-07-26 01:00:00,0.0,-3.2175251169573897,9.58553011462555e-06,0.113907464,0.3004341125488281
2024-07-26 02:00:00,0.0,-1.1926538931699593,9.58553011462555e-06,0.11328481,0.07100677490234375
2024-07-26 03:00:00,0.0,-0.4288868815338649,9.58553011462555e-06,0.10804207,-0.07752609252929688
2024-07-26 04:00:00,0.0,1.6007900987043202,9.58553011462555e-06,0.10605501,-0.469512939453125
2024-07-26 05:00:00,0.0,4.535165661562537,0.00014099500698450958,0.13610885,0.089385986328125
2024-07-26 06:00:00,5.366,8.08068237139635,6.179976690225474,5.99394,5.891826629638672
2024-07-26 07:00:00,20.786,20.95620626902833,18.822935134460543,16.645529,21.468503952026367
2024-07-26 08:00:00,45.214,42.47982993038361,39.531468906399,40.510063,52.98251724243164
2024-07-26 09:00:00,53.696000000000005,68.37232457239656,73.99817891861542,72.070786,72.31459045410156
2024-07-26 10:00:00,41.510000000000005,69.04764359253545,73.99134325782352,74.3804,95.24382019042969
2024-07-26 11:00:00,36.8,47.52577051544894,54.586205849624086,57.405334,90.3187255859375
2024-07-26 12:00:00,46.014,41.908047532548096,48.9784454414244,47.49392,68.95179748535156
2024-07-26 13:00:00,60.23,47.728616646004134,47.988631597716,46.21243,52.435184478759766
2024-07-26 14:00:00,66.55,55.85493717505864,48.77061501178121,46.73244,44.263206481933594
2024-07-26 15:00:00,52.94,52.57750809510321,50.76582553981183,48.024803,32.012725830078125
2024-07-26 16:00:00,31.79,31.55208201504999,35.865823340066456,34.676647,19.372987747192383
2024-07-26 17:00:00,15.42,14.622762716567728,17.625152541470353,17.15106,8.423666000366211
2024-07-26 18:00:00,2.254,4.859795984654806,3.4088694219411635,3.0130937,1.8907890319824219
2024-07-26 19:00:00,0.0,-3.467046203808793,9.58553011462555e-06,-0.080026284,0.2103118896484375
2024-07-26 20:00:00,0.0,-1.6168476067106843,9.58553011462555e-06,-0.038374223,-0.06798553466796875
2024-07-26 21:00:00,0.0,-3.6544104432379068,9.58553011462555e-06,0.018569514,0.06364822387695312
2024-07-26 22:00:00,0.0,-2.8031219493701314,9.58553011462555e-06,0.0019213208,0.22427749633789062
2024-07-26 23:00:00,0.0,0.6874653287684804,9.58553011462555e-06,0.0034186288,0.295013427734375
2024-07-27 00:00:00,0.0,3.457130403569062,9.58553011462555e-06,0.0034186288,0.332977294921875
2024-07-27 01:00:00,0.0,1.352641540402133,9.58553011462555e-06,0.007068013,0.3301200866699219
2024-07-27 02:00:00,0.0,1.5504545115746904,9.58553011462555e-06,-0.0017557002,0.0029754638671875
2024-07-27 03:00:00,0.0,0.3050327583388617,9.58553011462555e-06,0.017886197,-0.11801528930664062
2024-07-27 04:00:00,0.0,1.064526857981213,9.58553011462555e-06,0.016969588,-0.695526123046875
2024-07-27 05:00:00,0.0,3.5913046782786733,0.0003112728137733549,0.052716393,-0.49781036376953125
2024-07-27 06:00:00,7.58,7.390377335379499,6.831656289657698,7.0066566,4.8211517333984375
2024-07-27 07:00:00,20.65,23.34647505258911,22.87352721381562,21.833586,19.67543601989746
2024-07-27 08:00:00,41.46000000000001,40.692599819857456,39.266714603572424,38.196346,65.18934631347656
2024-07-27 09:00:00,68.846,63.280292993112546,64.71135680056688,63.30432,69.54246520996094
2024-07-27 10:00:00,67.62400000000001,90.59609239131757,81.7289809575038,84.057785,89.36659240722656
2024-07-27 11:00:00,39.46000000000001,78.43484447385796,74.62093191401436,84.53448,104.11024475097656
2024-07-27 12:00:00,32.876,43.771073489946524,54.685608754846555,61.257465,91.49288940429688
2024-07-27 13:00:00,47.69,38.511654311787666,49.25106762554736,47.428276,55.79825973510742
2024-07-27 14:00:00,35.74,48.06728188857304,44.91802903339171,42.931538,40.92770767211914
2024-07-27 15:00:00,37.436,25.485017576938656,26.77174605285717,22.20562,45.46278381347656
2024-07-27 16:00:00,25.660000000000004,23.223647554113924,29.41538469306495,28.701218,31.87691879272461
2024-07-27 17:00:00,10.16,10.80196639597931,12.612724437627733,12.312466,18.6007022857666
2024-07-27 18:00:00,1.314,1.702367682245045,2.557782006629577,2.3452442,5.917072296142578
2024-07-27 19:00:00,0.0,-1.1138032269228857,9.58553011462555e-06,-0.0646334,0.9929580688476562
2024-07-27 20:00:00,0.0,-0.09422731203239554,9.58553011462555e-06,-0.0646334,0.3728523254394531
2024-07-27 21:00:00,0.0,0.021373551024105097,9.58553011462555e-06,0.025000703,0.3777275085449219
2024-07-27 22:00:00,0.0,-2.8353802251748634,9.58553011462555e-06,-0.0022140085,0.3734245300292969
2024-07-27 23:00:00,0.0,-2.0510686763441193,9.58553011462555e-06,0.029002486,0.35617828369140625
2024-07-28 00:00:00,0.0,2.713168144160999,9.58553011462555e-06,0.04837157,0.3025703430175781
2024-07-28 01:00:00,0.0,0.7113393789434701,9.58553011462555e-06,0.0194415,0.20318603515625
2024-07-28 02:00:00,0.0,-0.14474350104339795,9.58553011462555e-06,0.022390839,-0.16885757446289062
2024-07-28 03:00:00,0.0,1.4203349130512128,9.58553011462555e-06,0.10959044,-0.3111572265625
2024-07-28 04:00:00,0.0,1.5522563153080657,9.58553011462555e-06,0.08885819,-1.185333251953125
2024-07-28 05:00:00,0.0,3.348012228858366,0.004926548253485867,0.31001422,-1.5693168640136719
2024-07-28 06:00:00,6.424,7.031997796828664,9.085161292269014,7.814305,3.08465576171875
2024-07-28 07:00:00,18.264,24.275617039123397,21.250084226190488,23.533876,23.14246368408203
2024-07-28 08:00:00,37.076,39.81843955494541,33.884614585545464,39.577896,47.0694694519043
2024-07-28 09:00:00,61.024,58.70651907158341,55.830696929590374,58.921272,61.545799255371094
2024-07-28 10:00:00,106.994,79.74088407074564,84.10998448511806,86.35819,77.77352905273438
2024-07-28 11:00:00,130.17000000000002,125.39968266528646,131.76460736711914,119.0829,80.39395141601562
2024-07-28 12:00:00,96.584,137.88789344391915,139.10665550854702,139.10063,96.99988555908203
2024-07-28 13:00:00,102.06,83.87128794071552,91.18265451536314,102.45657,106.57965850830078
2024-07-28 14:00:00,97.88,89.43339533333662,88.20211845047676,89.78841,66.06446838378906
2024-07-28 15:00:00,71.334,75.59177037999393,63.764381754938064,64.44407,52.84078598022461
2024-07-28 16:00:00,43.39,45.35413815368353,44.24085191515997,46.13659,43.91473388671875
2024-07-28 17:00:00,22.16,24.096368792971326,21.164663070112905,20.933247,25.804519653320312
2024-07-28 18:00:00,4.296,10.770854299442348,4.035923547020422,4.1481485,6.940025329589844
2024-07-28 19:00:00,0.0,-0.5724034346613074,9.58553011462555e-06,0.11745486,0.83740234375
2024-07-28 20:00:00,0.0,0.2982081966696617,9.58553011462555e-06,0.015053315,0.3343009948730469
2024-07-28 21:00:00,0.0,0.5198031429941619,9.58553011462555e-06,0.012744027,0.4006462097167969
2024-07-28 22:00:00,0.0,0.7486202014788539,9.58553011462555e-06,0.012780878,0.4160041809082031
2024-07-28 23:00:00,0.0,-0.6006412754134187,9.58553011462555e-06,0.01311715,0.4306983947753906
2024-07-29 00:00:00,0.0,-1.7492538152008343,9.58553011462555e-06,0.0040806765,0.4909629821777344
2024-07-29 01:00:00,0.0,0.39576590179883464,9.58553011462555e-06,0.016764075,0.5649566650390625
2024-07-29 02:00:00,0.0,0.7140387230483176,9.58553011462555e-06,0.4760365,0.4156837463378906
2024-07-29 03:00:00,0.0,0.43271288351625437,9.58553011462555e-06,0.016944984,-0.02968597412109375
2024-07-29 04:00:00,0.0,2.9370896411847234,9.58553011462555e-06,0.018751118,-0.6981391906738281
2024-07-29 05:00:00,0.0,5.992996127874223,0.03660268269284246,0.017613715,-0.218780517578125
2024-07-29 06:00:00,7.834,9.18540158361314,10.323155337530034,9.9625635,9.89419937133789
2024-07-29 07:00:00,28.304,27.053906412970072,24.43556850188701,24.709248,30.957359313964844
2024-07-29 08:00:00,51.366,53.155995195638255,53.71801983322925,52.55362,58.391624450683594
2024-07-29 09:00:00,79.41000000000001,76.32322730515884,71.60729952706274,71.82773,78.53004455566406
2024-07-29 10:00:00,104.19400000000002,99.87222221946956,93.47287017064178,95.61395,89.82447814941406
2024-07-29 11:00:00,92.676,116.9484882895517,117.54060376881685,110.87995,106.23474884033203
2024-07-29 12:00:00,41.11000000000001,91.27351953118765,96.40087621373264,99.7263,114.68865966796875
2024-07-29 13:00:00,55.584,36.59674352916582,34.78347139860141,38.04624,84.4839859008789
2024-07-29 14:00:00,63.23400000000001,56.89196915374041,53.986175663873766,51.935852,43.774139404296875
2024-07-29 15:00:00,64.23,55.26841243695993,39.615355943476494,44.166424,34.56233215332031
2024-07-29 16:00:00,42.304,45.62641449215961,38.79025448146662,40.756054,22.23639488220215
2024-07-29 17:00:00,18.99,21.033580208048416,21.050558383412,24.149197,10.633209228515625
2024-07-29 18:00:00,3.136,6.2205157611282065,4.075836009978008,3.7194123,3.1927528381347656
2024-07-29 19:00:00,0.0,-0.7737003242694991,9.58553011462555e-06,0.01124878,0.6956100463867188
2024-07-29 20:00:00,0.0,-0.47634575423558,9.58553011462555e-06,-0.16017888,0.39574432373046875
2024-07-29 21:00:00,0.0,-2.104768443732227,9.58553011462555e-06,0.01545401,0.3402900695800781
2024-07-29 22:00:00,0.0,-5.379872466302029,9.58553011462555e-06,0.026612744,0.25209808349609375
2024-07-29 23:00:00,0.0,-5.379742044028176,9.58553011462555e-06,0.013641476,0.24471664428710938
2024-07-30 00:00:00,0.0,-1.7951968479243714,9.58553011462555e-06,0.024190744,0.3144683837890625
2024-07-30 01:00:00,0.0,2.66045981404584,9.58553011462555e-06,0.05806521,0.36334991455078125
2024-07-30 02:00:00,0.0,4.328478941774133,9.58553011462555e-06,0.054600045,0.059375762939453125
2024-07-30 03:00:00,0.0,3.721417857290259,9.58553011462555e-06,0.026981601,-0.17642974853515625
2024-07-30 04:00:00,0.0,2.862535955714147,9.58553011462555e-06,0.047656003,-0.9153060913085938
2024-07-30 05:00:00,0.0,4.532118509969418,0.02032303304574494,0.07223168,-1.409393310546875
2024-07-30 06:00:00,4.184,8.010506833357287,7.624819850214578,8.437034,4.511722564697266
2024-07-30 07:00:00,8.244,21.36966449266991,14.478564166666672,14.012829,23.3083553314209
2024-07-30 08:00:00,16.86,27.989317995293554,16.263449817940398,14.400798,24.513019561767578
2024-07-30 09:00:00,23.6,36.443775839008985,31.855139534155054,30.916325,25.27324676513672
2024-07-30 10:00:00,50.06,37.76688299232384,35.05918810475871,38.17518,51.33087921142578
2024-07-30 11:00:00,64.424,64.85889161901466,63.53862095337159,65.49002,54.987083435058594
2024-07-30 12:00:00,78.654,74.74119505184515,67.12365479473307,77.062096,67.53459167480469
2024-07-30 13:00:00,100.296,81.05731925428904,77.69291465502256,80.05318,64.83145141601562
2024-07-30 14:00:00,72.404,96.36700305657862,88.41577173405695,80.54649,64.10490417480469
2024-07-30 15:00:00,36.17,55.32444814486988,55.10101000764698,59.627342,56.069053649902344
2024-07-30 16:00:00,17.45,22.997501532424224,22.425506437845115,22.557055,36.43674087524414
2024-07-30 17:00:00,9.57,11.967734875713532,8.803194912486937,9.930415,17.34718132019043
2024-07-30 18:00:00,2.06,8.55852360694852,1.9687504069980926,2.3951538,5.473239898681641
2024-07-30 19:00:00,0.0,2.733185933398376,9.58553011462555e-06,0.07447788,1.0544357299804688
2024-07-30 20:00:00,0.0,1.4711800632668526,9.58553011462555e-06,0.018053401,0.2528076171875
2024-07-30 21:00:00,0.0,0.7679477382431159,9.58553011462555e-06,0.018020136,0.17695999145507812
2024-07-30 22:00:00,0.0,0.6089091130779787,9.58553011462555e-06,0.018020136,0.13219451904296875
2024-07-30 23:00:00,0.0,0.6437209171446421,9.58553011462555e-06,0.018020136,0.14128875732421875
2024-07-31 00:00:00,0.0,1.567250282776679,9.58553011462555e-06,0.009681941,0.19647216796875
2024-07-31 01:00:00,0.0,-2.6295469073873505,9.58553011462555e-06,-0.0035108633,0.24706649780273438
2024-07-31 02:00:00,0.0,-5.148353600886313,9.58553011462555e-06,0.015343386,-0.034328460693359375
2024-07-31 03:00:00,0.0,-3.9104886220389607,9.58553011462555e-06,0.06499219,-0.14789581298828125
2024-07-31 04:00:00,0.0,0.2169263744457579,9.58553011462555e-06,0.21466324,-0.8971099853515625
2024-07-31 05:00:00,0.0,4.270651281710723,0.022225975629822793,0.26334777,-1.3563385009765625
2024-07-31 06:00:00,5.53,7.834343671323946,8.355814780710153,8.710108,4.5790252685546875
2024-07-31 07:00:00,19.31,20.816119240604163,19.582683005698,18.857632,24.74482536315918
2024-07-31 08:00:00,29.14,38.07511393487707,37.182559136530394,41.095806,39.7220344543457
2024-07-31 09:00:00,46.41,45.58747082342465,48.330660448360014,52.107685,79.20922088623047
2024-07-31 10:00:00,76.69600000000001,62.019593839098995,56.803767418151544,60.008762,91.13558959960938
2024-07-31 11:00:00,101.72,93.40031736946358,83.04260300095316,89.241165,96.13433074951172
2024-07-31 12:00:00,55.55,110.6970208591668,100.19549577779922,104.87558,102.39865112304688
2024-07-31 13:00:00,27.35,46.59632802245248,56.39587975555553,56.660435,98.87381744384766
2024-07-31 14:00:00,26.346,23.248401195807347,25.95852922408792,25.046177,67.10283660888672
2024-07-31 15:00:00,34.854000000000006,26.26991018163595,22.880096886826355,22.438501,50.62201690673828
2024-07-31 16:00:00,25.424000000000003,32.57063850277963,25.016919866583265,24.434301,35.097103118896484
2024-07-31 17:00:00,12.356000000000002,16.036804370136434,13.275917415467525,13.349966,16.086912155151367
2024-07-31 18:00:00,1.93,1.9970116210191478,2.7929844343705934,2.9833372,4.488979339599609
2024-07-31 19:00:00,0.0,-2.651877715598719,9.58553011462555e-06,0.04433565,0.8689308166503906
2024-07-31 20:00:00,0.0,-0.09174938350227979,9.58553011462555e-06,-0.0083774375,0.21897125244140625
2024-07-31 21:00:00,0.0,0.42124167300598625,9.58553011462555e-06,-0.0014677469,0.0966644287109375
2024-07-31 22:00:00,0.0,-0.10765015197017824,9.58553011462555e-06,-0.013706033,0.12815093994140625
2024-07-31 23:00:00,0.0,-3.1633033078867934,9.58553011462555e-06,-0.0012373936,0.15555572509765625
2024-08-01 00:00:00,0.0,-7.281395875908908,9.58553011462555e-06,-0.012700769,0.1153564453125
2024-08-01 01:00:00,0.0,-6.1724338163859755,9.58553011462555e-06,-0.008140513,0.07828140258789062
2024-08-01 02:00:00,0.0,-0.8664280950221412,9.58553011462555e-06,0.0052769776,-0.403656005859375
2024-08-01 03:00:00,0.0,1.4159747675819787,9.58553011462555e-06,-0.016714932,-0.5414199829101562
2024-08-01 04:00:00,0.0,2.2628516953583837,9.58553011462555e-06,-0.01901175,-1.0986366271972656
2024-08-01 05:00:00,0.01,4.468067022482863,0.08029225227586029,0.13181902,-1.3345146179199219
2024-08-01 06:00:00,5.776,7.641113810716119,4.933569769588334,6.40834,0.6251716613769531
2024-08-01 07:00:00,20.136000000000003,18.89261654668796,19.885271618587538,20.392467,14.258966445922852
2024-08-01 08:00:00,39.620000000000005,37.83616706413324,39.35274310397529,39.121246,46.18956756591797
2024-08-01 09:00:00,36.496,58.499904435337164,62.5494343593396,61.38143,61.49928283691406
2024-08-01 10:00:00,37.16,47.75676299155426,50.53007274593578,48.859264,81.29835510253906
2024-08-01 11:00:00,39.554,43.23356743935334,44.9442845098039,52.046303,65.42096710205078
2024-08-01 12:00:00,39.296,43.12554294634351,45.62495451835091,46.836044,55.915199279785156
2024-08-01 13:00:00,44.536,36.77729964693069,42.955582260734424,44.88343,39.45736312866211
2024-08-01 14:00:00,43.586000000000006,37.07133036336238,41.19537237308724,42.55293,35.31279754638672
2024-08-01 15:00:00,34.38,31.702903938074897,40.709118364448805,38.536964,27.52659034729004
2024-08-01 16:00:00,22.424000000000003,20.812642354582714,26.304551693985758,24.229534,16.518831253051758
2024-08-01 17:00:00,11.61,10.639463518859433,12.165098142928576,10.815912,5.7184600830078125
2024-08-01 18:00:00,2.27,3.0542825672632734,2.075380752276415,1.522337,0.9360313415527344
2024-08-01 19:00:00,0.0,-2.0324697095576107,9.58553011462555e-06,-0.024869662,-0.054241180419921875
2024-08-01 20:00:00,0.0,-1.3482055906050165,9.58553011462555e-06,0.022918073,-0.075897216796875
2024-08-01 21:00:00,0.0,-2.251086927206323,9.58553011462555e-06,0.0012497719,0.08377456665039062
2024-08-01 22:00:00,0.0,-2.114401134516147,9.58553011462555e-06,0.0012497719,0.17281341552734375
2024-08-01 23:00:00,0.0,-1.27511595760261,9.58553011462555e-06,-0.015510061,0.2178955078125
2024-08-02 00:00:00,0.0,-0.012847055726901146,9.58553011462555e-06,-0.00477028,0.17342758178710938
2024-08-02 01:00:00,0.0,-2.25045966640268,9.58553011462555e-06,0.0006399065,0.12937164306640625
2024-08-02 02:00:00,0.0,-0.9725422938521913,9.58553011462555e-06,0.0044550276,-0.23949432373046875
2024-08-02 03:00:00,0.0,-0.6740219863333534,9.58553011462555e-06,0.010605971,-0.5694160461425781
2024-08-02 04:00:00,0.0,1.2085019536077457,9.58553011462555e-06,-0.032576956,-1.2283439636230469
2024-08-02 05:00:00,0.0,4.178260441240019,0.024103489961865936,-0.03148814,-1.7753181457519531
2024-08-02 06:00:00,3.5540000000000003,8.057548624515718,6.574846671924511,4.745772,1.8842353820800781
2024-08-02 07:00:00,10.13,17.941610622884664,12.21773833333334,11.663952,18.81572914123535
2024-08-02 08:00:00,18.16,28.802208169385004,21.744567507255187,16.38982,44.75487518310547
2024-08-02 09:00:00,36.104000000000006,37.02423407103325,30.400549874814324,31.087019,27.769607543945312
2024-08-02 10:00:00,53.88400000000001,54.507449712693415,56.905379973960805,52.601326,61.16155242919922
2024-08-02 11:00:00,62.68,67.51486642318457,72.57465250734151,64.006386,77.59266662597656
2024-08-02 12:00:00,91.284,67.40093690541599,66.92209400503484,66.5485,82.624267578125
2024-08-02 13:00:00,80.69,92.75502408422017,87.27161070111897,89.39784,79.42860412597656
2024-08-02 14:00:00,62.970000000000006,68.50711914513113,65.31751905197888,66.85177,83.74393463134766
2024-08-02 15:00:00,48.346,45.88784417023344,45.91377064746218,44.047546,61.60663604736328
2024-08-02 16:00:00,34.636,32.15711358031891,27.11699464038361,29.59495,36.453575134277344
2024-08-02 17:00:00,15.744,20.05744787228209,18.12605212487745,18.130825,13.404964447021484
2024-08-02 18:00:00,3.12,5.013083862250689,2.5521701844569717,2.2878978,2.843860626220703
2024-08-02 19:00:00,0.0,-2.558308792271947,9.58553011462555e-06,0.0035736612,0.109039306640625
2024-08-02 20:00:00,0.0,-1.0093318589936935,9.58553011462555e-06,0.025445104,-0.33831787109375
2024-08-02 21:00:00,0.0,-0.5597402035545862,9.58553011462555e-06,0.009459225,-0.13821792602539062
2024-08-02 22:00:00,0.0,-0.9510794328140406,9.58553011462555e-06,0.0102489125,0.14994049072265625
2024-08-02 23:00:00,0.0,-0.9276026531192718,9.58553011462555e-06,0.002341276,0.2718696594238281
2024-08-03 00:00:00,0.0,0.6340375892709593,9.58553011462555e-06,0.0038385843,0.3535118103027344
2024-08-03 01:00:00,0.0,-5.092204080226415,9.58553011462555e-06,0.006998225,0.38165283203125
2024-08-03 02:00:00,0.0,-3.04842333096849,9.58553011462555e-06,0.006998225,-0.03112030029296875
2024-08-03 03:00:00,0.0,-0.4952651913662356,9.58553011462555e-06,0.0055009173,-0.2369232177734375
2024-08-03 04:00:00,0.0,1.9095321719286211,9.58553011462555e-06,0.0310095,-0.5031929016113281
2024-08-03 05:00:00,0.0,4.434070094090291,0.00014099500698450958,0.032898325,-0.36846923828125
2024-08-03 06:00:00,7.206,8.411594529118267,6.311332813090083,5.6514325,5.6128082275390625
2024-08-03 07:00:00,26.876,22.280972099785007,25.578235333333346,26.247768,22.435705184936523
2024-08-03 08:00:00,50.446,49.08700407338534,51.63410567957125,50.885902,68.92650604248047
2024-08-03 09:00:00,81.02000000000001,74.49035535203967,73.69639640330828,74.102715,81.62181091308594
2024-08-03 10:00:00,110.07,102.65502578034861,88.36458125040552,97.72923,101.52821350097656
2024-08-03 11:00:00,130.956,125.47221850033011,114.36272672727233,113.15627,116.05414581298828
2024-08-03 12:00:00,136.66,135.83140486259484,130.44364115603864,129.66307,119.51187896728516
2024-08-03 13:00:00,97.92000000000002,126.93004875884856,121.57740146797285,123.49238,113.9200668334961
2024-08-03 14:00:00,90.634,75.96227322680855,87.79089990538225,87.09399,105.72239685058594
2024-08-03 15:00:00,90.82,68.48956398050328,64.9079160373267,64.97598,55.80760192871094
2024-08-03 16:00:00,58.31,62.60568394759729,58.68487802232641,56.79244,31.389799118041992
2024-08-03 17:00:00,28.24,29.187977587074307,27.533554133083594,26.718853,23.790800094604492
2024-08-03 18:00:00,5.384,7.714869620390003,4.801031730742048,3.8090625,3.7508506774902344
2024-08-03 19:00:00,0.0,-5.371636418288702,9.58553011462555e-06,0.065285645,0.3914794921875
2024-08-03 20:00:00,0.0,-1.7285174601201678,9.58553011462555e-06,-0.008574419,0.2456207275390625
2024-08-03 21:00:00,0.0,-1.0205537609502287,9.58553011462555e-06,0.039830126,0.2697296142578125
2024-08-03 22:00:00,0.0,-0.9625944369015897,9.58553011462555e-06,0.009459225,0.2925071716308594
2024-08-03 23:00:00,0.0,0.6673345397742674,9.58553011462555e-06,0.011446269,0.32784271240234375
2024-08-04 00:00:00,0.0,1.4581667347039469,9.58553011462555e-06,0.005035944,0.37926483154296875
2024-08-04 01:00:00,0.0,-2.6430909165957,9.58553011462555e-06,0.013727568,0.4022979736328125
2024-08-04 02:00:00,0.0,2.196402720073765,9.58553011462555e-06,0.02761572,-0.0543975830078125
2024-08-04 03:00:00,0.0,2.5995626425210165,9.58553011462555e-06,0.034973305,-0.274383544921875
2024-08-04 04:00:00,0.0,1.6286865262579013,9.58553011462555e-06,0.023064362,-0.871734619140625
2024-08-04 05:00:00,0.0,5.114897913087335,0.00021096604367318964,0.2553428,-1.1152687072753906
2024-08-04 06:00:00,5.816,10.019805459499157,8.904808964624866,9.107963,6.597278594970703
2024-08-04 07:00:00,22.15,26.35817241539808,25.755247503829494,23.853928,28.910572052001953
2024-08-04 08:00:00,43.836000000000006,49.0682883424992,46.72281003835923,48.089993,63.14765167236328
2024-08-04 09:00:00,73.44600000000001,71.14245757462149,68.41271217813704,68.93955,82.40670776367188
2024-08-04 10:00:00,98.176,96.84796224880822,96.190477122859,93.32419,102.77820587158203
2024-08-04 11:00:00,130.484,113.27679436906934,113.82466026458255,111.51985,113.4181900024414
2024-08-04 12:00:00,127.24,138.11359289988673,128.55027313158732,130.56133,117.31871032714844
2024-08-04 13:00:00,129.52,117.35709296470827,117.36879253743264,124.05543,118.06426239013672
2024-08-04 14:00:00,102.304,108.0329656394054,103.98958435336259,112.0292,80.67068481445312
2024-08-04 15:00:00,86.46600000000001,73.60740889838192,67.25513692046498,71.85676,67.99309539794922
2024-08-04 16:00:00,55.33,58.09982764079543,57.04988024335684,54.225574,40.187740325927734
2024-08-04 17:00:00,25.9,30.180486206384828,26.735991970251668,25.57844,19.843721389770508
2024-08-04 18:00:00,4.65,9.287327583222455,4.481946353383359,4.259745,2.9321365356445312
2024-08-04 19:00:00,0.0,-2.008117560911856,9.58553011462555e-06,0.08401409,0.27982330322265625
2024-08-04 20:00:00,0.0,-1.6893968965985513,9.58553011462555e-06,0.037257392,-0.03533935546875
2024-08-04 21:00:00,0.0,-1.9534802103094258,9.58553011462555e-06,0.019019919,-0.08005905151367188
2024-08-04 22:00:00,0.0,-2.3334139731033443,9.58553011462555e-06,0.010247019,0.054718017578125
2024-08-04 23:00:00,0.0,-0.867231386668295,9.58553011462555e-06,0.012234063,0.14809799194335938
2024-08-05 00:00:00,0.0,-0.10763958744145885,9.58553011462555e-06,0.01373137,0.2629508972167969
2024-08-05 01:00:00,0.0,-0.46074549989902636,9.58553011462555e-06,0.019890517,0.38930511474609375
2024-08-05 02:00:00,0.0,-0.1608631188982006,9.58553011462555e-06,0.02206112,0.037418365478515625
2024-08-05 03:00:00,0.0,1.8157141223997355,9.58553011462555e-06,-0.06509698,-0.220611572265625
2024-08-05 04:00:00,0.0,2.4090929046707927,9.58553011462555e-06,-0.05584607,-0.3508567810058594
2024-08-05 05:00:00,0.0,5.196647945262409,5.793287248158564e-05,0.09415985,-0.9340476989746094
2024-08-05 06:00:00,7.01,9.83674724547853,8.251477104290965,8.671067,4.263545989990234
2024-08-05 07:00:00,27.224000000000004,27.54445964222561,28.306034277389287,29.366882,28.483745574951172
2024-08-05 08:00:00,49.260000000000005,53.92032748967044,54.29215710622914,53.072662,66.50225830078125
2024-08-05 09:00:00,70.42999999999999,75.44468321569994,74.920367444673,73.09355,86.74539184570312
2024-08-05 10:00:00,89.14600000000002,90.52180874249464,89.05940339438666,91.87696,99.68006896972656
2024-08-05 11:00:00,105.13,102.76911413234234,101.82461606659521,103.19589,98.67913818359375
2024-08-05 12:00:00,124.63,111.01722282229062,103.22813430605049,101.56781,99.68623352050781
2024-08-05 13:00:00,101.176,120.44902434297003,104.98854691393176,119.08062,104.91204071044922
2024-08-05 14:00:00,78.71600000000001,80.5266740454465,85.42745107871963,86.053764,102.99613952636719
2024-08-05 15:00:00,25.5,56.48787434624997,53.60834680501853,59.19312,69.2708511352539
2024-08-05 16:00:00,16.180000000000003,10.291634584429502,21.881314906022062,20.212952,41.353790283203125
2024-08-05 17:00:00,11.090000000000002,12.74828660243536,8.306184056332315,8.661956,15.05947494506836
2024-08-05 18:00:00,1.4300000000000002,7.691246623843398,1.9316020275455204,1.7419256,2.612445831298828
2024-08-05 19:00:00,0.0,-2.0159592753122935,9.58553011462555e-06,0.04184921,0.530303955078125
2024-08-05 20:00:00,0.0,0.9970548602942291,9.58553011462555e-06,-0.0024047743,0.16939544677734375
2024-08-05 21:00:00,0.0,-0.466947117935276,9.58553011462555e-06,-0.01913289,0.2717857360839844
2024-08-05 22:00:00,0.0,2.0843985659636637,9.58553011462555e-06,0.0040130657,0.3029441833496094
2024-08-05 23:00:00,0.0,2.2932249869178385,9.58553011462555e-06,0.0040130657,0.3595161437988281
2024-08-06 00:00:00,0.0,1.5521694691563637,9.58553011462555e-06,0.0060001127,0.38617706298828125
2024-08-06 01:00:00,0.0,-4.835028753628251,9.58553011462555e-06,0.0035506103,0.4113616943359375
2024-08-06 02:00:00,0.0,-3.324503895722264,9.58553011462555e-06,0.0027875649,0.043792724609375
2024-08-06 03:00:00,0.0,-3.489866737651107,9.58553011462555e-06,-0.0011895717,-0.0529937744140625
2024-08-06 04:00:00,0.0,3.4420695592012773,9.58553011462555e-06,-0.0047220066,-0.6797370910644531
2024-08-06 05:00:00,0.0,6.3309869580520655,5.793287248158564e-05,0.035873257,-1.0188980102539062
2024-08-06 06:00:00,4.024,8.628089591721043,5.787164035352395,5.870144,3.4812469482421875
2024-08-06 07:00:00,14.844,18.914373210497388,16.41589904761906,18.235306,24.10732650756836
2024-08-06 08:00:00,26.124,33.81479601666133,30.340621428662654,27.990137,49.503841400146484
2024-08-06 09:00:00,34.59,44.02742888918916,38.72842844905986,40.596046,51.77049255371094
2024-08-06 10:00:00,48.604000000000006,48.08908642555637,42.68885345244724,41.854046,68.04168701171875
2024-08-06 11:00:00,59.166,57.72715251955307,50.448500144403745,52.35601,64.76033020019531
2024-08-06 12:00:00,47.396,63.46735099474339,56.03996912036163,53.821045,70.3726577758789
2024-08-06 13:00:00,41.70400000000001,42.56727000161422,42.40874172098739,42.090004,67.18754577636719
2024-08-06 14:00:00,18.97,34.422158673988925,40.036794409724415,41.602882,58.389190673828125
2024-08-06 15:00:00,14.406,10.651419992502696,16.160849190843102,17.694778,43.65183639526367
2024-08-06 16:00:00,11.176000000000002,9.590491127202428,13.338575873708903,11.871755,22.703746795654297
2024-08-06 17:00:00,5.74,5.636518796082251,9.251225963972104,6.9589195,6.3102874755859375
2024-08-06 18:00:00,1.106,1.1481455286775644,0.8443503333333333,0.16617341,1.4090347290039062
2024-08-06 19:00:00,0.0,-0.7534035887290091,9.58553011462555e-06,0.12332735,0.13206100463867188
2024-08-06 20:00:00,0.0,-0.25623945444441976,9.58553011462555e-06,-0.007346608,0.003353118896484375
2024-08-06 21:00:00,0.0,-0.7363590526373001,9.58553011462555e-06,0.012018455,0.16368865966796875
2024-08-06 22:00:00,0.0,-1.9217105461131885,9.58553011462555e-06,-0.0015411272,0.2868385314941406
2024-08-06 23:00:00,0.0,-2.221638200947598,9.58553011462555e-06,-0.0015411272,0.3278045654296875
2024-08-07 00:00:00,0.0,-2.2021381299724654,9.58553011462555e-06,0.0060001127,0.3722991943359375
2024-08-07 01:00:00,0.0,-4.242411001678884,9.58553011462555e-06,-0.0015700522,0.3810157775878906
2024-08-07 02:00:00,0.0,-2.9340682323640506,9.58553011462555e-06,-0.06489936,0.09100723266601562
2024-08-07 03:00:00,0.0,0.022938876523500795,9.58553011462555e-06,-0.021478621,0.11385345458984375
2024-08-07 04:00:00,0.0,1.4887665839398778,9.58553011462555e-06,0.10353182,-0.5884017944335938
2024-08-07 05:00:00,0.0,3.4239162922813264,5.793287248158564e-05,0.09634497,-0.9805488586425781
2024-08-07 06:00:00,5.3340000000000005,6.314555602427886,3.653798185023658,4.4919095,0.7091407775878906
2024-08-07 07:00:00,19.41,18.35213062792113,19.937245055555564,20.254864,13.173700332641602
2024-08-07 08:00:00,36.796,38.111199598811304,38.14412283337119,39.077354,40.30474853515625
2024-08-07 09:00:00,57.716,56.26379733870408,55.35008666530611,53.665016,52.65882873535156
2024-08-07 10:00:00,57.470000000000006,74.73305474228485,79.59950910225895,78.45689,72.63337707519531
2024-08-07 11:00:00,64.616,64.4196930297374,67.0739940093567,69.25055,84.5105972290039
2024-08-07 12:00:00,61.034000000000006,65.95702580706836,60.3451241323691,63.17831,74.60991668701172
2024-08-07 13:00:00,54.846,55.61093860581533,55.72091637389647,61.929367,63.7614860534668
2024-08-07 14:00:00,67.21000000000001,43.502971567896154,46.54940306723288,47.815193,52.67255401611328
2024-08-07 15:00:00,53.854,52.27866488897018,51.06665108852614,51.037792,35.52460479736328
2024-08-07 16:00:00,30.480000000000004,32.260320116841775,33.031731917421716,32.803802,21.280319213867188
2024-08-07 17:00:00,14.536,12.758828951702384,14.109600202404504,12.793933,6.314910888671875
2024-08-07 18:00:00,2.0460000000000003,4.1108778583001815,2.2460287323765376,2.1551406,0.7959518432617188
2024-08-07 19:00:00,0.0,-2.7597687867586123,9.58553011462555e-06,-0.020683404,-0.13817596435546875
2024-08-07 20:00:00,0.0,-0.5293161386421996,9.58553011462555e-06,-0.024273328,-0.20042800903320312
2024-08-07 21:00:00,0.0,-2.9646539984672864,9.58553011462555e-06,0.01220709,0.001888275146484375
2024-08-07 22:00:00,0.0,-3.4584359113367196,9.58553011462555e-06,0.01220709,0.23063278198242188
2024-08-07 23:00:00,0.0,-0.5405093037383022,9.58553011462555e-06,0.0018818455,0.331329345703125
2024-08-08 00:00:00,0.0,1.0854381529961277,9.58553011462555e-06,0.00020362769,0.37812042236328125
2024-08-08 01:00:00,0.0,-0.44864378317678,9.58553011462555e-06,0.008958231,0.3952293395996094
2024-08-08 02:00:00,0.0,1.8434731305577268,9.58553011462555e-06,0.008958231,-0.002033233642578125
2024-08-08 03:00:00,0.0,-0.10236997874202736,9.58553011462555e-06,0.0069935024,-0.11269378662109375
2024-08-08 04:00:00,0.0,0.9169816928904204,9.58553011462555e-06,0.0069935024,-0.7930259704589844
2024-08-08 05:00:00,0.0,4.440046359539133,5.793287248158564e-05,0.017605618,-1.5840339660644531
2024-08-08 06:00:00,6.3340000000000005,8.193122140234335,6.681899483612168,6.5408125,2.4527130126953125
2024-08-08 07:00:00,21.66,23.861163326827878,23.973417530908023,25.115425,22.53565216064453
2024-08-08 08:00:00,46.896,44.55558735456277,40.92113700932138,39.88038,62.80908966064453
2024-08-08 09:00:00,87.44600000000001,72.26849633951781,73.11707218262711,71.883286,68.28106689453125
2024-08-08 10:00:00,118.634,112.55812615388874,115.81764134121346,111.14709,97.58589935302734
2024-08-08 11:00:00,140.51,134.70607409471165,131.5227382261625,132.81082,120.49234771728516
2024-08-08 12:00:00,148.316,143.2350582615583,139.9207385487863,140.5203,131.684326171875
2024-08-08 13:00:00,126.86,135.92767718237212,132.92073237897932,129.97404,126.75802612304688
2024-08-08 14:00:00,76.024,101.13704985860011,107.26121841740373,103.161545,107.57321166992188
2024-08-08 15:00:00,41.92,50.41644117655305,47.66824960756357,50.13249,77.44155883789062
2024-08-08 16:00:00,21.076,26.055774576414976,25.247329135087345,24.881437,34.034141540527344
2024-08-08 17:00:00,20.78,11.306051140161891,11.85381569106312,9.545501,14.702281951904297
2024-08-08 18:00:00,2.446,14.382136443420329,2.956177915451418,2.7886996,1.7143745422363281
2024-08-08 19:00:00,0.0,-2.264841235507718,9.58553011462555e-06,0.044250667,0.5121078491210938
2024-08-08 20:00:00,0.0,1.5020940217991647,9.58553011462555e-06,-0.011617377,0.37891387939453125
2024-08-08 21:00:00,0.0,1.9217258807371547,9.58553011462555e-06,0.021366563,0.3892784118652344
2024-08-08 22:00:00,0.0,1.404729315682693,9.58553011462555e-06,0.016712926,0.346832275390625
2024-08-08 23:00:00,0.0,0.9197934420131224,9.58553011462555e-06,0.010792336,0.40320587158203125
2024-08-09 00:00:00,0.0,-0.5287978875964834,9.58553011462555e-06,0.010792336,0.46570587158203125
2024-08-09 01:00:00,0.0,-5.168248673331058,9.58553011462555e-06,0.032718148,0.4815711975097656
2024-08-09 02:00:00,0.0,-5.142490185624908,9.58553011462555e-06,0.032718148,0.10177993774414062
2024-08-09 03:00:00,0.0,-1.366466467712561,9.58553011462555e-06,0.028763246,0.06514358520507812
2024-08-09 04:00:00,0.0,2.7652686638954354,9.58553011462555e-06,0.038119677,-0.3772315979003906
2024-08-09 05:00:00,0.0,7.200173788084278,5.793287248158564e-05,-0.27531666,-0.6968917846679688
2024-08-09 06:00:00,4.88,7.794478634347561,6.908005288255108,7.5500417,6.026477813720703
2024-08-09 07:00:00,18.424000000000003,20.687059154113857,21.885031777777773,20.603912,29.871170043945312
2024-08-09 08:00:00,33.49,38.849770736714234,37.40699219215078,39.18644,64.79585266113281
2024-08-09 09:00:00,71.53,53.63358634118206,58.20900411183682,53.611443,73.98795318603516
2024-08-09 10:00:00,95.41,93.74765765469806,97.36302576085907,92.317924,90.71293640136719
2024-08-09 11:00:00,109.466,109.11454635018393,110.07138648986339,117.08995,115.81863403320312
2024-08-09 12:00:00,107.16,112.16935706491864,115.39821340158485,102.30487,111.0018081665039
2024-08-09 13:00:00,106.45,98.15996098736076,95.23101126875761,94.17063,100.10932922363281
2024-08-09 14:00:00,75.16000000000001,88.8026165135685,89.37330296028554,88.41334,78.1217041015625
2024-08-09 15:00:00,61.204,51.41198044703044,58.01667014136673,59.40572,53.38824462890625
2024-08-09 16:00:00,42.476,39.5578736914406,33.70138695227799,34.2694,28.980487823486328
2024-08-09 17:00:00,21.544,22.736184741828538,20.478697694352743,22.733002,15.522512435913086
2024-08-09 18:00:00,2.8000000000000003,7.762256751016112,3.222332626922273,3.3396075,2.802295684814453
2024-08-09 19:00:00,0.0,-2.8897842048204567,9.58553011462555e-06,0.14830606,0.16147994995117188
2024-08-09 20:00:00,0.0,0.4337007133763633,9.58553011462555e-06,0.024393039,0.23207855224609375
2024-08-09 21:00:00,0.0,0.42597974334128885,9.58553011462555e-06,-0.019252112,0.34986114501953125
2024-08-09 22:00:00,0.0,-1.460570834037612,9.58553011462555e-06,-0.007846593,0.42046356201171875
2024-08-09 23:00:00,0.0,-0.8065860257983744,9.58553011462555e-06,-0.007846593,0.45311737060546875
2024-08-10 00:00:00,0.0,0.15706985328655243,9.58553011462555e-06,-0.007846593,0.4703025817871094
2024-08-10 01:00:00,0.0,-1.4101794900239524,9.58553011462555e-06,-0.0015100285,0.4683723449707031
2024-08-10 02:00:00,0.0,-1.0036464136874637,9.58553011462555e-06,0.021377703,0.10359954833984375
2024-08-10 03:00:00,0.0,2.170114710804018,9.58553011462555e-06,0.018301131,-0.13060379028320312
2024-08-10 04:00:00,0.0,3.461700341994458,9.58553011462555e-06,0.010744801,-0.8359184265136719
2024-08-10 05:00:00,0.0,5.290478029771814,5.627044669702245e-05,0.01717535,-1.2279930114746094
2024-08-10 06:00:00,5.7700000000000005,7.846737149942905,7.173304177764431,7.379039,2.5019683837890625
2024-08-10 07:00:00,21.180000000000003,23.00863205629859,21.156881018518515,20.672668,23.38996696472168
2024-08-10 08:00:00,45.0,43.893485363160075,41.8169527840293,40.39455,57.29790496826172
2024-08-10 09:00:00,79.68400000000001,70.59459660849785,71.87370604107441,71.101715,74.31544494628906
2024-08-10 10:00:00,98.666,103.19249687570223,100.01765788459096,99.85504,105.80489349365234
2024-08-10 11:00:00,122.03,111.76250658357537,118.5991539429632,115.73033,124.67018127441406
2024-08-10 12:00:00,105.366,127.20620961487182,119.92639790820027,115.98956,127.04092407226562
2024-08-10 13:00:00,98.01,95.10201568721268,101.87150249092447,95.90018,120.16204071044922
2024-08-10 14:00:00,83.09,81.9893035052061,85.50056700036164,87.33524,81.67227172851562
2024-08-10 15:00:00,76.11,60.57978598488362,61.906702076366464,61.56924,55.837181091308594
2024-08-10 16:00:00,49.43000000000001,50.93713826596361,48.97620765540635,51.24581,36.2523193359375
2024-08-10 17:00:00,23.714,25.351115811998262,23.357870736595817,23.321718,19.29426383972168
2024-08-10 18:00:00,3.4600000000000004,6.9541087244082345,3.8069545641573552,4.216982,3.0693511962890625
2024-08-10 19:00:00,0.0,-3.114117242199887,9.58553011462555e-06,-0.031641692,0.23566436767578125
2024-08-10 20:00:00,0.0,0.3134243958041045,9.58553011462555e-06,0.015857311,0.26956939697265625
2024-08-10 21:00:00,0.0,-2.5386314220036534,9.58553011462555e-06,0.0030967216,0.3610992431640625
2024-08-10 22:00:00,0.0,-4.124685494724819,9.58553011462555e-06,0.0021427276,0.4081268310546875
2024-08-10 23:00:00,0.0,-1.310657032851358,9.58553011462555e-06,0.0076969215,0.4275550842285156
2024-08-11 00:00:00,0.0,-0.2194801781195217,9.58553011462555e-06,0.0061996137,0.4586830139160156
2024-08-11 01:00:00,0.0,-0.44822392459642035,9.58553011462555e-06,0.01932946,0.4679298400878906
2024-08-11 02:00:00,0.0,1.366313886719177,9.58553011462555e-06,0.017750196,0.17731857299804688
2024-08-11 03:00:00,0.0,2.9454465896731676,9.58553011462555e-06,0.017750196,-0.16854476928710938
2024-08-11 04:00:00,0.0,2.9624465159645244,9.58553011462555e-06,0.01973724,-0.6876869201660156
2024-08-11 05:00:00,0.0,5.555118293732761,5.793287248158564e-05,0.022193696,-0.9292106628417969
2024-08-11 06:00:00,7.870000000000001,8.945413499164719,7.611424600631839,8.383266,2.8238906860351562
2024-08-11 07:00:00,32.99,26.433380943560017,30.304109653313116,30.19371,22.355995178222656
2024-08-11 08:00:00,67.98400000000001,59.53954355213235,64.65489841339713,65.21899,63.346099853515625
2024-08-11 09:00:00,104.484,97.05965664056671,99.13443043464783,96.747345,95.2900390625
2024-08-11 10:00:00,119.876,129.19056760029602,127.15475201760253,128.55794,124.94575500488281
2024-08-11 11:00:00,135.20000000000002,130.5960684080814,127.20838681657845,128.94385,142.57843017578125
2024-08-11 12:00:00,129.184,136.20339185808533,131.60722234211408,130.1606,140.78915405273438
2024-08-11 13:00:00,138.994,117.17810398179648,118.27653197194007,119.9442,127.66426086425781
2024-08-11 14:00:00,99.4,117.24547297916854,114.18630867865255,117.12589,98.82017517089844
2024-08-11 15:00:00,91.776,66.92608693138953,70.09433069795847,67.735085,82.88090515136719
2024-08-11 16:00:00,59.846,61.34157548783326,57.47673304702964,56.896633,49.06722640991211
2024-08-11 17:00:00,27.49,31.249542490535106,27.590942638256525,28.608986,26.196956634521484
2024-08-11 18:00:00,4.45,7.1178869760397205,3.8393453928982115,4.0302095,4.3064117431640625
2024-08-11 19:00:00,0.0,-4.138478751158512,9.58553011462555e-06,0.038749762,0.6655540466308594
2024-08-11 20:00:00,0.0,-2.4625832015816678,9.58553011462555e-06,0.02555765,0.7855339050292969
2024-08-11 21:00:00,0.0,-2.5920481776323263,9.58553011462555e-06,0.021826323,0.7476844787597656
2024-08-11 22:00:00,0.0,-3.576612402282454,9.58553011462555e-06,0.03652947,0.6353569030761719
2024-08-11 23:00:00,0.0,0.11159537358620852,9.58553011462555e-06,0.020872328,0.5819129943847656
2024-08-12 00:00:00,0.0,3.126604897402503,9.58553011462555e-06,0.016218694,0.5730819702148438
2024-08-12 01:00:00,0.0,1.1859013609328963,9.58553011462555e-06,0.02410051,0.5435562133789062
2024-08-12 02:00:00,0.0,0.15307397175943382,9.58553011462555e-06,0.016192872,0.2627525329589844
2024-08-12 03:00:00,0.0,4.595822148787752,9.58553011462555e-06,0.014695564,0.008205413818359375
2024-08-12 04:00:00,0.0,4.305826093083816,9.58553011462555e-06,0.014695564,-0.2710990905761719
2024-08-12 05:00:00,0.0,6.56399210116415,5.627044669702245e-05,0.0075258533,-0.3628425598144531
2024-08-12 06:00:00,6.210000000000001,10.104990119605429,8.067068748937984,8.434255,6.621696472167969
2024-08-12 07:00:00,26.976,25.658604185405924,26.63439887179486,26.944925,31.989587783813477
2024-08-12 08:00:00,53.824000000000005,53.468260355179076,53.8546027628868,54.696217,67.96261596679688
2024-08-12 09:00:00,79.304,80.82552511961151,84.8518044117807,85.4292,91.78046417236328
2024-08-12 10:00:00,80.41000000000001,100.53684148523683,101.24001498594542,100.095634,113.41332244873047
2024-08-12 11:00:00,70.816,89.40832250126198,93.83385635354314,91.153114,116.6824722290039
2024-08-12 12:00:00,57.73400000000001,71.92960212975171,83.25785586111031,83.66885,103.38253784179688
2024-08-12 13:00:00,83.13400000000001,54.457382904876056,60.61662891053389,61.212788,89.04339599609375
2024-08-12 14:00:00,110.924,77.43464256398636,70.54085134742793,64.03698,58.64164733886719
2024-08-12 15:00:00,93.7,98.2750072868958,77.25370686747596,68.866005,48.457763671875
2024-08-12 16:00:00,62.49,64.40210103941254,58.04100069404947,56.191414,30.31824493408203
2024-08-12 17:00:00,27.854000000000003,35.07807486866648,28.618653199134204,28.25793,16.920616149902344
2024-08-12 18:00:00,3.904,10.524449816135892,3.9100252134741504,4.6367497,2.573497772216797
2024-08-12 19:00:00,0.0,-2.6220383428810843,9.58553011462555e-06,-0.029728936,0.1713714599609375
2024-08-12 20:00:00,0.0,-0.7258659019085423,9.58553011462555e-06,-0.28719398,-0.024074554443359375
2024-08-12 21:00:00,0.0,-5.393893624246713,9.58553011462555e-06,0.0063716397,0.043060302734375
2024-08-12 22:00:00,0.0,-5.170591287681062,9.58553011462555e-06,0.010368946,0.12909698486328125
2024-08-12 23:00:00,0.0,-1.100050896492415,9.58553011462555e-06,0.0026216684,0.1758880615234375
2024-08-13 00:00:00,0.0,4.593325183772727,9.58553011462555e-06,0.0011243601,0.2494049072265625
2024-08-13 01:00:00,0.0,5.625574901933886,9.58553011462555e-06,0.013015118,0.2942008972167969
2024-08-13 02:00:00,0.0,5.562054592631062,9.58553011462555e-06,0.014512426,-0.04631805419921875
2024-08-13 03:00:00,0.0,2.0548858724345678,9.58553011462555e-06,0.014512426,-0.2920417785644531
2024-08-13 04:00:00,0.0,2.431909822171642,9.58553011462555e-06,0.0076711033,-1.0298805236816406
2024-08-13 05:00:00,0.0,4.577702868523513,5.627044669702245e-05,0.008274989,-1.1836318969726562
2024-08-13 06:00:00,8.24,8.558262854300782,7.491877495517744,8.249754,2.488513946533203
2024-08-13 07:00:00,38.246,26.964807982516824,32.30352860271261,30.01115,22.399234771728516
2024-08-13 08:00:00,75.94600000000001,66.60325766435832,74.51359637496661,75.26716,66.98329162597656
2024-08-13 09:00:00,119.106,106.21308834064124,104.921801851015,107.029884,100.13320922851562
2024-08-13 10:00:00,132.856,145.4513656844298,141.55704219841033,140.30988,126.30888366699219
2024-08-13 11:00:00,142.356,141.8943811706541,146.16320889640724,144.7388,146.86465454101562
2024-08-13 12:00:00,121.3,138.559571807563,140.2384519108547,140.57303,143.36611938476562
2024-08-13 13:00:00,95.524,106.38671779051924,112.24012893657182,111.09596,127.49860382080078
2024-08-13 14:00:00,87.354,76.76779521973842,82.79936377090593,80.48184,67.39363098144531
2024-08-13 15:00:00,63.05,65.8222021485769,57.60440100129638,55.26222,48.9679069519043
2024-08-13 16:00:00,22.694000000000003,36.89338309442963,30.463306569851937,31.143948,34.83159637451172
2024-08-13 17:00:00,9.576,3.3891923748206843,12.028346627810029,10.979185,14.334863662719727
2024-08-13 18:00:00,0.8560000000000001,1.9027042761942585,1.5146582842349385,1.6560217,1.9065132141113281
2024-08-13 19:00:00,0.0,-1.0255965289612279,9.58553011462555e-06,-0.018719457,0.543975830078125
2024-08-13 20:00:00,0.0,1.9343726016397707,9.58553011462555e-06,-0.0045404546,0.4714241027832031
2024-08-13 21:00:00,0.0,-0.9467008364638456,9.58553011462555e-06,0.0022910708,0.3936958312988281
2024-08-13 22:00:00,0.0,-3.9054043724068657,9.58553011462555e-06,0.0013370772,0.4126091003417969
2024-08-13 23:00:00,0.0,-1.1186896426239556,9.58553011462555e-06,0.0013370772,0.45754241943359375
2024-08-14 00:00:00,0.0,0.10392534411273857,9.58553011462555e-06,-0.00016023131,0.4917449951171875
2024-08-14 01:00:00,0.0,-1.491568612156228,9.58553011462555e-06,0.0062186304,0.5035858154296875
2024-08-14 02:00:00,0.0,1.9976853840577569,9.58553011462555e-06,0.007715938,0.26651763916015625
2024-08-14 03:00:00,0.0,1.8268902501232915,9.58553011462555e-06,0.009702985,0.144744873046875
2024-08-14 04:00:00,0.0,2.44734844900643,9.58553011462555e-06,-0.005760981,-0.13717269897460938
2024-08-14 05:00:00,0.0,7.498376101073813,5.627044669702245e-05,0.018908387,0.04885101318359375
2024-08-14 06:00:00,7.144,10.309476765929539,5.451886582805491,4.989029,3.8416748046875
2024-08-14 07:00:00,23.3,25.414427413660256,30.76066901465202,30.629477,27.413936614990234
2024-08-14 08:00:00,52.034000000000006,46.54264698285494,46.350947672907,45.941162,67.20126342773438
2024-08-14 09:00:00,65.824,75.82063528961228,79.8402619542854,79.46609,70.8103256225586
2024-08-14 10:00:00,85.18400000000001,80.77186745275102,78.00186406070671,79.89274,101.64055633544922
2024-08-14 11:00:00,85.36000000000001,94.47738940105074,92.24084730891178,91.235374,96.08158111572266
2024-08-14 12:00:00,58.89600000000001,85.97737086658404,86.36156390269537,81.248924,106.50502014160156
2024-08-14 13:00:00,52.016,51.69524701886229,54.996072857142835,55.107918,76.49696350097656
2024-08-14 14:00:00,36.024,44.357790201525454,44.69050780552801,42.482758,48.335811614990234
2024-08-14 15:00:00,28.854000000000003,24.180853784752685,21.245176040225218,24.867363,38.637481689453125
2024-08-14 16:00:00,20.294,18.208414451735507,20.50613715229994,24.227247,26.79237937927246
2024-08-14 17:00:00,9.52,10.885199413517142,12.034887728353565,10.105673,9.42978286743164
2024-08-14 18:00:00,1.4640000000000002,2.870988748067713,1.435206679296105,1.3202454,1.6141700744628906
2024-08-14 19:00:00,0.0,0.38027850269227326,9.58553011462555e-06,-0.004801641,0.20689010620117188
2024-08-14 20:00:00,0.0,1.0053112204150931,9.58553011462555e-06,0.016547088,0.11472702026367188
2024-08-14 21:00:00,0.0,-2.116351928930593,9.58553011462555e-06,0.006511933,0.19916915893554688
2024-08-14 22:00:00,0.0,-2.0164252436836705,9.58553011462555e-06,0.006511933,0.289642333984375
2024-08-14 23:00:00,0.0,-2.9289794810798884,9.58553011462555e-06,0.006511933,0.35291290283203125
2024-08-15 00:00:00,0.0,-2.426716006453089,9.58553011462555e-06,0.006511933,0.3974609375
2024-08-15 01:00:00,0.0,-2.991745895734686,9.58553011462555e-06,0.0119700655,0.40289306640625
2024-08-15 02:00:00,0.0,-1.3709515346378405,9.58553011462555e-06,0.0119700655,0.11080169677734375
2024-08-15 03:00:00,0.0,1.1079406094650341,9.58553011462555e-06,0.021235034,-0.08042144775390625
2024-08-15 04:00:00,0.0,2.973418821141129,9.58553011462555e-06,0.021235034,-0.9167976379394531
2024-08-15 05:00:00,0.0,5.117015826684138,5.793287248158564e-05,0.020987684,-1.352447509765625
2024-08-15 06:00:00,5.284000000000001,8.061466435144148,6.38745937738972,6.627008,1.0880203247070312
2024-08-15 07:00:00,22.4,20.54280075401843,20.61108688888889,20.157356,20.054119110107422
2024-08-15 08:00:00,42.624,43.68720699245378,46.282633318649644,47.25814,46.59789276123047
2024-08-15 09:00:00,77.18,64.86893455417953,63.76899330627832,63.293774,70.83979797363281
2024-08-15 10:00:00,105.62,97.82507934064932,97.20295341025633,100.60723,85.16465759277344
2024-08-15 11:00:00,113.71,117.44125417057145,115.89424943059113,112.055374,109.73026275634766
2024-08-15 12:00:00,121.01,112.18725583204693,111.89495124866113,108.60766,118.68417358398438
2024-08-15 13:00:00,120.51,109.35822439952739,106.56679833552583,108.28208,105.53608703613281
2024-08-15 14:00:00,88.62400000000001,99.44707945615806,95.01010623060807,94.983864,81.77204895019531
2024-08-15 15:00:00,50.54,60.90263988077222,59.78153021669302,61.078453,59.73779296875
2024-08-15 16:00:00,31.224000000000004,27.72101486646079,27.431542048646826,27.982769,33.72666931152344
2024-08-15 17:00:00,12.37,17.154243369798067,14.265712451613012,15.131606,11.196466445922852
2024-08-15 18:00:00,1.444,3.522336954916174,1.598127854911228,1.5728674,1.5940780639648438
2024-08-15 19:00:00,0.0,-1.3258168266078352,9.58553011462555e-06,-0.031519696,0.46024322509765625
2024-08-15 20:00:00,0.0,0.5425958711646173,9.58553011462555e-06,0.011908344,0.406036376953125
2024-08-15 21:00:00,0.0,-1.1377540278992209,9.58553011462555e-06,0.0009577325,0.3485450744628906
2024-08-15 22:00:00,0.0,-0.887901844337672,9.58553011462555e-06,0.0009577325,0.3109550476074219
2024-08-15 23:00:00,0.0,-0.24881470966135488,9.58553011462555e-06,0.008498982,0.35160064697265625
2024-08-16 00:00:00,0.0,1.9103857160554085,9.58553011462555e-06,0.0005913423,0.4000587463378906
2024-08-16 01:00:00,0.0,-1.5945071944033922,9.58553011462555e-06,0.006491266,0.412109375
2024-08-16 02:00:00,0.0,-2.4297382929569267,9.58553011462555e-06,0.0020115117,0.07979202270507812
2024-08-16 03:00:00,0.0,-0.9051669924390318,9.58553011462555e-06,0.004053436,-0.08324813842773438
2024-08-16 04:00:00,0.0,3.321794969535821,9.58553011462555e-06,0.040767506,-0.7014541625976562
2024-08-16 05:00:00,0.0,5.668495772731573,5.793287248158564e-05,-0.21821661,-0.8816108703613281
2024-08-16 06:00:00,1.476,9.253798897573665,6.135639595497943,6.0918846,3.6168289184570312
2024-08-16 07:00:00,5.760000000000001,16.899513067492297,7.961469999999995,6.7279444,25.490392684936523
2024-08-16 08:00:00,10.53,23.576221135318168,14.574244363636367,13.389894,33.63299560546875
2024-08-16 09:00:00,20.66,26.56171488417177,24.645265876820204,27.684883,24.64539909362793
2024-08-16 10:00:00,40.514,34.74203193478283,32.6316384255297,32.375572,29.559127807617188
2024-08-16 11:00:00,57.73,53.153320702180075,54.867004833994,54.45349,40.76077651977539
2024-08-16 12:00:00,70.48400000000001,66.61918881982982,77.6097636674419,69.83127,66.3753662109375
2024-08-16 13:00:00,106.866,72.28387333252456,70.850470148331,68.939354,67.3336181640625
2024-08-16 14:00:00,96.384,107.3978821685316,92.32966416222801,84.17248,61.06504821777344
2024-08-16 15:00:00,75.346,81.18811670730881,61.963269488873365,61.954178,57.42058563232422
2024-08-16 16:00:00,43.92400000000001,54.69818672298465,55.181718349649,50.595753,39.806583404541016
2024-08-16 17:00:00,20.824,27.264946474597643,19.792444508573393,20.418573,20.232646942138672
2024-08-16 18:00:00,2.8100000000000005,11.473478390318913,2.508487111062743,2.5900202,4.405521392822266
2024-08-16 19:00:00,0.0,-0.7228903923169856,9.58553011462555e-06,-0.022624418,0.4956016540527344
2024-08-16 20:00:00,0.0,-0.1843141126352581,9.58553011462555e-06,-0.03736192,0.2951927185058594
2024-08-16 21:00:00,0.0,-1.252728638628744,9.58553011462555e-06,0.001670504,0.2815704345703125
2024-08-16 22:00:00,0.0,-0.5309343216782452,9.58553011462555e-06,-0.007492038,0.2659950256347656
2024-08-16 23:00:00,0.0,0.9757978113500547,9.58553011462555e-06,-0.0010171144,0.3208045959472656
2024-08-17 00:00:00,0.0,2.7343372927967806,9.58553011462555e-06,-0.0010171144,0.3399925231933594
2024-08-17 01:00:00,0.0,0.6464734756024413,9.58553011462555e-06,-0.0031153087,0.3456916809082031
2024-08-17 02:00:00,0.0,-2.2001567673761757,9.58553011462555e-06,0.0006175981,0.0275726318359375
2024-08-17 03:00:00,0.0,-1.7442484168432353,9.58553011462555e-06,0.004799172,-0.19871902465820312
2024-08-17 04:00:00,0.0,-0.41331105714412697,9.58553011462555e-06,0.013198985,-0.9786033630371094
2024-08-17 05:00:00,0.0,3.0434223830943843,5.793287248158564e-05,0.030028448,-1.2800407409667969
2024-08-17 06:00:00,7.294,5.983434716345647,6.708537644531748,7.264324,1.7056503295898438
2024-08-17 07:00:00,28.200000000000003,22.567720581406064,27.28948287179488,30.09313,22.14535140991211
2024-08-17 08:00:00,55.73400000000001,51.00133097803439,55.13354908022026,54.70542,67.70414733886719
2024-08-17 09:00:00,89.154,81.07345314080507,85.59109463338461,84.256905,88.85838317871094
2024-08-17 10:00:00,103.984,111.45653601057475,111.54801249218175,114.414024,113.43820190429688
2024-08-17 11:00:00,135.656,114.70086513995741,117.7314542512278,115.65052,134.99244689941406
2024-08-17 12:00:00,142.26600000000002,141.00792682815,134.32193349000482,128.78471,136.4469451904297
2024-08-17 13:00:00,138.394,133.9302720540238,126.85957648321954,127.3045,138.7410888671875
2024-08-17 14:00:00,98.304,114.16061282475309,113.80745291505346,114.44919,114.33723449707031
2024-08-17 15:00:00,62.454,67.90258687171229,66.22971111256649,67.02426,88.72457885742188
2024-08-17 16:00:00,26.760000000000005,37.8971961718009,37.62206026610268,34.821644,50.00436019897461
2024-08-17 17:00:00,12.524,11.846972382882377,11.585908916214635,11.313402,21.156829833984375
2024-08-17 18:00:00,1.646,6.597324258351801,1.9394341322056006,2.0141945,2.4122848510742188
2024-08-17 19:00:00,0.0,-0.24861416415103932,9.58553011462555e-06,-0.011026882,0.6968460083007812
2024-08-17 20:00:00,0.0,1.539053543288822,9.58553011462555e-06,0.018234914,0.6684036254882812
2024-08-17 21:00:00,0.0,0.7387608134413846,9.58553011462555e-06,0.01846321,0.6540946960449219
2024-08-17 22:00:00,0.0,-0.24742450752746858,9.58553011462555e-06,0.020585787,0.5901870727539062
2024-08-17 23:00:00,0.0,2.8471645357966064,9.58553011462555e-06,0.017509215,0.5717277526855469
2024-08-18 00:00:00,0.0,2.247144552803549,9.58553011462555e-06,0.017509215,0.5791397094726562
2024-08-18 01:00:00,0.0,-1.153523475884251,9.58553011462555e-06,0.022925049,0.59344482421875
2024-08-18 02:00:00,0.0,-2.1356942055892274,9.58553011462555e-06,0.022925049,0.305694580078125
2024-08-18 03:00:00,0.0,-0.33386899568889117,9.58553011462555e-06,0.022925049,0.023181915283203125
2024-08-18 04:00:00,0.0,1.4996535288365749,9.58553011462555e-06,0.01536872,-0.47528076171875
2024-08-18 05:00:00,0.0,5.8303507394629435,5.793287248158564e-05,0.011279924,-0.315216064453125
2024-08-18 06:00:00,7.970000000000001,9.189392000928548,6.7696647884073045,6.1797357,4.596866607666016
2024-08-18 07:00:00,35.88,26.54496980574197,35.692948751917946,33.440254,29.48333168029785
2024-08-18 08:00:00,70.146,63.607975090819686,69.84027634597119,70.31465,71.69325256347656
2024-08-18 09:00:00,103.13,98.68857387486418,99.56501092694828,100.605995,105.9240951538086
2024-08-18 10:00:00,119.15,125.59028552823429,125.67465070023043,129.67242,130.41867065429688
2024-08-18 11:00:00,119.166,128.06628969127874,128.90294641766783,127.99503,142.40963745117188
2024-08-18 12:00:00,99.23,114.67677729643705,119.37667590090962,118.07837,134.90965270996094
2024-08-18 13:00:00,69.59,85.54560208688997,92.34184546922606,94.43202,101.37962341308594
2024-08-18 14:00:00,38.35,53.22450198863587,63.370420586091,60.04442,67.82949829101562
2024-08-18 15:00:00,14.630000000000004,24.91836493529305,26.948991757982295,27.65434,39.3980598449707
2024-08-18 16:00:00,8.690000000000001,6.369292260202087,12.808599210543239,13.947868,23.122732162475586
2024-08-18 17:00:00,4.234000000000001,4.5271278928743826,8.010687235321377,6.6458135,5.66473388671875
2024-08-18 18:00:00,0.6940000000000001,1.8838925970803437,0.964391666666667,0.1365239,0.9737548828125
2024-08-18 19:00:00,0.0,1.3760472755909028,9.58553011462555e-06,-0.022116601,0.482147216796875
2024-08-18 20:00:00,0.0,3.1521609308181695,9.58553011462555e-06,-0.0025899957,0.3761749267578125
2024-08-18 21:00:00,0.0,0.5738956486356424,9.58553011462555e-06,-0.0010171144,0.3775291442871094
2024-08-18 22:00:00,0.0,-0.4760732724440704,9.58553011462555e-06,-0.0010171144,0.4142036437988281
2024-08-18 23:00:00,0.0,-0.9608267797096577,9.58553011462555e-06,-0.0034351503,0.431304931640625
2024-08-19 00:00:00,0.0,-1.320232333287934,9.58553011462555e-06,0.00028156012,0.4355621337890625
2024-08-19 01:00:00,0.0,-5.753366089096052,9.58553011462555e-06,0.0052979025,0.4167633056640625
2024-08-19 02:00:00,0.0,-3.748808106844583,9.58553011462555e-06,0.0067952108,0.18027877807617188
2024-08-19 03:00:00,0.0,-0.5456859592858052,9.58553011462555e-06,0.0067952108,0.004436492919921875
2024-08-19 04:00:00,0.0,3.482125862803583,9.58553011462555e-06,0.0067952108,-0.29520416259765625
2024-08-19 05:00:00,0.0,6.152589621111726,5.793287248158564e-05,0.0030577213,-0.4779853820800781
2024-08-19 06:00:00,4.996,8.55244109044199,4.682991580163233,4.684409,2.4332618713378906
2024-08-19 07:00:00,21.914,19.539779732921257,22.798927335368326,20.162298,23.092208862304688
2024-08-19 08:00:00,48.95,41.429162981758374,45.387332995550466,46.326157,42.65613555908203
2024-08-19 09:00:00,89.68400000000001,69.57217079674558,75.07049911646625,75.436386,65.70704650878906
2024-08-19 10:00:00,125.86,110.82717710117296,116.15212958413252,116.35307,90.83636474609375
2024-08-19 11:00:00,150.806,138.2786680200743,138.28175656964805,139.33708,120.14836883544922
2024-08-19 12:00:00,126.71,150.62838508323446,148.50319554674525,149.1312,131.4429931640625
2024-08-19 13:00:00,128.576,108.01954795889586,121.67371796078294,120.62185,123.72675323486328
2024-08-19 14:00:00,114.876,105.9312661911533,101.9641219483118,108.04765,78.52760314941406
2024-08-19 15:00:00,72.62,82.89396685953395,85.28633271742645,87.201385,53.743621826171875
2024-08-19 16:00:00,45.486,40.400549722247234,39.277523596306985,38.033497,35.89854049682617
2024-08-19 17:00:00,21.956000000000003,23.599064879891532,20.846147847718292,21.247112,10.906906127929688
2024-08-19 18:00:00,2.2100000000000004,6.731229788287923,2.4677826920505437,2.7473643,1.3933448791503906
2024-08-19 19:00:00,0.0,-3.389619092700155,9.58553011462555e-06,-0.029334312,0.2514495849609375
2024-08-19 20:00:00,0.0,-0.29881971504154325,9.58553011462555e-06,-0.089346685,0.19330978393554688
2024-08-19 21:00:00,0.0,-2.105740279852115,9.58553011462555e-06,0.0027682886,0.2521781921386719
2024-08-19 22:00:00,0.0,-1.3092375284919697,9.58553011462555e-06,-0.007933829,0.20930862426757812
2024-08-19 23:00:00,0.0,-0.6861757991135917,9.58553011462555e-06,-0.0023796335,0.22595596313476562
2024-08-20 00:00:00,0.0,-0.36469764967906126,9.58553011462555e-06,-0.0023796335,0.2939300537109375
2024-08-20 01:00:00,0.0,0.16985227132505276,9.58553011462555e-06,0.003078501,0.3727149963378906
2024-08-20 02:00:00,0.0,0.31997601585067503,9.58553011462555e-06,0.003078501,0.12923812866210938
2024-08-20 03:00:00,0.0,-0.04068481341647612,9.58553011462555e-06,0.003078501,-0.020904541015625
2024-08-20 04:00:00,0.0,3.6910704654318334,9.58553011462555e-06,0.003078501,-0.4012031555175781
2024-08-20 05:00:00,0.0,6.4441165181697855,5.793287248158564e-05,0.003682383,-0.12443923950195312
2024-08-20 06:00:00,6.91,9.53821690829908,6.595685995516217,6.8829517,1.3376045227050781
2024-08-20 07:00:00,31.796,26.597224718372757,32.1117393592869,32.94454,19.86137580871582
2024-08-20 08:00:00,64.05,59.80082179237838,65.27476965233197,66.78055,65.22952270507812
2024-08-20 09:00:00,105.166,93.46028761622637,95.52792795673446,96.63276,98.20941162109375
2024-08-20 10:00:00,130.46,129.49242475631846,131.98856869057587,136.0638,127.3943862915039
2024-08-20 11:00:00,148.19000000000003,143.110426621258,143.9501822299768,141.40639,148.345947265625
2024-08-20 12:00:00,139.376,148.8634194340496,145.24519912523252,141.48569,147.27572631835938
2024-08-20 13:00:00,90.684,124.16292747976016,127.3438385059197,129.30826,137.36679077148438
2024-08-20 14:00:00,73.44600000000001,67.71732777306639,77.39484465805411,78.84175,111.9743881225586
2024-08-20 15:00:00,58.46000000000001,54.1006921069079,42.81978381654797,43.207233,54.5548095703125
2024-08-20 16:00:00,39.19,38.67993522334753,34.17158244326633,37.278202,35.826942443847656
2024-08-20 17:00:00,17.45,21.631829855079033,18.15804849133018,18.76954,16.74767303466797
2024-08-20 18:00:00,2.154,6.281425017840597,2.0260258070716786,1.8799108,1.9616317749023438
2024-08-20 19:00:00,0.0,-2.1017989137739326,9.58553011462555e-06,0.008908499,0.3183631896972656
2024-08-20 20:00:00,0.0,1.6985784723974602,9.58553011462555e-06,0.022334505,0.21310806274414062
2024-08-20 21:00:00,0.0,-0.7775753490737793,9.58553011462555e-06,0.0048743314,0.26045989990234375
2024-08-20 22:00:00,0.0,-2.0155423214833856,9.58553011462555e-06,0.0039203377,0.24378204345703125
2024-08-20 23:00:00,0.0,-1.8203610564743657,9.58553011462555e-06,0.01220709,0.3011283874511719
2024-08-21 00:00:00,0.0,-2.528087948117118,9.58553011462555e-06,0.01220709,0.3943290710449219
2024-08-21 01:00:00,0.0,-6.243982943573001,9.58553011462555e-06,0.011807877,0.4486503601074219
2024-08-21 02:00:00,0.0,-0.44411690442666085,9.58553011462555e-06,0.011807877,0.09844589233398438
2024-08-21 03:00:00,0.0,1.4709294372377393,9.58553011462555e-06,0.018543653,-0.03400421142578125
2024-08-21 04:00:00,0.0,3.524033969513237,9.58553011462555e-06,0.0046627484,-0.2683219909667969
2024-08-21 05:00:00,0.0,6.2686443012771935,5.793287248158564e-05,0.023338651,-0.17298507690429688
2024-08-21 06:00:00,7.176000000000001,10.502615475032322,7.3662834413128655,7.2900925,4.148662567138672
2024-08-21 07:00:00,34.59,26.238635401276085,33.84166758349241,31.49661,30.64004135131836
2024-08-21 08:00:00,70.976,62.33133214846675,67.93389395339544,70.23367,70.99104309082031
2024-08-21 09:00:00,109.544,99.95888525538544,101.54834262580523,103.670265,103.66382598876953
2024-08-21 10:00:00,131.976,132.84408175795505,125.69312964816616,128.99162,126.8256607055664
2024-08-21 11:00:00,135.85,141.63907350129404,142.20825731947724,139.07059,142.8974609375
2024-08-21 12:00:00,128.08,130.82159381045622,131.0004869361344,132.60938,136.23448181152344
2024-08-21 13:00:00,74.16000000000001,110.97158526134774,116.60903687419456,113.75994,103.5336685180664
2024-08-21 14:00:00,49.196,53.28737718305872,72.46051003222733,61.106693,52.94704055786133
2024-08-21 15:00:00,55.004,35.922668431535406,42.362017598162076,41.19655,22.64303207397461
2024-08-21 16:00:00,37.604000000000006,41.142819486583775,29.220354994854507,32.544327,14.23031997680664
2024-08-21 17:00:00,17.130000000000003,19.328191372673214,16.333570621327627,18.655088,6.5785369873046875
2024-08-21 18:00:00,2.1460000000000004,4.748745645106576,1.9807740192136427,1.9951632,0.7843284606933594
2024-08-21 19:00:00,0.0,-2.5368997072042276,9.58553011462555e-06,-0.01743824,0.14447784423828125
2024-08-21 20:00:00,0.0,2.0293945540893734,9.58553011462555e-06,-0.0023729124,0.17470169067382812
2024-08-21 21:00:00,0.0,0.5974425246809307,9.58553011462555e-06,-0.003940867,0.2414398193359375
2024-08-21 22:00:00,0.0,-2.4433048178037335,9.58553011462555e-06,-0.018416151,0.29007720947265625
2024-08-21 23:00:00,0.0,-3.2285132520749404,9.58553011462555e-06,-0.029787308,0.35173797607421875
2024-08-22 00:00:00,0.0,-2.4464531072426166,9.58553011462555e-06,-0.006335929,0.38407135009765625
2024-08-22 01:00:00,0.0,-6.589323445938574,9.58553011462555e-06,-0.00087779557,0.3981513977050781
2024-08-22 02:00:00,0.0,-0.06921050165810616,9.58553011462555e-06,0.083934486,0.14623260498046875
2024-08-22 03:00:00,0.0,4.23628180858489,9.58553011462555e-06,0.034443308,-0.036407470703125
2024-08-22 04:00:00,0.0,3.785936267432872,9.58553011462555e-06,0.03237795,-0.4853477478027344
2024-08-22 05:00:00,0.0,5.773764656079326,0.00022821067927043093,0.0081903115,-0.60809326171875
2024-08-22 06:00:00,4.066,9.129733865182624,5.993793811194315,6.7670817,4.158718109130859
2024-08-22 07:00:00,17.856,19.336055325129173,18.458602500000012,17.647696,25.329574584960938
2024-08-22 08:00:00,39.504000000000005,38.26833526123994,36.19546871485873,39.505623,50.62205505371094
2024-08-22 09:00:00,54.05,60.6425463349671,60.437238941610055,63.1415,65.33998107910156
2024-08-22 10:00:00,74.98,69.46689253891341,66.42657721972229,67.83242,84.09953308105469
2024-08-22 11:00:00,102.724,85.1831277596554,76.75422804166352,64.78832,75.6510238647461
2024-08-22 12:00:00,118.524,108.9993642527968,98.13864566132776,91.55851,75.05293273925781
2024-08-22 13:00:00,99.95,114.00195222683533,106.23583857298927,109.84449,79.67054748535156
2024-08-22 14:00:00,100.676,81.21743383591448,79.0285415912841,84.648476,68.34722900390625
2024-08-22 15:00:00,67.65,79.88239068904568,69.31936168183937,71.24554,40.244136810302734
2024-08-22 16:00:00,40.776,41.9056423589252,38.31371131227356,38.404232,27.947002410888672
2024-08-22 17:00:00,17.16,20.581068320571184,17.275414271024395,20.172087,12.337621688842773
2024-08-22 18:00:00,2.036,4.1889409329786265,1.9607006846579766,2.0946512,2.431377410888672
2024-08-22 19:00:00,0.0,-3.783988403457611,0.0010495855301146254,0.34251863,0.23255157470703125
2024-08-22 20:00:00,0.0,0.6305003511056153,0.0010495855301146254,-0.16252391,0.07385635375976562
2024-08-22 21:00:00,0.0,-1.7316515982406333,0.0020895855301146255,-0.007922285,0.09032058715820312
2024-08-22 22:00:00,0.0,0.062008257896096985,0.0020895855301146255,-0.012251674,0.13336563110351562
2024-08-22 23:00:00,0.0,0.9461994134307474,9.58553011462555e-06,-0.026142882,0.21840667724609375
2024-08-23 00:00:00,0.0,1.3673672278984768,9.58553011462555e-06,-0.006335929,0.2748527526855469
2024-08-23 01:00:00,0.0,-2.034083548353694,9.58553011462555e-06,-0.00043600408,0.3107185363769531
2024-08-23 02:00:00,0.0,1.2103024803050761,9.58553011462555e-06,0.0010613042,0.12129592895507812
2024-08-23 03:00:00,0.0,-0.5261303477628045,9.58553011462555e-06,0.0010613042,-0.11543655395507812
2024-08-23 04:00:00,0.0,1.506053317189017,9.58553011462555e-06,-0.003915073,-0.6387596130371094
2024-08-23 05:00:00,0.0,3.6621990582085324,5.627044669702245e-05,-0.07002357,-0.8710250854492188
2024-08-23 06:00:00,3.2700000000000005,7.15881651321507,5.46912842308808,5.7185035,2.648021697998047
2024-08-23 07:00:00,14.044,17.505551061487406,14.290273076923086,13.3381405,20.89397430419922
2024-08-23 08:00:00,24.42,33.2892786741605,31.06954727254705,27.550697,43.25217056274414
2024-08-23 09:00:00,41.23,42.939444311012075,38.13907315769879,34.60575,52.90484619140625
2024-08-23 10:00:00,56.254,58.47428819214742,52.32051855282963,52.393837,60.46791076660156
2024-08-23 11:00:00,66.916,68.47787940433744,67.12360073526743,69.47275,75.8409652709961
2024-08-23 12:00:00,77.376,72.9559875889286,63.63930112589716,64.60578,77.1363525390625
2024-08-23 13:00:00,85.43,77.09019576700922,70.18686969342258,70.34276,68.91858673095703
2024-08-23 14:00:00,83.97000000000001,77.35147765716945,65.95886562727215,72.22839,57.822181701660156
2024-08-23 15:00:00,60.88400000000001,65.68874463110396,62.443876575212606,62.3349,44.66416549682617
2024-08-23 16:00:00,36.336000000000006,37.93030842067861,34.434407907594384,33.334923,30.057708740234375
2024-08-23 17:00:00,16.330000000000002,19.06125543078714,16.257632319643022,15.568598,13.342103958129883
2024-08-23 18:00:00,1.57,6.507741285338291,1.9151346216867033,1.8561916,2.555316925048828
2024-08-23 19:00:00,0.0,-2.8315137182364727,9.58553011462555e-06,-0.054459557,0.317626953125
2024-08-23 20:00:00,0.0,-0.8806414437572698,9.58553011462555e-06,-0.03736192,0.19946670532226562
2024-08-23 21:00:00,0.0,-2.4417683304831543,9.58553011462555e-06,-0.036441192,0.19417190551757812
2024-08-23 22:00:00,0.0,-1.2971824839642396,9.58553011462555e-06,-0.0055277436,0.2458038330078125
2024-08-23 23:00:00,0.0,0.9755096772459986,9.58553011462555e-06,-0.011448333,0.3371772766113281
2024-08-24 00:00:00,0.0,2.9776517269463465,9.58553011462555e-06,-0.011448333,0.3783912658691406
2024-08-24 01:00:00,0.0,-0.20821359540381934,9.58553011462555e-06,0.0010613042,0.3875732421875
2024-08-24 02:00:00,0.0,-0.6551254857399735,9.58553011462555e-06,-0.0044928915,0.049983978271484375
2024-08-24 03:00:00,0.0,-1.311607172522094,9.58553011462555e-06,0.012307599,-0.19366836547851562
2024-08-24 04:00:00,0.0,0.6841119602184227,9.58553011462555e-06,0.033380676,-0.7894058227539062
2024-08-24 05:00:00,0.0,3.886043097882352,5.793287248158564e-05,0.06300919,-1.1917381286621094
2024-08-24 06:00:00,5.43,7.474655153546703,5.716815219177667,5.5835705,3.0140342712402344
2024-08-24 07:00:00,24.764,20.787320505104493,26.978934885865453,26.816654,22.53292465209961
2024-08-24 08:00:00,55.720000000000006,47.50720022361157,49.375076523922964,50.749187,59.033843994140625
2024-08-24 09:00:00,63.446000000000005,80.64672822490843,83.66822525698082,81.24538,83.9014892578125
2024-08-24 10:00:00,83.62,78.41607678731685,81.54546419575348,79.230125,111.95000457763672
2024-08-24 11:00:00,70.134,93.26707075643273,86.39124329021655,91.77864,103.38601684570312
2024-08-24 12:00:00,50.79,69.98393418701724,65.34345866489097,61.76205,105.66555786132812
2024-08-24 13:00:00,27.180000000000003,46.65612742265849,57.97825813248703,54.694427,82.57363891601562
2024-08-24 14:00:00,36.52,21.942353703655407,32.04951590427091,31.563711,44.69829559326172
2024-08-24 15:00:00,24.590000000000003,31.26325044139957,24.211748852888995,25.91781,26.432111740112305
2024-08-24 16:00:00,15.306,15.130865141273322,20.51353253133198,19.217825,15.894052505493164
2024-08-24 17:00:00,6.944,7.430462229894813,7.742926562320131,7.7603106,5.181423187255859
2024-08-24 18:00:00,0.79,3.2927387562898733,0.8226975000000002,0.14268947,1.0033454895019531
2024-08-24 19:00:00,0.0,0.19338133343555697,9.58553011462555e-06,-0.02779966,0.15742874145507812
2024-08-24 20:00:00,0.0,0.4778085195772954,9.58553011462555e-06,-0.06603176,0.015316009521484375
2024-08-24 21:00:00,0.0,-3.7332904967842966,9.58553011462555e-06,-0.01594605,0.095123291015625
2024-08-24 22:00:00,0.0,-2.697589468781559,9.58553011462555e-06,0.0120096,0.19699859619140625
2024-08-24 23:00:00,0.0,-5.105803317317607,9.58553011462555e-06,-0.002043387,0.23757553100585938
2024-08-25 00:00:00,0.0,-2.6126853808315094,9.58553011462555e-06,-0.004030435,0.25862884521484375
2024-08-25 01:00:00,0.0,-3.9694208622077096,9.58553011462555e-06,0.0056092744,0.22154617309570312
2024-08-25 02:00:00,0.0,-0.11127911126524825,9.58553011462555e-06,-0.05849381,-0.11240005493164062
2024-08-25 03:00:00,0.0,-0.21460570428338066,9.58553011462555e-06,-0.035036035,-0.17138671875
2024-08-25 04:00:00,0.0,2.219607274266819,9.58553011462555e-06,-0.095784865,-0.7053604125976562
2024-08-25 05:00:00,0.0,5.4829328719891315,5.793287248158564e-05,0.18620628,-0.8818321228027344
2024-08-25 06:00:00,4.670000000000001,8.677376267745155,3.2321116229514892,3.2502108,3.0745620727539062
2024-08-25 07:00:00,21.06,17.74781528823054,25.08005535147393,23.29086,19.601058959960938
2024-08-25 08:00:00,45.786,38.446700270348096,40.9014953418632,40.206245,48.91033935546875
2024-08-25 09:00:00,67.3,65.35114816357512,72.55641523807533,69.82365,65.42817687988281
2024-08-25 10:00:00,86.69,82.41538404519449,85.90773010534349,84.3057,84.238525390625
2024-08-25 11:00:00,85.77000000000001,93.85965775626255,87.51848381727312,90.89135,90.4581298828125
2024-08-25 12:00:00,60.99600000000001,82.26006996126318,74.0141322933697,75.8242,88.40904998779297
2024-08-25 13:00:00,50.904,51.94617830981797,55.13929913482515,59.741642,77.87599182128906
2024-08-25 14:00:00,38.86000000000001,43.075975800288255,50.54995266442661,50.201984,39.50364303588867
2024-08-25 15:00:00,34.04,27.16048375858705,25.210810684773687,28.263678,22.649721145629883
2024-08-25 16:00:00,22.47,21.26721413609423,21.201604107894767,22.595625,12.423173904418945
2024-08-25 17:00:00,11.16,10.01489263504801,10.554713310309571,9.893633,4.305137634277344
2024-08-25 18:00:00,1.4800000000000002,2.72687496501827,1.7224967985308428,1.3604317,0.9587669372558594
2024-08-25 19:00:00,0.0,-1.987058344052758,9.58553011462555e-06,-0.025254112,0.06737899780273438
2024-08-25 20:00:00,0.0,-0.4189748325286873,9.58553011462555e-06,-0.03839805,0.0187225341796875
2024-08-25 21:00:00,0.0,-1.9967234516916266,9.58553011462555e-06,-0.20341001,0.2039794921875
2024-08-25 22:00:00,0.0,-2.975312447031734,9.58553011462555e-06,0.014757199,0.3722991943359375
2024-08-25 23:00:00,0.0,-3.4047425372975275,9.58553011462555e-06,-0.022273654,0.4363441467285156
2024-08-26 00:00:00,0.0,-1.7067490308024,9.58553011462555e-06,-0.022273654,0.4729652404785156
2024-08-26 01:00:00,0.0,-2.285859137873821,9.58553011462555e-06,-0.016613629,0.4825706481933594
2024-08-26 02:00:00,0.0,-0.5978251721045931,9.58553011462555e-06,-0.101413645,0.19321823120117188
2024-08-26 03:00:00,0.0,1.517603605730911,9.58553011462555e-06,0.031084552,0.3302955627441406
2024-08-26 04:00:00,0.0,2.7706924957845604,9.58553011462555e-06,-0.20746009,0.035533905029296875
2024-08-26 05:00:00,0.0,5.353994512930795,5.793287248158564e-05,0.20376723,-0.24227142333984375
2024-08-26 06:00:00,5.23,8.431676272298786,5.211427394030434,5.6110525,3.414325714111328
2024-08-26 07:00:00,24.6,21.41400523753589,27.939598099397664,26.191833,24.518299102783203
2024-08-26 08:00:00,52.760000000000005,47.648368875727364,48.935880357653616,49.574036,56.874534606933594
2024-08-26 09:00:00,73.37,77.37397160261636,83.37665923901008,86.00785,76.29156494140625
2024-08-26 10:00:00,95.03,90.33594508782363,91.30057599129272,91.43077,107.22106170654297
2024-08-26 11:00:00,125.494,103.71259311687393,97.07395547952423,103.90633,115.0483627319336
2024-08-26 12:00:00,109.18,129.0948781941965,119.1569399720612,119.95663,112.21369171142578
2024-08-26 13:00:00,112.094,95.61153242615254,96.7846262790105,97.78923,111.14451599121094
2024-08-26 14:00:00,90.916,91.52439270999395,87.47769886365789,86.57539,69.312255859375
2024-08-26 15:00:00,53.016,63.609904632635626,61.753132869605636,61.801044,49.53725051879883
2024-08-26 16:00:00,36.03,29.142557929870094,29.187283457517598,28.135723,28.32565689086914
2024-08-26 17:00:00,18.776,21.8473906068867,14.917855102352927,14.958422,6.998319625854492
2024-08-26 18:00:00,1.086,7.775248069691665,1.8549182937851372,1.7817339,1.0328636169433594
2024-08-26 19:00:00,0.0,-3.1313345534199253,9.58553011462555e-06,-0.07853379,0.3068084716796875
2024-08-26 20:00:00,0.0,0.3310195302307255,9.58553011462555e-06,-0.045150027,0.24919509887695312
2024-08-26 21:00:00,0.0,-2.5449106574109246,9.58553011462555e-06,-0.018372396,0.2884941101074219
2024-08-26 22:00:00,0.0,-0.9615212815263199,9.58553011462555e-06,-0.02848934,0.2811622619628906
2024-08-26 23:00:00,0.0,-0.3604577839857974,9.58553011462555e-06,-0.020157177,0.3088188171386719
2024-08-27 00:00:00,0.0,-1.282983505926505,9.58553011462555e-06,-0.01865987,0.3499031066894531
2024-08-27 01:00:00,0.0,-1.3293882114019704,9.58553011462555e-06,-0.0041890168,0.3989067077636719
2024-08-27 02:00:00,0.0,-0.9397886207790052,9.58553011462555e-06,0.0077658272,0.09363937377929688
2024-08-27 03:00:00,0.0,0.1284803339052143,9.58553011462555e-06,0.029125769,0.1787109375
2024-08-27 04:00:00,0.0,4.538901211514377,9.58553011462555e-06,0.06785094,-0.29693603515625
2024-08-27 05:00:00,0.0,6.738611181983909,5.793287248158564e-05,0.10188078,-0.5216712951660156
2024-08-27 06:00:00,2.07,9.423834233277779,5.565638204198288,5.478612,3.474468231201172
2024-08-27 07:00:00,15.044,17.803595614546847,12.147333076923083,13.324627,24.102693557739258
2024-08-27 08:00:00,39.830000000000005,36.94803396411759,33.113216365747064,33.855347,50.86677169799805
2024-08-27 09:00:00,73.976,63.48021464236525,66.24692091753198,63.17689,60.22816467285156
2024-08-27 10:00:00,112.87,96.93473889723327,95.27483679759834,99.3905,85.8504638671875
2024-08-27 11:00:00,127.03,130.00028019100588,123.97531429075741,128.34612,109.74884033203125
2024-08-27 12:00:00,117.72,129.569800000673,128.03291018707358,125.93448,124.53257751464844
2024-08-27 13:00:00,70.48400000000001,105.90696874702795,113.6024278840352,112.127846,104.18960571289062
2024-08-27 14:00:00,50.54,55.056943984006985,75.4068490634731,66.206154,65.19690704345703
2024-08-27 15:00:00,24.114,40.411691054832616,34.75922672305679,39.279984,24.958332061767578
2024-08-27 16:00:00,17.6,14.18956315397087,19.082032584642707,19.164558,16.48367691040039
2024-08-27 17:00:00,6.51,11.20295350998828,7.541988200946662,7.7732615,6.3702850341796875
2024-08-27 18:00:00,0.8500000000000001,1.4972126487958937,0.930308214285714,0.17277755,1.4806442260742188
2024-08-27 19:00:00,0.0,0.4290412226315441,9.58553011462555e-06,0.008445168,0.4785003662109375
2024-08-27 20:00:00,0.0,4.2541479591231806,9.58553011462555e-06,-0.020788876,0.3583641052246094
2024-08-27 21:00:00,0.0,1.8323866497219123,9.58553011462555e-06,-0.186192,0.3204345703125
2024-08-27 22:00:00,0.0,1.0867882793933301,9.58553011462555e-06,-0.009725954,0.3501434326171875
2024-08-27 23:00:00,0.0,-1.7391481749515112,9.58553011462555e-06,-0.009725954,0.42777252197265625
2024-08-28 00:00:00,0.0,-2.417118602249371,9.58553011462555e-06,-0.0077389074,0.5146255493164062
2024-08-28 01:00:00,0.0,-7.047141651798179,9.58553011462555e-06,-0.0022807743,0.5860252380371094
2024-08-28 02:00:00,0.0,-1.9581252154692912,9.58553011462555e-06,-0.0051172976,0.30568695068359375
2024-08-28 03:00:00,0.0,-0.7449092919585114,9.58553011462555e-06,-0.006038027,0.3420257568359375
2024-08-28 04:00:00,0.0,2.5144453878398174,9.58553011462555e-06,-0.008649738,-0.12024688720703125
2024-08-28 05:00:00,0.0,3.719137856528649,5.793287248158564e-05,0.031624928,-0.16464996337890625
2024-08-28 06:00:00,6.324000000000001,6.365197023023169,4.491294803081885,4.7209673,4.739593505859375
2024-08-28 07:00:00,29.696,20.18839226728574,30.56050378387163,31.394407,26.865924835205078
2024-08-28 08:00:00,58.784000000000006,52.83342749639142,58.945906847055,60.729973,67.58538818359375
2024-08-28 09:00:00,87.49600000000001,83.01605797146757,89.11944705604193,92.14362,94.03140258789062
2024-08-28 10:00:00,121.634,106.3755082724964,107.81767775209761,106.571144,119.73311614990234
2024-08-28 11:00:00,129.19000000000003,132.6102972272932,129.8316731374767,129.52167,132.37648010253906
2024-08-28 12:00:00,99.48,126.56511471610816,127.82150950575766,123.69057,138.62371826171875
2024-08-28 13:00:00,88.016,83.55119807736588,91.37400076876506,91.360306,116.2083511352539
2024-08-28 14:00:00,71.724,70.94855411226033,66.30408952500495,68.091835,60.630584716796875
2024-08-28 15:00:00,34.024,50.100558923995074,46.460881361311316,46.269382,43.08877182006836
2024-08-28 16:00:00,19.91,15.531731842249041,23.227584366002713,21.020586,28.390060424804688
2024-08-28 17:00:00,7.844,10.161064685167062,9.839239749099244,8.99016,6.14324951171875
2024-08-28 18:00:00,0.55,1.3175271487458389,0.5011717870697402,0.35874936,0.8469085693359375
2024-08-28 19:00:00,0.0,0.08166655538270096,9.58553011462555e-06,0.008445168,0.3391990661621094
2024-08-28 20:00:00,0.0,2.0187031624633516,9.58553011462555e-06,-0.012159073,0.3026771545410156
2024-08-28 21:00:00,0.0,-1.1716468001094915,9.58553011462555e-06,-0.0044028573,0.310821533203125
2024-08-28 22:00:00,0.0,-0.6765230831069093,9.58553011462555e-06,0.0011513424,0.3683891296386719
2024-08-28 23:00:00,0.0,-2.224381359734174,9.58553011462555e-06,0.0011513424,0.4799652099609375
2024-08-29 00:00:00,0.0,-2.070257204061191,9.58553011462555e-06,-0.003853401,0.5715560913085938
2024-08-29 01:00:00,0.0,-2.3789244204887448,9.58553011462555e-06,-0.0038341463,0.6460456848144531
2024-08-29 02:00:00,0.0,-1.1314622972273876,9.58553011462555e-06,-0.0011498809,0.35955047607421875
2024-08-29 03:00:00,0.0,-1.07136173559564,9.58553011462555e-06,-0.096052095,0.29168701171875
2024-08-29 04:00:00,0.0,3.572499195027646,9.58553011462555e-06,0.003595625,0.010791778564453125
2024-08-29 05:00:00,0.0,6.0961079501465445,5.793287248158564e-05,0.0858161,-0.12631607055664062
2024-08-29 06:00:00,4.78,9.17206263528288,5.145640447818472,4.9835086,5.017696380615234
2024-08-29 07:00:00,24.71,21.624954115227837,26.68697395810435,25.545631,28.175617218017578
2024-08-29 08:00:00,52.74600000000001,48.796895408913336,50.0410670030397,50.616314,64.04331970214844
2024-08-29 09:00:00,83.54,78.0795546775638,84.62858373509854,84.188675,78.87376403808594
2024-08-29 10:00:00,98.85,103.51927929544931,104.06221513914565,104.83451,106.96223449707031
2024-08-29 11:00:00,116.84000000000002,106.6064651885304,109.99848263444461,102.30635,118.72598266601562
2024-08-29 12:00:00,117.92000000000002,116.94449894284668,109.69797385830307,108.06742,112.5862808227539
2024-08-29 13:00:00,106.86,106.29099633417675,101.3095862037627,104.86391,92.21841430664062
2024-08-29 14:00:00,32.32,83.61368725260041,82.85084680311861,86.28805,73.69978332519531
2024-08-29 15:00:00,19.840000000000003,10.843541168553902,23.022952193884826,23.041449,51.434139251708984
2024-08-29 16:00:00,13.214,14.798183501139448,13.930461466716395,14.081702,18.102331161499023
2024-08-29 17:00:00,6.07,8.459744933490626,8.142190081393842,7.1830473,3.272296905517578
2024-08-29 18:00:00,0.844,3.4943366445699873,9.58553011462555e-06,-0.03279334,0.6586875915527344
2024-08-29 19:00:00,0.0,1.5436189305106165,9.58553011462555e-06,-0.04092005,-0.2551727294921875
2024-08-29 20:00:00,0.0,1.1062035942548913,9.58553011462555e-06,-0.032517966,-0.3294792175292969
2024-08-29 21:00:00,0.0,1.6850587710666867,9.58553011462555e-06,-0.041116834,-0.08679962158203125
2024-08-29 22:00:00,0.0,0.13158118868434787,9.58553011462555e-06,-0.041116834,0.13213729858398438
2024-08-29 23:00:00,0.0,0.10914747486765819,9.58553011462555e-06,-0.017795816,0.20204925537109375
2024-08-30 00:00:00,0.0,-0.6384217591686561,9.58553011462555e-06,-0.017795816,0.2870216369628906
2024-08-30 01:00:00,0.0,-5.2374654136882715,9.58553011462555e-06,0.0067506116,0.4415740966796875
2024-08-30 02:00:00,0.0,-8.428304765165901,9.58553011462555e-06,-0.056875613,0.1827850341796875
2024-08-30 03:00:00,0.0,-0.3166862396802319,9.58553011462555e-06,0.1326277,0.1396636962890625
2024-08-30 04:00:00,0.0,2.4980252956947204,9.58553011462555e-06,0.16838485,-0.12076187133789062
2024-08-30 05:00:00,0.0,5.23209524293711,5.793287248158564e-05,0.12104875,-0.0874176025390625
2024-08-30 06:00:00,8.89,8.828596639497336,4.2806472027325215,5.2112937,2.4529647827148438
2024-08-30 07:00:00,41.59,26.78110638151317,34.183311400881685,37.45563,21.76515769958496
2024-08-30 08:00:00,82.05000000000001,69.96186434042156,77.63808870044934,79.41118,72.54046630859375
2024-08-30 09:00:00,104.62,111.84582501965502,112.62063028463548,114.508575,114.69091796875
2024-08-30 10:00:00,132.72,121.35181190325454,120.50910293168616,120.44866,145.37474060058594
2024-08-30 11:00:00,135.96,140.0818266463786,140.05415767558006,144.45749,150.75018310546875
2024-08-30 12:00:00,152.99,129.62990635138237,135.02552473087383,138.16663,152.90496826171875
2024-08-30 13:00:00,149.22400000000002,136.74232149238057,130.45072552733578,133.61217,134.56552124023438
2024-08-30 14:00:00,121.866,117.79210174560168,124.45282239893257,128.46501,117.09107208251953
2024-08-30 15:00:00,93.51,81.01460171864184,93.54467168627971,97.48466,88.9089584350586
2024-08-30 16:00:00,57.334,56.60221451840185,58.965162108704135,60.70995,51.299747467041016
2024-08-30 17:00:00,23.680000000000003,27.364641745603336,24.654669341269845,24.07335,21.394676208496094
2024-08-30 18:00:00,1.88,6.354256910587605,2.421579973684967,2.883823,1.9412345886230469
2024-08-30 19:00:00,0.0,-5.367789321326679,9.58553011462555e-06,-0.0690031,0.10384368896484375
2024-08-30 20:00:00,0.0,-1.8916479924977727,9.58553011462555e-06,-0.16729572,-0.03125762939453125
2024-08-30 21:00:00,0.0,-4.313688618963166,9.58553011462555e-06,-0.06390775,0.050189971923828125
2024-08-30 22:00:00,0.0,-1.987163716788178,9.58553011462555e-06,-0.018670423,0.12611770629882812
2024-08-30 23:00:00,0.0,-0.06749034749027327,9.58553011462555e-06,-0.035971165,0.17777633666992188
2024-08-31 00:00:00,0.0,4.223014004576914,9.58553011462555e-06,-0.028671687,0.2942047119140625
2024-08-31 01:00:00,0.0,1.2636897595409957,9.58553011462555e-06,-0.011252667,0.3659248352050781
2024-08-31 02:00:00,0.0,0.7919444185591757,9.58553011462555e-06,-0.0032801046,-0.07638168334960938
2024-08-31 03:00:00,0.0,2.4450280680120144,9.58553011462555e-06,0.026974088,-0.42395782470703125
2024-08-31 04:00:00,0.0,3.524679713112441,9.58553011462555e-06,0.09133754,-0.49289703369140625
2024-08-31 05:00:00,0.0,7.233450753332631,5.793287248158564e-05,0.08541046,-0.8665046691894531
2024-08-31 06:00:00,6.204000000000001,12.456729972231997,6.458713771710496,6.588957,3.8360137939453125
2024-08-31 07:00:00,25.53,27.532333486502885,30.370191227392496,31.323397,27.949613571166992
2024-08-31 08:00:00,58.79600000000001,53.97659311550737,51.39452765950851,52.81599,64.06787872314453
2024-08-31 09:00:00,83.48,89.59505043812521,85.09793338857959,81.35378,87.05091857910156
2024-08-31 10:00:00,105.22,106.38300089639901,100.48339962940847,104.72579,114.29071807861328
2024-08-31 11:00:00,117.21,117.68682558160918,123.82702527260369,123.16382,120.46807861328125
2024-08-31 12:00:00,120.776,118.00948985225526,122.93216318257817,124.3214,112.91181182861328
2024-08-31 13:00:00,111.484,109.58898578419459,106.86969090101107,116.25875,96.9029769897461
2024-08-31 14:00:00,96.266,89.44733529503947,88.9500558660767,97.24808,65.61128997802734
2024-08-31 15:00:00,73.95,67.66976464241861,66.16250564506103,66.94838,45.16941452026367
2024-08-31 16:00:00,46.57,44.63843024802547,43.89348630740259,44.258232,25.525596618652344
2024-08-31 17:00:00,19.480000000000004,21.28584373894217,20.740237512767436,21.319525,9.314393997192383
2024-08-31 18:00:00,1.77,3.5426524722298236,1.9788200300942211,1.4629545,1.4172172546386719
2024-08-31 19:00:00,0.0,-4.606542427957404,9.58553011462555e-06,0.0026255567,-0.038318634033203125
2024-08-31 20:00:00,0.0,-1.0903946257281758,9.58553011462555e-06,0.02332502,-0.12215042114257812
2024-08-31 21:00:00,0.0,-2.966509871726017,9.58553011462555e-06,-0.026163483,0.0228729248046875
2024-08-31 22:00:00,0.0,-2.4011456868872716,9.58553011462555e-06,-0.013794793,0.149932861328125
2024-08-31 23:00:00,0.0,-0.5231588995171679,9.58553011462555e-06,-0.012297485,0.20405197143554688
2024-09-01 00:00:00,0.0,1.975471735279152,9.58553011462555e-06,-0.018846296,0.2878265380859375
2024-09-01 01:00:00,0.0,-0.8192618023260687,9.58553011462555e-06,0.05111607,0.38544464111328125
2024-09-01 02:00:00,0.0,0.8720071259888567,9.58553011462555e-06,0.043932308,-0.09368133544921875
2024-09-01 03:00:00,0.0,1.9475182494156904,9.58553011462555e-06,0.34180987,-0.5469398498535156
2024-09-01 04:00:00,0.0,3.724058834292393,9.58553011462555e-06,0.16187952,-0.6681480407714844
2024-09-01 05:00:00,0.0,6.791052225615882,0.00649265042568137,0.17785016,-0.9034538269042969
2024-09-01 06:00:00,6.76,10.756064006653592,5.650340873641262,6.0673513,3.6239891052246094
2024-09-01 07:00:00,35.18,25.62865144156822,31.290737142857157,33.891476,24.179704666137695
2024-09-01 08:00:00,71.134,64.10226248596595,67.96816314562129,67.95887,63.80803298950195
2024-09-01 09:00:00,84.34,101.0035044444499,92.0960095178268,98.51161,97.07563018798828
2024-09-01 10:00:00,105.466,102.78512001994824,98.77570182034678,95.00914,118.9516830444336
2024-09-01 11:00:00,112.18,115.68198724956537,113.85119263606059,116.80369,109.01410675048828
2024-09-01 12:00:00,128.816,112.21140841695745,110.53232772450858,112.37177,100.8196029663086
2024-09-01 13:00:00,108.634,121.06359008126282,103.69232708352348,109.89266,98.48098754882812
2024-09-01 14:00:00,97.354,84.8319427970325,85.60920477474008,90.27743,86.47219848632812
2024-09-01 15:00:00,70.384,70.07525693281877,61.57543852437513,68.43007,53.65337371826172
2024-09-01 16:00:00,43.47,42.642674965248524,41.76162064773643,41.370655,27.397960662841797
2024-09-01 17:00:00,17.786,19.635798075230703,16.928025329725834,16.034672,7.878650665283203
2024-09-01 18:00:00,1.7100000000000002,2.0784298695789722,1.133496521980663,0.8421937,1.0227622985839844
2024-09-01 19:00:00,0.0,-7.164706038215593,9.58553011462555e-06,-0.06736337,-0.14673233032226562
2024-09-01 20:00:00,0.0,-3.5286891821976383,9.58553011462555e-06,-0.01720733,-0.3721351623535156
2024-09-01 21:00:00,0.0,-4.243255568312968,9.58553011462555e-06,-0.0064294436,-0.23968124389648438
2024-09-01 22:00:00,0.0,-1.641030981397197,9.58553011462555e-06,-0.030095842,0.000667572021484375
2024-09-01 23:00:00,0.0,0.03064488632743867,9.58553011462555e-06,-0.00283118,0.13831329345703125
2024-09-02 00:00:00,0.0,3.039504015535954,9.58553011462555e-06,-0.012236127,0.28003692626953125
2024-09-02 01:00:00,0.0,-1.8371678588160094,9.58553011462555e-06,-0.01600057,0.37172698974609375
2024-09-02 02:00:00,0.0,1.0192289805135655,9.58553011462555e-06,0.02933005,-0.1425323486328125
2024-09-02 03:00:00,0.0,1.7209976302487746,9.58553011462555e-06,0.0010384825,-0.3854942321777344
2024-09-02 04:00:00,0.0,3.707722811257728,9.58553011462555e-06,0.0022515561,-0.5933799743652344
2024-09-02 05:00:00,0.0,6.213900488952088,5.793287248158564e-05,-0.0090785045,-1.193328857421875
2024-09-02 06:00:00,5.904,10.537415376886639,5.429501755049449,5.4146876,3.7611465454101562
2024-09-02 07:00:00,27.8,24.816574428973944,29.40923902197804,29.149797,28.734909057617188
2024-09-02 08:00:00,63.946000000000005,54.58848550784827,55.038718514613166,55.138004,60.943267822265625
2024-09-02 09:00:00,89.01,92.96713246148292,89.82055592149709,84.96203,77.25707244873047
2024-09-02 10:00:00,115.08,109.83695432796762,111.24303760107821,108.314285,106.95355224609375
2024-09-02 11:00:00,117.006,125.93242870250754,124.18595901092282,122.27494,122.48688507080078
2024-09-02 12:00:00,130.41600000000005,115.26230227809415,117.88301137577751,119.19669,126.53348541259766
2024-09-02 13:00:00,107.86,120.15917805039817,112.07148386027467,120.10909,123.60506439208984
2024-09-02 14:00:00,96.154,84.42840113932326,88.36248113429048,87.716446,111.32990264892578
2024-09-02 15:00:00,66.616,69.88477941681651,64.2240563777785,65.540985,72.92760467529297
2024-09-02 16:00:00,46.576,40.06405386737508,38.962040112095025,38.369675,38.121124267578125
2024-09-02 17:00:00,18.45,25.15397272584208,17.060163195071013,17.883062,11.520393371582031
2024-09-02 18:00:00,1.356,4.341613984618455,1.1318978457930973,1.2149304,1.6045112609863281
2024-09-02 19:00:00,0.0,-4.711138928572542,9.58553011462555e-06,-0.0085069295,-0.028736114501953125
2024-09-02 20:00:00,0.0,-0.16749273826077893,9.58553011462555e-06,0.0076092742,-0.10326385498046875
2024-09-02 21:00:00,0.0,-3.304296432497385,9.58553011462555e-06,-0.020277208,0.05841827392578125
2024-09-02 22:00:00,0.0,-2.34336821705061,9.58553011462555e-06,-0.020018317,0.26258087158203125
2024-09-02 23:00:00,0.0,-2.219806560230779,9.58553011462555e-06,-0.020018317,0.33721923828125
2024-09-03 00:00:00,0.0,0.9193799663085587,9.58553011462555e-06,-0.019528573,0.46440887451171875
2024-09-03 01:00:00,0.0,-2.288511149231384,9.58553011462555e-06,0.0020240126,0.5727005004882812
2024-09-03 02:00:00,0.0,1.0419760893240841,9.58553011462555e-06,0.0035213204,0.282684326171875
2024-09-03 03:00:00,0.0,1.5274642725773742,9.58553011462555e-06,-0.100921564,0.06298828125
2024-09-03 04:00:00,0.0,4.0052995206825805,9.58553011462555e-06,-0.09393464,-0.02162933349609375
2024-09-03 05:00:00,0.0,5.589907316922982,5.793287248158564e-05,0.017814266,-0.5844802856445312
2024-09-03 06:00:00,6.416,9.938559175171733,6.329401947399356,5.5255113,4.184452056884766
2024-09-03 07:00:00,31.12,26.468830305637226,32.331204267159485,34.472897,28.865562438964844
2024-09-03 08:00:00,69.4,60.498643827248536,64.05608666320123,65.85569,78.09642028808594
2024-09-03 09:00:00,90.854,99.56075141003882,102.7664985848372,102.34425,95.51548767089844
2024-09-03 10:00:00,113.456,111.2407723687237,113.3144778604653,114.9509,126.76512145996094
2024-09-03 11:00:00,125.42000000000002,123.87042282885707,124.64187512963309,123.63303,133.08901977539062
2024-09-03 12:00:00,122.706,126.85233408114743,119.24850861669262,123.35166,134.36216735839844
2024-09-03 13:00:00,136.29000000000002,110.31232258973083,105.39132334172012,108.208336,127.94991302490234
2024-09-03 14:00:00,118.384,114.48345780723653,111.2995012453362,112.355896,109.65660095214844
2024-09-03 15:00:00,91.51,84.0005975840424,92.5790459765424,92.498314,87.33203125
2024-09-03 16:00:00,55.54600000000001,56.77640566891926,56.928794828694926,57.272,54.553199768066406
2024-09-03 17:00:00,21.094,27.235448739946904,20.554118889110892,21.055758,21.634822845458984
2024-09-03 18:00:00,1.6760000000000002,4.378249363713778,1.2262990429652785,1.0518372,2.5920562744140625
2024-09-03 19:00:00,0.0,-4.272668008712418,9.58553011462555e-06,-0.18098778,0.24742889404296875
2024-09-03 20:00:00,0.0,-1.731103454220424,9.58553011462555e-06,0.027665261,0.159881591796875
2024-09-03 21:00:00,0.0,-4.395334790289488,9.58553011462555e-06,-0.007839741,0.21303558349609375
2024-09-03 22:00:00,0.0,-2.6606130401846166,9.58553011462555e-06,0.015340306,0.28802490234375
2024-09-03 23:00:00,0.0,-0.7486196376567147,9.58553011462555e-06,0.0070497114,0.37892913818359375
2024-09-04 00:00:00,0.0,2.4829248176390415,9.58553011462555e-06,-0.022231642,0.5040550231933594
2024-09-04 01:00:00,0.0,2.34296873420371,9.58553011462555e-06,-0.015985724,0.5950126647949219
2024-09-04 02:00:00,0.0,1.6640186006463429,9.58553011462555e-06,-0.003700522,0.2591285705566406
2024-09-04 03:00:00,0.0,2.0203466221857447,9.58553011462555e-06,-0.0074265855,0.055660247802734375
2024-09-04 04:00:00,0.0,3.055295067177063,9.58553011462555e-06,-0.03487724,-0.10173797607421875
2024-09-04 05:00:00,0.0,5.53092692303828,5.793287248158564e-05,0.0248653,-0.9458694458007812
2024-09-04 06:00:00,6.906000000000001,10.369929594233806,7.092636394676876,6.1282897,4.5818634033203125
2024-09-04 07:00:00,35.614,27.74764206916386,37.52790698739901,37.41155,30.89689064025879
2024-09-04 08:00:00,72.784,67.44428246377953,71.39685816913976,72.74351,82.35133361816406
2024-09-04 09:00:00,102.96,103.8407272034865,106.98056006916069,107.25283,103.81027221679688
2024-09-04 10:00:00,134.27,125.06945335001069,128.23053461137428,129.2096,133.23585510253906
2024-09-04 11:00:00,121.744,147.53320125793093,146.84297716174365,146.78639,143.2765655517578
2024-09-04 12:00:00,137.076,118.25366711083456,125.11946289421043,126.63407,149.84945678710938
2024-09-04 13:00:00,122.73,128.22733017597588,120.56094927045187,124.93382,120.95996856689453
2024-09-04 14:00:00,99.65,99.07508637971443,99.708891681483,101.71733,115.6217041015625
2024-09-04 15:00:00,84.524,69.14751976179642,67.61598450622242,67.67666,85.52273559570312
2024-09-04 16:00:00,50.75,53.94547869583684,51.780935413602435,54.40298,51.7434196472168
2024-09-04 17:00:00,18.736,22.88117680392425,19.558543041656197,19.646446,21.758277893066406
2024-09-04 18:00:00,1.344,3.952209250850057,1.1513302672112251,1.1514097,2.3193626403808594
2024-09-04 19:00:00,0.0,-3.6515173773680507,9.58553011462555e-06,-0.023794807,0.3940277099609375
2024-09-04 20:00:00,0.0,-0.8013509796252212,9.58553011462555e-06,0.07480678,0.3206138610839844
2024-09-04 21:00:00,0.0,-3.9028441252208723,9.58553011462555e-06,0.017417977,0.35858917236328125
2024-09-04 22:00:00,0.0,-3.2540779293532816,9.58553011462555e-06,0.01031304,0.44599151611328125
2024-09-04 23:00:00,0.0,-2.591439973820174,9.58553011462555e-06,0.01031304,0.5338668823242188
2024-09-05 00:00:00,0.0,3.086936566036476,9.58553011462555e-06,0.009392309,0.6485824584960938
2024-09-05 01:00:00,0.0,-0.03921669257972571,9.58553011462555e-06,0.02030276,0.7245254516601562
2024-09-05 02:00:00,0.0,1.6879649383094169,9.58553011462555e-06,0.008271013,0.4163970947265625
2024-09-05 03:00:00,0.0,3.04966450492962,9.58553011462555e-06,-0.06471184,0.18996047973632812
2024-09-05 04:00:00,0.0,2.605493924008572,9.58553011462555e-06,0.02482179,-0.013599395751953125
2024-09-05 05:00:00,0.0,5.243565139337601,5.793287248158564e-05,0.14502577,-0.5441093444824219
2024-09-05 06:00:00,7.85,10.606144232900217,6.613375833876172,5.8555765,5.422061920166016
2024-09-05 07:00:00,40.876000000000005,28.313401191007777,39.642134458889515,39.58606,31.90407371520996
2024-09-05 08:00:00,81.18,73.6134938055448,78.61798798643692,80.7771,81.79899597167969
2024-09-05 09:00:00,113.6,113.3947943853116,114.14489284714665,120.06884,110.00863647460938
2024-09-05 10:00:00,139.834,137.74301050910464,134.52824810288786,137.12813,139.65797424316406
2024-09-05 11:00:00,156.56600000000003,151.6406481887356,147.7080457227224,147.98874,146.444580078125
2024-09-05 12:00:00,150.02,156.4331636637335,150.63544986414706,147.7429,148.46580505371094
2024-09-05 13:00:00,130.066,133.09720374923575,132.0908622545383,132.47194,138.49893188476562
2024-09-05 14:00:00,107.13,101.2565634858804,104.55295271299664,103.80612,109.09024810791016
2024-09-05 15:00:00,82.70400000000001,74.18574307772718,73.46161370658096,77.139824,76.60087585449219
2024-09-05 16:00:00,56.776,50.6216992216265,49.23222968852435,51.410294,48.76369857788086
2024-09-05 17:00:00,21.794,28.89403432370659,21.16350489276926,21.906778,21.744583129882812
2024-09-05 18:00:00,1.276,2.7732479223727786,1.2594556562653116,1.77323,2.0738601684570312
2024-09-05 19:00:00,0.0,-5.471465459826678,9.58553011462555e-06,-0.08267156,0.4547691345214844
2024-09-05 20:00:00,0.0,-0.5239336240182606,9.58553011462555e-06,-0.019467674,0.4562339782714844
2024-09-05 21:00:00,0.0,-2.001612194301128,9.58553011462555e-06,0.006986666,0.4883613586425781
2024-09-05 22:00:00,0.0,-1.3755164589427036,9.58553011462555e-06,0.009392309,0.5233840942382812
2024-09-05 23:00:00,0.0,-0.5550039767893304,9.58553011462555e-06,0.010889617,0.6248931884765625
2024-09-06 00:00:00,0.0,0.80692498369769,9.58553011462555e-06,0.010889617,0.776092529296875
2024-09-06 01:00:00,0.0,-1.197777419363761,9.58553011462555e-06,0.023222167,0.868194580078125
2024-09-06 02:00:00,0.0,0.7886020464534287,9.58553011462555e-06,0.011949128,0.5187530517578125
2024-09-06 03:00:00,0.0,2.294311598955632,9.58553011462555e-06,0.011949128,0.16879653930664062
2024-09-06 04:00:00,0.0,3.734899787990825,9.58553011462555e-06,-0.07443823,-0.02875518798828125
2024-09-06 05:00:00,0.0,5.850114279943972,5.793287248158564e-05,0.10976736,-0.4796142578125
2024-09-06 06:00:00,8.41,10.87932218087062,6.840744452946346,5.6701536,8.15420913696289
2024-09-06 07:00:00,45.760000000000005,30.93196363464815,41.4857953634887,41.912495,36.64047622680664
2024-09-06 08:00:00,90.68,81.55421343631852,88.81121325459877,86.58454,89.50126647949219
2024-09-06 09:00:00,115.56,125.89348533424763,125.88724897597314,124.33333,122.78067016601562
2024-09-06 10:00:00,130.276,137.84296000371953,137.75468472790345,136.30801,148.33645629882812
2024-09-06 11:00:00,146.434,138.82169464552004,147.73585808721808,142.30885,152.27853393554688
2024-09-06 12:00:00,146.9,145.99924780276316,141.04535065100902,140.08398,145.5478515625
2024-09-06 13:00:00,106.47,131.64522409563747,123.74880855786016,125.913795,135.48988342285156
2024-09-06 14:00:00,91.654,78.23258464569219,91.31680608334864,86.826965,115.1260757446289
2024-09-06 15:00:00,31.37,64.8804959927389,58.84294007075311,59.74808,69.22624206542969
2024-09-06 16:00:00,19.714,8.897177580265259,27.502328843323866,26.116518,39.14735794067383
2024-09-06 17:00:00,8.85,11.747223311766298,9.450124589282112,9.471499,7.538639068603516
2024-09-06 18:00:00,0.78,4.0250960799096465,0.8117435434797692,0.7120944,0.8592643737792969
2024-09-06 19:00:00,0.0,-0.5739494465636605,9.58553011462555e-06,-0.07863924,0.3598747253417969
2024-09-06 20:00:00,0.0,2.494869559655866,9.58553011462555e-06,-0.021500912,0.2640342712402344
2024-09-06 21:00:00,0.0,-2.275981592709572,9.58553011462555e-06,0.0098341005,0.42549896240234375
2024-09-06 22:00:00,0.0,-0.10080097316110592,9.58553011462555e-06,0.0098341005,0.4704399108886719
2024-09-06 23:00:00,0.0,0.5552690882628761,9.58553011462555e-06,0.011331408,0.5338706970214844
2024-09-07 00:00:00,0.0,0.3633948985051614,9.58553011462555e-06,0.014407984,0.6180496215820312
2024-09-07 01:00:00,0.0,-4.270820025482994,9.58553011462555e-06,0.014033492,0.6638641357421875
2024-09-07 02:00:00,0.0,-0.7188032530537001,9.58553011462555e-06,0.006477155,0.45435333251953125
2024-09-07 03:00:00,0.0,-3.17119599990941,9.58553011462555e-06,0.010658733,0.15198516845703125
2024-09-07 04:00:00,0.0,3.180954950256492,9.58553011462555e-06,-0.07593554,-0.25942230224609375
2024-09-07 05:00:00,0.0,6.032017627342949,5.793287248158564e-05,0.10827005,-0.14936065673828125
2024-09-07 06:00:00,7.859999999999999,9.822768006929746,5.500111970218197,5.4562006,3.804859161376953
2024-09-07 07:00:00,42.276,26.81543482160636,38.30382396493007,38.203335,29.086185455322266
2024-09-07 08:00:00,82.116,72.15892418546639,82.88951485602787,82.344955,77.39240264892578
2024-09-07 09:00:00,122.9,112.51141680045131,118.88336537764565,112.59438,108.97029876708984
2024-09-07 10:00:00,124.356,145.17101641436466,143.72109840657214,142.59322,137.0188751220703
2024-09-07 11:00:00,135.78,127.42748321925274,144.30547812350366,135.45197,152.88189697265625
2024-09-07 12:00:00,142.534,128.94158796002912,129.20387987456277,124.120766,125.89861297607422
2024-09-07 13:00:00,90.05000000000001,126.55034325933974,122.26580590827787,120.03938,102.40204620361328
2024-09-07 14:00:00,65.846,62.89310625643835,77.01084159006524,76.50413,89.83424377441406
2024-09-07 15:00:00,51.83,44.29909103070209,45.835043802693605,42.56273,48.4489860534668
2024-09-07 16:00:00,30.200000000000003,31.1073657147436,30.09084477203857,28.628145,25.12599754333496
2024-09-07 17:00:00,13.064,12.849078996626613,11.306814565423736,10.823477,5.184532165527344
2024-09-07 18:00:00,0.8900000000000001,2.698683754272537,0.8587769221520517,0.98266906,0.29673004150390625
2024-09-07 19:00:00,0.0,-3.5866515519351374,9.58553011462555e-06,-0.029699998,-0.09461212158203125
2024-09-07 20:00:00,0.0,1.4522610556574636,9.58553011462555e-06,-0.06011098,0.01351165771484375
2024-09-07 21:00:00,0.0,-1.7189557719883561,9.58553011462555e-06,-0.046075728,0.19824600219726562
2024-09-07 22:00:00,0.0,-4.027519134598574,9.58553011462555e-06,-0.04196619,0.227020263671875
2024-09-07 23:00:00,0.0,-1.9879074365436953,9.58553011462555e-06,-0.047886785,0.1496429443359375
2024-09-08 00:00:00,0.0,-1.6737994503689269,9.58553011462555e-06,-0.011800289,0.14313125610351562
2024-09-08 01:00:00,0.0,-6.989010204967646,9.58553011462555e-06,-0.019462943,0.2092437744140625
2024-09-08 02:00:00,0.0,-0.6055575410728409,9.58553011462555e-06,0.009634579,0.0849609375
2024-09-08 03:00:00,0.0,2.348475428647511,9.58553011462555e-06,0.0025830776,-0.23368072509765625
2024-09-08 04:00:00,0.0,3.148326932532571,9.58553011462555e-06,0.012322196,-0.67547607421875
2024-09-08 05:00:00,0.0,5.531290736577242,0.007667225981405659,-0.021056533,-0.4896125793457031
2024-09-08 06:00:00,4.924,9.61588712919674,5.770611488147523,5.2414517,3.7314605712890625
2024-09-08 07:00:00,27.076,21.847628562347506,24.91144006959707,24.762032,19.78279685974121
2024-09-08 08:00:00,52.23400000000001,51.795127661409026,54.18277334225159,54.02799,53.629417419433594
2024-09-08 09:00:00,64.116,75.52244483939506,80.8083347878049,78.70472,82.87799835205078
2024-09-08 10:00:00,98.024,78.31130116637635,72.68555961221914,72.68186,102.8017807006836
2024-09-08 11:00:00,111.09000000000002,110.01563929953673,104.5426811174918,105.49305,80.51530456542969
2024-09-08 12:00:00,119.48,113.24736110185643,104.61345255806856,103.07895,82.83221435546875
2024-09-08 13:00:00,117.85,109.57853962845826,101.59795875166425,96.10071,90.67810821533203
2024-09-08 14:00:00,109.994,96.51700621434321,100.7040037073407,98.59208,67.38703155517578
2024-09-08 15:00:00,75.60000000000001,80.63223738033625,81.19837333333334,80.52132,42.50157928466797
2024-09-08 16:00:00,44.93600000000001,43.948932017961035,40.94156594538502,45.89307,29.972183227539062
2024-09-08 17:00:00,17.564,21.541899088035994,15.967916139515456,18.555809,10.117195129394531
2024-09-08 18:00:00,1.06,2.8065261693127113,0.9683337010318092,1.0602582,1.2746543884277344
2024-09-08 19:00:00,0.0,-4.8083314058701845,9.58553011462555e-06,-0.1516504,0.044597625732421875
2024-09-08 20:00:00,0.0,-1.6482247292019387,9.58553011462555e-06,-0.07858318,-0.02433013916015625
2024-09-08 21:00:00,0.0,-2.5873949802402625,9.58553011462555e-06,0.036107518,-0.026454925537109375
2024-09-08 22:00:00,0.0,0.9523660105284826,9.58553011462555e-06,-0.023843748,0.068756103515625
2024-09-08 23:00:00,0.0,0.9279478108934542,9.58553011462555e-06,-0.025929807,0.2230682373046875
2024-09-09 00:00:00,0.0,4.005853215219023,9.58553011462555e-06,-0.025929807,0.2892265319824219
2024-09-09 01:00:00,0.0,0.3773659074115887,9.58553011462555e-06,0.020207452,0.2990608215332031
2024-09-09 02:00:00,0.0,0.5479159059195791,9.58553011462555e-06,0.08369271,0.07667160034179688
2024-09-09 03:00:00,0.0,-1.1537707552155378,9.58553011462555e-06,0.015437838,-0.3115386962890625
2024-09-09 04:00:00,0.0,1.815306973253315,9.58553011462555e-06,0.024272889,-0.6732749938964844
2024-09-09 05:00:00,0.0,4.543536508971242,0.009671381884786863,-0.5357378,-0.8743362426757812
2024-09-09 06:00:00,4.004,8.76056712752697,5.037212241279023,3.9261684,3.9622879028320312
2024-09-09 07:00:00,20.514,18.6908311160329,21.494302997076023,22.105164,18.37233543395996
2024-09-09 08:00:00,39.396,40.78258192886921,40.84010120316756,41.933746,46.12165832519531
2024-09-09 09:00:00,66.38,61.51655891974651,62.09026872820335,61.941647,71.60443115234375
2024-09-09 10:00:00,87.11000000000001,87.45337238163904,87.01928306060601,80.74383,81.31501007080078
2024-09-09 11:00:00,80.376,100.54586127418554,96.31843361892487,94.47711,88.84423065185547
2024-09-09 12:00:00,46.076,79.40528285034645,73.85991663372636,63.664536,92.10053253173828
2024-09-09 13:00:00,46.010000000000005,39.70597914109601,50.92710893333335,43.942123,83.97494506835938
2024-09-09 14:00:00,36.31,41.88888841007067,44.72184460000001,46.523746,36.01999282836914
2024-09-09 15:00:00,25.5,26.753774511015976,25.337803851574947,25.969511,20.612308502197266
2024-09-09 16:00:00,17.314,13.748850625385646,25.136101796055353,20.775513,10.347955703735352
2024-09-09 17:00:00,6.594,6.379127265656033,7.5355848097482685,7.552796,3.281696319580078
2024-09-09 18:00:00,0.38,-1.6093387051356327,0.823205,-0.08428034,0.5799484252929688
2024-09-09 19:00:00,0.0,-1.481548763532511,9.58553011462555e-06,-0.06345351,-0.14586257934570312
2024-09-09 20:00:00,0.0,0.26846697107230977,9.58553011462555e-06,-0.0032129008,-0.15219879150390625
2024-09-09 21:00:00,0.0,-0.30424758725610435,9.58553011462555e-06,0.024272287,0.07777786254882812
2024-09-09 22:00:00,0.0,-1.912639985449169,9.58553011462555e-06,-0.007753133,0.215362548828125
2024-09-09 23:00:00,0.0,-3.8859554603824122,9.58553011462555e-06,-0.045946103,0.28266143798828125
2024-09-10 00:00:00,0.0,-3.2807369049337076,9.58553011462555e-06,-0.05612615,0.3545341491699219
2024-09-10 01:00:00,0.0,-2.912464309377317,9.58553011462555e-06,-0.029756803,0.3918952941894531
2024-09-10 02:00:00,0.0,-2.3748655810455186,9.58553011462555e-06,0.31880397,0.08441162109375
2024-09-10 03:00:00,0.0,-1.5334228380062287,9.58553011462555e-06,-0.045404054,0.2037200927734375
2024-09-10 04:00:00,0.0,0.9196788492515555,9.58553011462555e-06,0.9598746,0.24538040161132812
2024-09-10 05:00:00,0.0,2.5423637583483867,0.03093625422381236,1.1384826,0.729461669921875
2024-09-10 06:00:00,5.34,6.460889706556992,4.6050564298042636,6.2856646,3.4096717834472656
2024-09-10 07:00:00,28.260000000000005,17.08975534165783,27.665993888888877,26.918427,12.530378341674805
2024-09-10 08:00:00,58.366,49.112654332672896,57.121960564350026,57.07449,42.25114059448242
2024-09-10 09:00:00,104.44,82.33226562137617,87.41956429096027,82.30894,84.67439270019531
2024-09-10 10:00:00,134.394,127.82633183978615,123.69201275032785,111.973206,107.28012084960938
2024-09-10 11:00:00,137.816,145.12713252912502,147.1229677996122,138.75992,127.30276489257812
2024-09-10 12:00:00,159.52,130.29635323494625,141.28791281871122,138.73387,137.83364868164062
2024-09-10 13:00:00,134.71,145.0262633184177,136.04190302766403,132.7313,111.57113647460938
2024-09-10 14:00:00,117.556,104.10757690801734,109.55795352196422,106.52446,108.6609878540039
2024-09-10 15:00:00,87.85000000000001,83.19812619232093,87.20266572030658,84.19661,77.15582275390625
2024-09-10 16:00:00,53.066,53.0941770710868,56.62283685813463,56.47499,37.48802947998047
2024-09-10 17:00:00,18.55,24.678606435665923,19.50217735064935,18.795303,13.151481628417969
2024-09-10 18:00:00,0.92,2.0173900415552453,1.0083456296615463,0.05528698,1.3283042907714844
2024-09-10 19:00:00,0.0,-5.1598757271226905,9.58553011462555e-06,-0.06995229,0.19078826904296875
2024-09-10 20:00:00,0.0,0.5403935244332398,9.58553011462555e-06,0.014076732,0.055301666259765625
2024-09-10 21:00:00,0.0,-0.15786782367408314,9.58553011462555e-06,0.011031009,0.0814666748046875
2024-09-10 22:00:00,0.0,-0.8716447646877139,9.58553011462555e-06,-0.0038890569,0.12520980834960938
2024-09-10 23:00:00,0.0,0.32613539740767017,9.58553011462555e-06,-0.0061399057,0.217987060546875
2024-09-11 00:00:00,0.0,4.998519279404043,9.58553011462555e-06,-0.007316311,0.363311767578125
2024-09-11 01:00:00,0.0,-0.16737132605854477,9.58553011462555e-06,0.017956609,0.44503021240234375
2024-09-11 02:00:00,0.0,2.9646435383419565,9.58553011462555e-06,-0.013703836,-0.16083526611328125
2024-09-11 03:00:00,0.0,3.151360407633147,9.58553011462555e-06,0.15432401,-0.1623687744140625
2024-09-11 04:00:00,0.0,3.8554350332918847,9.58553011462555e-06,-0.21445891,-0.3398475646972656
2024-09-11 05:00:00,0.0,5.685213305015287,0.045249506748675034,0.031024978,-0.7798843383789062
2024-09-11 06:00:00,6.346,10.107127400206405,6.3274883083679505,7.4356756,5.749217987060547
2024-09-11 07:00:00,35.854000000000006,23.67307096235362,30.05765911760463,32.198578,30.82643699645996
2024-09-11 08:00:00,73.12400000000001,65.28412486920874,71.70294882127831,73.88124,74.79348754882812
2024-09-11 09:00:00,108.57,102.96323488911875,111.23532671946155,106.560005,109.13835144042969
2024-09-11 10:00:00,130.076,132.11197207228864,133.62621239430257,131.01805,134.3052520751953
2024-09-11 11:00:00,138.11,140.99329541889298,143.59286101257442,148.28044,148.1150360107422
2024-09-11 12:00:00,143.20000000000002,137.3152849849214,139.77557426666533,143.5386,142.7718505859375
2024-09-11 13:00:00,124.534,132.46291621248733,128.16769207063737,132.06133,133.5271453857422
2024-09-11 14:00:00,98.6,100.08071613608328,100.57404965920075,95.964775,111.01546478271484
2024-09-11 15:00:00,62.400000000000006,69.10318348599259,65.56395770684712,64.125465,70.34489440917969
2024-09-11 16:00:00,38.02,34.89552744339926,37.24034819655499,34.060783,36.2371940612793
2024-09-11 17:00:00,13.47,19.73069536143487,14.676008440709623,15.6264105,9.942710876464844
2024-09-11 18:00:00,0.534,2.0825088434851864,0.7786458034971107,1.1990776,1.0451850891113281
2024-09-11 19:00:00,0.0,-1.9987875220077997,9.58553011462555e-06,0.04151789,0.2836761474609375
2024-09-11 20:00:00,0.0,1.4655715135817067,9.58553011462555e-06,0.02771358,0.4026641845703125
2024-09-11 21:00:00,0.0,-2.3847325632376766,9.58553011462555e-06,-0.011481741,0.4958229064941406
2024-09-11 22:00:00,0.0,-0.909592196043767,9.58553011462555e-06,0.023114664,0.493133544921875
2024-09-11 23:00:00,0.0,0.050660458090795224,9.58553011462555e-06,0.024611972,0.5511589050292969
2024-09-12 00:00:00,0.0,2.865437022876641,9.58553011462555e-06,0.018427005,0.586517333984375
2024-09-12 01:00:00,0.0,-0.7569339679416025,9.58553011462555e-06,-0.110438906,0.591156005859375
2024-09-12 02:00:00,0.0,0.4432210346770207,9.58553011462555e-06,0.018099546,0.14080047607421875
2024-09-12 03:00:00,0.0,0.18774212376431176,9.58553011462555e-06,0.04115464,-0.088653564453125
2024-09-12 04:00:00,0.0,2.700703812083539,9.58553011462555e-06,0.039167594,-0.4120445251464844
2024-09-12 05:00:00,0.0,4.217468055128029,0.033182152830793704,0.058721427,-0.6936836242675781
2024-09-12 06:00:00,7.234000000000001,8.049020443068077,6.015213136871389,6.084182,5.233394622802734
2024-09-12 07:00:00,39.776,24.441070692084622,32.44396365227171,34.890175,29.773902893066406
2024-09-12 08:00:00,79.95,69.0488466404274,78.39784837433463,79.03131,78.15331268310547
2024-09-12 09:00:00,105.984,111.08713897265483,115.72676812113812,115.153786,112.82022094726562
2024-09-12 10:00:00,124.93,128.0647939395309,129.62845269538718,131.26776,135.61038208007812
2024-09-12 11:00:00,121.54000000000002,134.63710932109305,134.20892072771034,133.79498,140.24679565429688
2024-09-12 12:00:00,120.044,117.74215502491617,122.14808528592359,122.72859,136.03240966796875
2024-09-12 13:00:00,108.4,106.85156422788964,106.74600129816595,108.08947,104.40775299072266
2024-09-12 14:00:00,97.624,84.16634790769078,88.34040459017433,90.815125,74.16203308105469
2024-09-12 15:00:00,64.88,66.50841190918916,61.75662353649604,66.10117,56.06901550292969
2024-09-12 16:00:00,37.65,33.32702429673347,37.773173880247455,36.583935,33.945884704589844
2024-09-12 17:00:00,12.670000000000002,13.622866139307533,13.269428043969102,13.477098,10.390768051147461
2024-09-12 18:00:00,0.6240000000000001,-1.5471739345847588,0.6348269161739392,0.9182076,1.0057792663574219
2024-09-12 19:00:00,0.0,-1.5833488284175843,9.58553011462555e-06,0.020039968,0.3453483581542969
2024-09-12 20:00:00,0.0,0.9457163616737168,9.58553011462555e-06,-0.023565404,0.4365425109863281
2024-09-12 21:00:00,0.0,-2.967616921502665,9.58553011462555e-06,0.004072525,0.4861869812011719
2024-09-12 22:00:00,0.0,-2.098277854509805,9.58553011462555e-06,-0.0021774445,0.46651458740234375
2024-09-12 23:00:00,0.0,-1.0942307218049168,9.58553011462555e-06,0.0033767533,0.474029541015625
2024-09-13 00:00:00,0.0,3.16037780353955,9.58553011462555e-06,0.0037465442,0.47161865234375
2024-09-13 01:00:00,0.0,0.6853113486778115,9.58553011462555e-06,0.014954219,0.4689216613769531
2024-09-13 02:00:00,0.0,2.10865833390484,9.58553011462555e-06,0.014954219,0.122467041015625
2024-09-13 03:00:00,0.0,1.2565169576005237,9.58553011462555e-06,0.014954219,-0.1629791259765625
2024-09-13 04:00:00,0.0,3.0216894537277526,9.58553011462555e-06,0.018670924,-0.6202774047851562
2024-09-13 05:00:00,0.0,5.004824394841405,5.627044669702245e-05,0.023114424,-0.9056968688964844
2024-09-13 06:00:00,3.376,10.040734456444003,5.456940931012688,5.1027827,3.2616958618164062
2024-09-13 07:00:00,19.444000000000003,20.385609447522924,22.048138793206807,19.25181,27.733219146728516
2024-09-13 08:00:00,42.20400000000001,43.68243335402666,39.675414327796595,40.38578,62.94170379638672
2024-09-13 09:00:00,69.77000000000001,66.89957541562913,68.29579782273157,67.46507,76.65188598632812
2024-09-13 10:00:00,102.166,92.05264139111517,91.10543030568962,90.74124,102.020751953125
2024-09-13 11:00:00,116.576,117.56495385120525,118.81666163498338,110.97922,114.1546859741211
2024-09-13 12:00:00,120.294,120.26851162723787,113.51080196815099,108.669044,117.10995483398438
2024-09-13 13:00:00,111.844,110.85805383227589,108.84939547045731,107.715,100.80442810058594
2024-09-13 14:00:00,106.106,91.00550822580038,95.12203899946466,96.08063,76.4745864868164
2024-09-13 15:00:00,72.804,79.80991049704039,76.89882443851823,77.961754,54.43671798706055
2024-09-13 16:00:00,39.70400000000001,43.36555105796725,41.84753638657999,40.08221,32.129425048828125
2024-09-13 17:00:00,13.256,17.00352601433551,13.423125841991343,13.606181,9.478212356567383
2024-09-13 18:00:00,0.42,-0.18074185551636912,0.5734175945286117,0.88034153,1.1215591430664062
2024-09-13 19:00:00,0.0,-4.258228864370405,9.58553011462555e-06,-0.040556736,0.03215789794921875
2024-09-13 20:00:00,0.0,-0.7727923140272441,9.58553011462555e-06,-0.057083245,-0.05615234375
2024-09-13 21:00:00,0.0,-2.1406422772494187,9.58553011462555e-06,0.009142435,0.036251068115234375
2024-09-13 22:00:00,0.0,-1.6260225135686284,9.58553011462555e-06,-0.0064727045,0.11475753784179688
2024-09-13 23:00:00,0.0,-1.2471373591004342,9.58553011462555e-06,-0.008459752,0.247772216796875
2024-09-14 00:00:00,0.0,1.1556813513743291,9.58553011462555e-06,-0.01391196,0.3480072021484375
2024-09-14 01:00:00,0.0,-1.723532997255771,9.58553011462555e-06,0.0001570633,0.3781471252441406
2024-09-14 02:00:00,0.0,-0.5692075544148718,9.58553011462555e-06,0.0016543716,-0.022205352783203125
2024-09-14 03:00:00,0.0,-1.112944863546212,9.58553011462555e-06,0.011453101,-0.3538360595703125
2024-09-14 04:00:00,0.0,2.212363807141921,9.58553011462555e-06,-0.0077620386,-0.5734481811523438
2024-09-14 05:00:00,0.0,6.208557201836539,5.793287248158564e-05,-0.16071709,-1.0805091857910156
2024-09-14 06:00:00,3.2100000000000004,10.019784297044474,4.1646743164180595,4.181806,2.2304039001464844
2024-09-14 07:00:00,20.106,18.51559486027224,18.637006809523804,18.310492,20.253559112548828
2024-09-14 08:00:00,47.336000000000006,41.30503583622967,41.04466699237995,42.450706,62.19065475463867
2024-09-14 09:00:00,69.396,72.01769039330571,75.19071402212971,74.9354,68.73883056640625
2024-09-14 10:00:00,86.876,89.88130338676868,90.36030300993615,88.481346,96.95980072021484
2024-09-14 11:00:00,89.46000000000001,98.04141713707244,96.41026181072229,98.81878,104.68846130371094
2024-09-14 12:00:00,71.966,89.61145683129831,92.3852049889925,78.685905,88.07221221923828
2024-09-14 13:00:00,54.904,63.70932254770684,63.83740229114178,60.061836,77.01869201660156
2024-09-14 14:00:00,52.14,44.55615904351933,50.88981411111112,51.89164,46.625648498535156
2024-09-14 15:00:00,48.054,40.1113675436571,38.35946773847721,44.05428,24.80728530883789
2024-09-14 16:00:00,23.676,31.36485758749069,26.77449865846955,29.581629,15.196390151977539
2024-09-14 17:00:00,7.666,6.112525940706538,9.77826751061477,9.371835,5.454532623291016
2024-09-14 18:00:00,0.2299999999999999,-2.7152063500689207,0.3374159147374364,0.03806208,0.7624702453613281
2024-09-14 19:00:00,0.0,-2.847536806991505,9.58553011462555e-06,-0.03679373,-0.09425735473632812
2024-09-14 20:00:00,0.0,0.5665516754222812,9.58553011462555e-06,0.005775159,-0.11964797973632812
2024-09-14 21:00:00,0.0,-0.7198587868317405,9.58553011462555e-06,-0.033971194,0.05689239501953125
2024-09-14 22:00:00,0.0,-1.7443641652915511,9.58553011462555e-06,-0.014942485,0.19945907592773438
2024-09-14 23:00:00,0.0,-2.9834462335989436,9.58553011462555e-06,-0.004644628,0.247833251953125
2024-09-15 00:00:00,0.0,-0.968245109886336,9.58553011462555e-06,-0.0031473194,0.2703971862792969
2024-09-15 01:00:00,0.0,-2.7394556582302956,9.58553011462555e-06,0.0067401296,0.2632331848144531
2024-09-15 02:00:00,0.0,0.2067594761838869,9.58553011462555e-06,0.0067401296,-0.17052078247070312
2024-09-15 03:00:00,0.0,1.2043118117389344,9.58553011462555e-06,0.010228963,-0.46514129638671875
2024-09-15 04:00:00,0.0,0.905976525557759,9.58553011462555e-06,-0.003841962,-0.7140426635742188
2024-09-15 05:00:00,0.0,4.419230900235343,0.00016750141724091987,-0.0053190407,-0.8342437744140625
2024-09-15 06:00:00,2.47,8.457246721340194,3.6886690319383537,3.3878558,4.471302032470703
2024-09-15 07:00:00,16.169999999999998,15.522920951667263,15.057372333333335,15.597748,20.950565338134766
2024-09-15 08:00:00,35.946,34.4939015830886,36.72683783027998,35.3942,52.525177001953125
2024-09-15 09:00:00,52.624,56.708064918593664,61.30778728743576,59.352833,67.75279235839844
2024-09-15 10:00:00,63.404,69.63528068599126,73.33212403013222,75.78162,85.54471588134766
2024-09-15 11:00:00,74.35000000000001,73.70295437748541,63.15940901352138,63.026382,87.44383239746094
2024-09-15 12:00:00,83.676,77.27716656864439,67.41589387134218,71.04541,74.80042266845703
2024-09-15 13:00:00,74.454,80.15336091976138,67.77982208481413,69.67752,67.07568359375
2024-09-15 14:00:00,76.466,60.752877800113716,62.12485754882864,59.963074,60.28753662109375
2024-09-15 15:00:00,46.42,58.830781357926874,53.18656522950801,54.82797,41.79771041870117
2024-09-15 16:00:00,30.304,24.655591224006827,26.38212033229524,29.999336,25.377912521362305
2024-09-15 17:00:00,10.83,13.640920355097883,10.227281135539894,10.42631,7.881427764892578
2024-09-15 18:00:00,0.0,-0.27549310278897554,0.08910651253235004,0.3317772,1.4410476684570312
2024-09-15 19:00:00,0.0,-4.605652601096186,9.58553011462555e-06,0.010700182,0.034793853759765625
2024-09-15 20:00:00,0.0,-0.3179356397140598,9.58553011462555e-06,-0.010074075,-0.2121429443359375
2024-09-15 21:00:00,0.0,-2.1266640578911393,9.58553011462555e-06,-0.015263474,-0.11432647705078125
2024-09-15 22:00:00,0.0,-1.2303617412122083,9.58553011462555e-06,-0.024334185,0.00818634033203125
2024-09-15 23:00:00,0.0,-0.10204244278528041,9.58553011462555e-06,-0.0034472654,0.14432144165039062
2024-09-16 00:00:00,0.0,2.5735418837494084,9.58553011462555e-06,-0.0034472654,0.22897720336914062
2024-09-16 01:00:00,0.0,-1.4881523192363968,9.58553011462555e-06,0.08387022,0.2574958801269531
2024-09-16 02:00:00,0.0,-0.6061179655985498,9.58553011462555e-06,0.012239885,-0.01171112060546875
2024-09-16 03:00:00,0.0,-2.5714361378269475,9.58553011462555e-06,0.02612804,-0.17309951782226562
2024-09-16 04:00:00,0.0,-0.23701302905210486,9.58553011462555e-06,0.02612804,-0.3484344482421875
2024-09-16 05:00:00,0.0,2.8776160718893635,0.01613541050972531,0.022093317,0.0220947265625
2024-09-16 06:00:00,2.5540000000000003,7.774528609853599,3.866158067383842,3.5411253,3.867267608642578
2024-09-16 07:00:00,16.176,15.391253558422385,16.526851507936513,16.408115,21.45419692993164
2024-09-16 08:00:00,39.414,36.76409264769889,37.68072902768586,35.9974,51.16244888305664
2024-09-16 09:00:00,60.616,63.97140478836018,66.5447504861065,62.875313,71.77143859863281
2024-09-16 10:00:00,89.04,81.5578748522527,87.29854309404489,82.825584,92.29353332519531
2024-09-16 11:00:00,111.406,104.96313622876883,98.24752756036268,92.15683,100.00209045410156
2024-09-16 12:00:00,104.67000000000002,117.97891254629488,112.48976333605776,113.54306,107.84204864501953
2024-09-16 13:00:00,82.91000000000001,95.79672933728904,96.46782260620805,99.90668,106.72142028808594
2024-09-16 14:00:00,53.39,66.19924729856885,70.75316139892027,67.068,77.76290130615234
2024-09-16 15:00:00,44.85,36.71199157093937,40.48694717027271,40.173573,42.92646789550781
2024-09-16 16:00:00,25.130000000000003,30.994931469027613,26.65323589908151,27.141945,15.499898910522461
2024-09-16 17:00:00,10.524,11.103382103367451,9.181414846726376,8.087557,3.3756980895996094
2024-09-16 18:00:00,0.0,1.786598259013152,0.06291539288991566,2.1191032,0.25696563720703125
2024-09-16 19:00:00,0.0,-2.2102841012378045,9.58553011462555e-06,0.0067198537,-0.126983642578125
2024-09-16 20:00:00,0.0,2.3468044150807934,9.58553011462555e-06,-0.017244842,0.053844451904296875
2024-09-16 21:00:00,0.0,1.4576365815332144,9.58553011462555e-06,-0.026273284,0.20375823974609375
2024-09-16 22:00:00,0.0,0.25784921678303174,9.58553011462555e-06,-0.0023917486,0.3414573669433594
2024-09-16 23:00:00,0.0,-0.7949146175111359,9.58553011462555e-06,-0.0038890569,0.46965789794921875
2024-09-17 00:00:00,0.0,-1.6346204866918477,9.58553011462555e-06,0.016240599,0.5234451293945312
2024-09-17 01:00:00,0.0,-5.339575199778908,9.58553011462555e-06,0.027625348,0.5436172485351562
2024-09-17 02:00:00,0.0,-3.942264033853222,9.58553011462555e-06,0.027625348,0.15873336791992188
2024-09-17 03:00:00,0.0,0.0026616758702360244,9.58553011462555e-06,0.030309616,0.1841278076171875
2024-09-17 04:00:00,0.0,1.606463745917444,9.58553011462555e-06,-0.043225564,-0.020458221435546875
2024-09-17 05:00:00,0.0,5.6808075694208835,0.00014099500698450958,-0.016930752,-0.5435600280761719
2024-09-17 06:00:00,1.2560000000000002,9.762711198412415,4.703547024039956,4.7089477,5.942710876464844
2024-09-17 07:00:00,11.43,15.596930419362579,9.530000076923075,10.283587,29.3255558013916
2024-09-17 08:00:00,30.954000000000004,32.04638773298409,26.704080413023295,23.936802,63.80250549316406
2024-09-17 09:00:00,76.42999999999999,53.90304049473631,56.216267423673415,50.206745,47.436119079589844
2024-09-17 10:00:00,96.324,103.14063815418584,104.50137730636875,102.63662,72.72493743896484
2024-09-17 11:00:00,112.634,111.16211703982484,118.58160081106155,122.15827,108.9630355834961
2024-09-17 12:00:00,100.51,115.18778930103028,121.0345218669984,119.54184,114.56048583984375
2024-09-17 13:00:00,79.39,90.9138920349425,99.03987803007253,102.54263,93.62437438964844
2024-09-17 14:00:00,65.93400000000001,64.17327664177517,68.29245602085578,63.32246,75.52018737792969
2024-09-17 15:00:00,35.846,48.28712811529609,43.154141621106184,46.268295,37.9781494140625
2024-09-17 16:00:00,34.260000000000005,18.149239648899787,21.03760190893763,21.52616,22.344440460205078
2024-09-17 17:00:00,12.534,23.45740759978012,12.66536172727273,14.949716,4.878631591796875
2024-09-17 18:00:00,0.0,2.5905213787751737,0.07682317057451715,0.8325195,0.6533584594726562
2024-09-17 19:00:00,0.0,-2.3925674171804556,9.58553011462555e-06,0.017168494,0.1505126953125
2024-09-17 20:00:00,0.0,3.568977512919661,9.58553011462555e-06,-0.14607705,0.15098953247070312
2024-09-17 21:00:00,0.0,-0.7543833559328057,9.58553011462555e-06,-0.08447953,0.24842453002929688
2024-09-17 22:00:00,0.0,-1.3032778551780044,9.58553011462555e-06,-0.101127736,0.3758888244628906
2024-09-17 23:00:00,0.0,-2.0399434529932234,9.58553011462555e-06,4.3223146e-05,0.49652099609375
2024-09-18 00:00:00,0.0,-2.0239731035304818,9.58553011462555e-06,-0.030629117,0.6115531921386719
2024-09-18 01:00:00,0.0,-3.5973887154137754,9.58553011462555e-06,-0.0046978397,0.6641769409179688
2024-09-18 02:00:00,0.0,-1.6344322928021402,9.58553011462555e-06,-0.010252042,0.3223114013671875
2024-09-18 03:00:00,0.0,-1.5886853822418283,9.58553011462555e-06,0.008196578,0.23659515380859375
2024-09-18 04:00:00,0.0,2.576538460084887,9.58553011462555e-06,0.016340237,-0.02103424072265625
2024-09-18 05:00:00,0.0,3.3036546583613013,5.793287248158564e-05,0.078200825,-0.8875160217285156
2024-09-18 06:00:00,2.814,7.692721943694213,5.371344133485422,4.876219,2.651103973388672
2024-09-18 07:00:00,20.26,19.033076226580906,19.704432725382453,18.38158,26.66324806213379
2024-09-18 08:00:00,47.43000000000001,46.93824319708895,42.80781929385729,42.159943,69.25322723388672
2024-09-18 09:00:00,80.584,72.99147018228211,76.80080396356246,78.226585,80.24180603027344
2024-09-18 10:00:00,104.576,103.68014621787955,103.3325143804388,107.48892,110.32861328125
2024-09-18 11:00:00,122.384,117.92840443579186,120.07158329124371,119.8629,129.35049438476562
2024-09-18 12:00:00,122.87,125.72973171179908,116.55744446160362,121.09794,135.11563110351562
2024-09-18 13:00:00,113.906,113.72425564504022,107.82470491217505,112.10066,121.49542236328125
2024-09-18 14:00:00,91.76,90.80614925663613,91.77988294088755,92.448364,93.8260269165039
2024-09-18 15:00:00,71.04,63.63324884320293,60.81778813452554,61.83035,68.34712982177734
2024-09-18 16:00:00,40.04,44.6540136643325,42.07307620671537,41.328438,35.54720687866211
2024-09-18 17:00:00,12.37,19.170760078755798,12.994796057796002,13.416124,12.861686706542969
2024-09-18 18:00:00,0.0,1.126423573768978,0.02409889452583226,0.3528161,1.1755409240722656
2024-09-18 19:00:00,0.0,-1.6200093495388224,9.58553011462555e-06,-0.076910585,0.22971343994140625
2024-09-18 20:00:00,0.0,0.5948795771946873,9.58553011462555e-06,0.009442762,0.3539276123046875
2024-09-18 21:00:00,0.0,-2.247561208950098,9.58553011462555e-06,0.009137249,0.4159393310546875
2024-09-18 22:00:00,0.0,-1.9555320838036074,9.58553011462555e-06,0.008183255,0.48504638671875
2024-09-18 23:00:00,0.0,-0.8238646054097734,9.58553011462555e-06,0.008183255,0.6177215576171875
2024-09-19 00:00:00,0.0,0.9903637137352028,9.58553011462555e-06,0.0137374485,0.7605972290039062
2024-09-19 01:00:00,0.0,-1.4417299627425102,9.58553011462555e-06,0.024208099,0.7997856140136719
2024-09-19 02:00:00,0.0,-0.8718971412351584,9.58553011462555e-06,0.049819775,0.4602012634277344
2024-09-19 03:00:00,0.0,0.4170856609746103,9.58553011462555e-06,0.042902984,0.15917205810546875
2024-09-19 04:00:00,0.0,1.4217605692943458,9.58553011462555e-06,0.012799301,0.01654815673828125
2024-09-19 05:00:00,0.0,4.9221595937574225,5.793287248158564e-05,0.018744597,-0.6520233154296875
2024-09-19 06:00:00,6.234000000000001,9.932166961060407,5.012314390220862,4.880549,2.9979820251464844
2024-09-19 07:00:00,35.410000000000004,25.15344522363246,34.14839893485923,34.459793,26.934850692749023
2024-09-19 08:00:00,75.604,67.41246827354342,71.13593352531173,73.628105,80.58830261230469
2024-09-19 09:00:00,114.606,107.53088394747164,111.23921120149973,111.56628,108.84017944335938
2024-09-19 10:00:00,148.406,139.3335822971875,140.6958834594088,139.45088,140.76727294921875
2024-09-19 11:00:00,160.88,161.200227168196,159.14363239513935,157.83705,154.63778686523438
2024-09-19 12:00:00,157.484,159.52207274521214,152.7643602195424,154.61728,158.61044311523438
2024-09-19 13:00:00,145.72,141.91077247863154,138.95071549157447,141.36382,146.98245239257812
2024-09-19 14:00:00,130.18,116.16251525857075,117.96571449811965,120.948685,122.7047119140625
2024-09-19 15:00:00,91.866,91.59501488703091,94.6026089367509,95.644,95.9200439453125
2024-09-19 16:00:00,54.04,52.76011972354641,56.30773427104273,54.641224,60.264198303222656
2024-09-19 17:00:00,17.806,26.19232999877058,19.83829229679144,18.295067,22.196800231933594
2024-09-19 18:00:00,0.0,2.0513207861157756,0.02635363744556313,0.52084714,1.7283248901367188
2024-09-19 19:00:00,0.0,-1.8176572064568628,9.58553011462555e-06,0.018747611,0.48590850830078125
2024-09-19 20:00:00,0.0,2.1932875419610482,9.58553011462555e-06,-0.004991603,0.5028228759765625
2024-09-19 21:00:00,0.0,-4.502114748173312,9.58553011462555e-06,0.00949035,0.605133056640625
2024-09-19 22:00:00,0.0,-1.888151217567728,9.58553011462555e-06,0.012816722,0.5387306213378906
2024-09-19 23:00:00,0.0,-0.3456983521944901,9.58553011462555e-06,0.012816722,0.5500259399414062
2024-09-20 00:00:00,0.0,3.222952449955102,9.58553011462555e-06,0.012816722,0.6368865966796875
2024-09-20 01:00:00,0.0,1.2624676604444458,9.58553011462555e-06,0.024024388,0.6971092224121094
2024-09-20 02:00:00,0.0,1.834623281641357,9.58553011462555e-06,0.024024388,0.45401763916015625
2024-09-20 03:00:00,0.0,1.103084609235463,9.58553011462555e-06,0.024024388,0.06140899658203125
2024-09-20 04:00:00,0.0,3.4605807263575876,9.58553011462555e-06,0.024024388,-0.127960205078125
2024-09-20 05:00:00,0.0,5.792212152460495,5.793287248158564e-05,0.02846789,-0.15447998046875
2024-09-20 06:00:00,6.434000000000001,10.81703189858743,5.7916399549765325,5.963055,7.591161727905273
2024-09-20 07:00:00,41.16,26.552496847451366,38.24605412285838,37.86852,37.94219970703125
2024-09-20 08:00:00,85.34,74.56048668532188,83.1862375217993,81.1093,84.11100006103516
2024-09-20 09:00:00,125.976,121.22935072424318,122.06786011035332,124.70488,123.91109466552734
2024-09-20 10:00:00,153.84000000000003,153.08072834634018,148.5806590924698,149.77042,151.601806640625
2024-09-20 11:00:00,134.616,164.19155786250266,160.0929629464804,156.89003,162.39439392089844
2024-09-20 12:00:00,167.0,125.9327682088782,146.15011810852667,139.61258,159.218994140625
2024-09-20 13:00:00,157.98000000000002,157.84595242878513,147.722925536517,146.67186,121.37189483642578
2024-09-20 14:00:00,134.72400000000002,130.87529943789136,124.48180689887634,127.47841,119.80442810058594
2024-09-20 15:00:00,99.2,93.3015229684099,100.98017031866317,100.492004,89.72923278808594
2024-09-20 16:00:00,55.754,58.076909130972645,60.811463271380546,60.498474,54.669456481933594
2024-09-20 17:00:00,18.156,24.94068941206575,20.662062929434978,20.121641,20.59663200378418
2024-09-20 18:00:00,0.0,1.9188092527445235,0.06102248263792944,0.6715446,1.7547264099121094
2024-09-20 19:00:00,0.0,-2.477316672024986,9.58553011462555e-06,-0.13486318,0.560699462890625
2024-09-20 20:00:00,0.0,2.4761292212753663,9.58553011462555e-06,-0.037393026,0.6367301940917969
2024-09-20 21:00:00,0.0,-3.379032060765676,9.58553011462555e-06,0.009932142,0.6501655578613281
2024-09-20 22:00:00,0.0,-3.6815912635939894,9.58553011462555e-06,0.013258513,0.53143310546875
2024-09-20 23:00:00,0.0,-2.4025497600978163,9.58553011462555e-06,0.013258513,0.5615615844726562
2024-09-21 00:00:00,0.0,6.371034078234935,9.58553011462555e-06,0.013258513,0.6330223083496094
2024-09-21 01:00:00,0.0,1.228926428356445,9.58553011462555e-06,0.022757433,0.6542892456054688
2024-09-21 02:00:00,0.0,2.142565232570595,9.58553011462555e-06,0.022757433,0.369110107421875
2024-09-21 03:00:00,0.0,1.814665645654025,9.58553011462555e-06,0.028678022,-0.09345626831054688
2024-09-21 04:00:00,0.0,3.9573705400280392,9.58553011462555e-06,0.028678022,-0.6972732543945312
2024-09-21 05:00:00,0.0,7.403434191923626,5.793287248158564e-05,0.04951619,-0.20780563354492188
2024-09-21 06:00:00,4.896000000000001,13.143353116422325,5.8277474778796865,6.7473083,4.95068359375
2024-09-21 07:00:00,27.3,24.94728305315612,27.074507600790525,28.425486,30.96465301513672
2024-09-21 08:00:00,56.24600000000001,55.70752055325429,58.0104639791285,57.203743,64.82427978515625
2024-09-21 09:00:00,83.46000000000001,83.63710383341359,85.126063304552,84.931816,93.47335052490234
2024-09-21 10:00:00,111.116,108.8472603013096,112.43585818737067,112.45056,121.70270538330078
2024-09-21 11:00:00,133.22400000000002,126.76249795620654,127.58609945068073,127.05347,127.04997253417969
2024-09-21 12:00:00,156.044,137.29532269729995,134.2497601146905,131.32597,126.5940170288086
2024-09-21 13:00:00,126.66,148.4987825424292,139.7919123226418,139.39566,124.89411926269531
2024-09-21 14:00:00,115.88,98.02464478108567,100.38486730896585,95.62626,111.16424560546875
2024-09-21 15:00:00,80.43,87.27538356261812,83.47712853994294,83.74999,59.60231399536133
2024-09-21 16:00:00,43.076,48.46164515101696,46.54598729050711,46.741287,38.78608322143555
2024-09-21 17:00:00,14.240000000000002,18.566213766416308,14.503381031746025,15.22327,14.153413772583008
2024-09-21 18:00:00,0.0,0.9919162003079993,0.07964428571428572,0.6329131,1.848052978515625
2024-09-21 19:00:00,0.0,-3.9916941249880806,9.58553011462555e-06,-0.3434778,0.3711090087890625
2024-09-21 20:00:00,0.0,0.6989309800665913,9.58553011462555e-06,-0.08300167,0.4015693664550781
2024-09-21 21:00:00,0.0,-0.09409876342385548,9.58553011462555e-06,-0.00029139302,0.4159965515136719
2024-09-21 22:00:00,0.0,0.2535603343106452,9.58553011462555e-06,0.044791736,0.388671875
2024-09-21 23:00:00,0.0,0.7462470025480217,9.58553011462555e-06,0.043294426,0.4208183288574219
2024-09-22 00:00:00,0.0,1.917606795437166,9.58553011462555e-06,0.0031919966,0.4761238098144531
2024-09-22 01:00:00,0.0,-4.016896946170502,9.58553011462555e-06,-0.16059001,0.5003814697265625
2024-09-22 02:00:00,0.0,-0.8693285882944357,9.58553011462555e-06,-0.03691527,0.181915283203125
2024-09-22 03:00:00,0.0,-0.9864168910592879,9.58553011462555e-06,-0.042867545,-0.278778076171875
2024-09-22 04:00:00,0.0,2.416419756947091,9.58553011462555e-06,0.09881146,-0.7516517639160156
2024-09-22 05:00:00,0.0,6.740362732728141,5.793287248158564e-05,0.07841083,-0.882293701171875
2024-09-22 06:00:00,4.3500000000000005,11.582802630243648,5.619730700238933,5.2575254,2.237163543701172
2024-09-22 07:00:00,24.55,22.630976923267426,25.683399893901427,26.727285,26.770973205566406
2024-09-22 08:00:00,53.370000000000005,51.570087070831796,50.77464015672766,51.979908,67.47398376464844
2024-09-22 09:00:00,87.21000000000001,80.76172959304915,83.32428810099836,81.71424,83.42610931396484
2024-09-22 10:00:00,125.356,112.50390899602166,107.92793355806668,109.31587,115.82559967041016
2024-09-22 11:00:00,131.22,142.10659301393633,135.89270723459174,137.74164,130.89495849609375
2024-09-22 12:00:00,158.47000000000003,131.59224167091102,137.3532969699804,135.88982,139.98101806640625
2024-09-22 13:00:00,113.58,150.59110321618243,138.2456969716062,136.58705,112.38822937011719
2024-09-22 14:00:00,98.54,87.3415482289505,90.92235185733455,93.56032,100.16679382324219
2024-09-22 15:00:00,38.0,74.3021701586772,63.91554365400799,62.752247,56.80990219116211
2024-09-22 16:00:00,25.804,16.577028550998985,26.575818708514497,25.559792,32.28229522705078
2024-09-22 17:00:00,9.02,16.672502351390463,7.808153553866844,9.539294,5.401088714599609
2024-09-22 18:00:00,0.0,3.176824526916377,0.08176675720065697,0.3368678,0.6488265991210938
2024-09-22 19:00:00,0.0,-2.0131637663546984,9.58553011462555e-06,0.020694952,0.4977226257324219
2024-09-22 20:00:00,0.0,3.264850239896367,9.58553011462555e-06,0.0026977211,0.5561332702636719
2024-09-22 21:00:00,0.0,0.3289798463177984,9.58553011462555e-06,-0.0049888426,0.6223793029785156
2024-09-22 22:00:00,0.0,2.903118059344857,9.58553011462555e-06,-0.0018248651,0.5208053588867188
2024-09-22 23:00:00,0.0,0.3871982464308754,9.58553011462555e-06,-0.0097325025,0.5110855102539062
2024-09-23 00:00:00,0.0,2.3090984554477405,9.58553011462555e-06,0.006485943,0.5289802551269531
2024-09-23 01:00:00,0.0,-4.275871932383731,9.58553011462555e-06,-0.008942484,0.5307044982910156
2024-09-23 02:00:00,0.0,-0.09980453597314831,9.58553011462555e-06,0.005633746,0.3144111633300781
2024-09-23 03:00:00,0.0,-3.645624867848761,9.58553011462555e-06,0.015931599,-0.06923294067382812
2024-09-23 04:00:00,0.0,2.2820242983504837,9.58553011462555e-06,0.019551717,-0.24709320068359375
2024-09-23 05:00:00,0.0,4.632363034314723,5.793287248158564e-05,0.024484955,0.09757614135742188
2024-09-23 06:00:00,5.73,8.702111937135676,4.727863896043588,4.7105174,3.6362228393554688
2024-09-23 07:00:00,34.346,21.992029184531138,30.932645973027796,29.687973,27.31237030029297
2024-09-23 08:00:00,71.3,61.300323942623116,68.65660045834161,69.398605,65.34324645996094
2024-09-23 09:00:00,108.75,98.73055280543127,101.87940475992782,107.6507,100.69947814941406
2024-09-23 10:00:00,145.88,132.44093203022157,133.2651898157615,131.8269,133.36578369140625
2024-09-23 11:00:00,122.1,156.58872946736435,155.009414465676,150.77135,149.90310668945312
2024-09-23 12:00:00,97.99,111.33193341967885,137.74439202938734,131.52646,151.3685302734375
2024-09-23 13:00:00,33.54,84.17407165462288,93.37688619671074,83.15281,96.53437042236328
2024-09-23 14:00:00,35.24,22.659320035831055,22.98775721264368,25.15337,36.052120208740234
2024-09-23 15:00:00,29.79,34.568130051579196,22.63749564181649,22.103323,20.319276809692383
2024-09-23 16:00:00,14.164,21.200688469728608,23.35687002079086,20.907333,11.502876281738281
2024-09-23 17:00:00,3.01,4.423497862063504,6.3546837254501565,6.342525,3.733531951904297
2024-09-23 18:00:00,0.0,0.9663201247925457,0.1282070270207281,0.14575598,0.28411102294921875
2024-09-23 19:00:00,0.0,3.0166683272110753,9.58553011462555e-06,0.005366642,0.1959381103515625
2024-09-23 20:00:00,0.0,3.4553659367229272,9.58553011462555e-06,0.0070902403,0.20192718505859375
2024-09-23 21:00:00,0.0,0.9136129341710584,9.58553011462555e-06,-0.024372369,0.19438552856445312
2024-09-23 22:00:00,0.0,-2.7430520471635846,9.58553011462555e-06,-0.022359585,0.2849159240722656
2024-09-23 23:00:00,0.0,-6.996393787959214,9.58553011462555e-06,-0.017729297,0.383331298828125
2024-09-24 00:00:00,0.0,-3.954141824314257,9.58553011462555e-06,0.039013013,0.4702262878417969
2024-09-24 01:00:00,0.0,-8.094915092109776,9.58553011462555e-06,-0.0738521,0.598236083984375
2024-09-24 02:00:00,0.0,0.15383713519188547,9.58553011462555e-06,-0.093930334,0.4072227478027344
2024-09-24 03:00:00,0.0,0.710483410003131,9.58553011462555e-06,0.003730406,0.3192939758300781
2024-09-24 04:00:00,0.0,1.9382607474744624,9.58553011462555e-06,0.14610595,-0.15970230102539062
2024-09-24 05:00:00,0.0,4.868443409152972,5.793287248158564e-05,0.13166,-0.5629501342773438
2024-09-24 06:00:00,5.0,8.18605633368122,2.936177669274689,4.300759,2.234081268310547
2024-09-24 07:00:00,29.99,17.323030226997403,28.413342279173015,28.412148,17.345205307006836
2024-09-24 08:00:00,62.970000000000006,50.76067912692745,64.54327102711291,63.222958,59.471588134765625
2024-09-24 09:00:00,99.296,85.53972652675003,89.52171456993607,91.55295,84.48170471191406
2024-09-24 10:00:00,109.43,118.5957423422413,119.51840579753319,112.10812,111.2244873046875
2024-09-24 11:00:00,98.024,115.5674872257058,123.3955107938871,112.399025,125.10456085205078
2024-09-24 12:00:00,84.284,91.20349459742388,97.74625729045785,97.85856,86.098388671875
2024-09-24 13:00:00,48.854000000000006,73.48211615365639,56.96327221439178,60.115612,65.85009002685547
2024-09-24 14:00:00,26.6,34.990931133495536,55.659951001536065,48.25294,40.18863296508789
2024-09-24 15:00:00,22.230000000000004,16.750225529843775,22.717724796027706,19.811632,18.482004165649414
2024-09-24 16:00:00,13.630000000000004,14.072025789683895,18.474381943014595,16.178225,6.366600036621094
2024-09-24 17:00:00,4.5600000000000005,4.316377545324833,5.385678402025178,6.8010464,1.2436180114746094
2024-09-24 18:00:00,0.0,-1.487615273473918,9.58553011462555e-06,0.0402655,-0.09659957885742188
2024-09-24 19:00:00,0.0,-2.3938115429660143,9.58553011462555e-06,0.05133979,-0.4034919738769531
2024-09-24 20:00:00,0.0,0.5832500278199904,9.58553011462555e-06,0.004789347,-0.2672843933105469
2024-09-24 21:00:00,0.0,-0.0787807312582336,9.58553011462555e-06,-0.017897356,0.030506134033203125
2024-09-24 22:00:00,0.0,-1.7644380794337664,9.58553011462555e-06,-0.01299674,0.20284271240234375
2024-09-24 23:00:00,0.0,-2.7725176333240786,9.58553011462555e-06,-0.0012015766,0.25974273681640625
2024-09-25 00:00:00,0.0,-1.5069169417467734,9.58553011462555e-06,0.0007854711,0.3239593505859375
2024-09-25 01:00:00,0.0,-5.32872125132938,9.58553011462555e-06,-0.081114024,0.41016387939453125
2024-09-25 02:00:00,0.0,-2.1370968214244166,9.58553011462555e-06,0.05856303,0.16139602661132812
2024-09-25 03:00:00,0.0,1.0623077255416309,9.58553011462555e-06,0.092832364,0.202362060546875
2024-09-25 04:00:00,0.0,2.0849724063453117,9.58553011462555e-06,0.07751821,0.06485366821289062
2024-09-25 05:00:00,0.0,4.228469561063671,5.793287248158564e-05,0.051015772,-0.07285308837890625
2024-09-25 06:00:00,2.336,7.763912849523988,3.780137209783933,4.9296985,2.3982391357421875
2024-09-25 07:00:00,16.05,14.664799674763277,16.270602846153846,14.773094,21.19613265991211
2024-09-25 08:00:00,33.15,33.41530834256436,34.747889835024225,35.65382,54.303077697753906
2024-09-25 09:00:00,55.376000000000005,50.445552685949544,55.739338847520166,50.61828,51.27027893066406
2024-09-25 10:00:00,82.68400000000001,71.48584166507851,76.42620401850155,77.12435,67.07925415039062
2024-09-25 11:00:00,102.46,96.1636961975124,83.18073904508746,75.97796,73.84644317626953
2024-09-25 12:00:00,114.37,107.60701189331448,95.53644685810642,92.484474,63.93144226074219
2024-09-25 13:00:00,83.796,108.50088334648615,97.67047718501757,99.76093,48.43773651123047
2024-09-25 14:00:00,60.68,64.33223659580773,54.60619620314716,55.22624,48.0235595703125
2024-09-25 15:00:00,22.606,43.38502502897179,40.60502689215685,37.553825,37.725894927978516
2024-09-25 16:00:00,12.58,10.22228600097015,16.98361365031994,14.537888,19.02952003479004
2024-09-25 17:00:00,3.5540000000000003,8.210322673270511,5.776005776399171,6.3908377,5.1226348876953125
2024-09-25 18:00:00,0.0,-0.4613042794092843,9.58553011462555e-06,0.115103394,1.0236396789550781
2024-09-25 19:00:00,0.0,-2.2865168885270997,9.58553011462555e-06,0.024259884,0.15082168579101562
2024-09-25 20:00:00,0.0,0.6140285512051502,9.58553011462555e-06,0.023854103,0.19085311889648438
2024-09-25 21:00:00,0.0,0.5996971277333474,9.58553011462555e-06,0.03578759,0.3631629943847656
2024-09-25 22:00:00,0.0,3.1592728188488053,9.58553011462555e-06,0.013551598,0.4286003112792969
2024-09-25 23:00:00,0.0,1.9504469922966692,9.58553011462555e-06,0.01350933,0.5084266662597656
2024-09-26 00:00:00,0.0,1.2357665356851202,9.58553011462555e-06,0.023164425,0.6435394287109375
2024-09-26 01:00:00,0.0,-5.953384535476763,9.58553011462555e-06,0.027273625,0.6800689697265625
2024-09-26 02:00:00,0.0,-4.627756078712226,9.58553011462555e-06,-0.06103002,0.7068748474121094
2024-09-26 03:00:00,0.0,-4.459629212794679,9.58553011462555e-06,0.15250574,0.9999465942382812
2024-09-26 04:00:00,0.0,0.7159522250810513,9.58553011462555e-06,0.2928174,0.9847068786621094
2024-09-26 05:00:00,0.0,3.095968440269562,5.4033994388827955e-05,0.36640057,0.9295196533203125
2024-09-26 06:00:00,3.3600000000000003,6.810062101363975,3.412938990095558,4.954781,9.186145782470703
2024-09-26 07:00:00,22.776,14.01969439341708,19.06993358974359,19.736654,34.84455871582031
2024-09-26 08:00:00,48.39,40.110738218092706,48.004668765889804,49.40585,58.2305908203125
2024-09-26 09:00:00,54.834,68.10074587072279,75.08534730564467,77.91349,85.70955657958984
2024-09-26 10:00:00,68.504,66.75341909127346,67.67413240006931,68.26104,106.16558074951172
2024-09-26 11:00:00,79.73400000000001,75.4321516636304,74.69750831625497,71.2047,91.66886901855469
2024-09-26 12:00:00,42.836000000000006,81.71910193274812,66.87674505463471,73.47127,77.04130554199219
2024-09-26 13:00:00,87.64600000000002,34.69472520704234,46.78945373607039,52.432343,70.54728698730469
2024-09-26 14:00:00,45.554,85.71634548171824,63.16891519573788,71.93161,33.24889373779297
2024-09-26 15:00:00,32.636,28.520599308512473,36.940937860983105,39.847534,25.50046157836914
2024-09-26 16:00:00,18.81,20.44454119866126,20.92027180949689,21.97391,9.368291854858398
2024-09-26 17:00:00,3.186,8.51692460533226,6.328172946076514,6.554814,2.002002716064453
2024-09-26 18:00:00,0.0,-4.250202529065781,9.58553011462555e-06,0.06263597,0.317596435546875
2024-09-26 19:00:00,0.0,-0.5165804245361647,9.58553011462555e-06,-0.021857845,-0.143890380859375
2024-09-26 20:00:00,0.0,-2.2041688083886024,9.58553011462555e-06,0.00052240957,-0.11444091796875
2024-09-26 21:00:00,0.0,-1.398889358895417,9.58553011462555e-06,-0.004371234,0.1601715087890625
2024-09-26 22:00:00,0.0,0.302749761822974,9.58553011462555e-06,0.006478013,0.2614707946777344
2024-09-26 23:00:00,0.0,0.7494227070256718,9.58553011462555e-06,-0.0014296258,0.31298828125
2024-09-27 00:00:00,0.0,1.5972660324879158,9.58553011462555e-06,-0.0014718936,0.35430908203125
2024-09-27 01:00:00,0.0,2.6749366076375996,9.58553011462555e-06,0.008857347,0.366912841796875
2024-09-27 02:00:00,0.0,-4.104299899860253,9.58553011462555e-06,0.005404332,0.002872467041015625
2024-09-27 03:00:00,0.0,0.2540695709351386,9.58553011462555e-06,-0.0004219425,-0.061328887939453125
2024-09-27 04:00:00,0.0,1.6797517149090737,9.58553011462555e-06,-0.021546945,-0.3791542053222656
2024-09-27 05:00:00,0.0,3.708478413150617,5.627044669702245e-05,0.026573185,-0.7601432800292969
2024-09-27 06:00:00,2.09,7.531469242826324,2.9694271088302218,4.6148634,4.342384338378906
2024-09-27 07:00:00,9.5,14.269539340930447,14.43695116189041,14.692561,24.025466918945312
2024-09-27 08:00:00,12.95,27.02173462784649,21.846248059409636,17.788725,50.168678283691406
2024-09-27 09:00:00,37.604000000000006,26.92249826598445,24.009857820164992,24.006695,28.60890007019043
2024-09-27 10:00:00,73.454,54.786979303110684,54.23364725264314,53.116165,35.209442138671875
2024-09-27 11:00:00,103.094,89.6021206251541,84.08724823962392,77.73586,66.87120819091797
2024-09-27 12:00:00,112.14,111.7682655110643,115.54541202346876,109.465004,86.85971069335938
2024-09-27 13:00:00,104.69,108.18780784593784,100.87154243513338,113.38777,91.86259460449219
2024-09-27 14:00:00,83.79,87.43235763116812,93.9157696435946,96.2656,95.2398681640625
2024-09-27 15:00:00,62.946000000000005,63.42599952522249,59.297002666666685,52.152073,62.36708068847656
2024-09-27 16:00:00,32.496,42.85001893739832,34.421109954273774,32.48554,30.24716567993164
2024-09-27 17:00:00,9.48,16.68224794400478,10.731805666666663,11.6047735,10.497028350830078
2024-09-27 18:00:00,0.0,1.8895630250709718,0.04207538461538461,0.42414182,1.5912437438964844
2024-09-27 19:00:00,0.0,-0.6228059568830444,9.58553011462555e-06,-0.0023488584,0.16019439697265625
2024-09-27 20:00:00,0.0,1.1613069003695342,9.58553011462555e-06,0.008403398,0.00885009765625
2024-09-27 21:00:00,0.0,0.24769298114248528,9.58553011462555e-06,-0.002468347,0.07844161987304688
2024-09-27 22:00:00,0.0,-0.3713435679002073,9.58553011462555e-06,-0.02301867,0.2708778381347656
2024-09-27 23:00:00,0.0,-0.7847850050560847,9.58553011462555e-06,-0.024120988,0.3918609619140625
2024-09-28 00:00:00,0.0,-0.08172210578861883,9.58553011462555e-06,-0.024120988,0.4785346984863281
2024-09-28 01:00:00,0.0,-3.189890863964652,9.58553011462555e-06,-0.010051957,0.5284385681152344
2024-09-28 02:00:00,0.0,-2.2831815771185275,9.58553011462555e-06,0.011021126,0.15845108032226562
2024-09-28 03:00:00,0.0,-0.4526404748493267,9.58553011462555e-06,0.07721277,0.056476593017578125
2024-09-28 04:00:00,0.0,0.6228768354323595,9.58553011462555e-06,0.06346011,-0.028491973876953125
2024-09-28 05:00:00,0.0,3.4113958011497125,5.793287248158564e-05,0.14720753,-0.3211174011230469
2024-09-28 06:00:00,6.33,7.2421044747220655,5.099327944385547,4.855464,3.7676162719726562
2024-09-28 07:00:00,42.804,20.445496662269083,32.39425510030188,33.657475,27.341766357421875
2024-09-28 08:00:00,86.96600000000001,71.81319752520258,80.02653736699949,81.26577,76.07566833496094
2024-09-28 09:00:00,116.94400000000002,116.91310024911198,115.06322349210848,114.78448,115.80135345458984
2024-09-28 10:00:00,144.116,137.45134159608202,133.2854397641025,136.47664,144.434326171875
2024-09-28 11:00:00,157.20000000000002,152.43211545537983,159.3254223553079,157.91138,158.40162658691406
2024-09-28 12:00:00,156.48000000000002,153.047715682995,150.15959436060885,155.41743,159.80511474609375
2024-09-28 13:00:00,147.70000000000002,138.43702589092342,138.20328251963218,138.99495,148.42880249023438
2024-09-28 14:00:00,110.73,115.95784922379053,117.63530023323574,120.45738,125.4990234375
2024-09-28 15:00:00,92.07,73.43515289660581,73.88888583385423,72.47499,94.73577880859375
2024-09-28 16:00:00,52.3,58.352200175748514,56.66104921790998,56.599693,45.64390563964844
2024-09-28 17:00:00,14.464,23.227530058977095,16.26137406060606,17.865593,19.045042037963867
2024-09-28 18:00:00,0.0,-0.7737290971162629,0.013640699088145896,0.4222445,1.2586784362792969
2024-09-28 19:00:00,0.0,-3.439337535497744,9.58553011462555e-06,0.019183941,0.41295623779296875
2024-09-28 20:00:00,0.0,0.46735208642325965,9.58553011462555e-06,-0.033138007,0.6459388732910156
2024-09-28 21:00:00,0.0,-2.726591669428476,9.58553011462555e-06,-0.0048208134,0.64447021484375
2024-09-28 22:00:00,0.0,-1.447626244883578,9.58553011462555e-06,-0.001961868,0.5359878540039062
2024-09-28 23:00:00,0.0,0.04648750077709973,9.58553011462555e-06,0.00062836724,0.5872535705566406
2024-09-29 00:00:00,0.0,3.104581895378999,9.58553011462555e-06,0.00062836724,0.6477851867675781
2024-09-29 01:00:00,0.0,1.7269378300001383,9.58553011462555e-06,0.017567322,0.6726112365722656
2024-09-29 02:00:00,0.0,1.3668067646116944,9.58553011462555e-06,0.0044567958,0.2656097412109375
2024-09-29 03:00:00,0.0,3.396838680446473,9.58553011462555e-06,0.00863837,0.1530914306640625
2024-09-29 04:00:00,0.0,2.8752510459588834,9.58553011462555e-06,0.046239108,0.09014892578125
2024-09-29 05:00:00,0.0,5.708724962021822,5.793287248158564e-05,0.14858493,-0.5215911865234375
2024-09-29 06:00:00,6.684000000000001,11.262957756397501,6.3429858233555505,5.8292093,6.134071350097656
2024-09-29 07:00:00,43.446,27.608870914375082,39.50366768200804,41.050846,37.55289840698242
2024-09-29 08:00:00,77.38,78.72119305563706,84.4123210672415,83.54932,88.05762481689453
2024-09-29 09:00:00,115.476,108.84688212879485,118.12551976983943,117.42881,124.58064270019531
2024-09-29 10:00:00,152.784,139.99778387996693,139.85453869673213,137.61479,145.33917236328125
2024-09-29 11:00:00,147.716,166.89358272869097,159.98670388838067,162.5848,157.11798095703125
2024-09-29 12:00:00,136.494,142.60473285973384,149.11403743006792,151.0761,156.53326416015625
2024-09-29 13:00:00,116.56,120.83185309988355,126.3339671184517,126.271904,132.98977661132812
2024-09-29 14:00:00,90.9,92.0827470372625,91.17478269390705,85.04552,102.67121887207031
2024-09-29 15:00:00,63.27000000000001,62.469036030909415,59.53330952472305,59.289757,66.89285278320312
2024-09-29 16:00:00,38.214,36.313310919920454,35.24594422374591,35.444782,34.35497283935547
2024-09-29 17:00:00,10.61,17.514711562777574,12.451253333333332,14.570171,6.963329315185547
2024-09-29 18:00:00,0.0,-0.9823224877626311,0.03785196892941574,0.32789135,0.638916015625
2024-09-29 19:00:00,0.0,0.22521276297220716,9.58553011462555e-06,0.024584932,0.40732574462890625
2024-09-29 20:00:00,0.0,2.782180438569304,9.58553011462555e-06,0.009542437,0.6431503295898438
2024-09-29 21:00:00,0.0,-1.0362826241658132,9.58553011462555e-06,0.0050137457,0.7201118469238281
2024-09-29 22:00:00,0.0,-0.8039124111665474,9.58553011462555e-06,0.004059752,0.6413841247558594
2024-09-29 23:00:00,0.0,-2.883450339433445,9.58553011462555e-06,0.013927408,0.6503944396972656
2024-09-30 00:00:00,0.0,0.9582900878367981,9.58553011462555e-06,0.008353044,0.6465797424316406
2024-09-30 01:00:00,0.0,-1.2823797891546276,9.58553011462555e-06,0.02981935,0.6375312805175781
2024-09-30 02:00:00,0.0,0.7490829733205562,9.58553011462555e-06,0.03194216,0.2681236267089844
2024-09-30 03:00:00,0.0,2.372362697844938,9.58553011462555e-06,0.09113436,0.12562179565429688
2024-09-30 04:00:00,0.0,4.251300294757167,9.58553011462555e-06,0.0756704,0.07984542846679688
2024-09-30 05:00:00,0.0,5.771366522322866,5.793287248158564e-05,0.22818778,0.0340118408203125
2024-09-30 06:00:00,6.254,10.094008118986189,5.718389062483996,5.7234015,5.711021423339844
2024-09-30 07:00:00,43.19,23.996071535954556,36.935844548188655,35.959526,34.04429244995117
2024-09-30 08:00:00,88.04,74.73650419691262,83.51886532764766,82.86105,79.40371704101562
2024-09-30 09:00:00,127.15,120.16613627292003,125.66022204475719,122.83217,118.2631607055664
2024-09-30 10:00:00,151.324,152.22079212535814,148.63285035709367,148.78912,147.18807983398438
2024-09-30 11:00:00,161.984,159.73885930091157,160.50830036921198,157.20564,159.329345703125
2024-09-30 12:00:00,156.53,156.31654755330985,153.04084707986624,156.64543,152.803955078125
2024-09-30 13:00:00,147.45000000000002,137.46332624467604,138.3029194148882,133.19878,136.98056030273438
2024-09-30 14:00:00,114.716,116.23721153756358,119.7367053279738,119.23959,107.37358093261719
2024-09-30 15:00:00,86.31,77.15906035617874,79.21991796175607,78.07687,77.46315002441406
2024-09-30 16:00:00,46.57,50.795845972097425,53.622174737949365,53.052544,39.81660842895508
2024-09-30 17:00:00,11.216,18.549158163518154,13.67833611111111,16.524532,11.709163665771484
2024-09-30 18:00:00,0.0,-3.8304489716574968,0.04915212765957447,0.22730501,0.9979972839355469
2024-09-30 19:00:00,0.0,-1.6141622881422624,9.58553011462555e-06,-0.0421287,0.3457298278808594
2024-09-30 20:00:00,0.0,-0.1779807730104439,9.58553011462555e-06,-0.00958156,0.3553009033203125
2024-09-30 21:00:00,0.0,-2.3389451202722147,9.58553011462555e-06,0.011093609,0.41625213623046875
2024-09-30 22:00:00,0.0,-1.6373641926504163,9.58553011462555e-06,0.017454287,0.43895721435546875
2024-09-30 23:00:00,0.0,0.23240040330601452,9.58553011462555e-06,0.016215196,0.5507850646972656
2024-10-01 00:00:00,0.0,3.408196563332675,9.58553011462555e-06,0.016215196,0.6539573669433594
2024-10-01 01:00:00,0.0,0.3880337024076006,9.58553011462555e-06,0.017183792,0.7206153869628906
2024-10-01 02:00:00,0.0,0.028581902451888297,9.58553011462555e-06,0.019306602,0.32733917236328125
2024-10-01 03:00:00,0.0,1.7862564807585066,9.58553011462555e-06,0.019306602,0.06845474243164062
2024-10-01 04:00:00,0.0,2.6571717957911716,9.58553011462555e-06,0.023023311,-0.13637924194335938
2024-10-01 05:00:00,0.0,5.638455426777373,0.004423970530560683,0.02283951,-0.08154678344726562
2024-10-01 06:00:00,5.504,11.593154201706334,5.093920291470578,5.5037484,6.920238494873047
2024-10-01 07:00:00,39.97,23.84167759489953,34.290448110746745,35.8298,35.76141357421875
2024-10-01 08:00:00,82.224,71.02892059338924,80.02825159047246,79.910614,80.89569091796875
2024-10-01 09:00:00,121.56600000000002,113.72740564193072,120.54188710042492,120.88856,119.05516815185547
2024-10-01 10:00:00,150.12,147.18110661935557,148.14537476524106,148.93555,145.32644653320312
2024-10-01 11:00:00,166.35000000000002,161.6933535098985,153.99075895996654,157.41849,157.12664794921875
2024-10-01 12:00:00,164.49400000000003,163.73374455319214,159.69747145283168,160.10838,154.66372680664062
2024-10-01 13:00:00,149.634,146.355167268129,148.0877320986562,148.08139,143.07009887695312
2024-10-01 14:00:00,120.794,119.04073657685728,123.616410626858,117.78416,114.27801513671875
2024-10-01 15:00:00,87.604,83.54410604005389,84.01826097054547,82.77677,72.65858459472656
2024-10-01 16:00:00,47.39,51.1305135091224,53.24912692380859,48.492676,40.07671356201172
2024-10-01 17:00:00,11.090000000000002,18.170925465042142,12.667387515873022,13.208793,10.161558151245117
2024-10-01 18:00:00,0.0,-3.8118929748574524,0.04918,0.17556404,0.9017982482910156
2024-10-01 19:00:00,0.0,-2.1896663704751136,9.58553011462555e-06,-0.0073691006,0.3048591613769531
2024-10-01 20:00:00,0.0,-0.8811166232808425,9.58553011462555e-06,0.0068656215,0.4315299987792969
2024-10-01 21:00:00,0.0,-1.8562658183429956,9.58553011462555e-06,0.046131335,0.4995880126953125
2024-10-01 22:00:00,0.0,-0.9033816690867456,9.58553011462555e-06,0.05125292,0.49347686767578125
2024-10-01 23:00:00,0.0,0.5853407267820767,9.58553011462555e-06,0.04975561,0.5567817687988281
2024-10-02 00:00:00,0.0,2.8967960198950298,9.58553011462555e-06,0.04975561,0.5831222534179688
2024-10-02 01:00:00,0.0,0.630721073343028,9.58553011462555e-06,0.015686484,0.5935440063476562
2024-10-02 02:00:00,0.0,0.4781729408452593,9.58553011462555e-06,0.019306602,0.23419189453125
2024-10-02 03:00:00,0.0,1.441095602741977,9.58553011462555e-06,0.023023311,-0.035717010498046875
2024-10-02 04:00:00,0.0,2.5648426818130297,9.58553011462555e-06,0.016387707,-0.25705718994140625
2024-10-02 05:00:00,0.0,5.433809670999205,5.793287248158564e-05,0.0137547385,-0.16420364379882812
2024-10-02 06:00:00,4.510000000000001,11.155677676836067,5.390272022187238,5.5584793,5.829769134521484
2024-10-02 07:00:00,24.28,21.555218227671073,27.29342166989113,29.874521,34.42253494262695
2024-10-02 08:00:00,49.68000000000001,48.70939548913466,49.724009641128575,51.475323,75.12521362304688
2024-10-02 09:00:00,70.07000000000001,74.13637529324245,79.1425147995362,80.06273,91.49209594726562
2024-10-02 10:00:00,80.45,90.32719624711234,96.02258384759445,91.01483,113.47093963623047
2024-10-02 11:00:00,89.28,90.15930220616912,97.03216274645733,92.25943,109.19831848144531
2024-10-02 12:00:00,91.884,90.64799593764161,94.99143031414336,99.89228,87.0366439819336
2024-10-02 13:00:00,86.854,84.39595030062742,82.38845352821707,84.79312,83.6105728149414
2024-10-02 14:00:00,62.08,68.70864702389187,69.94330864950905,69.53909,68.19317626953125
2024-10-02 15:00:00,42.654,40.56529705624472,43.775433668570116,40.80769,48.3809700012207
2024-10-02 16:00:00,22.97,24.063416868537622,25.560966540519193,22.858881,24.56298065185547
2024-10-02 17:00:00,5.61,6.667570177019508,6.657608173254984,7.62112,5.823448181152344
2024-10-02 18:00:00,0.0,-3.9652755270257,0.11922,0.03848434,0.5378799438476562
2024-10-02 19:00:00,0.0,-2.856522918916028,9.58553011462555e-06,-0.06705943,0.08225631713867188
2024-10-02 20:00:00,0.0,-1.4507326947055361,9.58553011462555e-06,0.014963299,0.18664169311523438
2024-10-02 21:00:00,0.0,-0.8957311319514876,9.58553011462555e-06,0.0055011255,0.3529472351074219
2024-10-02 22:00:00,0.0,0.1093543924057947,9.58553011462555e-06,0.000244839,0.3471527099609375
2024-10-02 23:00:00,0.0,0.3209530077707008,9.58553011462555e-06,-0.0013501033,0.39366912841796875
2024-10-03 00:00:00,0.0,1.0960100662796801,9.58553011462555e-06,-0.00079576613,0.46913909912109375
2024-10-03 01:00:00,0.0,-1.9809841655112042,9.58553011462555e-06,0.009091684,0.4958152770996094
2024-10-03 02:00:00,0.0,-2.458071521159701,9.58553011462555e-06,0.012711801,0.22803115844726562
2024-10-03 03:00:00,0.0,-0.08863589499124291,9.58553011462555e-06,0.02022733,0.0756072998046875
2024-10-03 04:00:00,0.0,1.7163000011272853,9.58553011462555e-06,0.019464282,-0.45568084716796875
2024-10-03 05:00:00,0.0,3.79412784748226,5.793287248158564e-05,0.011746443,-0.7236366271972656
2024-10-03 06:00:00,4.0,8.122706832693726,3.6722099704193716,3.8059797,2.115062713623047
2024-10-03 07:00:00,23.306,17.423320083104468,23.893601345979427,25.282997,22.57492446899414
2024-10-03 08:00:00,50.154,45.633803729898624,48.86283568910271,47.709435,62.082740783691406
2024-10-03 09:00:00,92.64,74.8855203616605,77.7000448430299,77.00592,82.92433166503906
2024-10-03 10:00:00,128.41,119.25529776768175,119.18994338919396,117.67938,116.24024963378906
2024-10-03 11:00:00,145.19000000000003,143.54767068967226,146.6785056403177,147.05983,142.307861328125
2024-10-03 12:00:00,139.384,144.15462071934337,145.49404729045062,142.2794,145.9630126953125
2024-10-03 13:00:00,131.876,123.22954078918761,130.33937977013528,125.250206,137.09950256347656
2024-10-03 14:00:00,98.62,106.25276421608257,107.20877596848,107.96387,107.99801635742188
2024-10-03 15:00:00,63.05,67.68426595765936,62.79531518079827,66.29494,77.33873748779297
2024-10-03 16:00:00,33.086000000000006,34.785433615897325,35.166228442240325,34.488605,34.289093017578125
2024-10-03 17:00:00,7.26,12.296335515770945,7.023523649081726,6.488037,6.482818603515625
2024-10-03 18:00:00,0.0,-2.889101637906081,8.555871417944258e-06,-0.023781285,0.8157310485839844
2024-10-03 19:00:00,0.0,0.07194464884249197,9.58553011462555e-06,-0.012394052,0.45847320556640625
2024-10-03 20:00:00,0.0,0.705763728389992,9.58553011462555e-06,0.05212659,0.4221763610839844
2024-10-03 21:00:00,0.0,0.3763632798487091,9.58553011462555e-06,0.046652723,0.3989219665527344
2024-10-03 22:00:00,0.0,-0.0858976080680609,9.58553011462555e-06,0.04569873,0.4319305419921875
2024-10-03 23:00:00,0.0,-0.15622350304799326,9.58553011462555e-06,0.046619456,0.52362060546875
2024-10-04 00:00:00,0.0,1.4156540569329126,9.58553011462555e-06,0.052173644,0.6025009155273438
2024-10-04 01:00:00,0.0,-1.1568096159912775,9.58553011462555e-06,0.017739166,0.6383476257324219
2024-10-04 02:00:00,0.0,-2.3499296932977005,9.58553011462555e-06,0.019861976,0.4239463806152344
2024-10-04 03:00:00,0.0,-1.3034742316557635,9.58553011462555e-06,0.057857156,0.21650314331054688
2024-10-04 04:00:00,0.0,1.4477915890721516,9.58553011462555e-06,0.057857156,-0.007266998291015625
2024-10-04 05:00:00,0.0,5.014518304764579,5.793287248158564e-05,0.074298196,-0.2992439270019531
2024-10-04 06:00:00,4.316,10.479647132628308,4.682872888205735,4.436984,4.817607879638672
2024-10-04 07:00:00,27.246,20.17350185241638,26.11166982175135,27.701065,31.796295166015625
2024-10-04 08:00:00,61.11000000000001,51.998677698016664,57.41252492442569,58.702797,75.56219482421875
2024-10-04 09:00:00,104.31600000000002,87.62507988817089,94.94806199264968,92.627365,100.87996673583984
2024-10-04 10:00:00,142.584,128.17448098915156,127.17775868076187,131.01381,128.973876953125
2024-10-04 11:00:00,156.884,158.98681065138848,149.36212849875844,151.3243,145.66964721679688
2024-10-04 12:00:00,139.824,157.70705429778465,153.68901433621824,155.1179,149.7981719970703
2024-10-04 13:00:00,127.294,124.02508200659412,128.83878514696067,125.32685,137.89141845703125
2024-10-04 14:00:00,94.134,103.61252998488683,98.7702885562513,93.34938,86.48573303222656
2024-10-04 15:00:00,66.93400000000001,64.3808768982737,58.90452124399241,53.04141,54.116207122802734
2024-10-04 16:00:00,34.980000000000004,40.44451963647721,34.85707449431763,33.144398,32.482330322265625
2024-10-04 17:00:00,8.206000000000001,13.919338066525317,7.872491835304196,7.1203117,6.92103385925293
2024-10-04 18:00:00,0.0,-3.3951860006391033,0.15445343570095293,0.042818557,0.8990097045898438
2024-10-04 19:00:00,0.0,-2.63007189686046,9.58553011462555e-06,-0.004783818,0.5172157287597656
2024-10-04 20:00:00,0.0,-1.005548277289635,9.58553011462555e-06,0.10446606,0.610015869140625
2024-10-04 21:00:00,0.0,-0.6156837456888749,9.58553011462555e-06,0.12300948,0.6049156188964844
2024-10-04 22:00:00,0.0,1.7135304029974288,9.58553011462555e-06,0.014234163,0.48797607421875
2024-10-04 23:00:00,0.0,0.7786506862715434,9.58553011462555e-06,0.01074533,0.4456214904785156
2024-10-05 00:00:00,0.0,0.8673414676281048,9.58553011462555e-06,0.01074533,0.4268150329589844
2024-10-05 01:00:00,0.0,-1.0934259099990253,9.58553011462555e-06,0.024252895,0.41321563720703125
2024-10-05 02:00:00,0.0,-1.530242662522597,9.58553011462555e-06,0.024252895,0.18765640258789062
2024-10-05 03:00:00,0.0,0.26830206934889134,9.58553011462555e-06,0.024252895,-0.053070068359375
2024-10-05 04:00:00,0.0,1.8263534358745384,9.58553011462555e-06,0.024839032,-0.3895759582519531
2024-10-05 05:00:00,0.0,4.1602412645309474,5.793287248158564e-05,0.026809195,-0.3694610595703125
2024-10-05 06:00:00,4.446000000000001,8.580957684226595,4.7187071249385415,4.683112,6.372837066650391
2024-10-05 07:00:00,29.94,18.30174544794727,26.619664094478622,28.168425,32.323951721191406
2024-10-05 08:00:00,63.604,55.136430447463496,64.45813411089408,64.244545,72.79031372070312
2024-10-05 09:00:00,101.67000000000002,89.81454855512703,96.49480266572897,94.5926,103.3171615600586
2024-10-05 10:00:00,121.394,126.63934953781146,129.27060915808556,130.9276,129.54452514648438
2024-10-05 11:00:00,140.92000000000002,131.86108211547707,131.26445170812755,129.84215,143.33984375
2024-10-05 12:00:00,137.26600000000002,139.7425690822312,136.11310850730214,135.06856,133.3409881591797
2024-10-05 13:00:00,127.14,122.70516057589799,116.68914448828484,119.72199,128.94215393066406
2024-10-05 14:00:00,110.71,101.05544814598815,97.8439222079268,96.35325,96.00819396972656
2024-10-05 15:00:00,74.93400000000001,79.1487949800383,78.18521057796023,75.00879,69.61138916015625
2024-10-05 16:00:00,38.05,42.141323185914985,40.79302336103561,40.97826,40.02406692504883
2024-10-05 17:00:00,8.024,14.824599405195986,7.730554917422185,8.105411,9.730445861816406
2024-10-05 18:00:00,0.0,-3.364408874259857,0.26298709641523876,-0.18824585,0.9670333862304688
2024-10-05 19:00:00,0.0,-0.30621885507490987,9.58553011462555e-06,0.40664694,0.5749092102050781
2024-10-05 20:00:00,0.0,0.6267349588435973,9.58553011462555e-06,0.005890488,0.6369438171386719
2024-10-05 21:00:00,0.0,0.2660103277198962,9.58553011462555e-06,-0.012695541,0.5781402587890625
2024-10-05 22:00:00,0.0,0.5533553154548638,9.58553011462555e-06,0.01602059,0.5313720703125
2024-10-05 23:00:00,0.0,0.7767487772271382,9.58553011462555e-06,0.01602059,0.5155792236328125
2024-10-06 00:00:00,0.0,2.095948514738504,9.58553011462555e-06,0.017517898,0.5270614624023438
2024-10-06 01:00:00,0.0,-0.7961757534749303,9.58553011462555e-06,0.028283771,0.5513229370117188
2024-10-06 02:00:00,0.0,0.7343976888695085,9.58553011462555e-06,0.028283771,0.3842926025390625
2024-10-06 03:00:00,0.0,0.435425937218489,9.58553011462555e-06,0.02086588,0.0264434814453125
2024-10-06 04:00:00,0.0,2.20043296856813,9.58553011462555e-06,0.028773513,-0.5478706359863281
2024-10-06 05:00:00,0.0,5.514322904968855,5.793287248158564e-05,0.031229965,-0.5521049499511719
2024-10-06 06:00:00,3.67,10.355300824473257,4.983504057997683,4.6466846,6.176799774169922
2024-10-06 07:00:00,20.914,18.544509384130635,23.8584836861092,24.8058,31.95884132385254
2024-10-06 08:00:00,51.416,44.90641376508916,40.50222646192769,41.926357,68.22273254394531
2024-10-06 09:00:00,86.21600000000001,79.65454233900454,84.31653984546507,84.1239,81.9332275390625
2024-10-06 10:00:00,106.68,109.28710207417012,115.64947479054507,117.20601,121.52338409423828
2024-10-06 11:00:00,113.084,117.90764583179268,123.61252242527098,120.403145,135.58663940429688
2024-10-06 12:00:00,91.816,112.31429028428963,114.72659254079743,108.47146,130.75364685058594
2024-10-06 13:00:00,77.7,82.06493201330505,90.60501611741795,88.69341,106.03582763671875
2024-10-06 14:00:00,64.56,64.89671333237524,67.82756063381325,67.42951,72.2005615234375
2024-10-06 15:00:00,35.35,45.67863914415619,42.44081783787229,41.714558,48.532012939453125
2024-10-06 16:00:00,21.044,16.876214651287963,26.134304447739797,25.271837,28.328428268432617
2024-10-06 17:00:00,5.19,10.248663576777531,4.571834106782105,5.0417857,6.334968566894531
2024-10-06 18:00:00,0.0,-2.513650631433948,9.58553011462555e-06,-0.011700016,0.76055908203125
2024-10-06 19:00:00,0.0,1.1260789884919573,9.58553011462555e-06,0.020127047,0.43117523193359375
2024-10-06 20:00:00,0.0,2.9768073531654338,9.58553011462555e-06,-0.0044604987,0.453399658203125
2024-10-06 21:00:00,0.0,-3.0440822211021166,9.58553011462555e-06,0.017148105,0.425262451171875
2024-10-06 22:00:00,0.0,-2.9004027228802123,9.58553011462555e-06,0.017148105,0.3585662841796875
2024-10-06 23:00:00,0.0,-3.768263116881567,9.58553011462555e-06,0.017517898,0.36457061767578125
2024-10-07 00:00:00,0.0,-2.230771209838749,9.58553011462555e-06,0.017517898,0.42119598388671875
2024-10-07 01:00:00,0.0,-3.124548032275957,9.58553011462555e-06,0.02449282,0.4302406311035156
2024-10-07 02:00:00,0.0,-1.6651199926640077,9.58553011462555e-06,0.02449282,0.30204010009765625
2024-10-07 03:00:00,0.0,-1.886240322670881,9.58553011462555e-06,0.016936494,0.25276947021484375
2024-10-07 04:00:00,0.0,1.1896875750175608,9.58553011462555e-06,0.018923538,-0.14094161987304688
2024-10-07 05:00:00,0.0,2.759464451409075,5.793287248158564e-05,0.025093064,-0.228973388671875
2024-10-07 06:00:00,4.846,7.327930747883121,4.722293121026672,3.885004,1.6693801879882812
2024-10-07 07:00:00,28.15,19.039359825764723,30.002519374405964,30.28399,24.047863006591797
2024-10-07 08:00:00,61.854,53.20371635060719,57.244994580763596,58.31641,69.65876007080078
2024-10-07 09:00:00,96.07,87.32644250901143,93.77067642579114,92.89097,92.55057525634766
2024-10-07 10:00:00,123.084,117.08056101827364,120.61198623091684,121.636116,124.1412124633789
2024-10-07 11:00:00,139.776,133.59355680817785,131.76730551548914,133.24196,139.42086791992188
2024-10-07 12:00:00,135.66,137.9180924597686,132.89563411308703,132.2944,140.00611877441406
2024-10-07 13:00:00,138.966,120.55365963588474,110.75681677001914,112.92344,126.38329315185547
2024-10-07 14:00:00,98.684,112.4886284550465,108.40750266886079,103.79277,104.06539916992188
2024-10-07 15:00:00,66.24600000000001,64.33173249277442,65.56460540256326,62.950157,80.00385284423828
2024-10-07 16:00:00,33.804,38.56693127418196,36.50330775457414,32.06694,40.55976104736328
2024-10-07 17:00:00,7.234000000000001,14.725860061935098,7.149222012825194,6.2290173,9.19206428527832
2024-10-07 18:00:00,0.0,-2.443776992908913,0.006116889204751279,-0.012956558,1.1833076477050781
2024-10-07 19:00:00,0.0,0.10245265865151953,9.58553011462555e-06,9.6907796e-05,0.6105728149414062
2024-10-07 20:00:00,0.0,0.49807563262056753,9.58553011462555e-06,-0.005664112,0.6591148376464844
2024-10-07 21:00:00,0.0,-1.8012486369173253,9.58553011462555e-06,0.0073251366,0.7748756408691406
2024-10-07 22:00:00,0.0,-1.112441204679656,9.58553011462555e-06,0.006328875,0.7908058166503906
2024-10-07 23:00:00,0.0,-0.7147293149304907,9.58553011462555e-06,0.008451686,0.7760467529296875
2024-10-08 00:00:00,0.0,1.4629855136135106,9.58553011462555e-06,0.010438734,0.7586669921875
2024-10-08 01:00:00,0.0,-0.7259572382077,9.58553011462555e-06,0.012769854,0.7339057922363281
2024-10-08 02:00:00,0.0,-2.5251231561632146,9.58553011462555e-06,0.004862216,0.42174530029296875
2024-10-08 03:00:00,0.0,0.4651284388340624,9.58553011462555e-06,0.006904143,0.30877685546875
2024-10-08 04:00:00,0.0,2.40359073056983,9.58553011462555e-06,0.012824735,0.15958404541015625
2024-10-08 05:00:00,0.0,4.545236109960873,5.793287248158564e-05,0.17094739,-0.04601287841796875
2024-10-08 06:00:00,4.8340000000000005,8.676925670451705,4.711614040878447,4.3632574,4.635627746582031
2024-10-08 07:00:00,33.93,20.150421276531056,30.07441755555556,29.89081,29.685840606689453
2024-10-08 08:00:00,65.07000000000001,61.55242124302544,67.63285984263726,70.5107,75.89619445800781
2024-10-08 09:00:00,93.546,95.22362881832944,94.40460218002053,98.520226,105.58604431152344
2024-10-08 10:00:00,126.034,115.26968492585516,115.6592961106348,119.89724,135.126220703125
2024-10-08 11:00:00,143.32000000000002,136.75129604329942,132.6091313268689,133.82191,144.06988525390625
2024-10-08 12:00:00,148.07000000000002,141.83380990372575,133.21224716280412,135.03333,144.30136108398438
2024-10-08 13:00:00,123.94,133.6496858214723,129.9354138411267,130.80342,130.10626220703125
2024-10-08 14:00:00,104.24,97.12824255188119,94.64914707565735,95.1324,110.70357513427734
2024-10-08 15:00:00,67.73,73.93165054949495,69.76740970873276,68.77539,75.90335083007812
2024-10-08 16:00:00,36.054,37.97621533384524,35.867200906375224,35.163197,39.080142974853516
2024-10-08 17:00:00,7.734000000000001,16.31038272331307,6.7928174909406565,6.4410152,7.7614593505859375
2024-10-08 18:00:00,0.0,-3.942485181649357,0.001278273662562519,-0.1908523,0.8675880432128906
2024-10-08 19:00:00,0.0,0.8634805059951454,9.58553011462555e-06,-0.0065351957,0.4560890197753906
2024-10-08 20:00:00,0.0,3.9956949803730097,9.58553011462555e-06,0.013412377,0.4504356384277344
2024-10-08 21:00:00,0.0,-2.3337907258993584,9.58553011462555e-06,0.017211765,0.6478691101074219
2024-10-08 22:00:00,0.0,-1.9849944643104553,9.58553011462555e-06,0.011604136,0.7739601135253906
2024-10-08 23:00:00,0.0,-1.8238531499260686,9.58553011462555e-06,0.011604136,0.8291893005371094
2024-10-09 00:00:00,0.0,1.433175452426001,9.58553011462555e-06,0.011604136,0.8542861938476562
2024-10-09 01:00:00,0.0,-2.6136865179104247,9.58553011462555e-06,0.02237001,0.8237190246582031
2024-10-09 02:00:00,0.0,-0.30178903345436137,9.58553011462555e-06,0.02449282,0.47347259521484375
2024-10-09 03:00:00,0.0,-0.00429160058764122,9.58553011462555e-06,0.02449282,0.26018524169921875
2024-10-09 04:00:00,0.0,2.3485871790456816,9.58553011462555e-06,0.016936494,0.07817840576171875
2024-10-09 05:00:00,0.0,4.21162917738112,5.793287248158564e-05,0.021379998,-0.10665512084960938
2024-10-09 06:00:00,6.316,9.760900803731912,5.159199826647944,4.4046245,4.935031890869141
2024-10-09 07:00:00,44.0,23.763948845770212,39.338384615676716,39.978985,32.276763916015625
2024-10-09 08:00:00,82.21600000000001,79.14562106113601,85.74059260438592,85.76019,85.69242858886719
2024-10-09 09:00:00,122.72,114.51229734379481,119.5343637471874,119.16578,123.75640869140625
2024-10-09 10:00:00,159.92000000000002,145.86134367693674,141.9325829938688,146.10255,148.51400756835938
2024-10-09 11:00:00,166.52,171.4830742144071,163.63996996209468,163.9703,160.79739379882812
2024-10-09 12:00:00,163.20000000000002,160.5529828159133,161.34487542898617,162.38419,160.91683959960938
2024-10-09 13:00:00,144.35,143.4090184969347,140.61845381635038,141.36287,145.01080322265625
2024-10-09 14:00:00,115.59000000000002,112.09045584591041,117.0805135603769,121.09264,118.44184875488281
2024-10-09 15:00:00,82.80000000000001,76.9897223529116,78.74723970726299,78.59229,81.82646179199219
2024-10-09 16:00:00,50.71000000000001,46.86193907722632,43.874337167871225,44.313477,40.67387771606445
2024-10-09 17:00:00,10.534,23.398210637286276,14.4332261024531,14.528123,8.0931396484375
2024-10-09 18:00:00,0.0,-4.417710889786357,0.024641913386404313,-0.1497307,0.8849143981933594
2024-10-09 19:00:00,0.0,-0.18891771938214763,9.58553011462555e-06,0.1370137,0.4922027587890625
2024-10-09 20:00:00,0.0,4.238603886961176,9.58553011462555e-06,0.0918206,0.2715644836425781
2024-10-09 21:00:00,0.0,-3.2552481271578313,9.58553011462555e-06,0.0067804563,0.39035797119140625
2024-10-09 22:00:00,0.0,-1.7182863856584154,9.58553011462555e-06,0.011604136,0.4968833923339844
2024-10-09 23:00:00,0.0,-2.173766011338908,9.58553011462555e-06,0.011604136,0.5925369262695312
2024-10-10 00:00:00,0.0,1.5062037682555882,9.58553011462555e-06,0.011604136,0.6973686218261719
2024-10-10 01:00:00,0.0,-0.22809473601850438,9.58553011462555e-06,0.02237001,0.7252655029296875
2024-10-10 02:00:00,0.0,0.8253197229642657,9.58553011462555e-06,0.02237001,0.5036163330078125
2024-10-10 03:00:00,0.0,1.8813582812562917,9.58553011462555e-06,0.02237001,0.22461700439453125
2024-10-10 04:00:00,0.0,3.464812611616365,9.58553011462555e-06,0.02449282,0.08777618408203125
2024-10-10 05:00:00,0.0,4.744833512956637,5.793287248158564e-05,0.031865355,-0.5466537475585938
2024-10-10 06:00:00,6.13,10.474089408261577,4.928539905216466,4.875168,5.865516662597656
2024-10-10 07:00:00,45.254000000000005,25.854611852879916,40.78397877087969,41.331676,37.6854362487793
2024-10-10 08:00:00,91.734,83.74736683828513,87.85760135227486,88.15959,92.61582946777344
2024-10-10 09:00:00,126.89,129.0760340635805,130.8766068099876,131.3323,130.6706085205078
2024-10-10 10:00:00,160.5,153.23821733058028,151.88603725808352,155.18073,156.50552368164062
2024-10-10 11:00:00,176.31600000000003,172.22917904695058,164.60279578081744,165.9874,164.93557739257812
2024-10-10 12:00:00,169.49400000000003,173.56939516018315,168.49855923243416,173.19298,163.04562377929688
2024-10-10 13:00:00,153.21,150.38781645145102,149.3547140408359,147.15224,153.0921173095703
2024-10-10 14:00:00,126.106,119.88995070494505,124.6290655817147,123.89583,126.43191528320312
2024-10-10 15:00:00,95.66,85.42401136703793,88.73778824033245,89.053505,88.16552734375
2024-10-10 16:00:00,51.346,55.66573231786797,57.692051641506794,55.50985,48.28011703491211
2024-10-10 17:00:00,9.83,20.716855161632758,15.051771329091968,15.722936,13.290876388549805
2024-10-10 18:00:00,0.0,-5.303257678467352,0.061903726223249,0.8913379,0.95367431640625
2024-10-10 19:00:00,0.0,1.1081486167688466,9.58553011462555e-06,0.038353376,0.4033699035644531
2024-10-10 20:00:00,0.0,5.108019736155489,9.58553011462555e-06,0.10270715,0.3008880615234375
2024-10-10 21:00:00,0.0,-1.9064404097134542,9.58553011462555e-06,0.013852128,0.3423271179199219
2024-10-10 22:00:00,0.0,-1.4363008308825496,9.58553011462555e-06,0.012524864,0.4113006591796875
2024-10-10 23:00:00,0.0,-1.1685669264156635,9.58553011462555e-06,0.012524864,0.5371551513671875
2024-10-11 00:00:00,0.0,1.4389768983437552,9.58553011462555e-06,0.011604136,0.6528053283691406
2024-10-11 01:00:00,0.0,0.24194609139739232,9.58553011462555e-06,0.022811802,0.6999359130859375
2024-10-11 02:00:00,0.0,1.4299534365787396,9.58553011462555e-06,0.022811802,0.5309829711914062
2024-10-11 03:00:00,0.0,2.471279656548875,9.58553011462555e-06,0.024934612,0.22204971313476562
2024-10-11 04:00:00,0.0,2.6555006880229612,9.58553011462555e-06,0.024934612,-0.02594757080078125
2024-10-11 05:00:00,0.0,5.0345553086956265,5.793287248158564e-05,0.024750814,-0.6055717468261719
2024-10-11 06:00:00,6.010000000000001,10.837843659895729,5.142167009063212,5.134774,5.728420257568359
2024-10-11 07:00:00,44.546,26.011178041337253,40.84319985313803,41.234844,38.892730712890625
2024-10-11 08:00:00,90.824,83.69111618318001,87.78781245708211,89.207504,90.7323989868164
2024-10-11 09:00:00,124.084,127.5410201083458,131.0460927934425,128.9386,130.23382568359375
2024-10-11 10:00:00,153.276,148.33545791735557,147.74616756218532,149.03935,155.83453369140625
2024-10-11 11:00:00,168.89,163.58685879216648,165.3440228490001,162.31087,162.76455688476562
2024-10-11 12:00:00,167.116,166.3203819479347,164.93544475580228,162.53506,159.00848388671875
2024-10-11 13:00:00,150.84400000000002,150.28857797376796,148.95841564360921,147.78069,147.26815795898438
2024-10-11 14:00:00,117.216,117.84590034661409,127.17935200125288,125.0946,122.78228759765625
2024-10-11 15:00:00,93.69,77.79190818327527,77.17747137809737,79.55847,84.57553100585938
2024-10-11 16:00:00,50.124,56.01438789292095,56.34175710889251,53.02586,42.47322082519531
2024-10-11 17:00:00,9.590000000000002,19.2553783320342,14.339309791763792,14.920498,10.5140380859375
2024-10-11 18:00:00,0.0,-5.111742610247598,0.02840717357609926,0.0749583,0.9426651000976562
2024-10-11 19:00:00,0.0,0.7466360625909667,9.58553011462555e-06,-0.0196246,0.5575027465820312
2024-10-11 20:00:00,0.0,2.9885927501187872,9.58553011462555e-06,-0.04393179,0.5206260681152344
2024-10-11 21:00:00,0.0,-1.5468623966116182,9.58553011462555e-06,-0.0052216924,0.5147209167480469
2024-10-11 22:00:00,0.0,-1.2589602463188125,9.58553011462555e-06,0.01054862,0.4898185729980469
2024-10-11 23:00:00,0.0,-0.32072317850612375,9.58553011462555e-06,0.012045927,0.5233230590820312
2024-10-12 00:00:00,0.0,1.9568229260348478,9.58553011462555e-06,0.012045927,0.6148452758789062
2024-10-12 01:00:00,0.0,-0.32202364459406496,9.58553011462555e-06,0.022811802,0.6884956359863281
2024-10-12 02:00:00,0.0,1.0533862635208404,9.58553011462555e-06,0.022811802,0.5164871215820312
2024-10-12 03:00:00,0.0,3.292100292025026,9.58553011462555e-06,0.022811802,0.14141082763671875
2024-10-12 04:00:00,0.0,3.0605408754744587,9.58553011462555e-06,0.024934612,-0.104522705078125
2024-10-12 05:00:00,0.0,5.686131075478171,5.793287248158564e-05,0.032307144,-0.5844573974609375
2024-10-12 06:00:00,6.0,10.974154473371037,5.25980424775879,5.3842893,5.732212066650391
2024-10-12 07:00:00,44.71000000000001,24.89019337997918,40.29794653876514,40.599854,37.469886779785156
2024-10-12 08:00:00,89.93400000000001,82.6844234843137,88.35116376860398,89.74084,89.0226058959961
2024-10-12 09:00:00,124.44,126.059764926718,130.7084851362742,128.97382,129.1710662841797
2024-10-12 10:00:00,157.26,149.19237696756014,146.35877110712235,145.45828,155.17041015625
2024-10-12 11:00:00,167.51,168.84751890196077,167.84585393219507,168.0321,162.96153259277344
2024-10-12 12:00:00,164.05,164.0112118290258,164.92357593563958,160.75537,160.35763549804688
2024-10-12 13:00:00,143.0,146.44752219442935,145.1722183055184,145.4902,144.39120483398438
2024-10-12 14:00:00,114.72,111.35829734313498,115.21888953586975,112.22838,108.44275665283203
2024-10-12 15:00:00,95.08,77.4346145786061,76.2974582131335,76.30178,71.79684448242188
2024-10-12 16:00:00,51.0,58.00434644004054,55.34020464773771,54.758854,36.081031799316406
2024-10-12 17:00:00,9.46,20.248075766637477,15.107625343656343,15.224854,8.911357879638672
2024-10-12 18:00:00,0.0,-5.746103274687658,0.0349117979892448,-0.040677153,0.8650970458984375
2024-10-12 19:00:00,0.0,0.8229903559619567,9.58553011462555e-06,-0.026744274,0.6361618041992188
2024-10-12 20:00:00,0.0,3.4946802032023907,9.58553011462555e-06,-0.011913343,0.6629257202148438
2024-10-12 21:00:00,0.0,-2.995031149473907,9.58553011462555e-06,0.0072222482,0.5694618225097656
2024-10-12 22:00:00,0.0,-2.0538535516066094,9.58553011462555e-06,0.01054862,0.5519447326660156
2024-10-12 23:00:00,0.0,-1.2529448597586796,9.58553011462555e-06,0.012045927,0.5707931518554688
2024-10-13 00:00:00,0.0,1.9604997576341816,9.58553011462555e-06,0.012045927,0.6343307495117188
2024-10-13 01:00:00,0.0,-0.7776015271407921,9.58553011462555e-06,0.022811802,0.6794967651367188
2024-10-13 02:00:00,0.0,1.330289329416094,9.58553011462555e-06,0.022811802,0.42554473876953125
2024-10-13 03:00:00,0.0,3.4812313533319905,9.58553011462555e-06,0.021314494,-0.0058441162109375
2024-10-13 04:00:00,0.0,3.2059334780876654,9.58553011462555e-06,0.058565322,-0.3471488952636719
2024-10-13 05:00:00,0.0,5.447330939565829,5.793287248158564e-05,0.065937854,-0.7612266540527344
2024-10-13 06:00:00,5.766,10.950376624761933,5.165558414356841,5.334875,5.6339111328125
2024-10-13 07:00:00,43.79,25.144083635473752,38.711184628511326,39.338665,35.422882080078125
2024-10-13 08:00:00,88.45400000000001,79.51833310755057,85.45848487328345,86.80721,88.19810485839844
2024-10-13 09:00:00,126.534,124.93524008985767,129.51894673275123,128.50058,126.78185272216797
2024-10-13 10:00:00,155.39,154.33118658900136,147.64053978986263,150.1421,154.44947814941406
2024-10-13 11:00:00,170.644,166.61757025362976,161.89753899308525,163.01286,163.0660400390625
2024-10-13 12:00:00,166.634,167.13589184917046,164.72499297208077,161.67049,158.62124633789062
2024-10-13 13:00:00,138.86,148.64332811699984,146.6111392789174,149.13844,144.61602783203125
2024-10-13 14:00:00,118.69,107.64436190896771,113.18670323460246,113.693794,117.2181167602539
2024-10-13 15:00:00,90.8,82.93224569526092,78.34426136442394,81.70323,74.72837829589844
2024-10-13 16:00:00,46.286,52.317042144711195,55.95254995528305,52.769577,39.117530822753906
2024-10-13 17:00:00,7.894,15.839680604958048,11.706003095238096,12.877201,8.924783706665039
2024-10-13 18:00:00,0.0,-8.065633281019302,0.01726467251734918,-0.46798882,0.7338485717773438
2024-10-13 19:00:00,0.0,1.5148065388450727,9.58553011462555e-06,-0.056881644,0.4772300720214844
2024-10-13 20:00:00,0.0,4.190049047633087,9.58553011462555e-06,-0.010373767,0.6053619384765625
2024-10-13 21:00:00,0.0,-1.6251379041755118,9.58553011462555e-06,0.008719556,0.6108016967773438
2024-10-13 22:00:00,0.0,-1.308020215818992,9.58553011462555e-06,0.012045927,0.5557937622070312
2024-10-13 23:00:00,0.0,-0.8856474781347723,9.58553011462555e-06,0.012045927,0.5710525512695312
2024-10-14 00:00:00,0.0,1.9687276709498764,9.58553011462555e-06,0.012045927,0.5964241027832031
2024-10-14 01:00:00,0.0,-1.4355153800123475,9.58553011462555e-06,0.02237001,0.5944290161132812
2024-10-14 02:00:00,0.0,1.2130940299772597,9.58553011462555e-06,0.029146455,0.4682121276855469
2024-10-14 03:00:00,0.0,1.617388025014436,9.58553011462555e-06,0.031133499,0.24253082275390625
2024-10-14 04:00:00,0.0,2.0327158350831276,9.58553011462555e-06,0.01566954,0.011829376220703125
2024-10-14 05:00:00,0.0,4.324183242613131,5.793287248158564e-05,0.021697318,-0.4925498962402344
2024-10-14 06:00:00,4.54,11.588691420685358,4.962675965894645,5.4297547,4.135059356689453
2024-10-14 07:00:00,35.88,24.049864267325336,34.161874054554744,34.42149,34.12842559814453
2024-10-14 08:00:00,77.01,70.31262098250846,76.10849651015134,78.299576,86.76988220214844
2024-10-14 09:00:00,116.54000000000002,110.37120637159171,117.08993220121314,117.33575,118.72215270996094
2024-10-14 10:00:00,145.84,142.44741169500253,146.09274415201736,146.36836,150.25588989257812
2024-10-14 11:00:00,161.3,157.2900365138368,159.22565692864265,158.41795,160.5152130126953
2024-10-14 12:00:00,163.966,159.8731012090721,153.0669650166616,154.87334,157.83944702148438
2024-10-14 13:00:00,143.066,149.892089035894,143.24787718868646,144.66867,144.92462158203125
2024-10-14 14:00:00,119.14,112.88532608321785,119.82264810466135,118.347595,120.69923400878906
2024-10-14 15:00:00,91.65,82.51405160421263,79.15782337570501,79.88235,83.76841735839844
2024-10-14 16:00:00,47.72,53.686772168383406,55.62314772061587,53.54694,43.13442611694336
2024-10-14 17:00:00,8.020000000000001,18.3045787736598,12.3127015952381,11.798209,11.953828811645508
2024-10-14 18:00:00,0.0,-6.55255432544366,0.0857384517764641,-0.38815233,0.9531898498535156
2024-10-14 19:00:00,0.0,1.7340412922767587,9.58553011462555e-06,0.016191317,0.3603096008300781
2024-10-14 20:00:00,0.0,3.1582203092312344,9.58553011462555e-06,-0.010815559,0.24750518798828125
2024-10-14 21:00:00,0.0,-2.1415454662398945,9.58553011462555e-06,0.008277765,0.4168815612792969
2024-10-14 22:00:00,0.0,-1.5179145844796675,9.58553011462555e-06,0.011604136,0.5695724487304688
2024-10-14 23:00:00,0.0,-0.9288961386362642,9.58553011462555e-06,0.011604136,0.7366752624511719
2024-10-15 00:00:00,0.0,2.6052503377589673,9.58553011462555e-06,0.011604136,0.8343772888183594
2024-10-15 01:00:00,0.0,-0.8280215168878691,9.58553011462555e-06,0.02237001,0.8371658325195312
2024-10-15 02:00:00,0.0,0.5561433657198629,9.58553011462555e-06,0.02237001,0.5554084777832031
2024-10-15 03:00:00,0.0,1.2999303134303979,9.58553011462555e-06,0.029146455,0.3277740478515625
2024-10-15 04:00:00,0.0,1.7828611554519327,9.58553011462555e-06,0.031133499,0.15062332153320312
2024-10-15 05:00:00,0.0,3.987578377351687,5.793287248158564e-05,0.021379998,-0.30869293212890625
2024-10-15 06:00:00,4.7700000000000005,11.693918129617852,5.2523715703545255,4.847792,4.033294677734375
2024-10-15 07:00:00,36.946,23.851037966331678,34.52874687112427,34.219208,34.37791442871094
2024-10-15 08:00:00,76.86000000000001,70.54635427817254,77.44097255916961,78.62812,84.7571792602539
2024-10-15 09:00:00,116.806,111.24289405904432,116.0445399824976,118.044655,121.5481185913086
2024-10-15 10:00:00,136.19000000000003,144.33177099016186,144.21889862093406,144.92416,150.18365478515625
2024-10-15 11:00:00,155.19000000000003,146.1443332187124,152.10050261412752,152.12865,160.8740692138672
2024-10-15 12:00:00,158.0,153.87476618430304,149.72474318958078,147.17761,152.3218994140625
2024-10-15 13:00:00,145.38,144.63398698868917,139.1940740572152,137.55034,142.74246215820312
2024-10-15 14:00:00,123.116,115.91971745207434,118.2045727645685,118.0168,115.76478576660156
2024-10-15 15:00:00,85.02000000000001,85.85077481489878,87.73480152285046,86.81015,82.2712173461914
2024-10-15 16:00:00,41.75,46.55247384674886,48.654787092536665,46.07482,45.062164306640625
2024-10-15 17:00:00,6.276,14.99900856797709,8.994414952380957,10.852647,11.586860656738281
2024-10-15 18:00:00,0.0,-5.621027450698009,9.58553011462555e-06,-0.12228663,0.9733467102050781
2024-10-15 19:00:00,0.0,1.2143246361447408,9.58553011462555e-06,0.028822714,0.373779296875
2024-10-15 20:00:00,0.0,4.35045267013054,9.58553011462555e-06,-0.007016171,0.21929931640625
2024-10-15 21:00:00,0.0,-1.495347003773304,9.58553011462555e-06,0.0129314,0.35462188720703125
2024-10-15 22:00:00,0.0,-1.7096477944632342,9.58553011462555e-06,0.011604136,0.4945945739746094
2024-10-15 23:00:00,0.0,-0.014892892832918392,9.58553011462555e-06,0.011604136,0.6279716491699219
2024-10-16 00:00:00,0.0,2.3903600271497663,9.58553011462555e-06,0.011604136,0.7483901977539062
2024-10-16 01:00:00,0.0,-0.30700611100126896,9.58553011462555e-06,0.02237001,0.7875137329101562
2024-10-16 02:00:00,0.0,0.4253189794210517,9.58553011462555e-06,0.027023647,0.47467803955078125
2024-10-16 03:00:00,0.0,0.6350984221867586,9.58553011462555e-06,0.022093903,0.18767929077148438
2024-10-16 04:00:00,0.0,1.6693793387326528,9.58553011462555e-06,0.10810605,-0.07171249389648438
2024-10-16 05:00:00,0.0,4.081415155592518,5.793287248158564e-05,0.02531621,-0.6617088317871094
2024-10-16 06:00:00,4.71,10.503417359769713,4.567622807616437,4.83376,4.097499847412109
2024-10-16 07:00:00,38.476,23.52264862529071,34.42118322324964,33.153675,31.980419158935547
2024-10-16 08:00:00,82.584,71.91315603193968,80.15736442684714,80.53585,84.50898742675781
2024-10-16 09:00:00,122.23,118.23705910498154,122.97691188466503,122.816185,123.01383972167969
2024-10-16 10:00:00,149.07000000000002,149.79766780164124,146.54426285981432,148.70102,152.97279357910156
2024-10-16 11:00:00,157.0,159.57789317705365,158.17539900121523,158.72253,163.85400390625
2024-10-16 12:00:00,157.86,152.87050613005357,151.4196539748574,151.37312,159.91140747070312
2024-10-16 13:00:00,142.02,142.03423760422538,139.91062960857332,141.54207,142.1028594970703
2024-10-16 14:00:00,122.724,112.70942486600737,118.45951922584798,117.71776,116.6026382446289
2024-10-16 15:00:00,87.296,84.88126079243239,86.5872656527798,86.57879,82.81053161621094
2024-10-16 16:00:00,43.964,47.23430822984758,53.355691844548225,49.807884,45.236934661865234
2024-10-16 17:00:00,7.0200000000000005,14.814946157697133,8.851715952380955,10.254399,12.39775276184082
2024-10-16 18:00:00,0.0,-6.711206889990837,8.555871417944258e-06,-0.2946329,0.9473876953125
2024-10-16 19:00:00,0.0,0.8662509996418599,9.58553011462555e-06,0.1361148,0.3420066833496094
2024-10-16 20:00:00,0.0,4.367190190218528,9.58553011462555e-06,-0.010815559,0.386566162109375
2024-10-16 21:00:00,0.0,-2.0972300358821268,9.58553011462555e-06,0.008277765,0.530670166015625
2024-10-16 22:00:00,0.0,-1.9624720313114699,9.58553011462555e-06,0.011604136,0.6140022277832031
2024-10-16 23:00:00,0.0,-1.2842459404300763,9.58553011462555e-06,0.011604136,0.7027854919433594
2024-10-17 00:00:00,0.0,2.8466046390412725,9.58553011462555e-06,0.01625777,0.7536506652832031
2024-10-17 01:00:00,0.0,0.5873345855632683,9.58553011462555e-06,0.031133499,0.7572479248046875
2024-10-17 02:00:00,0.0,0.9958695256947374,9.58553011462555e-06,0.024216712,0.4779396057128906
2024-10-17 03:00:00,0.0,0.0010792150090024322,9.58553011462555e-06,0.017074924,0.19363021850585938
2024-10-17 04:00:00,0.0,0.7628001139584679,9.58553011462555e-06,0.016936494,0.08150482177734375
2024-10-17 05:00:00,0.0,4.085355357520601,5.793287248158564e-05,0.01876829,-0.6044921875
2024-10-17 06:00:00,4.9,11.044739494028509,5.089243831565517,4.7858343,3.9216880798339844
2024-10-17 07:00:00,37.186,23.57722270777665,33.87315568636709,34.068604,34.348148345947266
2024-10-17 08:00:00,76.76,71.13626071364439,76.8076575542527,78.50066,85.50958251953125
2024-10-17 09:00:00,93.49,111.49490961172629,116.01425479801541,117.44337,120.75851440429688
2024-10-17 10:00:00,130.69000000000003,114.59198656054744,112.91634644812518,114.91469,149.495361328125
2024-10-17 11:00:00,136.86,143.83620632363446,139.26042995375232,140.14621,143.56988525390625
2024-10-17 12:00:00,146.624,136.53089108851069,138.59555536917753,138.47028,149.78585815429688
2024-10-17 13:00:00,120.034,134.68433654740815,126.8547903992006,128.47192,126.99992370605469
2024-10-17 14:00:00,85.45400000000001,92.70071988214016,85.9876941696013,94.31537,110.3110580444336
2024-10-17 15:00:00,70.19,55.67188401140165,54.85888206334967,50.891758,70.26094055175781
2024-10-17 16:00:00,36.846,43.35560288611925,39.51885386499589,36.500862,31.635618209838867
2024-10-17 17:00:00,6.420000000000001,13.388194049473157,7.233692292429791,7.658555,6.0594635009765625
2024-10-17 18:00:00,0.0,-4.171359880145966,9.58553011462555e-06,-0.2485367,0.6809463500976562
2024-10-17 19:00:00,0.0,1.07721132199908,9.58553011462555e-06,0.03518483,0.4772071838378906
2024-10-17 20:00:00,0.0,3.9863414271174538,9.58553011462555e-06,0.012600398,0.5279350280761719
2024-10-17 21:00:00,0.0,-1.9807419110944382,9.58553011462555e-06,0.01255813,0.6703338623046875
2024-10-17 22:00:00,0.0,-0.7841152167542234,9.58553011462555e-06,0.011604136,0.7275123596191406
2024-10-17 23:00:00,0.0,-1.428145574753752,9.58553011462555e-06,0.011604136,0.7753143310546875
2024-10-18 00:00:00,0.0,1.4548281147882394,9.58553011462555e-06,0.011604136,0.7636299133300781
2024-10-18 01:00:00,0.0,-3.2000719673033955,9.58553011462555e-06,0.024934612,0.7379570007324219
2024-10-18 02:00:00,0.0,-1.170270952437857,9.58553011462555e-06,0.024934612,0.3945770263671875
2024-10-18 03:00:00,0.0,2.0206602291050153,9.58553011462555e-06,0.02366766,0.17467498779296875
2024-10-18 04:00:00,0.0,1.8954849508772584,9.58553011462555e-06,0.017102174,-0.15042495727539062
2024-10-18 05:00:00,0.0,4.409233175089719,5.793287248158564e-05,0.047680687,-0.5774497985839844
2024-10-18 06:00:00,5.246,9.600973689896144,4.4793857589461314,4.4169397,2.9358139038085938
2024-10-18 07:00:00,42.56,23.11810700343731,34.6831865959596,34.073456,28.481752395629883
2024-10-18 08:00:00,87.42000000000002,76.90361552435672,83.64255196570419,83.76299,79.75144958496094
2024-10-18 09:00:00,125.366,123.1306103812052,125.12103345865124,124.04916,120.78984832763672
2024-10-18 10:00:00,148.544,150.1348316990172,145.03779657109425,150.49657,150.4305877685547
2024-10-18 11:00:00,151.376,157.1442686002114,158.60485875065496,157.02438,162.39605712890625
2024-10-18 12:00:00,134.91,144.71500813901295,151.08376345870727,148.25517,156.3636474609375
2024-10-18 13:00:00,119.12,118.06483941373074,124.03521758351509,125.52207,134.2584686279297
2024-10-18 14:00:00,94.34,93.69500589196241,95.45120584105526,94.82281,97.23046875
2024-10-18 15:00:00,72.29,61.947784546694855,62.17110583102106,63.026726,64.650390625
2024-10-18 16:00:00,35.264,40.757956093313474,38.33805606628339,37.14097,31.62584686279297
2024-10-18 17:00:00,5.82,10.577650920808889,6.002321993219705,5.7413225,4.369102478027344
2024-10-18 18:00:00,0.0,-5.676292525924423,9.58553011462555e-06,-0.35088304,0.5612564086914062
2024-10-18 19:00:00,0.0,2.342996558343099,9.58553011462555e-06,-0.024174998,0.4995231628417969
2024-10-18 20:00:00,0.0,4.452066395182587,9.58553011462555e-06,0.0072222482,0.5604629516601562
2024-10-18 21:00:00,0.0,-2.206822300958757,9.58553011462555e-06,0.011502613,0.7092437744140625
2024-10-18 22:00:00,0.0,-2.241525550565003,9.58553011462555e-06,0.012045927,0.7207794189453125
2024-10-18 23:00:00,0.0,-2.149068998610593,9.58553011462555e-06,0.012045927,0.7470283508300781
2024-10-19 00:00:00,0.0,0.4233090971097617,9.58553011462555e-06,0.012045927,0.7421112060546875
2024-10-19 01:00:00,0.0,-0.848028527550829,9.58553011462555e-06,0.024934612,0.7229423522949219
2024-10-19 02:00:00,0.0,0.146875247093897,9.58553011462555e-06,0.024934612,0.4067573547363281
2024-10-19 03:00:00,0.0,1.4098889130840808,9.58553011462555e-06,0.024934612,0.12914657592773438
2024-10-19 04:00:00,0.0,1.736755662841892,9.58553011462555e-06,0.01611133,-0.01726531982421875
2024-10-19 05:00:00,0.0,4.06284017539342,5.793287248158564e-05,0.017943125,-0.5781669616699219
2024-10-19 06:00:00,4.804,9.444668334056443,4.667549236288675,4.6922216,4.3896484375
2024-10-19 07:00:00,38.95,22.406909201277102,30.631008986949404,30.248295,32.75592803955078
2024-10-19 08:00:00,82.26,71.84836677044146,80.38442014191752,79.88845,81.95735168457031
2024-10-19 09:00:00,112.68,117.12106181155639,120.1669790137912,120.466774,118.55438232421875
2024-10-19 10:00:00,130.94400000000002,135.84349562061206,139.00945786020074,140.8337,146.60598754882812
2024-10-19 11:00:00,135.96,139.22415893655196,144.7007791310064,147.38014,153.66824340820312
2024-10-19 12:00:00,127.45,131.0258270090312,131.91132459133732,135.76634,144.3339080810547
2024-10-19 13:00:00,115.756,112.46078382244019,108.09588062339171,112.61686,120.83003997802734
2024-10-19 14:00:00,84.94600000000001,90.54885768597157,89.88904936616721,96.40766,90.48318481445312
2024-10-19 15:00:00,57.466,54.50583941326777,54.59689835020091,53.797897,59.57617950439453
2024-10-19 16:00:00,29.980000000000004,31.177631435067035,31.578775869668675,29.259447,27.06601333618164
2024-10-19 17:00:00,4.18,11.464053133552273,5.280624987734487,4.8630614,3.54632568359375
2024-10-19 18:00:00,0.0,-6.72535168070858,9.58553011462555e-06,-0.24775344,0.473480224609375
2024-10-19 19:00:00,0.0,3.136623671045328,9.58553011462555e-06,-0.019894632,0.4952239990234375
2024-10-19 20:00:00,0.0,3.1983179938079846,9.58553011462555e-06,0.017653557,0.613983154296875
2024-10-19 21:00:00,0.0,-1.474645894650486,9.58553011462555e-06,0.012045927,0.6238822937011719
2024-10-19 22:00:00,0.0,-1.3133756699488712,9.58553011462555e-06,0.012045927,0.6215019226074219
2024-10-19 23:00:00,0.0,-1.886314971815806,9.58553011462555e-06,0.012045927,0.6669540405273438
2024-10-20 00:00:00,0.0,1.4736084406737557,9.58553011462555e-06,0.012045927,0.7128753662109375
2024-10-20 01:00:00,0.0,-1.6557973265685346,9.58553011462555e-06,0.022811802,0.7024154663085938
2024-10-20 02:00:00,0.0,-1.2026818787198978,9.58553011462555e-06,0.022811802,0.4037666320800781
2024-10-20 03:00:00,0.0,0.7485035116558691,9.58553011462555e-06,0.024798848,0.048259735107421875
2024-10-20 04:00:00,0.0,3.216543508989533,9.58553011462555e-06,0.02366766,-0.3704109191894531
2024-10-20 05:00:00,0.0,4.706144986502078,5.793287248158564e-05,0.06300882,-0.4661369323730469
2024-10-20 06:00:00,4.376,9.755079370185225,4.164661426928351,4.2686906,4.136875152587891
2024-10-20 07:00:00,32.69,21.04032079419395,26.537065925089397,27.799082,28.737070083618164
2024-10-20 08:00:00,68.58,60.407840579763466,67.69106877855613,68.20027,68.60418701171875
2024-10-20 09:00:00,105.076,99.54137245349321,104.10403478740943,104.46123,103.80626678466797
2024-10-20 10:00:00,114.966,128.94324232642003,130.61540562045755,129.00552,132.99188232421875
2024-10-20 11:00:00,127.29000000000002,120.78456160720401,123.15481371078369,126.57392,146.87164306640625
2024-10-20 12:00:00,143.17000000000002,122.59521432763967,120.68862465129406,118.90725,115.3876724243164
2024-10-20 13:00:00,122.924,132.39027952334365,122.11761031344713,120.34084,102.3292007446289
2024-10-20 14:00:00,108.094,96.59859120880702,96.81260051927057,94.257,89.71665954589844
2024-10-20 15:00:00,67.96000000000001,76.06156741624511,76.33597845451766,72.10358,56.74049758911133
2024-10-20 16:00:00,31.360000000000003,35.094387163181025,35.568062738702025,35.293915,29.279682159423828
2024-10-20 17:00:00,3.976,8.629001825623039,5.543560614170099,6.1080546,4.937416076660156
2024-10-20 18:00:00,0.0,-5.98852493437573,9.58553011462555e-06,-0.03777031,0.385833740234375
2024-10-20 19:00:00,0.0,-0.014926728674301337,9.58553011462555e-06,-0.062407,0.5261421203613281
2024-10-20 20:00:00,0.0,1.5445385011679997,9.58553011462555e-06,-0.006317451,0.7369422912597656
2024-10-20 21:00:00,0.0,-3.545229654709782,9.58553011462555e-06,0.0070759347,0.7049560546875
2024-10-20 22:00:00,0.0,-3.897994419056344,9.58553011462555e-06,0.0046246327,0.6064491271972656
2024-10-20 23:00:00,0.0,-0.8444330519130689,9.58553011462555e-06,0.010178827,0.6051216125488281
2024-10-21 00:00:00,0.0,2.802120477495171,9.58553011462555e-06,0.010178827,0.6265525817871094
2024-10-21 01:00:00,0.0,-0.8623847178351207,9.58553011462555e-06,0.017520467,0.6282730102539062
2024-10-21 02:00:00,0.0,1.2131039175996667,9.58553011462555e-06,0.053186446,0.3943290710449219
2024-10-21 03:00:00,0.0,0.3060126292894596,9.58553011462555e-06,0.052308016,0.22870254516601562
2024-10-21 04:00:00,0.0,1.3138227983465889,9.58553011462555e-06,0.065372266,0.13478851318359375
2024-10-21 05:00:00,0.0,3.587819497309642,5.793287248158564e-05,0.041922506,-0.49054718017578125
2024-10-21 06:00:00,2.786,9.83778028271603,3.890683969639036,3.6688318,2.0022735595703125
2024-10-21 07:00:00,22.386000000000003,18.8606257835917,24.03079288888888,26.09416,26.8552188873291
2024-10-21 08:00:00,52.266,50.231766543408106,51.124832959088245,50.923946,72.36097717285156
2024-10-21 09:00:00,90.38,79.99233028827183,82.91068474878493,84.90734,83.16549682617188
2024-10-21 10:00:00,119.99,117.07129369302558,121.65427690073803,124.21511,117.33660888671875
2024-10-21 11:00:00,132.616,134.17863378625364,135.4290432403861,135.89523,139.22348022460938
2024-10-21 12:00:00,123.27,132.138055023328,131.89246784766613,130.62883,142.612060546875
2024-10-21 13:00:00,112.41,110.15212480749281,109.56755568040188,107.919655,126.4176025390625
2024-10-21 14:00:00,96.27,90.77260722866234,91.08831557403438,90.078476,88.49659729003906
2024-10-21 15:00:00,62.704,67.902023103477,63.16990455603296,63.030056,58.18772888183594
2024-10-21 16:00:00,29.714,33.636309540784886,30.63887248926716,29.43956,30.01833724975586
2024-10-21 17:00:00,4.34,9.474056311584174,4.187066026693165,3.2071607,4.891796112060547
2024-10-21 18:00:00,0.0,-4.295988605296831,9.58553011462555e-06,-0.028232923,0.4615898132324219
2024-10-21 19:00:00,0.0,2.636926498821939,9.58553011462555e-06,0.008309392,0.2917327880859375
2024-10-21 20:00:00,0.0,0.8435218014620629,9.58553011462555e-06,0.007046202,0.42955780029296875
2024-10-21 21:00:00,0.0,-1.1702268291687368,9.58553011462555e-06,0.01551211,0.5928916931152344
2024-10-21 22:00:00,0.0,-1.4159446779908498,9.58553011462555e-06,0.0060499404,0.6571731567382812
2024-10-21 23:00:00,0.0,-1.7456246088026282,9.58553011462555e-06,0.014680711,0.7194747924804688
2024-10-22 00:00:00,0.0,0.21452625468727415,9.58553011462555e-06,0.007887425,0.7642364501953125
2024-10-22 01:00:00,0.0,-1.4874407471231237,9.58553011462555e-06,0.018653307,0.740234375
2024-10-22 02:00:00,0.0,-1.6358218372633955,9.58553011462555e-06,0.018653307,0.40294647216796875
2024-10-22 03:00:00,0.0,-1.9461377789714946,9.58553011462555e-06,0.018653307,0.18737030029296875
2024-10-22 04:00:00,0.0,0.24510476672595338,9.58553011462555e-06,0.02237001,-0.15625381469726562
2024-10-22 05:00:00,0.0,3.5441239916161233,5.793287248158564e-05,0.026813518,-0.4723968505859375
2024-10-22 06:00:00,3.5600000000000005,10.630264188396833,3.786072816980178,2.705847,1.4325981140136719
2024-10-22 07:00:00,31.09,20.060353494111375,27.88902162720286,28.02967,24.613330841064453
2024-10-22 08:00:00,68.98400000000001,60.26178143389348,68.84750651938681,68.073135,76.42314147949219
2024-10-22 09:00:00,109.26,100.1665501891948,105.20766241006224,103.84307,109.44124603271484
2024-10-22 10:00:00,142.816,139.7396008334326,133.36391256959175,133.46404,143.54217529296875
2024-10-22 11:00:00,159.69000000000003,159.78647686026503,155.78863761933192,158.22807,160.2541046142578
2024-10-22 12:00:00,158.384,157.99146786608708,157.5818719598696,158.17883,160.80563354492188
2024-10-22 13:00:00,146.6,141.49262288135017,141.10261629311447,143.8563,143.40509033203125
2024-10-22 14:00:00,119.334,116.1817292999637,116.40439658071683,120.464516,117.25946807861328
2024-10-22 15:00:00,79.846,83.38606630475547,81.48268001302581,82.06735,83.33972930908203
2024-10-22 16:00:00,37.046,44.45065951850694,39.41563661687258,39.408894,39.938480377197266
2024-10-22 17:00:00,4.93,10.163248727524177,4.547992320186329,4.78895,7.19959831237793
2024-10-22 18:00:00,0.0,-6.696312034766468,9.58553011462555e-06,-0.12084428,0.4919281005859375
2024-10-22 19:00:00,0.0,0.8367851855866135,9.58553011462555e-06,0.01535265,0.2670249938964844
2024-10-22 20:00:00,0.0,2.0334778856237197,9.58553011462555e-06,-0.008954921,0.4411964416503906
2024-10-22 21:00:00,0.0,0.2951911123919384,9.58553011462555e-06,0.008718827,0.57159423828125
2024-10-22 22:00:00,0.0,0.4208153878286822,9.58553011462555e-06,0.0077648326,0.5940399169921875
2024-10-22 23:00:00,0.0,-0.646199300819573,9.58553011462555e-06,0.0023332303,0.6769027709960938
2024-10-23 00:00:00,0.0,2.4821595330458166,9.58553011462555e-06,0.007887425,0.7374076843261719
2024-10-23 01:00:00,0.0,0.37527232051932113,9.58553011462555e-06,0.018653307,0.7182502746582031
2024-10-23 02:00:00,0.0,-0.6536655099639415,9.58553011462555e-06,0.018653307,0.4149017333984375
2024-10-23 03:00:00,0.0,-1.0001334367004988,9.58553011462555e-06,0.018653307,0.1069183349609375
2024-10-23 04:00:00,0.0,0.5520343784851915,9.58553011462555e-06,0.026350483,0.08088302612304688
2024-10-23 05:00:00,0.0,3.543688707757548,5.793287248158564e-05,0.028359747,-0.6102447509765625
2024-10-23 06:00:00,3.4340000000000006,10.83962749436246,3.878574394624755,3.4520805,2.480365753173828
2024-10-23 07:00:00,28.254000000000005,20.84884913461177,32.907304086412495,32.83818,31.656219482421875
2024-10-23 08:00:00,62.6,57.49383630785538,59.11785554268542,61.32659,83.81755828857422
2024-10-23 09:00:00,102.16,94.36002211724855,98.66959670727597,99.85332,106.20291900634766
2024-10-23 10:00:00,134.794,133.85716157877,132.75237846044155,133.18575,139.30694580078125
2024-10-23 11:00:00,147.66,149.67671184501435,149.28413310264833,147.36612,152.03387451171875
2024-10-23 12:00:00,96.816,146.30481559744342,147.58635010956533,145.90022,148.9454345703125
2024-10-23 13:00:00,112.484,82.08319981689925,116.14984459896067,106.133995,133.31533813476562
2024-10-23 14:00:00,72.02000000000001,99.59558782649174,90.1574585510253,88.56968,48.089439392089844
2024-10-23 15:00:00,48.16,47.51879704975934,42.92814526625356,36.475964,43.19502258300781
2024-10-23 16:00:00,23.0,25.657113197378283,22.99367593644159,23.759014,21.593400955200195
2024-10-23 17:00:00,3.154,5.329672129975567,3.568480761409453,2.9044373,3.054534912109375
2024-10-23 18:00:00,0.0,-4.4807946816034185,9.58553011462555e-06,-0.11672021,0.368743896484375
2024-10-23 19:00:00,0.0,5.1979812743942535,9.58553011462555e-06,0.018839763,0.21741104125976562
2024-10-23 20:00:00,0.0,2.3594771236352496,9.58553011462555e-06,0.010932174,0.3075752258300781
2024-10-23 21:00:00,0.0,1.7846663412579353,9.58553011462555e-06,0.018270986,0.375152587890625
2024-10-23 22:00:00,0.0,-2.2062439408596903,9.58553011462555e-06,0.0059810113,0.4258537292480469
2024-10-23 23:00:00,0.0,-3.666915570061917,9.58553011462555e-06,0.0026722183,0.5337562561035156
2024-10-24 00:00:00,0.0,-3.0539311746160367,9.58553011462555e-06,0.00711686,0.5989189147949219
2024-10-24 01:00:00,0.0,-1.3684031705327202,9.58553011462555e-06,0.021009093,0.6246986389160156
2024-10-24 02:00:00,0.0,-5.49722828806586,9.58553011462555e-06,0.021009093,0.2334136962890625
2024-10-24 03:00:00,0.0,-2.122705018573374,9.58553011462555e-06,0.010873555,0.1662139892578125
2024-10-24 04:00:00,0.0,-0.6138564093511398,9.58553011462555e-06,-0.027041078,-0.0907745361328125
2024-10-24 05:00:00,0.0,4.028081606266889,5.793287248158564e-05,0.083098635,-0.785980224609375
2024-10-24 06:00:00,2.47,10.446562865350725,2.955614783991672,3.106472,1.0834388732910156
2024-10-24 07:00:00,18.22,17.16400417706166,21.11814906998231,20.87226,18.008930206298828
2024-10-24 08:00:00,41.404,38.313314404259515,40.069655103602024,39.854443,56.995391845703125
2024-10-24 09:00:00,59.354,63.39094977210993,69.81560406020924,66.07467,68.76277160644531
2024-10-24 10:00:00,65.78,77.36764424202582,82.00288224500441,80.93937,83.1760482788086
2024-10-24 11:00:00,54.48400000000001,74.09165027715952,60.178573892385984,55.27402,83.10104370117188
2024-10-24 12:00:00,53.370000000000005,53.62419181699654,55.39840660130719,52.360683,63.309974670410156
2024-10-24 13:00:00,54.150000000000006,49.35209583405606,52.31601471299534,47.45251,42.845279693603516
2024-10-24 14:00:00,46.52,43.09547261567224,47.935016910866906,39.26942,30.269102096557617
2024-10-24 15:00:00,36.8,30.167032742041243,34.93135511789028,34.133846,20.556438446044922
2024-10-24 16:00:00,17.144000000000002,18.870268004833548,20.055371781399757,19.864012,11.146581649780273
2024-10-24 17:00:00,1.356,1.3981827089001637,2.7197978051948057,3.4023201,4.696891784667969
2024-10-24 18:00:00,0.0,-6.770175700940586,9.58553011462555e-06,0.092576556,1.1778678894042969
2024-10-24 19:00:00,0.0,-2.991769403645377,9.58553011462555e-06,0.0009934735,0.10203933715820312
2024-10-24 20:00:00,0.0,-2.807182494633228,9.58553011462555e-06,0.058865175,-0.13078689575195312
2024-10-24 21:00:00,0.0,-2.9603480522223298,9.58553011462555e-06,0.5351419,-0.15674972534179688
2024-10-24 22:00:00,0.0,-3.559729827535665,9.58553011462555e-06,-0.14432791,-0.1266937255859375
2024-10-24 23:00:00,0.0,-2.332635973033713,9.58553011462555e-06,-0.07425911,-0.034358978271484375
2024-10-25 00:00:00,0.0,0.8062649296350415,9.58553011462555e-06,-0.10496953,0.07881927490234375
2024-10-25 01:00:00,0.0,-3.108841274205683,9.58553011462555e-06,-0.09464029,0.17401123046875
2024-10-25 02:00:00,0.0,-1.9016263842042838,9.58553011462555e-06,-0.034059014,-0.11945724487304688
2024-10-25 03:00:00,0.0,-0.3129969269973607,9.58553011462555e-06,-0.15899074,-0.14659881591796875
2024-10-25 04:00:00,0.0,0.9845109785352539,9.58553011462555e-06,0.07838239,-0.4193458557128906
2024-10-25 05:00:00,0.0,3.3761722612906357,0.0011056703805405734,1.2425711,0.20333099365234375
2024-10-25 06:00:00,1.2000000000000002,6.234224192885211,2.5185736886936594,2.4255068,2.8186607360839844
2024-10-25 07:00:00,9.584,10.234518715876554,10.181514000000002,13.1505375,11.985820770263672
2024-10-25 08:00:00,19.61,22.643669823887265,23.326838519416857,20.993488,38.30382537841797
2024-10-25 09:00:00,31.046,35.17419914508689,34.83869960125283,37.480156,57.06806945800781
2024-10-25 10:00:00,44.236,45.798651652442715,40.421445671921596,41.738415,67.10369873046875
2024-10-25 11:00:00,47.464,55.339021739928214,52.169241947018044,54.607193,72.43267822265625
2024-10-25 12:00:00,41.18600000000001,51.30118277132454,52.16684914936335,49.90216,74.10984802246094
2024-10-25 13:00:00,19.55,38.71834713532224,44.80891415791316,43.95816,66.90262603759766
2024-10-25 14:00:00,10.090000000000002,15.879229322412986,31.796356269186436,30.39612,55.31690979003906
2024-10-25 15:00:00,8.190000000000001,9.186211393955269,10.104669714285718,13.965383,31.18653678894043
2024-10-25 16:00:00,5.104,5.924429964438758,9.814588571428573,6.624807,12.514654159545898
2024-10-25 17:00:00,1.024,0.5561581823808224,2.8056399999999995,3.4235232,4.261852264404297
2024-10-25 18:00:00,0.0,-2.52486960249849,9.58553011462555e-06,-0.013193758,1.2777633666992188
2024-10-25 19:00:00,0.0,-1.4788137406874178,9.58553011462555e-06,-0.02576737,0.480377197265625
2024-10-25 20:00:00,0.0,0.534614799107624,9.58553011462555e-06,-0.049542937,0.30919647216796875
2024-10-25 21:00:00,0.0,0.9545793428346316,9.58553011462555e-06,-0.07344921,0.24831390380859375
2024-10-25 22:00:00,0.0,0.41815171221280245,9.58553011462555e-06,-0.041183412,0.20130157470703125
2024-10-25 23:00:00,0.0,-0.8778138438479903,9.58553011462555e-06,-0.2444252,0.12907028198242188
2024-10-26 00:00:00,0.0,-0.7950996397120802,9.58553011462555e-06,-0.058414657,0.09560012817382812
2024-10-26 01:00:00,0.0,-6.628777497072761,9.58553011462555e-06,-0.03527012,0.21042633056640625
2024-10-26 02:00:00,0.0,-4.031678109843339,9.58553011462555e-06,-0.034740523,0.058322906494140625
2024-10-26 03:00:00,0.0,-1.3463948786793445,9.58553011462555e-06,-0.038488682,0.40533447265625
2024-10-26 04:00:00,0.0,1.3080670789841822,9.58553011462555e-06,0.07114486,0.680206298828125
2024-10-26 05:00:00,0.0,2.2827426873063743,0.011270410066013503,-0.08063827,1.1257820129394531
2024-10-26 06:00:00,0.82,4.911585938034291,2.6889750618760315,2.1552086,4.367240905761719
2024-10-26 07:00:00,8.05,6.784986649255828,8.257687142857144,10.306038,19.043113708496094
2024-10-26 08:00:00,15.56,18.185775105357536,20.890343801771408,15.716951,46.727657318115234
2024-10-26 09:00:00,24.824,27.06434342416162,29.320277578048017,28.826006,56.52576446533203
2024-10-26 10:00:00,34.276,36.200993698509485,39.44117583560623,40.764236,65.94920349121094
2024-10-26 11:00:00,38.86000000000001,43.752493673998316,44.426579923321796,39.16042,63.63605499267578
2024-10-26 12:00:00,36.086000000000006,43.069676828926646,47.10566469158902,46.6338,58.20082473754883
2024-10-26 13:00:00,37.154,34.58441758970507,36.476298926470584,29.459253,50.625404357910156
2024-10-26 14:00:00,22.01,31.81950168964383,39.68876767647059,38.044353,41.639503479003906
2024-10-26 15:00:00,14.886000000000005,14.500384600853408,22.23257455900523,16.706383,30.63503646850586
2024-10-26 16:00:00,4.966,8.585633855901476,13.315740965367963,10.924716,16.393775939941406
2024-10-26 17:00:00,0.986,-0.5839412696651163,2.5250799999999987,4.1071086,7.138154983520508
2024-10-26 18:00:00,0.0,-2.4135549207905824,0.17212108074426496,0.12130574,2.4084205627441406
2024-10-26 19:00:00,0.0,-1.1118078273923642,0.15154108074426498,-0.03358686,0.7256851196289062
2024-10-26 20:00:00,0.0,-1.0091891906465458,0.145631080744265,-0.054711863,0.259002685546875
2024-10-26 21:00:00,0.0,0.6603711920391921,0.14487108074426502,0.62840337,0.09740447998046875
2024-10-26 22:00:00,0.0,1.4194124852930283,0.132711080744265,0.18048626,-0.03839874267578125
2024-10-26 23:00:00,0.0,1.5154969110557808,9.58553011462555e-06,-0.10419603,-0.10589599609375
2024-10-27 00:00:00,0.0,2.0896396977268505,9.58553011462555e-06,-0.19227561,-0.07216262817382812
2024-10-27 01:00:00,0.0,-3.3133630065817834,9.58553011462555e-06,-0.31706887,-0.008052825927734375
2024-10-27 02:00:00,0.0,-3.940568335404011,9.58553011462555e-06,-0.2676793,-0.2535438537597656
2024-10-27 03:00:00,0.0,-2.2069251063846456,9.58553011462555e-06,-0.1434902,-0.2354583740234375
2024-10-27 04:00:00,0.0,-0.643455654683863,9.58553011462555e-06,0.17261587,-0.4757728576660156
2024-10-27 05:00:00,0.0,2.1312131369204046,0.006080841521254167,-0.2345303,-0.4737052917480469
2024-10-27 06:00:00,2.176,4.17032259849565,2.7529677778626604,3.6858644,1.5845298767089844
2024-10-27 07:00:00,18.6,9.032312094500446,17.20930323412699,18.221663,17.8303279876709
2024-10-27 08:00:00,44.59,37.579185609303416,40.017984892377,41.35811,34.97158432006836
2024-10-27 09:00:00,71.19600000000001,65.17835051354336,72.9908548653642,69.44081,79.62202453613281
2024-10-27 10:00:00,89.30000000000001,88.49099933726399,93.83290617820343,93.3864,111.4600830078125
2024-10-27 11:00:00,85.87,96.67528954193523,99.09401699713649,100.086945,119.69834899902344
2024-10-27 12:00:00,88.99000000000001,80.5731458546332,81.05520808750867,82.279816,114.8144302368164
2024-10-27 13:00:00,96.12,79.0990973492379,76.02095264373528,76.36402,92.90895080566406
2024-10-27 14:00:00,77.12,78.31983302376005,75.79974620623297,75.76621,79.20116424560547
2024-10-27 15:00:00,51.136,50.41187792135221,53.059830398681704,52.816578,54.77165222167969
2024-10-27 16:00:00,22.090000000000003,28.14583272023603,24.36581925118835,23.300924,27.407081604003906
2024-10-27 17:00:00,2.87,7.09651419234846,3.4380485100171154,3.3371887,5.19061279296875
2024-10-27 18:00:00,0.0,-1.98807063860151,9.58553011462555e-06,0.07981505,0.40929412841796875
2024-10-27 19:00:00,0.0,2.370831406352467,9.58553011462555e-06,0.13428536,0.055187225341796875
2024-10-27 20:00:00,0.0,1.4220892910479375,9.58553011462555e-06,-0.051481135,0.08687210083007812
2024-10-27 21:00:00,0.0,-2.013216841476612,9.58553011462555e-06,-0.044433706,0.3285102844238281
2024-10-27 22:00:00,0.0,-1.5905438637901925,9.58553011462555e-06,-0.040853303,0.4810943603515625
2024-10-27 23:00:00,0.0,-1.2136431569373647,9.58553011462555e-06,-0.04244825,0.5664596557617188
2024-10-28 00:00:00,0.0,2.4840701698183896,9.58553011462555e-06,-0.037704065,0.6332931518554688
2024-10-28 01:00:00,0.0,-0.16261955862282562,9.58553011462555e-06,-0.0073187384,0.6627197265625
2024-10-28 02:00:00,0.0,-2.2229319916110226,9.58553011462555e-06,0.028943485,0.3963890075683594
2024-10-28 03:00:00,0.0,-1.7909526426743394,9.58553011462555e-06,0.007912108,0.3693809509277344
2024-10-28 04:00:00,0.0,-0.11826768818024025,9.58553011462555e-06,0.10343594,0.340545654296875
2024-10-28 05:00:00,0.0,3.722382722499658,5.793287248158564e-05,0.07569245,0.02254486083984375
2024-10-28 06:00:00,2.07,9.492800418968097,4.451994538272362,3.8722496,1.1631088256835938
2024-10-28 07:00:00,17.07,16.881620857623634,20.760836196078426,19.933796,22.33342742919922
2024-10-28 08:00:00,37.336000000000006,42.73399548357621,36.7266755657978,38.708984,63.803977966308594
2024-10-28 09:00:00,62.88,61.164829975695575,59.959044338593856,58.378204,64.74808502197266
2024-10-28 10:00:00,87.18400000000001,84.23415470349005,85.81401512827077,89.3411,88.98672485351562
2024-10-28 11:00:00,107.22,100.50027326643271,100.61564255022539,101.018364,106.79007720947266
2024-10-28 12:00:00,116.2,112.24720068206454,110.60728163172115,107.825935,115.82673645019531
2024-10-28 13:00:00,95.61,112.06192031149578,103.79662624716703,107.18008,109.57988739013672
2024-10-28 14:00:00,67.466,76.0589987018202,78.8072814629279,74.709724,75.71147155761719
2024-10-28 15:00:00,43.42400000000001,45.9011215376429,43.57787078638214,43.112934,48.572776794433594
2024-10-28 16:00:00,20.22,24.58168238132244,20.936491874659474,21.33545,19.518482208251953
2024-10-28 17:00:00,2.54,8.129641478520828,2.625400953686972,3.1369636,3.5503578186035156
2024-10-28 18:00:00,0.0,-1.9905729009821664,9.58553011462555e-06,0.1019068,0.6399269104003906
2024-10-28 19:00:00,0.0,1.9479524064247844,9.58553011462555e-06,0.047080904,0.5227279663085938
2024-10-28 20:00:00,0.0,2.746691924806596,9.58553011462555e-06,0.012866721,0.5569190979003906
2024-10-28 21:00:00,0.0,-0.7827089298715784,9.58553011462555e-06,0.006698666,0.586273193359375
2024-10-28 22:00:00,0.0,-0.29515676282588643,9.58553011462555e-06,0.006698666,0.6225852966308594
2024-10-28 23:00:00,0.0,-0.7612205160019405,9.58553011462555e-06,0.008821477,0.6705856323242188
2024-10-29 00:00:00,0.0,0.6157425891748494,9.58553011462555e-06,0.013475113,0.7186279296875
2024-10-29 01:00:00,0.0,-3.9612164092173083,9.58553011462555e-06,0.023362558,0.7305908203125
2024-10-29 02:00:00,0.0,-3.113033622588788,9.58553011462555e-06,0.0037347001,0.3793754577636719
2024-10-29 03:00:00,0.0,-1.9368715550017797,9.58553011462555e-06,-0.009174867,0.3231353759765625
2024-10-29 04:00:00,0.0,-0.293267503256609,9.58553011462555e-06,0.13582365,-0.09978866577148438
2024-10-29 05:00:00,0.0,2.962088145468872,5.793287248158564e-05,0.18313335,-0.1768646240234375
2024-10-29 06:00:00,2.32,8.195512590510994,3.9926786833227226,3.9785542,0.460906982421875
2024-10-29 07:00:00,17.75,16.258121158326873,20.923199495223734,22.464243,17.26404571533203
2024-10-29 08:00:00,35.99,41.30543362550576,36.31445807135869,37.165127,58.93926239013672
2024-10-29 09:00:00,62.116,59.62638419048579,58.98715913626029,60.247562,65.13670349121094
2024-10-29 10:00:00,89.904,82.59874723668216,88.38367104568177,87.835884,89.88986206054688
2024-10-29 11:00:00,114.424,105.14603067555802,102.76894689903781,105.6712,106.29298400878906
2024-10-29 12:00:00,122.94400000000002,121.18182972202331,117.5477717780639,115.17374,117.99764251708984
2024-10-29 13:00:00,121.65,118.05644880989968,109.06240733169695,107.894485,115.54330444335938
2024-10-29 14:00:00,90.41,101.52351729616478,95.44586603813579,97.162865,88.28105926513672
2024-10-29 15:00:00,63.53,62.36865971780251,61.52826838221842,60.484756,60.71100997924805
2024-10-29 16:00:00,29.296,38.1798504513392,32.966291959134196,33.394966,28.72793960571289
2024-10-29 17:00:00,3.4600000000000004,12.380922678306515,3.62226496231645,3.6403081,4.979515075683594
2024-10-29 18:00:00,0.0,-3.9560498518115783,9.58553011462555e-06,-0.009677072,0.4869804382324219
2024-10-29 19:00:00,0.0,2.6730539423652786,9.58553011462555e-06,-0.012843739,0.38962554931640625
2024-10-29 20:00:00,0.0,2.8586439151718768,9.58553011462555e-06,-0.13340105,0.5448532104492188
2024-10-29 21:00:00,0.0,-1.00357097771783,9.58553011462555e-06,0.01255813,0.6275596618652344
2024-10-29 22:00:00,0.0,0.4583070222892198,9.58553011462555e-06,0.011604136,0.69366455078125
2024-10-29 23:00:00,0.0,0.29745857121833197,9.58553011462555e-06,0.011604136,0.7444610595703125
2024-10-30 00:00:00,0.0,2.119242950981212,9.58553011462555e-06,0.011604136,0.7632827758789062
2024-10-30 01:00:00,0.0,-1.873439973131351,9.58553011462555e-06,0.034390662,0.7521553039550781
2024-10-30 02:00:00,0.0,-3.490749539484998,9.58553011462555e-06,0.036513474,0.3920249938964844
2024-10-30 03:00:00,0.0,-2.017340882639947,9.58553011462555e-06,0.093718626,0.2637977600097656
2024-10-30 04:00:00,0.0,-0.7228659012692136,9.58553011462555e-06,0.0861623,-0.11459732055664062
2024-10-30 05:00:00,0.0,2.22346950417249,5.793287248158564e-05,0.056848653,-0.2685432434082031
2024-10-30 06:00:00,3.2340000000000004,8.068534129730986,4.166450910552974,3.8764968,1.7488975524902344
2024-10-30 07:00:00,33.45,17.21490619039665,24.049425196078445,23.77814,24.112506866455078
2024-10-30 08:00:00,74.55,62.70911985537712,71.38066421363182,71.909325,66.22889709472656
2024-10-30 09:00:00,110.75,107.29197133975975,110.73742716687775,109.14946,109.66828155517578
2024-10-30 10:00:00,140.934,135.31233555958892,136.86950461108594,137.39528,137.979736328125
2024-10-30 11:00:00,146.29000000000002,153.35621409445548,151.77939920804172,152.6154,152.1403350830078
2024-10-30 12:00:00,136.31,142.14041335321127,144.9318657507667,144.40149,152.89849853515625
2024-10-30 13:00:00,135.956,119.65150243313968,121.88445756532421,117.88195,133.75469970703125
2024-10-30 14:00:00,112.366,109.38150209731847,107.25243079172097,111.07473,105.35383605957031
2024-10-30 15:00:00,76.476,75.30725074675689,77.86492076992216,76.4977,72.37393188476562
2024-10-30 16:00:00,35.254000000000005,41.10742208501862,38.81875925905353,38.77569,36.81461715698242
2024-10-30 17:00:00,3.924,11.202558770127098,4.4027465317336665,4.5164685,5.69342041015625
2024-10-30 18:00:00,0.0,-6.172361805293724,9.58553011462555e-06,-0.0072607733,0.5875129699707031
2024-10-30 19:00:00,0.0,2.612009409926767,9.58553011462555e-06,0.0028775036,0.4565620422363281
2024-10-30 20:00:00,0.0,2.969827304245957,9.58553011462555e-06,0.008444613,0.5030021667480469
2024-10-30 21:00:00,0.0,-2.213064009017378,9.58553011462555e-06,0.023081476,0.6541709899902344
2024-10-30 22:00:00,0.0,-1.2418839115097615,9.58553011462555e-06,0.023624789,0.6638526916503906
2024-10-30 23:00:00,0.0,-1.396451103924389,9.58553011462555e-06,0.023624789,0.6781463623046875
2024-10-31 00:00:00,0.0,2.2072587242776898,9.58553011462555e-06,0.023624789,0.6857872009277344
2024-10-31 01:00:00,0.0,1.0693625872773609,9.58553011462555e-06,0.034390662,0.6815185546875
2024-10-31 02:00:00,0.0,0.32115119817077176,9.58553011462555e-06,0.036513474,0.32164764404296875
2024-10-31 03:00:00,0.0,-0.08014118457999508,9.58553011462555e-06,0.036513474,0.13477325439453125
2024-10-31 04:00:00,0.0,0.8655284230055393,9.58553011462555e-06,0.090815924,0.0797119140625
2024-10-31 05:00:00,0.0,3.789646074799167,5.793287248158564e-05,0.07906158,-0.3714752197265625
2024-10-31 06:00:00,3.2340000000000004,10.372817935203244,3.5862173017671126,3.7169642,2.6239471435546875
2024-10-31 07:00:00,33.980000000000004,19.970121301928494,30.533274040011566,31.037352,31.713218688964844
2024-10-31 08:00:00,76.38,67.59062566162606,73.58367319761058,73.64417,81.64561462402344
2024-10-31 09:00:00,114.0,111.36828993039379,114.9005663668534,114.361824,117.89471435546875
2024-10-31 10:00:00,141.116,139.82842109406172,140.5504095113566,141.71782,146.01083374023438
2024-10-31 11:00:00,146.44400000000002,152.01904520893856,153.52222100855244,154.7765,157.81484985351562
2024-10-31 12:00:00,147.17000000000002,142.2291986325372,146.77558393604255,145.79851,153.97183227539062
2024-10-31 13:00:00,141.894,133.02992944306982,130.78310535757376,131.35567,133.3555145263672
2024-10-31 14:00:00,114.19400000000002,114.19741154129014,112.44530274846427,112.362854,111.18382263183594
2024-10-31 15:00:00,76.904,76.48044233512155,79.33459803143003,79.27069,80.64168548583984
2024-10-31 16:00:00,35.15,40.915105181847146,38.5746426909746,39.504196,40.860755920410156
2024-10-31 17:00:00,3.8,11.401994864338828,3.992641639505229,3.8867044,7.443553924560547
2024-10-31 18:00:00,0.0,-5.649333333443326,9.58553011462555e-06,-0.20129432,0.6823692321777344
2024-10-31 19:00:00,0.0,3.3673405937817886,9.58553011462555e-06,-0.008045735,0.4983406066894531
2024-10-31 20:00:00,0.0,2.6738659478080873,9.58553011462555e-06,0.018236663,0.5336456298828125
2024-10-31 21:00:00,0.0,-0.15798540370111436,9.58553011462555e-06,0.011558274,0.6112632751464844
2024-10-31 22:00:00,0.0,-0.8253536568095381,9.58553011462555e-06,0.023048209,0.6392784118652344
2024-10-31 23:00:00,0.0,-1.1010905789827756,9.58553011462555e-06,0.023624789,0.6250991821289062
2024-11-01 00:00:00,0.0,2.7881103103934404,9.58553011462555e-06,0.023624789,0.6350784301757812
2024-11-01 01:00:00,0.0,-0.3005770389821887,9.58553011462555e-06,0.027495978,0.6485366821289062
2024-11-01 02:00:00,0.0,-0.537941113526176,9.58553011462555e-06,0.027495978,0.4547309875488281
2024-11-01 03:00:00,0.0,0.21774227956827286,9.58553011462555e-06,0.027495978,0.15759658813476562
2024-11-01 04:00:00,0.0,1.6426887687289646,9.58553011462555e-06,0.027495978,-0.020244598388671875
2024-11-01 05:00:00,0.0,4.2200945511470405,0.0011651999212416856,0.034062296,-0.373687744140625
2024-11-01 06:00:00,1.7960000000000005,9.861978705373023,3.0822027334452415,2.9537172,4.5720062255859375
2024-11-01 07:00:00,16.494,16.50911063017779,23.319845181818174,24.240095,33.15339279174805
2024-11-01 08:00:00,41.304,42.079168263789455,38.22027940722173,38.881714,75.63409423828125
2024-11-01 09:00:00,68.396,67.36356123297347,73.3279971066998,68.838066,73.17997741699219
2024-11-01 10:00:00,93.666,93.51449237232413,101.50222941038282,102.27532,106.24835205078125
2024-11-01 11:00:00,118.384,109.8750837833679,110.0379450303487,110.26259,115.68248748779297
2024-11-01 12:00:00,117.084,125.08106985254813,116.38076386046794,110.48691,123.28955841064453
2024-11-01 13:00:00,103.35,109.66489961076613,107.35226338509115,104.95002,119.09209442138672
2024-11-01 14:00:00,93.124,83.18301759081828,84.25926324129964,84.14286,86.65354919433594
2024-11-01 15:00:00,61.776,68.38059287222168,60.19645652119223,62.156086,60.857025146484375
2024-11-01 16:00:00,25.176,33.91763723442435,32.627814637772346,30.895092,32.97660446166992
2024-11-01 17:00:00,2.664,6.409794291814821,3.3973141157950613,2.954281,7.946041107177734
2024-11-01 18:00:00,0.0,-5.622287473984266,9.58553011462555e-06,-0.23528644,0.9377937316894531
2024-11-01 19:00:00,0.0,1.9309051257397662,9.58553011462555e-06,6.507791e-05,0.5403709411621094
2024-11-01 20:00:00,0.0,2.385423171621083,9.58553011462555e-06,0.017726367,0.55999755859375
2024-11-01 21:00:00,0.0,0.8365350223308905,9.58553011462555e-06,0.0176841,0.5434455871582031
2024-11-01 22:00:00,0.0,1.1086390089676295,9.58553011462555e-06,0.016730106,0.5458221435546875
2024-11-01 23:00:00,0.0,-0.0881767251912482,9.58553011462555e-06,0.016730106,0.5790519714355469
2024-11-02 00:00:00,0.0,0.9963296687126206,9.58553011462555e-06,0.016730106,0.6258087158203125
2024-11-02 01:00:00,0.0,-2.4069368543379275,9.58553011462555e-06,0.032149617,0.6191177368164062
2024-11-02 02:00:00,0.0,-1.3676098367883291,9.58553011462555e-06,0.032149617,0.4177093505859375
2024-11-02 03:00:00,0.0,-2.3641552721265486,9.58553011462555e-06,0.032149617,0.18145751953125
2024-11-02 04:00:00,0.0,-1.1710149235080864,9.58553011462555e-06,0.027495978,-0.5527153015136719
2024-11-02 05:00:00,0.0,2.0610103656277285,5.793287248158564e-05,0.031939484,-0.7196578979492188
2024-11-02 06:00:00,2.0,8.053829150168877,2.3103252636975236,2.2282412,1.1040191650390625
2024-11-02 07:00:00,21.69,15.483996042575285,23.837370560224095,23.067986,24.209064483642578
2024-11-02 08:00:00,52.654,48.828101036314344,53.8777847048287,55.19698,70.1114730834961
2024-11-02 09:00:00,85.63,81.38206256745562,84.9283185876675,85.225945,91.10678100585938
2024-11-02 10:00:00,132.43,114.47673921989858,114.41423993462962,113.3513,125.87012481689453
2024-11-02 11:00:00,149.57000000000002,153.1765047451165,145.19546945865494,146.68875,138.65594482421875
2024-11-02 12:00:00,151.99,151.2668417803037,151.74664864178357,148.22395,151.79148864746094
2024-11-02 13:00:00,138.48,137.52022084004167,137.95858756968866,135.11252,138.13282775878906
2024-11-02 14:00:00,110.294,110.51458094911149,117.21011539836496,115.748695,106.03746795654297
2024-11-02 15:00:00,72.24,77.71241268689352,75.70738601963635,73.52636,74.87142181396484
2024-11-02 16:00:00,32.1,40.08192400213873,35.16822874161342,35.0355,36.045509338378906
2024-11-02 17:00:00,3.3340000000000005,9.331868346834653,3.37550147708465,3.6619744,5.229045867919922
2024-11-02 18:00:00,0.0,-6.427062560346766,9.58553011462555e-06,-0.070086055,0.6877517700195312
2024-11-02 19:00:00,0.0,2.86807100122574,9.58553011462555e-06,0.0060396926,0.6788330078125
2024-11-02 20:00:00,0.0,2.7825562051702004,9.58553011462555e-06,0.013322975,0.6674690246582031
2024-11-02 21:00:00,0.0,4.429941104295606,9.58553011462555e-06,0.0176841,0.6029548645019531
2024-11-02 22:00:00,0.0,3.0445009745080114,9.58553011462555e-06,0.016730106,0.5550880432128906
2024-11-02 23:00:00,0.0,-1.0289715869991127,9.58553011462555e-06,0.016730106,0.5872154235839844
2024-11-03 00:00:00,0.0,0.5640186917098529,9.58553011462555e-06,0.021383742,0.6215286254882812
2024-11-03 01:00:00,0.0,-2.3828236854501723,9.58553011462555e-06,0.032149617,0.6313056945800781
2024-11-03 02:00:00,0.0,-3.092583802038767,9.58553011462555e-06,0.033140462,0.5468597412109375
2024-11-03 03:00:00,0.0,-2.337047603080577,9.58553011462555e-06,0.032149617,0.2911796569824219
2024-11-03 04:00:00,0.0,1.0567741202726495,9.58553011462555e-06,0.019705681,-0.16140365600585938
2024-11-03 05:00:00,0.0,3.3377045445448736,5.793287248158564e-05,0.037583966,0.07455062866210938
2024-11-03 06:00:00,2.624,8.835143564266875,2.7015996504175734,2.602794,2.15216064453125
2024-11-03 07:00:00,28.33,15.691758620193998,27.516422910735223,28.148037,25.251659393310547
2024-11-03 08:00:00,68.91000000000001,56.402285954115904,63.48847034331149,64.3212,70.54959106445312
2024-11-03 09:00:00,98.23,101.06349060984007,107.43671649334537,108.664955,102.62127685546875
2024-11-03 10:00:00,127.334,124.84951513732574,129.81442750300684,130.41064,137.9152374267578
2024-11-03 11:00:00,140.494,144.99437811562768,140.69944757734754,141.817,145.42333984375
2024-11-03 12:00:00,145.484,140.36506011327018,137.66326206282196,139.32349,144.42401123046875
2024-11-03 13:00:00,129.144,131.879382220878,127.67804562115288,127.184204,122.72974395751953
2024-11-03 14:00:00,101.3,99.06822127069472,100.57797859383632,99.50932,100.25232696533203
2024-11-03 15:00:00,71.054,67.20199237051403,65.2067253347841,65.82884,67.44603729248047
2024-11-03 16:00:00,30.860000000000003,40.61791900360537,33.0124353254451,34.241592,30.618366241455078
2024-11-03 17:00:00,3.02,7.78585037545472,3.24079867709844,2.931163,4.260562896728516
2024-11-03 18:00:00,0.0,-7.08662677186601,9.58553011462555e-06,-0.027901782,0.4745597839355469
2024-11-03 19:00:00,0.0,2.7698904368685557,9.58553011462555e-06,-0.0029488024,0.5535049438476562
2024-11-03 20:00:00,0.0,0.9699593930312336,9.58553011462555e-06,0.016186792,0.5360794067382812
2024-11-03 21:00:00,0.0,1.8838335145246177,9.58553011462555e-06,0.016186792,0.5205001831054688
2024-11-03 22:00:00,0.0,3.03815021414667,9.58553011462555e-06,0.01622364,0.4948768615722656
2024-11-03 23:00:00,0.0,-0.7123612037742602,9.58553011462555e-06,0.015232798,0.5305862426757812
2024-11-04 00:00:00,0.0,0.9053172812302819,9.58553011462555e-06,0.015232798,0.5371932983398438
2024-11-04 01:00:00,0.0,-3.925635724176254,9.58553011462555e-06,0.02784198,0.5445632934570312
2024-11-04 02:00:00,0.0,-3.7193071541040124,9.58553011462555e-06,0.02784198,0.5718955993652344
2024-11-04 03:00:00,0.0,-1.7927981928761287,9.58553011462555e-06,0.02784198,0.2576255798339844
2024-11-04 04:00:00,0.0,0.4022965772684115,9.58553011462555e-06,0.02784198,-0.13364410400390625
2024-11-04 05:00:00,0.0,3.9955932382774293,5.793287248158564e-05,0.030788176,-0.019115447998046875
2024-11-04 06:00:00,2.12,10.721163718756031,2.2630095367427874,2.1174614,2.28692626953125
2024-11-04 07:00:00,23.876,15.865135977096692,26.481203647149464,26.3418,24.874338150024414
2024-11-04 08:00:00,61.93,51.147670373334506,57.73747847801405,58.313732,66.2923355102539
2024-11-04 09:00:00,91.704,92.04448543752682,99.5021021126902,98.165985,91.17110443115234
2024-11-04 10:00:00,123.03,118.95501015028339,120.92737039205642,123.09777,124.7198715209961
2024-11-04 11:00:00,141.04000000000002,140.12126544963584,132.61439893096392,134.9021,135.54273986816406
2024-11-04 12:00:00,142.26,141.9011726103951,137.11647465909863,135.85194,136.38101196289062
2024-11-04 13:00:00,121.294,127.70065064556334,127.10044973054517,123.81792,122.59031677246094
2024-11-04 14:00:00,96.996,92.80772708957525,96.08541982248356,96.248085,96.47315979003906
2024-11-04 15:00:00,66.116,66.3634720560299,61.073283778457096,62.44691,62.05839920043945
2024-11-04 16:00:00,27.4,37.465393551874115,29.900755804047755,28.47557,26.555625915527344
2024-11-04 17:00:00,2.846,6.268726781846455,2.5899625224008616,2.728144,3.2335281372070312
2024-11-04 18:00:00,0.0,-5.015874211847762,9.58553011462555e-06,-0.0010632249,0.4673042297363281
2024-11-04 19:00:00,0.0,1.6769599052015742,9.58553011462555e-06,-0.0010632249,0.4965248107910156
2024-11-04 20:00:00,0.0,1.3440024888875604,9.58553011462555e-06,0.016532794,0.5521469116210938
2024-11-04 21:00:00,0.0,1.9302519398425684,9.58553011462555e-06,0.018030101,0.6000709533691406
2024-11-04 22:00:00,0.0,1.5770035736608268,9.58553011462555e-06,0.017076107,0.6409034729003906
2024-11-04 23:00:00,0.0,-2.0277037547084236,9.58553011462555e-06,0.017076107,0.69512939453125
2024-11-05 00:00:00,0.0,-0.6479322733666741,9.58553011462555e-06,0.017076107,0.722503662109375
2024-11-05 01:00:00,0.0,-3.4804357182114036,9.58553011462555e-06,0.02784198,0.6933403015136719
2024-11-05 02:00:00,0.0,-1.1025564995632937,9.58553011462555e-06,0.032495614,0.5059814453125
2024-11-05 03:00:00,0.0,-1.0721792304836733,9.58553011462555e-06,0.032495614,0.323486328125
2024-11-05 04:00:00,0.0,-0.3060120117864793,9.58553011462555e-06,0.032495614,-0.07248306274414062
2024-11-05 05:00:00,0.0,2.4508841295352983,5.793287248158564e-05,0.030788176,0.0816650390625
2024-11-05 06:00:00,2.224,8.492632610185494,2.2629788470110217,1.8899193,0.9338035583496094
2024-11-05 07:00:00,24.864,15.811274513177874,26.82610822928049,26.66227,19.315732955932617
2024-11-05 08:00:00,62.284000000000006,52.531424353234065,59.61751827396973,58.505882,64.685546875
2024-11-05 09:00:00,93.82,93.5283847217863,97.99144992416974,97.126366,89.59648132324219
2024-11-05 10:00:00,124.87,119.47108827926766,125.49698723492806,122.2398,125.21492004394531
2024-11-05 11:00:00,139.37,140.53707118825767,136.20824390646214,134.41856,135.56607055664062
2024-11-05 12:00:00,153.106,137.23291727054288,137.27671593860865,136.19337,132.50186157226562
2024-11-05 13:00:00,126.63,140.59620917864746,133.7353556610041,133.50398,119.40369415283203
2024-11-05 14:00:00,99.57,97.23136942839699,98.55558276484447,98.918335,101.08843994140625
2024-11-05 15:00:00,64.754,67.92887149035445,63.60439650755883,61.990585,63.858673095703125
2024-11-05 16:00:00,28.730000000000004,36.09750866286337,28.553890286215932,27.500174,26.848793029785156
2024-11-05 17:00:00,2.814,8.390775547511856,2.7182082968534185,2.5647626,3.262378692626953
2024-11-05 18:00:00,0.0,-4.912576942811798,9.58553011462555e-06,-0.02287014,0.42755889892578125
2024-11-05 19:00:00,0.0,2.134626407274901,9.58553011462555e-06,-0.0010632249,0.4900054931640625
2024-11-05 20:00:00,0.0,2.1647358905996033,9.58553011462555e-06,0.019744994,0.6464653015136719
2024-11-05 21:00:00,0.0,0.45074839903076924,9.58553011462555e-06,0.019744994,0.7417259216308594
2024-11-05 22:00:00,0.0,0.8205251866212127,9.58553011462555e-06,0.018791,0.7327804565429688
2024-11-05 23:00:00,0.0,-2.2104086795176467,9.58553011462555e-06,0.025584284,0.7299232482910156
2024-11-06 00:00:00,0.0,0.19750153064002962,9.58553011462555e-06,0.017076107,0.7182731628417969
2024-11-06 01:00:00,0.0,-4.815169035532769,9.58553011462555e-06,0.02784198,0.6806526184082031
2024-11-06 02:00:00,0.0,-3.344922008061406,9.58553011462555e-06,0.029964793,0.3590087890625
2024-11-06 03:00:00,0.0,-2.433058861720235,9.58553011462555e-06,0.029964793,0.23314285278320312
2024-11-06 04:00:00,0.0,-0.43915993142915166,9.58553011462555e-06,0.022408465,-0.4029541015625
2024-11-06 05:00:00,0.0,3.0062029214019272,5.793287248158564e-05,0.026851969,-0.178680419921875
2024-11-06 06:00:00,2.49,9.78689989630962,2.1537412972841765,2.1863868,0.5281410217285156
2024-11-06 07:00:00,29.636000000000003,16.98431785064404,26.35131404445449,26.571926,20.594411849975586
2024-11-06 08:00:00,69.05,57.185330264008286,68.83953372232318,68.19641,71.04289245605469
2024-11-06 09:00:00,106.034,99.27061094115925,106.49855335230282,106.67183,102.93254852294922
2024-11-06 10:00:00,130.49,134.74892257371056,133.3299202587603,134.69746,136.4388427734375
2024-11-06 11:00:00,133.776,142.60259070356395,145.25419240839744,142.63443,151.09152221679688
2024-11-06 12:00:00,104.31600000000002,128.94117793783212,139.4646305099168,134.72942,141.7783203125
2024-11-06 13:00:00,112.966,88.92547590859937,97.3818698264574,94.52901,114.393310546875
2024-11-06 14:00:00,87.53,93.82562787834698,89.0151568232166,90.71425,59.332069396972656
2024-11-06 15:00:00,58.446000000000005,57.926449491629974,56.68134779645099,55.078503,49.470489501953125
2024-11-06 16:00:00,27.05,29.068607597126544,26.174192974788326,27.436075,24.100025177001953
2024-11-06 17:00:00,2.764,6.036641950590598,2.635846211882505,2.9539149,2.7918167114257812
2024-11-06 18:00:00,0.0,-6.549991399811965,9.58553011462555e-06,-0.0018198894,0.28704071044921875
2024-11-06 19:00:00,0.0,2.701849006181753,9.58553011462555e-06,0.012790516,0.400390625
2024-11-06 20:00:00,0.0,1.2544166972127533,9.58553011462555e-06,0.03629374,0.5829811096191406
2024-11-06 21:00:00,0.0,-0.006142624268085761,9.58553011462555e-06,0.056699414,0.6480903625488281
2024-11-06 22:00:00,0.0,-2.007656674291736,9.58553011462555e-06,0.008331335,0.6468391418457031
2024-11-06 23:00:00,0.0,-3.498449243327623,9.58553011462555e-06,0.008453927,0.6452293395996094
2024-11-07 00:00:00,0.0,-0.8879533712008572,9.58553011462555e-06,0.010576738,0.645477294921875
2024-11-07 01:00:00,0.0,-0.0682643784094843,9.58553011462555e-06,0.014992218,0.6093826293945312
2024-11-07 02:00:00,0.0,-2.207144569724581,9.58553011462555e-06,0.007435885,0.2735252380371094
2024-11-07 03:00:00,0.0,-1.5712981237510801,9.58553011462555e-06,0.011152599,0.1937713623046875
2024-11-07 04:00:00,0.0,0.1807575215213486,9.58553011462555e-06,0.03137846,-0.4162445068359375
2024-11-07 05:00:00,0.0,3.657532851273446,5.793287248158564e-05,0.079724774,-0.2706718444824219
2024-11-07 06:00:00,2.4640000000000004,10.300066334561446,2.148591361555026,2.177393,0.6837806701660156
2024-11-07 07:00:00,29.81,17.77869191202968,24.65227098571429,25.690302,21.711591720581055
2024-11-07 08:00:00,69.38,59.97761550150893,69.73307699971308,68.51639,72.83102416992188
2024-11-07 09:00:00,107.48,101.12196029807555,102.66271887302442,99.89215,103.58512878417969
2024-11-07 10:00:00,136.9,135.3626718037522,130.2579565804805,131.28224,137.3919677734375
2024-11-07 11:00:00,151.284,148.20007697098717,148.10878762350984,147.70906,150.60009765625
2024-11-07 12:00:00,142.624,148.27404589642518,150.15880389001006,149.58588,147.80276489257812
2024-11-07 13:00:00,128.51600000000002,125.88267976653171,127.59971271337716,125.19725,128.3505859375
2024-11-07 14:00:00,99.39600000000002,101.05285851923239,102.9318154483534,98.54828,95.68961334228516
2024-11-07 15:00:00,64.266,66.43523511477895,64.70430914895054,65.79779,62.786529541015625
2024-11-07 16:00:00,27.896,32.857708015638174,28.355674609511276,27.834726,26.329444885253906
2024-11-07 17:00:00,2.6500000000000004,7.502358017321557,2.7087624208925165,2.8607457,2.4534072875976562
2024-11-07 18:00:00,0.0,-4.404600167760638,9.58553011462555e-06,-0.025620587,0.269256591796875
2024-11-07 19:00:00,0.0,3.6180308042195257,9.58553011462555e-06,0.025350269,0.4358711242675781
2024-11-07 20:00:00,0.0,2.0688144756148112,9.58553011462555e-06,0.021374896,0.6276473999023438
2024-11-07 21:00:00,0.0,-0.033897611396043636,9.58553011462555e-06,0.005752808,0.6997146606445312
2024-11-07 22:00:00,0.0,-1.2443209209510844,9.58553011462555e-06,0.020112313,0.6789665222167969
2024-11-07 23:00:00,0.0,-1.7017252547608832,9.58553011462555e-06,0.007887425,0.6770286560058594
2024-11-08 00:00:00,0.0,0.12542322610969858,9.58553011462555e-06,0.011604136,0.6813507080078125
2024-11-08 01:00:00,0.0,-2.060005328970102,9.58553011462555e-06,0.022811802,0.6717948913574219
2024-11-08 02:00:00,0.0,-2.317672974913796,9.58553011462555e-06,0.022811802,0.3937225341796875
2024-11-08 03:00:00,0.0,-1.3490774994065893,9.58553011462555e-06,0.024934612,0.25095367431640625
2024-11-08 04:00:00,0.0,0.9087893939574592,9.58553011462555e-06,0.024934612,-0.22317886352539062
2024-11-08 05:00:00,0.0,4.827676028132588,5.793287248158564e-05,0.02182179,-0.18906784057617188
2024-11-08 06:00:00,2.15,11.586004564711445,2.127102917807952,2.6616542,1.2329292297363281
2024-11-08 07:00:00,25.864,18.05630280140501,27.432412402634654,26.617617,25.82794952392578
2024-11-08 08:00:00,59.266,55.57040836010568,60.00631884044217,60.42789,77.56999206542969
2024-11-08 09:00:00,97.51,89.21567715027177,93.6061237823685,94.41892,100.19378662109375
2024-11-08 10:00:00,128.20000000000002,126.00386803518919,128.38268221577016,130.02127,131.99893188476562
2024-11-08 11:00:00,143.86,141.69712934008885,141.5695502438314,144.59018,143.45770263671875
2024-11-08 12:00:00,137.22400000000002,142.58578501791573,139.80759398862835,139.30275,141.27706909179688
2024-11-08 13:00:00,122.124,122.80194218954497,122.5194551032518,123.76109,121.53919219970703
2024-11-08 14:00:00,96.82,96.61053592859216,96.0237598793955,96.76074,94.20050811767578
2024-11-08 15:00:00,68.204,65.7240537216314,62.161010999373474,63.258095,60.81354522705078
2024-11-08 16:00:00,27.08,37.0411987578859,31.753654027077424,32.786644,27.049734115600586
2024-11-08 17:00:00,2.446,5.283076313282541,2.5831984404832493,2.6659312,3.0948486328125
2024-11-08 18:00:00,0.0,-4.324884796892613,9.58553011462555e-06,-0.008187056,0.3002052307128906
2024-11-08 19:00:00,0.0,4.360012684809261,9.58553011462555e-06,0.030072428,0.5011138916015625
2024-11-08 20:00:00,0.0,2.0735825829749626,9.58553011462555e-06,0.016674407,0.613189697265625
2024-11-08 21:00:00,0.0,0.8622559389881532,9.58553011462555e-06,0.0061945994,0.650848388671875
2024-11-08 22:00:00,0.0,-1.5926326665621584,9.58553011462555e-06,0.012045927,0.6190032958984375
2024-11-08 23:00:00,0.0,-2.226720545285787,9.58553011462555e-06,0.012045927,0.6123237609863281
2024-11-09 00:00:00,0.0,-0.6913207815243547,9.58553011462555e-06,0.012045927,0.6047782897949219
2024-11-09 01:00:00,0.0,-2.8575570654998637,9.58553011462555e-06,0.021661254,0.5784378051757812
2024-11-09 02:00:00,0.0,-2.5453775219278145,9.58553011462555e-06,0.026314888,0.3548088073730469
2024-11-09 03:00:00,0.0,-1.6150674983541142,9.58553011462555e-06,0.026314888,0.228363037109375
2024-11-09 04:00:00,0.0,-0.2682047958941771,9.58553011462555e-06,0.021661254,-0.42633056640625
2024-11-09 05:00:00,0.0,4.538454074229417,5.793287248158564e-05,0.030758396,-0.3705482482910156
2024-11-09 06:00:00,2.214,11.800994187634082,2.020544034691069,2.1854568,0.7775001525878906
2024-11-09 07:00:00,28.204000000000004,17.93832839146349,26.894704704384523,26.751892,22.393657684326172
2024-11-09 08:00:00,65.66000000000001,58.70996934769175,64.567153329603,65.229576,75.08523559570312
2024-11-09 09:00:00,104.9,97.11442547056015,99.59008386861854,101.84856,102.96500396728516
2024-11-09 10:00:00,133.834,134.16462112296745,131.92530322885807,133.09518,135.4873046875
2024-11-09 11:00:00,149.31,147.16136170540764,147.59220056354545,148.03026,147.70925903320312
2024-11-09 12:00:00,153.576,147.1365097157666,145.14921794218645,145.98262,146.12493896484375
2024-11-09 13:00:00,138.584,139.49540302319085,136.94366743601412,137.95251,128.83509826660156
2024-11-09 14:00:00,112.64,108.84474207001887,112.30776630520552,110.16693,106.35698699951172
2024-11-09 15:00:00,74.74,76.59616246099426,76.1150833178772,77.01586,71.8482666015625
2024-11-09 16:00:00,33.714,39.49413983317333,34.73605584241602,34.27472,32.16319274902344
2024-11-09 17:00:00,3.024,9.352790063924663,3.275670344320761,3.5897934,3.8683013916015625
2024-11-09 18:00:00,0.0,-5.89075162857055,9.58553011462555e-06,-0.065258265,0.2326202392578125
2024-11-09 19:00:00,0.0,4.521544593811084,9.58553011462555e-06,0.030410716,0.4044380187988281
2024-11-09 20:00:00,0.0,2.2464990811382943,9.58553011462555e-06,0.021429246,0.6204376220703125
2024-11-09 21:00:00,0.0,0.15160290925482744,9.58553011462555e-06,0.0062951692,0.61273193359375
2024-11-09 22:00:00,0.0,-1.630738307481809,9.58553011462555e-06,0.0053411755,0.5892601013183594
2024-11-09 23:00:00,0.0,-1.9869906202474494,9.58553011462555e-06,0.0108953705,0.6074295043945312
2024-11-10 00:00:00,0.0,1.8590896896394478,9.58553011462555e-06,0.0108953705,0.6286506652832031
2024-11-10 01:00:00,0.0,-1.2468134069572443,9.58553011462555e-06,0.024737822,0.63299560546875
2024-11-10 02:00:00,0.0,-1.9987102977360518,9.58553011462555e-06,0.024737822,0.42148590087890625
2024-11-10 03:00:00,0.0,-2.3498572644522393,9.58553011462555e-06,0.017944546,0.2951316833496094
2024-11-10 04:00:00,0.0,-0.5396049973714501,9.58553011462555e-06,0.023784064,-0.0227508544921875
2024-11-10 05:00:00,0.0,3.688581434896582,5.793287248158564e-05,0.032881208,-0.0543670654296875
2024-11-10 06:00:00,2.5700000000000003,11.585077836693664,2.062306800389139,2.192255,1.2636947631835938
2024-11-10 07:00:00,34.1,19.080746338970812,29.453744440769047,29.43802,24.038793563842773
2024-11-10 08:00:00,78.16000000000001,68.27751770288808,74.84438041716719,75.409225,76.46311950683594
2024-11-10 09:00:00,117.2,113.75111147566773,115.77093185019535,115.42798,111.22921752929688
2024-11-10 10:00:00,145.76600000000002,147.9520562941339,144.24528262654948,146.13474,142.219482421875
2024-11-10 11:00:00,160.506,158.53737226815184,159.86929353405918,159.4466,154.66619873046875
2024-11-10 12:00:00,161.04000000000002,156.4495052081243,157.47899218619324,156.9452,153.83267211914062
2024-11-10 13:00:00,145.46,143.78759703857537,142.43639427042527,144.74481,138.7533721923828
2024-11-10 14:00:00,116.11,112.5658001897763,116.24808441348696,116.8037,113.36450958251953
2024-11-10 15:00:00,77.46600000000001,77.53212148818147,77.75788801142303,77.098236,72.74495697021484
2024-11-10 16:00:00,35.09,40.8472126776619,38.65941906179621,37.836796,32.3521842956543
2024-11-10 17:00:00,3.08,8.834824789820457,3.183087818332371,3.7410188,3.8372535705566406
2024-11-10 18:00:00,0.0,-7.08559227789756,9.58553011462555e-06,-0.041822772,0.19892501831054688
2024-11-10 19:00:00,0.0,4.475246374372318,9.58553011462555e-06,0.025250616,0.3765678405761719
2024-11-10 20:00:00,0.0,2.1383860032183204,9.58553011462555e-06,0.02314414,0.569549560546875
2024-11-10 21:00:00,0.0,-0.7323613227048531,9.58553011462555e-06,0.0037296994,0.504364013671875
2024-11-10 22:00:00,0.0,-2.4735891433467,9.58553011462555e-06,0.0070560686,0.4754219055175781
2024-11-10 23:00:00,0.0,-3.1778789703738646,9.58553011462555e-06,0.005091341,0.5006179809570312
2024-11-11 00:00:00,0.0,1.314444611547466,9.58553011462555e-06,0.005213932,0.5323486328125
2024-11-11 01:00:00,0.0,-0.9473862691353991,9.58553011462555e-06,0.015538025,0.5347137451171875
2024-11-11 02:00:00,0.0,-1.4169963501437755,9.58553011462555e-06,0.026511595,0.4306449890136719
2024-11-11 03:00:00,0.0,-1.4987463135586285,9.58553011462555e-06,0.030696847,0.33625030517578125
2024-11-11 04:00:00,0.0,0.052420170033886215,9.58553011462555e-06,0.045844316,0.2651824951171875
2024-11-11 05:00:00,0.0,3.867751049983905,5.793287248158564e-05,-0.023243211,-0.18459701538085938
2024-11-11 06:00:00,1.77,12.191025707418309,1.9802933614718616,2.2174277,1.0625839233398438
2024-11-11 07:00:00,21.700000000000003,19.994584292655638,22.79286716783218,24.327173,26.006610870361328
2024-11-11 08:00:00,50.41,49.29349150028556,56.124069890549116,54.023586,73.85296630859375
2024-11-11 09:00:00,80.17000000000002,80.6933288137661,85.70344868892037,83.82951,82.17897033691406
2024-11-11 10:00:00,122.56,106.85043158424037,112.56343925469537,110.791885,104.62610626220703
2024-11-11 11:00:00,133.924,143.28726005387682,139.10640612071595,138.96954,112.46759033203125
2024-11-11 12:00:00,139.076,135.8057655771292,138.53356223745274,135.22574,126.27544403076172
2024-11-11 13:00:00,115.49,127.30387055426061,128.32911633490556,125.93446,116.96085357666016
2024-11-11 14:00:00,85.804,91.76649010239822,94.69526732665517,95.99645,98.70651245117188
2024-11-11 15:00:00,51.616,59.24656333165222,58.1213281774767,53.825176,57.26849365234375
2024-11-11 16:00:00,23.75,26.898909679754823,22.269452056850017,22.162102,22.081302642822266
2024-11-11 17:00:00,2.5,4.353908464872106,2.303716624171201,2.6071432,2.1634483337402344
2024-11-11 18:00:00,0.0,-6.504401163364283,9.58553011462555e-06,-0.016135424,0.24251937866210938
2024-11-11 19:00:00,0.0,1.5254465055720186,9.58553011462555e-06,-0.014880214,0.3086585998535156
2024-11-11 20:00:00,0.0,2.446357433063893,9.58553011462555e-06,0.0065242713,0.4481163024902344
2024-11-11 21:00:00,0.0,0.760955600643797,9.58553011462555e-06,0.0055702776,0.5632553100585938
2024-11-11 22:00:00,0.0,0.9717961800024613,9.58553011462555e-06,0.0055702776,0.5999526977539062
2024-11-11 23:00:00,0.0,-2.6882040022454454,9.58553011462555e-06,0.0055702776,0.6408119201660156
2024-11-12 00:00:00,0.0,0.3031988172234277,9.58553011462555e-06,0.011124472,0.6823883056640625
2024-11-12 01:00:00,0.0,-3.7990069042192056,9.58553011462555e-06,0.016458752,0.6927719116210938
2024-11-12 02:00:00,0.0,-3.5877128109029575,9.58553011462555e-06,0.018423483,0.3857231140136719
2024-11-12 03:00:00,0.0,-2.7473713808772255,9.58553011462555e-06,0.018423483,0.44725799560546875
2024-11-12 04:00:00,0.0,-0.5632559309284355,9.58553011462555e-06,0.0068385927,0.0178985595703125
2024-11-12 05:00:00,0.0,2.1433378330402597,5.793287248158564e-05,7.259671e-05,0.14088821411132812
2024-11-12 06:00:00,1.99,9.38204889187936,1.64872366487514,1.6868217,-0.048519134521484375
2024-11-12 07:00:00,21.236000000000004,16.770461671254832,22.828714100840347,21.841467,16.005456924438477
2024-11-12 08:00:00,47.99,46.59927003686169,52.54691404308667,54.04455,56.56182861328125
2024-11-12 09:00:00,72.676,75.57403585203787,77.72903205617904,77.58843,74.12022399902344
2024-11-12 10:00:00,94.74,98.64510028874693,98.44485865399,98.94085,102.15044403076172
2024-11-12 11:00:00,125.19400000000002,106.7254402726739,107.75862475764163,106.393745,112.25727844238281
2024-11-12 12:00:00,126.044,128.78837105922716,119.14655406741335,119.70087,102.57815551757812
2024-11-12 13:00:00,109.576,114.83649032658309,113.91990482737529,110.79546,104.93672180175781
2024-11-12 14:00:00,90.634,86.16754784464533,85.22272578865186,86.50607,82.06412506103516
2024-11-12 15:00:00,60.07000000000001,64.55031746370383,58.69800520886449,60.258022,51.79903030395508
2024-11-12 16:00:00,25.444000000000003,32.256036596526606,26.569667736838383,27.52949,20.93717384338379
2024-11-12 17:00:00,2.34,5.342389622337244,2.286639576694772,2.5268755,2.3137359619140625
2024-11-12 18:00:00,0.0,-6.131050321770859,9.58553011462555e-06,-0.0057228315,0.256103515625
2024-11-12 19:00:00,0.0,2.1753018744213026,9.58553011462555e-06,-0.027435787,0.3391685485839844
2024-11-12 20:00:00,0.0,1.3407096239501222,9.58553011462555e-06,0.008488999,0.47681427001953125
2024-11-12 21:00:00,0.0,0.35707844450747217,9.58553011462555e-06,0.008488999,0.5414047241210938
2024-11-12 22:00:00,0.0,-1.4675269581503478,9.58553011462555e-06,0.0055702776,0.5795860290527344
2024-11-12 23:00:00,0.0,-1.2344198432593645,9.58553011462555e-06,0.0046495497,0.6314811706542969
2024-11-13 00:00:00,0.0,0.10674696510195769,9.58553011462555e-06,0.0013407567,0.6392478942871094
2024-11-13 01:00:00,0.0,-3.138735512011413,9.58553011462555e-06,0.018762471,0.6252059936523438
2024-11-13 02:00:00,0.0,-2.3240892581577355,9.58553011462555e-06,0.03570608,0.31177520751953125
2024-11-13 03:00:00,0.0,-2.322451728033423,9.58553011462555e-06,0.039660983,0.36841583251953125
2024-11-13 04:00:00,0.0,-0.7763108545061774,9.58553011462555e-06,0.20763844,-0.13896560668945312
2024-11-13 05:00:00,0.0,3.461283580490461,5.793287248158564e-05,0.04539095,-0.2365875244140625
2024-11-13 06:00:00,1.83,10.113879526137573,1.4138731041253212,1.790326,-0.17814254760742188
2024-11-13 07:00:00,25.49,15.470909932345123,20.600930780938025,20.079395,16.44239616394043
2024-11-13 08:00:00,62.25,50.02833962937977,59.34015937610402,59.233906,58.23309326171875
2024-11-13 09:00:00,100.446,91.07566197100613,97.18733583465415,97.53413,91.10836791992188
2024-11-13 10:00:00,129.29000000000002,126.64078687640085,124.127558327534,125.080475,121.9286117553711
2024-11-13 11:00:00,145.33,141.860736414766,144.4867024356514,142.97795,141.54315185546875
2024-11-13 12:00:00,143.52,143.14386273234663,143.6164945387648,142.66565,140.86135864257812
2024-11-13 13:00:00,132.31,127.09354034215386,128.1216775167652,122.970795,122.88487243652344
2024-11-13 14:00:00,105.924,104.63461105692878,105.8232795126551,103.86894,91.64514923095703
2024-11-13 15:00:00,67.27000000000001,71.88050095265154,69.61269234059414,72.93328,60.51148223876953
2024-11-13 16:00:00,27.224000000000004,35.20560294340747,31.386534856658137,33.20325,26.73612403869629
2024-11-13 17:00:00,2.236,5.302007314912002,2.3061683413570817,2.9003801,2.9847640991210938
2024-11-13 18:00:00,0.0,-6.625720685619976,9.58553011462555e-06,-0.0652566,0.21478271484375
2024-11-13 19:00:00,0.0,1.1899213497093841,9.58553011462555e-06,-0.044035397,0.36788177490234375
2024-11-13 20:00:00,0.0,0.4619561039767035,9.58553011462555e-06,-0.021221794,0.5162353515625
2024-11-13 21:00:00,0.0,-1.1485084313570404,9.58553011462555e-06,0.008488999,0.5905990600585938
2024-11-13 22:00:00,0.0,-1.464003428780118,9.58553011462555e-06,0.0055702776,0.6094779968261719
2024-11-13 23:00:00,0.0,-1.1737796657754336,9.58553011462555e-06,0.011124472,0.6810302734375
2024-11-14 00:00:00,0.0,1.1050597203830268,9.58553011462555e-06,0.011124472,0.7298011779785156
2024-11-14 01:00:00,0.0,-0.9305201109289669,9.58553011462555e-06,-0.022328952,0.7440681457519531
2024-11-14 02:00:00,0.0,-0.8001338977541188,9.58553011462555e-06,-0.020652153,0.5356826782226562
2024-11-14 03:00:00,0.0,-0.4759026871493548,9.58553011462555e-06,-0.018687421,0.44806671142578125
2024-11-14 04:00:00,0.0,0.5192492283487731,9.58553011462555e-06,-0.028775007,0.072174072265625
2024-11-14 05:00:00,0.0,3.7597593564605205,5.793287248158564e-05,-0.025442801,0.03282928466796875
2024-11-14 06:00:00,1.836,10.348492754151149,1.6573706256185334,2.180425,0.4412498474121094
2024-11-14 07:00:00,26.950000000000003,16.651203220026016,25.440343903439384,23.36356,22.864913940429688
2024-11-14 08:00:00,66.646,55.33173862889179,62.941627158586904,63.56473,66.73011779785156
2024-11-14 09:00:00,104.376,98.30045856229637,104.3850032867153,106.109955,95.67757415771484
2024-11-14 10:00:00,132.366,132.77942148630453,133.53386691128875,134.77524,130.05874633789062
2024-11-14 11:00:00,146.94000000000003,144.515701574914,146.68382109140293,146.33984,146.3892822265625
2024-11-14 12:00:00,131.4,143.52837446331162,145.04314372996865,141.29839,144.20635986328125
2024-11-14 13:00:00,114.394,112.91104295987657,122.15609589188543,121.2481,126.01608276367188
2024-11-14 14:00:00,87.44600000000001,89.28997380789599,93.09229026061627,85.19276,85.34852600097656
2024-11-14 15:00:00,57.476,58.605119418234345,57.282856242335164,54.482285,50.43562316894531
2024-11-14 16:00:00,22.536,30.558213598530955,25.208342199275698,25.293718,19.280019760131836
2024-11-14 17:00:00,1.99,3.635541985755891,2.0913461571559937,2.30393,1.5152473449707031
2024-11-14 18:00:00,0.0,-4.9199595094468185,9.58553011462555e-06,-0.020542253,0.230712890625
2024-11-14 19:00:00,0.0,4.473177455694639,9.58553011462555e-06,0.012137048,0.4090080261230469
2024-11-14 20:00:00,0.0,2.3041174144524543,9.58553011462555e-06,6.333343e-05,0.5335807800292969
2024-11-14 21:00:00,0.0,0.7201795136106135,9.58553011462555e-06,-0.00772621,0.62933349609375
2024-11-14 22:00:00,0.0,-2.5068508745355444,9.58553011462555e-06,-0.00772621,0.6238555908203125
2024-11-14 23:00:00,0.0,-4.512769961491367,9.58553011462555e-06,-0.00772621,0.6209602355957031
2024-11-15 00:00:00,0.0,-2.6584306667004087,9.58553011462555e-06,-0.0030725745,0.6276092529296875
2024-11-15 01:00:00,0.0,-3.3777843243853183,9.58553011462555e-06,0.011454932,0.6095848083496094
2024-11-15 02:00:00,0.0,-2.033627584953896,9.58553011462555e-06,0.011454932,0.3813323974609375
2024-11-15 03:00:00,0.0,-0.3742936778506021,9.58553011462555e-06,0.011454932,0.3082427978515625
2024-11-15 04:00:00,0.0,0.9096959320499689,9.58553011462555e-06,0.016108569,-0.1847076416015625
2024-11-15 05:00:00,0.0,4.33201040282966,5.793287248158564e-05,0.02055208,-0.06293106079101562
2024-11-15 06:00:00,1.4240000000000002,10.117199952625697,1.5649825753289537,1.6670749,-0.003467559814453125
2024-11-15 07:00:00,21.214,15.661864981441507,23.667182257508507,22.928377,15.922126770019531
2024-11-15 08:00:00,58.54600000000001,48.313367263007265,55.120330808690596,55.74143,64.65066528320312
2024-11-15 09:00:00,82.99000000000001,90.43930620506384,92.82458609791671,94.482155,85.2611083984375
2024-11-15 10:00:00,113.51,108.81002062846375,112.59168176618165,111.57093,121.06376647949219
2024-11-15 11:00:00,130.366,130.2819159362839,123.48787610867095,124.34822,123.7765121459961
2024-11-15 12:00:00,137.424,129.7580633023177,126.74809808389598,121.699394,126.84225463867188
2024-11-15 13:00:00,125.33,125.24164576311003,120.10471304277198,118.77955,112.65052032470703
2024-11-15 14:00:00,98.74,98.41618524845299,97.00952591483359,96.89965,90.74393463134766
2024-11-15 15:00:00,63.224,67.15718750703087,64.80077711405848,65.64844,61.11016845703125
2024-11-15 16:00:00,28.676,34.16418321417016,27.531486711447464,27.435299,25.49065399169922
2024-11-15 17:00:00,2.304,7.200427306669626,2.3900559879740157,2.4203675,2.4637413024902344
2024-11-15 18:00:00,0.0,-6.977759794147225,9.58553011462555e-06,-0.037624076,0.2919654846191406
2024-11-15 19:00:00,0.0,3.4619063856990007,9.58553011462555e-06,0.018409971,0.46533203125
2024-11-15 20:00:00,0.0,0.885795872280319,9.58553011462555e-06,0.0004628572,0.5585517883300781
2024-11-15 21:00:00,0.0,0.18234243592268928,9.58553011462555e-06,-0.006330425,0.59368896484375
2024-11-15 22:00:00,0.0,0.4249674214628554,9.58553011462555e-06,0.000689052,0.5820655822753906
2024-11-15 23:00:00,0.0,-2.3020017479634745,9.58553011462555e-06,-0.0072844187,0.5881767272949219
2024-11-16 00:00:00,0.0,1.9550528239490426,9.58553011462555e-06,-0.0004911367,0.5759811401367188
2024-11-16 01:00:00,0.0,-1.069585312613322,9.58553011462555e-06,0.016108569,0.5557174682617188
2024-11-16 02:00:00,0.0,-2.009253998401319,9.58553011462555e-06,0.016108569,0.4165992736816406
2024-11-16 03:00:00,0.0,-2.391528723344093,9.58553011462555e-06,0.011454932,0.3201637268066406
2024-11-16 04:00:00,0.0,-0.8946575945388373,9.58553011462555e-06,0.011454932,-0.18427276611328125
2024-11-16 05:00:00,0.0,2.2090078184373922,5.793287248158564e-05,0.015898444,-0.35771942138671875
2024-11-16 06:00:00,1.586,10.568242039568762,1.6070014355644355,1.3560475,-0.03891754150390625
2024-11-16 07:00:00,24.786,16.68663644549848,23.591036163392168,23.305895,15.537179946899414
2024-11-16 08:00:00,61.86000000000001,55.13029122123217,61.10646015043919,61.797077,59.47548294067383
2024-11-16 09:00:00,98.16,95.33954002447825,98.5808241312699,97.22574,92.88214874267578
2024-11-16 10:00:00,128.476,126.36298459270904,126.86890459595367,125.86461,122.11946105957031
2024-11-16 11:00:00,144.356,146.28932029140304,142.99230442636986,141.10655,138.9678955078125
2024-11-16 12:00:00,144.406,142.2724805504385,143.25396718425804,141.26239,140.8926239013672
2024-11-16 13:00:00,131.51600000000002,129.63458304713532,127.81250231663708,126.12154,130.13424682617188
2024-11-16 14:00:00,104.59000000000002,103.60626265422323,104.96195726757412,105.47916,98.15850830078125
2024-11-16 15:00:00,67.724,71.35767264810022,67.99542139012041,67.98639,65.67364501953125
2024-11-16 16:00:00,30.214,37.857864117946924,30.08797332861001,29.904879,28.006256103515625
2024-11-16 17:00:00,2.386,7.878149397327158,2.5385506553930166,2.5580466,2.803936004638672
2024-11-16 18:00:00,0.0,-6.445507881819251,9.58553011462555e-06,-0.025036251,0.3854789733886719
2024-11-16 19:00:00,0.0,5.320507230359075,9.58553011462555e-06,0.022079771,0.487091064453125
2024-11-16 20:00:00,0.0,2.052622020848597,9.58553011462555e-06,-0.012386505,0.5507545471191406
2024-11-16 21:00:00,0.0,0.6929754108844914,9.58553011462555e-06,-0.0010344512,0.5837936401367188
2024-11-16 22:00:00,0.0,-0.3574835051540788,9.58553011462555e-06,0.0011787917,0.5800094604492188
2024-11-16 23:00:00,0.0,-4.356274464793083,9.58553011462555e-06,-0.0008082564,0.5893669128417969
2024-11-17 00:00:00,0.0,1.633688188850713,9.58553011462555e-06,-0.006373747,0.57806396484375
2024-11-17 01:00:00,0.0,-0.7163148026484079,9.58553011462555e-06,0.009957625,0.57293701171875
2024-11-17 02:00:00,0.0,-0.06414903931938287,9.58553011462555e-06,-0.002486313,0.4726219177246094
2024-11-17 03:00:00,0.0,-1.413756137948706,9.58553011462555e-06,0.020306928,0.2779121398925781
2024-11-17 04:00:00,0.0,-0.44564062089888523,9.58553011462555e-06,0.019316083,-0.12890243530273438
2024-11-17 05:00:00,0.0,2.1280343541107474,5.793287248158564e-05,0.023759594,-0.20143890380859375
2024-11-17 06:00:00,1.544,10.680971713414998,1.5608635207570205,1.5421729,-0.07586288452148438
2024-11-17 07:00:00,25.036,17.083106926648476,24.987629813519806,24.478348,15.232812881469727
2024-11-17 08:00:00,62.946000000000005,54.962830230822405,61.73704503767277,61.80885,55.74514389038086
2024-11-17 09:00:00,101.066,96.18656877686752,100.3764338052625,99.236496,93.7771224975586
2024-11-17 10:00:00,130.656,129.19037964254645,129.50790700432393,130.35368,124.67247772216797
2024-11-17 11:00:00,146.424,146.58906811326258,146.43919591767676,145.69818,141.63465881347656
2024-11-17 12:00:00,140.866,142.3811906588255,144.41240439810815,144.02864,141.22064208984375
2024-11-17 13:00:00,127.86,123.67818663900451,128.20316832549358,128.11453,128.24366760253906
2024-11-17 14:00:00,101.204,100.36721239578156,101.59458089330896,99.12468,97.46994018554688
2024-11-17 15:00:00,65.03,69.14250341787556,65.95526474931823,65.753784,63.719566345214844
2024-11-17 16:00:00,28.130000000000003,36.54419433760784,28.272240493622704,27.166334,27.689800262451172
2024-11-17 17:00:00,2.2960000000000003,7.159446333482768,2.389401587928023,2.4588358,2.927947998046875
2024-11-17 18:00:00,0.0,-6.008948610040791,9.58553011462555e-06,-0.017754529,0.20673751831054688
2024-11-17 19:00:00,0.0,4.326483352118407,9.58553011462555e-06,-0.0015375834,0.4241676330566406
2024-11-17 20:00:00,0.0,2.682308493435862,9.58553011462555e-06,-0.0075493907,0.5343246459960938
2024-11-17 21:00:00,0.0,-0.1597262515766289,9.58553011462555e-06,-0.007827733,0.559112548828125
2024-11-17 22:00:00,0.0,-1.090943503453298,9.58553011462555e-06,-0.0008082564,0.5421562194824219
2024-11-17 23:00:00,0.0,-4.171310711047214,9.58553011462555e-06,0.000689052,0.5592880249023438
2024-11-18 00:00:00,0.0,0.045375489330686136,9.58553011462555e-06,-0.0075539327,0.5652275085449219
2024-11-18 01:00:00,0.0,-1.985915183342069,9.58553011462555e-06,0.009832955,0.5584564208984375
2024-11-18 02:00:00,0.0,-2.79075658740127,9.58553011462555e-06,0.009515833,0.5331649780273438
2024-11-18 03:00:00,0.0,-1.4249124008489567,9.58553011462555e-06,0.010506674,0.3707389831542969
2024-11-18 04:00:00,0.0,-0.41881740265536926,9.58553011462555e-06,-0.02534324,-0.01963043212890625
2024-11-18 05:00:00,0.0,2.9456268741923193,5.793287248158564e-05,-0.020969843,0.16196441650390625
2024-11-18 06:00:00,1.444,10.814617871770295,1.5129443103008102,1.5243547,0.40503692626953125
2024-11-18 07:00:00,24.276,16.171221350636994,23.495814421611072,22.888079,13.188629150390625
2024-11-18 08:00:00,61.976,53.33228473155053,60.501419278953534,60.913765,53.282588958740234
2024-11-18 09:00:00,99.184,95.9481677568694,99.29237100515303,97.85166,90.9887466430664
2024-11-18 10:00:00,128.76,128.23774771706962,127.54738111564191,127.55812,124.33850860595703
2024-11-18 11:00:00,144.96,146.79590300756837,143.57309954382583,143.40298,141.54766845703125
2024-11-18 12:00:00,139.006,142.03502551889136,140.71139812502682,141.7493,140.52333068847656
2024-11-18 13:00:00,124.73,121.77595591658911,125.58287353787604,124.87187,128.33631896972656
2024-11-18 14:00:00,97.31,96.81011325672185,97.84307321583861,97.26736,98.72505187988281
2024-11-18 15:00:00,61.524,65.03440215424357,62.5913449615247,63.019127,63.322364807128906
2024-11-18 16:00:00,27.25,33.303081918851554,26.860647604007376,26.8666,25.8740234375
2024-11-18 17:00:00,2.154,6.6379386137218646,2.231147993460674,2.5061598,2.377704620361328
2024-11-18 18:00:00,0.0,-6.2119924351577955,9.58553011462555e-06,-0.021787807,0.2690696716308594
2024-11-18 19:00:00,0.0,5.382366499317673,9.58553011462555e-06,0.008116433,0.39141845703125
2024-11-18 20:00:00,0.0,3.5477279054606274,9.58553011462555e-06,-0.0018402382,0.4718132019042969
2024-11-18 21:00:00,0.0,1.1899007213248325,9.58553011462555e-06,0.0058548893,0.5690689086914062
2024-11-18 22:00:00,0.0,-0.3341609869609101,9.58553011462555e-06,0.00024726044,0.5896186828613281
2024-11-18 23:00:00,0.0,-3.953773608339196,9.58553011462555e-06,0.00024726044,0.5907516479492188
2024-11-19 00:00:00,0.0,0.3181532570241785,9.58553011462555e-06,-0.0068155383,0.579376220703125
2024-11-19 01:00:00,0.0,-2.240781570747098,9.58553011462555e-06,0.015666775,0.5698738098144531
2024-11-19 02:00:00,0.0,-3.5806519017382925,9.58553011462555e-06,0.015666775,0.4210395812988281
2024-11-19 03:00:00,0.0,-2.999156503303453,9.58553011462555e-06,0.009082445,0.31266021728515625
2024-11-19 04:00:00,0.0,-0.9937683463973981,9.58553011462555e-06,0.008091603,0.043209075927734375
2024-11-19 05:00:00,0.0,1.9217178044562377,5.793287248158564e-05,0.015456653,-0.09473037719726562
2024-11-19 06:00:00,1.306,10.331268099873206,1.394676527854498,1.4727898,0.34307861328125
2024-11-19 07:00:00,21.586,16.0079652786676,23.0205189522582,22.960308,13.890283584594727
2024-11-19 08:00:00,54.27000000000001,50.05385466426915,56.304492832259115,56.562515,53.319759368896484
2024-11-19 09:00:00,90.77,86.89719743851586,88.86816134312197,89.029655,88.28453063964844
2024-11-19 10:00:00,121.876,117.96240968724953,119.81955491018569,120.9216,115.9818344116211
2024-11-19 11:00:00,138.67600000000002,140.95250363504087,137.53310490881023,137.49706,134.58956909179688
2024-11-19 12:00:00,137.13,137.66772949727996,136.55771894879373,136.36278,134.59002685546875
2024-11-19 13:00:00,123.47,122.37373863272038,123.96891632584641,122.89936,123.39557647705078
2024-11-19 14:00:00,96.68,96.80185997303718,97.79502192227672,97.822624,96.32521057128906
2024-11-19 15:00:00,61.076,65.4421505485088,61.911931179022886,62.80773,62.72174835205078
2024-11-19 16:00:00,26.964,34.027026058061175,26.46014762660947,26.849022,26.446834564208984
2024-11-19 17:00:00,2.12,6.722118810670445,2.1956342260625714,2.5514405,2.5289268493652344
2024-11-19 18:00:00,0.0,-6.054043980992365,9.58553011462555e-06,-0.021787807,0.3336601257324219
2024-11-19 19:00:00,0.0,4.859567080524624,9.58553011462555e-06,-0.0033305527,0.41759490966796875
2024-11-19 20:00:00,0.0,2.4007978971874593,9.58553011462555e-06,-0.0064938734,0.5456809997558594
2024-11-19 21:00:00,0.0,-0.26175503470162553,9.58553011462555e-06,0.0046747006,0.5934829711914062
2024-11-19 22:00:00,0.0,-0.33869402198812537,9.58553011462555e-06,0.00024726044,0.5787696838378906
2024-11-19 23:00:00,0.0,-3.6029502867434218,9.58553011462555e-06,0.00024726044,0.5887184143066406
2024-11-20 00:00:00,0.0,0.258228361575501,9.58553011462555e-06,-0.0247673,0.5809516906738281
2024-11-20 01:00:00,0.0,-2.471833564680828,9.58553011462555e-06,0.011013141,0.5710220336914062
2024-11-20 02:00:00,0.0,-3.185567436666553,9.58553011462555e-06,0.011013141,0.38344573974609375
2024-11-20 03:00:00,0.0,-2.6818217308725782,9.58553011462555e-06,0.011013141,0.2815704345703125
2024-11-20 04:00:00,0.0,-1.2989846227630846,9.58553011462555e-06,0.011933868,-0.02197265625
2024-11-20 05:00:00,0.0,1.8279676151808628,5.793287248158564e-05,0.016377376,-0.054737091064453125
2024-11-20 06:00:00,1.2300000000000002,10.17815139383567,1.2606383880498584,1.3077343,0.134246826171875
2024-11-20 07:00:00,21.786,15.597252707601832,21.97667336190412,22.027071,13.428125381469727
2024-11-20 08:00:00,54.334,49.09726896785107,55.786757428825034,56.31661,49.73758316040039
2024-11-20 09:00:00,91.5,86.42183800831404,89.11429351445673,88.89485,87.89776611328125
2024-11-20 10:00:00,122.176,120.47125351325602,120.36017248177788,121.96418,114.09674072265625
2024-11-20 11:00:00,138.55,140.78346101416483,137.55122456144548,137.47354,132.83509826660156
2024-11-20 12:00:00,141.58,136.34403853438855,135.52511559691655,136.42836,133.85577392578125
2024-11-20 13:00:00,127.81600000000002,127.41800452540053,126.25852001152388,123.36659,123.06781768798828
2024-11-20 14:00:00,99.49,100.73829560162255,101.28722756790182,100.5811,99.51113891601562
2024-11-20 15:00:00,62.93,67.33018632247189,64.89940048329089,65.46535,65.16053771972656
2024-11-20 16:00:00,27.996,33.78034345681451,27.4860769848645,27.351643,27.87801742553711
2024-11-20 17:00:00,2.1460000000000004,6.649099703680001,2.303197772960426,2.5218046,2.8183059692382812
2024-11-20 18:00:00,0.0,-6.8383419671275485,9.58553011462555e-06,-0.033121195,0.28228759765625
2024-11-20 19:00:00,0.0,4.008387384412764,9.58553011462555e-06,-0.016616013,0.3872528076171875
2024-11-20 20:00:00,0.0,2.914451320048526,9.58553011462555e-06,-0.006451606,0.5447120666503906
2024-11-20 21:00:00,0.0,1.290385637302177,9.58553011462555e-06,0.0012012545,0.5964622497558594
2024-11-20 22:00:00,0.0,0.39370332405398667,9.58553011462555e-06,0.00024726044,0.5905036926269531
2024-11-20 23:00:00,0.0,-3.284386233180139,9.58553011462555e-06,0.00024726044,0.595794677734375
2024-11-21 00:00:00,0.0,1.5019407803623217,9.58553011462555e-06,-0.0247673,0.5880546569824219
2024-11-21 01:00:00,0.0,-2.464227586053659,9.58553011462555e-06,0.006393235,0.58111572265625
2024-11-21 02:00:00,0.0,-3.401886128961067,9.58553011462555e-06,0.006393235,0.3800392150878906
2024-11-21 03:00:00,0.0,-2.858902461327677,9.58553011462555e-06,0.006393235,0.3118133544921875
2024-11-21 04:00:00,0.0,-0.35228222816783017,9.58553011462555e-06,0.011046872,0.00481414794921875
2024-11-21 05:00:00,0.0,2.4672976276445215,5.793287248158564e-05,0.015490382,0.11895370483398438
2024-11-21 06:00:00,1.2300000000000002,10.447129466840888,1.0940079115143164,1.3388209,0.18812942504882812
2024-11-21 07:00:00,22.524,15.317737281801676,22.56865431654071,22.964766,12.703157424926758
2024-11-21 08:00:00,58.89,47.99467962273802,57.18366805448133,58.30844,49.14289474487305
2024-11-21 09:00:00,97.66,91.74791503609063,94.10708718427793,94.06931,88.13134765625
2024-11-21 10:00:00,127.424,128.25707411068691,127.03069227735782,126.33107,118.5072021484375
2024-11-21 11:00:00,142.68,144.9559500195218,142.77049820539338,141.73895,137.04537963867188
2024-11-21 12:00:00,132.356,139.37041672685714,140.22799750667974,139.1101,137.63235473632812
2024-11-21 13:00:00,118.16,114.76909937832457,120.85230615109077,120.10192,127.00636291503906
2024-11-21 14:00:00,92.96,93.23312891617454,93.05519268261357,93.36828,95.25088500976562
2024-11-21 15:00:00,58.304,63.30247773818322,59.39089736950186,59.74091,61.394874572753906
2024-11-21 16:00:00,23.744,29.99258370857236,25.204747365609368,25.137913,26.037466049194336
2024-11-21 17:00:00,1.986,4.192917240600234,2.112749949305649,2.2941327,2.508655548095703
2024-11-21 18:00:00,0.0,-5.9308052883263995,9.58553011462555e-06,-0.01171069,0.4079856872558594
2024-11-21 19:00:00,0.0,3.4284914163694324,9.58553011462555e-06,-0.01171069,0.526214599609375
2024-11-21 20:00:00,0.0,4.029448049324641,9.58553011462555e-06,-0.022738203,0.547088623046875
2024-11-21 21:00:00,0.0,2.782175803384506,9.58553011462555e-06,-0.0043726456,0.58514404296875
2024-11-21 22:00:00,0.0,1.5554648680941012,9.58553011462555e-06,-0.0043726456,0.59539794921875
2024-11-21 23:00:00,0.0,-2.7466912572614186,9.58553011462555e-06,-0.0043726456,0.6001396179199219
2024-11-22 00:00:00,0.0,-0.6622321523265828,9.58553011462555e-06,-0.0043726456,0.5931510925292969
2024-11-22 01:00:00,0.0,-3.1453926342587444,9.58553011462555e-06,0.0068350267,0.5741004943847656
2024-11-22 02:00:00,0.0,-3.8247233619640935,9.58553011462555e-06,0.0053377184,0.4299507141113281
2024-11-22 03:00:00,0.0,-2.196533657481699,9.58553011462555e-06,0.011488663,0.3524894714355469
2024-11-22 04:00:00,0.0,-0.40495860754788904,9.58553011462555e-06,0.011488663,-0.0162506103515625
2024-11-22 05:00:00,0.0,3.1953684975194285,5.793287248158564e-05,0.01593217,0.12882232666015625
2024-11-22 06:00:00,1.064,9.970431539672514,0.9531352087513935,1.1761225,0.7203407287597656
2024-11-22 07:00:00,19.556,14.430629556459483,20.04801173329939,20.490135,14.481595993041992
2024-11-22 08:00:00,55.624,44.674964467001175,51.24492120022709,51.61637,50.47431564331055
2024-11-22 09:00:00,82.27600000000001,88.33134550241758,92.89647036425063,91.31252,83.928955078125
2024-11-22 10:00:00,112.144,107.30322018608157,112.58962978722535,110.34926,115.74630737304688
2024-11-22 11:00:00,128.44000000000003,127.98968183499667,123.44369154805197,123.11641,124.5205307006836
2024-11-22 12:00:00,120.53,128.16448374176528,122.78998881909621,121.02751,123.55980682373047
2024-11-22 13:00:00,108.5,106.31096819561833,108.21707094716753,104.8973,111.95720672607422
2024-11-22 14:00:00,80.5,85.8664157075662,84.69423017452237,82.97289,85.27769470214844
2024-11-22 15:00:00,53.184000000000005,52.30456728325419,52.48112997636045,52.530907,56.97202682495117
2024-11-22 16:00:00,20.22,28.52400709987694,22.43049575337845,22.460545,23.67095947265625
2024-11-22 17:00:00,1.7760000000000002,2.3073697145016325,1.842506303864109,2.2208724,2.515453338623047
2024-11-22 18:00:00,0.0,-5.039663500671494,9.58553011462555e-06,-0.049223647,0.30512237548828125
2024-11-22 19:00:00,0.0,4.483789471962176,9.58553011462555e-06,0.0026767203,0.47223663330078125
2024-11-22 20:00:00,0.0,2.170327161494086,9.58553011462555e-06,-0.15295707,0.5394058227539062
2024-11-22 21:00:00,0.0,0.5267648801650449,9.58553011462555e-06,-0.003930854,0.5541496276855469
2024-11-22 22:00:00,0.0,-0.09664106129412087,9.58553011462555e-06,-0.003930854,0.5416603088378906
2024-11-22 23:00:00,0.0,-3.2798415334375273,9.58553011462555e-06,-0.003930854,0.5434684753417969
2024-11-23 00:00:00,0.0,-1.4578312719975708,9.58553011462555e-06,-0.012490959,0.5318031311035156
2024-11-23 01:00:00,0.0,-3.702585133900219,9.58553011462555e-06,0.0068350267,0.5173797607421875
2024-11-23 02:00:00,0.0,-4.576568212785131,9.58553011462555e-06,0.0068350267,0.3580589294433594
2024-11-23 03:00:00,0.0,-2.7035281117035783,9.58553011462555e-06,0.011488663,0.30998992919921875
2024-11-23 04:00:00,0.0,-1.713172216337199,9.58553011462555e-06,0.011488663,-0.06315994262695312
2024-11-23 05:00:00,0.0,2.6695861922739947,5.793287248158564e-05,0.01593217,-0.002460479736328125
2024-11-23 06:00:00,0.91,10.33320996828579,0.8732130342869686,1.2200338,-0.0359344482421875
2024-11-23 07:00:00,16.536,14.315891731317286,16.449081862044817,16.89382,10.815717697143555
2024-11-23 08:00:00,48.246,39.35269238989726,46.32968212396775,46.41165,45.86136245727539
2024-11-23 09:00:00,81.42000000000002,80.37067748398792,83.09829884918425,82.53465,76.3023452758789
2024-11-23 10:00:00,100.38,107.43049381501953,112.31002651284263,110.060005,106.89306640625
2024-11-23 11:00:00,115.81600000000002,118.05275017477825,117.76789491024395,116.581474,124.5652084350586
2024-11-23 12:00:00,110.294,115.57532602508047,114.97601286617268,115.693596,113.88350677490234
2024-11-23 13:00:00,102.6,97.95411186052809,97.37496764841937,97.722626,104.22079467773438
2024-11-23 14:00:00,82.104,80.8860686450279,80.0371696496578,79.697624,78.76164245605469
2024-11-23 15:00:00,50.224,53.01102456756533,55.851468756064314,55.9555,54.11024475097656
2024-11-23 16:00:00,19.180000000000003,25.264479891401393,21.801606405223865,21.750107,23.816308975219727
2024-11-23 17:00:00,1.7100000000000002,1.8463502102476825,1.8451425525773513,2.1867428,2.5594139099121094
2024-11-23 18:00:00,0.0,-4.470884670339673,9.58553011462555e-06,-0.026903182,0.42208099365234375
2024-11-23 19:00:00,0.0,3.082779945386669,9.58553011462555e-06,-0.015007107,0.5380058288574219
2024-11-23 20:00:00,0.0,3.3737611756264343,9.58553011462555e-06,-0.0069556106,0.5235977172851562
2024-11-23 21:00:00,0.0,1.3467110348943807,9.58553011462555e-06,-0.003930854,0.5155906677246094
2024-11-23 22:00:00,0.0,1.0886883300413288,9.58553011462555e-06,-0.003930854,0.5263557434082031
2024-11-23 23:00:00,0.0,-2.514891470437025,9.58553011462555e-06,-0.003930854,0.5144195556640625
2024-11-24 00:00:00,0.0,-0.867533399263305,9.58553011462555e-06,-0.010993651,0.4964256286621094
2024-11-24 01:00:00,0.0,-3.164362214117566,9.58553011462555e-06,0.0068350267,0.4879646301269531
2024-11-24 02:00:00,0.0,-3.7158687021851495,9.58553011462555e-06,0.0068350267,0.3704833984375
2024-11-24 03:00:00,0.0,-3.39680925127491,9.58553011462555e-06,0.0068350267,0.3064727783203125
2024-11-24 04:00:00,0.0,-1.2382624980441914,9.58553011462555e-06,0.0068350267,-0.08575439453125
2024-11-24 05:00:00,0.0,3.5580004875278686,5.793287248158564e-05,0.01593217,-0.06606292724609375
2024-11-24 06:00:00,0.886,10.118758740229556,0.8771743070142415,0.9383879,0.09711456298828125
2024-11-24 07:00:00,16.036,13.34351266019938,16.57350421723312,16.815191,10.600261688232422
2024-11-24 08:00:00,42.400000000000006,38.33800910458291,45.7390187814397,45.50806,42.124847412109375
2024-11-24 09:00:00,69.954,71.60096747252325,71.63234794518223,70.36718,78.55612182617188
2024-11-24 10:00:00,92.4,93.66389837743714,99.54542565441818,96.05805,102.03094482421875
2024-11-24 11:00:00,110.86,109.9715831430772,109.35950765452388,107.361404,114.78868865966797
2024-11-24 12:00:00,103.166,112.05596630008498,110.02538497262479,110.41731,105.21700286865234
2024-11-24 13:00:00,96.096,92.63067553135662,91.91140994213201,89.907906,94.28019714355469
2024-11-24 14:00:00,79.46000000000001,76.75154950711374,77.57621352550298,74.13727,71.6184310913086
2024-11-24 15:00:00,49.724,52.64905808124952,51.001350471143745,51.84227,50.589908599853516
2024-11-24 16:00:00,19.206000000000003,24.707242019760304,21.064434286438704,21.531233,24.236331939697266
2024-11-24 17:00:00,1.7800000000000002,1.7572199834017264,1.8411474075076057,2.2158356,3.269786834716797
2024-11-24 18:00:00,0.0,-5.3085160416800115,9.58553011462555e-06,-0.010395739,0.4168968200683594
2024-11-24 19:00:00,0.0,2.9225549462434426,9.58553011462555e-06,-0.010395739,0.5068435668945312
2024-11-24 20:00:00,0.0,2.803877292227405,9.58553011462555e-06,-0.008495186,0.54559326171875
2024-11-24 21:00:00,0.0,0.06190488714017306,9.58553011462555e-06,-0.0054281624,0.5360183715820312
2024-11-24 22:00:00,0.0,0.7292328165221766,9.58553011462555e-06,-0.003930854,0.5195236206054688
2024-11-24 23:00:00,0.0,-2.0888122344061033,9.58553011462555e-06,-0.003930854,0.5003890991210938
2024-11-25 00:00:00,0.0,0.3782603559005988,9.58553011462555e-06,-0.028945416,0.4894905090332031
2024-11-25 01:00:00,0.0,-2.668372180228957,9.58553011462555e-06,0.006393235,0.4868431091308594
2024-11-25 02:00:00,0.0,-3.81940281650571,9.58553011462555e-06,0.006393235,0.4358711242675781
2024-11-25 03:00:00,0.0,-3.8377608736904523,9.58553011462555e-06,0.011046872,0.4054069519042969
2024-11-25 04:00:00,0.0,-2.2929002377945813,9.58553011462555e-06,0.012037713,0.10517501831054688
2024-11-25 05:00:00,0.0,2.333852023679926,5.793287248158564e-05,0.010330281,0.07333755493164062
2024-11-25 06:00:00,0.776,7.975452167547116,0.8406632803187147,0.9193258,0.10330581665039062
2024-11-25 07:00:00,14.724000000000002,11.658706962313477,15.341800832933677,16.39694,7.723625183105469
2024-11-25 08:00:00,39.46000000000001,37.091225110709146,41.94106388539057,39.407513,34.546443939208984
2024-11-25 09:00:00,67.49600000000001,65.98730136639008,66.9082413538801,66.50963,72.44822692871094
2024-11-25 10:00:00,91.616,92.15755955866157,95.1379967484766,94.222,93.71761322021484
2024-11-25 11:00:00,110.52,106.93224531236953,107.215865880932,107.21055,110.937744140625
2024-11-25 12:00:00,108.55,111.7031266181096,111.77463308404505,111.5191,108.518310546875
2024-11-25 13:00:00,103.284,98.18018183416072,95.07982048925989,97.48469,98.58894348144531
2024-11-25 14:00:00,82.23400000000001,82.93883370990275,81.03925532672577,79.216995,77.90666961669922
2024-11-25 15:00:00,50.604000000000006,55.65275885422743,56.10173517634273,55.40872,54.09251403808594
2024-11-25 16:00:00,19.61,26.084907938609838,21.279018079216538,21.68483,23.825153350830078
2024-11-25 17:00:00,1.736,3.9877748276640137,1.7797407749404939,2.203036,2.7417373657226562
2024-11-25 18:00:00,0.0,-4.364073931311907,9.58553011462555e-06,-0.054169517,0.47606658935546875
2024-11-25 19:00:00,0.0,3.3084795398332947,9.58553011462555e-06,-0.026102444,0.6326713562011719
2024-11-25 20:00:00,0.0,1.0346561570885644,9.58553011462555e-06,0.016378166,0.5995674133300781
2024-11-25 21:00:00,0.0,0.10111736879638844,9.58553011462555e-06,-0.012346115,0.6203346252441406
2024-11-25 22:00:00,0.0,-0.3906031818894631,9.58553011462555e-06,-0.0043726456,0.6154441833496094
2024-11-25 23:00:00,0.0,-3.0228258754693673,9.58553011462555e-06,-0.0043726456,0.5957832336425781
2024-11-26 00:00:00,0.0,-1.0734481640525484,9.58553011462555e-06,-0.030884515,0.5903244018554688
2024-11-26 01:00:00,0.0,-4.026905898517565,9.58553011462555e-06,0.006393235,0.5771255493164062
2024-11-26 02:00:00,0.0,-3.9502867454560455,9.58553011462555e-06,0.011046872,0.3641204833984375
2024-11-26 03:00:00,0.0,-2.5424629336655866,9.58553011462555e-06,0.015496164,0.4123039245605469
2024-11-26 04:00:00,0.0,0.030095683903320847,9.58553011462555e-06,0.015496164,0.0518798828125
2024-11-26 05:00:00,0.0,3.304566804135751,5.793287248158564e-05,0.010330281,0.07597732543945312
2024-11-26 06:00:00,0.76,8.448648352893773,0.787376119479554,0.9647066,-0.08925628662109375
2024-11-26 07:00:00,15.990000000000002,12.15231654849616,16.357253716414174,17.012617,7.312255859375
2024-11-26 08:00:00,47.614,39.879893475073615,44.864518469752156,44.143677,35.705718994140625
2024-11-26 09:00:00,81.77600000000001,79.02187201882717,82.81581939475225,80.7629,75.80479431152344
2024-11-26 10:00:00,104.594,109.94139221724208,112.87132517808011,110.06417,105.83837127685547
2024-11-26 11:00:00,121.92000000000002,122.84610430891487,119.84613522694364,119.46471,126.81941986083984
2024-11-26 12:00:00,120.3,121.31379834588449,120.16433118579712,120.53708,123.37476348876953
2024-11-26 13:00:00,110.776,107.8538358457449,107.81567441465552,105.35549,111.68862915039062
2024-11-26 14:00:00,89.296,87.21123885232521,86.4249916094589,86.62287,87.46554565429688
2024-11-26 15:00:00,55.64,60.13637720325405,59.560746142113516,60.29678,57.134796142578125
2024-11-26 16:00:00,21.536,29.478064027000592,24.047220466165683,23.68834,24.935951232910156
2024-11-26 17:00:00,1.8760000000000003,3.69229050275308,2.0566829838267715,2.3443549,2.590831756591797
2024-11-26 18:00:00,0.0,-5.411986497601476,9.58553011462555e-06,-0.017861634,0.4285736083984375
2024-11-26 19:00:00,0.0,3.7145036625258605,9.58553011462555e-06,-0.0029251706,0.5430641174316406
2024-11-26 20:00:00,0.0,2.12087544823415,9.58553011462555e-06,-0.008936978,0.548858642578125
2024-11-26 21:00:00,0.0,1.4769801277868124,9.58553011462555e-06,-0.017864441,0.5993118286132812
2024-11-26 22:00:00,0.0,0.5697855741397637,9.58553011462555e-06,-0.0043726456,0.6186332702636719
2024-11-26 23:00:00,0.0,-2.1495729746002317,9.58553011462555e-06,-0.0043726456,0.6275177001953125
2024-11-27 00:00:00,0.0,0.7815800297439468,9.58553011462555e-06,-0.01293275,0.6076507568359375
2024-11-27 01:00:00,0.0,-1.8655320600272542,9.58553011462555e-06,0.004895927,0.5863914489746094
2024-11-27 02:00:00,0.0,-3.565685950023394,9.58553011462555e-06,0.004462538,0.42993927001953125
2024-11-27 03:00:00,0.0,-3.6343351746688914,9.58553011462555e-06,0.004462538,0.34268951416015625
2024-11-27 04:00:00,0.0,-1.568831505715682,9.58553011462555e-06,0.0034716965,0.00624847412109375
2024-11-27 05:00:00,0.0,2.358801089397721,5.793287248158564e-05,0.010260164,-0.10044097900390625
2024-11-27 06:00:00,0.756,10.322477221312901,0.7738298575747921,1.0595348,-0.11558151245117188
2024-11-27 07:00:00,15.740000000000002,14.104368358472463,16.458661529906234,17.663248,8.86465835571289
2024-11-27 08:00:00,43.52,40.29397359941508,45.87309592711696,46.284084,41.21482849121094
2024-11-27 09:00:00,75.87,72.00981440150949,73.93325279304499,71.94126,77.0537109375
2024-11-27 10:00:00,96.77,100.73836051747858,102.66558902268149,99.51905,102.56644439697266
2024-11-27 11:00:00,110.99,113.37938015353427,115.71167286029127,112.72172,120.96231079101562
2024-11-27 12:00:00,109.63,110.67463235543633,109.99593440075385,106.5873,113.33433532714844
2024-11-27 13:00:00,103.95,99.12190760120421,97.29774798929151,96.582565,98.55970764160156
2024-11-27 14:00:00,79.04,82.78145640365562,79.94864700527847,79.053215,76.07865905761719
2024-11-27 15:00:00,54.41,52.18189728493794,51.63615625556351,52.01382,51.214805603027344
2024-11-27 16:00:00,22.464,31.45069405138311,22.849965200903156,23.784512,23.177396774291992
2024-11-27 17:00:00,2.176,3.9410274738340476,2.1028407919840464,2.3739815,3.2810707092285156
2024-11-27 18:00:00,0.0,-4.8249514762448324,9.58553011462555e-06,-0.075390324,0.025848388671875
2024-11-27 19:00:00,0.0,2.829254799734576,9.58553011462555e-06,-0.038871437,0.2598381042480469
2024-11-27 20:00:00,0.0,0.40021400602299195,9.58553011462555e-06,-0.01537087,0.5729446411132812
2024-11-27 21:00:00,0.0,-0.3846320214778354,9.58553011462555e-06,-0.016367134,0.6082420349121094
2024-11-27 22:00:00,0.0,-1.5195880090989302,9.58553011462555e-06,-0.0043726456,0.5944366455078125
2024-11-27 23:00:00,0.0,-4.682602037503935,9.58553011462555e-06,-0.019408913,0.5687484741210938
2024-11-28 00:00:00,0.0,-1.396992326285405,9.58553011462555e-06,-0.037360672,0.5664215087890625
2024-11-28 01:00:00,0.0,-3.5450188558959064,9.58553011462555e-06,-0.0015802351,0.5689964294433594
2024-11-28 02:00:00,0.0,-4.006131120555812,9.58553011462555e-06,-0.0030775436,0.35813140869140625
2024-11-28 03:00:00,0.0,-3.05920399651595,9.58553011462555e-06,-0.0030775436,0.34586334228515625
2024-11-28 04:00:00,0.0,-3.026531644107521,9.58553011462555e-06,0.0039941277,-0.049785614013671875
2024-11-28 05:00:00,0.0,1.1542292168571757,5.793287248158564e-05,0.018533917,-0.004505157470703125
2024-11-28 06:00:00,0.8400000000000001,9.30582878173267,0.7661438318903319,1.0263629,-0.4649505615234375
2024-11-28 07:00:00,19.044,14.853699049837068,16.897356811583226,17.141392,8.091022491455078
2024-11-28 08:00:00,52.88400000000001,44.01917505833986,52.13130995283015,51.400314,41.15019607543945
2024-11-28 09:00:00,87.23400000000001,83.92692441839245,87.5351557478615,88.191635,81.43003845214844
2024-11-28 10:00:00,113.476,116.81193392120511,114.40495940773822,114.42585,112.77954864501953
2024-11-28 11:00:00,128.184,134.53293106218402,124.76693150195644,124.24637,131.34878540039062
2024-11-28 12:00:00,113.88,128.52285321785692,127.97132728246606,123.66838,125.81806182861328
2024-11-28 13:00:00,98.846,100.39402595341642,104.00807285886793,102.62052,108.38199615478516
2024-11-28 14:00:00,78.516,76.85187405283594,75.96550344393636,77.12952,77.85063171386719
2024-11-28 15:00:00,50.330000000000005,53.52506362023567,50.311701782409244,48.982033,45.99039840698242
2024-11-28 16:00:00,21.086,26.23348289068028,21.438669167223765,21.396534,21.330446243286133
2024-11-28 17:00:00,1.92,0.18040128520459042,1.9754036341022951,2.1920629,2.3523521423339844
2024-11-28 18:00:00,0.0,-8.281488210910936,9.58553011462555e-06,-0.079213746,0.20171356201171875
2024-11-28 19:00:00,0.0,1.5297831420144465,9.58553011462555e-06,0.0030476253,0.48346710205078125
2024-11-28 20:00:00,0.0,2.116770316025784,9.58553011462555e-06,0.0049333544,0.5950813293457031
2024-11-28 21:00:00,0.0,2.2796633586699393,9.58553011462555e-06,-0.018331865,0.6086845397949219
2024-11-28 22:00:00,0.0,1.8034869617678373,9.58553011462555e-06,-0.012346115,0.6096382141113281
2024-11-28 23:00:00,0.0,-2.802109352322285,9.58553011462555e-06,-0.014310845,0.5937881469726562
2024-11-29 00:00:00,0.0,-0.9640006475152383,9.58553011462555e-06,-0.0393254,0.5967369079589844
2024-11-29 01:00:00,0.0,-3.111151959994988,9.58553011462555e-06,-0.0031031766,0.5773162841796875
2024-11-29 02:00:00,0.0,-2.805260776670722,9.58553011462555e-06,0.0056380024,0.28429412841796875
2024-11-29 03:00:00,0.0,-2.793879659832566,9.58553011462555e-06,0.0065587303,0.3220710754394531
2024-11-29 04:00:00,0.0,-0.910360952201648,9.58553011462555e-06,-0.01201127,-0.11881637573242188
2024-11-29 05:00:00,0.0,2.2729954431469395,5.793287248158564e-05,-0.051200356,0.16500473022460938
2024-11-29 06:00:00,0.5559999999999999,9.359252238911713,0.7474188636363636,1.1662343,-0.3942070007324219
2024-11-29 07:00:00,11.51,13.842513599340858,12.248113809523812,13.108258,9.655170440673828
2024-11-29 08:00:00,27.204000000000004,30.438749733557664,31.88258347453989,34.739338,42.74250411987305
2024-11-29 09:00:00,34.846,51.195234793756995,50.3721585332693,45.70724,55.82917022705078
2024-11-29 10:00:00,50.38,55.06966864453021,53.91071581068103,53.791492,76.7403564453125
2024-11-29 11:00:00,56.870000000000005,62.43531108280505,56.69501196859948,59.413307,78.47355651855469
2024-11-29 12:00:00,53.43,60.45971198968889,60.61265598246704,66.69236,73.86409759521484
2024-11-29 13:00:00,39.554,48.4900589906083,52.4490831785714,52.66531,59.23015213012695
2024-11-29 14:00:00,22.606,30.830995335496183,40.99280129007957,36.24154,42.7418212890625
2024-11-29 15:00:00,20.306,13.125205483067646,16.496059555461795,14.303663,27.939451217651367
2024-11-29 16:00:00,9.106,9.625585084502854,12.610549728052776,12.203985,11.254533767700195
2024-11-29 17:00:00,0.806,-2.560990852556238,1.1918811154401163,2.5184379,2.3369712829589844
2024-11-29 18:00:00,0.0,-6.360714074692177,9.58553011462555e-06,-0.24723485,0.4140205383300781
2024-11-29 19:00:00,0.0,0.4682675911626246,9.58553011462555e-06,-0.04260601,0.10374832153320312
2024-11-29 20:00:00,0.0,1.3908000868430337,9.58553011462555e-06,0.01108249,0.14981460571289062
2024-11-29 21:00:00,0.0,0.5903800961481984,9.58553011462555e-06,0.0044574263,0.3725471496582031
2024-11-29 22:00:00,0.0,-1.4816165045887688,9.58553011462555e-06,0.0065802373,0.5217628479003906
2024-11-29 23:00:00,0.0,-3.3742039772434347,9.58553011462555e-06,-0.015730986,0.5521392822265625
2024-11-30 00:00:00,0.0,-1.2468170214561791,9.58553011462555e-06,-0.020806743,0.5443038940429688
2024-11-30 01:00:00,0.0,-5.011998135597214,9.58553011462555e-06,0.022636304,0.5257644653320312
2024-11-30 02:00:00,0.0,-4.108835619856603,9.58553011462555e-06,0.038108677,0.2953758239746094
2024-11-30 03:00:00,0.0,-1.6751275572715834,9.58553011462555e-06,0.1426965,0.34688568115234375
2024-11-30 04:00:00,0.0,-1.108876232401589,9.58553011462555e-06,0.19051453,0.015308380126953125
2024-11-30 05:00:00,0.0,1.459015594008294,5.793287248158564e-05,0.0904727,0.3916969299316406
2024-11-30 06:00:00,0.51,6.645538767126174,0.6798384588744587,0.7220723,0.08173751831054688
2024-11-30 07:00:00,9.494,11.213638119224903,9.987971999999997,10.360196,7.176601409912109
2024-11-30 08:00:00,26.936000000000003,24.81398120955811,26.298520620718286,25.437313,30.25153350830078
2024-11-30 09:00:00,26.836,46.771813366975685,50.6695778140858,46.136044,52.89335632324219
2024-11-30 10:00:00,55.33,42.67733988570634,37.803305618980005,36.57771,76.88737487792969
2024-11-30 11:00:00,77.44600000000001,71.43980902879085,69.12114061764012,67.47465,69.76454162597656
2024-11-30 12:00:00,107.476,86.39483480073065,79.61220356798445,83.06037,82.93132019042969
2024-11-30 13:00:00,93.42000000000002,107.88407086022832,92.43215277703335,90.94341,79.50996398925781
2024-11-30 14:00:00,67.146,77.5012948376872,79.59610950727846,77.61184,63.95662307739258
2024-11-30 15:00:00,43.914,47.91287325422538,45.73834224410321,44.13742,43.84716033935547
2024-11-30 16:00:00,18.67,27.45821263338427,20.809198076479078,19.914867,19.310638427734375
2024-11-30 17:00:00,1.864,4.860987365201531,1.8846206120750901,2.18675,3.058238983154297
2024-11-30 18:00:00,0.0,-5.562686513595314,9.58553011462555e-06,-0.08416687,0.5118141174316406
2024-11-30 19:00:00,0.0,-0.41040422043030045,9.58553011462555e-06,-0.0901855,0.3471832275390625
2024-11-30 20:00:00,0.0,0.5370113637574274,9.58553011462555e-06,-0.61459357,0.4270820617675781
2024-11-30 21:00:00,0.0,1.0622298911090686,9.58553011462555e-06,0.0029601178,0.5193328857421875
2024-11-30 22:00:00,0.0,1.8050469326114102,9.58553011462555e-06,-0.015730986,0.537078857421875
2024-11-30 23:00:00,0.0,-0.189113169484604,9.58553011462555e-06,-0.015730986,0.5231704711914062
2024-12-01 00:00:00,0.0,2.3173148067231626,9.58553011462555e-06,-0.022793788,0.5327606201171875
2024-12-01 01:00:00,0.0,-4.4010124541783515,9.58553011462555e-06,0.0030222111,0.5231819152832031
2024-12-01 02:00:00,0.0,-4.404291269543075,9.58553011462555e-06,0.05023475,0.3284645080566406
2024-12-01 03:00:00,0.0,-3.102764682195169,9.58553011462555e-06,0.05023475,0.4018745422363281
2024-12-01 04:00:00,0.0,-2.303934727228473,9.58553011462555e-06,0.087461196,-0.042263031005859375
2024-12-01 05:00:00,0.0,0.6439357750884129,0.0019651999212416857,0.22790278,-0.1759490966796875
2024-12-01 06:00:00,0.33,7.075187612399981,0.4987593333333333,0.4809051,-0.55242919921875
2024-12-01 07:00:00,7.906000000000001,11.030317369797341,10.305020261904765,10.229917,12.957683563232422
2024-12-01 08:00:00,23.69,23.805524844275034,22.617155575380778,20.228619,33.374549865722656
2024-12-01 09:00:00,42.89,43.66152232701719,45.14292614382692,42.950718,30.32879638671875
2024-12-01 10:00:00,62.05,64.6659772319586,60.18291977947783,59.780273,67.79524230957031
2024-12-01 11:00:00,82.47000000000001,75.44913303567944,77.99123630353272,75.942604,94.7850341796875
2024-12-01 12:00:00,81.424,88.73362012636807,81.12049406433,79.8135,86.54948425292969
2024-12-01 13:00:00,56.89,75.86522649256639,72.39402256650388,70.79186,75.91487121582031
2024-12-01 14:00:00,45.260000000000005,43.67090776590733,51.598933088525854,45.248062,55.18861389160156
2024-12-01 15:00:00,28.35,33.24228268775574,31.71333903912802,31.963072,33.900474548339844
2024-12-01 16:00:00,12.21,14.15956397819508,13.657448672033684,14.16551,13.834918975830078
2024-12-01 17:00:00,0.91,0.8523545598613582,1.298610293790501,1.7316118,2.571582794189453
2024-12-01 18:00:00,0.0,-5.567530338911089,9.58553011462555e-06,-0.06498612,0.4331321716308594
2024-12-01 19:00:00,0.0,0.0684189050816082,9.58553011462555e-06,-0.10544708,0.23548126220703125
2024-12-01 20:00:00,0.0,1.0280441882965645,9.58553011462555e-06,0.016846942,0.2902984619140625
2024-12-01 21:00:00,0.0,0.7611431675360363,9.58553011462555e-06,-0.019974941,0.4161033630371094
2024-12-01 22:00:00,0.0,-1.216538880407927,9.58553011462555e-06,-0.013169619,0.4979591369628906
2024-12-01 23:00:00,0.0,-2.211269764754493,9.58553011462555e-06,-0.011046808,0.5240516662597656
2024-12-02 00:00:00,0.0,-1.5367693652116712,9.58553011462555e-06,-0.019030334,0.5358390808105469
2024-12-02 01:00:00,0.0,-6.696408819621434,9.58553011462555e-06,-0.0016011547,0.5310745239257812
2024-12-02 02:00:00,0.0,-4.229214960296051,9.58553011462555e-06,-0.0016011547,0.4774055480957031
2024-12-02 03:00:00,0.0,-2.9556481242532726,9.58553011462555e-06,-0.0005241859,0.5792579650878906
2024-12-02 04:00:00,0.0,-0.679287980828887,9.58553011462555e-06,0.01676152,0.3558769226074219
2024-12-02 05:00:00,0.0,2.572666718450698,5.793287248158564e-05,0.045716982,0.4751167297363281
2024-12-02 06:00:00,0.0,7.658353484603314,0.37780236473204226,0.2037352,-0.3567008972167969
2024-12-02 07:00:00,11.83,10.717012092339175,10.694651975524476,10.303163,5.963703155517578
2024-12-02 08:00:00,31.360000000000003,29.144934980015314,31.940541931203967,36.49546,26.93460464477539
2024-12-02 09:00:00,50.714,51.439857532343886,53.746745063206596,51.083767,67.28507995605469
2024-12-02 10:00:00,69.99600000000001,69.3796623407917,75.73613037229586,67.98822,68.86463165283203
2024-12-02 11:00:00,73.804,84.72339351455417,83.73368288856864,82.092354,74.0626220703125
2024-12-02 12:00:00,82.88,77.41008666356493,81.01536779521273,75.40229,79.78559112548828
2024-12-02 13:00:00,71.69600000000001,79.5995178358196,68.42629500973788,71.80337,60.04133224487305
2024-12-02 14:00:00,54.05,57.341938019513755,58.560841121872656,61.88512,49.86778259277344
2024-12-02 15:00:00,36.39,35.44538810628413,37.00624936956241,35.30232,33.42940139770508
2024-12-02 16:00:00,12.506,19.428523554814973,18.4930257002446,17.657398,13.19847297668457
2024-12-02 17:00:00,1.27,-0.9628847693320086,1.3451768653852776,2.241261,2.323810577392578
2024-12-02 18:00:00,0.0,-5.57250275351912,9.58553011462555e-06,-0.031249007,0.2990303039550781
2024-12-02 19:00:00,0.0,-2.3178260074538897,9.58553011462555e-06,0.11974786,0.22848892211914062
2024-12-02 20:00:00,0.0,-3.1040630835095078,9.58553011462555e-06,-0.00658173,0.408782958984375
2024-12-02 21:00:00,0.0,-1.7891576226011372,9.58553011462555e-06,-0.00658173,0.4981956481933594
2024-12-02 22:00:00,0.0,-0.33883699804294753,9.58553011462555e-06,-0.0066239983,0.5384674072265625
2024-12-02 23:00:00,0.0,-0.39971175806362513,9.58553011462555e-06,-0.06268166,0.5404930114746094
2024-12-03 00:00:00,0.0,2.426990524048435,9.58553011462555e-06,0.0016370149,0.5651130676269531
2024-12-03 01:00:00,0.0,-3.288023997902483,9.58553011462555e-06,0.019789342,0.5947380065917969
2024-12-03 02:00:00,0.0,-3.5894041681550855,9.58553011462555e-06,0.019789342,0.35113525390625
2024-12-03 03:00:00,0.0,-2.865619607475415,9.58553011462555e-06,0.02071007,0.5992507934570312
2024-12-03 04:00:00,0.0,-2.0430945770866566,9.58553011462555e-06,0.021547996,0.3004188537597656
2024-12-03 05:00:00,0.0,1.5676362887361561,5.793287248158564e-05,0.058878392,0.470855712890625
2024-12-03 06:00:00,0.0,6.863901293728922,3.467741935483871e-05,0.5906184,-0.1548004150390625
2024-12-03 07:00:00,13.29,9.676376009862263,12.72792512727145,10.82544,9.127532958984375
2024-12-03 08:00:00,37.304,31.521043904996716,37.8222077859132,41.084328,30.526458740234375
2024-12-03 09:00:00,66.884,60.972006070571204,67.07310893375873,66.67931,69.8058853149414
2024-12-03 10:00:00,90.01,93.6444477403511,92.2466376358424,91.60222,89.50079345703125
2024-12-03 11:00:00,101.446,104.95143636642362,105.42248480318533,106.425964,110.24029541015625
2024-12-03 12:00:00,96.704,102.89454061537887,107.62983286684668,103.14926,103.53924560546875
2024-12-03 13:00:00,99.13,86.59306760638592,88.93067306755397,86.191605,88.6669921875
2024-12-03 14:00:00,72.724,82.08376355937551,79.38495569322782,79.636055,70.73603820800781
2024-12-03 15:00:00,42.55,49.21155956978555,49.612735268466324,48.556484,50.440738677978516
2024-12-03 16:00:00,19.24,20.810920205615233,20.375504365079365,19.623112,20.41057014465332
2024-12-03 17:00:00,1.7000000000000002,5.047529336493332,1.804987287741419,1.9840103,2.057415008544922
2024-12-03 18:00:00,0.0,-5.095375740067285,9.58553011462555e-06,-0.08786277,0.3666725158691406
2024-12-03 19:00:00,0.0,2.0431518219802918,9.58553011462555e-06,-0.005788802,0.4714813232421875
2024-12-03 20:00:00,0.0,0.5431968852130442,9.58553011462555e-06,-0.024835294,0.5963973999023438
2024-12-03 21:00:00,0.0,0.4672686180570311,9.58553011462555e-06,-0.006741213,0.6412467956542969
2024-12-03 22:00:00,0.0,-1.424351150690553,9.58553011462555e-06,-0.006741213,0.6115608215332031
2024-12-03 23:00:00,0.0,-2.4993547536423684,9.58553011462555e-06,-0.006741213,0.60711669921875
2024-12-04 00:00:00,0.0,0.13101204551951806,9.58553011462555e-06,-0.008238521,0.632293701171875
2024-12-04 01:00:00,0.0,-2.3822456107039613,9.58553011462555e-06,0.011288627,0.647369384765625
2024-12-04 02:00:00,0.0,-4.310390931881914,9.58553011462555e-06,0.011288627,0.47159576416015625
2024-12-04 03:00:00,0.0,-2.3552734125552606,9.58553011462555e-06,0.011288627,0.5621109008789062
2024-12-04 04:00:00,0.0,0.7489872254173928,9.58553011462555e-06,0.017439568,0.20634078979492188
2024-12-04 05:00:00,0.0,3.2641038220234986,5.793287248158564e-05,0.021883076,0.2339019775390625
2024-12-04 06:00:00,0.0,8.810230867590635,0.00803467741935484,0.508381,-0.3088569641113281
2024-12-04 07:00:00,18.444,11.783476811638756,13.152404560526724,11.595963,8.065471649169922
2024-12-04 08:00:00,52.760000000000005,41.5853582546518,51.08376780795851,50.111618,32.157371520996094
2024-12-04 09:00:00,88.43,82.40069498856633,90.37225209247096,88.36006,78.26808166503906
2024-12-04 10:00:00,116.52,115.83489840182324,117.59035252732917,116.45494,108.88024139404297
2024-12-04 11:00:00,132.46,130.80586458720995,130.02404801529417,130.55539,129.38394165039062
2024-12-04 12:00:00,132.31,132.28060682108594,129.69811829941034,128.75938,127.74296569824219
2024-12-04 13:00:00,121.324,118.96556071753179,119.41974182736158,117.54237,116.82787322998047
2024-12-04 14:00:00,96.71,96.50516597313128,94.93699362313745,93.0891,92.58573913574219
2024-12-04 15:00:00,63.104,66.18017661953539,62.1150699898282,63.73682,61.77279281616211
2024-12-04 16:00:00,27.72,33.531570145009226,27.44688344407151,26.759312,27.162893295288086
2024-12-04 17:00:00,2.1300000000000003,8.563271004068753,2.2696638115478693,2.5845132,3.098918914794922
2024-12-04 18:00:00,0.0,-5.390012426179646,9.58553011462555e-06,-0.038239613,0.49512481689453125
2024-12-04 19:00:00,0.0,2.2276721340273777,9.58553011462555e-06,0.0015559566,0.5888252258300781
2024-12-04 20:00:00,0.0,1.5515537598849356,9.58553011462555e-06,-0.00023550075,0.5969009399414062
2024-12-04 21:00:00,0.0,-0.10320986856402747,9.58553011462555e-06,0.0005560121,0.6397323608398438
2024-12-04 22:00:00,0.0,-1.658944638223808,9.58553011462555e-06,0.0010993264,0.6021041870117188
2024-12-04 23:00:00,0.0,-2.7056183887494836,9.58553011462555e-06,0.0010993264,0.5770835876464844
2024-12-05 00:00:00,0.0,-0.2880826881584655,9.58553011462555e-06,0.0057529616,0.5844268798828125
2024-12-05 01:00:00,0.0,-2.834652568441892,9.58553011462555e-06,0.018505888,0.5731773376464844
2024-12-05 02:00:00,0.0,-2.1831267841811446,9.58553011462555e-06,-0.0068087005,0.44710540771484375
2024-12-05 03:00:00,0.0,-2.5383683015067717,9.58553011462555e-06,0.011358741,0.436859130859375
2024-12-05 04:00:00,0.0,0.41189943753760794,9.58553011462555e-06,0.010367899,-0.21019744873046875
2024-12-05 05:00:00,0.0,4.8684342034588735,5.793287248158564e-05,0.008848108,0.17305374145507812
2024-12-05 06:00:00,0.0,10.41765474504906,0.03867467741935484,0.5706178,0.1121368408203125
2024-12-05 07:00:00,17.96,12.716688405859863,14.338931563823866,14.714118,12.984907150268555
2024-12-05 08:00:00,51.92400000000001,42.109561625253434,51.09437301365849,50.150597,49.000125885009766
2024-12-05 09:00:00,86.71000000000001,82.4813541683574,89.38623609476502,88.50206,74.20735168457031
2024-12-05 10:00:00,115.65,115.84784971993349,117.23474401141839,120.32487,110.49104309082031
2024-12-05 11:00:00,131.524,133.44479201280765,130.91510313794961,128.61285,128.71377563476562
2024-12-05 12:00:00,124.19,133.08186948306655,128.49346430521047,126.5162,130.69442749023438
2024-12-05 13:00:00,112.934,111.1146890025334,113.1243536020868,111.29163,118.42501068115234
2024-12-05 14:00:00,88.80000000000001,89.24282616793153,91.27161340445782,90.74998,86.3809814453125
2024-12-05 15:00:00,55.92000000000001,58.61088691077406,59.4160097096966,60.075855,58.970069885253906
2024-12-05 16:00:00,23.014,28.081442101430852,24.12993297945401,23.37911,26.141386032104492
2024-12-05 17:00:00,1.93,4.552392573797903,2.0599217521610225,2.1685126,2.953125
2024-12-05 18:00:00,0.0,-5.839369636181871,9.58553011462555e-06,-0.059560858,0.4892425537109375
2024-12-05 19:00:00,0.0,2.2356592414060312,9.58553011462555e-06,0.006005249,0.6090583801269531
2024-12-05 20:00:00,0.0,4.085241718644914,9.58553011462555e-06,-0.008189319,0.6309928894042969
2024-12-05 21:00:00,0.0,4.653808176270118,9.58553011462555e-06,0.0040513068,0.5668449401855469
2024-12-05 22:00:00,0.0,0.8425311726277824,9.58553011462555e-06,-0.025313927,0.5978507995605469
2024-12-05 23:00:00,0.0,-1.8287879629027053,9.58553011462555e-06,0.0010993264,0.615875244140625
2024-12-06 00:00:00,0.0,-1.3221951683735451,9.58553011462555e-06,0.0010993264,0.6128158569335938
2024-12-06 01:00:00,0.0,-4.811448691361177,9.58553011462555e-06,0.010809691,0.5684967041015625
2024-12-06 02:00:00,0.0,-4.196622372353461,9.58553011462555e-06,0.010809691,0.43251800537109375
2024-12-06 03:00:00,0.0,-3.377867491573615,9.58553011462555e-06,0.016416851,0.39000701904296875
2024-12-06 04:00:00,0.0,-0.22130731929156333,9.58553011462555e-06,0.014429811,-0.132476806640625
2024-12-06 05:00:00,0.0,3.9377110863554954,5.793287248158564e-05,0.0113169905,0.1294403076171875
2024-12-06 06:00:00,0.0,8.394888205245357,0.010700000000000001,0.5531438,0.1898345947265625
2024-12-06 07:00:00,15.340000000000002,11.167731852722827,13.67551963547955,13.584672,14.970182418823242
2024-12-06 08:00:00,48.224,38.33045154056777,44.7831238892592,46.126175,45.353145599365234
2024-12-06 09:00:00,75.7,78.58625161781802,84.29101730962216,83.147995,71.77943420410156
2024-12-06 10:00:00,105.244,102.92260821209021,103.61259800746862,101.57399,105.99813079833984
2024-12-06 11:00:00,121.85,121.72703264363693,119.8548830945346,118.68225,115.91602325439453
2024-12-06 12:00:00,89.504,124.06606792547836,116.98387468550753,117.753944,121.5813980102539
2024-12-06 13:00:00,77.58,77.91324420260094,91.32589014489783,86.443665,108.72152709960938
2024-12-06 14:00:00,59.416,64.34511892724998,67.23643648516844,61.20236,69.15652465820312
2024-12-06 15:00:00,39.20400000000001,40.21758139829237,37.58310107599858,38.07493,42.90524673461914
2024-12-06 16:00:00,15.444,19.193897997137743,17.525347263617785,18.202105,17.77045440673828
2024-12-06 17:00:00,1.5,-0.6345962393601541,1.577289241547146,1.9218863,2.0637474060058594
2024-12-06 18:00:00,0.0,-5.7921080577870985,9.58553011462555e-06,0.045161564,0.245025634765625
2024-12-06 19:00:00,0.0,3.7491665679351485,9.58553011462555e-06,0.026394617,0.3625297546386719
2024-12-06 20:00:00,0.0,3.351452543536235,9.58553011462555e-06,0.026394617,0.516143798828125
2024-12-06 21:00:00,0.0,1.4324561399509737,9.58553011462555e-06,0.0044930982,0.5708503723144531
2024-12-06 22:00:00,0.0,-0.88343741739709,9.58553011462555e-06,0.00096453255,0.5896263122558594
2024-12-06 23:00:00,0.0,-2.559655665549177,9.58553011462555e-06,4.3809647e-05,0.6063613891601562
2024-12-07 00:00:00,0.0,-2.1030723493434897,9.58553011462555e-06,0.00103465,0.6103172302246094
2024-12-07 01:00:00,0.0,-3.0549052096186666,9.58553011462555e-06,0.009787012,0.5884323120117188
2024-12-07 02:00:00,0.0,-4.133071581237774,9.58553011462555e-06,-0.026062908,0.3837165832519531
2024-12-07 03:00:00,0.0,-3.3225712376029866,9.58553011462555e-06,-0.030512197,0.3880615234375
2024-12-07 04:00:00,0.0,-2.957930660572707,9.58553011462555e-06,-0.030512197,-0.06912994384765625
2024-12-07 05:00:00,0.0,0.8005406598970293,5.793287248158564e-05,0.011278538,0.0257568359375
2024-12-07 06:00:00,0.0,8.866805240777387,0.008434677419354839,0.54341507,-0.36122894287109375
2024-12-07 07:00:00,10.834,12.211383100813446,14.67704015823458,12.390211,10.850519180297852
2024-12-07 08:00:00,29.624,32.68598196291112,38.12668879761136,40.008457,41.088722229003906
2024-12-07 09:00:00,45.98,54.848398427155225,51.23225704617053,51.50772,64.30288696289062
2024-12-07 10:00:00,67.16000000000001,66.10291515590347,63.79214190923689,65.464485,85.71626281738281
2024-12-07 11:00:00,81.59,83.65428496650028,83.21693977134696,83.38716,89.0307388305664
2024-12-07 12:00:00,82.63400000000001,87.79867360506356,85.96140209419187,82.84395,85.73031616210938
2024-12-07 13:00:00,67.71000000000001,78.2229647728945,78.42507158767124,77.29426,79.45510864257812
2024-12-07 14:00:00,53.79600000000001,53.678163993029,60.80288906863608,62.267593,61.20829772949219
2024-12-07 15:00:00,32.376,37.64931470185981,37.134007531690074,35.68846,37.65729522705078
2024-12-07 16:00:00,13.494,18.64335465657216,15.997519960388582,16.026917,13.440881729125977
2024-12-07 17:00:00,1.386,2.863524916413965,1.299829688285688,2.0690339,2.205841064453125
2024-12-07 18:00:00,0.0,-5.166619546157125,9.58553011462555e-06,-0.015007107,0.5223312377929688
2024-12-07 19:00:00,0.0,1.0637821200760627,9.58553011462555e-06,-0.021625793,0.5783653259277344
2024-12-07 20:00:00,0.0,2.2643483959746806,9.58553011462555e-06,-0.004999889,0.5673789978027344
2024-12-07 21:00:00,0.0,1.104136662261591,9.58553011462555e-06,-0.0066083497,0.5768585205078125
2024-12-07 22:00:00,0.0,0.6146878172479147,9.58553011462555e-06,-0.003930854,0.5565719604492188
2024-12-07 23:00:00,0.0,-3.166310986549936,9.58553011462555e-06,-0.003930854,0.5133705139160156
2024-12-08 00:00:00,0.0,-2.4891476907102335,9.58553011462555e-06,-0.0054281624,0.48488616943359375
2024-12-08 01:00:00,0.0,-6.036799871710718,9.58553011462555e-06,0.00153994,0.46086883544921875
2024-12-08 02:00:00,0.0,-4.776130331533719,9.58553011462555e-06,0.00153994,0.2889556884765625
2024-12-08 03:00:00,0.0,-3.481965123789547,9.58553011462555e-06,0.0014015068,0.3368034362792969
2024-12-08 04:00:00,0.0,-0.9546788901069032,9.58553011462555e-06,-0.035350494,-0.09510421752929688
2024-12-08 05:00:00,0.0,0.6370333180892933,5.793287248158564e-05,0.09815496,-0.131103515625
2024-12-08 06:00:00,0.0,5.816297334551866,3.467741935483871e-05,0.44706073,-0.3379783630371094
2024-12-08 07:00:00,7.040000000000001,9.506162744925833,12.246694931689246,10.489621,6.0734405517578125
2024-12-08 08:00:00,19.344,25.181835130110123,22.69799405555555,23.624048,23.55731201171875
2024-12-08 09:00:00,30.764,40.3931955902893,33.02976017266823,32.982937,31.310768127441406
2024-12-08 10:00:00,40.89,50.0617973998068,47.14183316731274,44.327938,40.228824615478516
2024-12-08 11:00:00,40.46000000000001,51.965989547720596,51.93139063249864,52.35304,62.169044494628906
2024-12-08 12:00:00,47.346,42.697953719312125,45.526651517060756,53.48313,63.37237548828125
2024-12-08 13:00:00,39.364,47.003495132642456,44.67908784325397,46.00568,43.868011474609375
2024-12-08 14:00:00,46.93000000000001,31.15225162249888,40.76081557915856,40.079666,31.182964324951172
2024-12-08 15:00:00,31.32,34.698388572635174,33.47708993804235,33.984623,22.12085723876953
2024-12-08 16:00:00,15.25,13.258541442127921,17.534751434300173,17.819138,12.210027694702148
2024-12-08 17:00:00,1.614,2.619211492877353,1.4725947341019412,2.2166328,3.865184783935547
2024-12-08 18:00:00,0.0,-3.563864309836429,9.58553011462555e-06,-0.020599209,0.8090400695800781
2024-12-08 19:00:00,0.0,2.2321689947973606,9.58553011462555e-06,0.023709994,0.4042205810546875
2024-12-08 20:00:00,0.0,0.8005872902122837,9.58553011462555e-06,0.015519353,0.3896980285644531
2024-12-08 21:00:00,0.0,-2.5394376791330346,9.58553011462555e-06,-0.017386379,0.3007965087890625
2024-12-08 22:00:00,0.0,-3.678039497324175,9.58553011462555e-06,-0.016809795,0.2871437072753906
2024-12-08 23:00:00,0.0,-3.724420961866615,9.58553011462555e-06,-0.008836322,0.2910270690917969
2024-12-09 00:00:00,0.0,0.07612920412193347,9.58553011462555e-06,-0.008210821,0.3074378967285156
2024-12-09 01:00:00,0.0,-3.618813937258061,9.58553011462555e-06,0.0012348332,0.291046142578125
2024-12-09 02:00:00,0.0,-2.2624139359708657,9.58553011462555e-06,-0.004824189,0.35186004638671875
2024-12-09 03:00:00,0.0,-3.1387589901038817,9.58553011462555e-06,-0.004824189,0.33843994140625
2024-12-09 04:00:00,0.0,-1.4144017958970085,9.58553011462555e-06,-0.0074358974,-0.17481613159179688
2024-12-09 05:00:00,0.0,1.2841240079980905,5.793287248158564e-05,0.0049286457,-0.25879669189453125
2024-12-09 06:00:00,0.0,7.592813087244247,0.010700000000000001,0.5346959,-0.4033088684082031
2024-12-09 07:00:00,8.784,11.042517069898025,11.919748370661038,11.445523,5.959156036376953
2024-12-09 08:00:00,22.01,26.66000276672105,31.896282478655298,31.990555,26.503557205200195
2024-12-09 09:00:00,36.396,41.2066481188322,38.57005217953255,35.174034,52.98702621459961
2024-12-09 10:00:00,52.98,55.10579880153923,49.95384355102901,51.675552,49.85255432128906
2024-12-09 11:00:00,73.96000000000001,66.42326326143754,64.373179375397,63.32702,63.510215759277344
2024-12-09 12:00:00,76.14,81.67825136732924,72.96910070354176,70.536064,68.41578674316406
2024-12-09 13:00:00,83.39600000000002,73.94265726080084,69.9057414770225,73.189575,71.71597290039062
2024-12-09 14:00:00,66.29,73.14788855298747,67.16004437053431,69.39925,62.88440704345703
2024-12-09 15:00:00,42.260000000000005,47.13235907186234,47.28238944600208,41.78534,48.60063552856445
2024-12-09 16:00:00,17.836000000000002,22.293412506777457,19.475410631260807,19.663618,25.563993453979492
2024-12-09 17:00:00,1.846,4.171465686690414,1.8025011801927002,2.2442214,5.177425384521484
2024-12-09 18:00:00,0.0,-4.4265751607313595,9.58553011462555e-06,-0.030485457,0.7334671020507812
2024-12-09 19:00:00,0.0,1.5908654481521873,9.58553011462555e-06,-0.0044259815,0.6176872253417969
2024-12-09 20:00:00,0.0,-0.39387773348252697,9.58553011462555e-06,-0.021162357,0.6904335021972656
2024-12-09 21:00:00,0.0,0.20371148754405688,9.58553011462555e-06,-0.008315123,0.664703369140625
2024-12-09 22:00:00,0.0,-0.01737108185472014,9.58553011462555e-06,-0.009854699,0.6310882568359375
2024-12-09 23:00:00,0.0,0.15731349998523303,9.58553011462555e-06,-0.008357391,0.6182136535644531
2024-12-10 00:00:00,0.0,1.1550513147006702,9.58553011462555e-06,0.03281136,0.6099853515625
2024-12-10 01:00:00,0.0,-2.4209681230388984,9.58553011462555e-06,0.04884975,0.6080894470214844
2024-12-10 02:00:00,0.0,-4.169786709877086,9.58553011462555e-06,0.044196114,0.4250221252441406
2024-12-10 03:00:00,0.0,-3.3219151363609543,9.58553011462555e-06,0.044196114,0.529815673828125
2024-12-10 04:00:00,0.0,-1.5550474286033094,9.58553011462555e-06,0.044196114,0.13325881958007812
2024-12-10 05:00:00,0.0,1.5970185277976192,5.793287248158564e-05,0.044208486,0.046817779541015625
2024-12-10 06:00:00,0.0,7.367806400982889,0.19724023809523814,0.8853105,-0.4329643249511719
2024-12-10 07:00:00,9.03,10.45506766631404,12.682161394997804,11.649085,7.069551467895508
2024-12-10 08:00:00,25.540000000000003,26.277833246787083,32.86012927845704,30.957773,28.845529556274414
2024-12-10 09:00:00,47.63,45.485992156007626,47.658219303846316,45.792965,49.904510498046875
2024-12-10 10:00:00,67.72000000000001,69.2425897215843,69.86619356154159,71.35221,70.51180267333984
2024-12-10 11:00:00,89.36000000000001,83.18395147620276,87.04391056190543,90.693756,91.55679321289062
2024-12-10 12:00:00,68.004,97.29189116224751,99.25499087792828,93.93796,97.24501037597656
2024-12-10 13:00:00,71.7,62.37805622984131,69.3942603434491,69.90862,91.2935562133789
2024-12-10 14:00:00,50.19,62.00207792709478,63.251611988861676,58.61321,61.44194793701172
2024-12-10 15:00:00,38.996,32.480416415391325,32.82398241620192,32.972107,42.56363296508789
2024-12-10 16:00:00,16.056,22.236710392441797,18.363502122066453,19.723902,20.849077224731445
2024-12-10 17:00:00,1.594,1.8543790987292539,1.5530949208667377,2.4287977,3.9920082092285156
2024-12-10 18:00:00,0.0,-4.751496071266628,9.58553011462555e-06,-0.012945217,0.4808349609375
2024-12-10 19:00:00,0.0,2.341528121684812,9.58553011462555e-06,0.022182498,0.3914222717285156
2024-12-10 20:00:00,0.0,-0.5660031260522631,9.58553011462555e-06,0.027026486,0.5485572814941406
2024-12-10 21:00:00,0.0,0.42555377870961664,9.58553011462555e-06,-0.0043303776,0.556488037109375
2024-12-10 22:00:00,0.0,-1.0790332092119295,9.58553011462555e-06,-0.0043726456,0.52325439453125
2024-12-10 23:00:00,0.0,-1.3371033899255336,9.58553011462555e-06,-0.0043726456,0.5081977844238281
2024-12-11 00:00:00,0.0,-2.2568848400190085,9.58553011462555e-06,-0.011435443,0.5070991516113281
2024-12-11 01:00:00,0.0,-3.7769730642311856,9.58553011462555e-06,0.006393235,0.4849700927734375
2024-12-11 02:00:00,0.0,-5.339363803337316,9.58553011462555e-06,0.006393235,0.3013954162597656
2024-12-11 03:00:00,0.0,-3.5034412001444273,9.58553011462555e-06,0.008516047,0.5252532958984375
2024-12-11 04:00:00,0.0,-2.1315458902002686,9.58553011462555e-06,0.013169683,0.04938507080078125
2024-12-11 05:00:00,0.0,1.5945265941411773,5.793287248158564e-05,0.017613191,-0.07021713256835938
2024-12-11 06:00:00,0.0,7.255390999737211,3.467741935483871e-05,0.4846307,-0.5082359313964844
2024-12-11 07:00:00,13.0,9.966712891013824,13.666873771836656,12.747688,8.070568084716797
2024-12-11 08:00:00,39.964,31.299033014821276,39.08648604008924,42.03801,33.12661361694336
2024-12-11 09:00:00,72.046,66.2620551412557,71.29288223085793,71.71469,72.96473693847656
2024-12-11 10:00:00,91.984,101.00004973646347,97.90030216306509,98.96625,103.5606460571289
2024-12-11 11:00:00,114.01,108.75406017004784,105.74911488333079,106.93938,123.80892944335938
2024-12-11 12:00:00,119.62,118.63131765736054,114.41793089321536,113.12948,113.99478149414062
2024-12-11 13:00:00,114.916,111.92582608550515,106.11866159162018,106.8283,102.485595703125
2024-12-11 14:00:00,88.68400000000001,94.83091926059731,92.6233696661595,89.91235,83.13966369628906
2024-12-11 15:00:00,58.19,62.156269374312735,60.09228630182711,61.308308,58.305908203125
2024-12-11 16:00:00,23.450000000000003,31.42518693695373,25.438835320635935,25.213818,25.343639373779297
2024-12-11 17:00:00,2.186,3.350233376930614,2.211392676183047,2.3813696,2.850616455078125
2024-12-11 18:00:00,0.0,-7.7269266549206,9.58553011462555e-06,-0.070852645,0.395782470703125
2024-12-11 19:00:00,0.0,0.589404180083041,9.58553011462555e-06,-0.016209763,0.5070457458496094
2024-12-11 20:00:00,0.0,-0.7489586052161146,9.58553011462555e-06,-0.022218462,0.6054725646972656
2024-12-11 21:00:00,0.0,0.04721998688261042,9.58553011462555e-06,-0.018331865,0.6191444396972656
2024-12-11 22:00:00,0.0,-1.1780826888776321,9.58553011462555e-06,-0.012346115,0.5996208190917969
2024-12-11 23:00:00,0.0,-1.6288412249306763,9.58553011462555e-06,-0.019408913,0.5870246887207031
2024-12-12 00:00:00,0.0,1.5056157592241526,9.58553011462555e-06,-0.023631169,0.5730857849121094
2024-12-12 01:00:00,0.0,-1.1892446003332955,9.58553011462555e-06,0.006393235,0.5502090454101562
2024-12-12 02:00:00,0.0,-2.199449917691359,9.58553011462555e-06,0.011046872,0.3897132873535156
2024-12-12 03:00:00,0.0,-2.0236726976448214,9.58553011462555e-06,0.007313963,0.3491058349609375
2024-12-12 04:00:00,0.0,-2.007259974536102,9.58553011462555e-06,0.007313963,-0.10435867309570312
2024-12-12 05:00:00,0.0,1.0963161952624834,5.793287248158564e-05,-0.010444332,-0.16487884521484375
2024-12-12 06:00:00,0.0,8.43839400556011,3.467741935483871e-05,0.21313548,-0.4577674865722656
2024-12-12 07:00:00,13.46,12.149086499228204,12.126063235277936,13.279244,10.26982307434082
2024-12-12 08:00:00,46.254000000000005,36.830719003972376,45.547062293945466,46.00375,41.87270736694336
2024-12-12 09:00:00,80.046,78.20417081129779,81.67724174928843,80.88979,73.93685913085938
2024-12-12 10:00:00,109.11,108.64354441920881,112.39403074217397,109.86021,104.96709442138672
2024-12-12 11:00:00,128.156,130.0833923373852,125.79419714565783,124.22941,122.8291015625
2024-12-12 12:00:00,136.406,130.51925829586847,127.6408329728709,124.501175,125.006591796875
2024-12-12 13:00:00,126.59000000000002,127.57477166863828,124.22423938831662,122.52333,115.70391845703125
2024-12-12 14:00:00,101.876,103.00778180393414,99.2662796336084,99.21268,97.16093444824219
2024-12-12 15:00:00,67.03,71.37737700199162,66.4931426454109,66.991615,65.08639526367188
2024-12-12 16:00:00,30.546,37.73112084186661,29.81041737965906,30.239075,29.852272033691406
2024-12-12 17:00:00,2.6,7.875913123813417,2.6968059367026864,2.7332962,3.6223182678222656
2024-12-12 18:00:00,0.0,-7.630790909067093,9.58553011462555e-06,-0.0619443,0.5492897033691406
2024-12-12 19:00:00,0.0,1.5824852924891673,9.58553011462555e-06,-0.04974857,0.5928153991699219
2024-12-12 20:00:00,0.0,1.3459570982557008,9.58553011462555e-06,-0.0144601995,0.5656623840332031
2024-12-12 21:00:00,0.0,0.8412710512937842,9.58553011462555e-06,-0.014502468,0.5286064147949219
2024-12-12 22:00:00,0.0,1.410349859336863,9.58553011462555e-06,-0.015456461,0.5099716186523438
2024-12-12 23:00:00,0.0,-1.5680245582195997,9.58553011462555e-06,-0.023631169,0.5511360168457031
2024-12-13 00:00:00,0.0,1.3626273013030952,9.58553011462555e-06,-0.023631169,0.5512619018554688
2024-12-13 01:00:00,0.0,-1.3114554694353275,9.58553011462555e-06,0.011488663,0.5449447631835938
2024-12-13 02:00:00,0.0,-3.2790428177114737,9.58553011462555e-06,0.012409391,0.49350738525390625
2024-12-13 03:00:00,0.0,-1.7479062525978621,9.58553011462555e-06,0.0048342156,0.27066802978515625
2024-12-13 04:00:00,0.0,-0.6142470446156887,9.58553011462555e-06,0.0048342156,-0.06615829467773438
2024-12-13 05:00:00,0.0,1.7978322743463364,5.793287248158564e-05,0.009277727,-0.23326492309570312
2024-12-13 06:00:00,0.0,8.54562607753624,3.467741935483871e-05,0.33916005,-0.31755828857421875
2024-12-13 07:00:00,15.2,10.980614887984565,15.140726182039545,15.145419,10.908349990844727
2024-12-13 08:00:00,49.31,38.619852521724304,48.11965779879049,48.304806,44.81052780151367
2024-12-13 09:00:00,88.93,82.58085666582946,84.60874341789126,84.09296,81.11851501464844
2024-12-13 10:00:00,119.876,117.93450108087367,118.7969810592184,119.28169,109.94575500488281
2024-12-13 11:00:00,138.184,141.47353285667313,137.45020315848168,137.22311,131.21200561523438
2024-12-13 12:00:00,137.616,139.6825809228639,135.63956365354642,136.25696,132.10421752929688
2024-12-13 13:00:00,126.75,124.49903502927484,127.19586552392364,126.31033,124.64393615722656
2024-12-13 14:00:00,101.6,101.8517322436989,101.06726643751558,101.24609,97.75640869140625
2024-12-13 15:00:00,66.71000000000001,69.8296306135554,66.35952567916301,66.59318,65.40074157714844
2024-12-13 16:00:00,29.186000000000003,38.05988006506047,29.606088087794745,30.4798,29.82211685180664
2024-12-13 17:00:00,2.6300000000000003,6.978213770620224,2.5493970377406465,2.629416,3.7079238891601562
2024-12-13 18:00:00,0.0,-8.30001710944143,9.58553011462555e-06,-0.035505556,0.4606742858886719
2024-12-13 19:00:00,0.0,1.395661036432874,9.58553011462555e-06,-0.035505556,0.5168571472167969
2024-12-13 20:00:00,0.0,1.5090088601777882,9.58553011462555e-06,-0.006997878,0.5040435791015625
2024-12-13 21:00:00,0.0,1.0609085308275654,9.58553011462555e-06,-0.014971347,0.5014762878417969
2024-12-13 22:00:00,0.0,1.347942121720175,9.58553011462555e-06,-0.0079518715,0.5111351013183594
2024-12-13 23:00:00,0.0,-2.253910922786636,9.58553011462555e-06,-0.010993651,0.5392799377441406
2024-12-14 00:00:00,0.0,0.6884668910136034,9.58553011462555e-06,-0.023189377,0.536346435546875
2024-12-14 01:00:00,0.0,-2.7506289563277173,9.58553011462555e-06,0.0053377184,0.5292396545410156
2024-12-14 02:00:00,0.0,-2.6657756422577252,9.58553011462555e-06,0.0049043293,0.40003204345703125
2024-12-14 03:00:00,0.0,-2.7927127714097733,9.58553011462555e-06,0.003913488,0.13109588623046875
2024-12-14 04:00:00,0.0,-2.4660175395039876,9.58553011462555e-06,0.0048342156,-0.23511886596679688
2024-12-14 05:00:00,0.0,1.7791490849834197,5.793287248158564e-05,0.009277727,-0.3953285217285156
2024-12-14 06:00:00,0.0,9.430969899840337,3.467741935483871e-05,0.3781774,-0.39237213134765625
2024-12-14 07:00:00,14.830000000000002,12.411636547674078,14.648839949730792,14.629332,11.537445068359375
2024-12-14 08:00:00,49.72,38.904613664925286,49.318709147932644,48.728897,46.27464294433594
2024-12-14 09:00:00,88.65,83.23198940678614,84.63678190165462,86.50192,82.22138977050781
2024-12-14 10:00:00,119.916,117.11178986732676,118.86113978668955,120.89749,111.81954956054688
2024-12-14 11:00:00,138.3,142.01590676527275,137.6221855676673,137.57059,132.0953369140625
2024-12-14 12:00:00,138.494,140.1725190056307,134.64887536746346,135.61769,132.6251220703125
2024-12-14 13:00:00,127.706,126.47338778797345,128.36712703189878,126.05167,124.33635711669922
2024-12-14 14:00:00,103.256,102.59508116452315,102.00626497832219,101.55791,97.77771759033203
2024-12-14 15:00:00,68.25,69.98021327229463,67.62389246280941,67.85512,66.08036804199219
2024-12-14 16:00:00,30.196,37.935164277743716,30.18715296510187,31.991005,30.625606536865234
2024-12-14 17:00:00,2.824,8.014417895683495,2.6996237617268304,2.6820862,3.9958572387695312
2024-12-14 18:00:00,0.0,-8.038139750652299,9.58553011462555e-06,-0.04770128,0.4673004150390625
2024-12-14 19:00:00,0.0,0.8616404579907542,9.58553011462555e-06,-0.03697015,0.5104331970214844
2024-12-14 20:00:00,0.0,1.6187807362921083,9.58553011462555e-06,-0.014971347,0.46337127685546875
2024-12-14 21:00:00,0.0,0.3688261493144802,9.58553011462555e-06,-0.014971347,0.4761962890625
2024-12-14 22:00:00,0.0,2.1771526216234367,9.58553011462555e-06,-0.01501467,0.5046958923339844
2024-12-14 23:00:00,0.0,-2.5809827254376905,9.58553011462555e-06,-0.018967122,0.5267410278320312
2024-12-15 00:00:00,0.0,-0.0872821605888765,9.58553011462555e-06,-0.024369564,0.529388427734375
2024-12-15 01:00:00,0.0,-3.2053093701109963,9.58553011462555e-06,0.01992639,0.4978904724121094
2024-12-15 02:00:00,0.0,-2.7121195139684326,9.58553011462555e-06,0.020917235,0.38625335693359375
2024-12-15 03:00:00,0.0,-2.4000442434490337,9.58553011462555e-06,0.0147662945,0.15604400634765625
2024-12-15 04:00:00,0.0,-2.289638770351212,9.58553011462555e-06,0.014696177,-0.2961616516113281
2024-12-15 05:00:00,0.0,0.390784564933945,5.793287248158564e-05,0.015393793,-0.602874755859375
2024-12-15 06:00:00,0.0,7.507198837083415,3.467741935483871e-05,0.41940847,-0.8361358642578125
2024-12-15 07:00:00,14.8,11.679588763681025,14.31615683378152,14.530186,11.479076385498047
2024-12-15 08:00:00,50.42,39.18827303869818,48.47837928381131,48.48612,44.848106384277344
2024-12-15 09:00:00,90.04,85.32163770383985,86.64473334691158,86.59605,82.82844543457031
2024-12-15 10:00:00,121.27,121.17334146179695,119.59828405013737,120.72001,111.32086944580078
2024-12-15 11:00:00,139.376,144.28801010977745,137.93662511227222,138.81213,131.99429321289062
2024-12-15 12:00:00,147.084,139.1384463228993,139.5139712043555,138.02112,134.8511962890625
2024-12-15 13:00:00,135.206,136.25479536157118,133.00641655806558,135.50002,125.83409118652344
2024-12-15 14:00:00,108.09000000000002,109.52368774748555,108.29498597161395,107.62113,102.37459564208984
2024-12-15 15:00:00,70.67999999999999,75.02355703577362,72.91424785189888,72.5333,69.83444213867188
2024-12-15 16:00:00,31.47,39.86402729088536,31.753334459163046,31.967735,32.47704315185547
2024-12-15 17:00:00,2.9640000000000004,7.739830884338312,2.745010585519813,3.470156,4.376747131347656
2024-12-15 18:00:00,0.0,-8.082566256281707,9.58553011462555e-06,-0.07131711,0.43970489501953125
2024-12-15 19:00:00,0.0,2.7681426869372316,9.58553011462555e-06,-0.017516889,0.4598503112792969
2024-12-15 20:00:00,0.0,1.9070034697706237,9.58553011462555e-06,-0.028918656,0.4651145935058594
2024-12-15 21:00:00,0.0,-0.24834682029082256,9.58553011462555e-06,-0.022034146,0.4866752624511719
2024-12-15 22:00:00,0.0,0.19904913147978753,9.58553011462555e-06,-0.01501467,0.511962890625
2024-12-15 23:00:00,0.0,-3.976762623447131,9.58553011462555e-06,-0.031162843,0.5214996337890625
2024-12-16 00:00:00,0.0,0.9506380566349488,9.58553011462555e-06,-0.031162843,0.5188827514648438
2024-12-16 01:00:00,0.0,-2.2464606790963453,9.58553011462555e-06,0.006393235,0.4876976013183594
2024-12-16 02:00:00,0.0,-3.3491756564802793,9.58553011462555e-06,0.009622641,0.4678001403808594
2024-12-16 03:00:00,0.0,-3.3430108779343843,9.58553011462555e-06,0.010543369,0.20431900024414062
2024-12-16 04:00:00,0.0,-3.2653372031697967,9.58553011462555e-06,0.005119226,-0.11211395263671875
2024-12-16 05:00:00,0.0,0.7052066170343609,5.793287248158564e-05,-0.0375048,-0.22186660766601562
2024-12-16 06:00:00,0.0,9.451435533574001,3.467741935483871e-05,0.47251153,-0.3134117126464844
2024-12-16 07:00:00,16.7,13.547924403011415,14.08170510086532,14.54653,10.622875213623047
2024-12-16 08:00:00,55.704,43.08773575935793,50.579739184859434,50.627785,47.60106658935547
2024-12-16 09:00:00,96.924,93.9201269344818,92.91502512691764,93.42899,85.24901580810547
2024-12-16 10:00:00,127.934,127.57979068581773,129.2814599307554,128.86191,117.68260192871094
2024-12-16 11:00:00,145.806,149.41915834006966,145.23837207481222,145.23473,139.45152282714844
2024-12-16 12:00:00,143.284,145.3900998714029,152.31504740335458,150.78058,140.08102416992188
2024-12-16 13:00:00,131.91,129.36841823131908,134.20189163642465,134.29413,131.84945678710938
2024-12-16 14:00:00,106.16,106.04126053881325,106.22942048370251,106.40743,102.24044799804688
2024-12-16 15:00:00,68.476,71.35203085945594,70.40371967524206,71.504616,66.79638671875
2024-12-16 16:00:00,29.814,37.17364068001495,30.99798797755581,31.847198,29.73680877685547
2024-12-16 17:00:00,2.736,7.175454060622862,2.704233963840585,2.5385056,3.1847000122070312
2024-12-16 18:00:00,0.0,-8.148476580708499,9.58553011462555e-06,-0.06762917,0.4434814453125
2024-12-16 19:00:00,0.0,1.3850175575766066,9.58553011462555e-06,-0.041290216,0.5042953491210938
2024-12-16 20:00:00,0.0,2.816977480311884,9.58553011462555e-06,-0.021121303,0.5277023315429688
2024-12-16 21:00:00,0.0,2.4646903804350426,9.58553011462555e-06,-0.017179962,0.48291015625
2024-12-16 22:00:00,0.0,2.4770641904599078,9.58553011462555e-06,-0.015456461,0.4620933532714844
2024-12-16 23:00:00,0.0,-3.07743667825925,9.58553011462555e-06,-0.018977532,0.5066375732421875
2024-12-17 00:00:00,0.0,-0.3206427653124715,9.58553011462555e-06,-0.018977532,0.5406036376953125
2024-12-17 01:00:00,0.0,-4.635995942816775,9.58553011462555e-06,0.011046872,0.5554122924804688
2024-12-17 02:00:00,0.0,-2.045386531863935,9.58553011462555e-06,0.0050835675,0.406219482421875
2024-12-17 03:00:00,0.0,-0.9393537448225278,9.58553011462555e-06,-0.014268096,0.19763946533203125
2024-12-17 04:00:00,0.0,-0.4213636597891357,9.58553011462555e-06,0.0053832657,-0.004421234130859375
2024-12-17 05:00:00,0.0,0.9477300096452961,5.793287248158564e-05,0.0034118237,-0.3527641296386719
2024-12-17 06:00:00,0.0,6.305746147942674,3.467741935483871e-05,0.5144191,-0.050403594970703125
2024-12-17 07:00:00,13.786,10.583719076883334,14.575798720430823,14.376866,11.312768936157227
2024-12-17 08:00:00,45.086000000000006,39.115399261398544,46.4856318691522,46.64595,46.198970794677734
2024-12-17 09:00:00,76.81,80.33585334084796,79.63770683595581,80.736404,78.70832824707031
2024-12-17 10:00:00,97.89,104.75370325367388,110.47796650405587,108.66522,104.88892364501953
2024-12-17 11:00:00,120.206,116.5632557568162,115.44037341110231,112.6535,122.41018676757812
2024-12-17 12:00:00,114.184,121.69856280629446,117.02207854125383,117.305984,112.30582427978516
2024-12-17 13:00:00,109.734,102.48734585615634,105.97647352303727,103.091835,108.71092224121094
2024-12-17 14:00:00,85.846,89.1288836568445,86.64711271882177,85.08848,81.81151580810547
2024-12-17 15:00:00,55.216,58.1377806849162,59.830888097458036,59.07552,55.358726501464844
2024-12-17 16:00:00,26.450000000000003,30.02537907912862,23.82935982505287,23.687914,24.489479064941406
2024-12-17 17:00:00,2.94,7.7192753740724935,2.430858387833,2.7372432,2.9590110778808594
2024-12-17 18:00:00,0.0,-6.9053538664962,9.58553011462555e-06,-0.035947345,0.5151557922363281
2024-12-17 19:00:00,0.0,1.606764606319274,9.58553011462555e-06,-0.029168958,0.5577278137207031
2024-12-17 20:00:00,0.0,2.7000552616597897,9.58553011462555e-06,-0.008936978,0.5552787780761719
2024-12-17 21:00:00,0.0,0.44039747880263214,9.58553011462555e-06,-0.016367134,0.5473518371582031
2024-12-17 22:00:00,0.0,0.5132323273463664,9.58553011462555e-06,-0.009573849,0.5770454406738281
2024-12-17 23:00:00,0.0,-2.369290373107978,9.58553011462555e-06,-0.0043726456,0.6058769226074219
2024-12-18 00:00:00,0.0,-1.2545731341302382,9.58553011462555e-06,-0.011435443,0.5866775512695312
2024-12-18 01:00:00,0.0,-2.829134204120485,9.58553011462555e-06,0.006393235,0.5599746704101562
2024-12-18 02:00:00,0.0,-3.489604614890511,9.58553011462555e-06,0.011046872,0.4156837463378906
2024-12-18 03:00:00,0.0,-2.1134657036765194,9.58553011462555e-06,0.011967599,0.33329010009765625
2024-12-18 04:00:00,0.0,-0.7813745077019965,9.58553011462555e-06,0.005816655,-0.08070755004882812
2024-12-18 05:00:00,0.0,1.1811627634646076,5.793287248158564e-05,0.010260164,-0.16256332397460938
2024-12-18 06:00:00,0.0,7.774388596125945,3.467741935483871e-05,0.24338147,-0.4960365295410156
2024-12-18 07:00:00,10.894,11.526058357824606,11.21183619877217,10.730103,6.6135406494140625
2024-12-18 08:00:00,31.29,31.59666404889881,38.88795050164006,39.87265,32.10842514038086
2024-12-18 09:00:00,59.94,55.67317251658234,55.16579189822171,54.518482,64.59249877929688
2024-12-18 10:00:00,81.95400000000001,83.43765817196595,91.02311602967853,89.60546,81.64836120605469
2024-12-18 11:00:00,110.656,100.96592221052524,96.54238504674169,96.15733,101.37757873535156
2024-12-18 12:00:00,99.584,119.19538621780404,112.74922154460921,108.2188,99.66035461425781
2024-12-18 13:00:00,100.566,91.82816602892129,97.95664093399671,93.97788,97.37709045410156
2024-12-18 14:00:00,84.74600000000001,84.84865464810775,81.97475105791403,82.14249,74.33448791503906
2024-12-18 15:00:00,55.32000000000001,61.51496131670904,58.880968243030736,57.74487,52.91099548339844
2024-12-18 16:00:00,25.306,31.64626208882607,23.75807712639041,23.660088,26.22426986694336
2024-12-18 17:00:00,2.754,7.572557922120588,2.4897600151071835,2.532031,4.072357177734375
2024-12-18 18:00:00,0.0,-7.567274477925148,9.58553011462555e-06,-0.03663314,0.5614585876464844
2024-12-18 19:00:00,0.0,0.6198874627227076,9.58553011462555e-06,-0.03367248,0.5574378967285156
2024-12-18 20:00:00,0.0,-1.7712778882302942,9.58553011462555e-06,-0.016910449,0.561798095703125
2024-12-18 21:00:00,0.0,-2.301904620629184,9.58553011462555e-06,-0.016367134,0.5811691284179688
2024-12-18 22:00:00,0.0,-1.1984155246343118,9.58553011462555e-06,-0.0055528325,0.57037353515625
2024-12-18 23:00:00,0.0,-2.5525185711855713,9.58553011462555e-06,-0.0043726456,0.5637664794921875
2024-12-19 00:00:00,0.0,-0.8746461653351885,9.58553011462555e-06,-0.011435443,0.5443572998046875
2024-12-19 01:00:00,0.0,-1.2053655227563924,9.58553011462555e-06,0.006393235,0.5190773010253906
2024-12-19 02:00:00,0.0,-2.1451215682390234,9.58553011462555e-06,0.006393235,0.3517189025878906
2024-12-19 03:00:00,0.0,-3.1368484880503154,9.58553011462555e-06,0.006393235,0.3799629211425781
2024-12-19 04:00:00,0.0,-2.4677401237818017,9.58553011462555e-06,0.006393235,-0.02353668212890625
2024-12-19 05:00:00,0.0,-0.08118310964915842,5.793287248158564e-05,0.011757472,-0.12734603881835938
2024-12-19 06:00:00,0.0,7.564731654244891,3.467741935483871e-05,0.26370782,-0.46430206298828125
2024-12-19 07:00:00,7.300000000000001,12.128422098051075,11.383947538153375,9.923736,7.186552047729492
2024-12-19 08:00:00,22.714,26.582403433677506,28.30948661688311,27.734735,31.466251373291016
2024-12-19 09:00:00,39.43000000000001,46.42437818212169,41.93455225467506,42.325497,40.587032318115234
2024-12-19 10:00:00,59.63,61.73193888836742,57.40244322425201,59.90634,69.99137878417969
2024-12-19 11:00:00,71.296,77.5627346718284,68.1324305190968,72.8789,84.7930908203125
2024-12-19 12:00:00,71.28,76.30579668955525,82.42376160127274,78.903915,88.28071594238281
2024-12-19 13:00:00,63.73,67.09546591793008,73.73438805821375,71.49472,74.20338439941406
2024-12-19 14:00:00,68.666,51.493450014355986,52.79518039973852,48.08226,55.937713623046875
2024-12-19 15:00:00,44.21000000000001,52.80671698400349,49.687140605773756,48.026134,37.36631393432617
2024-12-19 16:00:00,20.130000000000003,24.02966282787458,19.612148047338245,20.16885,19.569904327392578
2024-12-19 17:00:00,2.5540000000000003,3.3654113219640287,2.2187063297297454,2.1242127,4.021575927734375
2024-12-19 18:00:00,0.0,-4.946312594117339,9.58553011462555e-06,-0.07319645,0.4523887634277344
2024-12-19 19:00:00,0.0,0.30103054274143926,9.58553011462555e-06,-0.048491437,0.3319282531738281
2024-12-19 20:00:00,0.0,-1.2159356664504637,9.58553011462555e-06,-0.015413138,0.5161552429199219
2024-12-19 21:00:00,0.0,-2.1991137073337557,9.58553011462555e-06,-0.012346115,0.5889053344726562
2024-12-19 22:00:00,0.0,-1.597352954290593,9.58553011462555e-06,-0.012346115,0.5799407958984375
2024-12-19 23:00:00,0.0,-3.3002132852020964,9.58553011462555e-06,-0.021373644,0.5591506958007812
2024-12-20 00:00:00,0.0,-1.6438279215505993,9.58553011462555e-06,-0.010454976,0.5689125061035156
2024-12-20 01:00:00,0.0,-5.689356760503958,9.58553011462555e-06,-0.0011384436,0.5588798522949219
2024-12-20 02:00:00,0.0,-3.9919617225523574,9.58553011462555e-06,-0.0011384436,0.3654670715332031
2024-12-20 03:00:00,0.0,-4.254477348371389,9.58553011462555e-06,-0.0011384436,0.4065055847167969
2024-12-20 04:00:00,0.0,-1.0457553446419405,9.58553011462555e-06,-0.0011384436,0.079681396484375
2024-12-20 05:00:00,0.0,3.4829630585709506,5.793287248158564e-05,0.0051015345,0.11404037475585938
2024-12-20 06:00:00,0.0,9.472579092958828,3.467741935483871e-05,0.3727369,-0.4903373718261719
2024-12-20 07:00:00,3.96,12.264168755990877,10.518015694521164,9.839744,6.179431915283203
2024-12-20 08:00:00,14.86,21.225129790038253,15.148396675450153,13.611225,26.700393676757812
2024-12-20 09:00:00,23.114,35.20299306632878,27.47953560611464,26.854116,27.19045639038086
2024-12-20 10:00:00,44.17,42.06928728603459,34.19711563457717,33.20821,48.56517028808594
2024-12-20 11:00:00,54.68,60.741447677682324,58.52188130315056,56.245342,53.6885986328125
2024-12-20 12:00:00,46.75,60.62272360804966,64.4601875932432,71.55187,69.34246826171875
2024-12-20 13:00:00,39.6,43.8174099604322,47.94172957106639,50.42284,63.073490142822266
2024-12-20 14:00:00,26.196,33.31855304806241,40.6791438755194,35.740643,40.86648178100586
2024-12-20 15:00:00,20.286,17.349534797931142,17.519715026489024,16.04525,26.50418472290039
2024-12-20 16:00:00,9.766,10.368227049631692,13.147521332526846,12.778941,11.952194213867188
2024-12-20 17:00:00,1.486,-0.7341377556471063,1.380908246319454,1.9324782,3.4447708129882812
2024-12-20 18:00:00,0.0,-3.570831208953019,9.58553011462555e-06,-0.065657154,0.6598167419433594
2024-12-20 19:00:00,0.0,1.0354694860614906,9.58553011462555e-06,-0.12205295,0.1989288330078125
2024-12-20 20:00:00,0.0,-1.4037381165758793,9.58553011462555e-06,0.004888573,0.30635833740234375
2024-12-20 21:00:00,0.0,-2.0615640300134146,9.58553011462555e-06,-0.013401631,0.39647674560546875
2024-12-20 22:00:00,0.0,-2.5865195789437117,9.58553011462555e-06,-0.013401631,0.423065185546875
2024-12-20 23:00:00,0.0,-4.254135539419649,9.58553011462555e-06,-0.0013981732,0.4139671325683594
2024-12-21 00:00:00,0.0,-2.139169490081279,9.58553011462555e-06,0.19192314,0.4451713562011719
2024-12-21 01:00:00,0.0,-5.357251443372314,9.58553011462555e-06,-0.019508006,0.4251861572265625
2024-12-21 02:00:00,0.0,-5.332990150187808,9.58553011462555e-06,0.0009843674,0.23357391357421875
2024-12-21 03:00:00,0.0,-3.5799571172091107,9.58553011462555e-06,0.0009843674,0.314361572265625
2024-12-21 04:00:00,0.0,-1.749944086862059,9.58553011462555e-06,-0.00691819,-0.20369338989257812
2024-12-21 05:00:00,0.0,1.9566987069943131,5.793287248158564e-05,0.031543665,-0.13050460815429688
2024-12-21 06:00:00,0.0,7.993583860962664,3.467741935483871e-05,0.6262291,-0.3708229064941406
2024-12-21 07:00:00,6.609999999999999,10.799793805308095,10.276242579365082,10.518758,5.647132873535156
2024-12-21 08:00:00,16.7,21.020843326009935,23.821565188098457,26.110315,23.68524169921875
2024-12-21 09:00:00,25.924000000000003,33.42590085948785,31.244984063781285,30.128445,38.63594436645508
2024-12-21 10:00:00,42.78,41.12876915210743,33.21541597824021,31.18224,44.63104248046875
2024-12-21 11:00:00,48.024,54.31394838846788,52.16364123861821,46.57933,48.573062896728516
2024-12-21 12:00:00,52.120000000000005,52.154971220849255,50.75002760240785,48.543484,58.38886260986328
2024-12-21 13:00:00,44.45400000000001,49.46263679387725,50.80006894261296,50.2813,54.14125442504883
2024-12-21 14:00:00,25.076,35.60474250937531,41.22682979440819,41.06105,43.82640838623047
2024-12-21 15:00:00,20.394,13.842893337867068,19.536650237488736,16.69085,29.213443756103516
2024-12-21 16:00:00,11.034,9.65674951494318,13.752876544698573,11.254774,13.596033096313477
2024-12-21 17:00:00,1.754,-0.11918839731716524,1.4307275238095243,1.1049749,4.451301574707031
2024-12-21 18:00:00,0.0,-5.0153805985925635,9.58553011462555e-06,0.7191685,1.6606292724609375
2024-12-21 19:00:00,0.0,-1.92415414027713,9.58553011462555e-06,0.7273706,0.7967948913574219
2024-12-21 20:00:00,0.0,-1.721123372448826,9.58553011462555e-06,0.687657,0.5462684631347656
2024-12-21 21:00:00,0.0,-0.5957252301317872,9.58553011462555e-06,0.7205102,0.6065139770507812
2024-12-21 22:00:00,0.0,-1.0103370012019521,9.58553011462555e-06,0.0063327444,0.6291389465332031
2024-12-21 23:00:00,0.0,-1.9699950101100931,9.58553011462555e-06,-0.011852801,0.6304664611816406
2024-12-22 00:00:00,0.0,-1.3298504669408295,9.58553011462555e-06,-0.019760441,0.6365928649902344
2024-12-22 01:00:00,0.0,-6.785001142684165,9.58553011462555e-06,-0.0016619677,0.6576156616210938
2024-12-22 02:00:00,0.0,-6.55382760169791,9.58553011462555e-06,0.08648071,0.4703369140625
2024-12-22 03:00:00,0.0,-2.9708447548112726,9.58553011462555e-06,0.07872248,0.5825614929199219
2024-12-22 04:00:00,0.0,-1.0490375165459787,9.58553011462555e-06,0.13244252,0.764892578125
2024-12-22 05:00:00,0.0,1.4027806485821337,5.793287248158564e-05,0.14276367,0.7610282897949219
2024-12-22 06:00:00,0.0,5.982712166897354,3.467741935483871e-05,0.19597791,1.019287109375
2024-12-22 07:00:00,12.37,8.754749295878405,9.61049840842491,11.286332,15.215595245361328
2024-12-22 08:00:00,39.47,31.24645431313086,35.1049813909362,38.91561,34.53514862060547
2024-12-22 09:00:00,71.046,65.21905025968206,71.60560166774286,68.56795,75.92904663085938
2024-12-22 10:00:00,87.766,98.69683320324708,94.70700798742926,92.34267,106.12893676757812
2024-12-22 11:00:00,115.47,102.39927997869117,99.84168261126146,105.3617,125.32490539550781
2024-12-22 12:00:00,105.63,119.25468347250145,115.22475854439068,119.70296,113.26832580566406
2024-12-22 13:00:00,80.08,94.45359801378797,97.85502602262557,98.06619,102.8023452758789
2024-12-22 14:00:00,85.976,60.59119362110457,63.366321804492564,64.604004,76.30565643310547
2024-12-22 15:00:00,53.57000000000001,65.49773262495961,61.531380348798976,60.361942,43.950687408447266
2024-12-22 16:00:00,27.946,26.7279687162549,22.973307126839824,23.463163,20.739709854125977
2024-12-22 17:00:00,3.3960000000000004,8.51256476294495,3.116572902776738,2.9690208,2.5478363037109375
2024-12-22 18:00:00,0.0,-7.642596216997148,9.58553011462555e-06,0.33769062,0.22414016723632812
2024-12-22 19:00:00,0.0,2.5634109071039646,9.58553011462555e-06,-0.10650459,0.34723663330078125
2024-12-22 20:00:00,0.0,2.463046405800638,9.58553011462555e-06,-0.021735752,0.5036888122558594
2024-12-22 21:00:00,0.0,0.6919413239571863,9.58553011462555e-06,0.0005012841,0.5256805419921875
2024-12-22 22:00:00,0.0,-1.045134864270131,9.58553011462555e-06,0.011327626,0.5106048583984375
2024-12-22 23:00:00,0.0,-2.4352562325491016,9.58553011462555e-06,-0.021508435,0.4922943115234375
2024-12-23 00:00:00,0.0,-0.9436106925848309,9.58553011462555e-06,-0.0090924585,0.5030670166015625
2024-12-23 01:00:00,0.0,-3.5670200948642012,9.58553011462555e-06,-0.0006595073,0.5019111633300781
2024-12-23 02:00:00,0.0,-1.5509085844053017,9.58553011462555e-06,-0.0006595073,0.4570159912109375
2024-12-23 03:00:00,0.0,-3.973982117732848,9.58553011462555e-06,0.0014633036,0.4061737060546875
2024-12-23 04:00:00,0.0,-1.5248894620516973,9.58553011462555e-06,0.0014633036,0.08901596069335938
2024-12-23 05:00:00,0.0,1.4569378091314586,5.793287248158564e-05,-0.010734294,0.17958831787109375
2024-12-23 06:00:00,0.0,10.318214020165648,3.467741935483871e-05,0.28442925,-0.3875274658203125
2024-12-23 07:00:00,10.97,14.168977252715273,10.877347582633059,9.956101,6.575153350830078
2024-12-23 08:00:00,32.88,33.78776166503708,34.52727032184242,35.75451,34.947784423828125
2024-12-23 09:00:00,55.04600000000001,60.25465829998151,60.52570086200157,60.18114,60.987709045410156
2024-12-23 10:00:00,82.424,81.42288034098638,79.06408369422807,80.63378,86.18533325195312
2024-12-23 11:00:00,102.03,100.71264989634918,98.65887942575819,97.06888,98.64547729492188
2024-12-23 12:00:00,105.624,107.92353125531153,106.42840751365226,104.78996,103.64310455322266
2024-12-23 13:00:00,91.696,99.28599734670078,95.05331227284034,93.97786,93.60289001464844
2024-12-23 14:00:00,83.28,74.1219350952882,78.47206221094115,76.25373,75.9508056640625
2024-12-23 15:00:00,52.24,61.13623633426018,57.88505475517279,56.00401,51.76120376586914
2024-12-23 16:00:00,24.200000000000003,26.897366748794397,22.212138557884355,21.578527,24.298458099365234
2024-12-23 17:00:00,2.076,5.700315536090972,2.8857671598795003,2.3606746,3.269886016845703
2024-12-23 18:00:00,0.0,-5.951703656154811,9.58553011462555e-06,-0.026777035,0.4142646789550781
2024-12-23 19:00:00,0.0,3.709583981592573,9.58553011462555e-06,-0.026040386,0.5154571533203125
2024-12-23 20:00:00,0.0,1.9246411720694283,9.58553011462555e-06,-0.014450147,0.5514984130859375
2024-12-23 21:00:00,0.0,0.2918390455898905,9.58553011462555e-06,-0.015446409,0.5570106506347656
2024-12-23 22:00:00,0.0,-1.2407146518110252,9.58553011462555e-06,-0.01142539,0.5534896850585938
2024-12-23 23:00:00,0.0,-2.381467118629929,9.58553011462555e-06,-0.01142539,0.5420722961425781
2024-12-24 00:00:00,0.0,0.49979656519618665,9.58553011462555e-06,-0.010454976,0.5509071350097656
2024-12-24 01:00:00,0.0,-2.974625226390156,9.58553011462555e-06,-0.0015802351,0.5404510498046875
2024-12-24 02:00:00,0.0,-2.402951431540488,9.58553011462555e-06,0.006393235,0.3145027160644531
2024-12-24 03:00:00,0.0,-3.7523536806615563,9.58553011462555e-06,0.006393235,0.3975067138671875
2024-12-24 04:00:00,0.0,-2.4558058198795774,9.58553011462555e-06,0.0013933734,0.02017974853515625
2024-12-24 05:00:00,0.0,0.7730944548306322,5.793287248158564e-05,0.007959694,0.044300079345703125
2024-12-24 06:00:00,0.0,8.762960612454613,3.467741935483871e-05,0.28606504,-0.3763923645019531
2024-12-24 07:00:00,5.924,13.344907269095927,9.929016238095237,10.497823,5.753292083740234
2024-12-24 08:00:00,20.824,24.98852817938873,22.079105074982973,23.442469,29.83332061767578
2024-12-24 09:00:00,38.064,41.576084873335084,36.65136462284558,36.299397,35.0415153503418
2024-12-24 10:00:00,44.604000000000006,57.16420291878197,57.293633299151594,56.459282,61.776771545410156
2024-12-24 11:00:00,42.396,54.3329449477418,57.204727385268924,55.25662,71.7901382446289
2024-12-24 12:00:00,50.96000000000001,43.779877608193146,47.51681076244588,46.52679,64.45084381103516
2024-12-24 13:00:00,40.63,50.74911878298511,48.68454420883609,47.08792,41.726776123046875
2024-12-24 14:00:00,16.856,32.57901260862826,38.27272781754518,35.82567,32.839691162109375
2024-12-24 15:00:00,13.18,7.91465306608394,14.692200686542792,14.665024,23.562726974487305
2024-12-24 16:00:00,6.170000000000001,7.478757005630866,11.567792857142862,13.105651,11.511589050292969
2024-12-24 17:00:00,1.04,-0.3333339445458794,3.193991999999999,4.709668,3.0226364135742188
2024-12-24 18:00:00,0.0,-2.0235369314031715,9.58553011462555e-06,-0.019936712,0.7835960388183594
2024-12-24 19:00:00,0.0,-0.09618830407369039,9.58553011462555e-06,-0.04023113,0.2662620544433594
2024-12-24 20:00:00,0.0,-2.1596604705529097,9.58553011462555e-06,-0.019710548,0.30860137939453125
2024-12-24 21:00:00,0.0,-2.8079963526145737,9.58553011462555e-06,-0.0037865124,0.51300048828125
2024-12-24 22:00:00,0.0,-4.560122371251781,9.58553011462555e-06,-0.0056339577,0.6727790832519531
2024-12-24 23:00:00,0.0,-4.308913387597728,9.58553011462555e-06,-0.013607427,0.7249526977539062
2024-12-25 00:00:00,0.0,-1.5680516796418518,9.58553011462555e-06,-0.02116376,0.7128753662109375
2024-12-25 01:00:00,0.0,-6.966285579464428,9.58553011462555e-06,0.04020502,0.7112770080566406
2024-12-25 02:00:00,0.0,-6.539465726970758,9.58553011462555e-06,0.08695813,0.6126060485839844
2024-12-25 03:00:00,0.0,-2.642935785516967,9.58553011462555e-06,0.08956253,0.6579627990722656
2024-12-25 04:00:00,0.0,-0.8611003516646889,9.58553011462555e-06,0.12812601,0.17291259765625
2024-12-25 05:00:00,0.0,2.1421083915162438,5.793287248158564e-05,0.12997892,0.43952178955078125
2024-12-25 06:00:00,0.0,6.945662655421952,3.467741935483871e-05,0.21079127,0.6066818237304688
2024-12-25 07:00:00,3.2200000000000006,8.498063219108314,8.050149904761902,9.869615,6.3973388671875
2024-12-25 08:00:00,15.386000000000005,15.488906000286313,12.655284101010098,12.014654,24.093929290771484
2024-12-25 09:00:00,24.544,31.73629225059934,27.75544342950928,27.210888,26.415298461914062
2024-12-25 10:00:00,19.236000000000004,39.58757932836652,36.08637735520839,32.705402,50.48854446411133
2024-12-25 11:00:00,57.54600000000001,26.99598004098916,27.973449077026466,25.995047,47.63237380981445
2024-12-25 12:00:00,41.95400000000001,68.80068255306921,72.64063118094873,70.379524,43.59132766723633
2024-12-25 13:00:00,33.5,38.84216427149637,68.94463843906452,61.18208,65.12562561035156
2024-12-25 14:00:00,30.5,25.881678645170307,40.24239358418,37.781002,52.380287170410156
2024-12-25 15:00:00,28.99,23.006447737049964,22.36873781777846,22.140638,31.13735008239746
2024-12-25 16:00:00,13.294,19.059292926878697,16.015937357697027,19.196274,12.075096130371094
2024-12-25 17:00:00,1.564,3.3926106020183404,1.710183960605168,2.1133475,2.87255859375
2024-12-25 18:00:00,0.0,-5.300948068739096,9.58553011462555e-06,-0.07961952,0.5468215942382812
2024-12-25 19:00:00,0.0,0.5899998901815078,9.58553011462555e-06,0.03278927,0.161102294921875
2024-12-25 20:00:00,0.0,0.11153201043776928,9.58553011462555e-06,-0.022152621,0.267608642578125
2024-12-25 21:00:00,0.0,-0.6880428469866464,9.58553011462555e-06,-0.024272116,0.41950225830078125
2024-12-25 22:00:00,0.0,-2.0868337297023487,9.58553011462555e-06,-0.024314383,0.5099067687988281
2024-12-25 23:00:00,0.0,-1.4346122923429245,9.58553011462555e-06,-0.024314383,0.5494537353515625
2024-12-26 00:00:00,0.0,-3.810139293654195,9.58553011462555e-06,-0.015360448,0.5876388549804688
2024-12-26 01:00:00,0.0,-5.469220325575825,9.58553011462555e-06,-0.0073641394,0.6190681457519531
2024-12-26 02:00:00,0.0,-3.7454861212284243,9.58553011462555e-06,-0.0073641394,0.4488983154296875
2024-12-26 03:00:00,0.0,-2.7494812035925698,9.58553011462555e-06,-0.0073641394,0.4950370788574219
2024-12-26 04:00:00,0.0,-2.396756913080729,9.58553011462555e-06,0.0027321412,0.109161376953125
2024-12-26 05:00:00,0.0,1.1109710701681426,5.793287248158564e-05,0.01066449,0.3085746765136719
2024-12-26 06:00:00,0.0,6.455954811519948,3.467741935483871e-05,0.34703672,-0.12860870361328125
2024-12-26 07:00:00,8.706000000000001,9.349195019797914,8.632757404761906,10.023276,2.6487960815429688
2024-12-26 08:00:00,32.064,27.144127124530442,34.827331814758175,34.84751,21.29480743408203
2024-12-26 09:00:00,60.05,56.361304569611356,60.43642226036374,59.656826,58.18623733520508
2024-12-26 10:00:00,95.154,84.43981859207884,90.01916811632796,89.43707,87.6906509399414
2024-12-26 11:00:00,119.52,114.29135726682222,112.41294234918627,116.18186,110.2284927368164
2024-12-26 12:00:00,109.856,124.37568127523988,125.53189184874682,124.699234,121.53567504882812
2024-12-26 13:00:00,102.18,99.06620989508261,103.00737986349488,102.1379,106.94468688964844
2024-12-26 14:00:00,82.23,82.88646192097431,84.77885551537376,83.56363,78.15863800048828
2024-12-26 15:00:00,59.27000000000001,56.82124954383992,56.76189187026766,56.164005,54.43476104736328
2024-12-26 16:00:00,25.936000000000003,33.946281306017646,25.300242417705107,27.054363,23.36478042602539
2024-12-26 17:00:00,3.1100000000000003,6.81087419894758,3.1183500607794135,2.628674,2.593181610107422
2024-12-26 18:00:00,0.0,-5.187517028851483,9.58553011462555e-06,-0.013936062,0.4251213073730469
2024-12-26 19:00:00,0.0,3.5922183713239004,9.58553011462555e-06,0.053780735,0.5779647827148438
2024-12-26 20:00:00,0.0,1.1784095153284708,9.58553011462555e-06,-0.007397402,0.5975227355957031
2024-12-26 21:00:00,0.0,0.9379403679366014,9.58553011462555e-06,0.01029365,0.5634956359863281
2024-12-26 22:00:00,0.0,0.06717585568001283,9.58553011462555e-06,-0.0043726456,0.561279296875
2024-12-26 23:00:00,0.0,-2.611697522438868,9.58553011462555e-06,0.0002809898,0.5446739196777344
2024-12-27 00:00:00,0.0,-0.9605522497288037,9.58553011462555e-06,-0.006781808,0.5486183166503906
2024-12-27 01:00:00,0.0,-2.640598926718409,9.58553011462555e-06,0.0068350267,0.5428123474121094
2024-12-27 02:00:00,0.0,-2.78762369812522,9.58553011462555e-06,0.0068350267,0.3819618225097656
2024-12-27 03:00:00,0.0,-1.583179081300636,9.58553011462555e-06,0.011488663,0.44744110107421875
2024-12-27 04:00:00,0.0,-1.7839053203340862,9.58553011462555e-06,0.011488663,0.054534912109375
2024-12-27 05:00:00,0.0,0.693039017108843,5.793287248158564e-05,0.01593217,0.0533447265625
2024-12-27 06:00:00,0.0,7.628983004241427,3.467741935483871e-05,0.26866052,-0.304351806640625
2024-12-27 07:00:00,9.38,11.507668538766517,9.284356833333334,9.510348,7.61863899230957
2024-12-27 08:00:00,40.32,30.957452459492863,36.45252945573807,35.346443,35.15375518798828
2024-12-27 09:00:00,65.74,70.74306671878816,72.60569949522352,73.62624,60.86395263671875
2024-12-27 10:00:00,98.784,92.44114779839111,94.06164287157554,96.26182,101.39346313476562
2024-12-27 11:00:00,118.166,119.40414516759384,116.5591540387137,115.580795,116.59793853759766
2024-12-27 12:00:00,135.18,121.9935744485067,117.1702953277634,116.60718,121.84842681884766
2024-12-27 13:00:00,127.076,128.71879930483865,124.90127611087284,123.447815,106.2693862915039
2024-12-27 14:00:00,104.82,104.53453479341204,103.52517335314879,102.83929,96.65013122558594
2024-12-27 15:00:00,72.024,73.76947604588321,69.07767136566348,68.52745,66.28529357910156
2024-12-27 16:00:00,35.080000000000005,41.665215320078794,34.18843462001801,33.504444,33.36363983154297
2024-12-27 17:00:00,4.146,11.81122029415571,4.068960512745206,4.153139,5.813316345214844
2024-12-27 18:00:00,0.0,-5.642456096575454,9.58553011462555e-06,0.015583219,0.26723480224609375
2024-12-27 19:00:00,0.0,3.5076149206954774,9.58553011462555e-06,0.005940154,0.41641998291015625
2024-12-27 20:00:00,0.0,1.2077673062253567,9.58553011462555e-06,-0.01297291,0.5449409484863281
2024-12-27 21:00:00,0.0,0.3611821530941519,9.58553011462555e-06,-0.01095033,0.5812835693359375
2024-12-27 22:00:00,0.0,0.3784699872239736,9.58553011462555e-06,-0.0119043235,0.5923614501953125
2024-12-27 23:00:00,0.0,-3.2069453537717343,9.58553011462555e-06,-0.0153663615,0.6055831909179688
2024-12-28 00:00:00,0.0,0.9119681796603416,9.58553011462555e-06,-0.0134752225,0.5999717712402344
2024-12-28 01:00:00,0.0,-3.2408496062941876,9.58553011462555e-06,-0.0011384436,0.5735321044921875
2024-12-28 02:00:00,0.0,-2.627688861619292,9.58553011462555e-06,-0.0011384436,0.3572654724121094
2024-12-28 03:00:00,0.0,-2.598493057853174,9.58553011462555e-06,0.010308476,0.2815437316894531
2024-12-28 04:00:00,0.0,-1.9578829959013824,9.58553011462555e-06,0.0068350267,-0.14344024658203125
2024-12-28 05:00:00,0.0,0.7418362152999265,5.793287248158564e-05,0.012199263,-0.2962684631347656
2024-12-28 06:00:00,0.0,9.392835004945487,3.467741935483871e-05,0.3632398,-0.7750282287597656
2024-12-28 07:00:00,11.93,14.339691085078762,10.735702000000005,11.081003,9.123115539550781
2024-12-28 08:00:00,45.20400000000001,36.00127944883105,42.95380867125275,43.586758,39.25531005859375
2024-12-28 09:00:00,83.72000000000001,79.52157489387344,80.22840640989415,79.23187,74.67440032958984
2024-12-28 10:00:00,113.776,115.4956799756433,114.46877113769504,113.58474,108.47162628173828
2024-12-28 11:00:00,133.184,137.22463195421545,131.1052085048195,128.5407,131.37965393066406
2024-12-28 12:00:00,133.966,135.99738939523218,131.7836394058709,130.52528,134.33547973632812
2024-12-28 13:00:00,124.884,123.31809945126389,124.26886415135986,123.699356,125.94792938232422
2024-12-28 14:00:00,102.14,101.92034098910423,99.9525173861472,101.875084,96.77131652832031
2024-12-28 15:00:00,69.134,71.74508086314057,66.68038688061651,66.71102,66.44738006591797
2024-12-28 16:00:00,33.9,39.763463195894325,32.70606665929047,32.872425,31.323009490966797
2024-12-28 17:00:00,3.966,10.852514385395605,4.14900620186516,4.054025,3.9407424926757812
2024-12-28 18:00:00,0.0,-7.352007298933065,9.58553011462555e-06,-0.018696962,0.40854644775390625
2024-12-28 19:00:00,0.0,1.3383533907688054,9.58553011462555e-06,-0.0019346472,0.5304298400878906
2024-12-28 20:00:00,0.0,2.9166527593168983,9.58553011462555e-06,-0.0013534005,0.5205192565917969
2024-12-28 21:00:00,0.0,2.582727204697438,9.58553011462555e-06,0.0026676161,0.5268058776855469
2024-12-28 22:00:00,0.0,2.857623602808479,9.58553011462555e-06,0.00072278123,0.5515785217285156
2024-12-28 23:00:00,0.0,-2.057827738837032,9.58553011462555e-06,-0.003930854,0.549591064453125
2024-12-29 00:00:00,0.0,0.6496587622662435,9.58553011462555e-06,-0.003930854,0.5350837707519531
2024-12-29 01:00:00,0.0,-2.3884417259801216,9.58553011462555e-06,0.0053377184,0.5183067321777344
2024-12-29 02:00:00,0.0,-2.8652414891611544,9.58553011462555e-06,0.011488663,0.43758392333984375
2024-12-29 03:00:00,0.0,-1.9267855788259771,9.58553011462555e-06,0.011488663,0.26384735107421875
2024-12-29 04:00:00,0.0,-0.2162326805964545,9.58553011462555e-06,0.011488663,-0.17966461181640625
2024-12-29 05:00:00,0.0,3.230799784075634,5.793287248158564e-05,0.01593217,-0.19615554809570312
2024-12-29 06:00:00,0.0,9.215187009019669,3.467741935483871e-05,0.3749549,-0.00223541259765625
2024-12-29 07:00:00,10.18,11.059372657444424,12.726666923076923,12.8547,10.347635269165039
2024-12-29 08:00:00,41.14,30.350388187862563,39.80625569974138,39.74031,39.11123275756836
2024-12-29 09:00:00,76.324,71.40614781779524,73.34161991474119,72.65656,68.98207092285156
2024-12-29 10:00:00,108.04000000000002,105.38153655981674,107.99808644681958,107.96676,103.13876342773438
2024-12-29 11:00:00,127.176,131.9480505047091,126.45870422119425,124.93536,124.90890502929688
2024-12-29 12:00:00,114.794,132.19347318197666,124.8496901916957,123.114914,127.94072723388672
2024-12-29 13:00:00,108.556,103.2504866712037,112.09550539237821,109.18533,115.37383270263672
2024-12-29 14:00:00,87.87,89.1374400445979,85.67465907007994,86.154655,83.27369689941406
2024-12-29 15:00:00,62.724,60.283324605073155,60.02799696177859,60.720707,59.763389587402344
2024-12-29 16:00:00,29.660000000000004,36.67867335055856,27.355266686347832,27.751242,29.899593353271484
2024-12-29 17:00:00,3.4000000000000004,8.366214169094663,3.6486720224108034,3.384244,4.456912994384766
2024-12-29 18:00:00,0.0,-7.191473780801832,9.58553011462555e-06,-0.0068196063,0.3317985534667969
2024-12-29 19:00:00,0.0,2.2816118247999615,9.58553011462555e-06,-0.0024833789,0.4224281311035156
2024-12-29 20:00:00,0.0,1.4286354835180006,9.58553011462555e-06,-0.0075043445,0.5335845947265625
2024-12-29 21:00:00,0.0,1.283175225308696,9.58553011462555e-06,-0.0044741686,0.5472946166992188
2024-12-29 22:00:00,0.0,1.4280974483683817,9.58553011462555e-06,-0.0054281624,0.5460433959960938
2024-12-29 23:00:00,0.0,-2.240694818321042,9.58553011462555e-06,-0.0044373213,0.5464744567871094
2024-12-30 00:00:00,0.0,0.6819116445232103,9.58553011462555e-06,-0.0009788722,0.5247154235839844
2024-12-30 01:00:00,0.0,-3.031661730195975,9.58553011462555e-06,0.019941647,0.5027732849121094
2024-12-30 02:00:00,0.0,-3.870199111659618,9.58553011462555e-06,0.016483197,0.5123291015625
2024-12-30 03:00:00,0.0,-4.810402441917149,9.58553011462555e-06,0.016989656,0.38425445556640625
2024-12-30 04:00:00,0.0,-3.508356627906332,9.58553011462555e-06,0.01841389,-0.04488372802734375
2024-12-30 05:00:00,0.0,1.848210423497311,5.793287248158564e-05,0.0228574,-0.17987823486328125
2024-12-30 06:00:00,0.0,10.524379849231174,3.467741935483871e-05,0.2967481,-0.30853271484375
2024-12-30 07:00:00,9.234,13.625408224610858,9.751231100288605,10.617459,7.75654411315918
2024-12-30 08:00:00,41.014,31.43812295827137,38.45213265837855,39.41198,38.60991287231445
2024-12-30 09:00:00,68.39,69.97655197697017,74.14956504356536,74.98795,68.07691192626953
2024-12-30 10:00:00,99.6,96.28415241097557,97.21533692547584,97.64901,100.82398986816406
2024-12-30 11:00:00,119.9,117.31176527932834,117.3430459327006,114.85891,118.14405822753906
2024-12-30 12:00:00,108.99,122.71488754110555,115.19492844959181,116.93513,120.72102355957031
2024-12-30 13:00:00,105.424,98.27773061765512,99.69226846455162,100.51772,109.92266082763672
2024-12-30 14:00:00,83.71600000000001,87.29505319061286,83.43139144864834,83.1482,80.71469116210938
2024-12-30 15:00:00,58.55,59.153651245516976,58.03611114279751,56.972942,56.40347671508789
2024-12-30 16:00:00,26.130000000000003,33.60167038554454,24.960829816062432,26.881018,26.418365478515625
2024-12-30 17:00:00,3.44,6.86119061262634,3.085361119942474,2.5696263,3.3320083618164062
2024-12-30 18:00:00,0.0,-5.226998688233179,9.58553011462555e-06,0.0075946753,0.3876152038574219
2024-12-30 19:00:00,0.0,1.7089308918580626,9.58553011462555e-06,0.03747569,0.5512008666992188
2024-12-30 20:00:00,0.0,2.4657475622519947,9.58553011462555e-06,0.02567906,0.5962066650390625
2024-12-30 21:00:00,0.0,2.085450274337809,9.58553011462555e-06,0.0061507043,0.6235885620117188
2024-12-30 22:00:00,0.0,-0.25662664525753787,9.58553011462555e-06,0.0061507043,0.6127090454101562
2024-12-30 23:00:00,0.0,-3.549548213658791,9.58553011462555e-06,0.006467825,0.590484619140625
2024-12-31 00:00:00,0.0,-1.6935234072955856,9.58553011462555e-06,0.007648013,0.5870323181152344
2024-12-31 01:00:00,0.0,-3.185213545257104,9.58553011462555e-06,0.023067525,0.5946044921875
2024-12-31 02:00:00,0.0,-4.1310712882417,9.58553011462555e-06,0.017224248,0.40862274169921875
2024-12-31 03:00:00,0.0,-3.154463256418506,9.58553011462555e-06,0.018828154,0.39023590087890625
2024-12-31 04:00:00,0.0,-0.4907451342204716,9.58553011462555e-06,0.0169939,0.006134033203125
2024-12-31 05:00:00,0.0,2.4181235134870924,5.793287248158564e-05,0.02143741,-0.031147003173828125
2024-12-31 06:00:00,0.0,6.885817703460884,0.04861467741935484,0.25943777,-0.12314605712890625
2024-12-31 07:00:00,8.05,10.398470620751521,8.943888309523814,9.548039,3.5329627990722656
2024-12-31 08:00:00,27.5,27.767424414787364,34.686246471797375,35.43485,22.887435913085938
2024-12-31 09:00:00,45.554,52.00852944330062,51.20344387845171,48.881695,54.90801239013672
2024-12-31 10:00:00,53.77000000000001,71.6310330340743,68.88555652480647,70.42099,86.07032012939453
2024-12-31 11:00:00,80.04,67.7135246322305,71.21785508295255,69.0506,101.12432861328125
2024-12-31 12:00:00,99.976,89.55704260043967,83.5192319881456,81.00832,91.11930847167969
2024-12-31 13:00:00,108.5,101.95999527011486,88.75489535361656,89.37232,85.12971496582031
2024-12-31 14:00:00,92.184,95.3165672450964,85.68626676883356,87.32768,75.05271911621094
2024-12-31 15:00:00,66.08,66.46788169359766,61.3713266842351,61.11893,55.06796646118164
2024-12-31 16:00:00,30.660000000000004,38.65734406587758,29.038694550745554,30.187767,28.12369155883789
2024-12-31 17:00:00,4.204,10.031469726682698,3.9776643483709706,3.4091835,4.867565155029297
2024-12-31 18:00:00,0.0,-5.26213733386215,9.58553011462555e-06,0.010504397,0.40418243408203125
2024-12-31 19:00:00,0.0,1.1340980903813982,9.58553011462555e-06,0.09794454,0.4149971008300781
2024-12-31 20:00:00,0.0,-0.005549327117734926,9.58553011462555e-06,0.0503643,0.5807380676269531
2024-12-31 21:00:00,0.0,2.8136677856882706,9.58553011462555e-06,-0.0048897904,0.5835609436035156
2024-12-31 22:00:00,0.0,0.16964844499921483,9.58553011462555e-06,-0.00032545836,0.5631599426269531
2024-12-31 23:00:00,0.0,-0.03859253434865728,9.58553011462555e-06,0.0061507043,0.5646324157714844
