datetime,actual,Linear Regression,Random Forest,XGBoost,LSTM
2024-01-01 19:00:00,0.0,2.262002862199281,1.1116151256018535e-05,-0.0008741023,
2024-01-01 20:00:00,0.0,0.8568173058092796,1.1116151256018535e-05,0.0005799851,
2024-01-01 21:00:00,0.0,-0.1362152478732177,1.1116151256018535e-05,0.009182638,
2024-01-01 22:00:00,0.0,0.7630087666823007,1.1116151256018535e-05,0.009182638,
2024-01-01 23:00:00,0.0,-0.1588133770447855,1.1116151256018535e-05,0.009182638,
2024-01-02 00:00:00,0.0,1.768897409636106,1.1116151256018535e-05,0.018198544,
2024-01-02 01:00:00,0.0,-2.6339018894482242,1.1116151256018535e-05,0.009182638,
2024-01-02 02:00:00,0.0,-4.549627038156425,1.1116151256018535e-05,0.009182638,
2024-01-02 03:00:00,0.0,-5.279012842408431,1.1116151256018535e-05,0.009182638,
2024-01-02 04:00:00,0.0,-3.608731193294261,1.1116151256018535e-05,0.0005799851,
2024-01-02 05:00:00,0.0,1.285051371357365,0.0,0.020977015,
2024-01-02 06:00:00,0.0,11.61617061755309,0.0002512865906663974,0.12211748,
2024-01-02 07:00:00,6.116,15.749621983774396,5.436323719644236,6.026038,
2024-01-02 08:00:00,38.73,27.088970655575256,37.8206959824647,37.540127,
2024-01-02 09:00:00,75.3,73.54490973562517,74.47545034218652,74.2346,
2024-01-02 10:00:00,106.806,106.34209811198258,107.48491663003662,106.376,
2024-01-02 11:00:00,125.77,128.57254537560425,125.99579343488548,124.87117,
2024-01-02 12:00:00,134.256,130.79075323184503,132.2793791235877,132.43073,
2024-01-02 13:00:00,125.244,126.50379407196479,125.55932786126334,125.088005,
2024-01-02 14:00:00,103.45,102.93122998824501,100.21285550794344,101.27366,
2024-01-02 15:00:00,70.23400000000001,71.34787544085819,70.3828220704176,70.72459,
2024-01-02 16:00:00,31.510000000000005,36.19131424675532,31.555841467787523,30.641598,
2024-01-02 17:00:00,2.536,4.2766715253670675,2.3567371309525234,2.7369633,
2024-01-02 18:00:00,0.0,-6.962524118630611,1.1116151256018535e-05,0.012762935,
2024-01-02 19:00:00,0.0,2.483711562659851,1.1116151256018535e-05,-0.0032560788,-0.5667953491210938
2024-01-02 20:00:00,0.0,1.2194262352091507,1.1116151256018535e-05,-0.014285973,-0.6752204895019531
2024-01-02 21:00:00,0.0,-0.4345507920398781,1.1116151256018535e-05,0.0005799851,-0.6812095642089844
2024-01-02 22:00:00,0.0,-0.04766761119463858,1.1116151256018535e-05,0.009182638,-0.6871070861816406
2024-01-02 23:00:00,0.0,-0.8075692118832949,1.1116151256018535e-05,0.018198544,-0.6940689086914062
2024-01-03 00:00:00,0.0,1.9583473629472592,1.1116151256018535e-05,0.018198544,-0.696014404296875
2024-01-03 01:00:00,0.0,-1.8033028407664884,1.1116151256018535e-05,0.009182638,-0.6687355041503906
2024-01-03 02:00:00,0.0,-4.243367847496058,1.1116151256018535e-05,0.009182638,-0.6493453979492188
2024-01-03 03:00:00,0.0,-5.13468943387088,1.1116151256018535e-05,0.009182638,-0.6850128173828125
2024-01-03 04:00:00,0.0,-3.7982530630450766,1.1116151256018535e-05,0.009182638,-0.4956550598144531
2024-01-03 05:00:00,0.0,1.1507239338486999,0.0,0.018365035,-0.37409210205078125
2024-01-03 06:00:00,0.0,12.470169043196561,0.0002512865906663974,0.12211748,-0.24022293090820312
2024-01-03 07:00:00,5.5840000000000005,16.64482874709861,6.157666914981423,6.4637036,11.184181213378906
2024-01-03 08:00:00,36.546,26.997775922702647,36.042103359542324,35.431915,45.663795471191406
2024-01-03 09:00:00,72.096,70.75341593920064,72.2621862098817,72.45249,68.09883880615234
2024-01-03 10:00:00,104.02,102.90800412771628,103.01519534653362,103.82938,107.75209045410156
2024-01-03 11:00:00,123.05,125.57806678242386,123.02407522733947,124.04053,123.85508728027344
2024-01-03 12:00:00,134.294,129.04602038859156,127.72438952294982,128.819,132.54867553710938
2024-01-03 13:00:00,127.134,127.61003602255468,125.42467830093325,124.67542,123.837890625
2024-01-03 14:00:00,102.1,105.63313878797618,103.3464765863125,102.44913,102.70964050292969
2024-01-03 15:00:00,68.676,69.74914937858995,67.8919737162032,68.91022,69.21228790283203
2024-01-03 16:00:00,30.814,36.23317377970926,30.345007460345887,29.882975,34.19438934326172
2024-01-03 17:00:00,2.68,4.553203757208556,2.8387291995633874,2.6644375,5.3757781982421875
2024-01-03 18:00:00,0.0,-6.5313209646370325,1.1116151256018535e-05,-0.014131516,-0.4690895080566406
2024-01-03 19:00:00,0.0,3.1903927975304787,1.1116151256018535e-05,-0.06666038,-0.6066322326660156
2024-01-03 20:00:00,0.0,1.8573545652033223,1.1116151256018535e-05,-0.014285973,-0.693572998046875
2024-01-03 21:00:00,0.0,0.11525999652429197,1.1116151256018535e-05,0.0005799851,-0.7093162536621094
2024-01-03 22:00:00,0.0,0.11164747397554464,1.1116151256018535e-05,0.009182638,-0.7154197692871094
2024-01-03 23:00:00,0.0,-0.9945623284440686,1.1116151256018535e-05,0.018198544,-0.7212791442871094
2024-01-04 00:00:00,0.0,1.9330252309992297,1.1116151256018535e-05,0.009595889,-0.7260932922363281
2024-01-04 01:00:00,0.0,-1.8851195382087242,1.1116151256018535e-05,0.009182638,-0.6954498291015625
2024-01-04 02:00:00,0.0,-4.687562340173156,1.1116151256018535e-05,0.009182638,-0.6565742492675781
2024-01-04 03:00:00,0.0,-5.1030858861295805,1.1116151256018535e-05,0.009182638,-0.6737556457519531
2024-01-04 04:00:00,0.0,-3.5748079373062653,1.1116151256018535e-05,0.009182638,-0.4833221435546875
2024-01-04 05:00:00,0.0,0.9736224319506428,0.0,0.018365035,-0.4344635009765625
2024-01-04 06:00:00,0.0,11.746781767527864,0.0002512865906663974,0.12211748,-0.1822509765625
2024-01-04 07:00:00,4.74,15.774643111778438,5.755167130849697,6.3870077,10.998950958251953
2024-01-04 08:00:00,30.8,24.665046251963652,29.954146603856426,30.607988,43.60036849975586
2024-01-04 09:00:00,61.05,61.82131305419656,62.02405017038566,60.68821,61.88536834716797
2024-01-04 10:00:00,90.046,89.02471059695446,90.88071873241944,90.517006,95.54768371582031
2024-01-04 11:00:00,114.544,111.12715437929117,109.72984784707712,110.772644,111.52726745605469
2024-01-04 12:00:00,134.006,122.67429254094614,121.34734085855405,119.73104,117.87025451660156
2024-01-04 13:00:00,126.38,131.68260823613113,125.34873149978617,124.79301,112.92970275878906
2024-01-04 14:00:00,102.54000000000002,105.28110597378435,109.55751413199185,105.91633,99.69071960449219
2024-01-04 15:00:00,69.19600000000001,71.0057516085285,68.5773522749908,68.94782,67.53282928466797
2024-01-04 16:00:00,30.860000000000003,37.23214153850036,31.772308898100256,30.787848,34.015316009521484
2024-01-04 17:00:00,2.676,5.513894124851922,2.9812635379053325,2.9656913,5.408985137939453
2024-01-04 18:00:00,0.0,-6.491556739486667,1.1116151256018535e-05,0.038528327,-0.42116546630859375
2024-01-04 19:00:00,0.0,3.471098101948141,1.1116151256018535e-05,-0.06666038,-0.5739173889160156
2024-01-04 20:00:00,0.0,1.377090252946471,1.1116151256018535e-05,-0.014285973,-0.6727333068847656
2024-01-04 21:00:00,0.0,0.1869453557935672,1.1116151256018535e-05,0.009182638,-0.7405586242675781
2024-01-04 22:00:00,0.0,0.1583371150956272,1.1116151256018535e-05,0.009182638,-0.74591064453125
2024-01-04 23:00:00,0.0,0.08550925120932673,1.1116151256018535e-05,0.0005799851,-0.7357101440429688
2024-01-05 00:00:00,0.0,2.12505272625342,1.1116151256018535e-05,0.009595889,-0.718841552734375
2024-01-05 01:00:00,0.0,-2.683721498356327,1.1116151256018535e-05,0.018198544,-0.6992073059082031
2024-01-05 02:00:00,0.0,-4.8559111016283465,1.1116151256018535e-05,0.009595889,-0.6525306701660156
2024-01-05 03:00:00,0.0,-5.168699260201352,1.1116151256018535e-05,0.018198544,-0.6652259826660156
2024-01-05 04:00:00,0.0,-3.7861992206943116,1.1116151256018535e-05,0.015586567,-0.4604949951171875
2024-01-05 05:00:00,0.0,0.6546912230612406,0.0,0.027380941,-0.4007072448730469
2024-01-05 06:00:00,0.0,10.901619658738399,0.0002512865906663974,0.041790847,-0.4653663635253906
2024-01-05 07:00:00,5.176,15.24106616927964,5.546156665561068,6.046843,10.175003051757812
2024-01-05 08:00:00,30.3,25.003060146333816,33.5025791022374,30.980066,43.72808837890625
2024-01-05 09:00:00,58.99600000000001,59.96005058707788,59.16679784106661,59.503357,66.48393249511719
2024-01-05 10:00:00,88.87,85.73306486498541,87.31723402531885,87.13415,95.15962982177734
2024-01-05 11:00:00,111.42000000000002,110.36995918067214,106.92045835027555,110.447365,113.34092712402344
2024-01-05 12:00:00,132.20000000000002,120.08377310756234,118.83515305068539,116.274284,118.08023071289062
2024-01-05 13:00:00,123.83,130.62223669289924,124.47216478595543,123.043144,112.59547424316406
2024-01-05 14:00:00,97.28,102.97927515179703,106.77793694975371,103.25044,100.4189682006836
2024-01-05 15:00:00,66.404,65.30137345123467,62.044340961538516,63.08399,67.7708511352539
2024-01-05 16:00:00,30.404000000000003,36.03487580914644,30.378498512880913,31.340107,33.99357986450195
2024-01-05 17:00:00,2.79,5.48925396669019,3.1124891768371885,2.4392052,5.5603485107421875
2024-01-05 18:00:00,0.0,-6.459635466525558,1.1116151256018535e-05,0.036274437,-0.4239845275878906
2024-01-05 19:00:00,0.0,2.1935723204033315,1.1116151256018535e-05,0.01298487,-0.5933952331542969
2024-01-05 20:00:00,0.0,1.7238122837322556,1.1116151256018535e-05,-0.014285973,-0.6883964538574219
2024-01-05 21:00:00,0.0,0.24776940260228608,1.1116151256018535e-05,0.0005799851,-0.6988029479980469
2024-01-05 22:00:00,0.0,0.7750477197588997,1.1116151256018535e-05,0.0005799851,-0.6985855102539062
2024-01-05 23:00:00,0.0,-0.2516095786060939,1.1116151256018535e-05,0.009595889,-0.6983642578125
2024-01-06 00:00:00,0.0,1.8131607854228067,1.1116151256018535e-05,0.018198544,-0.704132080078125
2024-01-06 01:00:00,0.0,-3.4540935836782616,1.1116151256018535e-05,0.018198544,-0.6796951293945312
2024-01-06 02:00:00,0.0,-5.541217283080141,1.1116151256018535e-05,0.009595889,-0.6423988342285156
2024-01-06 03:00:00,0.0,-5.196102304754478,1.1116151256018535e-05,0.009595889,-0.6682395935058594
2024-01-06 04:00:00,0.0,-3.905823152768794,1.1116151256018535e-05,0.009595889,-0.5249748229980469
2024-01-06 05:00:00,0.0,0.6494553746714309,0.0,0.020275284,-0.3752479553222656
2024-01-06 06:00:00,0.0,10.604818319333585,0.0002512865906663974,0.067013346,-0.45484161376953125
2024-01-06 07:00:00,5.720000000000001,14.647237324602425,5.5998138115750224,6.026789,10.109737396240234
2024-01-06 08:00:00,37.06,25.425478902453207,35.499442194194806,35.63137,42.151222229003906
2024-01-06 09:00:00,70.966,70.0453186508353,72.67890533976916,72.87013,65.83633422851562
2024-01-06 10:00:00,100.79,100.58579438744977,101.05883806010213,102.538994,105.273193359375
2024-01-06 11:00:00,119.36,121.1119423047046,120.10585043494228,120.20707,121.92086791992188
2024-01-06 12:00:00,133.68,125.50533675510212,126.37846036265466,125.94242,129.5889129638672
2024-01-06 13:00:00,125.01,129.05303354513867,124.12093604763028,122.12487,119.9173583984375
2024-01-06 14:00:00,103.094,103.78220740509374,99.33517628006372,100.88805,100.767822265625
2024-01-06 15:00:00,70.346,71.71597265539364,70.11161914336596,70.35671,68.55762481689453
2024-01-06 16:00:00,32.2,38.0176053677483,32.56113872988326,34.19022,34.9029655456543
2024-01-06 17:00:00,3.024,5.822919181521439,3.1509376866274064,2.7749898,5.995128631591797
2024-01-06 18:00:00,0.0,-6.8647275431647365,1.1116151256018535e-05,0.011492971,-0.43450927734375
2024-01-06 19:00:00,0.0,3.2973510857957122,1.1116151256018535e-05,-0.058463916,-0.5509376525878906
2024-01-06 20:00:00,0.0,2.282895589072154,1.1116151256018535e-05,-0.014285973,-0.6329421997070312
2024-01-06 21:00:00,0.0,0.002619582171093482,1.1116151256018535e-05,0.0005799851,-0.6419715881347656
2024-01-06 22:00:00,0.0,0.37812183119593357,1.1116151256018535e-05,0.0005799851,-0.650115966796875
2024-01-06 23:00:00,0.0,-0.7821083627394363,1.1116151256018535e-05,0.009595889,-0.6653633117675781
2024-01-07 00:00:00,0.0,1.7653538824740325,1.1116151256018535e-05,0.009595889,-0.6919403076171875
2024-01-07 01:00:00,0.0,-2.264740615531795,1.1116151256018535e-05,0.018198544,-0.6823081970214844
2024-01-07 02:00:00,0.0,-4.265202496983592,1.1116151256018535e-05,0.018198544,-0.644195556640625
2024-01-07 03:00:00,0.0,-5.152927381969709,1.1116151256018535e-05,0.009182638,-0.6673164367675781
2024-01-07 04:00:00,0.0,-3.686298229254625,1.1116151256018535e-05,0.0005799851,-0.5237808227539062
2024-01-07 05:00:00,0.0,0.49957625697132235,0.0,0.012374359,-0.3660545349121094
2024-01-07 06:00:00,0.0,10.96779615677163,0.0002512865906663974,0.067013346,-0.35990142822265625
2024-01-07 07:00:00,5.82,15.145463531995912,5.6617739686587925,6.642049,9.547470092773438
2024-01-07 08:00:00,37.054,26.24010172350107,36.11976005589199,37.96172,40.74344253540039
2024-01-07 09:00:00,72.404,71.3191548224631,71.49482138200739,72.44861,69.42109680175781
2024-01-07 10:00:00,102.89,103.52854428639114,103.6860534338352,104.522606,104.17121887207031
2024-01-07 11:00:00,123.58,124.92322521335092,122.04143586500133,123.11036,125.48793029785156
2024-01-07 12:00:00,137.63,129.12687285857047,126.95063720578815,127.93691,134.3377227783203
2024-01-07 13:00:00,127.994,131.9994929852552,126.68171325616686,125.34325,123.21629333496094
2024-01-07 14:00:00,106.58,105.31651973558198,106.19720459880382,104.72519,103.45551300048828
2024-01-07 15:00:00,73.324,74.82787069244188,73.16830228723401,73.649895,72.07102966308594
2024-01-07 16:00:00,34.124,39.50933114522893,36.54118087937757,36.41546,37.60586929321289
2024-01-07 17:00:00,3.33,6.190968331465909,3.2822550748918347,3.425776,7.18621826171875
2024-01-07 18:00:00,0.0,-7.0601021902912855,1.1116151256018535e-05,0.028398268,-0.3621711730957031
2024-01-07 19:00:00,0.0,3.9138758907509286,1.1116151256018535e-05,0.034687884,-0.4961433410644531
2024-01-07 20:00:00,0.0,2.22552494214988,1.1116151256018535e-05,-0.0012335626,-0.5977745056152344
2024-01-07 21:00:00,0.0,0.14196246460184403,1.1116151256018535e-05,0.009182638,-0.633575439453125
2024-01-07 22:00:00,0.0,-0.12069278236662107,1.1116151256018535e-05,0.009182638,-0.6372566223144531
2024-01-07 23:00:00,0.0,-1.1711782258286485,1.1116151256018535e-05,0.036168363,-0.6371574401855469
2024-01-08 00:00:00,0.0,1.2772781846980839,1.1116151256018535e-05,0.02756572,-0.6336021423339844
2024-01-08 01:00:00,0.0,-2.9449683268459452,1.1116151256018535e-05,0.030113019,-0.60858154296875
2024-01-08 02:00:00,0.0,-5.105568798490237,1.1116151256018535e-05,0.030113019,-0.5331802368164062
2024-01-08 03:00:00,0.0,-5.915137769049784,1.1116151256018535e-05,0.030113019,-0.5364112854003906
2024-01-08 04:00:00,0.0,-4.44825536291991,1.1116151256018535e-05,0.036168363,-0.3390541076660156
2024-01-08 05:00:00,0.0,0.4393845726988759,0.0,0.045350756,-0.4126243591308594
2024-01-08 06:00:00,0.0,11.664828918818811,0.0002512865906663974,0.13437882,0.09100341796875
2024-01-08 07:00:00,5.33,16.382955113417474,5.846923934935327,6.457391,11.586181640625
2024-01-08 08:00:00,33.486000000000004,27.29277718432635,34.44579424700621,34.648727,43.180885314941406
2024-01-08 09:00:00,64.74600000000001,67.00884326713495,67.52871851047541,65.96283,71.82272338867188
2024-01-08 10:00:00,92.246,94.11048146230934,94.52790230873966,94.74925,105.60067749023438
2024-01-08 11:00:00,120.15,113.4938592016369,112.57958385200502,112.07624,122.82591247558594
2024-01-08 12:00:00,133.316,129.4536263318178,126.76484138341415,126.90019,125.79124450683594
2024-01-08 13:00:00,125.624,129.59764744786605,124.97237909636782,124.37113,121.61386108398438
2024-01-08 14:00:00,103.824,105.23312130669012,106.25927682588474,105.29044,102.38687133789062
2024-01-08 15:00:00,71.11,74.16634575154575,70.66115459146685,71.18781,73.30490112304688
2024-01-08 16:00:00,32.954,38.364908337451794,33.383266755599045,34.455418,39.76072311401367
2024-01-08 17:00:00,3.26,5.826851961561761,3.560953302064449,3.2787776,9.973335266113281
2024-01-08 18:00:00,0.0,-8.559320571425669,1.1116151256018535e-05,0.02093844,-0.23796844482421875
2024-01-08 19:00:00,0.0,1.6764465989322799,1.1116151256018535e-05,0.053726397,-0.4573211669921875
2024-01-08 20:00:00,0.0,0.07795887552882985,1.1116151256018535e-05,0.025752166,-0.5470924377441406
2024-01-08 21:00:00,0.0,-1.0204697569452152,1.1116151256018535e-05,0.022648301,-0.5475425720214844
2024-01-08 22:00:00,0.0,-0.7487185899851703,1.1116151256018535e-05,0.0114110885,-0.5545997619628906
2024-01-08 23:00:00,0.0,-0.7589737831723551,1.1116151256018535e-05,0.009182638,-0.5969161987304688
2024-01-09 00:00:00,0.0,0.5282831127278356,1.1116151256018535e-05,0.036168363,-0.6048698425292969
2024-01-09 01:00:00,0.0,-3.7030277504934412,1.1116151256018535e-05,0.045980617,-0.5728416442871094
2024-01-09 02:00:00,0.0,-6.143431361495503,1.1116151256018535e-05,0.030113019,-0.4545173645019531
2024-01-09 03:00:00,0.0,-6.66914482802707,1.1116151256018535e-05,0.030113019,-0.5015792846679688
2024-01-09 04:00:00,0.0,-4.628429441369844,1.1116151256018535e-05,0.030113019,-0.32659149169921875
2024-01-09 05:00:00,0.0,0.5537263566259253,0.0,0.012309677,-0.19940567016601562
2024-01-09 06:00:00,0.0,11.885616664854066,0.0002512865906663974,0.083508916,-0.28983306884765625
2024-01-09 07:00:00,5.210000000000001,16.73091474140561,5.4240263513790135,6.579595,10.731632232666016
2024-01-09 08:00:00,33.62,26.92994286329242,34.16550867810292,31.836046,43.6252326965332
2024-01-09 09:00:00,67.416,67.77677054606752,65.46117430434069,66.264,68.56591033935547
2024-01-09 10:00:00,99.284,98.43976232458789,99.98414219831074,98.67007,102.34980773925781
2024-01-09 11:00:00,121.624,122.86578094678256,118.4466670986921,120.06262,122.46051025390625
2024-01-09 12:00:00,135.42000000000002,131.01680825067007,125.60314273762145,124.79166,128.63308715820312
2024-01-09 13:00:00,126.994,131.36076474347203,125.77505650553765,124.81967,119.34434509277344
2024-01-09 14:00:00,104.78,105.75328423280862,108.20029449131347,105.35021,101.87715911865234
2024-01-09 15:00:00,71.584,74.05549530233259,71.48091979238357,71.77836,73.5040283203125
2024-01-09 16:00:00,33.164,38.429846176062775,33.572968084917626,34.67203,38.27668762207031
2024-01-09 17:00:00,3.4240000000000004,5.906462038740026,3.5413355493666345,3.3543558,7.266895294189453
2024-01-09 18:00:00,0.0,-7.142217887023639,1.1116151256018535e-05,-0.10398951,-0.3607978820800781
2024-01-09 19:00:00,0.0,4.300267607727333,1.1116151256018535e-05,0.0065853056,-0.5050582885742188
2024-01-09 20:00:00,0.0,1.3231383832358956,1.1116151256018535e-05,-0.0012335626,-0.5965080261230469
2024-01-09 21:00:00,0.0,0.05066512727698802,1.1116151256018535e-05,0.009182638,-0.6734657287597656
2024-01-09 22:00:00,0.0,-0.31386881167027725,1.1116151256018535e-05,0.009182638,-0.6939163208007812
2024-01-09 23:00:00,0.0,-1.4004811356825835,1.1116151256018535e-05,0.009182638,-0.7050628662109375
2024-01-10 00:00:00,0.0,0.38907810240877394,1.1116151256018535e-05,0.036168363,-0.6769485473632812
2024-01-10 01:00:00,0.0,-3.1972429576453933,1.1116151256018535e-05,0.036168363,-0.6450157165527344
2024-01-10 02:00:00,0.0,-5.088379909691032,1.1116151256018535e-05,0.036168363,-0.5416793823242188
2024-01-10 03:00:00,0.0,-5.576176573436658,1.1116151256018535e-05,0.026363323,-0.5879707336425781
2024-01-10 04:00:00,0.0,-3.7538958151143005,1.1116151256018535e-05,0.0065706614,-0.44541168212890625
2024-01-10 05:00:00,0.0,1.1673346080439215,0.0,0.018365035,-0.3904838562011719
2024-01-10 06:00:00,0.0,11.850270831817971,0.0002512865906663974,0.13852143,-0.213348388671875
2024-01-10 07:00:00,5.746,16.669277134127668,5.706716224418875,6.602296,12.519641876220703
2024-01-10 08:00:00,38.94,27.539704720885844,37.092270252641406,37.092087,46.9461784362793
2024-01-10 09:00:00,75.25,74.98291402414776,76.43525812170942,75.08744,74.71255493164062
2024-01-10 10:00:00,106.476,106.95369362444202,107.58751893001443,107.60984,112.28474426269531
2024-01-10 11:00:00,127.466,129.2030821630619,126.89752814184789,126.78076,131.44677734375
2024-01-10 12:00:00,140.91,133.84879140848858,133.72216034527267,131.1383,137.7939910888672
2024-01-10 13:00:00,133.72,135.02033991073418,132.5730433228545,132.78029,126.35403442382812
2024-01-10 14:00:00,111.77,111.49778115954774,111.48707148753186,110.58348,108.71905517578125
2024-01-10 15:00:00,78.42000000000002,78.24655336695136,78.08967309090909,77.47527,78.70318603515625
2024-01-10 16:00:00,38.076,41.99535102222603,39.04339321606601,38.27012,42.17569351196289
2024-01-10 17:00:00,4.154,7.618547028637778,4.5566455162399055,4.765571,8.864250183105469
2024-01-10 18:00:00,0.0,-7.819898273470695,1.1116151256018535e-05,0.017194519,-0.3324165344238281
2024-01-10 19:00:00,0.0,3.7257662109768503,1.1116151256018535e-05,0.0133322785,-0.5068702697753906
2024-01-10 20:00:00,0.0,1.7662520249286229,1.1116151256018535e-05,-0.0012335626,-0.6116065979003906
2024-01-10 21:00:00,0.0,-0.6325612110999437,1.1116151256018535e-05,0.009182638,-0.6563339233398438
2024-01-10 22:00:00,0.0,-0.7812512501451048,1.1116151256018535e-05,0.0005799851,-0.6568107604980469
2024-01-10 23:00:00,0.0,-1.3637495434507616,1.1116151256018535e-05,0.009182638,-0.6611709594726562
2024-01-11 00:00:00,0.0,2.201094658675194,1.1116151256018535e-05,0.018198544,-0.6498832702636719
2024-01-11 01:00:00,0.0,-1.3794496220146888,1.1116151256018535e-05,0.009595889,-0.6126365661621094
2024-01-11 02:00:00,0.0,-3.9155165041938966,1.1116151256018535e-05,0.009595889,-0.556976318359375
2024-01-11 03:00:00,0.0,-5.226876950917392,1.1116151256018535e-05,0.002821605,-0.6046867370605469
2024-01-11 04:00:00,0.0,-4.29940755960682,1.1116151256018535e-05,0.0062661357,-0.49152374267578125
2024-01-11 05:00:00,0.0,0.3370833395497008,0.0,0.0004881061,-0.5043907165527344
2024-01-11 06:00:00,0.0,12.340563620705751,0.0002512865906663974,-0.07402626,-0.19963455200195312
2024-01-11 07:00:00,7.050000000000001,17.168918679790636,6.684407149296128,6.7962914,18.067535400390625
2024-01-11 08:00:00,44.18000000000001,28.978081973020164,42.605759120356424,43.46471,57.18074035644531
2024-01-11 09:00:00,83.42000000000002,80.89949898043983,83.17323714467028,82.70404,82.40852355957031
2024-01-11 10:00:00,115.084,115.99718753391866,115.79242140592095,115.38464,120.46014404296875
2024-01-11 11:00:00,135.056,134.86986516481247,134.78334513683177,134.88362,140.23690795898438
2024-01-11 12:00:00,145.55,142.16529434499094,142.50066827728705,140.97014,146.81602478027344
2024-01-11 13:00:00,137.48,138.7714493596933,135.2127397720705,135.75246,137.9618682861328
2024-01-11 14:00:00,115.624,116.16595799308902,114.96475694016445,115.82644,116.7716064453125
2024-01-11 15:00:00,82.13400000000001,82.72143014975578,81.91932479761901,81.429924,83.58972930908203
2024-01-11 16:00:00,40.94,46.044445975060206,41.45757031450206,41.455082,44.666561126708984
2024-01-11 17:00:00,4.746,8.663476276067417,5.046935736032477,5.6726446,10.46596908569336
2024-01-11 18:00:00,0.0,-10.050023839724755,1.1116151256018535e-05,0.023999676,-0.3998680114746094
2024-01-11 19:00:00,0.0,2.2435907331438845,1.1116151256018535e-05,0.010676232,-0.6154899597167969
2024-01-11 20:00:00,0.0,3.1246840709643022,1.1116151256018535e-05,-0.00040640697,-0.6785316467285156
2024-01-11 21:00:00,0.0,0.1301233747505659,1.1116151256018535e-05,0.009595889,-0.673980712890625
2024-01-11 22:00:00,0.0,0.8330444022108761,1.1116151256018535e-05,0.009595889,-0.6478729248046875
2024-01-11 23:00:00,0.0,0.6218351296275565,1.1116151256018535e-05,0.009595889,-0.6535415649414062
2024-01-12 00:00:00,0.0,2.515403910329036,1.1116151256018535e-05,0.009595889,-0.6888504028320312
2024-01-12 01:00:00,0.0,-1.6391919283206278,1.1116151256018535e-05,0.009595889,-0.7054328918457031
2024-01-12 02:00:00,0.0,-4.174133433375648,1.1116151256018535e-05,0.018198544,-0.6339073181152344
2024-01-12 03:00:00,0.0,-5.019091113681748,1.1116151256018535e-05,0.018198544,-0.5960845947265625
2024-01-12 04:00:00,0.0,-3.6468284795318953,1.1116151256018535e-05,0.018198544,-0.4803199768066406
2024-01-12 05:00:00,0.0,1.4468078244843958,0.0,0.03681119,-0.4090118408203125
2024-01-12 06:00:00,0.0,12.379245867464888,0.0002512865906663974,0.17036566,-0.3852195739746094
2024-01-12 07:00:00,7.300000000000001,16.46477110961191,6.5969769571214725,7.035944,14.033641815185547
2024-01-12 08:00:00,45.080000000000005,29.395822633417666,45.00432943292821,45.281864,52.527671813964844
2024-01-12 09:00:00,85.04,82.1708106695173,84.53789206805521,84.324936,83.56072998046875
2024-01-12 10:00:00,117.11,118.31739624157865,117.15046513795167,117.58659,122.65986633300781
2024-01-12 11:00:00,137.16600000000005,139.27282296061296,137.87433414385316,138.27768,143.50344848632812
2024-01-12 12:00:00,146.41600000000005,144.92197198953224,143.05618060616246,142.53589,149.04185485839844
2024-01-12 13:00:00,134.73,140.79805421373948,137.0864998791909,136.1961,138.24371337890625
2024-01-12 14:00:00,112.284,112.91705662929536,113.01538543169761,114.02067,116.7564697265625
2024-01-12 15:00:00,78.546,79.9753278194697,78.66979074567102,79.11544,79.9183349609375
2024-01-12 16:00:00,39.75,42.6789680824642,38.20755394164705,36.97143,41.872032165527344
2024-01-12 17:00:00,4.960000000000001,9.872414302295168,5.168236686468188,5.977013,8.655540466308594
2024-01-12 18:00:00,0.0,-8.847311018969059,1.1116151256018535e-05,0.020140033,-0.448272705078125
2024-01-12 19:00:00,0.0,2.3480419238592853,1.1116151256018535e-05,0.002511458,-0.6225852966308594
2024-01-12 20:00:00,0.0,3.4116176124291453,1.1116151256018535e-05,-0.005270071,-0.6668357849121094
2024-01-12 21:00:00,0.0,-1.1370432704496354,1.1116151256018535e-05,0.009595889,-0.6625709533691406
2024-01-12 22:00:00,0.0,-1.8626357273104701,1.1116151256018535e-05,0.009595889,-0.6566696166992188
2024-01-12 23:00:00,0.0,-2.4620941061334265,1.1116151256018535e-05,0.009595889,-0.6687126159667969
2024-01-13 00:00:00,0.0,-0.4541619190862589,1.1116151256018535e-05,0.009595889,-0.6649551391601562
2024-01-13 01:00:00,0.0,-2.7373582944615125,1.1116151256018535e-05,0.0143388985,-0.6566429138183594
2024-01-13 02:00:00,0.0,-3.2260974429829776,1.1116151256018535e-05,0.0143388985,-0.6774635314941406
2024-01-13 03:00:00,0.0,-3.6518610488286063,1.1116151256018535e-05,0.018198544,-0.6800918579101562
2024-01-13 04:00:00,0.0,-3.0975371318886893,1.1116151256018535e-05,0.018198544,-0.4948539733886719
2024-01-13 05:00:00,0.0,0.5494348846818686,0.0,0.047324095,-0.3149223327636719
2024-01-13 06:00:00,0.0,10.338513590544965,0.0002512865906663974,0.1431888,-0.1177215576171875
2024-01-13 07:00:00,6.96,14.91301080999778,7.232612028775148,7.139618,13.370861053466797
2024-01-13 08:00:00,42.914,27.773615628373246,42.35644514423027,41.963,50.56830596923828
2024-01-13 09:00:00,83.47000000000001,76.98301997214739,81.98938855204423,82.695496,80.00144958496094
2024-01-13 10:00:00,118.35,117.19489179588362,116.24934086127836,115.22595,117.93696594238281
2024-01-13 11:00:00,133.644,140.90560192590144,140.14472278158198,139.40909,139.9287567138672
2024-01-13 12:00:00,131.834,140.81667353924675,143.5384359611672,140.15631,146.49603271484375
2024-01-13 13:00:00,137.57000000000002,122.90889172466706,129.93398158695686,129.48897,134.9591064453125
2024-01-13 14:00:00,111.344,122.64401371188603,115.17721238461534,114.273964,103.44587707519531
2024-01-13 15:00:00,78.17000000000002,78.31212774723048,77.66937066666671,77.03955,74.93247985839844
2024-01-13 16:00:00,38.364,44.46744602352471,37.969520406917496,37.208828,39.19548416137695
2024-01-13 17:00:00,4.666,9.703475917692444,4.782267869967797,4.9393787,7.688495635986328
2024-01-13 18:00:00,0.0,-8.996261032800115,1.1116151256018535e-05,-0.0067493287,-0.41231536865234375
2024-01-13 19:00:00,0.0,1.8068857432485468,1.1116151256018535e-05,0.002511458,-0.5473289489746094
2024-01-13 20:00:00,0.0,1.3605252809426793,1.1116151256018535e-05,-0.005270071,-0.6103935241699219
2024-01-13 21:00:00,0.0,0.16550917727881354,1.1116151256018535e-05,0.009595889,-0.6387214660644531
2024-01-13 22:00:00,0.0,0.48850661922769967,1.1116151256018535e-05,0.009595889,-0.6463165283203125
2024-01-13 23:00:00,0.0,-0.3755035583816313,1.1116151256018535e-05,0.009595889,-0.6611747741699219
2024-01-14 00:00:00,0.0,2.335250182845434,1.1116151256018535e-05,0.018198544,-0.6800804138183594
2024-01-14 01:00:00,0.0,1.408932659657127,1.1116151256018535e-05,0.018198544,-0.6806106567382812
2024-01-14 02:00:00,0.0,-4.013227902100184,1.1116151256018535e-05,0.018198544,-0.6375007629394531
2024-01-14 03:00:00,0.0,-5.2414896240382065,1.1116151256018535e-05,0.018198544,-0.5816917419433594
2024-01-14 04:00:00,0.0,-4.953768773812385,1.1116151256018535e-05,0.018198544,-0.3879966735839844
2024-01-14 05:00:00,0.0,-0.6826908446816908,0.0,0.028208548,-0.3123359680175781
2024-01-14 06:00:00,0.0,10.344755674847958,0.0002512865906663974,0.1426417,0.09563446044921875
2024-01-14 07:00:00,5.934000000000001,15.030418896367676,7.202468797672918,6.853773,14.2613525390625
2024-01-14 08:00:00,36.854000000000006,25.775353376234232,36.99533145071633,38.303303,50.37656784057617
2024-01-14 09:00:00,69.98,69.20379317775931,73.11636229192136,73.07783,76.04936218261719
2024-01-14 10:00:00,102.524,100.14324584329049,100.88052668448708,101.798965,111.86662292480469
2024-01-14 11:00:00,125.666,124.63902886953252,121.88527434410304,122.1147,127.3712158203125
2024-01-14 12:00:00,140.4,136.0865881847839,131.03119778350322,131.96165,132.48635864257812
2024-01-14 13:00:00,131.384,136.53924254896356,133.03010630413874,134.04535,126.79203796386719
2024-01-14 14:00:00,101.01,110.09194068237701,111.70589861715081,110.69672,110.55937194824219
2024-01-14 15:00:00,69.404,68.3031340581889,66.65414945658041,68.00808,73.9060287475586
2024-01-14 16:00:00,33.586000000000006,39.808599335413405,30.99991837690394,30.757757,36.567771911621094
2024-01-14 17:00:00,4.284000000000001,9.041160838723396,3.9666940709664447,4.4318657,6.485115051269531
2024-01-14 18:00:00,0.0,-6.156695973291242,1.1116151256018535e-05,-0.020857012,-0.35074615478515625
2024-01-14 19:00:00,0.0,1.7805418612580441,1.1116151256018535e-05,-0.013979504,-0.5424232482910156
2024-01-14 20:00:00,0.0,2.4427900064782713,1.1116151256018535e-05,-0.005270071,-0.6243934631347656
2024-01-14 21:00:00,0.0,0.8542018727602413,1.1116151256018535e-05,0.009595889,-0.6224594116210938
2024-01-14 22:00:00,0.0,1.3637082474834659,1.1116151256018535e-05,0.009595889,-0.6242103576660156
2024-01-14 23:00:00,0.0,-0.14901415774077442,1.1116151256018535e-05,0.009595889,-0.6338653564453125
2024-01-15 00:00:00,0.0,0.969888956494031,1.1116151256018535e-05,0.009595889,-0.653350830078125
2024-01-15 01:00:00,0.0,-3.3143711898127597,1.1116151256018535e-05,0.009595889,-0.6559028625488281
2024-01-15 02:00:00,0.0,-5.618352764761842,1.1116151256018535e-05,0.009595889,-0.6554145812988281
2024-01-15 03:00:00,0.0,-4.866764988924229,1.1116151256018535e-05,0.018198544,-0.6389389038085938
2024-01-15 04:00:00,0.0,-3.460837336434543,1.1116151256018535e-05,0.009595889,-0.4449806213378906
2024-01-15 05:00:00,0.0,0.9091874583225757,0.0,0.028208548,-0.3626670837402344
2024-01-15 06:00:00,0.0,10.58687750511041,0.00021356064314453148,0.1238035,-0.01195526123046875
2024-01-15 07:00:00,5.866,14.668276736176455,6.49431563037714,6.6733513,14.289409637451172
2024-01-15 08:00:00,38.49,25.845270052707065,36.79632077940201,37.592644,50.455047607421875
2024-01-15 09:00:00,75.57600000000001,71.55709258447331,74.03796851721742,74.329605,68.38023376464844
2024-01-15 10:00:00,107.834,107.05502740415326,107.97336997981425,106.68179,115.16462707519531
2024-01-15 11:00:00,128.62,128.1717287410305,126.83408187159627,126.85662,134.7560272216797
2024-01-15 12:00:00,144.484,136.60527116338775,137.4689132254915,136.96588,141.8697509765625
2024-01-15 13:00:00,136.46,139.40550625285135,134.2346501559368,135.79707,132.6433868408203
2024-01-15 14:00:00,114.206,114.59248939143407,114.522119658285,113.42176,113.75917053222656
2024-01-15 15:00:00,80.346,81.00852412827561,81.49550510389608,80.44219,82.97901916503906
2024-01-15 16:00:00,39.71000000000001,45.299742806166485,40.658711490193554,41.930084,45.81458282470703
2024-01-15 17:00:00,4.960000000000001,9.227686059295898,5.333890849937182,7.660797,10.611289978027344
2024-01-15 18:00:00,0.0,-9.425875405037232,1.1116151256018535e-05,0.004722208,-0.4602203369140625
2024-01-15 19:00:00,0.0,1.8651713875993194,1.1116151256018535e-05,0.010094367,-0.7284812927246094
2024-01-15 20:00:00,0.0,3.8306016954485416,1.1116151256018535e-05,-0.0016077291,-0.7698249816894531
2024-01-15 21:00:00,0.0,0.652520014321424,1.1116151256018535e-05,0.012405612,-0.7541618347167969
2024-01-15 22:00:00,0.0,0.573932963393103,1.1116151256018535e-05,0.0076626022,-0.7634849548339844
2024-01-15 23:00:00,0.0,-1.0338145691917835,1.1116151256018535e-05,0.0076626022,-0.8009071350097656
2024-01-16 00:00:00,0.0,-0.4846070476752926,1.1116151256018535e-05,0.0076626022,-0.8460769653320312
2024-01-16 01:00:00,0.0,-4.4005783020093,1.1116151256018535e-05,0.015801854,-0.8579139709472656
2024-01-16 02:00:00,0.0,-5.247452894467433,1.1116151256018535e-05,0.0076626022,-0.8792381286621094
2024-01-16 03:00:00,0.0,-4.445230031420474,1.1116151256018535e-05,0.009595889,-0.7807350158691406
2024-01-16 04:00:00,0.0,-2.1350634538786393,1.1116151256018535e-05,0.009595889,-0.5616455078125
2024-01-16 05:00:00,0.0,2.727568426780037,0.0,0.028208548,-0.405487060546875
2024-01-16 06:00:00,0.0,11.314362738925551,0.016604991136120944,0.1407359,-0.2534942626953125
2024-01-16 07:00:00,5.616,14.627594026185362,7.161565967636289,6.9576597,11.13796615600586
2024-01-16 08:00:00,36.176,24.207917073065957,36.75802386009179,36.705353,48.90456771850586
2024-01-16 09:00:00,72.48,66.37357590063581,71.40378142904804,71.57362,76.75288391113281
2024-01-16 10:00:00,104.96,103.20450765396359,104.39848074057427,104.84374,110.96269226074219
2024-01-16 11:00:00,124.99,127.2626445077747,126.37380756525923,126.30497,133.26351928710938
2024-01-16 12:00:00,140.76,135.94747511802765,131.82531201543432,133.0708,139.64389038085938
2024-01-16 13:00:00,131.05,139.95613668992291,132.67841112712335,134.04988,131.1241912841797
2024-01-16 14:00:00,109.376,112.74303826560023,109.82252462612485,109.89982,112.3935546875
2024-01-16 15:00:00,75.816,80.93295853792836,75.45484442424245,77.15564,77.67312622070312
2024-01-16 16:00:00,36.96,44.42225416158707,36.6515743033822,36.861683,42.35649108886719
2024-01-16 17:00:00,4.696000000000001,10.39742341831222,4.620337027177215,5.3894424,9.610591888427734
2024-01-16 18:00:00,0.0,-7.847009908244125,1.1116151256018535e-05,-0.0052033807,-0.3896217346191406
2024-01-16 19:00:00,0.0,1.2860216808663723,1.1116151256018535e-05,-0.0075702765,-0.5912742614746094
2024-01-16 20:00:00,0.0,2.1956189650933444,1.1116151256018535e-05,-0.008173747,-0.6365699768066406
2024-01-16 21:00:00,0.0,-0.0668882333562677,1.1116151256018535e-05,0.009595889,-0.6570167541503906
2024-01-16 22:00:00,0.0,0.3053706914498924,1.1116151256018535e-05,0.009595889,-0.6826858520507812
2024-01-16 23:00:00,0.0,-0.6006227042145498,1.1116151256018535e-05,0.009595889,-0.7247047424316406
2024-01-17 00:00:00,0.0,0.5410439956321322,1.1116151256018535e-05,0.009595889,-0.7634010314941406
2024-01-17 01:00:00,0.0,-3.435080092594779,1.1116151256018535e-05,0.009595889,-0.7680854797363281
2024-01-17 02:00:00,0.0,-4.617670308205343,1.1116151256018535e-05,0.009595889,-0.71240234375
2024-01-17 03:00:00,0.0,-5.165727983967786,1.1116151256018535e-05,0.018198544,-0.6537094116210938
2024-01-17 04:00:00,0.0,-3.4763167060541473,1.1116151256018535e-05,0.018198544,-0.481201171875
2024-01-17 05:00:00,0.0,1.0851782636375789,0.0,0.03681119,-0.3132514953613281
2024-01-17 06:00:00,0.0,9.897878373828549,0.0002512865906663974,0.09806692,-0.16965866088867188
2024-01-17 07:00:00,5.546,13.787308985810096,6.327617531492524,6.680807,12.42490005493164
2024-01-17 08:00:00,36.596,24.567678507403752,36.502704079386824,36.275272,49.1868896484375
2024-01-17 09:00:00,73.27000000000001,69.64888973452292,73.63020990365212,72.424675,67.08609008789062
2024-01-17 10:00:00,104.716,104.37993088504953,104.32819483028085,104.660835,111.08653259277344
2024-01-17 11:00:00,126.224,126.37370730722182,124.5675289295143,123.93413,127.78439331054688
2024-01-17 12:00:00,137.66,134.15879532120738,134.39118019869534,134.65701,136.35890197753906
2024-01-17 13:00:00,128.09400000000002,133.4212195950278,130.09984970854313,129.04404,130.0667266845703
2024-01-17 14:00:00,106.476,108.1441458252668,107.96231541703636,106.438255,106.59516906738281
2024-01-17 15:00:00,73.33,76.557985925364,73.14894397554568,73.61499,73.35496520996094
2024-01-17 16:00:00,35.824000000000005,41.17806092657701,35.80012885184611,34.81422,37.977413177490234
2024-01-17 17:00:00,4.63,9.424509528053385,4.0647175866267915,4.5986834,7.223503112792969
2024-01-17 18:00:00,0.0,-6.941255156211142,1.1116151256018535e-05,-0.012861554,-0.406524658203125
2024-01-17 19:00:00,0.0,1.4221246672869938,1.1116151256018535e-05,-0.022995409,-0.5426139831542969
2024-01-17 20:00:00,0.0,1.2248850647178673,1.1116151256018535e-05,-0.014285973,-0.6437263488769531
2024-01-17 21:00:00,0.0,-0.9105396274543782,1.1116151256018535e-05,0.0005799851,-0.6559791564941406
2024-01-17 22:00:00,0.0,-0.3122286171205826,1.1116151256018535e-05,0.009182638,-0.6698417663574219
2024-01-17 23:00:00,0.0,-0.5460925080223291,1.1116151256018535e-05,0.009182638,-0.6914291381835938
2024-01-18 00:00:00,0.0,2.129365074511636,1.1116151256018535e-05,0.018198544,-0.719085693359375
2024-01-18 01:00:00,0.0,-1.6578818489687328,1.1116151256018535e-05,0.0005799851,-0.7107315063476562
2024-01-18 02:00:00,0.0,-3.8798220331360636,1.1116151256018535e-05,0.0005799851,-0.6471900939941406
2024-01-18 03:00:00,0.0,-4.667601038726987,1.1116151256018535e-05,0.0005799851,-0.6743354797363281
2024-01-18 04:00:00,0.0,-3.291908215398956,1.1116151256018535e-05,0.009182638,-0.5091590881347656
2024-01-18 05:00:00,0.0,1.0933295296613028,0.0,0.027795294,-0.3684349060058594
2024-01-18 06:00:00,0.0,12.067987810361116,0.0005562865906663973,0.106984876,-0.00890350341796875
2024-01-18 07:00:00,5.096,16.62185391410362,6.18208997744363,6.4871297,12.862651824951172
2024-01-18 08:00:00,33.196,26.05425850325138,32.78733336076905,32.649128,48.127960205078125
2024-01-18 09:00:00,67.146,65.41265881248518,65.1343585683165,66.720894,67.13813018798828
2024-01-18 10:00:00,99.084,96.64228052020576,99.23955300645157,97.37125,102.79515838623047
2024-01-18 11:00:00,120.27,120.66629317407458,117.57424324860493,119.90996,121.34666442871094
2024-01-18 12:00:00,136.216,127.8550545196195,128.8002392144175,125.62053,131.1862030029297
2024-01-18 13:00:00,128.81,132.80598660651108,126.03437514416596,126.684395,123.41946411132812
2024-01-18 14:00:00,107.83,107.83687413772319,110.37948137825175,108.25042,105.47370910644531
2024-01-18 15:00:00,75.04,76.78265501182241,73.89031609675783,73.47737,72.42266082763672
2024-01-18 16:00:00,37.664,41.685724611550704,36.68724956977374,37.479023,39.00114822387695
2024-01-18 17:00:00,4.984000000000001,9.912578178279572,5.733126200646277,4.9740834,8.350017547607422
2024-01-18 18:00:00,0.0,-7.2857865330262115,1.1116151256018535e-05,-0.0038456488,-0.4440155029296875
2024-01-18 19:00:00,0.0,1.780239139030083,1.1116151256018535e-05,-0.0056566014,-0.5782356262207031
2024-01-18 20:00:00,0.0,1.593017961313189,1.1116151256018535e-05,-0.005270071,-0.6782150268554688
2024-01-18 21:00:00,0.0,-0.3118214457246351,1.1116151256018535e-05,0.009595889,-0.6911773681640625
2024-01-18 22:00:00,0.0,0.18627656690449834,1.1116151256018535e-05,0.009595889,-0.6963005065917969
2024-01-18 23:00:00,0.0,-0.617636705318509,1.1116151256018535e-05,0.009595889,-0.7056427001953125
2024-01-19 00:00:00,0.0,2.1860873835918255,1.1116151256018535e-05,0.018198544,-0.7256698608398438
2024-01-19 01:00:00,0.0,-1.8166040166658837,1.1116151256018535e-05,0.018198544,-0.7134437561035156
2024-01-19 02:00:00,0.0,-3.91743447192119,1.1116151256018535e-05,0.018198544,-0.6355781555175781
2024-01-19 03:00:00,0.0,-4.765706103050168,1.1116151256018535e-05,0.018198544,-0.6312637329101562
2024-01-19 04:00:00,0.0,-3.520471538622676,1.1116151256018535e-05,0.018198544,-0.465240478515625
2024-01-19 05:00:00,0.0,0.309541397746917,0.0,0.03681119,-0.3938179016113281
2024-01-19 06:00:00,0.0,11.400958404744507,0.0002512865906663974,0.11600078,-0.008487701416015625
2024-01-19 07:00:00,5.924,15.932822180443862,5.882540442171712,6.5464177,13.431022644042969
2024-01-19 08:00:00,36.746,26.911735595671104,36.32133177406736,37.838024,48.145851135253906
2024-01-19 09:00:00,72.616,70.40947955851863,72.68020433823025,72.59272,68.65664672851562
2024-01-19 10:00:00,103.98,103.3182573196728,102.94156989415268,103.77423,109.82744598388672
2024-01-19 11:00:00,124.484,124.51885739955222,122.81343779039707,123.01635,129.8829803466797
2024-01-19 12:00:00,137.924,131.76218629975082,129.579881631623,130.95834,137.81346130371094
2024-01-19 13:00:00,130.41,132.38464762624028,126.85587092513164,127.50801,129.20513916015625
2024-01-19 14:00:00,109.05,109.16221785527424,108.83819000387108,109.02405,107.94502258300781
2024-01-19 15:00:00,76.454,77.21478079908283,75.58831309090908,76.35683,75.85791778564453
2024-01-19 16:00:00,38.254000000000005,42.956094902907864,37.25340487899048,37.645382,40.63338088989258
2024-01-19 17:00:00,5.49,9.111977524150213,4.932033327898696,5.2145658,8.754898071289062
2024-01-19 18:00:00,0.0,-7.064294410803003,5.6790891740447614e-05,0.004607024,-0.3897819519042969
2024-01-19 19:00:00,0.0,2.311438423555429,1.1116151256018535e-05,-0.00012262534,-0.5194053649902344
2024-01-19 20:00:00,0.0,2.244578925919829,1.1116151256018535e-05,-0.020275516,-0.6020393371582031
2024-01-19 21:00:00,0.0,-0.9291446099795917,1.1116151256018535e-05,0.009595889,-0.6258049011230469
2024-01-19 22:00:00,0.0,-0.6117385060336025,1.1116151256018535e-05,0.009595889,-0.6424407958984375
2024-01-19 23:00:00,0.0,-1.321105116995768,1.1116151256018535e-05,0.018198544,-0.6698341369628906
2024-01-20 00:00:00,0.0,2.3127502364281565,1.1116151256018535e-05,0.018198544,-0.7051162719726562
2024-01-20 01:00:00,0.0,-0.7934749629924305,1.1116151256018535e-05,0.009595889,-0.6949996948242188
2024-01-20 02:00:00,0.0,-2.990498726105045,1.1116151256018535e-05,0.0005799851,-0.5874137878417969
2024-01-20 03:00:00,0.0,-4.061684471212585,1.1116151256018535e-05,0.0005799851,-0.5940971374511719
2024-01-20 04:00:00,0.0,-3.2138053971720586,1.1116151256018535e-05,0.0005799851,-0.4295463562011719
2024-01-20 05:00:00,0.0,0.5632438397150673,0.0,0.012418347,-0.3446846008300781
2024-01-20 06:00:00,0.0,11.741235200293364,0.0002512865906663974,0.10889513,-0.12818527221679688
2024-01-20 07:00:00,5.74,16.83192655096907,6.145268506501015,6.610386,13.726993560791016
2024-01-20 08:00:00,36.614,27.700165944049857,36.25997441685442,36.690292,49.437538146972656
2024-01-20 09:00:00,72.47000000000001,69.90999532220337,72.8060289664003,72.26698,70.27133178710938
2024-01-20 10:00:00,104.85,103.39246787170384,103.33079725380173,104.13653,108.69451904296875
2024-01-20 11:00:00,126.094,125.43081177047429,124.36067803889884,125.020195,131.2183074951172
2024-01-20 12:00:00,142.89,133.82530456382844,132.50969786429624,132.73859,139.21263122558594
2024-01-20 13:00:00,134.56,138.47470999029878,134.73984481530732,135.31615,131.2635498046875
2024-01-20 14:00:00,112.41,112.81171386850173,114.59632508050137,114.421745,114.07881164550781
2024-01-20 15:00:00,78.67000000000002,79.15987362410459,78.91073642424243,79.827,78.88349151611328
2024-01-20 16:00:00,39.02,43.706029007691015,38.947282145156294,39.68449,43.33119583129883
2024-01-20 17:00:00,5.63,9.30214989226738,5.000977205775509,5.0042543,9.887767791748047
2024-01-20 18:00:00,0.0,-7.509451083212973,5.6790891740447614e-05,-0.001001125,-0.3481712341308594
2024-01-20 19:00:00,0.0,2.4042762916114553,1.1116151256018535e-05,0.002511458,-0.557281494140625
2024-01-20 20:00:00,0.0,3.457860393073881,1.1116151256018535e-05,-0.005270071,-0.6256752014160156
2024-01-20 21:00:00,0.0,-0.09958302538228736,1.1116151256018535e-05,0.009595889,-0.6481170654296875
2024-01-20 22:00:00,0.0,-0.1563628555363743,1.1116151256018535e-05,0.009595889,-0.6713829040527344
2024-01-20 23:00:00,0.0,-1.177980774948086,1.1116151256018535e-05,0.009595889,-0.7031021118164062
2024-01-21 00:00:00,0.0,1.3613671714120734,1.1116151256018535e-05,0.009595889,-0.736663818359375
2024-01-21 01:00:00,0.0,-1.9175655145311907,1.1116151256018535e-05,0.009595889,-0.7390937805175781
2024-01-21 02:00:00,0.0,-3.378004228987634,1.1116151256018535e-05,0.009595889,-0.6717185974121094
2024-01-21 03:00:00,0.0,-3.9442081601548837,1.1116151256018535e-05,0.018198544,-0.6294364929199219
2024-01-21 04:00:00,0.0,-2.846521611178062,1.1116151256018535e-05,0.018198544,-0.4427833557128906
2024-01-21 05:00:00,0.0,1.0339519699346706,0.0,0.027795294,-0.3002128601074219
2024-01-21 06:00:00,0.0,11.01737696571734,0.0002512865906663974,0.119174264,-0.20679855346679688
2024-01-21 07:00:00,5.920000000000001,15.687090927367633,6.184872084251856,6.73625,12.255321502685547
2024-01-21 08:00:00,37.876,27.075212864165657,36.97142072210059,38.38979,47.68278884887695
2024-01-21 09:00:00,75.754,72.33122537978068,74.44585970930324,75.07229,71.97262573242188
2024-01-21 10:00:00,110.05,107.55083344345971,108.2938416424294,106.66035,109.76148986816406
2024-01-21 11:00:00,131.47,133.57721649309389,132.5821355053543,131.99861,130.49887084960938
2024-01-21 12:00:00,145.924,139.97735884930293,136.864720240665,139.16374,142.68508911132812
2024-01-21 13:00:00,138.616,141.17562996902635,134.41915594243267,135.15636,137.25994873046875
2024-01-21 14:00:00,113.434,116.20117200260077,118.04488784040652,117.24631,115.36042785644531
2024-01-21 15:00:00,80.44,80.9403429776381,80.5686918181818,79.62452,85.83536529541016
2024-01-21 16:00:00,41.260000000000005,47.365357601862264,41.13219615727819,41.819195,47.412635803222656
2024-01-21 17:00:00,6.210000000000001,10.996224304591935,5.49400716078752,6.3597784,12.055774688720703
2024-01-21 18:00:00,0.0,-9.305895194063764,5.6790891740447614e-05,-0.0061059855,-0.3670387268066406
2024-01-21 19:00:00,0.0,1.3303096232575502,1.1116151256018535e-05,0.002511458,-0.6154098510742188
2024-01-21 20:00:00,0.0,2.843386399801809,1.1116151256018535e-05,-0.005270071,-0.6768608093261719
2024-01-21 21:00:00,0.0,1.0994231817645428,1.1116151256018535e-05,0.0143388985,-0.6822395324707031
2024-01-21 22:00:00,0.0,2.013317963862123,1.1116151256018535e-05,0.009595889,-0.6686782836914062
2024-01-21 23:00:00,0.0,0.43578227507689005,1.1116151256018535e-05,0.009595889,-0.6752090454101562
2024-01-22 00:00:00,0.0,2.254357901246432,1.1116151256018535e-05,0.009595889,-0.71746826171875
2024-01-22 01:00:00,0.0,-2.3715026962429264,1.1116151256018535e-05,0.009595889,-0.7606964111328125
2024-01-22 02:00:00,0.0,-5.889180249645614,1.1116151256018535e-05,0.009595889,-0.8089103698730469
2024-01-22 03:00:00,0.0,-6.647017913986115,1.1116151256018535e-05,0.018198544,-0.8016624450683594
2024-01-22 04:00:00,0.0,-4.311723546515279,1.1116151256018535e-05,0.009595889,-0.49950408935546875
2024-01-22 05:00:00,0.0,1.4915869851668928,0.0,0.021434255,-0.3990364074707031
2024-01-22 06:00:00,0.0,12.316209410090336,0.00021356064314453148,0.12623633,-0.16183853149414062
2024-01-22 07:00:00,5.676,17.274478854793962,6.936093878845171,6.7875805,12.824996948242188
2024-01-22 08:00:00,34.714,27.06736485432447,36.355257301489075,36.36507,50.8773078918457
2024-01-22 09:00:00,69.89,66.39357746159163,68.10347698013406,66.769455,67.0967788696289
2024-01-22 10:00:00,103.19400000000002,99.39439716846792,101.32596395012413,102.03472,108.67524719238281
2024-01-22 11:00:00,115.794,122.89924560258959,123.96786738830811,123.30011,127.95697021484375
2024-01-22 12:00:00,131.066,121.90451673296278,127.71819878073386,126.606895,136.8583984375
2024-01-22 13:00:00,127.116,128.54360374147245,119.70730957635665,120.64766,119.140869140625
2024-01-22 14:00:00,110.34000000000002,110.16171991239409,100.33274519166369,101.01029,89.49609375
2024-01-22 15:00:00,75.17,80.59153038423176,75.89116066666668,77.076004,63.923866271972656
2024-01-22 16:00:00,37.38,41.104721942210006,40.21214816379216,39.03589,33.611637115478516
2024-01-22 17:00:00,5.6240000000000006,9.356566004001738,4.857001770968015,5.057701,5.500186920166016
2024-01-22 18:00:00,0.0,-6.002715886199312,5.6790891740447614e-05,-0.08731384,-0.5162544250488281
2024-01-22 19:00:00,0.0,2.200214119830775,1.1116151256018535e-05,-0.00704148,-0.5947151184082031
2024-01-22 20:00:00,0.0,1.1585355942529505,1.1116151256018535e-05,-0.009542964,-0.6513290405273438
2024-01-22 21:00:00,0.0,-1.6317544530908275,1.1116151256018535e-05,-0.0014512921,-0.7433509826660156
2024-01-22 22:00:00,0.0,-1.2389452682006081,1.1116151256018535e-05,0.0053229947,-0.7773818969726562
2024-01-22 23:00:00,0.0,-2.2554524834654788,1.1116151256018535e-05,0.0053229947,-0.7958145141601562
2024-01-23 00:00:00,0.0,2.3232731546313476,1.1116151256018535e-05,0.0143388985,-0.7860946655273438
2024-01-23 01:00:00,0.0,-1.5665639138987064,1.1116151256018535e-05,0.019112086,-0.7426109313964844
2024-01-23 02:00:00,0.0,-4.277226878709031,1.1116151256018535e-05,0.019112086,-0.6729240417480469
2024-01-23 03:00:00,0.0,-5.0500314958429,1.1116151256018535e-05,0.019112086,-0.5838127136230469
2024-01-23 04:00:00,0.0,-2.0221912360636214,1.1116151256018535e-05,0.0076626022,-0.4136848449707031
2024-01-23 05:00:00,0.0,2.2411245157982735,0.0,0.024626125,-0.06032562255859375
2024-01-23 06:00:00,0.0,11.705476513374812,0.0002512865906663974,0.064054735,-0.3924446105957031
2024-01-23 07:00:00,5.476,14.850921197776513,7.447932611471863,7.21556,8.538322448730469
2024-01-23 08:00:00,33.42,23.700801335190878,34.01258333135909,35.143654,41.75229263305664
2024-01-23 09:00:00,64.79,64.62758321190861,64.45909555290928,65.72639,77.61647033691406
2024-01-23 10:00:00,93.3,94.3638075114435,95.57561257716361,95.06717,100.20507049560547
2024-01-23 11:00:00,124.044,116.2948794266552,112.93563007925226,110.72015,124.81370544433594
2024-01-23 12:00:00,138.684,136.37869855978798,130.16894128631847,129.82993,131.63133239746094
2024-01-23 13:00:00,135.434,135.09175949523421,128.64169091476325,133.18765,135.8566436767578
2024-01-23 14:00:00,113.99,114.91531456665038,115.67844529715053,115.533104,115.38330078125
2024-01-23 15:00:00,80.854,82.60965300451048,80.88715419480518,80.2233,80.42813110351562
2024-01-23 16:00:00,41.330000000000005,48.64204707457525,42.80367170664732,42.84507,47.13870620727539
2024-01-23 17:00:00,6.434000000000001,13.251977800442008,5.795088591816824,6.327352,13.937946319580078
2024-01-23 18:00:00,0.0,-6.485173544320386,5.6790891740447614e-05,0.009870414,-0.07546615600585938
2024-01-23 19:00:00,0.0,3.92895807392829,1.1116151256018535e-05,0.02084331,-0.44994354248046875
2024-01-23 20:00:00,0.0,3.310260675213429,1.1116151256018535e-05,0.015947128,-0.5737075805664062
2024-01-23 21:00:00,0.0,1.7025233175382568,1.1116151256018535e-05,0.009182638,-0.63165283203125
2024-01-23 22:00:00,0.0,2.4739421910267807,1.1116151256018535e-05,0.0005799851,-0.6361770629882812
2024-01-23 23:00:00,0.0,0.8138539442538033,1.1116151256018535e-05,0.0005799851,-0.6586723327636719
2024-01-24 00:00:00,0.0,1.0727540051440376,1.1116151256018535e-05,0.037537474,-0.6625785827636719
2024-01-24 01:00:00,0.0,-2.476544679934621,1.1116151256018535e-05,0.028521575,-0.6421775817871094
2024-01-24 02:00:00,0.0,-5.667425402136113,1.1116151256018535e-05,0.032964453,-0.5525360107421875
2024-01-24 03:00:00,0.0,-6.449398707777136,1.1116151256018535e-05,0.009182638,-0.5800971984863281
2024-01-24 04:00:00,0.0,-4.932652584388014,1.1116151256018535e-05,0.009182638,-0.3578033447265625
2024-01-24 05:00:00,0.0,-0.6598750726730906,0.0,0.03681119,-0.36986541748046875
2024-01-24 06:00:00,0.0,10.515730482129118,0.0002512865906663974,0.079511985,0.18501663208007812
2024-01-24 07:00:00,5.220000000000001,16.07696168587409,6.715351081849572,7.0729923,15.218584060668945
2024-01-24 08:00:00,32.550000000000004,26.47791439453914,34.31277740692871,32.478622,53.7441520690918
2024-01-24 09:00:00,62.85,65.71193222033205,63.36216015740156,64.90942,79.95208740234375
2024-01-24 10:00:00,94.976,92.82454702269791,92.47699508508154,93.80752,108.05350494384766
2024-01-24 11:00:00,125.716,117.4010764528295,114.89733798255294,115.25887,128.21737670898438
2024-01-24 12:00:00,146.66600000000005,136.53352741067556,134.83976895422038,132.608,136.97283935546875
2024-01-24 13:00:00,138.59,144.17989935819563,136.09357262669425,139.36882,137.10487365722656
2024-01-24 14:00:00,116.04000000000002,116.72168465787507,121.4674564708445,119.00663,125.60240173339844
2024-01-24 15:00:00,81.584,83.86365055702822,82.08318455411256,81.36008,86.25977325439453
2024-01-24 16:00:00,41.35,46.49628351082359,41.705061675622204,42.70239,50.343177795410156
2024-01-24 17:00:00,6.5840000000000005,11.25216770752946,5.622636111701954,6.4977245,14.214988708496094
2024-01-24 18:00:00,0.0,-7.156641325632952,5.6790891740447614e-05,0.012151735,-0.20760726928710938
2024-01-24 19:00:00,0.0,2.146075515004539,1.1116151256018535e-05,0.020481281,-0.6450042724609375
2024-01-24 20:00:00,0.0,3.5070317208795148,1.1116151256018535e-05,-0.005270071,-0.7104873657226562
2024-01-24 21:00:00,0.0,0.3973027756266214,1.1116151256018535e-05,0.009595889,-0.7308998107910156
2024-01-24 22:00:00,0.0,0.3916610382909378,1.1116151256018535e-05,0.009595889,-0.7405738830566406
2024-01-24 23:00:00,0.0,-0.7329821305713455,1.1116151256018535e-05,0.009595889,-0.7538223266601562
2024-01-25 00:00:00,0.0,0.34100731911093884,1.1116151256018535e-05,0.009595889,-0.7630615234375
2024-01-25 01:00:00,0.0,-3.733493943599143,1.1116151256018535e-05,0.009595889,-0.7521324157714844
2024-01-25 02:00:00,0.0,-5.185349377532329,1.1116151256018535e-05,0.009595889,-0.6915359497070312
2024-01-25 03:00:00,0.0,-5.52670137247271,1.1116151256018535e-05,0.009595889,-0.6250724792480469
2024-01-25 04:00:00,0.0,-3.909640455722119,1.1116151256018535e-05,0.009595889,-0.4652137756347656
2024-01-25 05:00:00,0.0,0.5519799884227085,0.0,0.028208548,-0.5224571228027344
2024-01-25 06:00:00,0.0,9.900118261099767,0.0002512865906663974,0.031136928,0.22440338134765625
2024-01-25 07:00:00,5.976,14.875517648439763,7.881540497993729,7.204807,17.5258731842041
2024-01-25 08:00:00,34.59,27.054060948089923,37.66530212386796,38.78241,56.55475616455078
2024-01-25 09:00:00,67.53,65.99947279174043,66.39862120145357,65.9375,71.55829620361328
2024-01-25 10:00:00,97.476,96.09338455098217,98.8048191252974,97.2222,108.80830383300781
2024-01-25 11:00:00,123.98,119.13246586843556,117.04932383854273,119.41688,123.15980529785156
2024-01-25 12:00:00,138.63,135.45382128390864,130.94159172293556,131.10304,131.02777099609375
2024-01-25 13:00:00,131.576,135.92131531122146,129.91763100899817,131.02263,129.16799926757812
2024-01-25 14:00:00,108.22,110.5824369976823,113.20017663506927,110.10789,109.38661193847656
2024-01-25 15:00:00,76.19600000000001,78.21531350110885,74.48183852100027,73.34786,78.62020874023438
2024-01-25 16:00:00,39.48,44.93919116179214,36.498984008711005,37.365025,45.549835205078125
2024-01-25 17:00:00,6.620000000000001,11.996369728942112,8.690763405185306,8.334002,12.43392562866211
2024-01-25 18:00:00,0.0,-8.487696814097351,5.6790891740447614e-05,0.0032312544,-0.3107147216796875
2024-01-25 19:00:00,0.0,0.5641031772536953,1.1116151256018535e-05,-0.001035729,-0.6694564819335938
2024-01-25 20:00:00,0.0,2.887869845932161,1.1116151256018535e-05,-0.005270071,-0.6885948181152344
2024-01-25 21:00:00,0.0,0.6633484592588481,1.1116151256018535e-05,0.009595889,-0.6908531188964844
2024-01-25 22:00:00,0.0,-0.12399988138096818,1.1116151256018535e-05,0.009595889,-0.7566642761230469
2024-01-25 23:00:00,0.0,-2.00317900907854,1.1116151256018535e-05,0.009595889,-0.8149185180664062
2024-01-26 00:00:00,0.0,-1.5278640080368389,1.1116151256018535e-05,0.009595889,-0.8151092529296875
2024-01-26 01:00:00,0.0,-3.0520610193074607,1.1116151256018535e-05,0.018198544,-0.7873954772949219
2024-01-26 02:00:00,0.0,-3.3149353033718736,1.1116151256018535e-05,0.018198544,-0.71527099609375
2024-01-26 03:00:00,0.0,-2.7130585712372373,1.1116151256018535e-05,0.018198544,-0.6899528503417969
2024-01-26 04:00:00,0.0,-1.4520465660294644,1.1116151256018535e-05,0.01375566,-0.45655059814453125
2024-01-26 05:00:00,0.0,1.9218331912750315,0.0,0.019192642,-0.37987518310546875
2024-01-26 06:00:00,0.0,9.939899113028174,0.0002512865906663974,0.089696266,-0.2422637939453125
2024-01-26 07:00:00,6.366,14.821802577859236,8.10974160098061,7.3841624,13.33823013305664
2024-01-26 08:00:00,36.564,27.36076878746733,39.397329901656114,38.834408,51.60710525512695
2024-01-26 09:00:00,69.66000000000001,69.92455277117855,72.19379889482542,72.37866,70.57466888427734
2024-01-26 10:00:00,98.39600000000002,100.38542094461374,100.20165649663232,102.27932,111.99977111816406
2024-01-26 11:00:00,123.85,119.43277222525472,117.7211382326017,120.527054,131.45828247070312
2024-01-26 12:00:00,134.824,135.47960935490244,128.76874218300816,129.22157,135.52415466308594
2024-01-26 13:00:00,124.506,130.6722018813013,124.76952621239974,124.448944,131.84397888183594
2024-01-26 14:00:00,93.94,103.84771046981083,100.51447717957322,102.28138,110.54597473144531
2024-01-26 15:00:00,66.284,62.94122058681771,62.345308424966504,61.075077,75.70762634277344
2024-01-26 16:00:00,33.81,39.08321310181483,30.49652940833782,29.11448,40.03215789794922
2024-01-26 17:00:00,6.176,9.775977885822599,4.81356730178724,4.892853,8.560577392578125
2024-01-26 18:00:00,0.0,-6.367196489436977,5.6790891740447614e-05,0.0116613135,-0.3749847412109375
2024-01-26 19:00:00,0.0,-0.34002969295511654,1.1116151256018535e-05,0.0026794754,-0.5595550537109375
2024-01-26 20:00:00,0.0,0.6401357204722986,1.1116151256018535e-05,0.009595889,-0.6142768859863281
2024-01-26 21:00:00,0.0,-2.044382851368689,1.1116151256018535e-05,0.009595889,-0.6973533630371094
2024-01-26 22:00:00,0.0,-1.4800207508905885,1.1116151256018535e-05,0.009595889,-0.7629928588867188
2024-01-26 23:00:00,0.0,-1.530178063264203,1.1116151256018535e-05,0.009595889,-0.7950782775878906
2024-01-27 00:00:00,0.0,-0.6413589407402664,1.1116151256018535e-05,0.009595889,-0.7949752807617188
2024-01-27 01:00:00,0.0,-3.4144120203884674,1.1116151256018535e-05,0.0005799851,-0.7690696716308594
2024-01-27 02:00:00,0.0,-5.134797806075122,1.1116151256018535e-05,0.0005799851,-0.6591377258300781
2024-01-27 03:00:00,0.0,-3.551933229394945,1.1116151256018535e-05,0.0005799851,-0.6090583801269531
2024-01-27 04:00:00,0.0,-2.4233132029968285,1.1116151256018535e-05,0.0005799851,-0.4663238525390625
2024-01-27 05:00:00,0.0,1.8445411758112917,0.0,0.027795294,-0.299896240234375
2024-01-27 06:00:00,0.0,11.150552436109233,0.0002512865906663974,0.053835027,0.06920242309570312
2024-01-27 07:00:00,5.034000000000001,15.833704170172776,7.6691284609624715,7.4074683,13.39251708984375
2024-01-27 08:00:00,26.55,25.473934399244836,31.530288966530314,31.07574,49.746742248535156
2024-01-27 09:00:00,52.824000000000005,54.909906785675275,50.870382651617376,51.881954,63.67420959472656
2024-01-27 10:00:00,76.634,78.9210097087117,80.17745669092943,75.85637,85.14840698242188
2024-01-27 11:00:00,96.266,96.39327787645746,93.51119788732706,90.39,106.03164672851562
2024-01-27 12:00:00,95.834,105.83775238978532,104.91590389732087,104.75474,112.13925170898438
2024-01-27 13:00:00,99.534,90.57986632926992,87.9506147694079,89.11292,102.0631103515625
2024-01-27 14:00:00,71.166,87.9705916078172,76.67405524969548,75.04986,77.14585876464844
2024-01-27 15:00:00,50.11000000000001,45.052461203856666,44.24044966666667,45.966946,57.715431213378906
2024-01-27 16:00:00,25.82,27.495707878071713,22.66790281776146,23.203636,29.28923988342285
2024-01-27 17:00:00,4.62,5.5206445705873985,3.2117457352516254,3.296844,6.040046691894531
2024-01-27 18:00:00,0.0,-6.184269055768105,1.1116151256018535e-05,0.017599449,-0.5449790954589844
2024-01-27 19:00:00,0.0,-0.25873042596412965,1.1116151256018535e-05,0.009595889,-0.7054901123046875
2024-01-27 20:00:00,0.0,-0.7854334159111849,1.1116151256018535e-05,0.009595889,-0.7156982421875
2024-01-27 21:00:00,0.0,-1.966382010024149,1.1116151256018535e-05,0.009595889,-0.7119522094726562
2024-01-27 22:00:00,0.0,-2.0672244839437024,1.1116151256018535e-05,0.018198544,-0.7120628356933594
2024-01-27 23:00:00,0.0,-3.2806213402824955,1.1116151256018535e-05,0.009595889,-0.7147903442382812
2024-01-28 00:00:00,0.0,-2.182743661118021,1.1116151256018535e-05,0.009595889,-0.7014617919921875
2024-01-28 01:00:00,0.0,-1.995556109700809,1.1116151256018535e-05,0.019825995,-0.6745719909667969
2024-01-28 02:00:00,0.0,-4.900340388163213,1.1116151256018535e-05,0.019825995,-0.6136283874511719
2024-01-28 03:00:00,0.0,-2.364308406679864,1.1116151256018535e-05,0.030459924,-0.5380897521972656
2024-01-28 04:00:00,0.0,-0.8855863787113298,1.1116151256018535e-05,0.030459924,-0.413299560546875
2024-01-28 05:00:00,0.0,1.799197399229491,0.0,0.03380331,-0.05727386474609375
2024-01-28 06:00:00,0.0,8.795008030063123,0.0002512865906663974,-0.09587215,0.5944252014160156
2024-01-28 07:00:00,5.924,12.918138882850416,6.818125901673492,5.458534,12.19717025756836
2024-01-28 08:00:00,32.44,23.39624300604642,34.65462391382445,35.24272,43.01715850830078
2024-01-28 09:00:00,65.04,61.2267106301151,59.92192592149913,61.77584,62.97038269042969
2024-01-28 10:00:00,93.284,94.0912054136387,94.6784032607393,92.689255,96.76445007324219
2024-01-28 11:00:00,109.14,113.147275352858,110.2598920647111,110.155014,121.21470642089844
2024-01-28 12:00:00,129.606,117.67855364484234,114.55150654239357,111.057846,127.6195068359375
2024-01-28 13:00:00,115.16,129.7807889382167,115.42165262448654,115.07063,117.35176086425781
2024-01-28 14:00:00,90.62,96.0212260856733,92.74255530256156,92.40327,104.80943298339844
2024-01-28 15:00:00,63.38400000000001,63.1366890220025,59.43519752836054,57.896374,71.4069595336914
2024-01-28 16:00:00,31.154000000000003,35.57154124050018,29.038892681849553,29.264332,33.49329376220703
2024-01-28 17:00:00,5.716,6.289289954305211,3.846326945662426,3.530092,6.183330535888672
2024-01-28 18:00:00,0.0,-4.231273190533276,0.010571116151256017,0.022956954,-0.5859375
2024-01-28 19:00:00,0.0,1.0723454033157287,1.1116151256018535e-05,0.006991306,-0.6697006225585938
2024-01-28 20:00:00,0.0,0.5982301963009508,1.1116151256018535e-05,0.012841363,-0.7097320556640625
2024-01-28 21:00:00,0.0,-0.5576623886249124,1.1116151256018535e-05,0.016866598,-0.776702880859375
2024-01-28 22:00:00,0.0,-0.3576448075235341,1.1116151256018535e-05,0.016866598,-0.8052101135253906
2024-01-28 23:00:00,0.0,0.15199042143472874,1.1116151256018535e-05,0.017584376,-0.8125686645507812
2024-01-29 00:00:00,0.0,2.69953301670353,1.1116151256018535e-05,0.030459924,-0.8127822875976562
2024-01-29 01:00:00,0.0,-3.123605278883997,1.1116151256018535e-05,0.026600279,-0.7840080261230469
2024-01-29 02:00:00,0.0,-5.582335150230372,1.1116151256018535e-05,0.026600279,-0.6717376708984375
2024-01-29 03:00:00,0.0,-6.3295006324798075,1.1116151256018535e-05,0.02185727,-0.47989654541015625
2024-01-29 04:00:00,0.0,-5.637979627148845,1.1116151256018535e-05,0.02185727,-0.21026611328125
2024-01-29 05:00:00,0.0,-1.3125044690287395,0.0,0.03380331,0.0282135009765625
2024-01-29 06:00:00,0.0,9.303625116439928,0.0013347216189149849,0.100165285,0.20809555053710938
2024-01-29 07:00:00,5.634,14.325636668475711,7.434268105686831,7.2338486,11.04019546508789
2024-01-29 08:00:00,30.086,24.410844369017518,33.87755626936587,34.060825,43.880184173583984
2024-01-29 09:00:00,60.766,59.213772384085296,58.39150913113599,57.78945,63.804893493652344
2024-01-29 10:00:00,88.354,87.65077989211417,88.40998444562636,89.70574,92.21849060058594
2024-01-29 11:00:00,105.934,108.17605675533329,108.95878756965436,109.97873,119.38862609863281
2024-01-29 12:00:00,121.85,113.0715899924825,118.03218374268037,117.68015,125.59930419921875
2024-01-29 13:00:00,111.64,120.13779512163845,110.84812309450557,110.25977,113.87001037597656
2024-01-29 14:00:00,101.88,93.66293476117693,90.36968708468665,94.29235,97.43302917480469
2024-01-29 15:00:00,70.67,77.95990282624408,68.56703289127539,68.80404,65.64655303955078
2024-01-29 16:00:00,34.986000000000004,38.28895660845466,43.238940000000014,40.250637,39.24319076538086
2024-01-29 17:00:00,6.609999999999999,8.18158727586786,7.740862536332512,6.971218,11.868099212646484
2024-01-29 18:00:00,0.0,-3.3784591488727527,0.00863111615125602,-0.008384795,-0.4376983642578125
2024-01-29 19:00:00,0.0,3.071008077094741,1.1116151256018535e-05,0.002783527,-0.6211585998535156
2024-01-29 20:00:00,0.0,3.6149065072526168,1.1116151256018535e-05,0.006991306,-0.6460304260253906
2024-01-29 21:00:00,0.0,-1.0612930181079507,1.1116151256018535e-05,0.02185727,-0.6867294311523438
2024-01-29 22:00:00,0.0,-2.348445868561509,1.1116151256018535e-05,0.02185727,-0.7068595886230469
2024-01-29 23:00:00,0.0,-2.942732854643139,1.1116151256018535e-05,0.02185727,-0.7166519165039062
2024-01-30 00:00:00,0.0,-0.6067366277722952,1.1116151256018535e-05,0.02185727,-0.7126007080078125
2024-01-30 01:00:00,0.0,-3.752336212184865,1.1116151256018535e-05,0.02185727,-0.6836318969726562
2024-01-30 02:00:00,0.0,-4.34752702438158,1.1116151256018535e-05,0.030459924,-0.5721817016601562
2024-01-30 03:00:00,0.0,-6.603934278200985,1.1116151256018535e-05,0.030459924,-0.49747467041015625
2024-01-30 04:00:00,0.0,-4.646970201266026,1.1116151256018535e-05,0.02185727,-0.23458099365234375
2024-01-30 05:00:00,0.0,0.45436277366794187,0.0,0.033695634,0.06482315063476562
2024-01-30 06:00:00,0.0,10.224863923853382,0.009122108150533336,0.05379111,0.5221443176269531
2024-01-30 07:00:00,4.7,16.17008731473775,9.534491928571434,8.982057,12.67342758178711
2024-01-30 08:00:00,21.556,25.94489323961221,28.944362928039162,29.296036,45.29787063598633
2024-01-30 09:00:00,42.21000000000001,47.05713543508572,44.033194139119566,45.66253,45.681888580322266
2024-01-30 10:00:00,61.28,64.62810509771228,66.09164837030681,60.09835,62.09845733642578
2024-01-30 11:00:00,87.404,78.46291431437459,78.37604109607351,84.70209,79.45535278320312
2024-01-30 12:00:00,90.03,101.95666279735093,94.90638849709734,98.99139,94.9052734375
2024-01-30 13:00:00,87.554,87.88751025138313,79.05199921199792,85.57228,103.16236877441406
2024-01-30 14:00:00,60.45,76.4202332643485,66.3672115342231,69.570984,79.32467651367188
2024-01-30 15:00:00,39.596,41.85876173900412,39.9576735,41.851097,57.742034912109375
2024-01-30 16:00:00,18.83,25.084883121797166,20.291562002164508,18.946222,28.437559127807617
2024-01-30 17:00:00,4.234000000000001,3.574711378895538,4.132946302459454,4.0077496,6.8231048583984375
2024-01-30 18:00:00,0.0,-4.952963095329431,1.1116151256018535e-05,0.019509066,-0.43186187744140625
2024-01-30 19:00:00,0.0,-2.410400652317389,1.1116151256018535e-05,0.030459924,-0.7197036743164062
2024-01-30 20:00:00,0.0,-1.3568988644207574,1.1116151256018535e-05,0.030459924,-0.7420616149902344
2024-01-30 21:00:00,0.0,-0.49865953479060154,1.1116151256018535e-05,0.037113175,-0.7036209106445312
2024-01-30 22:00:00,0.0,-0.4535972760252238,1.1116151256018535e-05,0.019933673,-0.6935768127441406
2024-01-30 23:00:00,0.0,-2.587335765091793,1.1116151256018535e-05,0.037113175,-0.6970062255859375
2024-01-31 00:00:00,0.0,-4.512739857380515,1.1116151256018535e-05,0.019825995,-0.7176055908203125
2024-01-31 01:00:00,0.0,-6.348926114158435,1.1116151256018535e-05,0.030338895,-0.7339134216308594
2024-01-31 02:00:00,0.0,-7.709390405964847,1.1116151256018535e-05,0.019933673,-0.7064704895019531
2024-01-31 03:00:00,0.0,-4.366531584889811,1.1116151256018535e-05,0.026533475,-0.5555839538574219
2024-01-31 04:00:00,0.0,-1.8335195246819107,1.1116151256018535e-05,0.02944018,-0.3084068298339844
2024-01-31 05:00:00,0.0,2.300011789616203,0.0,0.062153246,0.3182945251464844
2024-01-31 06:00:00,0.0,8.64377935937912,0.035496103716277934,-0.019277144,1.4239540100097656
2024-01-31 07:00:00,6.24,12.025784633170359,8.871476476190477,7.6547422,13.457294464111328
2024-01-31 08:00:00,35.804,21.90422709474945,35.78962440175549,36.118805,41.150634765625
2024-01-31 09:00:00,70.316,64.3036074293253,67.31901710092163,69.38627,59.541038513183594
2024-01-31 10:00:00,104.06,98.76565780267006,101.88824422281958,101.99674,104.6027603149414
2024-01-31 11:00:00,128.394,126.13605293534022,124.8683033764759,123.58791,136.2012481689453
2024-01-31 12:00:00,138.606,135.25190327351038,135.36022315584424,137.6989,153.85540771484375
2024-01-31 13:00:00,126.77,131.4254922218517,130.58413634798802,135.10518,152.7263946533203
2024-01-31 14:00:00,107.26,105.29078407969828,110.66047719429456,104.36936,126.4521484375
2024-01-31 15:00:00,73.97000000000001,79.15971453312113,73.89249916666664,73.69948,84.7734375
2024-01-31 16:00:00,39.870000000000005,40.63641448884978,38.96507078156101,37.385685,45.34922409057617
2024-01-31 17:00:00,7.724,13.742100365725724,9.752277076978624,9.473628,12.693180084228516
2024-01-31 18:00:00,0.0,-5.096580249240651,9.573561535853807e-05,0.05752939,-0.2763519287109375
2024-01-31 19:00:00,0.0,3.62940770369089,1.1116151256018535e-05,0.036360078,-0.5505409240722656
2024-01-31 20:00:00,0.0,4.222746262244719,1.1116151256018535e-05,0.015593959,-0.61041259765625
2024-01-31 21:00:00,0.0,2.158977656985792,1.1116151256018535e-05,0.02144402,-0.7168350219726562
2024-01-31 22:00:00,0.0,0.7038773921555442,1.1116151256018535e-05,0.02144402,-0.7537498474121094
2024-01-31 23:00:00,0.0,0.48866950514484275,1.1116151256018535e-05,0.012841363,-0.7828292846679688
2024-02-01 00:00:00,0.0,1.6167779348585736,1.1116151256018535e-05,0.02185727,-0.7582778930664062
2024-02-01 01:00:00,0.0,-0.7811411864696063,1.1116151256018535e-05,0.009595889,-0.7850303649902344
2024-02-01 02:00:00,0.0,-2.7371505643830147,1.1116151256018535e-05,0.009595889,-0.6418342590332031
2024-02-01 03:00:00,0.0,-4.539173571785715,1.1116151256018535e-05,0.009595889,-0.5928268432617188
2024-02-01 04:00:00,0.0,-2.73277532689311,1.1116151256018535e-05,0.009595889,-0.3438224792480469
2024-02-01 05:00:00,0.0,0.844856481465216,0.0,0.028208548,-0.26795196533203125
2024-02-01 06:00:00,0.0,10.027564184076786,0.0431088674443228,0.19888233,0.14160919189453125
2024-02-01 07:00:00,7.75,15.633990364368682,9.910264360902252,10.323289,14.110641479492188
2024-02-01 08:00:00,44.47,30.291174749965627,44.16801921557395,44.803482,51.273101806640625
2024-02-01 09:00:00,85.19,80.56965477426411,83.69837009789826,84.592,81.62802124023438
2024-02-01 10:00:00,119.74,117.5973769595137,118.62697657120076,118.55665,121.76071166992188
2024-02-01 11:00:00,142.256,143.78479875694367,141.68491593854148,142.41684,145.24053955078125
2024-02-01 12:00:00,151.01,152.17116960555302,154.13486613391333,155.27232,153.62705993652344
2024-02-01 13:00:00,143.15,142.8166957153175,148.40816343999265,147.242,143.39297485351562
2024-02-01 14:00:00,120.03,117.91749133617955,120.99965500531236,123.50517,114.60231018066406
2024-02-01 15:00:00,85.45,83.60723073930734,87.28853713050962,85.4864,85.25849914550781
2024-02-01 16:00:00,45.06,48.278937562237466,44.258584390577596,42.882854,43.903663635253906
2024-02-01 17:00:00,9.024,13.866383195502332,8.094554036582299,8.030537,9.708816528320312
2024-02-01 18:00:00,0.0,-4.663599874157716,0.00017669834478090043,-0.028739495,-0.3338890075683594
2024-02-01 19:00:00,0.0,1.9265592369659095,1.1116151256018535e-05,-0.01158871,-0.5563163757324219
2024-02-01 20:00:00,0.0,1.9064202967402628,1.1116151256018535e-05,0.019377016,-0.6674308776855469
2024-02-01 21:00:00,0.0,1.2094492858712762,1.1116151256018535e-05,0.004605217,-0.7398414611816406
2024-02-01 22:00:00,0.0,1.4268528199952009,1.1116151256018535e-05,0.004455105,-0.7481880187988281
2024-02-01 23:00:00,0.0,0.13724017592761895,1.1116151256018535e-05,0.006564257,-0.7584724426269531
2024-02-02 00:00:00,0.0,2.382439916701042,1.1116151256018535e-05,0.101575926,-0.7373085021972656
2024-02-02 01:00:00,0.0,-1.3405483850305693,1.1116151256018535e-05,0.019112086,-0.7289695739746094
2024-02-02 02:00:00,0.0,-4.927920312139646,1.1116151256018535e-05,0.0143388985,-0.838226318359375
2024-02-02 03:00:00,0.0,-5.856539154572906,1.1116151256018535e-05,0.009595889,-1.0233078002929688
2024-02-02 04:00:00,0.0,-3.892785599691237,1.1116151256018535e-05,0.009595889,-0.6955299377441406
2024-02-02 05:00:00,0.0,0.7445875843979323,0.0,0.028208548,-0.14136123657226562
2024-02-02 06:00:00,0.0,11.724606565592508,0.022334721618914984,0.15635657,-0.2720832824707031
2024-02-02 07:00:00,7.134,16.17868335457058,9.97747391690009,11.099243,7.467327117919922
2024-02-02 08:00:00,40.18600000000001,28.876794279264775,42.68707190477091,42.24911,41.98023223876953
2024-02-02 09:00:00,78.516,76.1958125941023,78.09084564967495,79.62008,84.12564086914062
2024-02-02 10:00:00,113.524,111.92383919065361,112.85237108264442,111.26157,115.51095581054688
2024-02-02 11:00:00,136.994,138.89950942180144,139.54994186220202,136.56161,139.4106903076172
2024-02-02 12:00:00,149.624,146.16651653026415,152.10714086984325,153.5425,150.7594451904297
2024-02-02 13:00:00,141.716,144.10955652736652,148.26036771988313,148.87314,146.95970153808594
2024-02-02 14:00:00,114.22,117.76752233550349,120.49881423714619,122.75698,122.8076171875
2024-02-02 15:00:00,75.19,80.07065457031698,80.78399420490618,79.95916,85.87567138671875
2024-02-02 16:00:00,38.046,42.48722985761971,35.079353856883706,34.611877,45.80235290527344
2024-02-02 17:00:00,7.440000000000001,13.73432591295314,6.308874919464452,6.3533916,11.586875915527344
2024-02-02 18:00:00,0.0,-1.7591937904727057,5.6790891740447614e-05,-0.05908951,-0.3040122985839844
2024-02-02 19:00:00,0.0,4.398968700169165,1.1116151256018535e-05,-0.0056369887,-0.6138153076171875
2024-02-02 20:00:00,0.0,5.231406983626374,1.1116151256018535e-05,0.019195713,-0.6703834533691406
2024-02-02 21:00:00,0.0,2.48033425410231,1.1116151256018535e-05,-0.014187108,-0.6910018920898438
2024-02-02 22:00:00,0.0,1.1380874040654263,1.1116151256018535e-05,-0.012927237,-0.7231521606445312
2024-02-02 23:00:00,0.0,-2.263720060343724,1.1116151256018535e-05,0.034633797,-0.75616455078125
2024-02-03 00:00:00,0.0,-1.0192197980724749,1.1116151256018535e-05,-8.207448e-05,-0.7367362976074219
2024-02-03 01:00:00,0.0,-3.8564813968902003,1.1116151256018535e-05,0.006692213,-0.7265090942382812
2024-02-03 02:00:00,0.0,-5.157093052940012,1.1116151256018535e-05,0.006692213,-0.711151123046875
2024-02-03 03:00:00,0.0,-5.664795146413759,1.1116151256018535e-05,0.006692213,-0.6655769348144531
2024-02-03 04:00:00,0.0,-4.873379813440768,1.1116151256018535e-05,-0.010595693,-0.4271202087402344
2024-02-03 05:00:00,0.0,-0.05638422514602337,0.0,0.01716136,-0.33135223388671875
2024-02-03 06:00:00,0.0,9.845639523250108,0.05733785944882701,0.11589259,-0.437713623046875
2024-02-03 07:00:00,3.92,16.311931405629462,9.998295820512816,10.571534,8.591190338134766
2024-02-03 08:00:00,15.656,24.774895594843677,23.423515395001587,23.62162,41.38990020751953
2024-02-03 09:00:00,28.736000000000004,39.93977413606608,35.06528495238096,35.099087,63.81712341308594
2024-02-03 10:00:00,19.28,48.93375112586795,42.96526915804363,43.12641,54.486209869384766
2024-02-03 11:00:00,51.916,26.870216233957127,43.844765354141344,43.879303,63.15797424316406
2024-02-03 12:00:00,81.034,71.57879042073361,68.09798256410254,62.840256,64.0554428100586
2024-02-03 13:00:00,83.14600000000002,92.88151220280781,96.1456943956762,87.72694,62.652061462402344
2024-02-03 14:00:00,73.976,74.06898797719992,79.17878692761053,74.42667,51.169342041015625
2024-02-03 15:00:00,51.63,54.06097443915959,51.00805437356321,46.96017,33.48777770996094
2024-02-03 16:00:00,26.59,29.25624117235362,27.99584621568629,29.17653,16.752397537231445
2024-02-03 17:00:00,5.91,9.45362612293618,7.013865680451129,8.260727,3.2096328735351562
2024-02-03 18:00:00,0.0,-3.312624495047804,0.09707111615125602,-0.08247803,-0.6545333862304688
2024-02-03 19:00:00,0.0,-2.987639785454218,1.1116151256018535e-05,-0.029997448,-0.7877388000488281
2024-02-03 20:00:00,0.0,-3.8026407866874115,1.1116151256018535e-05,-0.0398097,-0.7126731872558594
2024-02-03 21:00:00,0.0,-3.3174315381727437,1.1116151256018535e-05,0.0005799851,-0.6488685607910156
2024-02-03 22:00:00,0.0,-0.45271689009028804,1.1116151256018535e-05,0.0053229947,-0.5572547912597656
2024-02-03 23:00:00,0.0,3.262631205192786,1.1116151256018535e-05,-0.0010691487,-0.4550895690917969
2024-02-04 00:00:00,0.0,1.4581259828414495,1.1116151256018535e-05,0.075777926,-0.3082618713378906
2024-02-04 01:00:00,0.0,-2.5566942003666497,1.1116151256018535e-05,0.2770468,-0.21710586547851562
2024-02-04 02:00:00,0.0,-2.9547937458484466,1.1116151256018535e-05,0.11850304,0.21746826171875
2024-02-04 03:00:00,0.0,-3.731033160130785,1.1116151256018535e-05,0.0061976034,0.23528671264648438
2024-02-04 04:00:00,0.0,-1.7616393832930135,1.1116151256018535e-05,0.046503633,0.23411941528320312
2024-02-04 05:00:00,0.0,1.0833331638528299,0.0,0.17567998,0.29027557373046875
2024-02-04 06:00:00,0.0,7.755639295761307,0.06276532604375124,-0.0004909561,1.6197509765625
2024-02-04 07:00:00,5.216,11.837887965599021,9.602082777777778,8.570871,11.260272979736328
2024-02-04 08:00:00,22.82,21.152033357921887,31.304419658342827,28.305325,32.43647384643555
2024-02-04 09:00:00,39.786,46.68013439772414,40.64858591091338,38.084484,43.355682373046875
2024-02-04 10:00:00,57.25,63.264922978358,64.66399155734321,61.386673,58.20314025878906
2024-02-04 11:00:00,96.804,75.93631154802458,72.08369563571428,80.389,78.43062591552734
2024-02-04 12:00:00,106.39,118.28124267414168,108.05204713739026,116.72922,86.36540222167969
2024-02-04 13:00:00,84.44,108.5961392518144,108.56720416445003,111.81728,113.52883911132812
2024-02-04 14:00:00,67.72000000000001,68.64169464990135,79.62784288919755,74.305466,89.12315368652344
2024-02-04 15:00:00,52.56,51.125767538886095,45.396811857142886,47.02058,59.77625274658203
2024-02-04 16:00:00,30.086,32.942299047949874,25.32613551515151,26.6005,32.08257293701172
2024-02-04 17:00:00,7.840000000000001,9.79556514271868,4.185432042735042,4.624498,11.964786529541016
2024-02-04 18:00:00,0.0,-5.4453506992324465,0.03845911615125603,-0.0022282074,0.17429733276367188
2024-02-04 19:00:00,0.0,-2.355503838842794,1.1116151256018535e-05,0.061089396,-0.6152267456054688
2024-02-04 20:00:00,0.0,0.18815560090738348,1.1116151256018535e-05,0.030813085,-0.6239204406738281
2024-02-04 21:00:00,0.0,-0.5277977088981483,1.1116151256018535e-05,0.013632394,-0.6682205200195312
2024-02-04 22:00:00,0.0,0.21336728343942202,1.1116151256018535e-05,0.022235049,-0.6797866821289062
2024-02-04 23:00:00,0.0,1.1915368150213077,1.1116151256018535e-05,0.015360824,-0.6350364685058594
2024-02-05 00:00:00,0.0,-2.800326190732477,1.1116151256018535e-05,0.012143186,-0.4974250793457031
2024-02-05 01:00:00,0.0,-6.41468309711497,1.1116151256018535e-05,0.012143186,-0.48488616943359375
2024-02-05 02:00:00,0.0,-4.94096121750295,1.1116151256018535e-05,0.012143186,-0.46419525146484375
2024-02-05 03:00:00,0.0,-3.3251263329906147,1.1116151256018535e-05,0.012143186,-0.396209716796875
2024-02-05 04:00:00,0.0,-2.0506331196956564,1.1116151256018535e-05,0.012143186,-0.18019866943359375
2024-02-05 05:00:00,0.0,1.5973467640047374,0.0,0.03681119,0.15067291259765625
2024-02-05 06:00:00,0.0,8.32611762789265,0.011394721618914985,-0.04457221,0.06515884399414062
2024-02-05 07:00:00,9.26,13.509339771386147,9.476215965102323,6.495442,9.539852142333984
2024-02-05 08:00:00,47.446,31.160093293159804,40.57345992178454,40.081715,40.83113098144531
2024-02-05 09:00:00,88.08,82.94665103157803,87.18584497171041,88.542564,74.2251205444336
2024-02-05 10:00:00,121.95,120.87055674510734,121.25984310753238,120.55542,118.46267700195312
2024-02-05 11:00:00,144.06,142.5148661873668,141.084307798168,140.56581,143.033935546875
2024-02-05 12:00:00,148.6,149.40415527847549,157.14053055727672,153.20296,153.9512481689453
2024-02-05 13:00:00,140.776,138.80421648329008,148.56807188562226,141.65747,142.367919921875
2024-02-05 14:00:00,116.93,118.55630778674876,118.29123356242815,117.07428,115.56761169433594
2024-02-05 15:00:00,82.334,85.33748276615665,84.64182327912584,82.36625,85.26371765136719
2024-02-05 16:00:00,43.024,46.97574146016801,41.93819238983908,42.857582,43.22456359863281
2024-02-05 17:00:00,9.57,13.935927233285355,6.3065237621205155,7.0255713,10.616954803466797
2024-02-05 18:00:00,0.0,-5.489769642047758,0.00017669834478090043,-0.002345482,-0.3559150695800781
2024-02-05 19:00:00,0.0,2.028875769205831,1.1116151256018535e-05,0.02227878,-0.5928001403808594
2024-02-05 20:00:00,0.0,2.9952483828250873,1.1116151256018535e-05,0.015947128,-0.6703147888183594
2024-02-05 21:00:00,0.0,0.08444927382835088,1.1116151256018535e-05,0.022648301,-0.6743049621582031
2024-02-05 22:00:00,0.0,-2.2421820929042644,1.1116151256018535e-05,0.018198544,-0.6236000061035156
2024-02-05 23:00:00,0.0,-1.7270800363344372,1.1116151256018535e-05,0.018198544,-0.6223487854003906
2024-02-06 00:00:00,0.0,0.3250948859032481,1.1116151256018535e-05,0.018198544,-0.61871337890625
2024-02-06 01:00:00,0.0,-0.7856004008504094,1.1116151256018535e-05,0.009595889,-0.5729637145996094
2024-02-06 02:00:00,0.0,-2.9838615599794203,1.1116151256018535e-05,0.018198544,-0.40895843505859375
2024-02-06 03:00:00,0.0,-4.024895847170719,1.1116151256018535e-05,0.011424257,-0.4688682556152344
2024-02-06 04:00:00,0.0,-2.5034667130457784,1.1116151256018535e-05,0.009595889,-0.22723770141601562
2024-02-06 05:00:00,0.0,1.6657372693486305,0.0,0.02154194,-0.2520103454589844
2024-02-06 06:00:00,0.0,10.863713618804928,0.1296457386257177,0.14745125,0.13779067993164062
2024-02-06 07:00:00,7.620000000000001,17.150858961333817,10.086768967140934,8.74827,16.646059036254883
2024-02-06 08:00:00,37.454,30.72650810994534,42.04213464510242,41.50187,54.24319839477539
2024-02-06 09:00:00,74.376,69.2797804332877,74.03585142433315,74.06063,79.80348205566406
2024-02-06 10:00:00,109.306,104.93975355471943,107.41853324991685,106.850945,112.79814147949219
2024-02-06 11:00:00,125.824,131.23911230696353,133.36813164312184,131.8043,132.11721801757812
2024-02-06 12:00:00,129.23,132.14182703003146,148.20647616714416,139.51984,143.3997344970703
2024-02-06 13:00:00,128.084,122.46378938730231,118.91972408363773,118.71191,126.29768371582031
2024-02-06 14:00:00,86.89,111.32150011040761,103.34368763174201,104.86374,91.68637084960938
2024-02-06 15:00:00,61.73400000000001,54.85443405331625,61.04536291741593,59.8758,66.56513977050781
2024-02-06 16:00:00,31.696,36.9957069040824,31.297116260389615,30.952768,29.552322387695312
2024-02-06 17:00:00,7.656000000000001,9.257034026981515,5.991583401366606,6.830011,4.345317840576172
2024-02-06 18:00:00,0.0,-2.530076414412388,9.573561535853807e-05,-0.0767026,-0.5459136962890625
2024-02-06 19:00:00,0.0,3.6741427461751544,1.1116151256018535e-05,0.009790933,-0.6776695251464844
2024-02-06 20:00:00,0.0,3.4085077020525896,1.1116151256018535e-05,0.009595889,-0.6845817565917969
2024-02-06 21:00:00,0.0,2.057104196589936,1.1116151256018535e-05,0.009595889,-0.7089996337890625
2024-02-06 22:00:00,0.0,-1.2888131121503852,1.1116151256018535e-05,0.009595889,-0.7507743835449219
2024-02-06 23:00:00,0.0,-3.6067346526738735,1.1116151256018535e-05,0.009595889,-0.7762527465820312
2024-02-07 00:00:00,0.0,-0.629960629990622,1.1116151256018535e-05,0.009595889,-0.7811965942382812
2024-02-07 01:00:00,0.0,-2.3097445297990755,1.1116151256018535e-05,0.009595889,-0.7497024536132812
2024-02-07 02:00:00,0.0,-6.8641739243556845,1.1116151256018535e-05,0.009595889,-0.700439453125
2024-02-07 03:00:00,0.0,-3.5019189105968085,1.1116151256018535e-05,0.009595889,-0.6905632019042969
2024-02-07 04:00:00,0.0,-2.312158748762355,1.1116151256018535e-05,0.004605217,-0.5541763305664062
2024-02-07 05:00:00,0.0,1.629548238080988,0.0,-0.014267709,-0.3128662109375
2024-02-07 06:00:00,0.0,10.36599758848519,0.18573279877523546,0.10132937,-0.24745559692382812
2024-02-07 07:00:00,7.940000000000001,16.786023685083315,10.785445316257496,8.235238,12.095661163330078
2024-02-07 08:00:00,37.376,28.65391336359575,43.740306518655125,43.939106,46.74772644042969
2024-02-07 09:00:00,71.654,67.32378911363429,72.61427246584175,73.55258,66.16045379638672
2024-02-07 10:00:00,101.61,98.2114722471087,105.41783416869038,104.06886,107.63037109375
2024-02-07 11:00:00,124.144,121.28213106200278,125.46963083600598,121.70504,126.26800537109375
2024-02-07 12:00:00,130.16,134.99744312744187,128.37126748272135,129.51025,133.9897918701172
2024-02-07 13:00:00,130.806,124.84777709846975,119.86766951035612,120.21387,130.7812042236328
2024-02-07 14:00:00,104.434,115.98479311654285,103.48948956236558,105.67041,100.9388427734375
2024-02-07 15:00:00,76.254,75.2830093763111,70.38703855416067,70.43066,71.4058837890625
2024-02-07 16:00:00,41.63,46.641651946707285,38.694446411198726,38.49319,35.97505569458008
2024-02-07 17:00:00,10.35,11.882973712445505,11.043986542727389,10.233755,7.977100372314453
2024-02-07 18:00:00,0.0,-7.062410150814145,0.007298126916209474,-0.006439994,-0.54010009765625
2024-02-07 19:00:00,0.0,-0.11099274847341078,1.1116151256018535e-05,-0.92550886,-0.624542236328125
2024-02-07 20:00:00,0.0,2.1083480029209793,1.1116151256018535e-05,-0.014285973,-0.6541557312011719
2024-02-07 21:00:00,0.0,2.5424798060008285,1.1116151256018535e-05,0.0005799851,-0.75604248046875
2024-02-07 22:00:00,0.0,2.7512853925680334,1.1116151256018535e-05,0.0005799851,-0.7895851135253906
2024-02-07 23:00:00,0.0,0.8630921061841409,1.1116151256018535e-05,0.009182638,-0.8346023559570312
2024-02-08 00:00:00,0.0,0.5602197177604855,1.1116151256018535e-05,0.0005799851,-0.8021812438964844
2024-02-08 01:00:00,0.0,-0.7567712405666516,1.1116151256018535e-05,0.0005799851,-0.7787742614746094
2024-02-08 02:00:00,0.0,-4.070898980071853,1.1116151256018535e-05,0.0005799851,-0.6785202026367188
2024-02-08 03:00:00,0.0,-2.8963073170272455,1.1116151256018535e-05,0.0005799851,-0.6674079895019531
2024-02-08 04:00:00,0.0,-0.9842776674469094,1.1116151256018535e-05,0.0005799851,-0.39288330078125
2024-02-08 05:00:00,0.0,2.6261668905219153,0.0,0.019192642,-0.4107017517089844
2024-02-08 06:00:00,0.0,9.848022388871293,0.1528569380416543,0.13469288,-0.09175872802734375
2024-02-08 07:00:00,8.644,15.26738148714668,10.57253674827017,8.291962,12.550880432128906
2024-02-08 08:00:00,40.804,29.890835655539203,45.45495274353234,45.97017,47.23527908325195
2024-02-08 09:00:00,76.766,72.73372506129067,77.51341605566137,78.34462,74.05082702636719
2024-02-08 10:00:00,105.556,107.02706227387529,108.68890045400589,108.346,114.3958740234375
2024-02-08 11:00:00,135.524,126.48319079403325,128.8355641773024,129.72914,133.63255310058594
2024-02-08 12:00:00,160.99,148.0406391985052,151.8681650499832,150.10475,139.6566162109375
2024-02-08 13:00:00,154.24,161.79462411188408,153.61208683679152,154.84526,138.44171142578125
2024-02-08 14:00:00,133.206,131.90659808744547,132.8713294601992,130.53084,129.20492553710938
2024-02-08 15:00:00,100.066,100.00201645324194,98.57186886892129,99.632774,92.7271728515625
2024-02-08 16:00:00,58.316,63.12028275570295,58.938160161499894,59.74836,55.40898895263672
2024-02-08 17:00:00,15.406,24.755173712487643,16.844430561355303,16.021177,17.751367568969727
2024-02-08 18:00:00,0.0,-5.0907380586893956,0.037839922856550884,0.2662368,0.08979415893554688
2024-02-08 19:00:00,0.0,-1.784200990362204,1.1116151256018535e-05,0.0021702047,-0.6212997436523438
2024-02-08 20:00:00,0.0,1.5130187088073792,1.1116151256018535e-05,0.010008001,-0.7469635009765625
2024-02-08 21:00:00,0.0,-0.08931876036574016,1.1116151256018535e-05,0.0032634588,-0.7720794677734375
2024-02-08 22:00:00,0.0,1.2048632623123652,1.1116151256018535e-05,0.015191518,-0.7497291564941406
2024-02-08 23:00:00,0.0,1.9880352236212224,1.1116151256018535e-05,0.0143388985,-0.7509536743164062
2024-02-09 00:00:00,0.0,2.8631044047714433,1.1116151256018535e-05,0.009595889,-0.7667770385742188
2024-02-09 01:00:00,0.0,-1.7104040530554654,1.1116151256018535e-05,0.0076626022,-0.7785797119140625
2024-02-09 02:00:00,0.0,-4.001746645272468,1.1116151256018535e-05,0.0076626022,-0.8374519348144531
2024-02-09 03:00:00,0.0,-4.219305712075271,1.1116151256018535e-05,0.015801854,-0.824554443359375
2024-02-09 04:00:00,0.0,-2.548141435855027,1.1116151256018535e-05,0.011822372,-0.5134010314941406
2024-02-09 05:00:00,0.0,1.1476406212869326,0.0,0.03681119,-0.48488616943359375
2024-02-09 06:00:00,0.0,9.6952254200422,0.1296457386257177,0.15694171,-0.3647041320800781
2024-02-09 07:00:00,13.344,14.973254898666687,11.477609434773022,9.116231,15.27180290222168
2024-02-09 08:00:00,57.934000000000005,36.0971558192952,54.723349010988976,53.147614,55.788360595703125
2024-02-09 09:00:00,101.48,97.49655221470229,101.05558912890287,101.38315,95.7791748046875
2024-02-09 10:00:00,136.33,137.02741414797075,133.70003695652022,133.97058,136.8734130859375
2024-02-09 11:00:00,158.76600000000002,158.37566703183506,157.2802497014561,156.26381,158.9437255859375
2024-02-09 12:00:00,167.716,165.36249658680507,165.4353512228582,167.92197,167.38479614257812
2024-02-09 13:00:00,160.806,159.4677860153702,160.69551104992024,160.34462,159.5827178955078
2024-02-09 14:00:00,139.476,137.63201619051657,137.12744296713038,139.56433,138.04473876953125
2024-02-09 15:00:00,105.394,104.33405009047885,101.92976255541272,101.909836,103.74153137207031
2024-02-09 16:00:00,62.084,65.69734243645286,61.54480329516117,60.810764,59.42881393432617
2024-02-09 17:00:00,16.894000000000002,26.769210352728347,17.70664071428572,19.324766,18.86300277709961
2024-02-09 18:00:00,0.0,-3.951982607678694,0.004022058329640688,0.18858658,0.06961822509765625
2024-02-09 19:00:00,0.0,0.15930779558456165,1.1116151256018535e-05,-0.01737778,-0.6379203796386719
2024-02-09 20:00:00,0.0,5.606107952116896,1.1116151256018535e-05,0.00792903,-0.7811431884765625
2024-02-09 21:00:00,0.0,1.6732816900557281,1.1116151256018535e-05,-0.005270071,-0.7253646850585938
2024-02-09 22:00:00,0.0,-0.26655625934428606,1.1116151256018535e-05,0.009595889,-0.6973838806152344
2024-02-09 23:00:00,0.0,-1.1345012896227193,1.1116151256018535e-05,0.009595889,-0.7180099487304688
2024-02-10 00:00:00,0.0,1.4851378886778936,1.1116151256018535e-05,0.009595889,-0.7632217407226562
2024-02-10 01:00:00,0.0,-0.049949925167853904,1.1116151256018535e-05,0.009595889,-0.7888412475585938
2024-02-10 02:00:00,0.0,-1.4957354968645689,1.1116151256018535e-05,0.009595889,-0.8385543823242188
2024-02-10 03:00:00,0.0,-1.7502001393652296,1.1116151256018535e-05,0.018198544,-0.7574806213378906
2024-02-10 04:00:00,0.0,-0.45573341747650553,1.1116151256018535e-05,0.018198544,-0.4158782958984375
2024-02-10 05:00:00,0.0,3.0436856979125695,0.0,0.028208548,-0.4127693176269531
2024-02-10 06:00:00,0.0,12.375880513805235,0.1305257386257177,0.2151957,-0.24676513671875
2024-02-10 07:00:00,13.6,17.803035968495834,12.012304001713863,10.22618,16.628616333007812
2024-02-10 08:00:00,58.760000000000005,40.05973136936523,54.78089520751368,54.21043,58.35344696044922
2024-02-10 09:00:00,101.824,101.07302711212412,102.3425599173766,101.69385,100.56468200683594
2024-02-10 10:00:00,136.84,135.42911596752708,136.99256834201017,138.11714,139.45562744140625
2024-02-10 11:00:00,159.506,159.70149230857857,158.92654575541178,158.44342,161.03671264648438
2024-02-10 12:00:00,168.51600000000002,166.88421159383722,167.43093363793187,169.85555,167.78622436523438
2024-02-10 13:00:00,161.41,160.55823269870402,161.6474980605369,163.01195,158.7606964111328
2024-02-10 14:00:00,139.684,136.13492219277867,139.30106507380236,139.07547,135.6210174560547
2024-02-10 15:00:00,105.36,102.53123646040703,103.79865166262664,102.762184,98.52215576171875
2024-02-10 16:00:00,61.91,64.95378281407937,61.46974437421444,60.735878,55.4598503112793
2024-02-10 17:00:00,16.986,24.72114856488074,17.69462423809524,19.143671,15.65052604675293
2024-02-10 18:00:00,0.0,-3.975335950490586,0.0020216773772597355,0.08148572,-0.2509269714355469
2024-02-10 19:00:00,0.0,1.6120123380179627,1.1116151256018535e-05,-0.033868026,-0.6521759033203125
2024-02-10 20:00:00,0.0,4.761241682653857,1.1116151256018535e-05,-0.005688247,-0.7606315612792969
2024-02-10 21:00:00,0.0,-0.18985567939265957,1.1116151256018535e-05,-0.029241692,-0.7284431457519531
2024-02-10 22:00:00,0.0,-1.1605710708309944,1.1116151256018535e-05,0.00421556,-0.7311668395996094
2024-02-10 23:00:00,0.0,-2.3467015500605513,1.1116151256018535e-05,0.012003077,-0.7573318481445312
2024-02-11 00:00:00,0.0,1.9713093033755933,1.1116151256018535e-05,0.016445959,-0.7830123901367188
2024-02-11 01:00:00,0.0,2.111831253588747,1.1116151256018535e-05,0.014795619,-0.7701454162597656
2024-02-11 02:00:00,0.0,0.683227491703295,1.1116151256018535e-05,0.009021421,-0.793701171875
2024-02-11 03:00:00,0.0,-0.7445341796648735,1.1116151256018535e-05,0.013464303,-0.7530097961425781
2024-02-11 04:00:00,0.0,-0.8889509377769276,1.1116151256018535e-05,0.013464303,-0.3459892272949219
2024-02-11 05:00:00,0.0,1.7548154019859836,0.0,0.022477029,-0.324920654296875
2024-02-11 06:00:00,0.0,12.220058211796346,0.1204657386257177,0.2458148,-0.30472564697265625
2024-02-11 07:00:00,13.740000000000002,19.488943214069593,12.203901758939821,10.7831545,14.288917541503906
2024-02-11 08:00:00,57.96000000000001,42.19339013583523,54.56252906005002,54.71537,54.91087341308594
2024-02-11 09:00:00,101.754,100.61423895576525,101.78300873935692,101.686264,99.33186340332031
2024-02-11 10:00:00,136.91,136.91817874887664,137.14467951029843,138.02519,138.005859375
2024-02-11 11:00:00,159.64,159.69972564925965,159.34735814257724,159.11668,160.63307189941406
2024-02-11 12:00:00,167.906,166.05290757062548,168.91155073260393,170.05188,168.05189514160156
2024-02-11 13:00:00,160.966,157.91452946306683,161.11675231117167,163.23758,159.45970153808594
2024-02-11 14:00:00,138.94400000000002,134.03678635774287,137.75640091920653,138.91147,134.8618927001953
2024-02-11 15:00:00,104.206,101.42002545710534,102.39213187280694,102.74513,100.38941955566406
2024-02-11 16:00:00,61.260000000000005,63.519180298268466,60.93345474418491,60.295547,58.05292892456055
2024-02-11 17:00:00,17.06,23.862929610131243,17.555819952380958,18.843609,17.560209274291992
2024-02-11 18:00:00,0.0,-4.379086608003767,0.0012288419655694545,0.13698718,-0.127960205078125
2024-02-11 19:00:00,0.0,0.928326716300235,1.1116151256018535e-05,-0.033868026,-0.6603622436523438
2024-02-11 20:00:00,0.0,4.092595107974418,1.1116151256018535e-05,-0.00278457,-0.8013877868652344
2024-02-11 21:00:00,0.0,0.24216139903391554,1.1116151256018535e-05,-0.029241692,-0.7778549194335938
2024-02-11 22:00:00,0.0,-0.4605742792226408,1.1116151256018535e-05,0.00421556,-0.7593498229980469
2024-02-11 23:00:00,0.0,-2.005509316606907,1.1116151256018535e-05,0.012003077,-0.7560043334960938
2024-02-12 00:00:00,0.0,2.078754950297134,1.1116151256018535e-05,0.012003077,-0.76318359375
2024-02-12 01:00:00,0.0,2.33956791766654,1.1116151256018535e-05,0.014795619,-0.7528305053710938
2024-02-12 02:00:00,0.0,0.8167089115765747,1.1116151256018535e-05,0.009021421,-0.831634521484375
2024-02-12 03:00:00,0.0,-0.9673814636395548,1.1116151256018535e-05,0.009021421,-0.7931747436523438
2024-02-12 04:00:00,0.0,-1.4284093134405529,1.1116151256018535e-05,-0.013338611,-0.37323760986328125
2024-02-12 05:00:00,0.0,0.9755515793156142,0.0,0.008671679,-0.3562736511230469
2024-02-12 06:00:00,0.0,11.801660118054684,0.1305257386257177,0.2151957,-0.08596420288085938
2024-02-12 07:00:00,8.634,19.41398632066447,12.078615557638932,11.066616,15.13389778137207
2024-02-12 08:00:00,31.204000000000004,34.099215948193574,46.65521000810329,45.69011,58.13277053833008
2024-02-12 09:00:00,59.39600000000001,63.094832990983065,60.62507973534279,58.892487,90.82733154296875
2024-02-12 10:00:00,91.65,86.95229421462045,91.04977816327403,82.8912,101.00331115722656
2024-02-12 11:00:00,115.76,113.1045127430148,124.74523973347578,126.54146,124.01136779785156
2024-02-12 12:00:00,132.74,125.7134486283914,128.63113293843392,118.18688,131.557861328125
2024-02-12 13:00:00,138.25,131.49372594098773,126.52373359455979,127.830185,128.70608520507812
2024-02-12 14:00:00,120.01600000000002,123.64783800135984,118.09840258542596,116.56085,110.46534729003906
2024-02-12 15:00:00,89.604,88.86411477134757,84.01937895129872,84.4998,79.8192367553711
2024-02-12 16:00:00,50.7,54.37470156857501,55.9930974862144,52.596294,49.630950927734375
2024-02-12 17:00:00,13.976,18.602178866188737,18.09208793704336,19.888472,15.496671676635742
2024-02-12 18:00:00,0.0,-2.9594787831407317,0.28189302555301243,0.02452927,-0.09421920776367188
2024-02-12 19:00:00,0.0,0.328490451273858,1.1116151256018535e-05,-0.0054764817,-0.5487747192382812
2024-02-12 20:00:00,0.0,1.014131212887143,1.1116151256018535e-05,0.023649909,-0.6487236022949219
2024-02-12 21:00:00,0.0,-1.937964032240493,1.1116151256018535e-05,0.018198544,-0.7047805786132812
2024-02-12 22:00:00,0.0,-0.6662179694609702,1.1116151256018535e-05,0.018198544,-0.72052001953125
2024-02-12 23:00:00,0.0,-0.16320307331367023,1.1116151256018535e-05,0.009182638,-0.7358055114746094
2024-02-13 00:00:00,0.0,3.923230210149492,1.1116151256018535e-05,0.009595889,-0.7455520629882812
2024-02-13 01:00:00,0.0,3.407529571252761,1.1116151256018535e-05,0.0005799851,-0.7322769165039062
2024-02-13 02:00:00,0.0,-0.19509964109442457,1.1116151256018535e-05,0.009182638,-0.7268714904785156
2024-02-13 03:00:00,0.0,-2.0356928555668943,1.1116151256018535e-05,0.009182638,-0.740509033203125
2024-02-13 04:00:00,0.0,-2.7969316903697408,1.1116151256018535e-05,0.0005799851,-0.5404930114746094
2024-02-13 05:00:00,0.0,-0.5588835255061753,0.0,0.023352413,-0.3392753601074219
2024-02-13 06:00:00,0.0,9.132424131581192,0.1305257386257177,0.11763062,-0.17050552368164062
2024-02-13 07:00:00,10.37,16.045484899319682,12.103281232453439,9.675257,10.019001007080078
2024-02-13 08:00:00,40.95400000000001,34.35547211419671,49.982240090113876,49.83363,45.03529739379883
2024-02-13 09:00:00,72.824,74.14179872747434,76.90719721845976,78.53488,81.20171356201172
2024-02-13 10:00:00,101.0,101.42449475117743,103.04438690325968,102.547844,115.013671875
2024-02-13 11:00:00,121.906,122.25900199786491,120.39511974885082,118.65194,129.6935272216797
2024-02-13 12:00:00,126.276,131.1082124548175,129.23350211157,131.01266,133.8406219482422
2024-02-13 13:00:00,98.46,119.66293426008315,115.55192995582412,116.51267,126.65925598144531
2024-02-13 14:00:00,78.23,74.50855579368226,81.32853468489792,79.03326,96.86412048339844
2024-02-13 15:00:00,57.5,55.412912910101866,48.32026237356321,50.396408,57.98114776611328
2024-02-13 16:00:00,33.264,33.95406263077792,29.60164175084035,29.666904,26.138858795166016
2024-02-13 17:00:00,9.13,10.095561132032321,10.626757678210232,9.854292,3.991436004638672
2024-02-13 18:00:00,0.0,-3.113038387915598,0.06497698916712905,-0.047391973,-0.6247711181640625
2024-02-13 19:00:00,0.0,0.9478509298506297,1.1116151256018535e-05,-0.002323693,-0.6789474487304688
2024-02-13 20:00:00,0.0,1.1056461629271184,1.1116151256018535e-05,0.0005799851,-0.7279586791992188
2024-02-13 21:00:00,0.0,-0.328244262771221,1.1116151256018535e-05,0.0005799851,-0.7759552001953125
2024-02-13 22:00:00,0.0,-0.5100820006163196,1.1116151256018535e-05,0.009182638,-0.761871337890625
2024-02-13 23:00:00,0.0,-2.1986250754391934,1.1116151256018535e-05,0.0005799851,-0.7714653015136719
2024-02-14 00:00:00,0.0,-1.8551812113300419,1.1116151256018535e-05,0.018198544,-0.7450332641601562
2024-02-14 01:00:00,0.0,-4.314145682601454,1.1116151256018535e-05,0.018198544,-0.7324028015136719
2024-02-14 02:00:00,0.0,-2.8955478654783517,1.1116151256018535e-05,0.018198544,-0.6897964477539062
2024-02-14 03:00:00,0.0,-1.8574263311586492,1.1116151256018535e-05,0.009595889,-0.6948699951171875
2024-02-14 04:00:00,0.0,-0.17741379280269443,1.1116151256018535e-05,0.008878113,-0.5616912841796875
2024-02-14 05:00:00,0.0,3.029264075042584,0.0,0.02749077,-0.280120849609375
2024-02-14 06:00:00,0.0,11.773175202910734,0.1296457386257177,0.07961198,0.14929962158203125
2024-02-14 07:00:00,11.4,17.173905136530998,11.856738442340513,9.102873,12.235027313232422
2024-02-14 08:00:00,48.66,33.8099546780748,50.7835874932335,50.188835,46.12229537963867
2024-02-14 09:00:00,91.124,82.70008043076575,87.98186395682437,89.091576,79.57261657714844
2024-02-14 10:00:00,126.956,123.24287117286497,121.76671622027126,120.160034,122.08038330078125
2024-02-14 11:00:00,150.44400000000002,148.34374100785678,149.61203685733997,152.08154,148.73582458496094
2024-02-14 12:00:00,159.06600000000003,156.81241967087186,159.45895301831794,162.39082,158.3650360107422
2024-02-14 13:00:00,152.3,148.5424324199018,152.61311666720985,154.5447,149.95162963867188
2024-02-14 14:00:00,130.744,126.70124995866686,128.44032535914783,126.35335,123.58918762207031
2024-02-14 15:00:00,96.634,94.02431491577357,97.56106545560235,98.389046,90.34623718261719
2024-02-14 16:00:00,54.54,56.458086780530714,54.49934735513369,54.159294,48.02433395385742
2024-02-14 17:00:00,16.05,19.125343022978253,14.827791592303365,13.5316,10.927860260009766
2024-02-14 18:00:00,0.0,-2.1934754537162657,0.014449132221266304,0.3467494,-0.4335441589355469
2024-02-14 19:00:00,0.0,-0.13828249143178883,1.1116151256018535e-05,-0.01158871,-0.5920181274414062
2024-02-14 20:00:00,0.0,3.160920207134053,1.1116151256018535e-05,-0.0075414316,-0.6685600280761719
2024-02-14 21:00:00,0.0,0.39859787352686027,1.1116151256018535e-05,0.0005799851,-0.7119636535644531
2024-02-14 22:00:00,0.0,0.1743577473561846,1.1116151256018535e-05,0.009182638,-0.7170372009277344
2024-02-14 23:00:00,0.0,0.17553299076754958,1.1116151256018535e-05,0.009182638,-0.73577880859375
2024-02-15 00:00:00,0.0,3.5137272077083983,1.1116151256018535e-05,0.018198544,-0.7463531494140625
2024-02-15 01:00:00,0.0,2.789549696089858,1.1116151256018535e-05,0.009595889,-0.7590713500976562
2024-02-15 02:00:00,0.0,0.2229849440557672,1.1116151256018535e-05,0.009595889,-0.8320884704589844
2024-02-15 03:00:00,0.0,-1.5292833923469842,1.1116151256018535e-05,0.008878113,-0.8469352722167969
2024-02-15 04:00:00,0.0,-1.466274639947717,1.1116151256018535e-05,0.008878113,-0.5196151733398438
2024-02-15 05:00:00,0.0,1.4000349404556025,0.0,0.028208548,-0.4896240234375
2024-02-15 06:00:00,0.0,10.675289594367207,0.1397057386257177,0.17519197,-0.02248382568359375
2024-02-15 07:00:00,12.444,17.506998203210305,12.141579828056551,10.70119,15.52479362487793
2024-02-15 08:00:00,52.376000000000005,36.365593751980946,52.08284991288552,51.454987,53.93424987792969
2024-02-15 09:00:00,95.334,90.42457437185152,95.25433478444269,95.919,96.33106994628906
2024-02-15 10:00:00,130.494,129.03675408209386,130.7309084475132,130.10477,132.8084716796875
2024-02-15 11:00:00,153.44000000000003,151.9867742312998,151.83049237557074,152.36879,156.67889404296875
2024-02-15 12:00:00,161.476,160.41964474604248,162.40644803795246,163.01651,164.44271850585938
2024-02-15 13:00:00,154.734,152.83235638571642,155.70117637113154,154.97105,156.3234100341797
2024-02-15 14:00:00,133.024,131.51516187377268,133.55829564199487,135.03316,132.25205993652344
2024-02-15 15:00:00,98.796,97.21403007262518,98.3028371045663,98.92324,97.00009155273438
2024-02-15 16:00:00,56.54600000000001,58.289538629922106,56.66854161437223,57.34873,54.87459182739258
2024-02-15 17:00:00,16.906000000000002,19.353185162513682,15.55980509099452,13.663572,15.645750045776367
2024-02-15 18:00:00,0.0,-2.7521659897738715,0.004022058329640688,0.22308719,-0.22095108032226562
2024-02-15 19:00:00,0.0,0.4393138602261357,1.1116151256018535e-05,-0.0025728045,-0.6139030456542969
2024-02-15 20:00:00,0.0,5.243795210672409,1.1116151256018535e-05,0.0014744713,-0.7178077697753906
2024-02-15 21:00:00,0.0,1.150822013114765,1.1116151256018535e-05,-0.005270071,-0.69561767578125
2024-02-15 22:00:00,0.0,0.3430430663073416,1.1116151256018535e-05,0.009595889,-0.6820831298828125
2024-02-15 23:00:00,0.0,-0.48502438463194864,1.1116151256018535e-05,0.009595889,-0.7047004699707031
2024-02-16 00:00:00,0.0,2.936525982681881,1.1116151256018535e-05,0.009595889,-0.7425727844238281
2024-02-16 01:00:00,0.0,2.1666884436040164,1.1116151256018535e-05,0.009595889,-0.7613868713378906
2024-02-16 02:00:00,0.0,-0.2749544232210821,1.1116151256018535e-05,0.009595889,-0.788360595703125
2024-02-16 03:00:00,0.0,-1.8605946750826003,1.1116151256018535e-05,0.018198544,-0.7288131713867188
2024-02-16 04:00:00,0.0,-1.6306511293788861,1.1116151256018535e-05,0.018198544,-0.4294929504394531
2024-02-16 05:00:00,0.0,1.294572681410442,0.0,0.028208548,-0.4396476745605469
2024-02-16 06:00:00,0.0,11.004489743477244,0.1204657386257177,0.18612112,0.02066802978515625
2024-02-16 07:00:00,12.936000000000002,18.09597385851639,11.629429224539624,11.325326,15.55870246887207
2024-02-16 08:00:00,52.196000000000005,39.564717702169496,54.04276185890876,54.118996,55.75369644165039
2024-02-16 09:00:00,93.834,91.38589834096493,95.75329259789657,95.216446,95.90227508544922
2024-02-16 10:00:00,130.26,126.98516750411767,129.48096506618805,128.97632,130.97386169433594
2024-02-16 11:00:00,153.44400000000002,153.04359540332746,151.904184953872,151.45305,152.70761108398438
2024-02-16 12:00:00,167.14,160.35550788103617,163.13306310289852,163.99377,161.84161376953125
2024-02-16 13:00:00,160.20600000000002,160.4681573711977,159.95302296266968,160.56577,154.74964904785156
2024-02-16 14:00:00,138.45000000000002,135.16269343434635,137.60870259637085,139.96594,134.7566375732422
2024-02-16 15:00:00,103.934,101.31011633006906,102.70906034944575,102.06924,97.38938903808594
2024-02-16 16:00:00,60.6,62.463932708199295,60.39870609363178,60.175865,55.44148635864258
2024-02-16 17:00:00,18.48,22.87639374820567,17.71536113031591,18.697416,15.938343048095703
2024-02-16 18:00:00,0.0,-1.1390515385082165,0.0016486914659021815,0.15526241,-0.19111251831054688
2024-02-16 19:00:00,0.0,0.7435763919583225,1.1116151256018535e-05,-0.0027723012,-0.6129608154296875
2024-02-16 20:00:00,0.0,3.805065549307524,1.1116151256018535e-05,-0.021375863,-0.7130546569824219
2024-02-16 21:00:00,0.0,-0.7729838729914991,1.1116151256018535e-05,-0.029241692,-0.7074317932128906
2024-02-16 22:00:00,0.0,-1.0498439606618621,1.1116151256018535e-05,0.008658443,-0.6925201416015625
2024-02-16 23:00:00,0.0,-1.1429362023018679,1.1116151256018535e-05,0.016445959,-0.7103385925292969
2024-02-17 00:00:00,0.0,3.7133728053198474,1.1116151256018535e-05,0.016445959,-0.7288551330566406
2024-02-17 01:00:00,0.0,2.9776102035508907,1.1116151256018535e-05,0.012003077,-0.7174644470214844
2024-02-17 02:00:00,0.0,0.6521759829330493,1.1116151256018535e-05,0.016445959,-0.7403411865234375
2024-02-17 03:00:00,0.0,-1.2574265524032762,1.1116151256018535e-05,0.019238502,-0.700958251953125
2024-02-17 04:00:00,0.0,-1.0971154025849161,1.1116151256018535e-05,0.014795619,-0.37378692626953125
2024-02-17 05:00:00,0.0,1.5181377690071165,0.0,0.018034147,-0.3133201599121094
2024-02-17 06:00:00,0.0,11.57027729264311,0.11958573862571771,0.13611487,-0.19174957275390625
2024-02-17 07:00:00,14.486000000000002,19.53305437515653,14.293140064476923,13.919819,13.575942993164062
2024-02-17 08:00:00,56.476,42.58251924718792,56.42791909642869,53.95607,53.588623046875
2024-02-17 09:00:00,99.876,97.79917062717672,99.25499513461317,99.48952,99.25169372558594
2024-02-17 10:00:00,133.616,135.16277610603674,135.52444600270243,135.76225,136.28317260742188
2024-02-17 11:00:00,154.4,155.61438461430325,155.77800641331783,155.8531,158.7906036376953
2024-02-17 12:00:00,168.616,160.73248053244734,167.4605868420879,165.75204,167.11549377441406
2024-02-17 13:00:00,161.984,161.14246920795864,161.05619794120645,160.5132,158.66404724121094
2024-02-17 14:00:00,139.08,136.5811384880917,138.65477102815635,139.26843,137.35342407226562
2024-02-17 15:00:00,103.81,101.01172633120507,103.02579399858743,102.81592,101.94795989990234
2024-02-17 16:00:00,60.0,62.896697555217145,60.52261881053784,60.164967,58.1259880065918
2024-02-17 17:00:00,17.194,21.75873989530961,18.265332673037193,18.696003,17.86445426940918
2024-02-17 18:00:00,0.0,-3.4728506275955127,0.006503680636279694,0.108751,-0.05345916748046875
2024-02-17 19:00:00,0.0,0.02234117825057047,1.1116151256018535e-05,-0.015583819,-0.5808601379394531
2024-02-17 20:00:00,0.0,4.137649330240356,1.1116151256018535e-05,-0.005688247,-0.7193336486816406
2024-02-17 21:00:00,0.0,0.4690976139842973,1.1116151256018535e-05,-0.013554078,-0.70654296875
2024-02-17 22:00:00,0.0,-0.05791280171348534,1.1116151256018535e-05,0.008658443,-0.6806182861328125
2024-02-17 23:00:00,0.0,-0.9407791786960131,1.1116151256018535e-05,0.012003077,-0.6968803405761719
2024-02-18 00:00:00,0.0,3.3985786747855995,1.1116151256018535e-05,0.012003077,-0.7156944274902344
2024-02-18 01:00:00,0.0,2.258604059135745,1.1116151256018535e-05,0.012003077,-0.7123298645019531
2024-02-18 02:00:00,0.0,0.23294794948851139,1.1116151256018535e-05,0.012003077,-0.7595939636230469
2024-02-18 03:00:00,0.0,-1.112757321563977,1.1116151256018535e-05,0.012003077,-0.7567291259765625
2024-02-18 04:00:00,0.0,-1.5662676483258773,1.1116151256018535e-05,0.012003077,-0.3998756408691406
2024-02-18 05:00:00,0.0,0.4341568093457715,0.0,0.028208548,-0.38202667236328125
2024-02-18 06:00:00,0.0,10.237601776218385,0.13076973862571772,0.17746918,-0.23873519897460938
2024-02-18 07:00:00,12.4,18.00303563550937,14.688086006566214,14.1928835,14.019935607910156
2024-02-18 08:00:00,48.67,40.94194760350685,51.610250596157215,51.154514,53.9188346862793
2024-02-18 09:00:00,91.48,87.58280945776585,89.84504011678432,90.81345,94.73948669433594
2024-02-18 10:00:00,122.456,127.04183605038105,129.68678589773972,128.68617,123.75894165039062
2024-02-18 11:00:00,144.92000000000002,145.5034103259384,144.15921396262831,147.47029,149.31253051757812
2024-02-18 12:00:00,165.144,150.82960678190182,157.86236942054273,153.9213,157.32574462890625
2024-02-18 13:00:00,155.32000000000002,160.0954549416083,156.38558613225,156.73232,149.74093627929688
2024-02-18 14:00:00,132.216,127.56166516844735,135.8928271947553,134.42184,133.59735107421875
2024-02-18 15:00:00,93.12,94.9525555720746,99.05563188951254,98.379105,93.81562805175781
2024-02-18 16:00:00,52.184000000000005,52.50132643110191,52.99357255935434,52.203953,50.653202056884766
2024-02-18 17:00:00,15.06,19.285556595836397,16.509969117747186,15.637673,13.321086883544922
2024-02-18 18:00:00,0.0,-0.4547019344329637,0.007328841965569456,0.35127395,-0.08974075317382812
2024-02-18 19:00:00,0.0,2.6769295528304995,1.1116151256018535e-05,-0.025768755,-0.5907440185546875
2024-02-18 20:00:00,0.0,3.4664955102188686,1.1116151256018535e-05,-0.0066802134,-0.6855964660644531
2024-02-18 21:00:00,0.0,1.821714376926933,1.1116151256018535e-05,-0.0044741533,-0.684600830078125
2024-02-18 22:00:00,0.0,0.06593942092540184,1.1116151256018535e-05,0.008386605,-0.6656455993652344
2024-02-18 23:00:00,0.0,-1.437897035291929,1.1116151256018535e-05,-0.023151696,-0.7140350341796875
2024-02-19 00:00:00,0.0,0.5885233156803302,1.1116151256018535e-05,-0.013732812,-0.7316474914550781
2024-02-19 01:00:00,0.0,-2.8017976426599205,1.1116151256018535e-05,0.0770996,-0.7478675842285156
2024-02-19 02:00:00,0.0,-4.536546864007377,1.1116151256018535e-05,0.15425028,-0.6635055541992188
2024-02-19 03:00:00,0.0,-4.896975713507896,1.1116151256018535e-05,0.1373123,-0.6988105773925781
2024-02-19 04:00:00,0.0,-3.2033703093065853,1.1116151256018535e-05,0.037313867,-0.23835372924804688
2024-02-19 05:00:00,0.0,0.3482346778087153,0.0,0.07375193,-0.2671089172363281
2024-02-19 06:00:00,0.0,10.234883698487746,0.16767596378998587,0.10426668,0.5437812805175781
2024-02-19 07:00:00,12.64,18.892020809998357,14.957223948824664,14.674865,9.673835754394531
2024-02-19 08:00:00,48.61000000000001,40.45439850675358,43.16049287020152,47.83578,38.03473663330078
2024-02-19 09:00:00,87.266,87.17202291130036,89.08797544212352,88.69403,76.82979583740234
2024-02-19 10:00:00,119.494,121.98593749168481,124.36969164115071,124.64702,128.37234497070312
2024-02-19 11:00:00,141.024,139.99447454590785,145.78974984516105,142.84172,148.51747131347656
2024-02-19 12:00:00,153.52,146.60672748784697,152.25288917553695,149.7698,155.42529296875
2024-02-19 13:00:00,151.48,146.09706681928176,144.25149242298545,148.13329,140.51473999023438
2024-02-19 14:00:00,120.594,129.96082686976288,130.05898112917475,124.552315,101.27183532714844
2024-02-19 15:00:00,88.06,84.71367242181785,87.81956964974631,88.5949,70.61307525634766
2024-02-19 16:00:00,47.636,53.992357460020756,47.542638501363875,47.03471,37.595821380615234
2024-02-19 17:00:00,13.376,17.44628188513588,11.215750790990171,12.537727,9.735511779785156
2024-02-19 18:00:00,0.0,-1.5279745528533981,0.04769704897324581,-0.27664798,-0.11025238037109375
2024-02-19 19:00:00,0.0,0.1988698919678804,1.1116151256018535e-05,0.09176291,-0.5201377868652344
2024-02-19 20:00:00,0.0,2.462670779541458,1.1116151256018535e-05,0.13076273,-0.6761512756347656
2024-02-19 21:00:00,0.0,1.1467662394197835,1.1116151256018535e-05,0.0112663135,-0.603179931640625
2024-02-19 22:00:00,0.0,-0.15586873573246307,1.1116151256018535e-05,0.03537904,-0.6053085327148438
2024-02-19 23:00:00,0.0,0.23643248656072435,1.1116151256018535e-05,0.031353723,-0.6287574768066406
2024-02-20 00:00:00,0.0,1.9210065525832316,1.1116151256018535e-05,0.031353723,-0.65423583984375
2024-02-20 01:00:00,0.0,-0.2935825282547073,1.1116151256018535e-05,0.031353723,-0.6650657653808594
2024-02-20 02:00:00,0.0,-4.189131369673717,1.1116151256018535e-05,0.08319287,-0.5128402709960938
2024-02-20 03:00:00,0.0,-3.8066066184150236,1.1116151256018535e-05,0.08010827,-0.2933769226074219
2024-02-20 04:00:00,0.0,-1.564697658074981,1.1116151256018535e-05,-1.0073569,0.09739303588867188
2024-02-20 05:00:00,0.0,5.403788178431687,0.0,-0.8935301,-0.24694442749023438
2024-02-20 06:00:00,0.0,16.64593321296005,0.1505141399862619,-0.8714181,0.9163742065429688
2024-02-20 07:00:00,13.87,23.54531200010787,14.283454303106605,14.349647,14.4249267578125
2024-02-20 08:00:00,53.24600000000001,45.096812882526876,44.602325171320345,44.631813,49.91463851928711
2024-02-20 09:00:00,96.07,97.28048402578824,94.09417942686402,96.61576,87.18476867675781
2024-02-20 10:00:00,132.78,128.08320949280693,130.76846643920072,131.16972,129.11993408203125
2024-02-20 11:00:00,157.28,156.58466876752559,154.64692404260856,153.55063,152.65499877929688
2024-02-20 12:00:00,163.34400000000002,163.66312412470467,167.27542354438057,164.0163,158.73660278320312
2024-02-20 13:00:00,153.86,152.58972591148316,155.37620925957805,153.09439,149.73780822753906
2024-02-20 14:00:00,129.16,126.16964704244296,132.22561449768386,132.93611,125.12977600097656
2024-02-20 15:00:00,92.52,90.23636654423808,95.16202291010788,95.344185,92.37400817871094
2024-02-20 16:00:00,50.236,50.99681628996918,51.282231891763296,51.205544,50.962974548339844
2024-02-20 17:00:00,15.376,15.534844077426897,11.029874086339953,10.518571,13.50832748413086
2024-02-20 18:00:00,0.0,-2.89044381231216,0.01818518506269916,0.6296518,-0.06480789184570312
2024-02-20 19:00:00,0.0,0.5823295052222852,1.1116151256018535e-05,0.045732547,-0.5236434936523438
2024-02-20 20:00:00,0.0,1.716264692103654,1.1116151256018535e-05,-0.10196761,-0.6081581115722656
2024-02-20 21:00:00,0.0,-0.164101148524608,1.1116151256018535e-05,0.0053229947,-0.6549606323242188
2024-02-20 22:00:00,0.0,-0.2219559090746992,1.1116151256018535e-05,0.0053229947,-0.6990737915039062
2024-02-20 23:00:00,0.0,-0.9594243588475457,1.1116151256018535e-05,0.018198544,-0.7383880615234375
2024-02-21 00:00:00,0.0,0.09014278551380706,1.1116151256018535e-05,0.011424257,-0.7377090454101562
2024-02-21 01:00:00,0.0,-1.9405281376184451,1.1116151256018535e-05,0.01748077,-0.6884574890136719
2024-02-21 02:00:00,0.0,-4.0365085957180264,1.1116151256018535e-05,0.0143388985,-0.7269020080566406
2024-02-21 03:00:00,0.0,-4.067209611410487,1.1116151256018535e-05,0.009595889,-0.6898269653320312
2024-02-21 04:00:00,0.0,-2.324251125394602,1.1116151256018535e-05,0.009595889,-0.3931922912597656
2024-02-21 05:00:00,0.0,2.1470577511715407,0.0,0.026559414,-0.3969230651855469
2024-02-21 06:00:00,0.0,10.676843836795285,0.11958573862571771,0.2036877,0.6410293579101562
2024-02-21 07:00:00,12.616,15.9085761202031,11.28586634479079,11.738751,22.539371490478516
2024-02-21 08:00:00,46.18600000000001,37.38362032538358,50.80742021227541,50.03395,65.91529846191406
2024-02-21 09:00:00,86.62400000000001,83.39399210096059,86.54971595560643,86.32837,93.17723083496094
2024-02-21 10:00:00,123.23,119.89329070228402,122.41342731782547,123.71577,128.7672119140625
2024-02-21 11:00:00,148.206,149.0121491337664,145.89340249150976,149.24466,150.86355590820312
2024-02-21 12:00:00,162.116,158.94895251702872,157.59767946353873,158.00833,159.5471649169922
2024-02-21 13:00:00,134.96,155.90591172874807,153.74012057071687,153.9397,154.99407958984375
2024-02-21 14:00:00,125.34000000000002,103.76415008083166,118.95149870016765,120.863304,131.52325439453125
2024-02-21 15:00:00,95.26,95.06279014045143,91.83133975378716,91.62508,82.57159423828125
2024-02-21 16:00:00,53.516,58.71648130335496,55.10565124553611,54.38868,46.171409606933594
2024-02-21 17:00:00,15.606000000000002,20.401870119957675,15.874474335697245,14.753671,13.59185791015625
2024-02-21 18:00:00,0.0,-1.2683718324066273,0.047090111171073555,0.5165703,-0.26563262939453125
2024-02-21 19:00:00,0.0,2.2671705617195643,1.1116151256018535e-05,0.047688875,-0.45859527587890625
2024-02-21 20:00:00,0.0,5.187351824087383,1.1116151256018535e-05,-0.0101849735,-0.5361824035644531
2024-02-21 21:00:00,0.0,2.4115321232050944,1.1116151256018535e-05,0.009182638,-0.6354179382324219
2024-02-21 22:00:00,0.0,2.319979712198193,1.1116151256018535e-05,0.0005799851,-0.6699752807617188
2024-02-21 23:00:00,0.0,0.06890577753798621,1.1116151256018535e-05,0.0005799851,-0.692230224609375
2024-02-22 00:00:00,0.0,0.4557473718689933,1.1116151256018535e-05,0.009595889,-0.732025146484375
2024-02-22 01:00:00,0.0,-3.394950487037292,1.1116151256018535e-05,0.009595889,-0.7519149780273438
2024-02-22 02:00:00,0.0,-1.7766097756473496,1.1116151256018535e-05,0.009595889,-0.7397651672363281
2024-02-22 03:00:00,0.0,-4.113004453037285,1.1116151256018535e-05,0.009595889,-0.7435340881347656
2024-02-22 04:00:00,0.0,-2.4557407160725706,1.1116151256018535e-05,0.009595889,-0.4772682189941406
2024-02-22 05:00:00,0.0,2.8162478520533267,0.0,0.028208548,-0.5000419616699219
2024-02-22 06:00:00,0.0,13.356376077183983,0.1204657386257177,0.15688998,-0.21735000610351562
2024-02-22 07:00:00,16.236,19.545179936034863,10.27706806329886,11.920228,15.770606994628906
2024-02-22 08:00:00,58.53,45.889166812155054,54.706954041876806,57.253174,58.300941467285156
2024-02-22 09:00:00,103.67000000000002,100.45469623448065,101.17914105001678,102.337006,98.81964874267578
2024-02-22 10:00:00,141.19400000000002,138.0050898827973,133.74914393664307,136.41142,137.3101043701172
2024-02-22 11:00:00,164.74,165.57777476793086,158.59383373151755,159.43794,160.8680419921875
2024-02-22 12:00:00,173.98000000000002,171.74743826098904,174.24208725014986,167.50665,168.57769775390625
2024-02-22 13:00:00,166.77,163.62965303613555,165.40680305494053,165.8422,161.0794219970703
2024-02-22 14:00:00,144.776,136.1632709597808,142.67541725558948,143.89404,137.05909729003906
2024-02-22 15:00:00,109.784,103.0418670164942,107.39566883680793,107.52218,105.78672790527344
2024-02-22 16:00:00,65.724,66.18074280919006,65.66242137445052,66.99917,61.53300094604492
2024-02-22 17:00:00,22.286,26.624735992652262,21.174803464057863,22.62096,18.822206497192383
2024-02-22 18:00:00,0.0,-1.0026486586704273,0.6789278613120828,0.18133205,0.09821701049804688
2024-02-22 19:00:00,0.0,-0.49703149581722106,1.1116151256018535e-05,0.097489946,-0.6004791259765625
2024-02-22 20:00:00,0.0,2.8057913797723795,1.1116151256018535e-05,-0.004044335,-0.7882308959960938
2024-02-22 21:00:00,0.0,0.42391858397082904,1.1116151256018535e-05,-0.014285973,-0.7758331298828125
2024-02-22 22:00:00,0.0,-0.10136137612650531,1.1116151256018535e-05,0.009182638,-0.7554283142089844
2024-02-22 23:00:00,0.0,-0.7853814179321184,1.1116151256018535e-05,0.018198544,-0.7684745788574219
2024-02-23 00:00:00,0.0,1.4962210918988577,1.1116151256018535e-05,0.018198544,-0.7775611877441406
2024-02-23 01:00:00,0.0,0.3911596572416638,1.1116151256018535e-05,0.018198544,-0.7824935913085938
2024-02-23 02:00:00,0.0,-2.1755951882075193,1.1116151256018535e-05,0.018198544,-0.9602394104003906
2024-02-23 03:00:00,0.0,-2.9627301327129603,1.1116151256018535e-05,0.018198544,-0.8489532470703125
2024-02-23 04:00:00,0.0,-1.450826522829447,1.1116151256018535e-05,0.009595889,-0.3858146667480469
2024-02-23 05:00:00,0.0,2.7205667140328433,0.0,0.028208548,-0.523712158203125
2024-02-23 06:00:00,0.0,12.835710634149649,0.1278835164034955,0.34709132,0.6262702941894531
2024-02-23 07:00:00,20.156,20.1287280905753,10.267463892331403,12.748722,23.726451873779297
2024-02-23 08:00:00,66.08,49.581815422199206,58.93286648562939,61.236015,67.3310546875
2024-02-23 09:00:00,111.06600000000002,110.82145491704523,108.66183236314112,107.19678,112.13916015625
2024-02-23 10:00:00,146.934,146.08536138366924,146.1962399007485,146.71497,148.43319702148438
2024-02-23 11:00:00,169.67000000000002,169.83246392594108,163.85587190091167,167.05801,168.97451782226562
2024-02-23 12:00:00,179.37,174.79534400381044,174.8268448311649,173.6089,174.57688903808594
2024-02-23 13:00:00,171.94400000000002,169.2258687968094,170.0016816304251,169.34166,166.2710418701172
2024-02-23 14:00:00,149.566,144.846837821261,148.37278502621922,147.4808,144.22006225585938
2024-02-23 15:00:00,114.166,109.92715972006224,112.01080086609433,113.34803,109.82156372070312
2024-02-23 16:00:00,69.28,70.40421566143704,70.35372027244982,69.59532,64.36663055419922
2024-02-23 17:00:00,23.5,28.685255017144808,26.633072820685904,25.653145,21.96872329711914
2024-02-23 18:00:00,0.0,-0.6030509332307008,0.7950102380952382,0.40471593,0.3056221008300781
2024-02-23 19:00:00,0.0,1.0223529322402782,1.1116151256018535e-05,0.029645087,-0.7317237854003906
2024-02-23 20:00:00,0.0,5.36800349760778,1.1116151256018535e-05,0.0042051156,-0.9813346862792969
2024-02-23 21:00:00,0.0,0.6063703902810698,1.1116151256018535e-05,-0.005270071,-0.8551216125488281
2024-02-23 22:00:00,0.0,-0.359999981326516,1.1116151256018535e-05,0.009595889,-0.781402587890625
2024-02-23 23:00:00,0.0,-0.7774678473948864,1.1116151256018535e-05,0.018198544,-0.7554817199707031
2024-02-24 00:00:00,0.0,3.1573493750545634,1.1116151256018535e-05,0.009595889,-0.7499122619628906
2024-02-24 01:00:00,0.0,2.379763825275635,1.1116151256018535e-05,0.009595889,-0.7532081604003906
2024-02-24 02:00:00,0.0,-0.07488394641547669,1.1116151256018535e-05,0.009595889,-0.8712120056152344
2024-02-24 03:00:00,0.0,-1.949940357370366,1.1116151256018535e-05,0.009595889,-0.7116508483886719
2024-02-24 04:00:00,0.0,-2.4184600444957436,1.1116151256018535e-05,0.018198544,-0.31659698486328125
2024-02-24 05:00:00,0.0,0.4641315781679265,0.0,0.046212833,-0.6252021789550781
2024-02-24 06:00:00,0.0,10.939979326381229,0.15432079045597363,0.44970438,1.1321334838867188
2024-02-24 07:00:00,20.514,19.604954942759488,10.078200644632775,13.9454565,27.926292419433594
2024-02-24 08:00:00,66.596,50.57913911632525,59.66286294340869,60.042065,74.07411193847656
2024-02-24 09:00:00,111.79000000000002,110.91840121163824,109.72170582193726,108.042786,116.6376953125
2024-02-24 10:00:00,147.78,146.14407785702585,147.5244274232338,144.06816,150.71925354003906
2024-02-24 11:00:00,170.71,171.5837207378537,167.5396216326885,167.73225,169.59942626953125
2024-02-24 12:00:00,180.106,178.94004374499596,174.81614267051572,175.47978,173.51296997070312
2024-02-24 13:00:00,172.61,169.5883111357477,168.59289031875872,167.76285,166.22549438476562
2024-02-24 14:00:00,150.316,143.54359607396805,147.63192703283232,147.8403,142.95806884765625
2024-02-24 15:00:00,115.07,108.71773616626007,111.55692612795082,114.71693,107.6973876953125
2024-02-24 16:00:00,70.304,70.47643440707174,71.48208961226688,70.06864,61.62940216064453
2024-02-24 17:00:00,24.32,28.766608530953416,27.703960048370337,26.370321,18.824527740478516
2024-02-24 18:00:00,0.0,-0.6564306498552881,0.7949248534798535,0.6525441,-0.17546844482421875
2024-02-24 19:00:00,0.0,-0.7442668749623844,1.1116151256018535e-05,-0.020157479,-0.86700439453125
2024-02-24 20:00:00,0.0,4.442191518632173,1.1116151256018535e-05,-0.008970559,-1.066070556640625
2024-02-24 21:00:00,0.0,1.1070574152052015,1.1116151256018535e-05,-0.014285973,-0.9253082275390625
2024-02-24 22:00:00,0.0,1.9815307486116434,1.1116151256018535e-05,0.0005799851,-0.8698196411132812
2024-02-24 23:00:00,0.0,0.6655907270264209,1.1116151256018535e-05,0.0005799851,-0.8662376403808594
2024-02-25 00:00:00,0.0,2.810717510582149,1.1116151256018535e-05,0.009595889,-0.8262863159179688
2024-02-25 01:00:00,0.0,1.86363379817819,1.1116151256018535e-05,0.006692213,-0.8106269836425781
2024-02-25 02:00:00,0.0,-0.9701412866473342,1.1116151256018535e-05,0.018198544,-1.139312744140625
2024-02-25 03:00:00,0.0,-2.2195781215227424,1.1116151256018535e-05,0.009595889,-1.0501976013183594
2024-02-25 04:00:00,0.0,-0.4479292064962914,1.1116151256018535e-05,0.009595889,-0.3584632873535156
2024-02-25 05:00:00,0.0,1.8503246467343066,0.0,0.046212833,-0.5647964477539062
2024-02-25 06:00:00,0.0,11.376315559270635,0.15182079045597363,0.5304302,0.5750198364257812
2024-02-25 07:00:00,17.400000000000002,19.13820868495047,10.37349465549579,14.953405,22.99169921875
2024-02-25 08:00:00,53.08,47.20942303359295,57.13697001790748,56.954742,68.52345275878906
2024-02-25 09:00:00,89.43,91.89906452323132,94.04239519166356,95.627594,107.72789001464844
2024-02-25 10:00:00,108.376,121.0007397426418,125.97614002162301,124.72557,136.5702362060547
2024-02-25 11:00:00,150.52,126.19035583089769,131.7666880959752,126.84047,155.5411834716797
2024-02-25 12:00:00,155.976,165.50582025147818,157.41520929783,156.85622,148.933837890625
2024-02-25 13:00:00,147.6,147.5635967851641,150.16032432838722,152.51726,153.4709014892578
2024-02-25 14:00:00,133.716,120.38581308679753,127.72365055096034,130.96227,130.523681640625
2024-02-25 15:00:00,96.976,99.43934267031807,99.40328533682268,99.1764,90.27027893066406
2024-02-25 16:00:00,53.89600000000001,55.87726792971257,56.81481175021385,56.136333,52.44536590576172
2024-02-25 17:00:00,17.85,19.553091223954365,20.01988720986308,19.89491,14.735931396484375
2024-02-25 18:00:00,0.0,0.15739588735672583,0.36098360089186166,0.6533661,-0.21693801879882812
2024-02-25 19:00:00,0.0,2.409529711746155,1.1116151256018535e-05,0.12548351,-0.5195541381835938
2024-02-25 20:00:00,0.0,3.6811979746663006,1.1116151256018535e-05,-0.008698195,-0.6354446411132812
2024-02-25 21:00:00,0.0,-1.0197295798402908,1.1116151256018535e-05,0.0036967506,-0.6622543334960938
2024-02-25 22:00:00,0.0,-1.1748987903303503,1.1116151256018535e-05,0.0005799851,-0.6763763427734375
2024-02-25 23:00:00,0.0,0.415007298313691,1.1116151256018535e-05,-0.00013779273,-0.7048225402832031
2024-02-26 00:00:00,0.0,0.5406597753745679,1.1116151256018535e-05,0.017760668,-0.7497215270996094
2024-02-26 01:00:00,0.0,1.4328019835345618,1.1116151256018535e-05,0.026363323,-0.7636947631835938
2024-02-26 02:00:00,0.0,0.10538591002872821,1.1116151256018535e-05,0.026363323,-0.7537879943847656
2024-02-26 03:00:00,0.0,-2.861293334587158,1.1116151256018535e-05,0.0005799851,-0.6930923461914062
2024-02-26 04:00:00,0.0,-2.7675584089399505,1.1116151256018535e-05,0.0005799851,-0.3809318542480469
2024-02-26 05:00:00,0.0,1.2273704534104675,0.0,0.019192642,-0.5294570922851562
2024-02-26 06:00:00,0.0,11.684986499876773,0.1204657386257177,0.17500344,0.72381591796875
2024-02-26 07:00:00,10.41,19.49182337897921,9.404496794444078,12.117652,17.55787467956543
2024-02-26 08:00:00,31.904000000000003,37.92401251539158,44.85871833193747,45.310795,53.368595123291016
2024-02-26 09:00:00,58.654,61.70301402676141,62.79349257401185,61.820995,82.76950073242188
2024-02-26 10:00:00,82.54,86.59010234162596,87.80845884432203,85.86854,88.391845703125
2024-02-26 11:00:00,103.62,100.0055910110247,101.06327177704168,101.71345,116.60580444335938
2024-02-26 12:00:00,157.324,112.44187822876373,117.24377800772116,117.55582,117.02561950683594
2024-02-26 13:00:00,148.876,170.9299306343747,152.31866594287268,153.59007,114.23150634765625
2024-02-26 14:00:00,119.666,128.7315464659626,133.55273110236476,131.97874,136.14064025878906
2024-02-26 15:00:00,87.74000000000001,85.79432439498632,84.50630244113765,81.20733,103.00567626953125
2024-02-26 16:00:00,48.124,55.92214441535677,50.28634077615588,48.375214,59.454078674316406
2024-02-26 17:00:00,16.344,20.25689847217649,12.881592444046003,12.512397,22.03248405456543
2024-02-26 18:00:00,0.0,1.1026388534428242,0.3643012282996979,0.46593988,1.2193145751953125
2024-02-26 19:00:00,0.0,-2.8373330346238497,1.1116151256018535e-05,0.0703787,-0.35558319091796875
2024-02-26 20:00:00,0.0,1.6944380606703724,1.1116151256018535e-05,0.004711048,-0.5687408447265625
2024-02-26 21:00:00,0.0,1.0453469655350172,1.1116151256018535e-05,-0.011267063,-0.6777687072753906
2024-02-26 22:00:00,0.0,-0.3615799899113301,1.1116151256018535e-05,-0.011646904,-0.833740234375
2024-02-26 23:00:00,0.0,0.08584001072345115,1.1116151256018535e-05,0.053954072,-0.8635368347167969
2024-02-27 00:00:00,0.0,3.4634851798948367,1.1116151256018535e-05,0.082438804,-0.8432235717773438
2024-02-27 01:00:00,0.0,-3.8452750111558807,1.1116151256018535e-05,0.085523404,-0.8264312744140625
2024-02-27 02:00:00,0.0,-4.536176578882562,1.1116151256018535e-05,0.056602452,-0.7570533752441406
2024-02-27 03:00:00,0.0,-3.243478219720002,1.1116151256018535e-05,0.056602452,-0.7808189392089844
2024-02-27 04:00:00,0.0,-2.602768306690246,1.1116151256018535e-05,0.056602452,-0.4061470031738281
2024-02-27 05:00:00,0.0,1.3515774064317043,0.0,0.07213051,-0.2110595703125
2024-02-27 06:00:00,0.0,8.987182936091969,0.1419457386257177,0.19924471,-0.26019287109375
2024-02-27 07:00:00,17.286,16.706023771605736,8.696932140752242,11.066967,8.346328735351562
2024-02-27 08:00:00,55.14,45.90754986180269,53.113455033560825,54.26214,41.55244827270508
2024-02-27 09:00:00,97.804,94.97511617756899,95.2371470509343,96.91338,94.21585083007812
2024-02-27 10:00:00,133.18,133.9184335011849,133.05890632535522,126.6859,130.3311767578125
2024-02-27 11:00:00,155.94400000000002,154.59253623406818,151.98926441833422,154.32645,152.2181854248047
2024-02-27 12:00:00,167.534,162.1031245625383,161.9114018634843,163.02733,158.66366577148438
2024-02-27 13:00:00,160.19400000000002,160.6473287816956,154.05219508573012,153.56728,144.96075439453125
2024-02-27 14:00:00,138.4,136.80701901345702,136.1698961731685,138.48338,122.35972595214844
2024-02-27 15:00:00,104.27,102.57229682126791,102.64221748450353,102.37062,97.4512710571289
2024-02-27 16:00:00,61.904,63.20517836517647,61.52414434008874,60.903934,57.25504684448242
2024-02-27 17:00:00,21.264,25.535376362966705,21.320399623832312,22.118765,18.141496658325195
2024-02-27 18:00:00,0.0,-1.4126672359446015,0.2186371724512776,0.50410044,0.13286590576171875
2024-02-27 19:00:00,0.0,-3.836192007415967,1.1116151256018535e-05,0.053529263,-0.5766372680664062
2024-02-27 20:00:00,0.0,2.4060541631293257,1.1116151256018535e-05,-0.15322365,-0.7315597534179688
2024-02-27 21:00:00,0.0,-1.50930809718803,1.1116151256018535e-05,-0.078258194,-0.7612686157226562
2024-02-27 22:00:00,0.0,-1.7773864690469798,1.1116151256018535e-05,-0.07644464,-0.761199951171875
2024-02-27 23:00:00,0.0,-0.8130145991309021,1.1116151256018535e-05,0.01428955,-0.7902984619140625
2024-02-28 00:00:00,0.0,0.7038411973620219,1.1116151256018535e-05,0.017760668,-0.7539253234863281
2024-02-28 01:00:00,0.0,0.20458066614378168,1.1116151256018535e-05,0.032569345,-0.7705001831054688
2024-02-28 02:00:00,0.0,-1.6321460482543966,1.1116151256018535e-05,0.04237439,-0.724700927734375
2024-02-28 03:00:00,0.0,-2.1581692999418087,1.1116151256018535e-05,0.032569345,-0.68084716796875
2024-02-28 04:00:00,0.0,-0.9521842621299581,1.1116151256018535e-05,0.02144402,-0.47539520263671875
2024-02-28 05:00:00,0.0,2.587576720632602,0.0,0.040056664,-1.0613899230957031
2024-02-28 06:00:00,0.0,10.377228231983635,0.1204657386257177,0.317588,1.7032508850097656
2024-02-28 07:00:00,19.700000000000003,19.38521500087857,9.508627038130854,13.592413,25.065305709838867
2024-02-28 08:00:00,60.45,52.92549433491057,58.64067200451663,59.95421,63.462928771972656
2024-02-28 09:00:00,103.17000000000002,99.28447542421097,102.2321467778071,101.91432,103.38275146484375
2024-02-28 10:00:00,138.26600000000002,138.40369444603704,138.0699714380409,139.1976,140.38226318359375
2024-02-28 11:00:00,161.23000000000002,158.41744881044892,159.71675958067573,158.5443,162.72662353515625
2024-02-28 12:00:00,173.06,166.49912755488256,169.60282306273078,171.69054,170.16293334960938
2024-02-28 13:00:00,165.46,164.96430585303366,163.46614754251,163.41125,157.69598388671875
2024-02-28 14:00:00,143.52,139.89995684584915,141.2710375657906,140.87534,137.64930725097656
2024-02-28 15:00:00,109.024,106.82787422217658,107.72481806156922,108.61437,107.54751586914062
2024-02-28 16:00:00,65.77000000000001,65.99196834023329,65.39036617105364,66.89465,62.75215148925781
2024-02-28 17:00:00,23.16,27.96001897940191,22.76260005825205,23.934792,21.91253662109375
2024-02-28 18:00:00,0.0,-0.21466870108747527,0.7444127272727274,0.60745823,0.45430755615234375
2024-02-28 19:00:00,0.0,-1.3184557040522056,1.1116151256018535e-05,0.06805082,-0.6371269226074219
2024-02-28 20:00:00,0.0,4.323532808379833,1.1116151256018535e-05,0.009824354,-0.7921943664550781
2024-02-28 21:00:00,0.0,0.31723698227957176,1.1116151256018535e-05,0.010927759,-0.718841552734375
2024-02-28 22:00:00,0.0,-2.5979765232377545,1.1116151256018535e-05,0.02185727,-0.710968017578125
2024-02-28 23:00:00,0.0,-1.592674257775427,1.1116151256018535e-05,0.02185727,-0.7505683898925781
2024-02-29 00:00:00,0.0,1.3251617025821276,1.1116151256018535e-05,0.02185727,-0.7800750732421875
2024-02-29 01:00:00,0.0,1.4721583819503832,1.1116151256018535e-05,0.030459924,-0.7425575256347656
2024-02-29 02:00:00,0.0,-0.007607695760492472,1.1116151256018535e-05,0.030459924,-0.6555252075195312
2024-02-29 03:00:00,0.0,-0.6352217124831947,1.1116151256018535e-05,0.02185727,-0.6291313171386719
2024-02-29 04:00:00,0.0,0.38921132944208914,1.1116151256018535e-05,0.02185727,-0.3036766052246094
2024-02-29 05:00:00,0.0,3.8995368469864737,0.0,0.04301722,-0.5999641418457031
2024-02-29 06:00:00,0.0,12.078640411977142,0.187616336916316,0.43263862,1.4050788879394531
2024-02-29 07:00:00,20.980000000000004,20.717433607970293,16.636445523026772,17.088615,28.77013397216797
2024-02-29 08:00:00,61.376000000000005,54.988380647831015,60.18119215261501,60.70379,67.45855712890625
2024-02-29 09:00:00,102.324,100.81851603838308,103.86867707552581,102.73134,102.6551513671875
2024-02-29 10:00:00,132.70000000000002,134.00199084348375,137.65922722351456,137.12059,138.8446044921875
2024-02-29 11:00:00,154.534,151.9561694171883,157.13159649896173,156.56859,160.5209503173828
2024-02-29 12:00:00,148.634,160.23569648042084,163.12118723501777,163.01799,166.37200927734375
2024-02-29 13:00:00,151.31,136.01642753439103,149.93748140555053,145.58714,153.09840393066406
2024-02-29 14:00:00,141.08,131.7517683342832,126.85305501987006,123.347244,118.50993347167969
2024-02-29 15:00:00,104.856,108.71709406030098,105.84480038522496,105.49385,92.2815933227539
2024-02-29 16:00:00,60.620000000000005,60.91876092950522,61.617560569198886,61.23369,58.883907318115234
2024-02-29 17:00:00,20.576,22.538783270196678,21.543899786909947,22.079554,20.21337890625
2024-02-29 18:00:00,0.0,-1.4368407449982286,0.3222674339008048,0.6311535,0.30811309814453125
2024-02-29 19:00:00,0.0,0.0009933288931671669,1.1116151256018535e-05,0.021506662,-0.4919395446777344
2024-02-29 20:00:00,0.0,3.28577148992244,1.1116151256018535e-05,0.04284197,-0.6496810913085938
2024-02-29 21:00:00,0.0,0.7355193776575666,1.1116151256018535e-05,-0.0048322235,-0.6554641723632812
2024-02-29 22:00:00,0.0,-1.136079196989228,1.1116151256018535e-05,0.011682874,-0.7080497741699219
2024-02-29 23:00:00,0.0,-1.9638179962910964,1.1116151256018535e-05,0.011682874,-0.7703399658203125
2024-03-01 00:00:00,0.0,-1.2750306033285934,1.1116151256018535e-05,0.024264453,-0.7990188598632812
2024-03-01 01:00:00,0.0,0.8176370871566452,1.1116151256018535e-05,0.016445959,-0.8107261657714844
2024-03-01 02:00:00,0.0,0.7833449817950842,1.1116151256018535e-05,0.018198544,-0.6845054626464844
2024-03-01 03:00:00,0.0,0.09129864090512019,1.1116151256018535e-05,0.009595889,-0.5880317687988281
2024-03-01 04:00:00,0.0,2.0633866729671477,1.1116151256018535e-05,0.009595889,-0.3533134460449219
2024-03-01 05:00:00,0.0,6.249746344402599,0.0,0.019192642,-0.26691436767578125
2024-03-01 06:00:00,0.0,13.974303828627354,0.15541957603534462,0.36883843,-0.27178192138671875
2024-03-01 07:00:00,16.39,20.148568696021115,21.0972866934624,19.07776,18.3098201751709
2024-03-01 08:00:00,48.35,46.398370828353485,51.9136777025197,52.92155,55.90005111694336
2024-03-01 09:00:00,87.73400000000001,84.96626564054543,87.55463594344943,87.97303,89.93484497070312
2024-03-01 10:00:00,90.976,120.77904974904413,120.20205900756342,121.583824,118.63984680175781
2024-03-01 11:00:00,102.85,101.1410695773711,118.24075128905733,116.02579,150.61109924316406
2024-03-01 12:00:00,107.884,109.03994168158437,112.02916690005053,113.90998,138.66754150390625
2024-03-01 13:00:00,87.60000000000001,106.30448504258618,103.97963029987163,107.30558,113.2628173828125
2024-03-01 14:00:00,54.754,74.84379691888901,77.18109812327523,84.343094,92.6163330078125
2024-03-01 15:00:00,24.164,36.771907078222185,34.666362500000005,39.97326,58.31831359863281
2024-03-01 16:00:00,14.840000000000002,12.456878912419482,18.760966904761894,17.808693,25.335813522338867
2024-03-01 17:00:00,6.476000000000001,10.686490879088044,11.622113333333338,9.803676,3.4857864379882812
2024-03-01 18:00:00,0.0,-0.19073324437486883,1.2642589973413303,0.32236278,-0.357757568359375
2024-03-01 19:00:00,0.0,-7.841095417146665,1.1116151256018535e-05,0.066158265,-0.5801887512207031
2024-03-01 20:00:00,0.0,-4.122286472278458,1.1116151256018535e-05,0.049810555,-0.5989570617675781
2024-03-01 21:00:00,0.0,-3.10563892627715,1.1116151256018535e-05,0.19084509,-0.5042076110839844
2024-03-01 22:00:00,0.0,-2.596386906062797,1.1116151256018535e-05,0.021346968,-0.429443359375
2024-03-01 23:00:00,0.0,0.39553773716874785,1.1116151256018535e-05,0.002846228,-0.3082618713378906
2024-03-02 00:00:00,0.0,-1.5428689569904033,1.1116151256018535e-05,0.05544775,-0.2475128173828125
2024-03-02 01:00:00,0.0,-5.365597377089052,1.1116151256018535e-05,0.03794062,-0.20563888549804688
2024-03-02 02:00:00,0.0,-3.4930054144582083,1.1116151256018535e-05,0.02727595,-0.01575469970703125
2024-03-02 03:00:00,0.0,-0.3224396368257496,1.1116151256018535e-05,0.025260685,-0.07693862915039062
2024-03-02 04:00:00,0.0,3.2836636380434316,1.1116151256018535e-05,0.028293258,0.2583274841308594
2024-03-02 05:00:00,0.0,3.8533843282049127,0.0,-0.009828781,0.4789848327636719
2024-03-02 06:00:00,0.0,6.0253243149214235,0.19809533333333337,0.6274157,1.3986778259277344
2024-03-02 07:00:00,18.15,11.282106318256929,19.05133999999999,13.5261135,11.647666931152344
2024-03-02 08:00:00,52.35,44.60576036278423,54.53641686075665,51.963715,36.74327087402344
2024-03-02 09:00:00,91.104,85.03088767233791,91.51722546834225,93.53965,85.847412109375
2024-03-02 10:00:00,127.87,117.0912480483334,123.03110852629352,115.81766,119.29946899414062
2024-03-02 11:00:00,150.834,146.50055070359957,151.20049793227395,149.35619,142.5515594482422
2024-03-02 12:00:00,160.856,154.95634690711012,156.8184705613632,162.95966,145.7962188720703
2024-03-02 13:00:00,161.72000000000003,150.80892396931742,153.51468407869802,149.18748,130.86351013183594
2024-03-02 14:00:00,144.62,136.9311772675058,134.04157960683762,129.08658,113.43112182617188
2024-03-02 15:00:00,109.606,104.55466049342715,111.3176669342271,108.89558,87.92158508300781
2024-03-02 16:00:00,65.9,62.79038102041161,66.56124831903065,69.69737,52.86412048339844
2024-03-02 17:00:00,24.056,25.78406484738093,22.6655172994228,23.7089,15.99051284790039
2024-03-02 18:00:00,0.0,-0.9279817619435073,0.42461229623541014,1.0133315,0.27437591552734375
2024-03-02 19:00:00,0.0,-5.244563669778511,1.1116151256018535e-05,-0.110962376,-0.5012130737304688
2024-03-02 20:00:00,0.0,3.727474447823455,1.1116151256018535e-05,-0.06446611,-0.6907844543457031
2024-03-02 21:00:00,0.0,-1.7037329009193534,1.1116151256018535e-05,-0.047249477,-0.6357574462890625
2024-03-02 22:00:00,0.0,0.8894289603107624,1.1116151256018535e-05,-0.023641322,-0.6410636901855469
2024-03-02 23:00:00,0.0,3.2557364789876644,1.1116151256018535e-05,0.0182154,-0.6266021728515625
2024-03-03 00:00:00,0.0,5.399660389923681,1.1116151256018535e-05,0.010604893,-0.5214920043945312
2024-03-03 01:00:00,0.0,5.363100400847536,1.1116151256018535e-05,0.010392242,-0.3889122009277344
2024-03-03 02:00:00,0.0,2.153075193191288,1.1116151256018535e-05,0.010392242,-0.22118759155273438
2024-03-03 03:00:00,0.0,-0.8821177720017932,1.1116151256018535e-05,0.0005799851,-0.04691314697265625
2024-03-03 04:00:00,0.0,-0.4345711775437293,1.1116151256018535e-05,-0.0020319908,0.16687774658203125
2024-03-03 05:00:00,0.0,3.489323465441876,0.0,0.030798657,-0.33968353271484375
2024-03-03 06:00:00,0.0,10.689674003024843,0.14673018307016214,0.3264167,1.2326240539550781
2024-03-03 07:00:00,26.296,19.906935183401195,12.185535933564886,14.531911,15.780929565429688
2024-03-03 08:00:00,72.176,62.4381048111377,70.73851400987337,72.45097,58.70819091796875
2024-03-03 09:00:00,121.424,113.40429348332202,116.78148193520134,114.95766,113.32447814941406
2024-03-03 10:00:00,158.306,158.1333236904179,149.65151371125216,151.51509,151.5095977783203
2024-03-03 11:00:00,181.766,178.4583269578893,172.39743663907163,174.38422,172.20681762695312
2024-03-03 12:00:00,190.29,186.02032473051133,177.55521452455662,181.64822,176.57229614257812
2024-03-03 13:00:00,182.27,179.92369514469797,178.9067978339305,183.1986,167.21453857421875
2024-03-03 14:00:00,158.894,154.28887288690896,159.82674523993882,156.1705,148.1481475830078
2024-03-03 15:00:00,122.524,117.73134307129396,121.01671195519464,121.14369,116.01576232910156
2024-03-03 16:00:00,76.766,73.43457685876723,77.3978667632229,76.53091,67.59236145019531
2024-03-03 17:00:00,29.700000000000003,33.430870267536925,29.502011198412696,29.500221,24.67116928100586
2024-03-03 18:00:00,0.0,2.222185718333231,0.696960926080605,1.6048046,0.40042877197265625
2024-03-03 19:00:00,0.0,-3.3403082700068785,1.1116151256018535e-05,-0.022618523,-0.9888648986816406
2024-03-03 20:00:00,0.0,3.2144465733869034,1.1116151256018535e-05,-0.008970559,-1.2692146301269531
2024-03-03 21:00:00,0.0,-1.7504904326543933,1.1116151256018535e-05,0.014634006,-1.0629463195800781
2024-03-03 22:00:00,0.0,-4.009406398983863,1.1116151256018535e-05,0.009182638,-0.9665031433105469
2024-03-03 23:00:00,0.0,-1.4436511622940063,1.1116151256018535e-05,0.009182638,-0.9778594970703125
2024-03-04 00:00:00,0.0,1.672971694636776,1.1116151256018535e-05,0.009182638,-0.9225502014160156
2024-03-04 01:00:00,0.0,3.6197659475517856,1.1116151256018535e-05,0.009182638,-0.9008369445800781
2024-03-04 02:00:00,0.0,1.4577934115073692,1.1116151256018535e-05,0.018198544,-1.2961349487304688
2024-03-04 03:00:00,0.0,-0.037144117132214216,1.1116151256018535e-05,0.018198544,-0.9815025329589844
2024-03-04 04:00:00,0.0,0.47667401792663266,1.1116151256018535e-05,0.0069839153,-0.5852088928222656
2024-03-04 05:00:00,0.0,3.3830150781582797,0.0,0.0487024,-0.880859375
2024-03-04 06:00:00,0.886,11.583682529167982,0.31501467934486255,0.64323294,3.8776321411132812
2024-03-04 07:00:00,30.204000000000004,24.43321733168664,24.59426679487178,26.81456,37.7893180847168
2024-03-04 08:00:00,79.72000000000001,67.44365279313928,74.33018473205863,74.55727,84.498046875
2024-03-04 09:00:00,125.224,124.80882545248556,122.86484108571631,124.67273,126.75863647460938
2024-03-04 10:00:00,161.0,160.95359808768893,160.4566406320923,161.7974,159.00738525390625
2024-03-04 11:00:00,183.52,183.99741412203036,181.63404357512354,180.4174,174.87289428710938
2024-03-04 12:00:00,189.794,188.13658182285357,193.8856437571627,187.66312,176.68588256835938
2024-03-04 13:00:00,181.466,175.6433288792111,182.4715728194472,179.90623,168.76882934570312
2024-03-04 14:00:00,157.23000000000002,151.46645196208667,151.22523185607528,156.11565,148.22427368164062
2024-03-04 15:00:00,120.31,116.42460860089648,116.93104384371183,118.48151,117.32722473144531
2024-03-04 16:00:00,74.416,74.43671906122432,74.66140234199135,74.702126,71.02570343017578
2024-03-04 17:00:00,28.654000000000003,31.661958390964912,28.511141380952395,28.957346,25.418350219726562
2024-03-04 18:00:00,0.0,0.6085318609599407,0.680716941982144,1.5835078,0.6494903564453125
2024-03-04 19:00:00,0.0,-4.01878279574269,1.1116151256018535e-05,-0.013669848,-0.9226531982421875
2024-03-04 20:00:00,0.0,5.569957070351041,1.1116151256018535e-05,-0.004213697,-1.1683120727539062
2024-03-04 21:00:00,0.0,1.3260416619654514,1.1116151256018535e-05,0.018269578,-1.0078315734863281
2024-03-04 22:00:00,0.0,-1.6168453381812076,1.1116151256018535e-05,0.00421556,-0.9152908325195312
2024-03-04 23:00:00,0.0,-2.332358812474641,1.1116151256018535e-05,0.00421556,-0.8890953063964844
2024-03-05 00:00:00,0.0,1.4358718921624258,1.1116151256018535e-05,0.00421556,-0.8841285705566406
2024-03-05 01:00:00,0.0,3.11755287915834,1.1116151256018535e-05,0.009021421,-0.8857078552246094
2024-03-05 02:00:00,0.0,1.2480595320515822,1.1116151256018535e-05,0.013464303,-1.319732666015625
2024-03-05 03:00:00,0.0,0.226998669244034,1.1116151256018535e-05,-0.011007207,-1.1423301696777344
2024-03-05 04:00:00,0.0,1.5416018494140857,1.1116151256018535e-05,-0.006194301,-0.7592353820800781
2024-03-05 05:00:00,0.0,5.692603379194887,0.0,0.045799572,-1.1077461242675781
2024-03-05 06:00:00,0.8140000000000001,13.125982749744763,0.3038346793448626,0.6216729,3.0614280700683594
2024-03-05 07:00:00,25.06,23.23854570892625,24.882390787878776,26.904053,36.12232208251953
2024-03-05 08:00:00,70.7,61.89927310183713,67.73755518464039,67.27987,83.22563171386719
2024-03-05 09:00:00,117.67000000000002,112.03493598403799,115.54643195991567,114.82195,120.0775146484375
2024-03-05 10:00:00,140.376,153.26628775978025,154.1346368597881,152.0387,153.50692749023438
2024-03-05 11:00:00,162.72400000000002,156.27833873964994,172.09427620629125,169.87013,172.82177734375
2024-03-05 12:00:00,170.81600000000003,168.73370612434712,170.74865517998944,170.56506,172.09027099609375
2024-03-05 13:00:00,126.82,162.04965843132754,164.47248721531417,164.89476,157.72567749023438
2024-03-05 14:00:00,124.29000000000002,95.23955508003269,110.68987675821344,103.97317,136.8218536376953
2024-03-05 15:00:00,91.63,101.95997299413713,87.72782159598077,88.990555,84.68608856201172
2024-03-05 16:00:00,52.934000000000005,54.27989530994202,54.031080743256254,56.81087,42.86259078979492
2024-03-05 17:00:00,18.214,20.2469570662898,23.89448142673189,24.85581,9.78769302368164
2024-03-05 18:00:00,0.5700000000000001,0.13630559911584972,0.9875177857281311,1.0041898,-0.6195526123046875
2024-03-05 19:00:00,0.0,-0.4137126843012524,1.1116151256018535e-05,-0.011846341,-0.7597694396972656
2024-03-05 20:00:00,0.0,5.107769886286057,1.1116151256018535e-05,0.01783796,-0.8142623901367188
2024-03-05 21:00:00,0.0,-0.11150741469833103,1.1116151256018535e-05,0.0005799851,-0.8314399719238281
2024-03-05 22:00:00,0.0,-3.853385223338779,1.1116151256018535e-05,0.009182638,-0.8032379150390625
2024-03-05 23:00:00,0.0,-2.963113997475891,1.1116151256018535e-05,0.0005799851,-0.7972602844238281
2024-03-06 00:00:00,0.0,-0.9884995948572706,1.1116151256018535e-05,0.009595889,-0.7972335815429688
2024-03-06 01:00:00,0.0,-1.3495235670352361,1.1116151256018535e-05,0.009595889,-0.7883529663085938
2024-03-06 02:00:00,0.0,4.042125845977264,1.1116151256018535e-05,0.009595889,-0.8802261352539062
2024-03-06 03:00:00,0.0,0.177428912854952,1.1116151256018535e-05,0.002821605,-0.8376083374023438
2024-03-06 04:00:00,0.0,0.8744691663506561,1.1116151256018535e-05,0.008878113,-0.4736824035644531
2024-03-06 05:00:00,0.0,4.082118822980165,0.0,0.04280897,-0.8007011413574219
2024-03-06 06:00:00,0.5660000000000001,11.07826063796524,1.129599999999999,0.2502951,1.8239059448242188
2024-03-06 07:00:00,14.980000000000002,19.914475179539206,18.46275561811391,20.31199,29.327232360839844
2024-03-06 08:00:00,41.760000000000005,42.732478840560404,48.53714660018202,53.053165,69.70336151123047
2024-03-06 09:00:00,67.766,72.70918842051813,78.54528199209156,75.36622,94.02035522460938
2024-03-06 10:00:00,116.43,91.96419030381446,100.28135071929188,93.38316,115.5350341796875
2024-03-06 11:00:00,144.47,143.69891810164094,141.38513876987935,141.02425,122.44239807128906
2024-03-06 12:00:00,174.634,151.60790571467058,157.76080996091335,147.11028,149.1025848388672
2024-03-06 13:00:00,173.63,176.0259538067536,167.65311577327648,172.2881,150.19595336914062
2024-03-06 14:00:00,150.70000000000002,153.77266469479656,156.53709512957886,159.07874,141.2882843017578
2024-03-06 15:00:00,114.51,115.19928761385438,110.51382544033817,112.83829,115.4871826171875
2024-03-06 16:00:00,68.83,70.36377504221835,70.82252567625623,69.56722,71.33360290527344
2024-03-06 17:00:00,24.336,29.40878225410481,25.691707061273064,25.4948,27.833681106567383
2024-03-06 18:00:00,0.784,1.9462522010697447,1.0018420376733463,0.6490023,1.6912574768066406
2024-03-06 19:00:00,0.0,-0.36770666335964575,1.1116151256018535e-05,-0.011646266,-0.6380119323730469
2024-03-06 20:00:00,0.0,3.3066916386095278,1.1116151256018535e-05,-0.0075414316,-0.9619064331054688
2024-03-06 21:00:00,0.0,0.544178365549709,1.1116151256018535e-05,-0.01631725,-0.7903099060058594
2024-03-06 22:00:00,0.0,1.218146533545248,1.1116151256018535e-05,0.0053229947,-0.7600021362304688
2024-03-06 23:00:00,0.0,2.8313091585129873,1.1116151256018535e-05,0.0053229947,-0.840972900390625
2024-03-07 00:00:00,0.0,6.271649265327439,1.1116151256018535e-05,0.0143388985,-0.8222541809082031
2024-03-07 01:00:00,0.0,3.332555534611423,1.1116151256018535e-05,0.101575926,-0.8035049438476562
2024-03-07 02:00:00,0.0,-1.4199990907051299,1.1116151256018535e-05,0.019112086,-0.9372596740722656
2024-03-07 03:00:00,0.0,-3.388424661799844,1.1116151256018535e-05,0.018198544,-1.0733375549316406
2024-03-07 04:00:00,0.0,-0.9976559425662455,1.1116151256018535e-05,0.019112086,-0.5080909729003906
2024-03-07 05:00:00,0.0,2.3479753762538564,0.0,0.026275259,-0.13983535766601562
2024-03-07 06:00:00,1.0,9.795085057271956,1.1673133333333328,0.9373526,-0.199462890625
2024-03-07 07:00:00,26.276,19.270097785175967,24.830629245421243,25.02952,15.921802520751953
2024-03-07 08:00:00,71.83,56.94223694368692,68.16373200203992,68.00055,58.581581115722656
2024-03-07 09:00:00,116.21,110.42719313499472,114.91056519383591,114.653786,114.23085021972656
2024-03-07 10:00:00,151.876,149.6311697852902,147.62358596813326,150.62221,152.74623107910156
2024-03-07 11:00:00,174.984,173.72472476550266,172.54212947901692,175.02611,174.03805541992188
2024-03-07 12:00:00,184.834,181.59430648543483,179.16390029757883,182.36145,180.8373565673828
2024-03-07 13:00:00,177.044,175.54009405915218,174.46221478946129,175.40202,172.82687377929688
2024-03-07 14:00:00,154.044,149.3782056613457,153.07019465575385,149.03755,150.0996551513672
2024-03-07 15:00:00,117.85,114.304573873707,116.4505822722278,116.72737,112.72416687011719
2024-03-07 16:00:00,72.29,72.29704553151484,72.57822612365605,72.99545,64.73186492919922
2024-03-07 17:00:00,25.540000000000003,32.331605181643454,26.914908296880967,27.560257,23.157745361328125
2024-03-07 18:00:00,0.8300000000000001,1.813834277841332,0.9736279602130017,0.86666006,0.4730033874511719
2024-03-07 19:00:00,0.0,1.405909031227513,1.1116151256018535e-05,0.0038732926,-0.771087646484375
2024-03-07 20:00:00,0.0,5.171197412044664,1.1116151256018535e-05,-0.00036790618,-1.0530357360839844
2024-03-07 21:00:00,0.0,1.02598424693321,1.1116151256018535e-05,-0.000819657,-0.8900871276855469
2024-03-07 22:00:00,0.0,-0.6405192949073362,1.1116151256018535e-05,0.009182638,-0.8158302307128906
2024-03-07 23:00:00,0.0,0.7161700871250766,1.1116151256018535e-05,0.009182638,-0.8006706237792969
2024-03-08 00:00:00,0.0,2.628045045405873,1.1116151256018535e-05,0.018198544,-0.7500457763671875
2024-03-08 01:00:00,0.0,2.9534724848052387,1.1116151256018535e-05,0.041980352,-0.7395896911621094
2024-03-08 02:00:00,0.0,0.28416252838091505,1.1116151256018535e-05,0.041980352,-0.9521865844726562
2024-03-08 03:00:00,0.0,-0.5531596255752302,1.1116151256018535e-05,0.037537474,-0.8486518859863281
2024-03-08 04:00:00,0.0,0.10563524962850313,1.1116151256018535e-05,0.009595889,-0.5298805236816406
2024-03-08 05:00:00,0.0,2.9788849610830788,0.0,0.046212833,-0.9080162048339844
2024-03-08 06:00:00,1.094,11.099208106239528,1.1946013333333336,1.0626991,1.6666793823242188
2024-03-08 07:00:00,26.904000000000003,22.52018424893557,25.58198345504494,28.057817,29.9270076751709
2024-03-08 08:00:00,72.79,63.60950878231614,71.42984293130402,71.52617,74.5663833618164
2024-03-08 09:00:00,118.06,114.89548019293133,116.98077331490447,116.00492,118.61434936523438
2024-03-08 10:00:00,154.17600000000002,153.89143270953443,154.00399803368353,152.55359,154.02658081054688
2024-03-08 11:00:00,176.91600000000005,175.43454646235568,174.69641386058527,176.35303,174.83253479003906
2024-03-08 12:00:00,187.44000000000003,180.7237299339863,178.380742296012,181.21257,180.5472412109375
2024-03-08 13:00:00,178.96,176.82862434855127,178.23959425643667,178.99783,171.59629821777344
2024-03-08 14:00:00,155.61,149.90920847118338,155.7309068595022,153.54082,149.42141723632812
2024-03-08 15:00:00,119.35,115.2827376182114,119.05388070222763,119.90405,111.60716247558594
2024-03-08 16:00:00,73.94600000000001,73.21407282023821,74.11271117965372,74.74201,65.60140228271484
2024-03-08 17:00:00,26.796,32.68581611145437,28.24030982142858,29.05061,21.99068260192871
2024-03-08 18:00:00,0.906,1.0559332283144833,1.041710429303584,1.1771568,0.24194717407226562
2024-03-08 19:00:00,0.0,-0.8217977352166947,1.1116151256018535e-05,-0.016046302,-0.7360649108886719
2024-03-08 20:00:00,0.0,3.811323744078765,1.1116151256018535e-05,-0.004213697,-0.9434890747070312
2024-03-08 21:00:00,0.0,-0.18157826962528745,1.1116151256018535e-05,0.004059423,-0.8766670227050781
2024-03-08 22:00:00,0.0,-2.49140732077697,1.1116151256018535e-05,0.00421556,-0.8062400817871094
2024-03-08 23:00:00,0.0,-1.5798867920559445,1.1116151256018535e-05,0.012003077,-0.7752914428710938
2024-03-09 00:00:00,0.0,2.3877334210011214,1.1116151256018535e-05,0.009595889,-0.7445716857910156
2024-03-09 01:00:00,0.0,3.6254410397678227,1.1116151256018535e-05,0.018198544,-0.7511672973632812
2024-03-09 02:00:00,0.0,2.0090423731399167,1.1116151256018535e-05,0.018198544,-0.9310302734375
2024-03-09 03:00:00,0.0,1.2480008648559366,1.1116151256018535e-05,0.009595889,-0.878631591796875
2024-03-09 04:00:00,0.0,1.6606529312581866,1.1116151256018535e-05,0.009595889,-0.4940032958984375
2024-03-09 05:00:00,0.0,3.9870396282327105,0.0,0.046212833,-0.7303657531738281
2024-03-09 06:00:00,1.15,12.11530813606729,1.3694612857142858,1.0626991,0.9749259948730469
2024-03-09 07:00:00,25.6,23.127637742262348,26.629905110889098,27.636833,27.17741584777832
2024-03-09 08:00:00,66.17,61.43810258757859,67.93230952394624,67.66691,73.3465347290039
2024-03-09 09:00:00,109.61,108.07506883286194,107.70188532453453,105.79204,117.73872375488281
2024-03-09 10:00:00,152.576,144.02195278280146,147.18132003970604,146.92822,151.00970458984375
2024-03-09 11:00:00,177.524,177.0592978164617,177.45225920698624,174.42331,171.25906372070312
2024-03-09 12:00:00,184.36,182.8704709967366,182.5909748421193,181.13017,179.4540557861328
2024-03-09 13:00:00,173.24400000000003,172.74926636104672,177.1974797013963,180.91393,173.36932373046875
2024-03-09 14:00:00,143.744,144.16008697874162,148.3894323530538,149.862,149.12123107910156
2024-03-09 15:00:00,101.86,104.78181807592921,107.49802239212443,103.5603,111.72712707519531
2024-03-09 16:00:00,60.254,59.49015070982358,61.185518295359046,60.793613,61.60327911376953
2024-03-09 17:00:00,21.96,26.264813182778173,23.22508208024504,23.49121,18.992647171020508
2024-03-09 18:00:00,0.836,3.470974083315754,0.9664849087955677,1.0901426,0.052761077880859375
2024-03-09 19:00:00,0.0,2.2819894280644077,1.1116151256018535e-05,-6.547962e-05,-0.7252311706542969
2024-03-09 20:00:00,0.0,5.325600793405066,1.1116151256018535e-05,-0.0050341072,-0.8728828430175781
2024-03-09 21:00:00,0.0,2.2332771910837153,1.1116151256018535e-05,-0.0013336188,-0.7849578857421875
2024-03-09 22:00:00,0.0,-0.6140838905587707,1.1116151256018535e-05,0.0135323405,-0.7357254028320312
2024-03-09 23:00:00,0.0,-2.274360160486736,1.1116151256018535e-05,0.018198544,-0.7466506958007812
2024-03-10 00:00:00,0.0,0.0009651863973925146,1.1116151256018535e-05,0.018198544,-0.7639083862304688
2024-03-10 01:00:00,0.0,0.09610220523038082,1.1116151256018535e-05,0.009595889,-0.757843017578125
2024-03-10 02:00:00,0.0,-1.966837837052406,1.1116151256018535e-05,0.018198544,-0.8667755126953125
2024-03-10 03:00:00,0.0,-2.1031583111317866,1.1116151256018535e-05,0.018198544,-0.8028297424316406
2024-03-10 04:00:00,0.0,0.08312176167751262,1.1116151256018535e-05,0.018198544,-0.4406929016113281
2024-03-10 05:00:00,0.0,3.5543592655842127,0.0,0.05481548,-0.5244827270507812
2024-03-10 06:00:00,1.186,12.440505309596798,1.3428344999999993,1.0137873,0.40792083740234375
2024-03-10 07:00:00,20.514,22.420269011055804,25.431506599908868,25.633993,24.77594566345215
2024-03-10 08:00:00,51.39,51.016033224044335,55.383032464439765,57.936947,66.35414123535156
2024-03-10 09:00:00,83.78,87.31430808873554,90.13095981195985,90.04058,102.1716079711914
2024-03-10 10:00:00,114.29000000000002,111.83881506031594,120.1957651880793,119.46,125.16070556640625
2024-03-10 11:00:00,116.11,133.96826600643246,134.29485484357875,132.63988,139.80349731445312
2024-03-10 12:00:00,152.76,116.18535022307259,133.0859732767342,131.89241,146.7768096923828
2024-03-10 13:00:00,138.41600000000005,158.83636329961095,136.95595690521674,136.64795,113.28701782226562
2024-03-10 14:00:00,89.07600000000001,116.03290721390263,115.78657205130062,112.90727,126.89775085449219
2024-03-10 15:00:00,78.06,54.58854154730096,65.13213325396826,67.058655,83.02671813964844
2024-03-10 16:00:00,47.45,56.45424071927183,41.94665078787878,45.058025,40.451446533203125
2024-03-10 17:00:00,18.51,19.180214453536994,17.978914877910867,19.562918,10.17822265625
2024-03-10 18:00:00,0.8240000000000001,2.665669793352798,0.909732100226323,0.53721946,-0.09109878540039062
2024-03-10 19:00:00,0.0,-0.5157815160186248,1.1116151256018535e-05,0.026489738,-0.55279541015625
2024-03-10 20:00:00,0.0,1.6041579308581948,1.1116151256018535e-05,0.0135323405,-0.636016845703125
2024-03-10 21:00:00,0.0,0.5060933960960312,1.1116151256018535e-05,0.0135323405,-0.6751136779785156
2024-03-10 22:00:00,0.0,-1.923303113038246,1.1116151256018535e-05,0.004516437,-0.6964263916015625
2024-03-10 23:00:00,0.0,-2.233986443102864,1.1116151256018535e-05,0.004516437,-0.7220497131347656
2024-03-11 00:00:00,0.0,2.314538592728642,1.1116151256018535e-05,0.009595889,-0.6960411071777344
2024-03-11 01:00:00,0.0,-3.2443760641659036,1.1116151256018535e-05,0.0143388985,-0.6572303771972656
2024-03-11 02:00:00,0.0,-4.716899055682207,1.1116151256018535e-05,0.0143388985,-0.611572265625
2024-03-11 03:00:00,0.0,1.3829486784029954,1.1116151256018535e-05,0.0143388985,-0.5326080322265625
2024-03-11 04:00:00,0.0,0.8821443083013427,1.1116151256018535e-05,0.0143388985,-0.2589302062988281
2024-03-11 05:00:00,0.0,4.188015522876239,0.0,0.032951552,0.0462188720703125
2024-03-11 06:00:00,1.406,11.054562421812857,1.3792560335877568,1.0493578,0.6692695617675781
2024-03-11 07:00:00,27.636000000000003,21.25988556738286,23.45800560673896,22.71485,14.67837142944336
2024-03-11 08:00:00,71.49600000000001,59.54872904446635,68.96098337710785,67.36743,50.88875198364258
2024-03-11 09:00:00,115.01600000000002,109.89981001831705,112.5434729027257,111.74947,110.22384643554688
2024-03-11 10:00:00,149.806,146.41743626558255,143.754939638865,144.57066,148.53695678710938
2024-03-11 11:00:00,172.0,170.35236634962402,164.61368208556084,170.43248,173.73593139648438
2024-03-11 12:00:00,185.55,175.01788435079672,180.3966658688387,180.46631,184.65663146972656
2024-03-11 13:00:00,176.9,178.27934246294208,173.8620425659445,176.49939,177.9993133544922
2024-03-11 14:00:00,153.84000000000003,150.03592104760315,152.67528167797084,151.50092,146.96310424804688
2024-03-11 15:00:00,118.25,113.93946370897885,113.83253909504536,116.611084,105.70335388183594
2024-03-11 16:00:00,73.77000000000001,71.10720642311668,72.90952322977219,72.80285,61.23505401611328
2024-03-11 17:00:00,27.69,32.65416382855372,28.12649446969697,29.641125,20.656291961669922
2024-03-11 18:00:00,1.07,1.7700617403334604,1.237972464426691,1.1539339,0.3118438720703125
2024-03-11 19:00:00,0.0,-2.2330580861298155,1.1116151256018535e-05,-0.0020025114,-0.6787757873535156
2024-03-11 20:00:00,0.0,4.03050192891378,1.1116151256018535e-05,0.0023326639,-0.8525238037109375
2024-03-11 21:00:00,0.0,-0.9675991205016747,1.1116151256018535e-05,-0.000819657,-0.7408447265625
2024-03-11 22:00:00,0.0,-1.9172719492403658,1.1116151256018535e-05,0.009182638,-0.6994132995605469
2024-03-11 23:00:00,0.0,0.5680557889753702,1.1116151256018535e-05,0.009182638,-0.7421035766601562
2024-03-12 00:00:00,0.0,3.574711951884886,1.1116151256018535e-05,0.018198544,-0.71270751953125
2024-03-12 01:00:00,0.0,3.989246734896418,1.1116151256018535e-05,0.018198544,-0.7213630676269531
2024-03-12 02:00:00,0.0,1.9962757796889674,1.1116151256018535e-05,0.018198544,-0.8520317077636719
2024-03-12 03:00:00,0.0,0.34507045092776845,1.1116151256018535e-05,0.018198544,-0.6045646667480469
2024-03-12 04:00:00,0.0,0.4697916522548644,1.1116151256018535e-05,0.018198544,-0.21389389038085938
2024-03-12 05:00:00,0.0,3.2212695137911447,0.0,0.05481548,-0.5836753845214844
2024-03-12 06:00:00,1.564,10.50356772389581,1.8215715128390764,1.2127044,1.5274505615234375
2024-03-12 07:00:00,28.380000000000003,23.267634717250534,26.99177072696913,26.959526,24.313270568847656
2024-03-12 08:00:00,72.48,65.51517811590725,72.39968984474469,70.314415,69.21707153320312
2024-03-12 09:00:00,115.66,113.88138805053634,115.80450382174617,114.95314,114.87588500976562
2024-03-12 10:00:00,150.25,150.3670144997062,151.5209441121825,150.98221,154.51390075683594
2024-03-12 11:00:00,172.33,171.85012849754582,173.06998286861136,173.12532,177.37709045410156
2024-03-12 12:00:00,184.66,176.68494921042677,184.4962023393156,182.0313,185.62290954589844
2024-03-12 13:00:00,176.09000000000003,175.89764092110298,173.38604337967942,174.14224,175.7935791015625
2024-03-12 14:00:00,152.83,148.54426436513245,151.5127567130472,151.33424,149.40420532226562
2024-03-12 15:00:00,116.71,113.92825651739548,115.83951299206579,114.28412,109.56614685058594
2024-03-12 16:00:00,71.75,71.23154908716106,72.38970519540592,71.854065,64.44539642333984
2024-03-12 17:00:00,26.254000000000005,31.973305680862723,26.708588720333328,27.28383,23.944622039794922
2024-03-12 18:00:00,1.086,1.0801769922228779,1.1763565263492477,1.2129651,0.76702880859375
2024-03-12 19:00:00,0.0,-1.922595045813467,1.1116151256018535e-05,0.00045318186,-0.6885299682617188
2024-03-12 20:00:00,0.0,4.3282484909341346,1.1116151256018535e-05,0.0047883545,-0.8737297058105469
2024-03-12 21:00:00,0.0,1.0276911113931742,1.1116151256018535e-05,0.009300253,-0.7627105712890625
2024-03-12 22:00:00,0.0,-1.9592666884026242,1.1116151256018535e-05,0.018129418,-0.6864662170410156
2024-03-12 23:00:00,0.0,-0.15987918337138618,1.1116151256018535e-05,0.016196132,-0.696258544921875
2024-03-13 00:00:00,0.0,2.5835113714126132,1.1116151256018535e-05,0.016196132,-0.7049446105957031
2024-03-13 01:00:00,0.0,1.9088222855753314,1.1116151256018535e-05,0.016196132,-0.6906547546386719
2024-03-13 02:00:00,0.0,1.0037212161494036,1.1116151256018535e-05,0.01325823,-0.7846221923828125
2024-03-13 03:00:00,0.0,-1.0323987164437343,1.1116151256018535e-05,0.0076626022,-0.64031982421875
2024-03-13 04:00:00,0.0,-1.1303166847978336,1.1116151256018535e-05,0.0060134707,-0.2665519714355469
2024-03-13 05:00:00,0.0,2.8680941931728703,0.0,0.044469025,-0.402374267578125
2024-03-13 06:00:00,1.34,11.161740207765067,1.8517090267335012,1.29464,1.5249671936035156
2024-03-13 07:00:00,22.614,22.059883156879152,24.374088474973053,23.922953,25.06755256652832
2024-03-13 08:00:00,60.59,55.9929335524329,61.476044971250914,61.382133,66.63455200195312
2024-03-13 09:00:00,101.95,100.23766933588047,102.47452891843874,102.80327,102.79953002929688
2024-03-13 10:00:00,137.184,135.76437748620097,138.28074627123885,137.77814,144.80943298339844
2024-03-13 11:00:00,162.116,158.40223558035086,166.47401992936474,162.62183,169.17730712890625
2024-03-13 12:00:00,177.31600000000003,169.7606301994571,175.14195744979986,172.63528,176.6520233154297
2024-03-13 13:00:00,173.16,172.21477788306737,168.81697874413624,166.95801,158.7528839111328
2024-03-13 14:00:00,148.316,151.12999279107186,148.9092641465614,147.2013,130.617431640625
2024-03-13 15:00:00,110.68,110.58571871808493,111.7339352019287,113.083534,94.86445617675781
2024-03-13 16:00:00,65.3,69.31028460993943,66.64315858383272,67.26242,58.922298431396484
2024-03-13 17:00:00,23.36,30.687874857096396,23.46615669470144,24.133444,22.38783073425293
2024-03-13 18:00:00,1.02,3.683016163168673,1.1756336829930505,0.8162937,1.23028564453125
2024-03-13 19:00:00,0.0,0.16124546110181548,1.1116151256018535e-05,-0.029723331,-0.5200996398925781
2024-03-13 20:00:00,0.0,6.8651703464849145,1.1116151256018535e-05,-0.007753883,-0.6322669982910156
2024-03-13 21:00:00,0.0,0.15987346388222656,1.1116151256018535e-05,-0.012202172,-0.6224899291992188
2024-03-13 22:00:00,0.0,-0.012980043112338802,1.1116151256018535e-05,0.0026637882,-0.7180747985839844
2024-03-13 23:00:00,0.0,1.4541560380045748,1.1116151256018535e-05,0.0051925876,-0.77734375
2024-03-14 00:00:00,0.0,2.3110755507778187,1.1116151256018535e-05,0.0005799851,-0.7849960327148438
2024-03-14 01:00:00,0.0,0.15743021723342165,1.1116151256018535e-05,0.0005799851,-0.7600440979003906
2024-03-14 02:00:00,0.0,-1.9064276338917865,1.1116151256018535e-05,0.0005799851,-0.7882499694824219
2024-03-14 03:00:00,0.0,-2.0369523192881767,1.1116151256018535e-05,0.009182638,-0.7340278625488281
2024-03-14 04:00:00,0.0,-0.18923583845712133,1.1116151256018535e-05,0.009182638,-0.23651885986328125
2024-03-14 05:00:00,0.0,4.669389607237793,0.0,0.019192642,-0.3266334533691406
2024-03-14 06:00:00,1.7760000000000002,11.764890158497847,1.7890777752558709,1.257043,0.4696922302246094
2024-03-14 07:00:00,27.294,21.93782056823514,28.63141240705348,28.434114,18.592758178710938
2024-03-14 08:00:00,68.08,61.98357352556315,70.21829079686084,69.90556,67.92634582519531
2024-03-14 09:00:00,109.734,107.23254546540812,110.52439316983666,112.55168,117.8629150390625
2024-03-14 10:00:00,143.548,143.1851438471763,144.53362093753088,145.84038,153.86126708984375
2024-03-14 11:00:00,168.496,166.16262053396514,166.49533419419566,166.7301,174.9151611328125
2024-03-14 12:00:00,172.86800000000002,176.90204193377153,175.9952020668751,177.4627,182.08657836914062
2024-03-14 13:00:00,179.234,161.24928993417592,165.73221267655498,164.74673,176.15724182128906
2024-03-14 14:00:00,155.05,154.56043499357284,155.1407503712634,153.3766,146.5363006591797
2024-03-14 15:00:00,118.024,112.78568828732315,117.61690516737843,119.103645,112.93222045898438
2024-03-14 16:00:00,72.424,71.62073396283569,72.66124589832583,72.87905,68.64016723632812
2024-03-14 17:00:00,24.806,31.196344886476652,26.648321537348266,27.074194,23.97600555419922
2024-03-14 18:00:00,1.158,-1.8445739309437146,1.1568302818958696,0.83792895,0.7543487548828125
2024-03-14 19:00:00,0.0,-1.1143307084746739,1.1116151256018535e-05,-0.014397167,-0.8148956298828125
2024-03-14 20:00:00,0.0,3.091908310961498,1.1116151256018535e-05,-0.004213697,-1.0328292846679688
2024-03-14 21:00:00,0.0,-0.008227356739110903,1.1116151256018535e-05,-0.005786734,-0.8731918334960938
2024-03-14 22:00:00,0.0,-1.237956881557924,1.1116151256018535e-05,0.012003077,-0.7849273681640625
2024-03-14 23:00:00,0.0,-1.5736665431525112,1.1116151256018535e-05,0.012003077,-0.7728652954101562
2024-03-15 00:00:00,0.0,1.6085729694270525,1.1116151256018535e-05,0.012003077,-0.7866020202636719
2024-03-15 01:00:00,0.0,4.895780817576291,1.1116151256018535e-05,0.012003077,-0.7980690002441406
2024-03-15 02:00:00,0.0,0.8572776097694725,1.1116151256018535e-05,0.012003077,-0.8718223571777344
2024-03-15 03:00:00,0.0,-0.05691724944504273,1.1116151256018535e-05,0.016445959,-0.735870361328125
2024-03-15 04:00:00,0.0,0.84761250345918,1.1116151256018535e-05,0.016445959,-0.3955802917480469
2024-03-15 05:00:00,0.0,3.9867566041119344,0.0,0.05306289,-0.61932373046875
2024-03-15 06:00:00,2.024,12.257017336880109,1.8982380274170285,1.086527,0.5205841064453125
2024-03-15 07:00:00,31.59,24.879278257001644,29.079826677481634,29.437117,23.296226501464844
2024-03-15 08:00:00,77.94600000000001,70.93061439790705,75.5836214675363,75.36732,69.9503402709961
2024-03-15 09:00:00,122.706,121.90968254292471,120.88926064477435,119.405205,121.72673034667969
2024-03-15 10:00:00,158.13,160.3190768841354,156.3854031710039,158.25119,157.8213653564453
2024-03-15 11:00:00,180.5,179.49550951889734,176.97061496268037,177.75992,179.6622772216797
2024-03-15 12:00:00,188.144,185.51567596387588,186.3302372025845,186.37746,186.24295043945312
2024-03-15 13:00:00,179.776,175.75324109531778,178.37143350242502,176.77144,178.24090576171875
2024-03-15 14:00:00,153.74400000000003,151.365692587129,155.90092569732082,154.88503,156.5947723388672
2024-03-15 15:00:00,115.38,114.1318555809901,116.39129079357475,117.1938,117.67282104492188
2024-03-15 16:00:00,70.79,70.73740485731648,71.53806519411556,69.02359,70.0048599243164
2024-03-15 17:00:00,25.99,30.595696111267383,25.965666834967315,27.001446,25.34779930114746
2024-03-15 18:00:00,1.16,-0.10619990105531896,1.158056418246555,0.8550592,0.8971786499023438
2024-03-15 19:00:00,0.0,-2.4986872718530906,1.1116151256018535e-05,-0.00035337562,-0.7449226379394531
2024-03-15 20:00:00,0.0,4.479918502495755,1.1116151256018535e-05,0.0039817956,-0.9191246032714844
2024-03-15 21:00:00,0.0,1.254418802870352,1.1116151256018535e-05,-0.0013336188,-0.835906982421875
2024-03-15 22:00:00,0.0,-0.7585967364402757,1.1116151256018535e-05,0.0135323405,-0.7764854431152344
2024-03-15 23:00:00,0.0,-0.7195932801025644,1.1116151256018535e-05,0.0135323405,-0.7838478088378906
2024-03-16 00:00:00,0.0,1.1260444215592735,1.1116151256018535e-05,0.018198544,-0.8050003051757812
2024-03-16 01:00:00,0.0,1.9554189028410929,1.1116151256018535e-05,0.018198544,-0.803497314453125
2024-03-16 02:00:00,0.0,0.5059527248618015,1.1116151256018535e-05,0.009595889,-0.9215469360351562
2024-03-16 03:00:00,0.0,0.4571113980793269,1.1116151256018535e-05,0.009595889,-0.805633544921875
2024-03-16 04:00:00,0.0,2.012246781143145,1.1116151256018535e-05,0.009595889,-0.4302864074707031
2024-03-16 05:00:00,0.0,5.136286826362269,0.0,0.046212833,-0.8489151000976562
2024-03-16 06:00:00,2.25,11.429942450060055,1.9223380396825411,1.1467099,1.4192237854003906
2024-03-16 07:00:00,31.876,22.962757187310423,29.521281482452185,30.02848,30.829166412353516
2024-03-16 08:00:00,78.034,69.06851737672022,76.73129457596889,76.27952,77.05372619628906
2024-03-16 09:00:00,122.77,120.49957091020116,118.67374308732379,118.73811,121.7071533203125
2024-03-16 10:00:00,158.584,156.95456858098353,157.21947706564663,158.40843,158.61900329589844
2024-03-16 11:00:00,181.45,180.08454458382636,179.02406481470763,179.21648,181.48146057128906
2024-03-16 12:00:00,191.74,185.60196758179902,187.5920194884125,187.05173,191.08680725097656
2024-03-16 13:00:00,183.206,180.876863422179,178.88867524854032,179.17447,184.34205627441406
2024-03-16 14:00:00,160.05,153.62922807285761,158.17500423862197,159.00009,158.9134521484375
2024-03-16 15:00:00,122.524,119.76091413497838,121.4724866190476,123.72519,120.04132080078125
2024-03-16 16:00:00,76.3,75.59665220744535,77.4328681283023,76.627075,73.18099975585938
2024-03-16 17:00:00,28.824,35.64901673064213,29.855068865079364,29.7531,27.59596061706543
2024-03-16 18:00:00,1.306,3.25256424031003,1.3147210845156803,1.3469157,1.2727317810058594
2024-03-16 19:00:00,0.0,-1.3044134529605502,1.1116151256018535e-05,-0.00035337562,-0.8077888488769531
2024-03-16 20:00:00,0.0,5.050939789900183,1.1116151256018535e-05,0.0039817956,-1.007293701171875
2024-03-16 21:00:00,0.0,0.9378828375497374,1.1116151256018535e-05,0.02758636,-0.8727073669433594
2024-03-16 22:00:00,0.0,-1.8719650212864223,1.1116151256018535e-05,0.0135323405,-0.8209571838378906
2024-03-16 23:00:00,0.0,-0.5108816310549766,1.1116151256018535e-05,0.0135323405,-0.8209457397460938
2024-03-17 00:00:00,0.0,2.3007400281193164,1.1116151256018535e-05,0.0135323405,-0.8419876098632812
2024-03-17 01:00:00,0.0,3.5761109421431145,1.1116151256018535e-05,0.009595889,-0.8437347412109375
2024-03-17 02:00:00,0.0,2.376116480269773,1.1116151256018535e-05,0.009595889,-0.9533615112304688
2024-03-17 03:00:00,0.0,1.3240907164875482,1.1116151256018535e-05,0.009595889,-0.7029037475585938
2024-03-17 04:00:00,0.0,1.9241547586481258,1.1116151256018535e-05,0.018198544,-0.3223876953125
2024-03-17 05:00:00,0.0,4.7934302232071575,0.0,0.05481548,-0.7649421691894531
2024-03-17 06:00:00,2.52,11.58492876948242,2.266521833333335,1.7852981,1.2594490051269531
2024-03-17 07:00:00,32.876,24.31138619213601,31.772449157842157,32.967354,29.836355209350586
2024-03-17 08:00:00,74.38,70.68920078349183,77.69633714271924,76.63969,78.07255554199219
2024-03-17 09:00:00,112.18,114.35769757340273,114.08020941773299,114.279106,123.77330017089844
2024-03-17 10:00:00,149.37,142.01095386819486,142.46255980571303,146.32246,155.81398010253906
2024-03-17 11:00:00,161.406,171.02825247546366,171.3959282970175,171.94492,176.70083618164062
2024-03-17 12:00:00,167.66,162.62200982157984,175.25712486929694,174.34975,186.95040893554688
2024-03-17 13:00:00,167.67600000000002,157.70864908439125,161.37470710598532,165.21437,171.15457153320312
2024-03-17 14:00:00,151.184,145.02348882102075,141.83569439740486,142.75357,137.2113494873047
2024-03-17 15:00:00,117.884,115.00270689627936,111.64630141547048,112.807144,102.55525207519531
2024-03-17 16:00:00,72.92,73.0408781871748,73.24912250299703,73.83663,62.9479866027832
2024-03-17 17:00:00,27.510000000000005,32.46286185476296,28.653858521201023,29.145823,23.223323822021484
2024-03-17 18:00:00,1.356,2.8556019830228316,1.2904592437989482,1.3428266,0.6500091552734375
2024-03-17 19:00:00,0.0,-1.155008453334906,1.1116151256018535e-05,-0.01653439,-0.6793670654296875
2024-03-17 20:00:00,0.0,3.1588022772981006,1.1116151256018535e-05,-0.009864612,-0.8467597961425781
2024-03-17 21:00:00,0.0,-1.736108440479684,1.1116151256018535e-05,-0.010580799,-0.8124961853027344
2024-03-17 22:00:00,0.0,-3.7215937541789588,1.1116151256018535e-05,0.012003077,-0.794708251953125
2024-03-17 23:00:00,0.0,-2.6767214797719214,1.1116151256018535e-05,0.012003077,-0.8089485168457031
2024-03-18 00:00:00,0.0,2.8658102703392996,1.1116151256018535e-05,0.012003077,-0.8171348571777344
2024-03-18 01:00:00,0.0,6.4038804893291355,1.1116151256018535e-05,0.018198544,-0.8172531127929688
2024-03-18 02:00:00,0.0,4.703724079076459,1.1116151256018535e-05,0.018198544,-0.8616409301757812
2024-03-18 03:00:00,0.0,3.0017379946993996,1.1116151256018535e-05,0.009595889,-0.6549835205078125
2024-03-18 04:00:00,0.0,2.8289762971991497,1.1116151256018535e-05,0.0005799851,-0.3097801208496094
2024-03-18 05:00:00,0.0,5.338345492123271,0.0,0.037196923,-0.28069305419921875
2024-03-18 06:00:00,2.636,11.81165866501256,2.368876035047297,1.7970935,0.4848785400390625
2024-03-18 07:00:00,34.104000000000006,24.745630750591246,32.338373775048474,31.628275,17.781288146972656
2024-03-18 08:00:00,81.046,71.80919143825182,79.62139138037776,78.66798,64.14785766601562
2024-03-18 09:00:00,125.3,123.75508010808761,122.94255051124459,125.32242,120.71253967285156
2024-03-18 10:00:00,160.17600000000002,157.27893490653884,158.10151547572704,159.0023,160.14614868164062
2024-03-18 11:00:00,182.06600000000003,180.0536998991139,176.2484022873337,177.95451,181.632080078125
2024-03-18 12:00:00,190.806,185.76276225548824,186.46048773409427,188.31458,189.789306640625
2024-03-18 13:00:00,181.506,179.08256171122238,172.58996046264645,176.72191,182.20858764648438
2024-03-18 14:00:00,157.394,151.3078721457997,155.90522764775125,157.26955,155.7321014404297
2024-03-18 15:00:00,120.39,117.48508251531979,118.51173340269155,119.23169,118.02590942382812
2024-03-18 16:00:00,74.554,74.80485852925801,75.40845251659455,74.69804,70.51261138916016
2024-03-18 17:00:00,28.010000000000005,33.90459785736951,29.254175666666676,29.507582,25.435216903686523
2024-03-18 18:00:00,1.39,1.9385248415107212,1.3743236520397824,1.3114135,0.7558746337890625
2024-03-18 19:00:00,0.0,-1.8371020371612397,1.1116151256018535e-05,-0.017300844,-0.7941551208496094
2024-03-18 20:00:00,0.0,2.5650433907522503,1.1116151256018535e-05,-0.003284502,-0.9889488220214844
2024-03-18 21:00:00,0.0,-0.8740843807929446,1.1116151256018535e-05,0.0179184,-0.89801025390625
2024-03-18 22:00:00,0.0,-2.0801919799358597,1.1116151256018535e-05,0.003864377,-0.8206291198730469
2024-03-18 23:00:00,0.0,-0.42398585657686216,1.1116151256018535e-05,0.016445959,-0.8297958374023438
2024-03-19 00:00:00,0.0,3.010091473363207,1.1116151256018535e-05,0.016445959,-0.8282394409179688
2024-03-19 01:00:00,0.0,4.150470766581636,1.1116151256018535e-05,0.016445959,-0.8180427551269531
2024-03-19 02:00:00,0.0,2.0429870326040067,1.1116151256018535e-05,0.018198544,-0.9172592163085938
2024-03-19 03:00:00,0.0,0.7253093315348174,1.1116151256018535e-05,0.006692213,-0.6261405944824219
2024-03-19 04:00:00,0.0,1.3148249332970776,1.1116151256018535e-05,0.0143388985,-0.22393035888671875
2024-03-19 05:00:00,0.0,4.911751591136756,0.0,0.046212833,-0.2899894714355469
2024-03-19 06:00:00,2.6140000000000003,12.977569106848987,2.7401545108416587,2.3292656,2.0154190063476562
2024-03-19 07:00:00,32.160000000000004,26.012647381523113,32.66013779853481,32.649857,27.822025299072266
2024-03-19 08:00:00,77.99600000000001,68.15232709025386,75.0885627046365,76.6099,71.89451599121094
2024-03-19 09:00:00,122.56600000000002,119.85482513113615,120.16700703231635,119.47577,120.76396179199219
2024-03-19 10:00:00,158.10000000000002,155.18148541072483,156.7851555795862,158.81932,160.64706420898438
2024-03-19 11:00:00,180.834,179.42091941488067,177.76399844189905,177.29301,183.36566162109375
2024-03-19 12:00:00,189.876,186.68983802765328,189.24403959174145,189.24023,193.79273986816406
2024-03-19 13:00:00,180.444,180.22845019797114,176.34900448348262,177.34073,185.67526245117188
2024-03-19 14:00:00,152.134,150.69253453050285,154.10083549799435,154.074,150.1566925048828
2024-03-19 15:00:00,110.224,110.21412939111542,111.35212632915436,113.00072,106.09539794921875
2024-03-19 16:00:00,68.104,64.70628353208565,66.41551259096795,66.34338,59.68482208251953
2024-03-19 17:00:00,25.92,31.11363785398379,25.716571523685648,26.906172,18.77284049987793
2024-03-19 18:00:00,1.42,3.568178292100817,1.2606519991525138,1.1757793,0.03772735595703125
2024-03-19 19:00:00,0.0,1.4143858800205096,1.1116151256018535e-05,0.028635023,-0.710906982421875
2024-03-19 20:00:00,0.0,4.649957012447956,1.1116151256018535e-05,-0.02294323,-0.8595390319824219
2024-03-19 21:00:00,0.0,1.1414698849451284,1.1116151256018535e-05,-0.020303668,-0.7915878295898438
2024-03-19 22:00:00,0.0,-0.11150862645040971,1.1116151256018535e-05,-0.013392687,-0.770294189453125
2024-03-19 23:00:00,0.0,0.07977834812594264,1.1116151256018535e-05,0.006278959,-0.7896194458007812
2024-03-20 00:00:00,0.0,2.6089502403987574,1.1116151256018535e-05,0.018198544,-0.7932929992675781
2024-03-20 01:00:00,0.0,4.458080465586185,1.1116151256018535e-05,0.009182638,-0.811279296875
2024-03-20 02:00:00,0.0,1.9579316317687565,1.1116151256018535e-05,0.016445959,-0.9539146423339844
2024-03-20 03:00:00,0.0,0.6913207731078403,1.1116151256018535e-05,0.016445959,-0.81439208984375
2024-03-20 04:00:00,0.0,1.8091936104270705,1.1116151256018535e-05,0.016445959,-0.3304252624511719
2024-03-20 05:00:00,0.0,4.482120959726253,0.0,0.04862001,-0.6189498901367188
2024-03-20 06:00:00,2.95,11.421699220610442,2.9786343541620806,2.8177493,2.5431289672851562
2024-03-20 07:00:00,35.02,26.19548433440708,33.411884333333326,32.984093,30.28103256225586
2024-03-20 08:00:00,81.49000000000001,75.84240062128575,79.95468100980392,79.30291,74.11994934082031
2024-03-20 09:00:00,125.41,124.85570874216779,124.0882033633597,125.39599,125.1077880859375
2024-03-20 10:00:00,160.41,159.50490586666507,158.84943877767978,160.01704,162.56997680664062
2024-03-20 11:00:00,183.576,179.783308080269,179.62306060923845,177.6997,186.08909606933594
2024-03-20 12:00:00,190.83,186.39024122636914,191.45375576950002,189.82376,194.20420837402344
2024-03-20 13:00:00,183.116,177.23261886317005,179.2996286148187,179.34572,183.55809020996094
2024-03-20 14:00:00,137.94400000000002,152.15880444198373,158.08167827302378,158.77461,148.6475830078125
2024-03-20 15:00:00,94.046,92.48281960886501,98.02199034525327,95.58476,109.439208984375
2024-03-20 16:00:00,59.28,52.93810231097501,52.620782098960966,56.32082,55.805335998535156
2024-03-20 17:00:00,24.49,28.452740402452196,22.845403339749424,22.757736,14.383247375488281
2024-03-20 18:00:00,1.56,4.584881415090368,1.373076683274754,1.079281,0.020755767822265625
2024-03-20 19:00:00,0.0,-0.994314527165066,1.1116151256018535e-05,-0.017012948,-0.7082252502441406
2024-03-20 20:00:00,0.0,2.3480684265576257,1.1116151256018535e-05,-0.006188183,-0.8632125854492188
2024-03-20 21:00:00,0.0,0.8792583954621498,1.1116151256018535e-05,-0.00057850487,-0.8120346069335938
2024-03-20 22:00:00,0.0,-0.9061638036232518,1.1116151256018535e-05,-0.00057850487,-0.7631072998046875
2024-03-20 23:00:00,0.0,-1.0009511236094082,1.1116151256018535e-05,-0.00057850487,-0.7989006042480469
2024-03-21 00:00:00,0.0,0.678438569823317,1.1116151256018535e-05,0.016445959,-0.7965278625488281
2024-03-21 01:00:00,0.0,0.9294660589899921,1.1116151256018535e-05,0.012003077,-0.7867279052734375
2024-03-21 02:00:00,0.0,-2.4451623726707856,1.1116151256018535e-05,0.012003077,-0.9681777954101562
2024-03-21 03:00:00,0.0,-0.28738846673235097,1.1116151256018535e-05,0.0135323405,-0.8519020080566406
2024-03-21 04:00:00,0.0,2.8455119404915394,1.1116151256018535e-05,0.0135323405,-0.39032745361328125
2024-03-21 05:00:00,0.0,5.713414061691835,0.0,0.050149284,-0.5439491271972656
2024-03-21 06:00:00,2.664,12.575210386037822,2.9586833462443987,3.0377808,4.343769073486328
2024-03-21 07:00:00,29.64,24.8747348428242,31.21002572126799,32.12171,37.91735076904297
2024-03-21 08:00:00,71.31,65.22064061049376,70.67161581217252,71.1576,74.01342010498047
2024-03-21 09:00:00,117.244,110.97235157868002,114.45869349889117,115.785706,109.21477508544922
2024-03-21 10:00:00,153.5,150.20707760999042,151.736224603273,152.60042,148.3336639404297
2024-03-21 11:00:00,161.58,172.76067568339124,174.98690504584883,176.92162,171.9605255126953
2024-03-21 12:00:00,183.444,159.54341108942134,174.01267600161046,167.1639,180.50941467285156
2024-03-21 13:00:00,174.976,178.20501227504639,170.11423458038863,169.64569,138.27590942382812
2024-03-21 14:00:00,153.14,148.28180329286374,149.42754584056712,149.06938,112.44340515136719
2024-03-21 15:00:00,119.7,113.47518829299739,114.59262587766142,116.4713,83.00050354003906
2024-03-21 16:00:00,74.54,74.21310488739263,74.65489524975024,75.53504,52.384761810302734
2024-03-21 17:00:00,29.054,33.55002790992254,30.006486629870132,29.875631,20.932384490966797
2024-03-21 18:00:00,1.564,4.8913993512079355,1.5390629775322,1.3355007,0.9803733825683594
2024-03-21 19:00:00,0.0,-0.7772455311521376,1.1116151256018535e-05,-0.01940939,-0.6341781616210938
2024-03-21 20:00:00,0.0,4.027548213083984,1.1116151256018535e-05,-0.007937785,-0.8206710815429688
2024-03-21 21:00:00,0.0,0.1933191924630533,1.1116151256018535e-05,0.0018078049,-0.8419380187988281
2024-03-21 22:00:00,0.0,-0.858236762824808,1.1116151256018535e-05,0.0016127588,-0.8330421447753906
2024-03-21 23:00:00,0.0,1.4035093672419487,1.1116151256018535e-05,0.0016127588,-0.8758201599121094
2024-03-22 00:00:00,0.0,6.034939244333957,1.1116151256018535e-05,0.0016127588,-0.8709869384765625
2024-03-22 01:00:00,0.0,4.077887538667386,1.1116151256018535e-05,0.010628664,-0.8907699584960938
2024-03-22 02:00:00,0.0,0.7271845236638839,1.1116151256018535e-05,0.010646665,-0.9842567443847656
2024-03-22 03:00:00,0.0,-0.7483665829850668,1.1116151256018535e-05,0.013550341,-0.9000473022460938
2024-03-22 04:00:00,0.0,0.8720531911687441,1.1116151256018535e-05,0.0135323405,-0.2874031066894531
2024-03-22 05:00:00,0.0,5.130692480173893,0.0,0.04862001,-0.6013069152832031
2024-03-22 06:00:00,3.3000000000000003,12.8653380055034,3.0329986518503107,3.5329375,2.687397003173828
2024-03-22 07:00:00,35.114,27.894812974390646,33.89926695238096,34.130592,29.75270652770996
2024-03-22 08:00:00,80.23400000000001,75.85460181321736,79.1411838729962,79.07406,73.16754150390625
2024-03-22 09:00:00,123.52,122.6706562649097,123.36670775763412,125.50215,124.55638122558594
2024-03-22 10:00:00,156.45000000000002,158.25994464310168,155.66561648849628,158.2669,163.51263427734375
2024-03-22 11:00:00,178.924,177.87848895921292,176.09998750766698,176.26982,184.57200622558594
2024-03-22 12:00:00,190.534,185.32110880556314,187.34313943232763,188.71573,192.44920349121094
2024-03-22 13:00:00,178.67600000000002,180.76019231819512,178.80689084230707,179.7412,186.9923095703125
2024-03-22 14:00:00,149.566,148.66763344484264,154.21694212801125,152.43314,154.5204620361328
2024-03-22 15:00:00,116.03,108.86064059210389,112.44111253375654,111.88776,105.81031799316406
2024-03-22 16:00:00,69.78,72.92940151870798,72.46742656581331,71.12338,58.70677185058594
2024-03-22 17:00:00,27.076,28.957102990474826,26.827813696389867,26.979305,22.480363845825195
2024-03-22 18:00:00,1.58,2.133334649726402,1.4614406427792757,1.3774549,0.6993827819824219
2024-03-22 19:00:00,0.0,-2.666417297246248,1.1116151256018535e-05,-0.014397167,-0.7884864807128906
2024-03-22 20:00:00,0.0,3.4308168567407287,1.1116151256018535e-05,-0.004213697,-0.9738731384277344
2024-03-22 21:00:00,0.0,0.5445979560448337,1.1116151256018535e-05,-0.015444463,-0.8291358947753906
2024-03-22 22:00:00,0.0,-1.4314642464211147,1.1116151256018535e-05,-0.00057850487,-0.8154869079589844
2024-03-22 23:00:00,0.0,-1.363384962995554,1.1116151256018535e-05,0.012003077,-0.8447036743164062
2024-03-23 00:00:00,0.0,-0.31429333219857636,1.1116151256018535e-05,0.012003077,-0.8847198486328125
2024-03-23 01:00:00,0.0,-0.42789235717532037,1.1116151256018535e-05,0.012003077,-0.9121284484863281
2024-03-23 02:00:00,0.0,-1.2110027427956171,1.1116151256018535e-05,0.018198544,-0.989959716796875
2024-03-23 03:00:00,0.0,-0.17766007910145554,1.1116151256018535e-05,0.018198544,-0.6809616088867188
2024-03-23 04:00:00,0.0,0.8313541925661094,1.1116151256018535e-05,0.0135323405,-0.24335479736328125
2024-03-23 05:00:00,0.0,4.889313239345547,0.0,0.046212833,-0.737152099609375
2024-03-23 06:00:00,3.34,12.207450487555162,3.171042688902564,3.7052324,3.6244659423828125
2024-03-23 07:00:00,33.82,25.94141849368391,33.93771697086248,34.512005,34.426605224609375
2024-03-23 08:00:00,76.77000000000001,71.65127855300113,75.99493492348967,77.139656,75.7564697265625
2024-03-23 09:00:00,120.57,118.70266563342915,119.65105923347132,117.94655,117.02041625976562
2024-03-23 10:00:00,154.68,156.9938375706899,155.1873171148887,153.61688,156.63101196289062
2024-03-23 11:00:00,166.734,178.1701530769866,174.9036996147612,176.90851,180.2391815185547
2024-03-23 12:00:00,174.376,168.2922321608284,180.76949462839468,178.07239,191.04946899414062
2024-03-23 13:00:00,135.91,164.74364028911577,162.31397250374144,166.55717,171.9570770263672
2024-03-23 14:00:00,117.376,103.70068134467238,114.25897787587401,106.70988,131.69964599609375
2024-03-23 15:00:00,88.88,90.85940554709128,86.08927333333338,82.69926,75.15091705322266
2024-03-23 16:00:00,49.996,54.698278097276635,50.891858324488766,51.486443,40.669315338134766
2024-03-23 17:00:00,19.9,17.645410070270085,18.897705428127125,20.482944,14.080699920654297
2024-03-23 18:00:00,1.364,2.419111666243823,1.2083260796221642,1.1769353,-0.09447860717773438
2024-03-23 19:00:00,0.0,0.4377546462698185,1.1116151256018535e-05,-0.0025249803,-0.6082916259765625
2024-03-23 20:00:00,0.0,4.76685057260579,1.1116151256018535e-05,-0.0013336188,-0.6744308471679688
2024-03-23 21:00:00,0.0,0.8261970117570117,1.1116151256018535e-05,0.018198544,-0.7078475952148438
2024-03-23 22:00:00,0.0,-3.8107977857213555,1.1116151256018535e-05,0.018198544,-0.7518272399902344
2024-03-23 23:00:00,0.0,-4.320606204851498,1.1116151256018535e-05,0.004516437,-0.8376541137695312
2024-03-24 00:00:00,0.0,-2.111325304614518,1.1116151256018535e-05,0.0135323405,-0.8493003845214844
2024-03-24 01:00:00,0.0,-2.784207668436002,1.1116151256018535e-05,0.0135323405,-0.841400146484375
2024-03-24 02:00:00,0.0,0.9438093058805865,1.1116151256018535e-05,0.0135323405,-0.7950057983398438
2024-03-24 03:00:00,0.0,0.39215262414261676,1.1116151256018535e-05,0.0135323405,-0.6898307800292969
2024-03-24 04:00:00,0.0,1.4423982077905113,1.1116151256018535e-05,0.0135323405,-0.4317512512207031
2024-03-24 05:00:00,0.0,5.029319547547911,0.0,0.01692339,-0.5597000122070312
2024-03-24 06:00:00,3.3340000000000005,10.94616640616699,3.3837361982756677,3.4768863,3.097270965576172
2024-03-24 07:00:00,27.99,24.716564005343876,34.093646233719504,33.148438,28.384084701538086
2024-03-24 08:00:00,64.3,60.78645376255612,63.877437628623944,66.64726,59.082855224609375
2024-03-24 09:00:00,108.31,101.32655585454526,103.2753883795544,105.060875,95.09777069091797
2024-03-24 10:00:00,143.184,143.7207701873611,139.04472571775753,143.56784,138.92437744140625
2024-03-24 11:00:00,164.81600000000003,163.512282223381,160.05265132866157,162.2609,168.20489501953125
2024-03-24 12:00:00,186.724,168.4914257710057,173.37899562922937,172.69469,180.54141235351562
2024-03-24 13:00:00,176.17000000000002,180.32526501652688,178.55050859788366,177.74832,165.63912963867188
2024-03-24 14:00:00,145.70000000000002,147.44901889542942,151.41095412973,150.66823,136.1649627685547
2024-03-24 15:00:00,114.284,105.08276519958955,107.3777582852177,105.703445,102.16421508789062
2024-03-24 16:00:00,68.55,72.74412978550242,71.08880282899314,68.97901,58.182220458984375
2024-03-24 17:00:00,26.210000000000004,28.688446232782916,26.776621375123227,27.474583,24.43562126159668
2024-03-24 18:00:00,1.704,2.337187988919467,1.3857796430053932,0.86865115,2.3443603515625
2024-03-24 19:00:00,0.0,-1.4426438473185352,1.1116151256018535e-05,0.01947736,-0.3760566711425781
2024-03-24 20:00:00,0.0,6.706476247344675,1.1116151256018535e-05,0.007266097,-0.6895713806152344
2024-03-24 21:00:00,0.0,4.848879801489737,1.1116151256018535e-05,0.0032634588,-0.7197074890136719
2024-03-24 22:00:00,0.0,1.1203564769838001,1.1116151256018535e-05,0.018129418,-0.7686424255371094
2024-03-24 23:00:00,0.0,0.6112936252017851,1.1116151256018535e-05,0.0143388985,-0.8494949340820312
2024-03-25 00:00:00,0.0,2.031198280576127,1.1116151256018535e-05,0.0135323405,-0.8738937377929688
2024-03-25 01:00:00,0.0,-1.0986704109600978,1.1116151256018535e-05,0.0135323405,-0.8815841674804688
2024-03-25 02:00:00,0.0,-2.8122513476115465,1.1116151256018535e-05,0.0135323405,-0.8270645141601562
2024-03-25 03:00:00,0.0,-1.3292195013676924,1.1116151256018535e-05,0.0135323405,-0.777984619140625
2024-03-25 04:00:00,0.0,-0.874735955320253,1.1116151256018535e-05,0.0135323405,-0.3780403137207031
2024-03-25 05:00:00,0.0,3.2854043012997005,0.0,0.05481548,-0.8937339782714844
2024-03-25 06:00:00,3.416,10.649001156046188,4.3381376125280795,5.04188,4.0545501708984375
2024-03-25 07:00:00,26.85,24.54564213638073,33.80446018016195,33.924984,31.421499252319336
2024-03-25 08:00:00,61.004,61.143672335014095,59.21102024475208,61.607067,70.96544647216797
2024-03-25 09:00:00,94.076,98.62655403013272,102.20997987755733,102.83382,111.11537170410156
2024-03-25 10:00:00,113.02,125.49988713748505,128.5647885669114,128.34247,144.40646362304688
2024-03-25 11:00:00,126.806,128.36444317111656,138.98384986766447,140.78554,158.92849731445312
2024-03-25 12:00:00,132.96,130.8245652543561,135.30948699818623,132.75055,149.97021484375
2024-03-25 13:00:00,136.62,125.889798520543,118.396410022457,124.10048,114.4722900390625
2024-03-25 14:00:00,122.88,120.3129331411657,116.25551078585269,111.13911,84.15849304199219
2024-03-25 15:00:00,92.56,93.18008138651143,88.59990635038262,89.88372,77.77146911621094
2024-03-25 16:00:00,57.06,56.068202341878965,55.669430252829855,56.77029,56.14152526855469
2024-03-25 17:00:00,23.01,25.15629936494791,21.03066077594542,23.076359,27.462331771850586
2024-03-25 18:00:00,1.654,2.2266669866208906,1.4593297652808601,1.1270831,5.430850982666016
2024-03-25 19:00:00,0.0,-2.623853648788783,1.1116151256018535e-05,0.0013636472,-0.6631507873535156
2024-03-25 20:00:00,0.0,1.9675090766830348,1.1116151256018535e-05,0.014403537,-0.7539901733398438
2024-03-25 21:00:00,0.0,-1.6061224437084571,1.1116151256018535e-05,0.0135323405,-0.7282218933105469
2024-03-25 22:00:00,0.0,-4.747534371406659,1.1116151256018535e-05,0.0135323405,-0.7230072021484375
2024-03-25 23:00:00,0.0,-3.140774933147333,1.1116151256018535e-05,0.0135323405,-0.7096595764160156
2024-03-26 00:00:00,0.0,0.2119303135080517,1.1116151256018535e-05,0.007564614,-0.6652374267578125
2024-03-26 01:00:00,0.0,3.4696421348677235,1.1116151256018535e-05,0.007564614,-0.6550827026367188
2024-03-26 02:00:00,0.0,2.68061467700641,1.1116151256018535e-05,0.014356899,-0.7247352600097656
2024-03-26 03:00:00,0.0,2.492542265029665,1.1116151256018535e-05,0.0143388985,-0.8280754089355469
2024-03-26 04:00:00,0.0,3.886255258223701,1.1116151256018535e-05,0.0135323405,-0.76220703125
2024-03-26 05:00:00,0.0,6.091038762305016,0.0,0.032144997,-0.8348312377929688
2024-03-26 06:00:00,3.766,10.112993618475317,4.303059570596327,4.1138606,6.246540069580078
2024-03-26 07:00:00,27.77,22.45928616626311,26.20002687192563,28.175907,34.38426208496094
2024-03-26 08:00:00,60.620000000000005,60.75341038698344,62.65887312221021,64.419975,55.99970626831055
2024-03-26 09:00:00,101.14,95.02688586264122,100.28143124384633,101.26412,81.91238403320312
2024-03-26 10:00:00,133.756,132.07944977617257,127.66220679628661,133.63356,115.56423950195312
2024-03-26 11:00:00,154.51600000000002,154.38079742032033,156.17531281741506,157.88359,142.29441833496094
2024-03-26 12:00:00,176.866,159.92873239144382,158.53152010949435,165.72105,159.51182556152344
2024-03-26 13:00:00,174.01600000000002,170.87795972266525,161.81021672529496,167.23206,146.76686096191406
2024-03-26 14:00:00,147.366,146.94603855621625,149.7446248942859,149.67831,123.28289794921875
2024-03-26 15:00:00,98.33,109.11759824827189,108.58469695177666,108.85236,90.29212951660156
2024-03-26 16:00:00,60.07000000000001,57.213612273848796,58.948589082106785,58.93976,58.41348648071289
2024-03-26 17:00:00,24.55,30.11600230610829,22.08372824975316,20.571259,21.015981674194336
2024-03-26 18:00:00,1.69,6.641194372773242,1.3882219258235926,1.1046473,1.5618629455566406
2024-03-26 19:00:00,0.0,-1.113342049299995,1.1116151256018535e-05,-0.007652258,-0.6272125244140625
2024-03-26 20:00:00,0.0,3.0855526244810845,1.1116151256018535e-05,-0.007878508,-0.8335914611816406
2024-03-26 21:00:00,0.0,1.4412021310230594,1.1116151256018535e-05,0.004516437,-0.8946380615234375
2024-03-26 22:00:00,0.0,1.6011564254879558,1.1116151256018535e-05,0.0065729776,-0.9290847778320312
2024-03-26 23:00:00,0.0,1.4236478202891134,1.1116151256018535e-05,0.0065729776,-0.98931884765625
2024-03-27 00:00:00,0.0,2.7399332455033467,1.1116151256018535e-05,0.025401136,-1.0390586853027344
2024-03-27 01:00:00,0.0,2.538968008006799,1.1116151256018535e-05,0.016710717,-1.0917434692382812
2024-03-27 02:00:00,0.0,-0.7880380317103493,1.1116151256018535e-05,0.023344595,-0.97418212890625
2024-03-27 03:00:00,0.0,-4.36540764891149,1.1116151256018535e-05,0.004534438,-0.8759384155273438
2024-03-27 04:00:00,0.0,-0.7322132545718909,1.1116151256018535e-05,0.004534438,-0.47061920166015625
2024-03-27 05:00:00,0.0,3.9635789028731647,0.0,0.023129093,-0.45839691162109375
2024-03-27 06:00:00,3.93,9.938119398706972,4.665735789988047,4.979112,3.9570960998535156
2024-03-27 07:00:00,33.1,23.840781956978233,32.42578377234754,32.89594,28.64512062072754
2024-03-27 08:00:00,72.3,68.75204305810936,73.60249922433277,75.41521,61.952880859375
2024-03-27 09:00:00,108.156,109.79801247386882,114.23424609558364,113.83471,102.21211242675781
2024-03-27 10:00:00,152.394,137.99472414636435,141.18140191571553,141.5284,143.13427734375
2024-03-27 11:00:00,154.45600000000002,175.22426692706858,166.7001369907553,170.12427,159.6251220703125
2024-03-27 12:00:00,176.684,152.28394669206165,164.44442519132062,166.17944,176.68792724609375
2024-03-27 13:00:00,144.3,172.38910163432996,160.32559160931976,161.44484,153.32643127441406
2024-03-27 14:00:00,146.056,113.72886133711194,123.20566053270713,123.450386,115.01263427734375
2024-03-27 15:00:00,84.04,118.06129838320464,109.07435569405959,110.03315,71.9385986328125
2024-03-27 16:00:00,50.75,36.825169198141424,45.057598948903234,43.872425,44.255287170410156
2024-03-27 17:00:00,21.164,24.195510918300098,18.169073202926093,19.00948,13.025276184082031
2024-03-27 18:00:00,1.97,6.585107748045031,1.140268098298488,1.0038422,-0.14786911010742188
2024-03-27 19:00:00,0.0,-0.917104544722076,1.1116151256018535e-05,-0.0071129682,-0.6923637390136719
2024-03-27 20:00:00,0.0,4.899797326255279,1.1116151256018535e-05,-0.0047001303,-0.8071937561035156
2024-03-27 21:00:00,0.0,-2.3200969713820117,1.1116151256018535e-05,0.004516437,-0.8554267883300781
2024-03-27 22:00:00,0.0,-0.5059941349480401,1.1116151256018535e-05,0.004516437,-0.9220809936523438
2024-03-27 23:00:00,0.0,-2.3652682081224627,1.1116151256018535e-05,0.004516437,-1.0345268249511719
2024-03-28 00:00:00,0.0,1.5848441471101018,1.1116151256018535e-05,0.014328694,-1.0793609619140625
2024-03-28 01:00:00,0.0,-1.8961008106643167,1.1116151256018535e-05,0.016795818,-1.077484130859375
2024-03-28 02:00:00,0.0,1.4744931209902674,1.1116151256018535e-05,0.016795818,-0.9853668212890625
2024-03-28 03:00:00,0.0,-4.731006330011233,1.1116151256018535e-05,0.016795818,-0.8645286560058594
2024-03-28 04:00:00,0.0,2.8276363267347504,1.1116151256018535e-05,0.016795818,-0.36536407470703125
2024-03-28 05:00:00,0.0,7.423790995044535,0.0,0.03882256,-0.29950714111328125
2024-03-28 06:00:00,4.38,13.047263267588244,5.047399199730666,4.994419,8.977890014648438
2024-03-28 07:00:00,32.554,27.265975213670824,36.3296998402426,35.409134,39.89586639404297
2024-03-28 08:00:00,70.69,69.40018216495469,72.09428950775074,74.87621,67.79092407226562
2024-03-28 09:00:00,106.606,109.05543739326163,111.70106789355728,115.04764,101.68083190917969
2024-03-28 10:00:00,134.494,136.2473354695032,139.9846098652759,136.51317,142.1255340576172
2024-03-28 11:00:00,157.70000000000002,153.90143870189948,156.80908467394386,156.56215,163.01885986328125
2024-03-28 12:00:00,173.17000000000002,166.96957380793523,158.65055976155128,161.37581,162.2914276123047
2024-03-28 13:00:00,172.466,167.04252258755668,153.74585254429036,156.47351,150.65896606445312
2024-03-28 14:00:00,144.08,149.3483252254395,147.5575970033684,146.33904,129.77828979492188
2024-03-28 15:00:00,102.84000000000002,103.83096957324707,106.50555927677674,105.788284,105.76634216308594
2024-03-28 16:00:00,61.79,59.34263366375207,61.20621879200336,61.026768,65.10014343261719
2024-03-28 17:00:00,24.306,25.415606906533945,22.149929617192676,21.2506,26.675146102905273
2024-03-28 18:00:00,1.7800000000000002,1.32206945360898,1.3941411183728796,0.89713657,3.4524383544921875
2024-03-28 19:00:00,0.0,-3.342277769596339,1.1116151256018535e-05,0.0046091205,-0.49945831298828125
2024-03-28 20:00:00,0.0,2.7358852434505483,1.1116151256018535e-05,0.0043828697,-0.7183609008789062
2024-03-28 21:00:00,0.0,1.0701656687006735,1.1116151256018535e-05,0.0019118557,-0.8227348327636719
2024-03-28 22:00:00,0.0,0.9298952987208257,1.1116151256018535e-05,0.018834358,-0.8350906372070312
2024-03-28 23:00:00,0.0,0.6792995541115587,1.1116151256018535e-05,0.018834358,-0.9325141906738281
2024-03-29 00:00:00,0.0,0.9047408430537198,1.1116151256018535e-05,0.037662514,-0.9901924133300781
2024-03-29 01:00:00,0.0,-0.5874172470120493,1.1116151256018535e-05,0.039193414,-0.9747581481933594
2024-03-29 02:00:00,0.0,-3.648590022931196,1.1116151256018535e-05,0.049016465,-0.8978424072265625
2024-03-29 03:00:00,0.0,-2.0597141934182517,1.1116151256018535e-05,0.048998464,-0.9038124084472656
2024-03-29 04:00:00,0.0,2.236331443465361,1.1116151256018535e-05,0.048998464,-0.465576171875
2024-03-29 05:00:00,0.0,7.22470739534835,0.0,0.06416542,-0.722442626953125
2024-03-29 06:00:00,4.566,13.419035017553846,4.766054445528964,5.0290213,6.488010406494141
2024-03-29 07:00:00,34.576,27.779434982690848,37.023486921779366,37.507984,34.4632568359375
2024-03-29 08:00:00,72.824,72.27608541946591,76.58486960359379,74.368904,67.9278335571289
2024-03-29 09:00:00,114.7,110.82926176091496,114.90280366429872,114.570244,123.81649780273438
2024-03-29 10:00:00,149.424,147.3535355882556,146.27989258236107,148.93684,154.48486328125
2024-03-29 11:00:00,171.27,169.36002401336665,165.39771187957757,170.63965,172.9757537841797
2024-03-29 12:00:00,184.16,176.68631023392882,178.75725468286404,177.65865,179.2216339111328
2024-03-29 13:00:00,171.72400000000002,176.94340845454641,171.81219956935357,171.79889,165.80787658691406
2024-03-29 14:00:00,142.644,144.32243897708221,145.98135576349262,146.2785,133.89556884765625
2024-03-29 15:00:00,111.66,102.35458051600571,106.52108961532856,104.7048,100.94371795654297
2024-03-29 16:00:00,67.52000000000001,69.68370401721177,67.36711758788873,67.73636,58.3941535949707
2024-03-29 17:00:00,27.986000000000004,28.34289658583337,24.32391121993901,23.555578,22.871553421020508
2024-03-29 18:00:00,1.986,2.7970432852887956,1.5310394490700543,1.464151,1.5477027893066406
2024-03-29 19:00:00,0.0,-5.206072248507748,1.1116151256018535e-05,0.03591613,-0.4565849304199219
2024-03-29 20:00:00,0.0,3.9502157195240173,1.1116151256018535e-05,0.028824,-0.6770477294921875
2024-03-29 21:00:00,0.0,-1.0032747176630625,1.1116151256018535e-05,0.0019118557,-0.7274284362792969
2024-03-29 22:00:00,0.0,-0.6578088719739128,1.1116151256018535e-05,0.016777817,-0.8620986938476562
2024-03-29 23:00:00,0.0,1.8259001048279355,1.1116151256018535e-05,0.018834358,-0.9904594421386719
2024-03-30 00:00:00,0.0,3.32839234647153,1.1116151256018535e-05,0.018834358,-0.9997940063476562
2024-03-30 01:00:00,0.0,0.38814207988137106,1.1116151256018535e-05,0.022012735,-1.0223045349121094
2024-03-30 02:00:00,0.0,-0.5680546666188802,1.1116151256018535e-05,0.031028638,-1.0591049194335938
2024-03-30 03:00:00,0.0,0.9526234820438921,1.1116151256018535e-05,0.022012735,-0.9931297302246094
2024-03-30 04:00:00,0.0,0.3925122573671602,1.1116151256018535e-05,-0.034211468,-0.6015586853027344
2024-03-30 05:00:00,0.0,5.6799318160188985,0.0,0.04117019,-1.0336494445800781
2024-03-30 06:00:00,5.68,12.976813730282007,5.176500479636964,5.233572,3.1937789916992188
2024-03-30 07:00:00,43.024,29.992054804064452,42.26466003658648,40.862686,29.821659088134766
2024-03-30 08:00:00,89.93400000000001,85.17749388189037,87.5620333362217,87.75942,77.74390411376953
2024-03-30 09:00:00,133.39,134.48400192520393,130.52096730225736,132.45714,133.7465057373047
2024-03-30 10:00:00,167.01,167.26136407890542,166.98007273266398,168.3858,170.35330200195312
2024-03-30 11:00:00,187.61,185.30790495325195,182.5613099826355,183.2951,189.76248168945312
2024-03-30 12:00:00,196.334,189.49528129726457,193.65964167741046,193.50548,194.92337036132812
2024-03-30 13:00:00,186.41,182.70298678572613,183.78165454029633,182.21777,180.99774169921875
2024-03-30 14:00:00,162.12400000000002,154.0901602205992,161.5930400439149,160.6696,143.9071502685547
2024-03-30 15:00:00,125.35,117.94758762486398,124.83376189255185,125.55169,98.06867218017578
2024-03-30 16:00:00,79.316,77.74036093881105,79.35049666666671,80.045555,57.032318115234375
2024-03-30 17:00:00,31.94,37.124931748475625,32.90587002380955,31.251755,18.03041648864746
2024-03-30 18:00:00,2.154,3.570917875045947,2.282216363345719,2.3021493,-0.09418869018554688
2024-03-30 19:00:00,0.0,-4.4154082368355425,1.1116151256018535e-05,0.022261823,-0.8308296203613281
2024-03-30 20:00:00,0.0,5.218215736244996,1.1116151256018535e-05,0.041649166,-0.8872261047363281
2024-03-30 21:00:00,0.0,-1.3242093312111205,1.1116151256018535e-05,0.030987281,-0.8660163879394531
2024-03-30 22:00:00,0.0,-0.8721334360498365,1.1116151256018535e-05,0.013729306,-0.8631515502929688
2024-03-30 23:00:00,0.0,-0.19735625031559323,1.1116151256018535e-05,0.016777817,-0.9803314208984375
2024-03-31 00:00:00,0.0,1.5492135927995365,1.1116151256018535e-05,0.016777817,-1.0165519714355469
2024-03-31 01:00:00,0.0,1.325576551936414,1.1116151256018535e-05,-0.023611866,-0.9853401184082031
2024-03-31 02:00:00,0.0,0.7941351429029891,1.1116151256018535e-05,-0.018532414,-1.0599937438964844
2024-03-31 03:00:00,0.0,1.2228840622991377,1.1116151256018535e-05,0.03166952,-0.8435745239257812
2024-03-31 04:00:00,0.0,2.1595435430563223,1.1116151256018535e-05,0.012841363,-0.4264068603515625
2024-03-31 05:00:00,0.0,5.101650375121738,0.0,0.049458306,-1.1990699768066406
2024-03-31 06:00:00,5.266,11.878617738429947,5.204700943328057,4.121869,5.47467041015625
2024-03-31 07:00:00,38.986,29.544740864198108,40.99875032981763,40.629265,40.915855407714844
2024-03-31 08:00:00,83.846,81.40760944541523,83.8456616385929,81.14335,87.81230163574219
2024-03-31 09:00:00,127.29000000000002,128.09281792351373,125.6608313804771,126.37511,134.32830810546875
2024-03-31 10:00:00,162.08,165.59125997750442,161.33856276945272,164.39136,170.44284057617188
2024-03-31 11:00:00,182.57,185.58682321566675,182.96235443469806,179.37724,189.076171875
2024-03-31 12:00:00,194.32,189.61213399269343,193.1411888306659,191.22408,195.32461547851562
2024-03-31 13:00:00,184.26,184.48870457193473,185.15736319721063,183.28822,188.34446716308594
2024-03-31 14:00:00,159.776,154.90017516995275,158.79116856697243,158.9631,160.94772338867188
2024-03-31 15:00:00,121.056,118.45112367463892,122.77114092002434,120.22118,115.2569580078125
2024-03-31 16:00:00,73.7,74.59346892314451,76.34795238340338,76.08878,66.71175384521484
2024-03-31 17:00:00,28.524,31.615328316934608,29.526703257131757,29.824991,26.51805877685547
2024-03-31 18:00:00,2.09,1.5749522783429033,1.9152009555027567,1.7986963,1.7289237976074219
2024-03-31 19:00:00,0.0,-3.7223708582717903,1.1116151256018535e-05,0.034599885,-0.7246932983398438
2024-03-31 20:00:00,0.0,4.522428538923203,1.1116151256018535e-05,0.03466153,-0.9190559387207031
2024-03-31 21:00:00,0.0,0.6990675736564853,1.1116151256018535e-05,0.039847743,-0.8492393493652344
2024-03-31 22:00:00,0.0,-0.10800339681189497,1.1116151256018535e-05,0.016777817,-0.8152084350585938
2024-03-31 23:00:00,0.0,0.05672744611305225,1.1116151256018535e-05,0.016777817,-0.8746376037597656
2024-04-01 00:00:00,0.0,2.158960131860386,1.1116151256018535e-05,0.016777817,-0.9118766784667969
2024-04-01 01:00:00,0.0,2.0691553747865132,1.1116151256018535e-05,0.016863402,-0.9345359802246094
2024-04-01 02:00:00,0.0,1.5536104012081677,1.1116151256018535e-05,0.021529606,-1.0611610412597656
2024-04-01 03:00:00,0.0,0.7014205807938891,1.1116151256018535e-05,0.003911048,-0.7951469421386719
2024-04-01 04:00:00,0.0,1.8137513865135089,1.1116151256018535e-05,0.003911048,-0.42487335205078125
2024-04-01 05:00:00,0.0,5.062059180216292,0.0,0.04052799,-0.9784317016601562
2024-04-01 06:00:00,5.800000000000001,11.416544858297963,5.373214606060604,6.9081206,5.522560119628906
2024-04-01 07:00:00,37.654,29.105986003639284,41.719688117170406,41.562996,41.94936752319336
2024-04-01 08:00:00,79.74600000000001,76.83409030258571,79.75691371698765,80.308395,86.28843688964844
2024-04-01 09:00:00,129.11,120.66740414030986,122.17390372690971,124.31731,130.30760192871094
2024-04-01 10:00:00,157.74,167.8055448233972,164.24949859067434,167.55011,162.9877471923828
2024-04-01 11:00:00,151.74,176.97722914222916,174.67278299880633,177.88252,185.55801391601562
2024-04-01 12:00:00,163.884,145.10230026379526,164.58313218229614,168.80965,194.24440002441406
2024-04-01 13:00:00,148.716,157.15532847134605,159.95129161420857,153.37398,159.78785705566406
2024-04-01 14:00:00,134.92000000000002,124.82541869248669,118.16947616490798,122.85753,118.90272521972656
2024-04-01 15:00:00,89.096,103.48053241498997,96.45181477875795,94.64252,82.63471984863281
2024-04-01 16:00:00,54.43,46.170935506617035,54.17468085011772,57.363907,52.9074592590332
2024-04-01 17:00:00,23.864,23.41002588622822,23.5158639691538,25.545763,17.580078125
2024-04-01 18:00:00,1.936,5.321531349580269,2.6032228545879015,2.4038324,0.19266510009765625
2024-04-01 19:00:00,0.0,-1.7652115006904476,1.1116151256018535e-05,0.0046947137,-0.5424423217773438
2024-04-01 20:00:00,0.0,4.2208215930183375,1.1116151256018535e-05,-0.011520116,-0.633514404296875
2024-04-01 21:00:00,0.0,-1.1093364534281558,1.1116151256018535e-05,0.007847499,-0.6609458923339844
2024-04-01 22:00:00,0.0,-4.290384578507508,1.1116151256018535e-05,0.007847499,-0.6757278442382812
2024-04-01 23:00:00,0.0,-4.375038081060931,1.1116151256018535e-05,0.008654057,-0.7135047912597656
2024-04-02 00:00:00,0.0,1.0622606636955882,1.1116151256018535e-05,0.01766996,-0.7155647277832031
2024-04-02 01:00:00,0.0,1.3076465739679841,1.1116151256018535e-05,0.021529606,-0.6853103637695312
2024-04-02 02:00:00,0.0,1.9704204951102027,1.1116151256018535e-05,0.016863402,-0.7389564514160156
2024-04-02 03:00:00,0.0,-1.1246408915364965,1.1116151256018535e-05,0.016863402,-0.61212158203125
2024-04-02 04:00:00,0.0,2.5840265578457124,1.1116151256018535e-05,0.012926948,-0.22008895874023438
2024-04-02 05:00:00,0.0,5.904645304515779,0.0,0.029508334,-0.36522674560546875
2024-04-02 06:00:00,5.854,10.729651761898669,6.299315809128941,7.229625,4.4497833251953125
2024-04-02 07:00:00,36.11000000000001,27.933042343418204,37.476629116630626,40.097755,35.322296142578125
2024-04-02 08:00:00,76.01,72.31989352315821,75.37096484358541,77.54954,79.1167984008789
2024-04-02 09:00:00,109.394,114.91682190097933,115.7117409917279,115.854454,123.77967834472656
2024-04-02 10:00:00,143.806,138.23429981941305,139.44955891529338,142.89928,157.4600830078125
2024-04-02 11:00:00,164.28,164.9327991594586,158.15621066325122,161.91772,169.24581909179688
2024-04-02 12:00:00,167.644,167.06658268824086,165.94740801752,166.56123,179.86932373046875
2024-04-02 13:00:00,159.376,154.85402555761362,154.26356991877162,152.99675,172.6800537109375
2024-04-02 14:00:00,125.7,133.66869003266407,139.52925826802513,138.62662,132.51724243164062
2024-04-02 15:00:00,90.546,88.9391534720389,91.67424787811419,92.01371,93.17962646484375
2024-04-02 16:00:00,55.14600000000001,54.38533040179803,49.03240043585229,50.97315,50.46181106567383
2024-04-02 17:00:00,23.014,25.19754233711018,19.954450227165225,20.314594,17.385250091552734
2024-04-02 18:00:00,1.986,4.05673057018838,2.5999682106475803,1.7168347,0.4316253662109375
2024-04-02 19:00:00,0.0,-0.6755717767336309,1.1116151256018535e-05,-0.007224873,-0.5916366577148438
2024-04-02 20:00:00,0.0,3.0002810952754038,1.1116151256018535e-05,0.018997837,-0.6746101379394531
2024-04-02 21:00:00,0.0,0.8482190369227535,1.1116151256018535e-05,0.0057503777,-0.6589012145996094
2024-04-02 22:00:00,0.0,-0.04659681637465174,1.1116151256018535e-05,0.0057503777,-0.6436538696289062
2024-04-02 23:00:00,0.0,0.4876307675868359,1.1116151256018535e-05,0.0057503777,-0.6774139404296875
2024-04-03 00:00:00,0.0,0.9314510150828119,1.1116151256018535e-05,0.0147662815,-0.6741981506347656
2024-04-03 01:00:00,0.0,1.469676293914603,1.1116151256018535e-05,0.013959723,-0.6600189208984375
2024-04-03 02:00:00,0.0,-1.2397093192875892,1.1116151256018535e-05,0.013959723,-0.7092208862304688
2024-04-03 03:00:00,0.0,-0.48800156851255583,1.1116151256018535e-05,0.013959723,-0.5882339477539062
2024-04-03 04:00:00,0.0,1.6078187158617743,1.1116151256018535e-05,0.013959723,-0.1665496826171875
2024-04-03 05:00:00,0.0,5.272178240305589,0.0,0.03257238,-0.27797698974609375
2024-04-03 06:00:00,5.48,11.120440970241315,6.214527278364659,7.5019093,4.970859527587891
2024-04-03 07:00:00,32.22,27.641735122799894,37.546207111237536,37.94712,34.6245231628418
2024-04-03 08:00:00,72.35000000000001,67.68253429716722,68.32959333471148,68.68611,73.36814880371094
2024-04-03 09:00:00,109.95,111.51842553966893,113.24733042910331,113.31606,108.9077377319336
2024-04-03 10:00:00,122.176,140.16936871211712,141.35336911943332,144.65512,147.6227264404297
2024-04-03 11:00:00,137.20000000000002,134.74166813464512,152.6102466882439,146.54404,159.68797302246094
2024-04-03 12:00:00,152.534,142.72116464979482,146.82066894231187,141.64403,141.55677795410156
2024-04-03 13:00:00,155.634,148.7458371692025,134.18770012104335,133.33719,121.83406066894531
2024-04-03 14:00:00,117.35,135.41535045497614,117.3394339285316,120.280945,107.82235717773438
2024-04-03 15:00:00,91.724,78.47288603551965,84.45308681989061,81.63066,79.88040924072266
2024-04-03 16:00:00,55.470000000000006,60.5957215600028,51.487302960518164,52.103077,47.37071990966797
2024-04-03 17:00:00,22.540000000000003,25.706939588963742,25.190407511479833,25.47162,18.848600387573242
2024-04-03 18:00:00,2.036,2.8864536434027532,2.495821629741644,1.9906129,2.023967742919922
2024-04-03 19:00:00,0.0,-2.719916918573035,1.1116151256018535e-05,0.0017910302,-0.5392570495605469
2024-04-03 20:00:00,0.0,0.3847743381357289,1.1116151256018535e-05,0.003759965,-0.6797256469726562
2024-04-03 21:00:00,0.0,0.08138137206277674,1.1116151256018535e-05,0.013959723,-0.6788215637207031
2024-04-03 22:00:00,0.0,-0.5903628858053716,1.1116151256018535e-05,0.013959723,-0.6621437072753906
2024-04-03 23:00:00,0.0,1.3503081432297317,1.1116151256018535e-05,0.013959723,-0.7129058837890625
2024-04-04 00:00:00,0.0,1.0160830902871563,1.1116151256018535e-05,0.016863402,-0.7579154968261719
2024-04-04 01:00:00,0.0,-1.0281230262279992,1.1116151256018535e-05,0.016863402,-0.7801971435546875
2024-04-04 02:00:00,0.0,-4.6855960962650105,1.1116151256018535e-05,0.016863402,-0.6569480895996094
2024-04-04 03:00:00,0.0,-0.31488323363970583,1.1116151256018535e-05,0.016863402,-0.5032958984375
2024-04-04 04:00:00,0.0,1.853246211911408,1.1116151256018535e-05,0.012926948,-0.2630424499511719
2024-04-04 05:00:00,0.0,6.023623535612546,0.0,0.022523701,-0.71240234375
2024-04-04 06:00:00,5.484000000000001,12.153859056030822,6.452092837569875,7.605935,3.967266082763672
2024-04-04 07:00:00,31.510000000000005,28.13854168069373,33.958409730640035,35.218372,32.81565475463867
2024-04-04 08:00:00,67.25,65.40607642220724,67.5032651518495,68.711555,74.61949157714844
2024-04-04 09:00:00,103.68,102.182291323761,104.79582560369562,105.40777,107.07345581054688
2024-04-04 10:00:00,134.84400000000002,134.57860426099114,132.6433946298416,134.7344,143.35975646972656
2024-04-04 11:00:00,137.32000000000002,154.436044608063,155.04114464981575,160.26933,163.5349884033203
2024-04-04 12:00:00,144.466,135.56000349057953,147.89812532822327,148.33067,174.93670654296875
2024-04-04 13:00:00,140.206,135.9698660722756,130.9611687292829,133.73776,135.81390380859375
2024-04-04 14:00:00,114.86,119.91192938110254,114.81590971114991,114.14227,90.68133544921875
2024-04-04 15:00:00,79.354,82.27306744236532,82.2628950244755,85.19936,71.3698501586914
2024-04-04 16:00:00,47.036,45.3915140638667,40.60352442780006,42.016743,42.542869567871094
2024-04-04 17:00:00,18.97,20.799790146219273,15.338652971307763,17.759436,14.15445327758789
2024-04-04 18:00:00,1.62,4.250508241447031,2.320069572586553,1.729059,0.12099456787109375
2024-04-04 19:00:00,0.0,-1.3094769106913344,1.1116151256018535e-05,0.009778968,-0.5688896179199219
2024-04-04 20:00:00,0.0,1.089260481589217,1.1116151256018535e-05,0.0019974422,-0.6648483276367188
2024-04-04 21:00:00,0.0,-0.27429029490831636,1.1116151256018535e-05,0.016863402,-0.6759910583496094
2024-04-04 22:00:00,0.0,-3.5801250343358433,1.1116151256018535e-05,0.016863402,-0.7035789489746094
2024-04-04 23:00:00,0.0,-5.035559140913306,1.1116151256018535e-05,0.021529606,-0.7599563598632812
2024-04-05 00:00:00,0.0,-1.3367435556951284,1.1116151256018535e-05,0.021529606,-0.7882919311523438
2024-04-05 01:00:00,0.0,-1.1676105571107858,1.1116151256018535e-05,0.021529606,-0.7598457336425781
2024-04-05 02:00:00,0.0,-1.9891832035266068,1.1116151256018535e-05,0.021529606,-0.7332267761230469
2024-04-05 03:00:00,0.0,-0.11065768584083369,1.1116151256018535e-05,0.021529606,-0.679412841796875
2024-04-05 04:00:00,0.0,3.8666236290732448,1.1116151256018535e-05,0.016863402,-0.41948699951171875
2024-04-05 05:00:00,0.0,7.829135440213988,0.0,0.03547606,-0.30629730224609375
2024-04-05 06:00:00,5.546,12.81687544921884,5.883317273720752,6.6638207,5.305828094482422
2024-04-05 07:00:00,27.246,26.64031520833328,34.226354902920974,34.936638,33.50481033325195
2024-04-05 08:00:00,57.29600000000001,56.625215521511066,57.77304701507474,59.708645,69.58309936523438
2024-04-05 09:00:00,85.654,89.68717489769111,91.74036021180399,94.615944,98.09230041503906
2024-04-05 10:00:00,123.94400000000002,112.50437837941732,106.59200401317534,111.82686,111.22743225097656
2024-04-05 11:00:00,156.23000000000002,147.41577646369146,141.50150486664998,140.59529,100.03944396972656
2024-04-05 12:00:00,173.64,169.89958228874238,155.33624585588902,160.78328,127.88400268554688
2024-04-05 13:00:00,156.31,169.26664050817143,155.47491969656352,167.17009,156.32106018066406
2024-04-05 14:00:00,112.01,128.60189825819958,137.90591592076146,135.4891,140.796142578125
2024-04-05 15:00:00,80.20400000000001,76.22802563063183,85.61292104761905,82.315674,96.2510986328125
2024-04-05 16:00:00,46.73,53.22888234282801,39.901205252506315,42.82452,50.668182373046875
2024-04-05 17:00:00,19.07,23.213473786325288,15.86366415550563,16.323408,20.066083908081055
2024-04-05 18:00:00,1.556,3.979395168001573,2.168805795595999,1.8468113,2.3168296813964844
2024-04-05 19:00:00,0.0,-2.1479117591931782,1.1116151256018535e-05,0.015358713,-0.6089096069335938
2024-04-05 20:00:00,0.0,3.9246077290733012,1.1116151256018535e-05,0.022030953,-0.7301750183105469
2024-04-05 21:00:00,0.0,4.345766467526008,1.1116151256018535e-05,0.014930113,-0.7019157409667969
2024-04-05 22:00:00,0.0,4.436860459939096,1.1116151256018535e-05,0.014930113,-0.7481269836425781
2024-04-05 23:00:00,0.0,1.9567600154087377,1.1116151256018535e-05,0.014930113,-0.8126258850097656
2024-04-06 00:00:00,0.0,-1.1929808969316436,1.1116151256018535e-05,0.01913292,-0.8363113403320312
2024-04-06 01:00:00,0.0,-4.840985129146561,1.1116151256018535e-05,0.014930113,-0.80792236328125
2024-04-06 02:00:00,0.0,-5.813064869132617,1.1116151256018535e-05,0.015736673,-0.7143592834472656
2024-04-06 03:00:00,0.0,-1.4293029223195326,1.1116151256018535e-05,0.015736673,-0.5591773986816406
2024-04-06 04:00:00,0.0,1.4409891665577514,1.1116151256018535e-05,0.01913292,-0.22928237915039062
2024-04-06 05:00:00,0.0,5.508733568072891,0.0,0.035699375,-0.7571754455566406
2024-04-06 06:00:00,7.024,10.00560577286901,5.611036562859715,6.0485764,8.09762954711914
2024-04-06 07:00:00,40.96000000000001,25.92220976943046,38.74743677690225,39.578423,40.56507110595703
2024-04-06 08:00:00,85.25,75.71714435360377,82.97330599445097,83.032135,78.97454833984375
2024-04-06 09:00:00,126.744,123.79711449476079,123.1136313563317,125.15549,126.35337829589844
2024-04-06 10:00:00,159.01600000000002,158.6109089791304,154.80282624192196,158.8372,162.3777618408203
2024-04-06 11:00:00,178.25,175.7080198688846,176.6123519869587,179.1865,185.7032470703125
2024-04-06 12:00:00,189.29,179.63006215891244,182.9304987064727,185.87283,194.47256469726562
2024-04-06 13:00:00,169.49,178.38838253639844,174.92532989409432,171.55183,180.5070037841797
2024-04-06 14:00:00,128.984,138.40244302197638,145.15565092760033,144.48573,146.39346313476562
2024-04-06 15:00:00,105.376,87.86666080934339,92.81668250443745,92.36361,102.01193237304688
2024-04-06 16:00:00,66.116,69.50968780161833,63.125700445249194,62.73346,52.28096008300781
2024-04-06 17:00:00,29.436000000000003,31.38874501977419,28.831622392884913,28.857449,18.953718185424805
2024-04-06 18:00:00,2.5460000000000003,7.621708811517258,2.8052877318025526,2.4951415,0.6465301513671875
2024-04-06 19:00:00,0.0,-3.831268941972386,1.1116151256018535e-05,-0.016145354,-0.6952362060546875
2024-04-06 20:00:00,0.0,3.6897577900637235,1.1116151256018535e-05,0.006630302,-0.7920761108398438
2024-04-06 21:00:00,0.0,0.04974496831936204,1.1116151256018535e-05,0.00087071286,-0.7028617858886719
2024-04-06 22:00:00,0.0,-3.039411299944881,1.1116151256018535e-05,0.01913292,-0.674224853515625
2024-04-06 23:00:00,0.0,-1.5657041316177174,1.1116151256018535e-05,0.01913292,-0.6800575256347656
2024-04-07 00:00:00,0.0,0.17247431068025132,1.1116151256018535e-05,0.01913292,-0.6843109130859375
2024-04-07 01:00:00,0.0,-0.5159196094274017,1.1116151256018535e-05,0.01913292,-0.6779556274414062
2024-04-07 02:00:00,0.0,-0.26457526387305075,1.1116151256018535e-05,0.01913292,-0.6503372192382812
2024-04-07 03:00:00,0.0,3.1286540261490035,1.1116151256018535e-05,0.015736673,-0.4476127624511719
2024-04-07 04:00:00,0.0,3.394144081675889,1.1116151256018535e-05,0.015736673,-0.183319091796875
2024-04-07 05:00:00,0.0,7.523131655577199,0.0,0.056144133,-0.37018585205078125
2024-04-07 06:00:00,8.424,13.650696289414366,9.435463893086967,7.942177,13.27310562133789
2024-04-07 07:00:00,47.06,34.061499596790476,44.72911477895342,44.90414,48.03677749633789
2024-04-07 08:00:00,93.854,88.62673414125538,92.40274653920362,93.14466,85.43888854980469
2024-04-07 09:00:00,136.584,135.99856553265235,134.72746544131408,135.42403,138.51747131347656
2024-04-07 10:00:00,169.556,167.79346830779733,170.34124515404727,169.00275,170.63323974609375
2024-04-07 11:00:00,189.4,187.07464386839825,187.51353105087193,186.65262,189.6637420654297
2024-04-07 12:00:00,191.67,190.61385016648578,193.77870369531635,193.01823,195.4533233642578
2024-04-07 13:00:00,177.45600000000002,177.8303728869462,168.9296621641413,175.24467,179.42977905273438
2024-04-07 14:00:00,156.044,147.97385570470038,143.36056584453695,146.19038,142.343017578125
2024-04-07 15:00:00,119.666,117.61765453426915,113.35982192879347,116.60094,98.75187683105469
2024-04-07 16:00:00,74.316,73.82375656575724,75.3091392209457,74.17042,58.74517822265625
2024-04-07 17:00:00,31.230000000000004,34.06658633072541,32.70854760334232,32.65655,22.086734771728516
2024-04-07 18:00:00,2.64,6.146219765938121,2.8648992558681745,2.7914634,0.8145980834960938
2024-04-07 19:00:00,0.0,-1.273328762436626,1.1116151256018535e-05,-0.0044207755,-0.6610870361328125
2024-04-07 20:00:00,0.0,5.492841339071241,1.1116151256018535e-05,0.0044091777,-0.818572998046875
2024-04-07 21:00:00,0.0,0.6812877269227593,1.1116151256018535e-05,0.0141547695,-0.7563018798828125
2024-04-07 22:00:00,0.0,-1.9416196729502033,1.1116151256018535e-05,0.018625928,-0.71282958984375
2024-04-07 23:00:00,0.0,-0.6698913997262448,1.1116151256018535e-05,0.018625928,-0.7090110778808594
2024-04-08 00:00:00,0.0,1.8037783406577423,1.1116151256018535e-05,0.018625928,-0.7301406860351562
2024-04-08 01:00:00,0.0,4.3277749745934315,1.1116151256018535e-05,0.018643929,-0.7575454711914062
2024-04-08 02:00:00,0.0,4.300641317322702,1.1116151256018535e-05,0.018643929,-0.962005615234375
2024-04-08 03:00:00,0.0,2.845480654476998,1.1116151256018535e-05,0.018643929,-0.5742149353027344
2024-04-08 04:00:00,0.0,3.56052788023129,1.1116151256018535e-05,0.014653875,-0.18837738037109375
2024-04-08 05:00:00,0.0,6.573143943544551,0.0,0.056782022,-0.5341758728027344
2024-04-08 06:00:00,8.440000000000001,11.745543039939243,9.226385415348352,7.986556,10.200637817382812
2024-04-08 07:00:00,45.746,32.88334143356428,45.590461773661275,44.83724,45.381004333496094
2024-04-08 08:00:00,92.076,87.59936239971128,91.38103540741407,91.72205,89.11735534667969
2024-04-08 09:00:00,135.20000000000002,134.74634012569555,134.64053531198985,134.83868,136.53245544433594
2024-04-08 10:00:00,168.67600000000002,169.04301892520002,168.53194425710785,168.67581,171.01690673828125
2024-04-08 11:00:00,188.97000000000003,189.2599411120893,188.77846574699902,190.00273,190.3915557861328
2024-04-08 12:00:00,197.976,192.13907099220359,195.37876689966978,196.96358,197.14065551757812
2024-04-08 13:00:00,187.53,184.88645817249372,186.25558380958194,185.6935,181.83349609375
2024-04-08 14:00:00,161.71,154.7920483634707,159.09839667929435,161.36641,149.28089904785156
2024-04-08 15:00:00,123.244,118.75571130573167,123.91272555128202,124.59052,110.86190795898438
2024-04-08 16:00:00,78.36000000000001,75.08922441153356,77.12512564532686,77.09219,65.55894470214844
2024-04-08 17:00:00,33.230000000000004,37.51048649495363,33.013695530653024,32.385204,26.204072952270508
2024-04-08 18:00:00,2.77,7.386331558786729,2.7578435696524934,2.6472392,1.2080078125
2024-04-08 19:00:00,0.0,-2.7165322786767643,1.1116151256018535e-05,-0.018666394,-0.7487716674804688
2024-04-08 20:00:00,0.0,4.144845443536685,1.1116151256018535e-05,-0.01816232,-0.9835624694824219
2024-04-08 21:00:00,0.0,2.8527935958950925,1.1116151256018535e-05,0.010571836,-0.8879470825195312
2024-04-08 22:00:00,0.0,-0.9561205092749789,1.1116151256018535e-05,-0.003482187,-0.8456573486328125
2024-04-08 23:00:00,0.0,-0.42949797192363715,1.1116151256018535e-05,0.0091174,-0.8647956848144531
2024-04-09 00:00:00,0.0,1.8042863377870269,1.1116151256018535e-05,0.0091174,-0.8535270690917969
2024-04-09 01:00:00,0.0,2.3944711045238796,1.1116151256018535e-05,0.0091174,-0.8406982421875
2024-04-09 02:00:00,0.0,1.5056049353401046,1.1116151256018535e-05,0.0091174,-1.0122261047363281
2024-04-09 03:00:00,0.0,1.5128280476138907,1.1116151256018535e-05,0.0091174,-0.7844352722167969
2024-04-09 04:00:00,0.0,3.413353148468788,1.1116151256018535e-05,0.0091174,-0.3916740417480469
2024-04-09 05:00:00,0.0,7.249222553517486,0.0,0.05610588,-0.7410202026367188
2024-04-09 06:00:00,8.26,14.159938203932688,9.321917137967866,8.534879,7.683902740478516
2024-04-09 07:00:00,34.724000000000004,34.42240358432931,44.736948417166296,44.044266,42.386940002441406
2024-04-09 08:00:00,71.74600000000001,71.73841584517515,68.82009578374202,69.90801,85.72106170654297
2024-04-09 09:00:00,106.256,110.05554121679441,112.37797148763458,114.14612,116.31440734863281
2024-04-09 10:00:00,133.64,137.85998906949925,139.81820078139245,140.06714,150.5198516845703
2024-04-09 11:00:00,169.17600000000002,152.86524053515782,164.34677899175523,164.20416,166.91256713867188
2024-04-09 12:00:00,169.906,181.42784189491644,176.83264292145606,179.38867,168.84786987304688
2024-04-09 13:00:00,163.57000000000002,157.96854112924507,167.00610071383431,170.73697,161.00819396972656
2024-04-09 14:00:00,140.86,138.46385668906981,144.72534245838054,138.1783,107.84395599365234
2024-04-09 15:00:00,97.38,105.42934433491573,105.45980300919817,104.37339,80.93582153320312
2024-04-09 16:00:00,58.08,55.87623808434754,58.63721091093586,59.177902,53.34685516357422
2024-04-09 17:00:00,24.53,27.26551910927073,25.728295121709255,25.160513,23.160980224609375
2024-04-09 18:00:00,2.1,5.376103176652311,2.7016915074191714,2.4041746,2.3333091735839844
2024-04-09 19:00:00,0.0,-2.701200570399771,1.1116151256018535e-05,-0.07379181,-0.54083251953125
2024-04-09 20:00:00,0.0,1.5886694382190107,1.1116151256018535e-05,-0.050081078,-0.7253799438476562
2024-04-09 21:00:00,0.0,0.9891123109205229,1.1116151256018535e-05,-0.039430507,-0.7705230712890625
2024-04-09 22:00:00,0.0,0.5688420698182923,1.1116151256018535e-05,0.0147662815,-0.7824783325195312
2024-04-09 23:00:00,0.0,2.66691263226569,1.1116151256018535e-05,0.0147662815,-0.8107261657714844
2024-04-10 00:00:00,0.0,1.824504292217704,1.1116151256018535e-05,0.013977723,-0.7982864379882812
2024-04-10 01:00:00,0.0,2.5976116808532907,1.1116151256018535e-05,0.013977723,-0.804290771484375
2024-04-10 02:00:00,0.0,-1.1006898983576145,1.1116151256018535e-05,0.013977723,-0.86370849609375
2024-04-10 03:00:00,0.0,-3.906931556499675,1.1116151256018535e-05,0.013977723,-0.8357276916503906
2024-04-10 04:00:00,0.0,-0.5699828900360289,1.1116151256018535e-05,0.016881403,-0.57403564453125
2024-04-10 05:00:00,0.0,5.8513255267728255,0.0,0.038101595,-0.8989601135253906
2024-04-10 06:00:00,7.906000000000001,14.062065143280055,7.322988102701687,7.6299577,8.34603500366211
2024-04-10 07:00:00,36.78,33.44773922265853,41.32430927196519,39.709908,40.48756790161133
2024-04-10 08:00:00,77.10000000000001,73.87084192345219,75.06932657398393,76.648796,77.0016860961914
2024-04-10 09:00:00,122.64,116.46336880799785,115.97965742312086,116.593216,114.55778503417969
2024-04-10 10:00:00,158.09000000000003,157.54485954708326,147.5081295000889,152.77992,152.476806640625
2024-04-10 11:00:00,180.79,179.99316019829482,174.90794339947894,180.98628,175.2368927001953
2024-04-10 12:00:00,188.98,186.93704583222473,182.52693236599396,187.97784,188.60626220703125
2024-04-10 13:00:00,173.58,176.3119756692931,170.45715006212998,177.84778,180.98236083984375
2024-04-10 14:00:00,129.234,141.9184554825671,145.85655012782362,148.84087,146.26332092285156
2024-04-10 15:00:00,87.43,87.87284148199586,93.318225354777,90.80449,100.79432678222656
2024-04-10 16:00:00,52.74,51.89460508811971,42.495429650352975,43.417675,53.197021484375
2024-04-10 17:00:00,23.306,25.7486515649939,18.655078519250477,18.638676,17.457592010498047
2024-04-10 18:00:00,2.254,6.725450721248802,2.931413780968311,2.194177,0.7259140014648438
2024-04-10 19:00:00,0.0,-0.7648308233590582,1.1116151256018535e-05,-0.0022771847,-0.6385459899902344
2024-04-10 20:00:00,0.0,4.64647804188184,1.1116151256018535e-05,0.02857861,-0.7655296325683594
2024-04-10 21:00:00,0.0,3.2692786744424405,1.1116151256018535e-05,0.018625928,-0.7555580139160156
2024-04-10 22:00:00,0.0,0.6620980443141298,1.1116151256018535e-05,0.013959723,-0.7619132995605469
2024-04-10 23:00:00,0.0,-1.483491928072422,1.1116151256018535e-05,0.018625928,-0.7796134948730469
2024-04-11 00:00:00,0.0,-0.382672297472868,1.1116151256018535e-05,0.013977723,-0.8072357177734375
2024-04-11 01:00:00,0.0,0.17930135700104866,1.1116151256018535e-05,0.013977723,-0.844818115234375
2024-04-11 02:00:00,0.0,-2.2192557279529566,1.1116151256018535e-05,0.013977723,-1.0175743103027344
2024-04-11 03:00:00,0.0,-1.2789268240161888,1.1116151256018535e-05,0.016881403,-0.9250259399414062
2024-04-11 04:00:00,0.0,1.2229897463589543,1.1116151256018535e-05,0.016881403,-0.49326324462890625
2024-04-11 05:00:00,0.0,5.385762533788993,0.0,0.05124556,-0.6960678100585938
2024-04-11 06:00:00,9.47,10.81657170708285,8.355127335623118,7.996348,9.265727996826172
2024-04-11 07:00:00,46.010000000000005,34.59640397109035,46.65987138459991,46.69073,43.61301040649414
2024-04-11 08:00:00,90.966,88.2516247731763,91.13348503781106,91.63675,86.14288330078125
2024-04-11 09:00:00,132.71,133.95564481211116,131.5784289684827,133.4461,135.0863037109375
2024-04-11 10:00:00,165.18,166.81364818162987,163.50443158735726,167.52211,169.7159881591797
2024-04-11 11:00:00,184.534,183.58899568399625,179.87879089997256,185.20416,189.56793212890625
2024-04-11 12:00:00,189.04,185.7245833877263,189.2521048472535,193.88689,195.7145233154297
2024-04-11 13:00:00,178.06600000000003,171.33967340023167,173.4915324875743,174.2839,178.60800170898438
2024-04-11 14:00:00,134.87,144.31709619754955,148.9552648638561,149.07953,137.8068389892578
2024-04-11 15:00:00,74.51,90.65661878650087,98.24069440522126,92.71367,99.99819946289062
2024-04-11 16:00:00,42.324000000000005,34.22430766374857,35.00351729394711,36.934696,53.19266128540039
2024-04-11 17:00:00,17.01,21.38108955571403,8.373537190857236,10.926338,13.667739868164062
2024-04-11 18:00:00,1.6,6.2037086600963045,2.054897223211773,1.3145132,-0.05141448974609375
2024-04-11 19:00:00,0.0,2.409694466315179,1.1116151256018535e-05,-0.008521049,-0.7595252990722656
2024-04-11 20:00:00,0.0,5.21853341051717,1.1116151256018535e-05,-0.048248664,-0.8842239379882812
2024-04-11 21:00:00,0.0,3.56098819046856,1.1116151256018535e-05,-0.003482187,-0.7969322204589844
2024-04-11 22:00:00,0.0,0.44711903545767573,1.1116151256018535e-05,-0.005415474,-0.8427848815917969
2024-04-11 23:00:00,0.0,-2.547897720621067,1.1116151256018535e-05,0.0071841134,-0.894775390625
2024-04-12 00:00:00,0.0,-2.846412157746654,1.1116151256018535e-05,0.011163596,-0.912353515625
2024-04-12 01:00:00,0.0,-3.154444551766659,1.1116151256018535e-05,0.0071841134,-0.8934707641601562
2024-04-12 02:00:00,0.0,-4.828070852417789,1.1116151256018535e-05,0.014067274,-1.0069160461425781
2024-04-12 03:00:00,0.0,-2.5568582056215523,1.1116151256018535e-05,0.012021078,-0.7755508422851562
2024-04-12 04:00:00,0.0,5.572282522659868,1.1116151256018535e-05,0.012021078,-0.33623504638671875
2024-04-12 05:00:00,0.0,10.214030489544518,0.0,0.05124556,-0.11340713500976562
2024-04-12 06:00:00,8.840000000000002,15.066217226397708,6.223586833268768,7.440798,15.079618453979492
2024-04-12 07:00:00,40.580000000000005,32.87185873237594,43.66512610675554,45.141075,50.833980560302734
2024-04-12 08:00:00,79.94,78.95554742444693,82.26408784067242,83.13198,82.34024047851562
2024-04-12 09:00:00,123.72,118.6708262476028,122.66004711117144,122.596794,125.18560791015625
2024-04-12 10:00:00,151.51600000000002,155.61785109718863,154.78369110779946,158.1761,156.7144012451172
2024-04-12 11:00:00,167.584,166.7082465653241,170.1411534771727,169.1913,174.3129425048828
2024-04-12 12:00:00,172.26,168.8368164558511,173.40409494674404,170.86386,171.62942504882812
2024-04-12 13:00:00,161.4,159.85664044996926,158.97664285603847,159.51483,138.5203857421875
2024-04-12 14:00:00,118.86,133.33882348145784,140.63781026628794,138.43333,98.38186645507812
2024-04-12 15:00:00,75.73400000000001,77.85595732636526,88.07552878076895,85.351135,73.79313659667969
2024-04-12 16:00:00,45.44,40.691729010927645,33.42278754256717,35.57719,37.17388916015625
2024-04-12 17:00:00,20.55,23.38613917415158,8.50989411084453,10.746012,10.40338134765625
2024-04-12 18:00:00,2.09,7.316290057087228,2.253055523283745,1.6150545,-0.14375686645507812
2024-04-12 19:00:00,0.0,-1.7956937444248653,1.1116151256018535e-05,-0.06870754,-0.7936248779296875
2024-04-12 20:00:00,0.0,2.1317027762125416,1.1116151256018535e-05,-0.15515956,-0.84228515625
2024-04-12 21:00:00,0.0,-1.0555616947998803,1.1116151256018535e-05,0.00494382,-0.8748703002929688
2024-04-12 22:00:00,0.0,-1.8190175835303806,1.1116151256018535e-05,0.00494382,-0.8779335021972656
2024-04-12 23:00:00,0.0,-0.8163716776117766,1.1116151256018535e-05,0.00494382,-0.8752250671386719
2024-04-13 00:00:00,0.0,-0.3447384017449713,1.1116151256018535e-05,-0.032542188,-0.8619117736816406
2024-04-13 01:00:00,0.0,-1.5028834235900033,1.1116151256018535e-05,-0.02350828,-0.822845458984375
2024-04-13 02:00:00,0.0,-3.431908088729375,1.1116151256018535e-05,0.016881403,-0.7268943786621094
2024-04-13 03:00:00,0.0,-0.7734097480280635,1.1116151256018535e-05,0.016881403,-0.6429977416992188
2024-04-13 04:00:00,0.0,2.5252565118180454,1.1116151256018535e-05,0.016881403,-0.522247314453125
2024-04-13 05:00:00,0.0,7.482586686264704,0.0,0.04791385,-0.7189826965332031
2024-04-13 06:00:00,7.82,12.316224024337302,7.717357400285198,8.562783,9.83062744140625
2024-04-13 07:00:00,35.064,29.544560951492585,39.900573142573855,38.84804,37.61661148071289
2024-04-13 08:00:00,74.334,70.11667510753549,71.08023288637092,71.72564,71.82327270507812
2024-04-13 09:00:00,116.99,112.709288246618,114.88846448164549,113.26096,98.00048828125
2024-04-13 10:00:00,135.4,151.8206371193586,146.3775395606421,149.92404,141.4546356201172
2024-04-13 11:00:00,149.63,150.1235138849141,155.78734081635213,156.47757,163.74754333496094
2024-04-13 12:00:00,150.8,151.15034099265262,152.03094994238756,150.51309,161.13209533691406
2024-04-13 13:00:00,141.62,137.6383024670715,129.87120665347393,132.1477,125.58366394042969
2024-04-13 14:00:00,121.56,116.39377429304935,118.17969594076244,116.47617,95.7532958984375
2024-04-13 15:00:00,86.51,87.65669831409264,90.18711540176616,90.68549,72.07989501953125
2024-04-13 16:00:00,51.69,48.31185354224943,46.278479002360264,47.306046,40.78458023071289
2024-04-13 17:00:00,22.85,21.88178101801269,16.83097155580794,18.791307,14.183258056640625
2024-04-13 18:00:00,2.31,4.440663564628641,3.0553233514791547,2.2119148,0.5974349975585938
2024-04-13 19:00:00,0.0,-2.9870091740946965,1.1116151256018535e-05,-0.0011428162,-0.7901153564453125
2024-04-13 20:00:00,0.0,4.069212899157756,1.1116151256018535e-05,0.007657457,-0.820220947265625
2024-04-13 21:00:00,0.0,0.1736043857117222,1.1116151256018535e-05,0.019166961,-0.7843170166015625
2024-04-13 22:00:00,0.0,-3.638334989849838,1.1116151256018535e-05,0.008654057,-0.8632125854492188
2024-04-13 23:00:00,0.0,-2.047498017016982,1.1116151256018535e-05,0.0125137,-0.866302490234375
2024-04-14 00:00:00,0.0,-0.6040770445100567,1.1116151256018535e-05,0.008654057,-0.799530029296875
2024-04-14 01:00:00,0.0,0.25165446595527463,1.1116151256018535e-05,0.016863402,-0.6925849914550781
2024-04-14 02:00:00,0.0,1.1306419454074834,1.1116151256018535e-05,0.016863402,-0.5155525207519531
2024-04-14 03:00:00,0.0,1.423471281811921,1.1116151256018535e-05,0.018919943,-0.8138923645019531
2024-04-14 04:00:00,0.0,3.5857403785767663,1.1116151256018535e-05,0.018919943,-0.8719635009765625
2024-04-14 05:00:00,0.0,7.041869575519402,0.0,0.040710974,-0.6386528015136719
2024-04-14 06:00:00,8.944,10.473683081676114,8.199611250176718,8.724094,10.136398315429688
2024-04-14 07:00:00,32.714,29.37400312696449,42.01216313686859,43.267506,41.888267517089844
2024-04-14 08:00:00,64.096,61.679176055552354,65.65889562890696,65.10053,79.82946014404297
2024-04-14 09:00:00,92.754,97.02612125849487,100.25696803478941,99.07568,111.68734741210938
2024-04-14 10:00:00,92.876,120.73535180105077,118.05626653365556,115.21532,134.58238220214844
2024-04-14 11:00:00,123.616,103.80193068732859,112.1703653210818,116.43022,143.90618896484375
2024-04-14 12:00:00,114.59000000000002,139.02961810197462,118.20024799671745,122.32037,130.43089294433594
2024-04-14 13:00:00,114.03,107.53078933839981,116.90123423938958,115.62861,140.59837341308594
2024-04-14 14:00:00,89.68400000000001,99.79181190220314,103.03873345260355,100.40037,113.45545959472656
2024-04-14 15:00:00,60.28,64.66537830967435,65.78540907822314,63.286278,81.81300354003906
2024-04-14 16:00:00,37.21,34.60288580397324,35.753706816666664,32.78904,47.26428985595703
2024-04-14 17:00:00,15.714,18.654859372367728,15.624080953781515,16.382421,19.31682586669922
2024-04-14 18:00:00,1.77,0.8398383212402252,2.9856172263350693,3.40756,5.084007263183594
2024-04-14 19:00:00,0.0,-3.3200755317386745,1.1116151256018535e-05,0.0018261748,-0.5588226318359375
2024-04-14 20:00:00,0.0,1.5172385237953532,1.1116151256018535e-05,0.021714445,-0.90380859375
2024-04-14 21:00:00,0.0,-0.046981252026310205,1.1116151256018535e-05,0.021714445,-0.9025192260742188
2024-04-14 22:00:00,0.0,0.3918636839226992,1.1116151256018535e-05,0.02936227,-0.8940200805664062
2024-04-14 23:00:00,0.0,1.3508255877017408,1.1116151256018535e-05,0.009468582,-0.9255599975585938
2024-04-15 00:00:00,0.0,-4.9416297840151895,1.1116151256018535e-05,0.013572273,-0.9273834228515625
2024-04-15 01:00:00,0.0,-4.334778555299164,1.1116151256018535e-05,0.013572273,-0.9240341186523438
2024-04-15 02:00:00,0.0,-4.942212487117208,1.1116151256018535e-05,0.009380513,-0.8453178405761719
2024-04-15 03:00:00,0.0,-2.935283772090269,1.1116151256018535e-05,0.019029783,-0.7951393127441406
2024-04-15 04:00:00,0.0,0.607534957017789,1.1116151256018535e-05,-0.006472633,-0.88165283203125
2024-04-15 05:00:00,0.0,3.828055311478403,0.0,0.018914307,-1.0361671447753906
2024-04-15 06:00:00,7.73,8.205295106820552,6.567593242830059,7.784954,12.937030792236328
2024-04-15 07:00:00,27.210000000000004,24.6473979204557,37.46717523280345,37.355186,46.87043762207031
2024-04-15 08:00:00,54.09,53.12959202209349,49.813424765436274,53.95265,73.95376586914062
2024-04-15 09:00:00,92.32,82.21012585766996,83.40208102946715,84.05442,90.58778381347656
2024-04-15 10:00:00,104.084,120.86498393966434,120.6618321393565,122.5895,109.9708023071289
2024-04-15 11:00:00,112.644,115.83131027826101,120.03963217920486,127.02652,140.61842346191406
2024-04-15 12:00:00,174.5,115.66849027836051,109.14205393154138,119.37541,132.775634765625
2024-04-15 13:00:00,173.34400000000002,189.8285328727461,144.98034968787505,152.5188,118.29051208496094
2024-04-15 14:00:00,120.35,151.96744172705405,134.9592101325785,131.66249,129.60256958007812
2024-04-15 15:00:00,59.33,76.73767774428103,92.23573776735093,86.90016,97.63804626464844
2024-04-15 16:00:00,41.34,27.504927093451705,33.13419201904764,31.80257,54.383358001708984
2024-04-15 17:00:00,19.386000000000003,32.350122814219645,7.6119178806465815,10.586482,18.788240432739258
2024-04-15 18:00:00,2.31,11.510437697146743,2.1603163014359428,2.4016192,2.3909759521484375
2024-04-15 19:00:00,0.0,-2.5570282490170957,1.1116151256018535e-05,0.015989566,-0.7652664184570312
2024-04-15 20:00:00,0.0,2.120114452277328,1.1116151256018535e-05,-0.00877285,-1.0063362121582031
2024-04-15 21:00:00,0.0,1.7214441808235819,1.1116151256018535e-05,0.006093108,-0.9556159973144531
2024-04-15 22:00:00,0.0,2.484429515785089,1.1116151256018535e-05,0.006899665,-1.0219650268554688
2024-04-15 23:00:00,0.0,4.640542750454065,1.1116151256018535e-05,0.006899665,-1.0677833557128906
2024-04-16 00:00:00,0.0,7.6288046476558335,1.1116151256018535e-05,0.006899665,-1.0970382690429688
2024-04-16 01:00:00,0.0,-2.5153456507714713,1.1116151256018535e-05,0.01766996,-1.1148109436035156
2024-04-16 02:00:00,0.0,-7.290148388064866,1.1116151256018535e-05,0.016863402,-1.007293701171875
2024-04-16 03:00:00,0.0,-5.362269231021998,1.1116151256018535e-05,0.017086722,-1.142059326171875
2024-04-16 04:00:00,0.0,2.5733938929123488,1.1116151256018535e-05,0.03073016,-1.1688766479492188
2024-04-16 05:00:00,0.0,4.455357979933254,0.0,0.022841727,-1.1275787353515625
2024-04-16 06:00:00,11.016,8.744983393990744,8.947418460126187,8.320882,15.038301467895508
2024-04-16 07:00:00,43.164,31.102259168787896,42.34724782646764,44.41873,50.00008773803711
2024-04-16 08:00:00,82.97000000000001,75.55861464697739,85.64040962562909,84.63639,87.86283874511719
2024-04-16 09:00:00,131.36,116.68447394467464,117.9277956351914,119.464935,125.74909973144531
2024-04-16 10:00:00,152.376,162.56458316421453,156.33590353203275,160.07306,157.30906677246094
2024-04-16 11:00:00,159.66,163.15371846625197,174.18790510257594,172.84607,179.17601013183594
2024-04-16 12:00:00,180.74,155.066675324837,164.40680261065333,167.29579,189.1304931640625
2024-04-16 13:00:00,180.966,173.75592500202387,156.37233425148852,164.9915,163.7201690673828
2024-04-16 14:00:00,154.09400000000002,155.67528015696462,154.58391448889125,155.80045,124.88946533203125
2024-04-16 15:00:00,120.73,110.82235894253208,116.6819035212614,115.05199,97.2586669921875
2024-04-16 16:00:00,71.46000000000001,76.86299422583448,75.57356282449496,75.56316,60.964202880859375
2024-04-16 17:00:00,30.130000000000003,31.890870815269043,32.09526832317392,32.811836,23.767675399780273
2024-04-16 18:00:00,3.0540000000000003,6.854239715519247,3.643979327451963,3.3084233,2.0135841369628906
2024-04-16 19:00:00,0.0,-4.377385428452346,1.1116151256018535e-05,-0.0060382145,-0.7712478637695312
2024-04-16 20:00:00,0.0,3.6044121218621195,1.1116151256018535e-05,0.008809855,-0.8163528442382812
2024-04-16 21:00:00,0.0,1.3621368123675568,1.1116151256018535e-05,0.018555446,-0.7926025390625
2024-04-16 22:00:00,0.0,-1.2864246385743763,1.1116151256018535e-05,0.021529606,-0.7768592834472656
2024-04-16 23:00:00,0.0,1.5412458748079627,1.1116151256018535e-05,0.021529606,-0.8171920776367188
2024-04-17 00:00:00,0.0,5.933878156602507,1.1116151256018535e-05,0.021529606,-0.8488616943359375
2024-04-17 01:00:00,0.0,5.035313805996378,1.1116151256018535e-05,0.021529606,-0.8806076049804688
2024-04-17 02:00:00,0.0,2.5397991084959837,1.1116151256018535e-05,0.021529606,-0.8358535766601562
2024-04-17 03:00:00,0.0,2.9973137603057083,1.1116151256018535e-05,0.016863402,-0.7674446105957031
2024-04-17 04:00:00,0.0,2.867575243145963,1.1116151256018535e-05,0.012926948,-0.5489616394042969
2024-04-17 05:00:00,0.0,6.565565299691492,0.0,0.042769607,-1.11968994140625
2024-04-17 06:00:00,8.644,11.289503198823695,11.435601314345302,10.430511,11.694019317626953
2024-04-17 07:00:00,30.130000000000003,31.407151270559115,42.56531533937945,43.76718,48.57962417602539
2024-04-17 08:00:00,54.16,61.40353970209203,59.1257407869676,58.265793,83.41087341308594
2024-04-17 09:00:00,79.78,83.07237217786812,89.86352832277382,85.94317,86.425537109375
2024-04-17 10:00:00,107.584,104.91877645941238,113.58548118544216,114.8682,91.7547607421875
2024-04-17 11:00:00,103.106,126.18779672502694,133.32585130093634,129.01324,105.27478790283203
2024-04-17 12:00:00,134.91600000000005,101.49796227226261,129.9509303022445,118.71392,138.10104370117188
2024-04-17 13:00:00,139.116,139.90635551196291,112.81357563134192,114.96868,125.350341796875
2024-04-17 14:00:00,88.93,125.60411996387478,114.83818262606837,114.58618,112.81381225585938
2024-04-17 15:00:00,69.2,54.22661944055843,64.86271611111113,69.66201,76.29423522949219
2024-04-17 16:00:00,48.636,47.5052752472264,35.75013771103895,36.840218,43.26628112792969
2024-04-17 17:00:00,22.036,27.122133587617995,20.69571923061143,22.837215,17.011005401611328
2024-04-17 18:00:00,2.94,4.625842926024412,2.8510659666496774,2.603229,2.4209823608398438
2024-04-17 19:00:00,0.0,-4.582793513881196,1.1116151256018535e-05,0.009382706,-0.89508056640625
2024-04-17 20:00:00,0.0,-0.20133066466415306,1.1116151256018535e-05,0.016863402,-0.9713706970214844
2024-04-17 21:00:00,0.0,-0.15654251101771166,1.1116151256018535e-05,0.016863402,-0.9571571350097656
2024-04-17 22:00:00,0.0,-1.7915161797271772,1.1116151256018535e-05,0.016863402,-0.9146881103515625
2024-04-17 23:00:00,0.0,-1.7463987993092251,1.1116151256018535e-05,0.021529606,-0.8805885314941406
2024-04-18 00:00:00,0.0,4.090452612273123,1.1116151256018535e-05,0.016863402,-0.8371696472167969
2024-04-18 01:00:00,0.0,0.7066137818045296,1.1116151256018535e-05,0.016863402,-0.8149833679199219
2024-04-18 02:00:00,0.0,-2.6850025346747426,1.1116151256018535e-05,0.016863402,-0.7171287536621094
2024-04-18 03:00:00,0.0,3.7530129645558556,1.1116151256018535e-05,0.017687961,-0.6679573059082031
2024-04-18 04:00:00,0.0,5.7225822390198875,1.1116151256018535e-05,0.016863402,-0.5103607177734375
2024-04-18 05:00:00,0.0,7.648844798994852,0.0,0.03547606,-0.3027381896972656
2024-04-18 06:00:00,11.52,11.130200178985337,11.199276726013277,9.473832,10.609230041503906
2024-04-18 07:00:00,42.336000000000006,35.06736959881337,47.17527280015624,45.838097,41.063114166259766
2024-04-18 08:00:00,79.26,76.50615642750901,80.55372238551686,81.80744,83.52543640136719
2024-04-18 09:00:00,89.19600000000001,112.64953728831074,116.86556918972929,108.82709,125.74333190917969
2024-04-18 10:00:00,115.544,107.30803921647171,111.53593326731418,118.791176,154.55584716796875
2024-04-18 11:00:00,125.01600000000002,134.40125738762472,120.55323532965522,130.8575,137.3488311767578
2024-04-18 12:00:00,127.724,130.00592848941238,118.38520020016759,125.47279,144.1932830810547
2024-04-18 13:00:00,42.20400000000001,117.70336250340205,106.09349484089816,112.65066,134.49754333496094
2024-04-18 14:00:00,64.25,10.006740101108036,36.67659999999999,31.518627,92.98826599121094
2024-04-18 15:00:00,84.01,69.6546563958031,35.85871764285716,36.488953,47.78687286376953
2024-04-18 16:00:00,51.39,76.97646031080936,51.65031325215213,50.274242,19.79439353942871
2024-04-18 17:00:00,22.236000000000004,19.270027103974773,21.276859806763287,21.947788,5.385417938232422
2024-04-18 18:00:00,2.67,0.5164277450877717,3.2790360949225525,2.748683,-0.6810493469238281
2024-04-18 19:00:00,0.0,-7.981299066717279,1.1116151256018535e-05,-0.07156679,-1.3047561645507812
2024-04-18 20:00:00,0.0,1.8345155310064758,1.1116151256018535e-05,-0.1616885,-1.219451904296875
2024-04-18 21:00:00,0.0,-1.9747633910806068,1.1116151256018535e-05,-0.20747596,-1.2711296081542969
2024-04-18 22:00:00,0.0,-2.5415190840767092,1.1116151256018535e-05,-0.58915573,-1.3046302795410156
2024-04-18 23:00:00,0.0,-3.0095415541612365,1.1116151256018535e-05,-0.1362868,-1.2155952453613281
2024-04-19 00:00:00,0.0,-4.8432522026603495,1.1116151256018535e-05,-0.015944941,-1.1917762756347656
2024-04-19 01:00:00,0.0,-7.452186645763327,1.1116151256018535e-05,-0.015944941,-1.236053466796875
2024-04-19 02:00:00,0.0,8.880132643006792,1.1116151256018535e-05,-0.0052864095,-1.1631050109863281
2024-04-19 03:00:00,0.0,7.978484930643596,1.1116151256018535e-05,0.026770076,-1.4381637573242188
2024-04-19 04:00:00,0.0,3.4830879524199867,1.1116151256018535e-05,0.038419012,-1.5819892883300781
2024-04-19 05:00:00,0.0,7.787402584953015,0.0,0.05957896,-1.1492271423339844
2024-04-19 06:00:00,12.57,12.599447751270167,9.328615319117075,8.0224695,9.446102142333984
2024-04-19 07:00:00,50.354000000000006,36.56189644540275,43.52295828853994,44.080536,38.01173400878906
2024-04-19 08:00:00,97.07,90.16898931125823,91.8780514883311,90.2774,81.62892150878906
2024-04-19 09:00:00,140.056,138.96760478432074,132.98034024666129,132.19276,129.70152282714844
2024-04-19 10:00:00,172.234,170.63572848980766,160.34920804522736,166.34027,163.38198852539062
2024-04-19 11:00:00,191.0,186.98650393770342,184.5790432063493,182.02438,182.67303466796875
2024-04-19 12:00:00,193.8,189.42875058694693,190.95032779220773,187.93243,186.60952758789062
2024-04-19 13:00:00,183.45,175.35633312566284,179.0178911425747,178.17178,169.2095947265625
2024-04-19 14:00:00,150.59400000000002,149.5620055451905,159.39305526388583,156.83826,133.8654022216797
2024-04-19 15:00:00,113.984,104.92488191401893,114.48013902406701,108.350945,106.1910171508789
2024-04-19 16:00:00,71.46000000000001,69.51306222673807,70.97088057602338,71.37913,58.310935974121094
2024-04-19 17:00:00,31.04,33.98491521864793,31.241380264186592,29.932264,18.43084144592285
2024-04-19 18:00:00,3.3840000000000003,7.172560817720077,3.386519982386265,3.016426,0.194976806640625
2024-04-19 19:00:00,0.0,-4.083686471211793,1.1116151256018535e-05,0.018382365,-0.7726593017578125
2024-04-19 20:00:00,0.0,3.485879638226854,1.1116151256018535e-05,0.0032241882,-0.8510284423828125
2024-04-19 21:00:00,0.0,-2.1543342898044058,1.1116151256018535e-05,-0.007937362,-0.846221923828125
2024-04-19 22:00:00,0.0,-4.1915240224433665,1.1116151256018535e-05,-0.0028836583,-0.9537811279296875
2024-04-19 23:00:00,0.0,-2.4837591293954335,1.1116151256018535e-05,-0.0028836583,-1.0173454284667969
2024-04-20 00:00:00,0.0,-0.3496768923773961,1.1116151256018535e-05,0.014871411,-1.034576416015625
2024-04-20 01:00:00,0.0,-0.1411640978699995,1.1116151256018535e-05,0.023199782,-1.0330657958984375
2024-04-20 02:00:00,0.0,-1.4696049890083556,1.1116151256018535e-05,0.023389261,-1.0264816284179688
2024-04-20 03:00:00,0.0,1.5629753537282383,1.1116151256018535e-05,0.0018797324,-0.8603363037109375
2024-04-20 04:00:00,0.0,2.6411832348371167,1.1116151256018535e-05,0.059946515,-0.6549644470214844
2024-04-20 05:00:00,0.0,7.313226873891384,0.0,0.046669517,-0.7855453491210938
2024-04-20 06:00:00,13.730000000000002,14.290883359163656,12.926709109392686,11.688325,12.26705551147461
2024-04-20 07:00:00,53.260000000000005,43.18895648441282,47.836821000867765,48.694016,46.430110931396484
2024-04-20 08:00:00,99.05,98.1754393163092,96.10977009161932,97.389206,94.80938720703125
2024-04-20 09:00:00,141.81,142.94450833847574,139.56237439989494,140.29872,140.20008850097656
2024-04-20 10:00:00,160.81,175.56614403477232,173.35264567101345,173.7684,173.97373962402344
2024-04-20 11:00:00,162.384,174.4800672041663,178.42249940753464,181.29752,190.94386291503906
2024-04-20 12:00:00,151.51,159.26928708795847,171.5077538020688,161.87027,185.041015625
2024-04-20 13:00:00,152.91,137.09972581910702,151.4176036132416,141.52866,144.4362335205078
2024-04-20 14:00:00,128.16,132.71207737579547,125.80305126351804,126.12331,94.86236572265625
2024-04-20 15:00:00,103.466,91.41156406607544,92.97987394153733,92.952484,74.29917907714844
2024-04-20 16:00:00,63.81,65.12787458753672,63.94800761567304,63.306755,44.21303176879883
2024-04-20 17:00:00,27.646,27.640889951558023,27.377165688506942,29.47788,17.58608627319336
2024-04-20 18:00:00,3.24,4.147036251256544,3.107569760087991,2.7644835,1.4678611755371094
2024-04-20 19:00:00,0.0,-3.960134024484315,1.1116151256018535e-05,-0.00047567202,-0.6079750061035156
2024-04-20 20:00:00,0.0,1.3784099749619414,1.1116151256018535e-05,-0.008036627,-0.9457473754882812
2024-04-20 21:00:00,0.0,-2.740039882104936,1.1116151256018535e-05,-0.0035349715,-0.8679733276367188
2024-04-20 22:00:00,0.0,-6.115502874403407,1.1116151256018535e-05,0.011330988,-0.8636283874511719
2024-04-20 23:00:00,0.0,-4.460327165911387,1.1116151256018535e-05,0.011330988,-0.8934288024902344
2024-04-21 00:00:00,0.0,-1.0080960670629353,1.1116151256018535e-05,0.011330988,-0.9146614074707031
2024-04-21 01:00:00,0.0,2.4359427758468515,1.1116151256018535e-05,0.020346891,-0.8738250732421875
2024-04-21 02:00:00,0.0,1.3099198354343535,1.1116151256018535e-05,0.020346891,-0.7205810546875
2024-04-21 03:00:00,0.0,3.0958316385895537,1.1116151256018535e-05,0.020346891,-0.7033843994140625
2024-04-21 04:00:00,0.0,4.1629151427608315,1.1116151256018535e-05,0.025013095,-0.6687355041503906
2024-04-21 05:00:00,0.0,8.585347002205967,0.0,0.056963835,-0.9375991821289062
2024-04-21 06:00:00,13.03,14.23221861706536,12.17795099881242,10.66862,13.200702667236328
2024-04-21 07:00:00,48.736,40.505942507379956,47.921524571477896,47.91248,49.772483825683594
2024-04-21 08:00:00,90.11,89.61902175411419,91.69842980898095,92.07031,90.4820327758789
2024-04-21 09:00:00,127.344,129.3548541665635,128.9796650553843,130.29907,128.34596252441406
2024-04-21 10:00:00,155.17000000000002,157.09891467757186,156.05912276504006,159.1566,156.61573791503906
2024-04-21 11:00:00,176.4,169.76414529178294,171.27079592251977,168.92726,177.02684020996094
2024-04-21 12:00:00,182.144,180.08537154543566,177.3887019890025,180.55055,180.0848846435547
2024-04-21 13:00:00,168.28,170.95920395939103,165.26037671237154,167.77943,169.69178771972656
2024-04-21 14:00:00,142.09,140.79282012117835,143.9778226238867,142.9746,146.46290588378906
2024-04-21 15:00:00,113.366,103.37874379459961,105.06051602345225,104.830246,100.90708923339844
2024-04-21 16:00:00,71.146,73.707855767752,69.40735056114006,69.49192,57.231651306152344
2024-04-21 17:00:00,32.546,34.42629570339496,31.57039006078303,32.048164,23.496877670288086
2024-04-21 18:00:00,3.76,9.178845903432324,3.536627864115202,3.5451481,1.6549415588378906
2024-04-21 19:00:00,0.0,-5.690427758012091,1.1116151256018535e-05,0.0064611793,-0.5911178588867188
2024-04-21 20:00:00,0.0,1.942176443279033,1.1116151256018535e-05,0.010798746,-0.8066177368164062
2024-04-21 21:00:00,0.0,-2.448107808156269,1.1116151256018535e-05,0.009691111,-0.7876129150390625
2024-04-21 22:00:00,0.0,-2.3661123810366274,1.1116151256018535e-05,0.020346891,-0.8012123107910156
2024-04-21 23:00:00,0.0,0.6248774785785537,1.1116151256018535e-05,0.020346891,-0.8451118469238281
2024-04-22 00:00:00,0.0,2.029978180231522,1.1116151256018535e-05,0.020346891,-0.88885498046875
2024-04-22 01:00:00,0.0,2.0325581043915073,1.1116151256018535e-05,0.025013095,-0.9149551391601562
2024-04-22 02:00:00,0.0,2.580370334106244,1.1116151256018535e-05,0.020346891,-0.8518943786621094
2024-04-22 03:00:00,0.0,3.307264930272847,1.1116151256018535e-05,0.020346891,-0.706787109375
2024-04-22 04:00:00,0.0,3.812791985913604,1.1116151256018535e-05,0.020346891,-0.5020866394042969
2024-04-22 05:00:00,0.0,8.137427929656031,0.0,0.05777039,-0.9401206970214844
2024-04-22 06:00:00,14.424,14.035916697853828,12.653206209980866,13.337757,11.9814453125
2024-04-22 07:00:00,53.48,42.22493950276048,48.325692896666766,50.02425,48.07815170288086
2024-04-22 08:00:00,99.01,94.73972600778205,97.00863798089573,97.6387,92.92762756347656
2024-04-22 09:00:00,134.794,137.7564991297066,138.7416661091863,138.95572,139.1753387451172
2024-04-22 10:00:00,159.034,162.9896023795653,168.21607888668558,168.05486,170.5130157470703
2024-04-22 11:00:00,169.4,171.9089433894392,176.42289949509478,178.40382,187.5931396484375
2024-04-22 12:00:00,170.75,167.90802794815934,172.13097063200883,169.55257,185.75856018066406
2024-04-22 13:00:00,171.04000000000002,157.85412075188995,155.7754973863533,151.65486,154.95545959472656
2024-04-22 14:00:00,123.206,148.3025379372061,144.2535058232697,143.22072,119.30293273925781
2024-04-22 15:00:00,112.09000000000002,79.7975327920783,88.99679923988006,89.71217,91.62445068359375
2024-04-22 16:00:00,69.60000000000001,80.5957700728901,68.39541970111858,67.704834,46.79157257080078
2024-04-22 17:00:00,31.67,32.2024762108537,31.009780262846615,31.377874,17.048725128173828
2024-04-22 18:00:00,3.79,7.335826138946207,3.57545109069442,3.6194131,0.324066162109375
2024-04-22 19:00:00,0.0,-4.4663658447573145,1.1116151256018535e-05,-0.001788272,-0.8217926025390625
2024-04-22 20:00:00,0.0,1.977917396117363,1.1116151256018535e-05,-0.08307264,-0.8219146728515625
2024-04-22 21:00:00,0.0,-2.949303100573056,1.1116151256018535e-05,0.0011312298,-0.843994140625
2024-04-22 22:00:00,0.0,-5.10628971375797,1.1116151256018535e-05,0.01599719,-0.882904052734375
2024-04-22 23:00:00,0.0,-1.876175704172124,1.1116151256018535e-05,0.01599719,-0.9124336242675781
2024-04-23 00:00:00,0.0,2.089501724417313,1.1116151256018535e-05,0.011330988,-0.9259529113769531
2024-04-23 01:00:00,0.0,4.345787446706542,1.1116151256018535e-05,0.020346891,-0.8983497619628906
2024-04-23 02:00:00,0.0,2.233742599088677,1.1116151256018535e-05,0.020364892,-0.8674888610839844
2024-04-23 03:00:00,0.0,7.348735947424601,1.1116151256018535e-05,0.02117145,-0.8129158020019531
2024-04-23 04:00:00,0.0,4.75126760774037,1.1116151256018535e-05,0.02115345,-0.5197181701660156
2024-04-23 05:00:00,0.0,8.363191316877405,0.0,0.05777039,-1.0311431884765625
2024-04-23 06:00:00,15.576,13.901850561214799,13.587760738378615,13.500354,11.174545288085938
2024-04-23 07:00:00,55.554,44.77332893818629,52.77365288214419,50.742603,47.34649658203125
2024-04-23 08:00:00,101.584,99.4231406200505,100.36731778574877,100.37596,97.62348937988281
2024-04-23 09:00:00,143.4,142.28508140701467,141.59238004552003,141.54222,143.17138671875
2024-04-23 10:00:00,175.394,173.71630098036897,172.67954526405197,174.44514,174.59417724609375
2024-04-23 11:00:00,194.476,190.9623990756358,189.82996802466874,188.78993,193.17723083496094
2024-04-23 12:00:00,192.42,193.59777090789572,196.00924583243093,195.9569,198.0813751220703
2024-04-23 13:00:00,167.91600000000005,174.00238332981309,176.09277343485874,179.26218,181.10299682617188
2024-04-23 14:00:00,147.976,135.23151916162067,144.71676626673553,141.032,138.38760375976562
2024-04-23 15:00:00,113.81600000000002,111.10213917595789,110.33442366763836,112.4331,87.8348388671875
2024-04-23 16:00:00,69.766,69.67303589998815,70.78571254031725,71.40169,51.39717102050781
2024-04-23 17:00:00,31.25,30.053690423160063,30.647344301137515,30.611923,18.603593826293945
2024-04-23 18:00:00,3.766,6.242448625122995,3.654919151966202,3.0081127,-0.24227523803710938
2024-04-23 19:00:00,0.0,-3.240997701723968,1.1116151256018535e-05,-0.009953191,-0.8967323303222656
2024-04-23 20:00:00,0.0,4.394070638369772,1.1116151256018535e-05,0.0017804436,-0.941741943359375
2024-04-23 21:00:00,0.0,-1.614019800099861,1.1116151256018535e-05,-0.0035349715,-0.9395179748535156
2024-04-23 22:00:00,0.0,-3.1584868025563706,1.1116151256018535e-05,0.012137546,-0.9647216796875
2024-04-23 23:00:00,0.0,-1.469886368814671,1.1116151256018535e-05,0.012137546,-0.9437332153320312
2024-04-24 00:00:00,0.0,0.6579529402079969,1.1116151256018535e-05,0.012137546,-0.9497337341308594
2024-04-24 01:00:00,0.0,2.520287528210531,1.1116151256018535e-05,0.02117145,-0.9165153503417969
2024-04-24 02:00:00,0.0,4.417283141203444,1.1116151256018535e-05,0.02117145,-1.0626754760742188
2024-04-24 03:00:00,0.0,2.9678050777626472,1.1116151256018535e-05,0.025944639,-0.9727745056152344
2024-04-24 04:00:00,0.0,4.709361879029482,1.1116151256018535e-05,0.025944639,-0.623199462890625
2024-04-24 05:00:00,0.0,8.478365713026914,0.0,0.05862301,-0.00246429443359375
2024-04-24 06:00:00,14.586000000000002,14.009557642120889,14.824805644265851,14.104773,17.054943084716797
2024-04-24 07:00:00,51.73,42.81128768268796,51.204450509711826,52.379017,53.89856719970703
2024-04-24 08:00:00,95.91,94.3917580223017,95.86939233434798,96.85692,98.56538391113281
2024-04-24 09:00:00,137.76,136.6337893588606,137.1537608974849,137.13745,139.81466674804688
2024-04-24 10:00:00,169.634,169.82767882142196,169.70448021490304,169.94737,172.2141876220703
2024-04-24 11:00:00,187.844,188.08756506156618,187.97278230640296,187.26706,192.43548583984375
2024-04-24 12:00:00,178.34400000000002,188.90647809445423,195.21825781645825,192.78041,198.54786682128906
2024-04-24 13:00:00,159.79000000000002,159.60717780441465,163.5144301139507,168.83119,182.45266723632812
2024-04-24 14:00:00,141.0,131.04742212218787,143.93554426677142,135.60152,136.5231170654297
2024-04-24 15:00:00,104.576,105.40748463748122,103.81993651109906,104.05485,86.84007263183594
2024-04-24 16:00:00,62.120000000000005,60.92937659375651,63.40040970299771,63.165462,53.422821044921875
2024-04-24 17:00:00,28.514,26.39101415987874,26.657236898758295,28.361917,20.72188949584961
2024-04-24 18:00:00,3.64,8.548376926069206,3.335134574273783,2.7938719,0.5398292541503906
2024-04-24 19:00:00,0.0,-0.47279313328280503,1.1116151256018535e-05,0.00015716889,-0.7716827392578125
2024-04-24 20:00:00,0.0,5.184107540191352,1.1116151256018535e-05,0.0042044413,-0.8392562866210938
2024-04-24 21:00:00,0.0,0.060050616594253814,1.1116151256018535e-05,0.0072434545,-0.7740516662597656
2024-04-24 22:00:00,0.0,-3.1433523700034787,1.1116151256018535e-05,0.018249772,-0.7913055419921875
2024-04-24 23:00:00,0.0,-2.6945988458757784,1.1116151256018535e-05,0.022109417,-0.8047103881835938
2024-04-25 00:00:00,0.0,-1.2987493667242038,1.1116151256018535e-05,0.017461214,-0.8081092834472656
2024-04-25 01:00:00,0.0,2.225688567864642,1.1116151256018535e-05,0.017461214,-0.80267333984375
2024-04-25 02:00:00,0.0,3.584440978406391,1.1116151256018535e-05,0.017461214,-0.8975143432617188
2024-04-25 03:00:00,0.0,1.640577405342851,1.1116151256018535e-05,0.014653875,-0.8133621215820312
2024-04-25 04:00:00,0.0,2.3749873528849337,1.1116151256018535e-05,0.017461214,-0.5809173583984375
2024-04-25 05:00:00,0.0,6.042491647904882,0.0,0.057940245,-0.6361045837402344
2024-04-25 06:00:00,14.68,11.198453945482617,14.81075367564018,13.573643,13.54833984375
2024-04-25 07:00:00,51.446000000000005,42.46093311916986,49.79430060144474,51.280354,47.08940505981445
2024-04-25 08:00:00,95.44,92.36830128328415,95.36451396545705,96.15633,93.86264038085938
2024-04-25 09:00:00,131.07000000000002,135.9815977041257,135.62985369513163,135.95464,136.518310546875
2024-04-25 10:00:00,167.68,159.76124826215232,163.91400796874166,164.66461,168.04087829589844
2024-04-25 11:00:00,186.266,187.00698025032534,183.95133814268584,181.7603,182.49024963378906
2024-04-25 12:00:00,188.18,188.5994413013736,192.64817079223286,189.49968,186.3461456298828
2024-04-25 13:00:00,179.056,172.8662169187378,176.98134627188688,175.94334,164.49110412597656
2024-04-25 14:00:00,156.27,150.36252093258892,152.9831607379516,149.20767,118.22953796386719
2024-04-25 15:00:00,125.416,117.06820499389934,119.63822355926409,118.55974,90.66189575195312
2024-04-25 16:00:00,79.17000000000002,82.58719994757661,80.7349385396826,81.37053,57.56689453125
2024-04-25 17:00:00,35.4,37.89329610619498,35.80044487630048,35.295303,23.54889488220215
2024-04-25 18:00:00,4.304,7.48693193538641,4.354293934262514,3.8717225,1.3270912170410156
2024-04-25 19:00:00,0.0,-6.358226315531176,1.1116151256018535e-05,-0.48112828,-0.9074630737304688
2024-04-25 20:00:00,0.0,0.893359765945425,1.1116151256018535e-05,-0.0049383407,-1.0710639953613281
2024-04-25 21:00:00,0.0,-0.102684150712268,1.1116151256018535e-05,0.04602065,-1.0268440246582031
2024-04-25 22:00:00,0.0,0.42367202183195096,1.1116151256018535e-05,0.027956115,-0.970916748046875
2024-04-25 23:00:00,0.0,0.5928581286752521,1.1116151256018535e-05,0.017443214,-0.964935302734375
2024-04-26 00:00:00,0.0,1.6764808678892222,1.1116151256018535e-05,0.017443214,-1.0220756530761719
2024-04-26 01:00:00,0.0,2.2754641352190568,1.1116151256018535e-05,0.017443214,-1.0937232971191406
2024-04-26 02:00:00,0.0,1.1351390636638412,1.1116151256018535e-05,0.022403432,-1.1235427856445312
2024-04-26 03:00:00,0.0,0.6130666391939885,1.1116151256018535e-05,0.022421433,-1.2007560729980469
2024-04-26 04:00:00,0.0,0.6963163801785934,1.1116151256018535e-05,0.032215685,-1.0953330993652344
2024-04-26 05:00:00,0.0,4.6961809954518,0.0,0.06054962,-1.2449989318847656
2024-04-26 06:00:00,16.776,11.559383384484748,14.32871668555601,13.941205,12.499370574951172
2024-04-26 07:00:00,53.716,44.21954783392139,53.35714023747325,54.543987,47.056610107421875
2024-04-26 08:00:00,93.29,93.02784583937128,96.82553513058299,97.808846,96.71083068847656
2024-04-26 09:00:00,138.19000000000003,132.15566916841934,134.57893497975067,133.6172,139.5421905517578
2024-04-26 10:00:00,170.9,172.47865817034054,169.77625196949214,169.92651,168.46023559570312
2024-04-26 11:00:00,190.224,190.18557251750718,188.9959501048628,188.36691,185.81253051757812
2024-04-26 12:00:00,199.75,193.78972121119264,195.127894590077,196.61366,193.8346710205078
2024-04-26 13:00:00,164.85000000000002,188.25819896390212,188.33397600498316,188.93756,177.19996643066406
2024-04-26 14:00:00,150.20000000000002,130.30633899222408,144.9855598787449,138.91771,140.51058959960938
2024-04-26 15:00:00,113.4,118.07768996173402,113.9541205982399,114.83171,84.65630340576172
2024-04-26 16:00:00,68.62,71.82882532650805,69.68142414118687,69.66525,53.107337951660156
2024-04-26 17:00:00,31.3,31.384986338037027,30.96865176225279,29.860064,21.838655471801758
2024-04-26 18:00:00,4.076,8.20311238292756,3.67268099952502,3.6580086,0.41637420654296875
2024-04-26 19:00:00,0.0,-4.896240993951452,1.1116151256018535e-05,-0.019677214,-0.7794113159179688
2024-04-26 20:00:00,0.0,4.506878083798861,1.1116151256018535e-05,0.00639204,-0.8459815979003906
2024-04-26 21:00:00,0.0,2.11035262211117,1.1116151256018535e-05,0.0053501516,-0.8247756958007812
2024-04-26 22:00:00,0.0,-0.17518435816896138,1.1116151256018535e-05,0.023199782,-0.9234123229980469
2024-04-26 23:00:00,0.0,0.47929030677970164,1.1116151256018535e-05,0.016565906,-1.028656005859375
2024-04-27 00:00:00,0.0,0.2113513603938184,1.1116151256018535e-05,0.016565906,-1.1160087585449219
2024-04-27 01:00:00,0.0,-3.1310474515531697,1.1116151256018535e-05,0.029916264,-1.1744003295898438
2024-04-27 02:00:00,0.0,1.1987705731974674,1.1116151256018535e-05,0.028778732,-1.2913398742675781
2024-04-27 03:00:00,0.0,0.573387358221298,1.1116151256018535e-05,0.028778732,-1.3468589782714844
2024-04-27 04:00:00,0.0,3.6428903731403475,1.1116151256018535e-05,0.01815957,-1.3863105773925781
2024-04-27 05:00:00,0.0,8.23103280081763,0.0,0.057760183,-1.7105216979980469
2024-04-27 06:00:00,15.1,13.340990616360504,13.827332714697864,13.970846,9.88232421875
2024-04-27 07:00:00,51.3,43.9992921686131,48.59928089256229,51.775,44.57473373413086
2024-04-27 08:00:00,95.75,94.09124901642338,93.92084759324716,94.41039,95.94723510742188
2024-04-27 09:00:00,137.07000000000002,136.24093979989897,136.715683723243,134.55524,134.81163024902344
2024-04-27 10:00:00,169.05,169.8117447595573,167.25520618497544,167.13098,163.51625061035156
2024-04-27 11:00:00,188.0,187.2322261976312,187.21054008517018,185.3878,176.13442993164062
2024-04-27 12:00:00,199.734,189.89468787097533,191.62732781033995,189.70818,170.53237915039062
2024-04-27 13:00:00,182.876,186.5272776436151,179.80758754532937,182.37349,157.23524475097656
2024-04-27 14:00:00,122.166,148.52283414358732,149.6363811152334,152.06003,137.93661499023438
2024-04-27 15:00:00,118.534,74.48057260579691,91.1322703721425,87.61847,102.595703125
2024-04-27 16:00:00,78.4,91.24740296613794,73.09224685714287,73.983185,48.263118743896484
2024-04-27 17:00:00,35.424,41.259608440187755,40.73691372751239,40.59862,16.69499969482422
2024-04-27 18:00:00,4.516,8.879752723969364,4.307248702571343,3.73089,0.5849609375
2024-04-27 19:00:00,0.0,-5.872301731310046,1.1116151256018535e-05,0.0006236502,-0.897918701171875
2024-04-27 20:00:00,0.0,2.452501909782169,1.1116151256018535e-05,-0.0035224857,-0.9196701049804688
2024-04-27 21:00:00,0.0,0.9841233023376139,1.1116151256018535e-05,0.022038935,-0.9027595520019531
2024-04-27 22:00:00,0.0,-4.009362824593069,1.1116151256018535e-05,0.011330988,-0.9995956420898438
2024-04-27 23:00:00,0.0,-1.9701619187879165,1.1116151256018535e-05,0.011330988,-1.0431251525878906
2024-04-28 00:00:00,0.0,0.3077510896122244,1.1116151256018535e-05,-0.0017664362,-0.999725341796875
2024-04-28 01:00:00,0.0,-1.3935074327516577,1.1116151256018535e-05,-0.0017664362,-0.9269638061523438
2024-04-28 02:00:00,0.0,-1.7349946704130859,1.1116151256018535e-05,0.0072494647,-0.9462432861328125
2024-04-28 03:00:00,0.0,7.088968499269756,1.1116151256018535e-05,0.0944865,-0.9935684204101562
2024-04-28 04:00:00,0.0,4.793690358609309,1.1116151256018535e-05,0.025926638,-0.7056388854980469
2024-04-28 05:00:00,0.0,8.409598039384026,0.0,0.05777039,0.8786468505859375
2024-04-28 06:00:00,16.056,14.365959804974574,14.313607423446044,14.106302,20.868627548217773
2024-04-28 07:00:00,49.45,45.382550415655366,50.48651136389361,52.517662,60.51169967651367
2024-04-28 08:00:00,88.18400000000001,87.82732835952962,92.01334091989396,92.23424,95.93241882324219
2024-04-28 09:00:00,120.91,126.29328510598003,127.81835524075888,128.51355,133.44532775878906
2024-04-28 10:00:00,148.544,149.052470050718,151.75424594613077,150.87112,164.55361938476562
2024-04-28 11:00:00,160.4,165.52642639914123,168.62717407852978,170.12135,177.85836791992188
2024-04-28 12:00:00,174.966,162.00828640065814,161.93635855377892,154.85442,174.2718048095703
2024-04-28 13:00:00,142.466,167.05780778349452,161.08523083333333,165.53157,143.64903259277344
2024-04-28 14:00:00,137.17000000000002,110.24916709283235,117.4353958464453,115.830765,107.65916442871094
2024-04-28 15:00:00,113.634,108.3852348794561,99.23395387144679,101.6655,63.1025505065918
2024-04-28 16:00:00,71.99600000000001,75.65821593358115,72.36659204116799,73.03136,38.471954345703125
2024-04-28 17:00:00,33.0,33.18650622064018,33.69164518469987,32.87346,19.949222564697266
2024-04-28 18:00:00,4.346,7.07080028600032,4.2343297595432325,4.9772763,2.147937774658203
2024-04-28 19:00:00,0.0,-7.99923269638956,1.1116151256018535e-05,-0.0011255986,-0.46489715576171875
2024-04-28 20:00:00,0.0,2.489942625256686,1.1116151256018535e-05,-0.0070261266,-0.7754096984863281
2024-04-28 21:00:00,0.0,-0.28761387301329666,1.1116151256018535e-05,-0.0052893604,-0.9728202819824219
2024-04-28 22:00:00,0.0,-1.313700627561829,1.1116151256018535e-05,0.013387528,-0.9230995178222656
2024-04-28 23:00:00,0.0,-0.2896184587691222,1.1116151256018535e-05,0.023199782,-0.9934806823730469
2024-04-29 00:00:00,0.0,2.244825263789797,1.1116151256018535e-05,0.02114324,-1.0708122253417969
2024-04-29 01:00:00,0.0,0.5954953995791241,1.1116151256018535e-05,0.02114324,-1.0892677307128906
2024-04-29 02:00:00,0.0,5.886692713081335,1.1116151256018535e-05,0.005994848,-1.061553955078125
2024-04-29 03:00:00,0.0,4.776076301819219,1.1116151256018535e-05,0.005994848,-1.118438720703125
2024-04-29 04:00:00,0.0,5.5983439828159085,1.1116151256018535e-05,0.011330988,-1.0715217590332031
2024-04-29 05:00:00,0.0,9.295031432525287,0.0,0.04794793,-1.0988807678222656
2024-04-29 06:00:00,15.986000000000002,13.971397295485554,14.21336524439642,13.76102,13.033870697021484
2024-04-29 07:00:00,52.14600000000001,43.29174415180874,51.03460219902188,54.149353,44.41123962402344
2024-04-29 08:00:00,97.534,90.56054511740547,95.28545266301325,93.96977,91.05380249023438
2024-04-29 09:00:00,140.076,137.80406084884223,134.92606906258766,136.22287,131.62619018554688
2024-04-29 10:00:00,174.44400000000002,169.4972825330402,166.03171847563527,168.62914,162.32113647460938
2024-04-29 11:00:00,195.534,190.36263362762773,187.6683454571921,185.4578,175.75936889648438
2024-04-29 12:00:00,203.45,195.7580504689782,191.30240432281144,193.86928,177.94882202148438
2024-04-29 13:00:00,190.84000000000003,188.47921056941505,177.84805515503047,185.7402,161.37405395507812
2024-04-29 14:00:00,164.29000000000002,157.48042890682166,163.57392526190478,162.85901,129.63368225097656
2024-04-29 15:00:00,126.294,120.43889462196987,126.31855722222224,126.014336,98.01319122314453
2024-04-29 16:00:00,81.11000000000001,80.84113781813716,82.43408434343432,81.95245,63.96685028076172
2024-04-29 17:00:00,37.536,41.84930848370688,36.799664411255414,37.320297,23.03226661682129
2024-04-29 18:00:00,4.83,11.558442331251285,4.779656956145005,4.4705377,0.8827552795410156
2024-04-29 19:00:00,0.0,-3.184300937348568,1.1116151256018535e-05,-0.052843712,-0.6531791687011719
2024-04-29 20:00:00,0.0,4.9975555708589585,1.1116151256018535e-05,-0.019342205,-0.8392715454101562
2024-04-29 21:00:00,0.0,-2.3681756765640074,1.1116151256018535e-05,0.01053501,-1.0198898315429688
2024-04-29 22:00:00,0.0,-2.0143309895108494,1.1116151256018535e-05,0.12998936,-1.1916885375976562
2024-04-29 23:00:00,0.0,0.6634356329206874,1.1116151256018535e-05,0.011330988,-1.2333946228027344
2024-04-30 00:00:00,0.0,4.210952128034451,1.1116151256018535e-05,0.011330988,-1.2236099243164062
2024-04-30 01:00:00,0.0,5.846918791148324,1.1116151256018535e-05,0.011330988,-1.1805038452148438
2024-04-30 02:00:00,0.0,6.14529425089028,1.1116151256018535e-05,0.04401454,-1.4159507751464844
2024-04-30 03:00:00,0.0,4.7957884860782904,1.1116151256018535e-05,0.052756734,-1.0723876953125
2024-04-30 04:00:00,0.0,5.291629596183432,1.1116151256018535e-05,0.04401454,-1.1589241027832031
2024-04-30 05:00:00,0.0,8.042065291970498,0.0,0.089029856,1.3077888488769531
2024-04-30 06:00:00,18.944,12.548552286611878,16.387020417717544,14.341996,18.751066207885742
2024-04-30 07:00:00,58.42400000000001,49.27272964844977,58.942020937031515,61.94421,63.55360412597656
2024-04-30 08:00:00,105.58,102.02602005676266,102.40730199909989,104.373436,111.45808410644531
2024-04-30 09:00:00,149.024,146.30761512216975,143.63177299953995,147.27806,155.4390869140625
2024-04-30 10:00:00,182.606,182.82772411296583,180.11518294000754,180.94257,183.86253356933594
2024-04-30 11:00:00,202.41600000000005,202.3556555519629,197.4472483794065,195.73369,197.28219604492188
2024-04-30 12:00:00,211.814,203.90882444111952,206.28382341666668,202.92952,198.30905151367188
2024-04-30 13:00:00,199.256,194.26157464675376,198.49941857142866,194.53636,189.04248046875
2024-04-30 14:00:00,172.69000000000003,161.17981050581025,174.25084000000018,173.89789,164.2568359375
2024-04-30 15:00:00,133.94000000000003,123.96521835940891,136.80256,135.01234,124.81861877441406
2024-04-30 16:00:00,87.34,81.45942304740808,89.31590266666664,87.87298,70.21522521972656
2024-04-30 17:00:00,40.124,41.928736619400695,40.6764091083744,40.496548,23.737483978271484
2024-04-30 18:00:00,5.216,8.578879591171718,4.481165858127294,4.562793,0.19077301025390625
2024-04-30 19:00:00,0.0,-7.692960975726173,1.1116151256018535e-05,-0.32089344,-1.0154457092285156
2024-04-30 20:00:00,0.0,3.2170068297503485,1.1116151256018535e-05,-0.0075162924,-1.1364212036132812
2024-04-30 21:00:00,0.0,-0.11934771827482793,1.1116151256018535e-05,0.00943471,-1.09918212890625
2024-04-30 22:00:00,0.0,-2.9726933728757805,1.1116151256018535e-05,0.020480515,-1.2298507690429688
2024-04-30 23:00:00,0.0,0.44936589094755086,1.1116151256018535e-05,-0.023484524,-1.2339363098144531
2024-05-01 00:00:00,0.0,4.787704829253169,1.1116151256018535e-05,0.025057852,-1.1858024597167969
2024-05-01 01:00:00,0.0,5.808960755954298,1.1116151256018535e-05,0.02255679,-1.117828369140625
2024-05-01 02:00:00,0.0,5.7989121634847995,1.1116151256018535e-05,0.03398188,-1.5551795959472656
2024-05-01 03:00:00,0.0,5.3272935479464945,1.1116151256018535e-05,0.0501609,-1.3802604675292969
2024-05-01 04:00:00,0.0,6.174437836035111,1.1116151256018535e-05,0.04034864,-0.8442420959472656
2024-05-01 05:00:00,0.0,9.277273720317899,0.020684186046511625,0.6396967,-0.8040618896484375
2024-05-01 06:00:00,21.914,15.37715187688917,18.18939534126984,17.944578,12.934574127197266
2024-05-01 07:00:00,65.46000000000001,58.093867365793265,62.899626918495045,66.03606,52.26322937011719
2024-05-01 08:00:00,113.03,115.2953522178642,110.26561959252338,110.1124,108.32820129394531
2024-05-01 09:00:00,154.884,158.2308593911971,152.28067945334845,151.4462,157.6816864013672
2024-05-01 10:00:00,186.406,188.3630479561312,182.18632211594337,180.53697,187.21165466308594
2024-05-01 11:00:00,204.52,203.93586403372237,200.60348299272277,200.02928,199.9783477783203
2024-05-01 12:00:00,210.83000000000004,204.7392643479024,205.87749320634933,202.84097,202.2899169921875
2024-05-01 13:00:00,199.6,194.94962964489494,197.92854629059838,193.8721,194.20242309570312
2024-05-01 14:00:00,174.64,166.09500615416204,175.01662,173.50414,169.39996337890625
2024-05-01 15:00:00,137.744,128.5642856871625,137.39342,136.41801,129.07887268066406
2024-05-01 16:00:00,92.346,85.52091922326622,92.43894666666664,92.627144,78.87751007080078
2024-05-01 17:00:00,43.724,45.370198380332035,44.44350260395159,44.623577,32.35226058959961
2024-05-01 18:00:00,5.88,10.041354673749495,6.165217822131089,4.881858,1.7187919616699219
2024-05-01 19:00:00,0.0,-9.62197490794176,5.6790891740447614e-05,-0.14237386,-1.0347442626953125
2024-05-01 20:00:00,0.0,0.7033191638227532,1.1116151256018535e-05,-0.021539778,-1.4657821655273438
2024-05-01 21:00:00,0.0,-2.912951671055284,1.1116151256018535e-05,0.0031681745,-1.3841400146484375
2024-05-01 22:00:00,0.0,-3.5077921154909166,1.1116151256018535e-05,0.010317053,-1.3347625732421875
2024-05-01 23:00:00,0.0,-0.724968671637066,1.1116151256018535e-05,0.017187417,-1.3205070495605469
2024-05-02 00:00:00,0.0,3.001579307621041,1.1116151256018535e-05,0.017187417,-1.2801551818847656
2024-05-02 01:00:00,0.0,5.101014637426412,1.1116151256018535e-05,0.017187417,-1.224029541015625
2024-05-02 02:00:00,0.0,5.802655229886428,1.1116151256018535e-05,0.020091094,-1.7493362426757812
2024-05-02 03:00:00,0.0,5.696452904755777,1.1116151256018535e-05,0.025174743,-1.4535179138183594
2024-05-02 04:00:00,0.0,7.030804139538668,1.1116151256018535e-05,0.025174743,-1.1269569396972656
2024-05-02 05:00:00,0.0,10.327465032337676,0.010084186046511621,0.703744,-0.8295059204101562
2024-05-02 06:00:00,20.824,16.04300333803981,17.976925515151507,18.288725,16.107746124267578
2024-05-02 07:00:00,61.276,54.36202434494016,61.10653026005235,62.212517,56.14619445800781
2024-05-02 08:00:00,110.156,107.67017364529323,105.4263739813536,106.19033,111.04243469238281
2024-05-02 09:00:00,146.23,153.3289830217424,150.14449333713594,152.03389,153.26512145996094
2024-05-02 10:00:00,169.96,176.98304614665514,180.39093300745918,180.0617,180.03880310058594
2024-05-02 11:00:00,195.58,185.90970258252736,190.905899102734,191.1215,195.15203857421875
2024-05-02 12:00:00,207.486,200.463469592886,197.57224893612252,199.23433,198.27320861816406
2024-05-02 13:00:00,197.466,195.3830654148371,195.81229940786986,191.85109,188.5048828125
2024-05-02 14:00:00,164.09400000000002,164.78476651152326,173.28636166666675,170.77087,165.2728729248047
2024-05-02 15:00:00,131.476,118.65380423672417,124.64079000000011,124.67641,125.32992553710938
2024-05-02 16:00:00,87.176,84.72914190995306,86.93313666666671,86.48828,72.71048736572266
2024-05-02 17:00:00,41.25,44.201119167271806,41.330543409961685,42.10229,29.41834831237793
2024-05-02 18:00:00,5.884,11.065466289062925,6.006805981538072,6.7151704,2.1268386840820312
2024-05-02 19:00:00,0.0,-7.329084020218241,5.6790891740447614e-05,-0.06843467,-0.9520225524902344
2024-05-02 20:00:00,0.0,0.8066621450717135,1.1116151256018535e-05,-0.007882232,-1.2490768432617188
2024-05-02 21:00:00,0.0,0.03976244980790633,1.1116151256018535e-05,-0.008919215,-1.1935043334960938
2024-05-02 22:00:00,0.0,-1.3371872517766694,1.1116151256018535e-05,-0.0017703377,-1.1777725219726562
2024-05-02 23:00:00,0.0,2.1616683191814405,1.1116151256018535e-05,0.010811248,-1.1824150085449219
2024-05-03 00:00:00,0.0,3.420612821616576,1.1116151256018535e-05,0.012744535,-1.1260757446289062
2024-05-03 01:00:00,0.0,3.7043553083820635,1.1116151256018535e-05,0.012762535,-1.086029052734375
2024-05-03 02:00:00,0.0,3.623719234916245,1.1116151256018535e-05,0.017622862,-1.4220237731933594
2024-05-03 03:00:00,0.0,5.525996014091603,1.1116151256018535e-05,0.02052654,-1.3159370422363281
2024-05-03 04:00:00,0.0,6.650500839236604,1.1116151256018535e-05,0.02052654,-1.0251922607421875
2024-05-03 05:00:00,0.0,9.668013141986602,0.01642418604651162,0.6711391,-0.7048835754394531
2024-05-03 06:00:00,18.714,14.65044626141427,17.79049034126983,18.081705,16.49863052368164
2024-05-03 07:00:00,50.66,50.60679916225412,57.438864866776164,58.062416,58.75843048095703
2024-05-03 08:00:00,91.16,90.64565393477827,92.55699185559013,93.98256,104.1030044555664
2024-05-03 09:00:00,114.576,129.74463688026907,131.56185443604087,131.40923,138.9814910888672
2024-05-03 10:00:00,144.106,140.7068675557454,147.4492643642936,138.96638,163.95042419433594
2024-05-03 11:00:00,151.42000000000002,166.67782231943545,166.43503687904303,164.81403,167.96694946289062
2024-05-03 12:00:00,161.406,154.76394828242118,160.0337560978747,163.40086,167.70150756835938
2024-05-03 13:00:00,182.534,150.6695643515749,156.58282473915853,154.22252,136.2744140625
2024-05-03 14:00:00,138.184,164.16415935973927,155.25837790009143,159.00134,101.03462219238281
2024-05-03 15:00:00,81.11000000000001,92.67333567512676,99.64036689914859,98.63008,81.54337310791016
2024-05-03 16:00:00,47.63,41.851122305068856,42.286251000000014,46.476112,49.5416259765625
2024-05-03 17:00:00,22.01,25.65607715927568,23.377295590909085,23.251387,12.249748229980469
2024-05-03 18:00:00,3.02,8.944561689053593,5.245515864535017,4.758057,-0.047565460205078125
2024-05-03 19:00:00,0.0,-1.6797613312710231,1.1116151256018535e-05,-0.013054855,-0.7250633239746094
2024-05-03 20:00:00,0.0,-0.8444159050095408,1.1116151256018535e-05,-0.0689889,-0.8434715270996094
2024-05-03 21:00:00,0.0,-0.18053107864546725,1.1116151256018535e-05,0.18482344,-0.8466072082519531
2024-05-03 22:00:00,0.0,1.674662772209401,1.1116151256018535e-05,0.0066217855,-0.7575569152832031
2024-05-03 23:00:00,0.0,0.22856110324743817,1.1116151256018535e-05,0.015637694,-0.707427978515625
2024-05-04 00:00:00,0.0,3.114292415090322,1.1116151256018535e-05,0.015655695,-0.6931266784667969
2024-05-04 01:00:00,0.0,4.444793276459309,1.1116151256018535e-05,0.15828022,-0.682708740234375
2024-05-04 02:00:00,0.0,-3.703418696463614,1.1116151256018535e-05,0.16033676,-0.6930885314941406
2024-05-04 03:00:00,0.0,-2.7306790130209055,1.1116151256018535e-05,0.019679403,-0.7820167541503906
2024-05-04 04:00:00,0.0,3.842670426045145,1.1116151256018535e-05,-0.012239532,-0.5324783325195312
2024-05-04 05:00:00,0.53,8.35884384000761,0.5771279393131782,0.6286189,0.11014175415039062
2024-05-04 06:00:00,15.624000000000002,13.78820939736905,15.821928742478887,16.13487,13.632293701171875
2024-05-04 07:00:00,47.42,44.04066711462254,47.455840006567506,47.81702,45.1669807434082
2024-05-04 08:00:00,84.36000000000001,85.61189553648637,88.8999039327079,90.01228,85.7302474975586
2024-05-04 09:00:00,116.524,121.58095212937317,124.21028831802175,123.26259,117.45901489257812
2024-05-04 10:00:00,139.716,143.06078334363866,145.54859386528372,145.33083,148.5500946044922
2024-05-04 11:00:00,153.034,152.47455734290168,157.32550892988493,157.86783,165.38357543945312
2024-05-04 12:00:00,173.484,153.10013969503254,155.70775481778918,156.46463,156.89910888671875
2024-05-04 13:00:00,169.12,167.45968250907072,161.30384638698501,159.12263,118.88671875
2024-05-04 14:00:00,148.824,143.20322539229437,144.34344359183189,141.39574,98.12188720703125
2024-05-04 15:00:00,117.466,108.31852197413932,114.16405415179423,114.95286,75.28528594970703
2024-05-04 16:00:00,74.02000000000001,73.1583654259945,74.72841413521144,75.561264,51.06065368652344
2024-05-04 17:00:00,32.496,34.872758446531506,32.82840775155408,33.868965,22.501440048217773
2024-05-04 18:00:00,4.854,7.470209986698343,4.908508642211588,5.064392,2.8380813598632812
2024-05-04 19:00:00,0.0,-4.490404744376264,1.1116151256018535e-05,0.025568984,-0.6113471984863281
2024-05-04 20:00:00,0.0,2.013175404881009,1.1116151256018535e-05,0.007640706,-0.7080879211425781
2024-05-04 21:00:00,0.0,-1.9187278749816752,1.1116151256018535e-05,-0.0016108002,-0.7972221374511719
2024-05-04 22:00:00,0.0,-2.282005732463824,1.1116151256018535e-05,0.008588958,-0.8976325988769531
2024-05-04 23:00:00,0.0,0.806334368142692,1.1116151256018535e-05,0.011715955,-0.9371299743652344
2024-05-05 00:00:00,0.0,4.9066034841457045,1.1116151256018535e-05,0.016176838,-0.9355125427246094
2024-05-05 01:00:00,0.0,3.662509889847716,1.1116151256018535e-05,0.02052654,-0.8506011962890625
2024-05-05 02:00:00,0.0,3.6474690678165924,1.1116151256018535e-05,0.02052654,-0.8046455383300781
2024-05-05 03:00:00,0.0,2.9283222929571844,1.1116151256018535e-05,0.02052654,-0.8405570983886719
2024-05-05 04:00:00,0.0,3.657535153108502,1.1116151256018535e-05,0.007429113,-0.7300148010253906
2024-05-05 05:00:00,0.63,7.742441292460324,0.6466025436668191,0.6285281,-0.9476089477539062
2024-05-05 06:00:00,16.856,14.988072965337862,17.702863270164478,17.60854,12.0966796875
2024-05-05 07:00:00,53.024,46.51317926188502,49.93918747988152,52.00801,47.46467971801758
2024-05-05 08:00:00,94.89600000000002,95.44058441389504,95.330008424811,95.28645,93.37139892578125
2024-05-05 09:00:00,136.57000000000002,136.3889160008067,133.68521427452012,133.78777,134.86659240722656
2024-05-05 10:00:00,163.60000000000002,170.7975785848778,166.0244329490848,168.08923,166.3575439453125
2024-05-05 11:00:00,178.65,179.48594308367467,182.29688587803736,182.33725,188.06991577148438
2024-05-05 12:00:00,189.8,180.76705159090878,180.3813622067059,187.17596,196.67880249023438
2024-05-05 13:00:00,183.076,180.23006586780315,177.3571568766475,174.70802,183.87147521972656
2024-05-05 14:00:00,160.76600000000002,155.6896180274359,156.49765657398765,154.01437,152.37890625
2024-05-05 15:00:00,124.934,117.739242145735,123.5561584084249,124.060616,108.51197814941406
2024-05-05 16:00:00,81.34,75.62360460544045,81.32201222222226,81.687904,64.46327209472656
2024-05-05 17:00:00,35.636,38.240391564390436,38.154512477388884,37.384373,29.598419189453125
2024-05-05 18:00:00,4.934000000000001,5.950434732855215,4.999551660571502,5.1038766,4.027721405029297
2024-05-05 19:00:00,0.0,-6.315715494067414,1.1116151256018535e-05,-0.014277082,-0.6726913452148438
2024-05-05 20:00:00,0.0,2.760850011121806,1.1116151256018535e-05,0.0022554311,-0.9672393798828125
2024-05-05 21:00:00,0.0,-0.8952819254663154,1.1116151256018535e-05,0.037766516,-0.8506546020507812
2024-05-05 22:00:00,0.0,-3.038627832752904,1.1116151256018535e-05,0.025174743,-0.9178390502929688
2024-05-05 23:00:00,0.0,-0.33365324928546825,1.1116151256018535e-05,0.025174743,-0.8982467651367188
2024-05-06 00:00:00,0.0,3.42541703322435,1.1116151256018535e-05,0.025192743,-0.8981513977050781
2024-05-06 01:00:00,0.0,4.121980680065114,1.1116151256018535e-05,0.025192743,-0.8642005920410156
2024-05-06 02:00:00,0.0,4.405390769379934,1.1116151256018535e-05,0.02074986,-0.9995079040527344
2024-05-06 03:00:00,0.0,3.765880827184336,1.1116151256018535e-05,0.025192743,-0.8371047973632812
2024-05-06 04:00:00,0.0,5.218681264808128,1.1116151256018535e-05,0.02052654,-0.5560569763183594
2024-05-06 05:00:00,0.684,8.526911527904083,0.7164223567144903,0.6765668,-0.3559684753417969
2024-05-06 06:00:00,18.49,15.115382108791957,18.232419760073252,18.371681,14.66683578491211
2024-05-06 07:00:00,56.176,48.33346137245046,54.97416289996772,56.301056,49.07493591308594
2024-05-06 08:00:00,99.846,99.1772625900939,99.2229233409247,99.32707,97.31600189208984
2024-05-06 09:00:00,139.59,141.04731326076995,140.45405727646488,141.58229,138.237548828125
2024-05-06 10:00:00,170.31600000000003,171.5597344494175,169.7556032591235,171.08817,168.58921813964844
2024-05-06 11:00:00,188.344,188.61491084925183,186.68482885538415,188.57463,186.5157928466797
2024-05-06 12:00:00,199.766,191.03941495304744,194.34428343108925,195.57466,190.90835571289062
2024-05-06 13:00:00,182.694,187.65309919969386,187.20519420608733,187.72646,169.0063018798828
2024-05-06 14:00:00,139.75,150.6457840842353,156.42018814197058,153.15657,137.16917419433594
2024-05-06 15:00:00,107.484,96.25195619721225,98.64064633650787,98.57621,96.05870056152344
2024-05-06 16:00:00,76.22000000000001,69.34363563076738,67.05636758715356,66.41069,52.49204635620117
2024-05-06 17:00:00,35.410000000000004,42.85440255375457,35.68177796619202,35.795998,21.154287338256836
2024-05-06 18:00:00,5.346,8.875267763651566,5.597209845077629,6.671333,1.3162956237792969
2024-05-06 19:00:00,0.0,-5.533370236156235,5.6790891740447614e-05,-0.014277082,-0.9080657958984375
2024-05-06 20:00:00,0.0,3.335594468785422,1.1116151256018535e-05,-0.006760474,-0.9727134704589844
2024-05-06 21:00:00,0.0,0.7586019600742269,1.1116151256018535e-05,-0.0078681065,-0.9920234680175781
2024-05-06 22:00:00,0.0,-0.6033828000307828,1.1116151256018535e-05,0.011492636,-1.0455398559570312
2024-05-06 23:00:00,0.0,0.23167102355135438,1.1116151256018535e-05,0.011510637,-1.0518074035644531
2024-05-07 00:00:00,0.0,1.8293607792770374,1.1116151256018535e-05,0.011510637,-1.0585289001464844
2024-05-07 01:00:00,0.0,0.05243854589521124,1.1116151256018535e-05,0.02052654,-1.0376510620117188
2024-05-07 02:00:00,0.0,0.2724600143672975,1.1116151256018535e-05,0.02052654,-1.1237297058105469
2024-05-07 03:00:00,0.0,3.8119878849240014,1.1116151256018535e-05,0.02052654,-1.0792274475097656
2024-05-07 04:00:00,0.0,6.195002267364704,1.1116151256018535e-05,0.02052654,-0.7635688781738281
2024-05-07 05:00:00,0.776,8.636341365421082,0.8016475676615046,0.7545933,-0.86395263671875
2024-05-07 06:00:00,19.85,15.303747615986243,19.520241002327985,19.801416,13.36367416381836
2024-05-07 07:00:00,60.48,50.46364709032511,59.42032436445726,57.96753,45.542457580566406
2024-05-07 08:00:00,104.4,103.69416832211351,104.44802294863584,104.34858,95.28373718261719
2024-05-07 09:00:00,143.92000000000002,145.16096629521147,145.20376918628517,144.885,141.62588500976562
2024-05-07 10:00:00,175.376,175.23956650962447,174.23815398061726,174.28241,170.77886962890625
2024-05-07 11:00:00,182.25,193.58019550800083,193.75416658977704,192.80986,187.3253936767578
2024-05-07 12:00:00,173.16,180.1454783594101,188.94836612446178,191.55824,193.6519775390625
2024-05-07 13:00:00,176.85000000000002,154.43775740352675,159.43945099563643,164.76814,164.28179931640625
2024-05-07 14:00:00,154.0,152.86022925343764,148.6500045970368,148.88412,112.98037719726562
2024-05-07 15:00:00,117.644,112.14063671965997,118.54834289982242,117.78048,86.99504089355469
2024-05-07 16:00:00,77.004,71.33189044802316,74.24737535634539,75.337456,58.29829406738281
2024-05-07 17:00:00,35.28,37.22514731065615,36.328055805557376,35.717113,24.141361236572266
2024-05-07 18:00:00,5.5760000000000005,7.85079818893832,5.918194726030006,6.5608783,1.8514785766601562
2024-05-07 19:00:00,0.0,-3.776891418692961,5.6790891740447614e-05,-0.0075179082,-0.9488868713378906
2024-05-07 20:00:00,0.0,2.5477490975436705,1.1116151256018535e-05,-0.021332199,-1.025787353515625
2024-05-07 21:00:00,0.0,-0.49648819437110614,1.1116151256018535e-05,0.0011477957,-1.0278205871582031
2024-05-07 22:00:00,0.0,-2.413300718141678,1.1116151256018535e-05,0.02052654,-1.0324668884277344
2024-05-07 23:00:00,0.0,-2.224164323438607,1.1116151256018535e-05,0.02052654,-1.0339927673339844
2024-05-08 00:00:00,0.0,1.4387490620205283,1.1116151256018535e-05,0.02052654,-1.0674858093261719
2024-05-08 01:00:00,0.0,6.164389488956881,1.1116151256018535e-05,0.02258308,-1.0777931213378906
2024-05-08 02:00:00,0.0,4.535638627686274,1.1116151256018535e-05,0.032395333,-1.1168174743652344
2024-05-08 03:00:00,0.0,3.4310978037245814,1.1116151256018535e-05,0.025761457,-1.2556304931640625
2024-05-08 04:00:00,0.0,5.181910206608723,1.1116151256018535e-05,0.025761457,-1.1970787048339844
2024-05-08 05:00:00,0.844,8.198120904975465,0.8517102056695915,0.80356586,-1.1610107421875
2024-05-08 06:00:00,21.28,14.49462489156456,19.76239027363708,20.220291,13.804496765136719
2024-05-08 07:00:00,62.454,53.34850592343138,61.18968029215915,60.881527,48.91270065307617
2024-05-08 08:00:00,106.9,107.79939327270506,106.83421553044268,107.86491,98.86654663085938
2024-05-08 09:00:00,146.58,150.1010286303472,146.34981576363398,145.72945,141.22874450683594
2024-05-08 10:00:00,176.616,178.9582020895484,178.0075421430776,177.20401,169.447998046875
2024-05-08 11:00:00,194.024,193.7372984996682,192.0705345808468,192.7738,185.5717315673828
2024-05-08 12:00:00,201.86,194.00147449200722,196.73486942872222,199.17482,194.35028076171875
2024-05-08 13:00:00,190.776,185.63796467857694,188.5804745996459,189.73315,181.9901580810547
2024-05-08 14:00:00,163.534,157.08022818998487,166.1120343602937,164.70023,152.54261779785156
2024-05-08 15:00:00,127.866,119.3948593797904,125.79467861904764,127.17546,110.42654418945312
2024-05-08 16:00:00,88.06,81.59604214282501,83.63677412121214,83.35469,66.4412841796875
2024-05-08 17:00:00,40.79,46.58841606964696,42.52790383807858,42.36428,27.50078010559082
2024-05-08 18:00:00,6.184000000000001,9.094436379414788,6.425390414917729,6.787117,1.7912178039550781
2024-05-08 19:00:00,0.0,-6.10264033214675,5.6790891740447614e-05,-0.10767796,-1.0053443908691406
2024-05-08 20:00:00,0.0,2.8779857958269184,1.1116151256018535e-05,-0.032108445,-1.2055435180664062
2024-05-08 21:00:00,0.0,0.3905869372140971,1.1116151256018535e-05,-0.95927244,-1.2715339660644531
2024-05-08 22:00:00,0.0,-0.6984737446194651,1.1116151256018535e-05,0.008606958,-1.3265800476074219
2024-05-08 23:00:00,0.0,0.11272454214703131,1.1116151256018535e-05,0.011510637,-1.2143211364746094
2024-05-09 00:00:00,0.0,2.9035159707367155,1.1116151256018535e-05,0.011510637,-1.1899299621582031
2024-05-09 01:00:00,0.0,4.509245294103874,1.1116151256018535e-05,0.02258308,-1.1926956176757812
2024-05-09 02:00:00,0.0,5.05717279393051,1.1116151256018535e-05,0.032395333,-1.3060455322265625
2024-05-09 03:00:00,0.0,4.988624646344104,1.1116151256018535e-05,0.025761457,-1.3366889953613281
2024-05-09 04:00:00,0.0,6.1256039464053975,1.1116151256018535e-05,0.03430607,-1.1350860595703125
2024-05-09 05:00:00,0.87,8.112587119967682,0.8761564032867892,0.87961614,-0.9486198425292969
2024-05-09 06:00:00,20.86,14.80498145718816,20.705383874438088,21.487988,13.805793762207031
2024-05-09 07:00:00,61.09,52.48174829184015,60.8602588202222,60.18494,49.205848693847656
2024-05-09 08:00:00,104.24,105.815100462678,105.63043856959642,105.598434,98.64141845703125
2024-05-09 09:00:00,142.42000000000002,147.34842146290526,144.92577669386665,144.91454,140.91354370117188
2024-05-09 10:00:00,170.934,174.81628714931247,173.26581954626073,174.21338,169.2354278564453
2024-05-09 11:00:00,186.98,188.18063442086475,189.58760812558236,190.09819,184.38343811035156
2024-05-09 12:00:00,193.67,188.5323544607387,196.03927579833007,195.39424,191.03504943847656
2024-05-09 13:00:00,181.984,180.0636969791255,182.12977957835707,178.82227,176.94970703125
2024-05-09 14:00:00,158.984,150.74412399188296,155.6841336832371,156.95053,143.78929138183594
2024-05-09 15:00:00,120.966,117.74416915234681,121.04685848692814,122.32351,104.14645385742188
2024-05-09 16:00:00,79.67000000000002,74.70046163956553,78.96650723809526,78.46783,63.406646728515625
2024-05-09 17:00:00,37.846,39.724693666545164,37.59151407321518,37.810455,27.23758316040039
2024-05-09 18:00:00,6.004,9.190261323887857,6.604544030868142,6.9975576,2.51904296875
2024-05-09 19:00:00,0.0,-5.996969250207144,5.6790891740447614e-05,0.030344082,-0.9575691223144531
2024-05-09 20:00:00,0.0,2.406672438196406,1.1116151256018535e-05,-0.015563801,-1.102447509765625
2024-05-09 21:00:00,0.0,-0.14037484981961712,1.1116151256018535e-05,0.0064801476,-1.15814208984375
2024-05-09 22:00:00,0.0,-0.8875124136139512,1.1116151256018535e-05,0.010663498,-1.1809616088867188
2024-05-09 23:00:00,0.0,1.0736920960782235,1.1116151256018535e-05,0.010663498,-1.1152458190917969
2024-05-10 00:00:00,0.0,2.937296435640663,1.1116151256018535e-05,0.016745554,-1.0952224731445312
2024-05-10 01:00:00,0.0,2.470907841410058,1.1116151256018535e-05,0.03430607,-1.1330146789550781
2024-05-10 02:00:00,0.0,3.2938651583033947,1.1116151256018535e-05,0.02894038,-1.1848983764648438
2024-05-10 03:00:00,0.0,2.1802746888141136,1.1116151256018535e-05,0.02894038,-1.3555450439453125
2024-05-10 04:00:00,0.0,3.917312454623631,1.1116151256018535e-05,0.02894038,-1.5476188659667969
2024-05-10 05:00:00,0.91,7.589356586150689,1.0192219954812303,0.95036316,-1.6929130554199219
2024-05-10 06:00:00,20.76,14.841543116704194,20.316964526839055,20.23049,12.040660858154297
2024-05-10 07:00:00,61.604,52.44733049865947,60.2781587981033,60.03661,44.4066047668457
2024-05-10 08:00:00,106.994,107.17960934876629,105.84323041964404,106.113235,95.1303939819336
2024-05-10 09:00:00,146.86,150.3668967492439,146.3571488076792,145.78496,137.88478088378906
2024-05-10 10:00:00,176.56600000000003,179.44270937481784,178.22490228337864,176.87866,168.37925720214844
2024-05-10 11:00:00,193.76,193.97473087471516,194.3541957847179,192.85587,185.51092529296875
2024-05-10 12:00:00,192.656,196.00974862548873,198.92417827162922,199.82814,192.9215087890625
2024-05-10 13:00:00,180.82,176.7495902797779,181.33066846862533,185.24808,180.54542541503906
2024-05-10 14:00:00,156.51,150.5939213708821,149.30111197559188,154.58398,144.01809692382812
2024-05-10 15:00:00,120.806,115.49943717963393,119.85583818317629,119.43178,101.7708969116211
2024-05-10 16:00:00,78.71600000000001,75.76173712986781,78.5273040714286,78.57055,60.43266296386719
2024-05-10 17:00:00,35.080000000000005,38.882491054075004,36.99321975674514,36.766605,22.949787139892578
2024-05-10 18:00:00,5.620000000000001,6.79700166980361,6.05520881693257,6.625966,0.7511749267578125
2024-05-10 19:00:00,0.0,-5.109991083964128,5.6790891740447614e-05,-0.09977146,-0.9909858703613281
2024-05-10 20:00:00,0.0,2.375923399482375,1.1116151256018535e-05,-0.023307843,-1.0248527526855469
2024-05-10 21:00:00,0.0,0.7831492559249617,1.1116151256018535e-05,0.020334601,-1.0574455261230469
2024-05-10 22:00:00,0.0,-0.675242149714641,1.1116151256018535e-05,0.013549176,-1.169769287109375
2024-05-10 23:00:00,0.0,0.8601680803757054,1.1116151256018535e-05,0.016745554,-1.1760215759277344
2024-05-11 00:00:00,0.0,1.8639804951275538,1.1116151256018535e-05,-0.0012256134,-1.2072067260742188
2024-05-11 01:00:00,0.0,1.2787009720830258,1.1116151256018535e-05,-0.0012256134,-1.2451591491699219
2024-05-11 02:00:00,0.0,1.5146036613859364,1.1116151256018535e-05,0.029129859,-1.2187118530273438
2024-05-11 03:00:00,0.0,2.1114354895718326,1.1116151256018535e-05,-0.02029619,-1.4100341796875
2024-05-11 04:00:00,0.0,4.600868882948268,1.1116151256018535e-05,0.031970453,-1.5917510986328125
2024-05-11 05:00:00,0.8500000000000001,8.660507419291925,1.03930137124913,0.93536425,-1.0549240112304688
2024-05-11 06:00:00,17.680000000000003,16.69358338536589,19.552892567871943,19.207907,12.185482025146484
2024-05-11 07:00:00,52.59,48.65622577145932,51.04953070429494,51.520462,44.60160827636719
2024-05-11 08:00:00,98.724,94.93763390588794,95.09789330531682,95.507996,92.53535461425781
2024-05-11 09:00:00,138.256,142.99558049110155,138.8830675323542,139.7305,130.78033447265625
2024-05-11 10:00:00,167.60000000000002,171.15569735425953,169.80474898487307,170.45973,161.97972106933594
2024-05-11 11:00:00,182.734,185.95290153567348,185.47550852925914,185.54256,178.6659698486328
2024-05-11 12:00:00,186.884,185.18208020944746,193.20582355001667,190.83443,182.97048950195312
2024-05-11 13:00:00,175.33,174.1061361136263,176.14381246085577,175.33713,165.35862731933594
2024-05-11 14:00:00,158.306,146.7235865999677,149.98396013066937,149.0595,131.7344207763672
2024-05-11 15:00:00,123.284,120.6832385808064,121.64130290127068,121.76265,95.59943389892578
2024-05-11 16:00:00,82.76,77.47860825396737,80.89204968452381,81.34873,59.6604118347168
2024-05-11 17:00:00,36.080000000000005,41.67097608127871,40.77816060882831,39.689194,26.286258697509766
2024-05-11 18:00:00,5.53,5.783550871918523,6.365542402777776,6.6129036,2.9798851013183594
2024-05-11 19:00:00,0.0,-6.56473832901939,5.6790891740447614e-05,-0.086154245,-0.828155517578125
2024-05-11 20:00:00,0.0,2.0793626524611697,1.1116151256018535e-05,-0.0035820988,-0.9913711547851562
2024-05-11 21:00:00,0.0,-0.27472608216271155,1.1116151256018535e-05,0.038562868,-0.9061965942382812
2024-05-11 22:00:00,0.0,-4.284658001713146,1.1116151256018535e-05,0.016158838,-1.0083427429199219
2024-05-11 23:00:00,0.0,-2.6626862258783905,1.1116151256018535e-05,0.011715955,-1.1213302612304688
2024-05-12 00:00:00,0.0,0.2012692174739561,1.1116151256018535e-05,-0.007915197,-1.1822013854980469
2024-05-12 01:00:00,0.0,1.7824095147568513,1.1116151256018535e-05,-0.007915197,-1.1601066589355469
2024-05-12 02:00:00,0.0,4.004237658862917,1.1116151256018535e-05,0.011510637,-1.1676445007324219
2024-05-12 03:00:00,0.0,3.4752697188241686,1.1116151256018535e-05,0.011510637,-1.2854194641113281
2024-05-12 04:00:00,0.0,4.869587144340974,1.1116151256018535e-05,0.025989093,-1.3754005432128906
2024-05-12 05:00:00,1.044,7.280599355994099,1.0473590660744987,0.81345034,-1.0261077880859375
2024-05-12 06:00:00,22.736000000000004,14.617202847789136,20.30760006949903,20.533503,13.792064666748047
2024-05-12 07:00:00,64.284,54.05310620047131,63.061231312097455,63.074116,46.20503616333008
2024-05-12 08:00:00,108.36,108.25489684117707,108.13941378904187,108.025085,100.97264862060547
2024-05-12 09:00:00,147.51,151.08855497349967,148.05232006033307,148.93163,142.25172424316406
2024-05-12 10:00:00,177.116,177.72469670142416,176.71614548460423,176.34526,170.319091796875
2024-05-12 11:00:00,194.334,192.84197214212045,194.30888119612027,192.50902,187.50059509277344
2024-05-12 12:00:00,201.99400000000003,195.36132553040227,197.23043485116253,195.72134,191.56861877441406
2024-05-12 13:00:00,189.34000000000003,188.44363937903225,188.8529438120794,188.37048,173.43939208984375
2024-05-12 14:00:00,164.02,157.02998226544338,162.55379876537532,163.8003,144.80487060546875
2024-05-12 15:00:00,127.876,120.07642448019325,127.08803195238097,127.71837,108.91526794433594
2024-05-12 16:00:00,85.21600000000001,81.25207925711206,84.407368,83.95916,63.25813674926758
2024-05-12 17:00:00,41.514,44.623315665113346,40.55954290129233,40.073364,27.029495239257812
2024-05-12 18:00:00,6.984000000000001,12.564332755960567,7.021853427272431,7.7235866,1.8959121704101562
2024-05-12 19:00:00,0.0,-7.044267588155822,5.6790891740447614e-05,-0.045480132,-0.8832359313964844
2024-05-12 20:00:00,0.0,1.1865061132102557,1.1116151256018535e-05,-0.0077244686,-0.993621826171875
2024-05-12 21:00:00,0.0,-1.9120838561673343,1.1116151256018535e-05,-0.95187396,-1.0105209350585938
2024-05-12 22:00:00,0.0,-2.318118379895365,1.1116151256018535e-05,0.011492636,-1.1513900756835938
2024-05-12 23:00:00,0.0,1.0448937713415447,1.1116151256018535e-05,0.011510637,-1.12158203125
2024-05-13 00:00:00,0.0,4.056207214567328,1.1116151256018535e-05,0.011510637,-1.0965118408203125
2024-05-13 01:00:00,0.0,4.434951257666425,1.1116151256018535e-05,0.02052654,-1.0520401000976562
2024-05-13 02:00:00,0.0,5.85055093017535,1.1116151256018535e-05,0.02052654,-1.0799903869628906
2024-05-13 03:00:00,0.0,5.818374998456235,1.1116151256018535e-05,0.02052654,-1.1162261962890625
2024-05-13 04:00:00,0.0,6.863477396152756,1.1116151256018535e-05,0.02258308,-1.1099662780761719
2024-05-13 05:00:00,1.11,9.266413316459843,1.0449410605959963,0.9109339,-0.5224456787109375
2024-05-13 06:00:00,23.62,15.07563283317736,21.88683214147946,21.724842,16.790224075317383
2024-05-13 07:00:00,65.854,55.34658195667942,65.05056109846633,65.58956,52.44178009033203
2024-05-13 08:00:00,110.06,110.29393103360812,110.19330590390877,110.07649,103.95222473144531
2024-05-13 09:00:00,149.484,150.8431056450366,149.12353581354597,149.17896,146.74559020996094
2024-05-13 10:00:00,178.98000000000002,180.13274116087814,178.24827461914734,178.33643,174.2021942138672
2024-05-13 11:00:00,196.156,196.2300444291985,196.4919267523615,196.80347,189.84251403808594
2024-05-13 12:00:00,194.19000000000003,197.61058634050642,198.41268339475258,199.97293,196.6754913330078
2024-05-13 13:00:00,187.05,176.57853365682874,184.50466635773762,179.01866,183.28419494628906
2024-05-13 14:00:00,143.46,155.98087559791935,161.36602616016475,161.06265,143.56649780273438
2024-05-13 15:00:00,125.956,97.67702634188674,110.48963713492063,106.41454,105.58710479736328
2024-05-13 16:00:00,84.316,88.1718687117874,82.52275500000002,81.13526,57.789573669433594
2024-05-13 17:00:00,39.39,41.667930377609366,40.24598947847597,40.821583,25.839326858520508
2024-05-13 18:00:00,6.716,7.817508581387071,6.98479657512019,7.096382,2.2169532775878906
2024-05-13 19:00:00,0.0,-6.4403761025517055,5.6790891740447614e-05,-0.0027780756,-1.0404396057128906
2024-05-13 20:00:00,0.0,1.3994577056390867,1.1116151256018535e-05,-0.0015157075,-1.0931282043457031
2024-05-13 21:00:00,0.0,1.5789193856869188,1.1116151256018535e-05,0.024479141,-1.0953140258789062
2024-05-13 22:00:00,0.0,-1.3844391812205226,1.1116151256018535e-05,0.011492636,-1.1834030151367188
2024-05-13 23:00:00,0.0,-0.606819556253333,1.1116151256018535e-05,0.011510637,-1.1731071472167969
2024-05-14 00:00:00,0.0,1.3581190422470786,1.1116151256018535e-05,0.011510637,-1.1739120483398438
2024-05-14 01:00:00,0.0,3.164332407952294,1.1116151256018535e-05,0.02052654,-1.146148681640625
2024-05-14 02:00:00,0.0,3.4101999365555713,1.1116151256018535e-05,0.02052654,-1.21099853515625
2024-05-14 03:00:00,0.0,7.655156709635028,1.1116151256018535e-05,0.02052654,-1.2385787963867188
2024-05-14 04:00:00,0.0,6.238469304451057,1.1116151256018535e-05,0.02258308,-1.146759033203125
2024-05-14 05:00:00,1.05,8.60162943419867,1.061767251532476,0.9543095,-0.7196846008300781
2024-05-14 06:00:00,20.164,15.10652014982914,21.31905755964676,19.911957,16.260473251342773
2024-05-14 07:00:00,57.27000000000001,50.206930589717956,57.502599831342486,56.738197,51.58043670654297
2024-05-14 08:00:00,97.576,99.29421876166441,100.63422965340352,100.48879,98.91567993164062
2024-05-14 09:00:00,133.284,137.80894315133523,138.1596608714824,138.00017,137.02345275878906
2024-05-14 10:00:00,160.0,162.7864273148551,164.98535179952754,164.39908,162.5291748046875
2024-05-14 11:00:00,174.616,176.57091420057915,177.57464404592102,178.9438,177.8232421875
2024-05-14 12:00:00,180.584,176.94844391520564,173.16177649446036,179.66867,181.1923370361328
2024-05-14 13:00:00,169.794,169.31061862499308,162.9394955555556,163.73656,157.0119171142578
2024-05-14 14:00:00,146.99,142.05550870578904,147.01558902327972,143.64853,124.83377075195312
2024-05-14 15:00:00,112.866,109.06201856164645,110.18246733686627,111.650955,94.83228302001953
2024-05-14 16:00:00,71.88,71.03299380977737,68.92521711375025,71.16821,58.80438995361328
2024-05-14 17:00:00,32.5,34.896692748144886,33.58836747812973,33.64152,25.744962692260742
2024-05-14 18:00:00,5.63,7.271192161294779,6.262403058108558,6.8965793,3.0104637145996094
2024-05-14 19:00:00,0.0,-5.10344697067848,5.6790891740447614e-05,-0.1030735,-0.8988914489746094
2024-05-14 20:00:00,0.0,0.6034006274013369,1.1116151256018535e-05,-0.03314543,-1.0774993896484375
2024-05-14 21:00:00,0.0,-0.6139122848776024,1.1116151256018535e-05,-0.052476097,-1.1246299743652344
2024-05-14 22:00:00,0.0,-1.6064304330977328,1.1116151256018535e-05,0.011492636,-1.0999412536621094
2024-05-14 23:00:00,0.0,0.33103715407693546,1.1116151256018535e-05,0.02052654,-1.0165977478027344
2024-05-15 00:00:00,0.0,2.3956083629357536,1.1116151256018535e-05,0.02052654,-1.01519775390625
2024-05-15 01:00:00,0.0,2.5057496868884943,1.1116151256018535e-05,0.02052654,-1.0061378479003906
2024-05-15 02:00:00,0.0,3.4943146513294168,1.1116151256018535e-05,0.02052654,-0.9950828552246094
2024-05-15 03:00:00,0.0,3.4712214850630803,1.1116151256018535e-05,0.02052654,-1.2301788330078125
2024-05-15 04:00:00,0.0,5.0241600036092,1.1116151256018535e-05,0.02258308,-1.30572509765625
2024-05-15 05:00:00,1.114,8.34713943556303,1.051840214312366,0.88064164,-1.088836669921875
2024-05-15 06:00:00,20.706000000000003,14.730064245523657,18.903415405520576,19.471006,14.501026153564453
2024-05-15 07:00:00,59.284000000000006,48.78920596810489,57.360302984900606,56.04246,43.66802978515625
2024-05-15 08:00:00,102.104,99.32189147236105,102.20809549196741,102.4662,92.89602661132812
2024-05-15 09:00:00,141.08,141.37443961806298,140.77547853327258,141.52135,135.17530822753906
2024-05-15 10:00:00,171.07600000000002,170.29023644723776,168.90702081058586,170.9397,162.4958953857422
2024-05-15 11:00:00,188.44000000000003,186.9972552404123,187.26919562707945,186.89348,179.13389587402344
2024-05-15 12:00:00,194.616,189.53151417951366,190.58931186727747,192.1457,186.31661987304688
2024-05-15 13:00:00,178.04000000000002,181.2834946060549,180.89897586343952,179.0463,172.4732208251953
2024-05-15 14:00:00,155.9,146.5753614411521,146.13266481173252,149.32436,141.67767333984375
2024-05-15 15:00:00,118.006,115.7043298673824,118.8993642752055,120.11654,104.49447631835938
2024-05-15 16:00:00,80.97000000000001,73.14111917393922,74.02723023232325,76.23007,63.281978607177734
2024-05-15 17:00:00,38.096,43.89291984087875,38.19137236873465,38.334507,28.10370445251465
2024-05-15 18:00:00,6.540000000000001,10.65291129509489,6.884458695870109,7.3739543,3.182537078857422
2024-05-15 19:00:00,0.0,-4.5277823116421345,5.6790891740447614e-05,-0.012235728,-0.9200439453125
2024-05-15 20:00:00,0.0,3.4129197033079905,1.1116151256018535e-05,-0.021355662,-1.0795974731445312
2024-05-15 21:00:00,0.0,0.021219302790950856,1.1116151256018535e-05,-0.003004443,-1.1632232666015625
2024-05-15 22:00:00,0.0,-1.2371818083645318,1.1116151256018535e-05,0.011510637,-1.2714157104492188
2024-05-15 23:00:00,0.0,0.25818022542579744,1.1116151256018535e-05,0.011510637,-1.2286491394042969
2024-05-16 00:00:00,0.0,2.4198032673260976,1.1116151256018535e-05,0.011510637,-1.1986045837402344
2024-05-16 01:00:00,0.0,2.703041541236679,1.1116151256018535e-05,0.02052654,-1.1848564147949219
2024-05-16 02:00:00,0.0,4.851777965993789,1.1116151256018535e-05,0.02052654,-1.1922225952148438
2024-05-16 03:00:00,0.0,4.136447322221102,1.1116151256018535e-05,0.02052654,-1.3360862731933594
2024-05-16 04:00:00,0.0,5.988671625343342,1.1116151256018535e-05,0.025989093,-1.2479896545410156
2024-05-16 05:00:00,1.1800000000000002,8.263215880139615,1.1110607316232979,0.95129025,-1.0469818115234375
2024-05-16 06:00:00,22.294,15.106645896785238,20.794613779003544,21.02394,13.88409423828125
2024-05-16 07:00:00,62.09,54.049793339876835,60.74402415644904,60.083668,43.374000549316406
2024-05-16 08:00:00,105.776,105.29105394940427,105.78393663445735,105.9779,96.45878601074219
2024-05-16 09:00:00,144.98,146.6288227119176,145.2495478931128,145.20842,138.33261108398438
2024-05-16 10:00:00,174.71,175.9721699398729,174.94427841009076,176.45712,165.89553833007812
2024-05-16 11:00:00,192.07,190.8977429292919,193.58445896794615,190.65376,182.94345092773438
2024-05-16 12:00:00,194.716,191.98055316899635,194.4011296090555,195.84059,189.23854064941406
2024-05-16 13:00:00,169.45600000000002,177.55911777180944,182.79841468544254,183.3048,169.33346557617188
2024-05-16 14:00:00,147.51,135.45438396404893,144.08257933128192,143.91106,130.6046600341797
2024-05-16 15:00:00,117.28,109.56831647660783,113.70710606276825,111.71555,89.84889221191406
2024-05-16 16:00:00,76.95400000000001,74.9788334414639,74.08710148332952,75.87062,51.4438591003418
2024-05-16 17:00:00,34.376,38.27060395704109,36.48428840043431,35.449554,22.609766006469727
2024-05-16 18:00:00,6.0600000000000005,7.7677417859880125,6.017621380952379,6.6060824,1.2653121948242188
2024-05-16 19:00:00,0.0,-3.724327354746591,5.6790891740447614e-05,-0.11797889,-1.0449981689453125
2024-05-16 20:00:00,0.0,4.530626945397221,1.1116151256018535e-05,-0.037353214,-1.1131172180175781
2024-05-16 21:00:00,0.0,0.33028989332311576,1.1116151256018535e-05,-0.0078681065,-1.1628875732421875
2024-05-16 22:00:00,0.0,-2.8224908292414943,1.1116151256018535e-05,0.011510637,-1.2328758239746094
2024-05-16 23:00:00,0.0,-1.2637682405859394,1.1116151256018535e-05,0.011510637,-1.1872329711914062
2024-05-17 00:00:00,0.0,1.0523533159355831,1.1116151256018535e-05,0.011510637,-1.1037178039550781
2024-05-17 01:00:00,0.0,2.161057059432869,1.1116151256018535e-05,0.02052654,-1.0275459289550781
2024-05-17 02:00:00,0.0,6.598333856387732,1.1116151256018535e-05,0.02052654,-0.994354248046875
2024-05-17 03:00:00,0.0,7.112508556322972,1.1116151256018535e-05,0.02052654,-1.0550460815429688
2024-05-17 04:00:00,0.0,7.813798609730139,1.1116151256018535e-05,0.02258308,-1.0429916381835938
2024-05-17 05:00:00,1.194,10.152701837937903,1.1482771705666857,0.9065764,-0.8875465393066406
2024-05-17 06:00:00,21.27,16.598578459595863,21.1114821843935,21.112373,13.679306030273438
2024-05-17 07:00:00,59.36000000000001,52.5288368586817,57.89270756347567,59.285686,44.005096435546875
2024-05-17 08:00:00,101.666,102.02687464686082,102.49010969014854,102.66762,93.85305786132812
2024-05-17 09:00:00,141.77,141.56413751816766,139.28273169314215,141.75224,136.31314086914062
2024-05-17 10:00:00,171.29000000000002,171.6959995196532,167.03218835695034,170.71472,161.61207580566406
2024-05-17 11:00:00,188.234,186.81396397223813,187.74480199323872,184.74223,178.31385803222656
2024-05-17 12:00:00,196.75,188.0961243218006,190.2339553769984,191.61049,181.31130981445312
2024-05-17 13:00:00,171.17000000000002,181.9685325335634,176.46401452452224,182.16856,158.67576599121094
2024-05-17 14:00:00,148.17000000000002,136.2689166711269,141.77760738726735,145.191,131.32859802246094
2024-05-17 15:00:00,112.49,109.10001669666914,113.07010315598374,114.64515,91.92595672607422
2024-05-17 16:00:00,70.13,69.68217396089346,69.69238139128676,70.00249,52.56306838989258
2024-05-17 17:00:00,32.754000000000005,33.305727637135476,32.30697138297813,31.09879,22.214515686035156
2024-05-17 18:00:00,6.146000000000001,9.32703550322477,6.112305822510819,5.8625836,1.5030746459960938
2024-05-17 19:00:00,0.0,-3.294347463203991,5.6790891740447614e-05,-0.0048349346,-1.0620498657226562
2024-05-17 20:00:00,0.0,3.689763179219709,1.1116151256018535e-05,0.07317623,-1.0937690734863281
2024-05-17 21:00:00,0.0,-0.041300306076403004,1.1116151256018535e-05,-0.02242183,-1.1593246459960938
2024-05-17 22:00:00,0.0,-1.2269232219982635,1.1116151256018535e-05,0.007015855,-1.2019233703613281
2024-05-17 23:00:00,0.0,0.7997734212129975,1.1116151256018535e-05,0.011510637,-1.1586875915527344
2024-05-18 00:00:00,0.0,2.9682966632490917,1.1116151256018535e-05,0.013567177,-1.107574462890625
2024-05-18 01:00:00,0.0,2.3197752201534585,1.1116151256018535e-05,0.02258308,-1.0751113891601562
2024-05-18 02:00:00,0.0,5.211851740462086,1.1116151256018535e-05,0.025761457,-1.0112419128417969
2024-05-18 03:00:00,0.0,4.206022193963202,1.1116151256018535e-05,0.025761457,-1.0585975646972656
2024-05-18 04:00:00,0.0,5.608846114906726,1.1116151256018535e-05,0.016745554,-1.1516685485839844
2024-05-18 05:00:00,1.294,9.638911550664263,1.2128599477272572,0.8999426,-1.1314125061035156
2024-05-18 06:00:00,22.74,16.3365003874017,20.95900996462875,21.222696,12.229385375976562
2024-05-18 07:00:00,62.31,55.16315996848173,63.488476786790855,63.95882,43.193294525146484
2024-05-18 08:00:00,104.58,106.03865639783376,106.19898944732782,106.30092,96.67626953125
2024-05-18 09:00:00,144.1,145.06852380432727,143.02245809288397,143.98567,139.9119110107422
2024-05-18 10:00:00,175.34000000000003,174.44750512436028,171.00270824012077,174.69917,165.13063049316406
2024-05-18 11:00:00,192.12,189.52392434929652,192.5518533766008,190.13988,179.3771209716797
2024-05-18 12:00:00,201.17,190.17924624716355,193.56684768525952,195.82431,185.2042694091797
2024-05-18 13:00:00,189.93,184.82943118865524,186.82327747177092,188.16525,170.314697265625
2024-05-18 14:00:00,166.116,155.70525623444337,164.33342784275945,161.65567,137.72071838378906
2024-05-18 15:00:00,124.84000000000002,120.93997605272222,129.92266285714288,129.4184,99.91928100585938
2024-05-18 16:00:00,85.17000000000002,76.59845291956586,81.27682345454546,80.92762,60.22168731689453
2024-05-18 17:00:00,42.57,45.697825328101025,40.333143486111105,39.391163,20.97098731994629
2024-05-18 18:00:00,7.940000000000001,13.196872215826236,7.626496338095242,8.521482,0.40227508544921875
2024-05-18 19:00:00,0.0,-5.95001880097561,0.027195735615358544,-0.09302632,-1.0129585266113281
2024-05-18 20:00:00,0.0,2.315304581698313,1.1116151256018535e-05,0.015934542,-1.0735740661621094
2024-05-18 21:00:00,0.0,-0.8614526576541262,1.1116151256018535e-05,0.009684102,-1.2015953063964844
2024-05-18 22:00:00,0.0,-0.38966330813807293,1.1116151256018535e-05,0.010663498,-1.3466262817382812
2024-05-18 23:00:00,0.0,1.9899541805843564,1.1116151256018535e-05,0.020475755,-1.2685623168945312
2024-05-19 00:00:00,0.0,4.048341784342295,1.1116151256018535e-05,0.013841874,-1.2815399169921875
2024-05-19 01:00:00,0.0,3.2569148434029893,1.1116151256018535e-05,0.022386491,-1.287261962890625
2024-05-19 02:00:00,0.0,4.248420701691572,1.1116151256018535e-05,0.0012067595,-1.1720924377441406
2024-05-19 03:00:00,0.0,4.059825471412866,1.1116151256018535e-05,-0.020814288,-1.344268798828125
2024-05-19 04:00:00,0.0,7.415139304414263,1.1116151256018535e-05,0.0012067595,-1.4846687316894531
2024-05-19 05:00:00,1.33,11.183453761277153,1.3292130371341446,1.067262,-1.3166618347167969
2024-05-19 06:00:00,22.424000000000003,17.93716700761112,21.53315400154986,21.821009,10.165771484375
2024-05-19 07:00:00,63.35,55.86435707802133,61.19984210940391,60.36129,40.88861083984375
2024-05-19 08:00:00,106.884,108.1934281038105,107.75882578145449,108.145744,97.38435363769531
2024-05-19 09:00:00,145.524,148.90517518692056,146.42170855210944,143.91335,140.44723510742188
2024-05-19 10:00:00,170.84000000000003,175.0960058940709,174.70931752139245,174.08537,167.00473022460938
2024-05-19 11:00:00,192.094,184.98976255754462,189.6052275010623,184.28522,179.3686065673828
2024-05-19 12:00:00,189.224,194.62058473888212,195.84094262760425,192.31924,176.11460876464844
2024-05-19 13:00:00,178.19000000000003,172.34322187779944,174.5594627692308,171.39629,158.01388549804688
2024-05-19 14:00:00,148.36,148.50555259484176,146.50113313219464,152.44522,126.49993896484375
2024-05-19 15:00:00,118.844,105.93188179206516,115.16571542021723,114.16655,88.4197006225586
2024-05-19 16:00:00,77.53,76.17780116914602,75.191713017982,75.907814,49.71189880371094
2024-05-19 17:00:00,36.546,37.596966224509195,36.83779407195311,35.894493,17.71965217590332
2024-05-19 18:00:00,7.109999999999999,8.102536087021754,7.837169105280607,8.192369,0.5851898193359375
2024-05-19 19:00:00,0.0,-4.541451257691604,5.6790891740447614e-05,-0.086937614,-0.8857269287109375
2024-05-19 20:00:00,0.0,2.778577471623702,1.1116151256018535e-05,0.077642925,-0.9272270202636719
2024-05-19 21:00:00,0.0,-0.5568888688134461,1.1116151256018535e-05,-0.0057782484,-0.9776954650878906
2024-05-19 22:00:00,0.0,-2.2922058968550223,1.1116151256018535e-05,0.007614993,-1.1728248596191406
2024-05-19 23:00:00,0.0,0.7813282763047181,1.1116151256018535e-05,-0.0010066195,-1.2225227355957031
2024-05-20 00:00:00,0.0,2.1300347306871057,1.1116151256018535e-05,-0.0047368193,-1.2549858093261719
2024-05-20 01:00:00,0.0,2.8419060895480923,1.1116151256018535e-05,-0.0047368193,-1.2896995544433594
2024-05-20 02:00:00,0.0,3.71749043173902,1.1116151256018535e-05,-0.0047368193,-1.2999801635742188
2024-05-20 03:00:00,0.0,5.109993384862146,1.1116151256018535e-05,-0.0073378566,-1.2759666442871094
2024-05-20 04:00:00,0.0,6.148462843229119,1.1116151256018535e-05,0.016745554,-1.5373497009277344
2024-05-20 05:00:00,1.31,9.686846927369105,1.3527599231433487,0.9688643,0.049304962158203125
2024-05-20 06:00:00,22.6,17.022438290005255,21.63081860876282,21.359756,17.79925537109375
2024-05-20 07:00:00,59.354,54.275306402802,62.937105392999584,63.740623,49.99955368041992
2024-05-20 08:00:00,102.35,102.49357480292164,102.13434572842998,102.7208,93.3828125
2024-05-20 09:00:00,141.124,143.28775583759995,140.26925460191566,141.60158,137.8000030517578
2024-05-20 10:00:00,170.52,172.41456142443346,169.91083589521898,171.04308,169.29510498046875
2024-05-20 11:00:00,187.456,187.25916569906718,185.3824818539901,187.96405,187.0430145263672
2024-05-20 12:00:00,191.794,188.29289483201356,190.8786535389776,190.65672,191.17689514160156
2024-05-20 13:00:00,180.71,175.77533126025875,172.78973026570296,173.66934,169.432373046875
2024-05-20 14:00:00,156.506,148.01003517284133,151.8725478131581,153.21095,127.87092590332031
2024-05-20 15:00:00,121.34000000000002,113.73432105871674,119.49266314560447,119.70738,87.10736846923828
2024-05-20 16:00:00,79.584,75.23801549282544,78.76125875091574,78.77006,49.55460739135742
2024-05-20 17:00:00,38.06,38.865680308254056,37.4524255259209,36.742676,16.768571853637695
2024-05-20 18:00:00,7.276000000000001,9.878113475618495,7.490756938899063,7.1612425,-0.12518692016601562
2024-05-20 19:00:00,0.0,-4.205483409054238,5.6790891740447614e-05,-0.035440084,-0.975982666015625
2024-05-20 20:00:00,0.0,2.89753565843598,1.1116151256018535e-05,-0.025555298,-1.019256591796875
2024-05-20 21:00:00,0.0,-0.4823955949781331,1.1116151256018535e-05,0.0150996875,-1.0832786560058594
2024-05-20 22:00:00,0.0,-2.6722882387734384,1.1116151256018535e-05,0.008606958,-1.2483024597167969
2024-05-20 23:00:00,0.0,-1.1916086443007572,1.1116151256018535e-05,0.008606958,-1.2466392517089844
2024-05-21 00:00:00,0.0,1.7467862645158223,1.1116151256018535e-05,0.010663498,-1.2673301696777344
2024-05-21 01:00:00,0.0,3.1011952648604684,1.1116151256018535e-05,0.019679403,-1.2533950805664062
2024-05-21 02:00:00,0.0,4.189344052732541,1.1116151256018535e-05,0.0085734,-1.0562820434570312
2024-05-21 03:00:00,0.0,3.3963887696333876,1.1116151256018535e-05,0.17163178,-0.8677902221679688
2024-05-21 04:00:00,0.0,5.48889355575263,1.1116151256018535e-05,0.053968024,-1.1369361877441406
2024-05-21 05:00:00,1.4,8.97095010327483,1.4056736674812438,0.7219592,-1.2182884216308594
2024-05-21 06:00:00,23.294,15.721651426537093,20.933418046067253,20.720531,10.47177505493164
2024-05-21 07:00:00,63.31,55.28409471118446,63.8278121497633,62.60789,40.24970626831055
2024-05-21 08:00:00,106.834,107.46193573288596,106.81247189692138,108.43917,97.52194213867188
2024-05-21 09:00:00,146.006,148.99988559887365,145.5694544950103,145.68634,139.82298278808594
2024-05-21 10:00:00,175.62,176.3763225070211,175.18934380969668,177.04395,169.10440063476562
2024-05-21 11:00:00,192.676,191.3063057120929,193.73582168924656,193.1612,185.0673828125
2024-05-21 12:00:00,197.43,193.07817803049343,195.8812473769027,197.21681,189.30223083496094
2024-05-21 13:00:00,187.41,182.21265060726068,184.70127877665038,185.5115,173.9455108642578
2024-05-21 14:00:00,164.334,155.65743764160285,161.81802919377068,162.0599,141.771728515625
2024-05-21 15:00:00,129.816,121.48664518593691,129.18717312698413,127.73339,104.17381286621094
2024-05-21 16:00:00,86.27600000000001,82.33229268751404,85.99206387301588,87.92954,66.0071029663086
2024-05-21 17:00:00,38.854000000000006,43.00545207240719,42.04776649373978,41.470337,29.778667449951172
2024-05-21 18:00:00,6.7700000000000005,7.416628569422217,7.923902488497617,8.144337,3.241771697998047
2024-05-21 19:00:00,0.0,-6.3151689903929435,5.6790891740447614e-05,-0.055610348,-1.056182861328125
2024-05-21 20:00:00,0.0,0.4524850225137209,1.1116151256018535e-05,0.006502474,-1.3091926574707031
2024-05-21 21:00:00,0.0,-0.39485884133677174,1.1116151256018535e-05,-0.92181665,-1.3072586059570312
2024-05-21 22:00:00,0.0,-1.9178632593743838,1.1116151256018535e-05,0.03491469,-1.2717971801757812
2024-05-21 23:00:00,0.0,-0.2768632896354397,1.1116151256018535e-05,0.005170272,-1.2998046875
2024-05-22 00:00:00,0.0,2.418867615258487,1.1116151256018535e-05,-0.004943192,-1.2708778381347656
2024-05-22 01:00:00,0.0,3.8154553789278243,1.1116151256018535e-05,0.0047915624,-1.1310653686523438
2024-05-22 02:00:00,0.0,4.960521598451249,1.1116151256018535e-05,0.009286346,-1.1703948974609375
2024-05-22 03:00:00,0.0,5.556425320261882,1.1116151256018535e-05,0.009286346,-1.2950248718261719
2024-05-22 04:00:00,0.0,6.866396536893518,1.1116151256018535e-05,0.009286346,-1.2335472106933594
2024-05-22 05:00:00,1.46,9.659496624724886,1.243527944813336,0.9924291,0.5366554260253906
2024-05-22 06:00:00,23.686000000000003,17.559758907186378,21.791417098301693,22.470444,17.64801788330078
2024-05-22 07:00:00,63.916,56.19657759114121,64.72099107339436,65.817,50.049190521240234
2024-05-22 08:00:00,107.61,107.67863687852923,106.69897089936063,109.26499,95.30078125
2024-05-22 09:00:00,146.8,149.02362184238427,145.3223225686313,147.77881,138.0394287109375
2024-05-22 10:00:00,176.93,179.31181787814663,174.84287279827169,175.89922,170.6745147705078
2024-05-22 11:00:00,194.51,196.12641181053192,193.68920351898407,189.75873,188.91639709472656
2024-05-22 12:00:00,202.376,195.528244558722,193.90557995289572,193.80127,190.65353393554688
2024-05-22 13:00:00,186.64,187.4917995946662,188.30290820214955,179.08353,178.22152709960938
2024-05-22 14:00:00,168.534,154.39667201064256,142.2220201781264,148.10591,150.7507781982422
2024-05-22 15:00:00,133.634,129.31266913544482,130.89630428571422,128.2217,106.750732421875
2024-05-22 16:00:00,91.084,85.70677854447467,91.6454888888888,91.777405,66.62838745117188
2024-05-22 17:00:00,45.53,47.3327188683722,45.69175647886865,46.102543,33.117271423339844
2024-05-22 18:00:00,8.876000000000001,13.277563557765502,8.851080615426186,9.2340145,4.770145416259766
2024-05-22 19:00:00,0.0,-6.81114538536271,0.00011127778403323686,-0.096302874,-0.9724845886230469
2024-05-22 20:00:00,0.0,1.928662510062407,1.1116151256018535e-05,-0.021000963,-1.1153640747070312
2024-05-22 21:00:00,0.0,0.7227419013724106,1.1116151256018535e-05,-0.066723205,-0.9789199829101562
2024-05-22 22:00:00,0.0,-2.206293915592128,1.1116151256018535e-05,0.015375533,-1.0341339111328125
2024-05-22 23:00:00,0.0,-0.3957952623318872,1.1116151256018535e-05,0.015375533,-1.130767822265625
2024-05-23 00:00:00,0.0,3.172282296087209,1.1116151256018535e-05,0.025356665,-1.1585044860839844
2024-05-23 01:00:00,0.0,5.37423175782971,1.1116151256018535e-05,0.020913783,-1.1606941223144531
2024-05-23 02:00:00,0.0,8.811918295855424,1.1116151256018535e-05,0.014815522,-1.4491920471191406
2024-05-23 03:00:00,0.0,7.4474580805095085,1.1116151256018535e-05,0.011510637,-1.313018798828125
2024-05-23 04:00:00,0.0,7.785751645514391,1.1116151256018535e-05,0.011510637,-1.2934417724609375
2024-05-23 05:00:00,1.5,9.267315358339628,1.4269441833156038,1.0356226,1.5383796691894531
2024-05-23 06:00:00,23.806,15.29134527774727,21.617647166186288,25.015274,20.83230209350586
2024-05-23 07:00:00,64.23,55.790024639831564,65.25867981318058,64.577034,54.387794494628906
2024-05-23 08:00:00,107.82,109.1280802733632,106.39266464785085,108.862206,94.09938049316406
2024-05-23 09:00:00,146.46,149.8200014085718,145.25307633956012,147.71014,137.57174682617188
2024-05-23 10:00:00,175.784,179.0569685025605,175.3277483919638,177.22641,169.47943115234375
2024-05-23 11:00:00,192.656,193.8411411785728,194.296957835154,190.95245,188.7474365234375
2024-05-23 12:00:00,199.866,192.85913248362752,195.8961383171337,196.21025,188.4824676513672
2024-05-23 13:00:00,190.844,185.8713112638363,185.35039566710284,183.61777,172.86106872558594
2024-05-23 14:00:00,167.256,161.83113989715713,166.22795490802045,163.60582,146.61351013183594
2024-05-23 15:00:00,132.584,126.02786222557475,130.49140356060605,131.7682,107.84396362304688
2024-05-23 16:00:00,89.816,85.20774421876268,88.9845583333333,90.634514,67.72647094726562
2024-05-23 17:00:00,43.496,45.46819246410148,44.131613839471456,44.450035,31.156803131103516
2024-05-23 18:00:00,8.366,9.113652078732446,8.039532770882534,8.562578,3.2961463928222656
2024-05-23 19:00:00,0.0,-7.847856225546046,0.00011127778403323686,-0.078700714,-1.088958740234375
2024-05-23 20:00:00,0.0,1.0091293028228216,1.1116151256018535e-05,0.12732096,-1.2725791931152344
2024-05-23 21:00:00,0.0,-0.4006715158746441,1.1116151256018535e-05,0.015921306,-1.1386070251464844
2024-05-23 22:00:00,0.0,-2.5221676189468885,1.1116151256018535e-05,0.12780333,-1.2156753540039062
2024-05-23 23:00:00,0.0,-0.4662740199273705,1.1116151256018535e-05,0.010076277,-1.2462539672851562
2024-05-24 00:00:00,0.0,3.121805445460004,1.1116151256018535e-05,0.0014600347,-1.2180824279785156
2024-05-24 01:00:00,0.0,5.1916598534743805,1.1116151256018535e-05,0.017622862,-1.15667724609375
2024-05-24 02:00:00,0.0,6.800964019170195,1.1116151256018535e-05,0.017622862,-1.2506904602050781
2024-05-24 03:00:00,0.0,6.410484326495773,1.1116151256018535e-05,0.01842942,-1.2323570251464844
2024-05-24 04:00:00,0.0,6.894104051806126,1.1116151256018535e-05,0.01842942,-1.2783393859863281
2024-05-24 05:00:00,1.564,9.211705110774005,1.3760105961985867,1.0417348,-0.28388214111328125
2024-05-24 06:00:00,24.26,16.418199198213642,22.310702874839645,25.31362,17.352102279663086
2024-05-24 07:00:00,64.87,55.993322594010266,66.44981413477228,66.54854,47.67815399169922
2024-05-24 08:00:00,108.434,109.54949319488401,106.92036035039341,108.979515,94.96551513671875
2024-05-24 09:00:00,147.244,150.09470134585004,146.22030812492824,148.16365,138.10061645507812
2024-05-24 10:00:00,176.52,178.59456994487306,175.37775353631667,176.90219,169.03421020507812
2024-05-24 11:00:00,193.456,194.29772499130638,194.57908227818214,192.49034,188.59808349609375
2024-05-24 12:00:00,200.73,195.93244495109724,195.89187286338233,196.92407,189.18377685546875
2024-05-24 13:00:00,184.17,187.40870621870422,186.36653127979164,185.47305,168.42169189453125
2024-05-24 14:00:00,151.62,152.47319374132735,152.58893760924494,159.72382,135.1298828125
2024-05-24 15:00:00,125.64,110.0526202667057,113.11045137484736,117.10988,95.29222869873047
2024-05-24 16:00:00,85.19600000000001,84.0654869110268,82.69449939393941,83.623665,55.97800064086914
2024-05-24 17:00:00,41.95,42.71772404087192,40.61408692124959,40.55613,26.682266235351562
2024-05-24 18:00:00,8.55,10.795445403552215,8.559858429790749,9.043057,3.6159210205078125
2024-05-24 19:00:00,0.0,-6.538132707707681,0.00011127778403323686,-0.3437322,-1.2432289123535156
2024-05-24 20:00:00,0.0,0.49690474489685355,1.1116151256018535e-05,-0.18784735,-1.4004631042480469
2024-05-24 21:00:00,0.0,1.2773798124791655,1.1116151256018535e-05,-0.273391,-1.2694969177246094
2024-05-24 22:00:00,0.0,-1.2029667392208228,1.1116151256018535e-05,0.014248803,-1.172454833984375
2024-05-24 23:00:00,0.0,-0.05120171900250736,1.1116151256018535e-05,-0.13183887,-1.1136360168457031
2024-05-25 00:00:00,0.0,2.4175340998047834,1.1116151256018535e-05,0.00033330303,-1.087982177734375
2024-05-25 01:00:00,0.0,3.3636313464137775,1.1116151256018535e-05,0.016774535,-1.0648918151855469
2024-05-25 02:00:00,0.0,5.654342642082411,1.1116151256018535e-05,0.021269321,-1.1133766174316406
2024-05-25 03:00:00,0.0,7.600434984603301,1.1116151256018535e-05,0.016496133,-1.307830810546875
2024-05-25 04:00:00,0.0,6.563890057106804,1.1116151256018535e-05,0.015689574,-1.4372177124023438
2024-05-25 05:00:00,1.6100000000000003,8.217100195887067,1.3147497834786268,1.0389949,-0.21767807006835938
2024-05-25 06:00:00,24.11,15.0570182013954,22.8725630731127,24.70217,16.717878341674805
2024-05-25 07:00:00,64.0,55.492817522721325,65.17475813652881,65.944824,49.03831100463867
2024-05-25 08:00:00,106.934,108.52898872055104,108.12057204934557,108.66604,95.89912414550781
2024-05-25 09:00:00,145.06,148.48985620442028,143.44233326099777,144.76851,137.6045684814453
2024-05-25 10:00:00,174.01,176.94656494892396,173.22404162341726,175.03044,169.4125518798828
2024-05-25 11:00:00,190.56600000000003,192.39285202976993,191.02941352146303,190.6364,188.88902282714844
2024-05-25 12:00:00,194.14,191.88703532114658,193.51373946436593,193.02464,190.4954071044922
2024-05-25 13:00:00,183.81,177.92442870984428,179.9950638961039,172.12192,171.93887329101562
2024-05-25 14:00:00,160.95000000000002,153.16695077982905,155.87277063378187,157.38702,136.5603790283203
2024-05-25 15:00:00,122.26,120.48857343616083,122.64395036441336,126.95589,95.89449310302734
2024-05-25 16:00:00,79.48,76.39369915312128,79.04238138095238,78.82829,60.94149398803711
2024-05-25 17:00:00,36.88,39.80031717788305,37.627352779384836,37.0855,27.928756713867188
2024-05-25 18:00:00,7.5,10.003140327391867,8.122706111111116,8.539685,2.5621604919433594
2024-05-25 19:00:00,0.0,-4.5759612732278825,5.6790891740447614e-05,-0.17954366,-1.1031913757324219
2024-05-25 20:00:00,0.0,0.8290345656196569,1.1116151256018535e-05,0.040272363,-1.2903823852539062
2024-05-25 21:00:00,0.0,-0.16999575541617729,1.1116151256018535e-05,-0.30101123,-1.1875190734863281
2024-05-25 22:00:00,0.0,-2.760652246640854,1.1116151256018535e-05,-0.07868039,-1.1576919555664062
2024-05-25 23:00:00,0.0,-1.975008136011442,1.1116151256018535e-05,-0.12604594,-1.1644515991210938
2024-05-26 00:00:00,0.0,1.0831169885199379,1.1116151256018535e-05,-0.13351947,-1.1163520812988281
2024-05-26 01:00:00,0.0,2.9948410352674344,1.1116151256018535e-05,0.010320738,-1.1251411437988281
2024-05-26 02:00:00,0.0,5.019851003005387,1.1116151256018535e-05,0.017622862,-1.2881355285644531
2024-05-26 03:00:00,0.0,4.636007553764726,1.1116151256018535e-05,0.02258308,-1.4090309143066406
2024-05-26 04:00:00,0.0,5.776237914957057,1.1116151256018535e-05,0.02258308,-1.3035736083984375
2024-05-26 05:00:00,1.564,8.259677250769919,1.415933868349157,1.0003793,-0.40039825439453125
2024-05-26 06:00:00,22.206000000000003,15.472466137227483,21.66547458730158,22.341019,15.190235137939453
2024-05-26 07:00:00,59.61000000000001,51.72678968432898,59.306659092720004,59.663128,44.6893310546875
2024-05-26 08:00:00,101.754,101.70151419727563,102.25387804284296,102.92188,93.57817840576172
2024-05-26 09:00:00,139.924,142.96860331401368,139.6926370954129,141.34601,133.76683044433594
2024-05-26 10:00:00,168.94400000000002,170.93827343448123,166.9816960997492,169.6489,162.19322204589844
2024-05-26 11:00:00,185.78,187.32379091748945,186.40728942701924,182.82843,179.10000610351562
2024-05-26 12:00:00,194.466,189.54436963826,190.93665112582667,192.8786,185.17059326171875
2024-05-26 13:00:00,182.96,182.81381543883833,184.50268863721388,187.25537,173.4695587158203
2024-05-26 14:00:00,152.36,151.7944608682077,157.0652021533513,157.51767,149.41452026367188
2024-05-26 15:00:00,115.184,110.13653232373866,116.13833420682927,116.408745,110.01553344726562
2024-05-26 16:00:00,71.36,72.96019133714356,73.28184416666667,72.02912,65.53784942626953
2024-05-26 17:00:00,32.910000000000004,34.047219448188194,32.118930459272214,32.406914,28.645339965820312
2024-05-26 18:00:00,7.184000000000001,8.04134535702785,7.207556046633039,6.5634766,3.3339767456054688
2024-05-26 19:00:00,0.0,-3.7861727664537845,5.6790891740447614e-05,-0.039421488,-1.0113716125488281
2024-05-26 20:00:00,0.0,1.5163748830437807,1.1116151256018535e-05,0.18597722,-1.1843605041503906
2024-05-26 21:00:00,0.0,0.7797417399687815,1.1116151256018535e-05,-0.17538951,-1.2443771362304688
2024-05-26 22:00:00,0.0,-0.12482430469896544,1.1116151256018535e-05,-0.044980373,-1.3143234252929688
2024-05-26 23:00:00,0.0,1.3169482686804066,1.1116151256018535e-05,-0.17845823,-1.3928146362304688
2024-05-27 00:00:00,0.0,3.520174911897725,1.1116151256018535e-05,-0.13767156,-1.432098388671875
2024-05-27 01:00:00,0.0,2.567652690672082,1.1116151256018535e-05,0.020136546,-1.4205665588378906
2024-05-27 02:00:00,0.0,2.6500860724785458,1.1116151256018535e-05,0.02090113,-1.4102554321289062
2024-05-27 03:00:00,0.0,3.0539129232039204,1.1116151256018535e-05,0.02090113,-1.4150657653808594
2024-05-27 04:00:00,0.0,4.636447592181579,1.1116151256018535e-05,0.05256521,-1.6333084106445312
2024-05-27 05:00:00,1.536,9.41537291000505,1.4300937809673884,0.9266785,-0.5427169799804688
2024-05-27 06:00:00,21.28,17.942124802181798,21.678240045109472,22.480814,14.735008239746094
2024-05-27 07:00:00,57.760000000000005,53.78100773331796,57.02572426464482,58.369686,44.510677337646484
2024-05-27 08:00:00,101.296,101.49669864187089,100.69169165576932,101.14446,84.4852066040039
2024-05-27 09:00:00,141.69000000000003,144.56951795880437,138.79688477241442,142.63828,129.51986694335938
2024-05-27 10:00:00,172.78,174.98370028370036,168.14682274813964,171.50252,161.76461791992188
2024-05-27 11:00:00,191.06,191.72949232383084,189.87637756736638,191.32172,182.55482482910156
2024-05-27 12:00:00,206.59000000000003,194.7758392142297,194.48351402946605,198.08095,190.49928283691406
2024-05-27 13:00:00,193.984,196.17599355245224,192.15072381812396,192.68137,177.01502990722656
2024-05-27 14:00:00,167.3,158.5574159528702,170.16222209663857,163.41168,149.90138244628906
2024-05-27 15:00:00,129.084,119.885020738453,131.44782600000002,130.75302,102.42819213867188
2024-05-27 16:00:00,84.04,80.18535325207773,83.76061646031752,83.71255,60.092647552490234
2024-05-27 17:00:00,39.900000000000006,41.389438964118696,39.80178548106059,39.66186,23.711048126220703
2024-05-27 18:00:00,8.344,8.85048376359177,8.256729333333334,8.171347,0.6653518676757812
2024-05-27 19:00:00,0.0,-5.332381423697289,0.00011127778403323686,-0.05994539,-1.1929969787597656
2024-05-27 20:00:00,0.0,1.2068219488736902,1.1116151256018535e-05,0.03150906,-1.2868614196777344
2024-05-27 21:00:00,0.0,-1.1326700774375391,1.1116151256018535e-05,-0.18261951,-1.2899589538574219
2024-05-27 22:00:00,0.0,-0.4194864473224942,1.1116151256018535e-05,0.010324292,-1.3324012756347656
2024-05-27 23:00:00,0.0,0.8493735301188758,1.1116151256018535e-05,-0.03046237,-1.268280029296875
2024-05-28 00:00:00,0.0,2.561860763742253,1.1116151256018535e-05,0.013502668,-1.2645797729492188
2024-05-28 01:00:00,0.0,2.7673269792922714,1.1116151256018535e-05,0.017997451,-1.2538948059082031
2024-05-28 02:00:00,0.0,4.947481175855472,1.1116151256018535e-05,0.025483556,-1.2284126281738281
2024-05-28 03:00:00,0.0,5.16848363286517,1.1116151256018535e-05,0.02090113,-1.3316841125488281
2024-05-28 04:00:00,0.0,6.576195535862057,1.1116151256018535e-05,0.02090113,-1.6119270324707031
2024-05-28 05:00:00,1.524,9.385029164956423,1.4534100661539846,1.0442064,-1.0251235961914062
2024-05-28 06:00:00,20.286,16.098654275509215,21.934896056098488,23.74757,13.797100067138672
2024-05-28 07:00:00,54.016,51.30071812896436,55.39833897707205,57.24339,43.79862976074219
2024-05-28 08:00:00,95.166,96.63773154893528,96.73347599315672,96.21486,83.10377502441406
2024-05-28 09:00:00,133.49,138.02104353860815,135.53767506867771,135.24197,123.19088745117188
2024-05-28 10:00:00,165.116,167.54168015407785,163.92897376803847,166.88554,156.74710083007812
2024-05-28 11:00:00,183.284,185.79818863231586,182.6722978762785,179.96613,176.45372009277344
2024-05-28 12:00:00,201.8,186.90103806218752,190.53730733274634,196.34244,181.71224975585938
2024-05-28 13:00:00,189.1,192.552483078578,187.86483736157342,192.50345,164.27967834472656
2024-05-28 14:00:00,163.276,155.54703092658482,162.8910137420852,163.05432,134.8630828857422
2024-05-28 15:00:00,126.134,117.93727904294909,127.32051415873019,127.31651,90.62834167480469
2024-05-28 16:00:00,82.504,79.00535804776166,82.557163,83.296005,53.00230407714844
2024-05-28 17:00:00,40.696,40.97463364988159,38.85762113655376,38.557545,19.32752799987793
2024-05-28 18:00:00,8.63,11.276000784461937,8.263714614348372,8.555156,0.2585868835449219
2024-05-28 19:00:00,0.0,-3.413165065206017,0.00011127778403323686,-0.16231816,-1.1534271240234375
2024-05-28 20:00:00,0.0,3.1810776296299816,1.1116151256018535e-05,0.06539017,-1.2172622680664062
2024-05-28 21:00:00,0.0,-0.9774543901416894,1.1116151256018535e-05,0.050204348,-1.2421150207519531
2024-05-28 22:00:00,0.0,-0.553981761872258,1.1116151256018535e-05,0.055269998,-1.3859176635742188
2024-05-28 23:00:00,0.0,1.5743069171744266,1.1116151256018535e-05,0.0034683098,-1.3197784423828125
2024-05-29 00:00:00,0.0,5.18280265548665,1.1116151256018535e-05,0.018473756,-1.3257408142089844
2024-05-29 01:00:00,0.0,4.823844144527535,1.1116151256018535e-05,0.018473756,-1.3547477722167969
2024-05-29 02:00:00,0.0,6.215236032498795,1.1116151256018535e-05,0.024187624,-1.3771286010742188
2024-05-29 03:00:00,0.0,5.5324564119564315,1.1116151256018535e-05,0.03399988,-1.4360427856445312
2024-05-29 04:00:00,0.0,6.647140977472068,1.1116151256018535e-05,0.03399988,-1.6458282470703125
2024-05-29 05:00:00,1.85,9.647395577814539,1.4665611046366913,1.0308514,0.026294708251953125
2024-05-29 06:00:00,25.954000000000004,16.586284680923498,23.25443641771094,24.288813,14.910219192504883
2024-05-29 07:00:00,67.24,59.76323033277327,67.20176956523106,68.12818,45.6406135559082
2024-05-29 08:00:00,112.244,114.07641952057304,111.17328138192079,113.53366,92.4586181640625
2024-05-29 09:00:00,151.72,156.757293341339,149.30316450600142,150.51952,137.60623168945312
2024-05-29 10:00:00,181.434,184.35043234401454,181.29472755728912,178.41368,173.57872009277344
2024-05-29 11:00:00,198.184,198.58108708052063,197.67208589833987,197.1278,193.0133056640625
2024-05-29 12:00:00,205.564,199.71489762481664,200.12302179852614,201.07216,197.10665893554688
2024-05-29 13:00:00,194.824,191.17861328163687,193.61815609854892,193.83977,185.92425537109375
2024-05-29 14:00:00,159.19400000000002,161.19535086344004,170.16197529901964,170.11708,158.3073272705078
2024-05-29 15:00:00,134.18,111.05480040962911,120.10044120202026,122.08254,110.99920654296875
2024-05-29 16:00:00,91.71,87.81153549204652,90.1507522222222,89.00509,61.0401496887207
2024-05-29 17:00:00,45.764,43.23998651475021,45.69528901493263,46.011475,24.970666885375977
2024-05-29 18:00:00,9.85,9.675727112140157,9.340654682539686,10.475167,1.1615829467773438
2024-05-29 19:00:00,0.0,-6.031743755724259,0.00017669834478090043,-0.4939486,-1.2342987060546875
2024-05-29 20:00:00,0.0,-0.8870884365054374,1.1116151256018535e-05,0.011193531,-1.2944984436035156
2024-05-29 21:00:00,0.0,-1.8979679371446694,1.1116151256018535e-05,0.06933121,-1.30645751953125
2024-05-29 22:00:00,0.0,-2.916260267239026,1.1116151256018535e-05,0.010783732,-1.311920166015625
2024-05-29 23:00:00,0.0,-0.3575060633604321,1.1116151256018535e-05,0.027878102,-1.2736282348632812
2024-05-30 00:00:00,0.0,2.8534385630296906,1.1116151256018535e-05,0.029934641,-1.2728347778320312
2024-05-30 01:00:00,0.0,4.385615456688559,1.1116151256018535e-05,0.020530296,-1.2173728942871094
2024-05-30 02:00:00,0.0,4.626973198494358,1.1116151256018535e-05,0.02815391,-1.1134071350097656
2024-05-30 03:00:00,0.0,5.899829842075765,1.1116151256018535e-05,0.31116658,-0.9429435729980469
2024-05-30 04:00:00,0.0,4.1568139245017335,1.1116151256018535e-05,0.16121833,-1.3193283081054688
2024-05-30 05:00:00,1.8760000000000003,6.480935683461796,1.5038070589180834,1.1633177,-1.4712638854980469
2024-05-30 06:00:00,26.664,14.500267607477538,24.32222704276822,24.245745,11.633441925048828
2024-05-30 07:00:00,67.53,61.07287229249321,67.8129125249135,66.64491,42.92210388183594
2024-05-30 08:00:00,111.494,114.83286559347005,110.74837546541899,113.26897,96.71676635742188
2024-05-30 09:00:00,150.306,154.35768187343535,149.01045121514645,150.83644,140.7262420654297
2024-05-30 10:00:00,179.52,181.99163812443444,178.44528988311748,180.26753,170.4725799560547
2024-05-30 11:00:00,196.09000000000003,198.15526969272142,196.74616174587192,196.22255,187.2371826171875
2024-05-30 12:00:00,204.056,199.31422296889977,197.58880785814523,200.36319,193.66323852539062
2024-05-30 13:00:00,192.376,191.16831149955962,191.4571790118733,191.70276,182.70596313476562
2024-05-30 14:00:00,167.524,159.66320190060432,168.7174433809523,168.57506,157.19732666015625
2024-05-30 15:00:00,131.33,123.55282492959466,131.49959833333338,131.42833,116.30335998535156
2024-05-30 16:00:00,87.76,83.74002338867547,88.16352,87.37302,77.27447509765625
2024-05-30 17:00:00,43.18000000000001,44.45880551181375,42.57290738426389,42.71627,35.355133056640625
2024-05-30 18:00:00,9.4,10.741542381556865,8.715209336330334,8.228658,4.082061767578125
2024-05-30 19:00:00,0.0,-5.964762871942865,0.00017669834478090043,-0.07608704,-0.878204345703125
2024-05-30 20:00:00,0.0,-0.4316531751012129,1.1116151256018535e-05,-0.020084979,-1.1384239196777344
2024-05-30 21:00:00,0.0,-2.5044848828400132,1.1116151256018535e-05,-0.0786229,-1.1694068908691406
2024-05-30 22:00:00,0.0,-2.490739163841223,1.1116151256018535e-05,0.016017511,-1.2872581481933594
2024-05-30 23:00:00,0.0,-0.013237707036433566,1.1116151256018535e-05,0.020530296,-1.2493972778320312
2024-05-31 00:00:00,0.0,2.2381075654529328,1.1116151256018535e-05,-0.0799675,-1.2819404602050781
2024-05-31 01:00:00,0.0,2.163095198342761,1.1116151256018535e-05,0.16167149,-1.3845062255859375
2024-05-31 02:00:00,0.0,3.791930018894128,1.1116151256018535e-05,0.14618263,-1.3791160583496094
2024-05-31 03:00:00,0.0,3.759360543423567,1.1116151256018535e-05,0.047120385,-1.3986434936523438
2024-05-31 04:00:00,0.0,3.6501794315433953,1.1116151256018535e-05,-0.01880035,-1.7383766174316406
2024-05-31 05:00:00,1.804,7.303039507293287,1.5393844904921181,1.0733403,-1.6560516357421875
2024-05-31 06:00:00,24.806,16.775801047933363,23.89307546944095,22.448895,10.288532257080078
2024-05-31 07:00:00,65.834,60.90211432718928,65.13383501799154,65.04423,41.238155364990234
2024-05-31 08:00:00,109.634,114.62402416165997,109.55419249369147,110.47169,95.6959228515625
2024-05-31 09:00:00,148.48,154.35995115336297,148.38037556215468,149.61792,137.64593505859375
2024-05-31 10:00:00,177.824,181.5490140411854,177.1623842140921,177.95224,167.1325225830078
2024-05-31 11:00:00,195.356,195.79107301658763,195.06791695298386,193.67941,182.67483520507812
2024-05-31 12:00:00,196.15,197.64381685316906,198.2515193508242,195.59601,186.70872497558594
2024-05-31 13:00:00,184.56,182.14524099511056,185.8590043683067,185.3316,173.43624877929688
2024-05-31 14:00:00,160.08,155.6799942345891,160.32285672541005,159.98303,144.37339782714844
2024-05-31 15:00:00,125.08,119.67343711545624,123.30425750061055,123.12142,107.22895050048828
2024-05-31 16:00:00,83.724,80.06301373088638,82.61752533333335,82.20574,66.93637084960938
2024-05-31 17:00:00,41.854000000000006,42.151518738454776,40.365472184727786,39.710968,29.545730590820312
2024-05-31 18:00:00,9.644,9.889878454744677,9.124199086580084,9.123915,2.763591766357422
2024-05-31 19:00:00,0.0,-7.129832457153656,0.00017669834478090043,-0.0587145,-0.8783798217773438
2024-05-31 20:00:00,0.0,-1.555748423692822,1.1116151256018535e-05,-0.025126906,-1.0890007019042969
2024-05-31 21:00:00,0.0,-0.23927643308903224,1.1116151256018535e-05,0.016447848,-1.1014289855957031
2024-05-31 22:00:00,0.0,-2.3615661930315577,1.1116151256018535e-05,0.0031022094,-1.2247581481933594
2024-05-31 23:00:00,0.0,-0.18938444241476593,1.1116151256018535e-05,0.013567177,-1.2492790222167969
2024-06-01 00:00:00,0.0,1.1440136809477353,1.1116151256018535e-05,0.010591734,-1.2741928100585938
2024-06-01 01:00:00,0.0,2.430059757066063,1.1116151256018535e-05,-0.04527871,-1.3407516479492188
2024-06-01 02:00:00,0.0,3.4190114648667,1.1116151256018535e-05,-0.024599867,-1.1696205139160156
2024-06-01 03:00:00,0.0,3.4342281597253885,1.1116151256018535e-05,0.021782605,-1.4907112121582031
2024-06-01 04:00:00,0.0,4.247472332944136,1.1116151256018535e-05,-0.007862844,-1.7486534118652344
2024-06-01 05:00:00,1.786,7.648602970790637,1.7056477455123098,1.3781087,-0.874420166015625
2024-06-01 06:00:00,24.924000000000003,16.66630683114618,22.990202298929137,22.504202,13.366043090820312
2024-06-01 07:00:00,64.26,57.88665714712545,64.73315646741719,64.880196,44.591976165771484
2024-06-01 08:00:00,107.844,109.01139048471333,107.20402341989228,106.769455,92.80720520019531
2024-06-01 09:00:00,146.95000000000002,150.36603568309678,147.2760622352079,147.44357,133.60984802246094
2024-06-01 10:00:00,176.93,179.78656720045075,176.4835366805872,176.59677,162.85665893554688
2024-06-01 11:00:00,194.766,196.23103143017877,194.42158913451127,193.35884,180.0948486328125
2024-06-01 12:00:00,199.25,198.54895788144654,197.06968921238223,196.75449,188.97781372070312
2024-06-01 13:00:00,188.62,186.3927207575137,188.25936331194822,186.476,181.11549377441406
2024-06-01 14:00:00,164.72000000000003,158.89760706010668,163.90131410141296,164.56512,149.1313934326172
2024-06-01 15:00:00,129.87,123.53560969613682,130.88837600000002,129.99187,113.19314575195312
2024-06-01 16:00:00,87.804,83.94858222277995,86.5081762034632,87.465454,72.81645202636719
2024-06-01 17:00:00,44.414,45.03334249901108,43.92614602158857,43.631996,33.7565803527832
2024-06-01 18:00:00,9.924,12.321168464502684,9.653826620088886,10.670169,4.414760589599609
2024-06-01 19:00:00,0.0,-7.249841246534833,0.00017669834478090043,-0.067537196,-0.7077751159667969
2024-06-01 20:00:00,0.0,-1.275476523814353,1.1116151256018535e-05,-0.019499937,-1.0443840026855469
2024-06-01 21:00:00,0.0,0.41144423458753865,1.1116151256018535e-05,-0.029365178,-1.0943489074707031
2024-06-01 22:00:00,0.0,-1.1745368334366644,1.1116151256018535e-05,0.006165258,-0.9671249389648438
2024-06-01 23:00:00,0.0,0.028242468988857627,1.1116151256018535e-05,0.015199161,-0.8841171264648438
2024-06-02 00:00:00,0.0,1.9159379953255968,1.1116151256018535e-05,0.0009567981,-0.868988037109375
2024-06-02 01:00:00,0.0,3.164654894778378,1.1116151256018535e-05,-0.000692337,-0.8573417663574219
2024-06-02 02:00:00,0.0,4.048565171339415,1.1116151256018535e-05,0.033799045,-0.7401466369628906
2024-06-02 03:00:00,0.0,3.133605107484926,1.1116151256018535e-05,0.020702763,-0.9878273010253906
2024-06-02 04:00:00,0.0,2.503624311903902,1.1116151256018535e-05,-0.0062233196,-1.2854423522949219
2024-06-02 05:00:00,1.654,5.517646984134299,1.7610235914941685,1.3816471,-0.7134857177734375
2024-06-02 06:00:00,22.494,13.807278609113451,22.6512261968587,22.378572,13.677146911621094
2024-06-02 07:00:00,58.58,52.0259247584519,59.43592506815434,58.503906,46.20170593261719
2024-06-02 08:00:00,100.71,99.84378616391461,100.79566648709839,99.933235,87.5257797241211
2024-06-02 09:00:00,139.134,141.75887926681273,139.97780721521872,140.06372,125.48013305664062
2024-06-02 10:00:00,168.84000000000003,170.720352454337,169.14732038225816,168.8305,153.7025909423828
2024-06-02 11:00:00,186.72000000000003,187.81632586112198,185.04380092106862,185.51385,171.88475036621094
2024-06-02 12:00:00,200.484,191.71552667042445,195.92581355697723,195.77534,180.40611267089844
2024-06-02 13:00:00,190.12,193.04860822154416,189.33095693120944,188.8036,175.98753356933594
2024-06-02 14:00:00,167.084,162.5247064040889,165.80711865449064,165.20831,157.7040557861328
2024-06-02 15:00:00,133.0,128.33691966496335,133.04267825108226,131.43846,124.70359802246094
2024-06-02 16:00:00,91.33,89.3868857617687,90.68266185714289,89.87792,85.6490707397461
2024-06-02 17:00:00,47.586000000000006,49.66355888989675,47.52562095783473,46.54377,42.712711334228516
2024-06-02 18:00:00,10.95,15.289032708867165,11.653820216762039,11.733721,9.091072082519531
2024-06-02 19:00:00,0.0,-7.641075827594239,0.00017669834478090043,-0.08369873,-0.5563278198242188
2024-06-02 20:00:00,0.0,-1.7448262708302433,1.1116151256018535e-05,-0.02726811,-1.044036865234375
2024-06-02 21:00:00,0.0,0.7858398359619292,1.1116151256018535e-05,0.012375407,-1.1557502746582031
2024-06-02 22:00:00,0.0,0.12043755732430994,1.1116151256018535e-05,0.011492636,-1.0160179138183594
2024-06-02 23:00:00,0.0,1.8070135070617126,1.1116151256018535e-05,0.011492636,-1.0147285461425781
2024-06-03 00:00:00,0.0,3.6779602112869285,1.1116151256018535e-05,0.02052654,-1.078857421875
2024-06-03 01:00:00,0.0,3.032516878866284,1.1116151256018535e-05,0.02258308,-1.0948524475097656
2024-06-03 02:00:00,0.0,5.0257541293212995,1.1116151256018535e-05,0.01609643,-1.1891746520996094
2024-06-03 03:00:00,0.0,4.734095130242973,1.1116151256018535e-05,0.01609643,-1.3585586547851562
2024-06-03 04:00:00,0.0,5.306565554598299,1.1116151256018535e-05,0.0042790864,-1.3639678955078125
2024-06-03 05:00:00,1.7460000000000002,7.210853914708143,1.7804792016714013,1.0617007,-0.4193572998046875
2024-06-03 06:00:00,23.286,13.566626528405774,23.355208392002737,23.08596,16.103069305419922
2024-06-03 07:00:00,59.61000000000001,51.12642823623746,61.76520931311655,61.387226,50.06636428833008
2024-06-03 08:00:00,101.33,100.39207700019608,102.19681805302714,102.11349,96.1353988647461
2024-06-03 09:00:00,139.36,141.4554349886391,139.74484820607734,141.37929,134.83389282226562
2024-06-03 10:00:00,168.66,170.72874317990153,168.35338790986617,168.87904,161.97808837890625
2024-06-03 11:00:00,186.03,188.0385525859166,186.53841053334452,186.82378,178.51683044433594
2024-06-03 12:00:00,196.13,191.2488218747126,194.57501350085477,195.65161,186.34190368652344
2024-06-03 13:00:00,186.16,186.0876123742336,185.51704859370594,187.19147,178.74017333984375
2024-06-03 14:00:00,163.62,156.1412411141209,162.41435686647785,161.3988,151.21444702148438
2024-06-03 15:00:00,130.18,122.42496328599105,128.43509218614722,128.57793,112.48725891113281
2024-06-03 16:00:00,89.33,84.82770714010348,88.17885858441558,88.719635,75.25762939453125
2024-06-03 17:00:00,46.36000000000001,47.39034492498403,45.975715949970215,45.635704,37.115203857421875
2024-06-03 18:00:00,11.12,14.88138097792279,10.716762484566745,11.386449,5.508068084716797
2024-06-03 19:00:00,0.0,-5.8078608067468815,0.00017669834478090043,-0.16751055,-0.7087669372558594
2024-06-03 20:00:00,0.0,-0.5939316230128884,1.1116151256018535e-05,-0.024089731,-1.0206451416015625
2024-06-03 21:00:00,0.0,2.4379513548280105,1.1116151256018535e-05,-0.014225546,-1.0742645263671875
2024-06-03 22:00:00,0.0,0.1942113040914215,1.1116151256018535e-05,0.013549176,-1.1894683837890625
2024-06-03 23:00:00,0.0,2.0059418952257686,1.1116151256018535e-05,0.013567177,-1.0593452453613281
2024-06-04 00:00:00,0.0,3.8566343492911583,1.1116151256018535e-05,0.02337943,-0.9846992492675781
2024-06-04 01:00:00,0.0,3.2713376709125463,1.1116151256018535e-05,0.016745554,-0.9926528930664062
2024-06-04 02:00:00,0.0,3.367953715045467,1.1116151256018535e-05,0.016745554,-1.0918540954589844
2024-06-04 03:00:00,0.0,2.674062690202891,1.1116151256018535e-05,0.023641035,-1.157073974609375
2024-06-04 04:00:00,0.0,3.3591522853667626,1.1116151256018535e-05,-0.016968869,-1.4109687805175781
2024-06-04 05:00:00,1.6,7.325148593248067,1.7905399985128978,1.3769531,-1.032257080078125
2024-06-04 06:00:00,20.886000000000003,15.430780975658681,21.351681719941347,22.132654,13.591842651367188
2024-06-04 07:00:00,55.74600000000001,51.24252164058105,56.28776937714908,57.15661,47.789276123046875
2024-06-04 08:00:00,95.34,97.64378333191323,96.84133700203706,96.61317,92.74977111816406
2024-06-04 09:00:00,132.98,136.51733474389127,134.9969980606053,134.73117,128.6693115234375
2024-06-04 10:00:00,162.66600000000005,165.2608360284579,163.60459297377315,164.44159,155.90475463867188
2024-06-04 11:00:00,181.716,181.86212715286186,181.46420863136643,181.66095,172.7882537841797
2024-06-04 12:00:00,196.09000000000003,186.38306290042516,192.28511915104272,190.76361,179.8910369873047
2024-06-04 13:00:00,188.27,187.76521068008108,185.83581933736107,187.78574,171.63772583007812
2024-06-04 14:00:00,167.52,159.3388605944352,163.3276934191714,164.52928,147.39320373535156
2024-06-04 15:00:00,133.07000000000002,126.73763882106849,133.06409619047628,131.88812,110.65096282958984
2024-06-04 16:00:00,91.276,87.27061863401772,90.89748255555554,90.82513,74.69413757324219
2024-06-04 17:00:00,47.386,49.155035090861205,47.900262705664964,47.265476,36.659324645996094
2024-06-04 18:00:00,11.21,15.680640451823734,11.771983755542646,12.124265,5.338245391845703
2024-06-04 19:00:00,0.0,-6.377997011984743,0.00017669834478090043,-0.1273941,-0.5808601379394531
2024-06-04 20:00:00,0.0,-1.0429656317941456,1.1116151256018535e-05,-0.011117224,-0.9858818054199219
2024-06-04 21:00:00,0.0,1.3746960329966846,1.1116151256018535e-05,-0.009753419,-1.1087074279785156
2024-06-04 22:00:00,0.0,-0.5252629635607282,1.1116151256018535e-05,0.01050067,-1.2421989440917969
2024-06-04 23:00:00,0.0,1.4725822620924416,1.1116151256018535e-05,0.02336143,-1.1725997924804688
2024-06-05 00:00:00,0.0,3.359863107736272,1.1116151256018535e-05,0.016935034,-1.0793800354003906
2024-06-05 01:00:00,0.0,2.1330095771473223,1.1116151256018535e-05,-0.031374555,-1.0946121215820312
2024-06-05 02:00:00,0.0,2.161415610049275,1.1116151256018535e-05,0.01843776,-1.0120735168457031
2024-06-05 03:00:00,0.0,0.568634935242281,1.1116151256018535e-05,0.014815703,-1.3515815734863281
2024-06-05 04:00:00,0.0,2.0302092192704935,1.1116151256018535e-05,0.018944716,-1.5734367370605469
2024-06-05 05:00:00,1.55,6.0887141110930685,1.7222182609327716,1.3925738,-0.9604301452636719
2024-06-05 06:00:00,18.040000000000003,14.848982140324118,20.12491802152989,20.956446,11.857963562011719
2024-06-05 07:00:00,43.93600000000001,46.67200716754195,48.10966854910008,47.268456,39.846012115478516
2024-06-05 08:00:00,71.416,82.2993341251694,78.36168828010042,79.39937,78.46532440185547
2024-06-05 09:00:00,117.03,107.13247394863208,107.6678705004902,108.98438,107.74012756347656
2024-06-05 10:00:00,158.91,153.24530063148737,147.66045066379718,143.57039,124.08175659179688
2024-06-05 11:00:00,189.43,184.81734520439105,177.7485850843081,174.68896,151.39743041992188
2024-06-05 12:00:00,195.434,200.03830961093126,192.9720248299895,196.21878,168.48155212402344
2024-06-05 13:00:00,183.87,186.16530415869167,187.15921221842268,188.91017,169.56101989746094
2024-06-05 14:00:00,158.34400000000002,158.6827356646429,164.56085493016906,162.75331,150.09307861328125
2024-06-05 15:00:00,121.606,123.60853552267116,122.38185421175564,123.18711,122.07894897460938
2024-06-05 16:00:00,78.23400000000001,81.39422382793751,79.8628631116661,79.88499,81.9168701171875
2024-06-05 17:00:00,36.504000000000005,40.70267585874923,36.86210395882028,38.400234,41.88240051269531
2024-06-05 18:00:00,8.58,10.050576394727223,9.042528190476188,9.547255,8.391365051269531
2024-06-05 19:00:00,0.0,-3.6050270151469164,0.00011127778403323686,-0.03640727,-0.5906333923339844
2024-06-05 20:00:00,0.0,-0.6741757197679332,1.1116151256018535e-05,0.005771902,-1.0615463256835938
2024-06-05 21:00:00,0.0,2.6821092998870313,1.1116151256018535e-05,0.006255884,-1.0796051025390625
2024-06-05 22:00:00,0.0,0.46253925947859154,1.1116151256018535e-05,0.017728878,-1.1180191040039062
2024-06-05 23:00:00,0.0,1.2184344393328768,1.1116151256018535e-05,0.00020261659,-1.1568031311035156
2024-06-06 00:00:00,0.0,0.8503111245934161,1.1116151256018535e-05,-0.002874746,-1.1809844970703125
2024-06-06 01:00:00,0.0,0.0499369155458802,1.1116151256018535e-05,0.008831961,-1.2148590087890625
2024-06-06 02:00:00,0.0,-0.7796456894782802,1.1116151256018535e-05,0.03019859,-1.4307403564453125
2024-06-06 03:00:00,0.0,-0.5687524940206288,1.1116151256018535e-05,0.03019859,-1.611785888671875
2024-06-06 04:00:00,0.0,2.111321660699547,1.1116151256018535e-05,0.032745887,-1.7051925659179688
2024-06-06 05:00:00,1.4900000000000002,7.229801462789908,1.5760756323926812,1.251547,-0.2904815673828125
2024-06-06 06:00:00,18.040000000000003,16.05301808448261,20.048156367377562,19.49525,12.012001037597656
2024-06-06 07:00:00,46.96000000000001,46.03536190920255,46.962984835005315,45.458324,38.100765228271484
2024-06-06 08:00:00,79.84,82.71100903286438,84.34979980014378,85.32595,76.35671997070312
2024-06-06 09:00:00,99.866,114.55446486162708,119.5056130324278,120.9418,115.20846557617188
2024-06-06 10:00:00,145.01600000000002,123.56322484051185,137.12997634165444,131.82416,137.56631469726562
2024-06-06 11:00:00,179.34400000000002,172.11622574084976,165.04935380623658,168.07605,126.8077392578125
2024-06-06 12:00:00,186.45,194.2948685650927,178.08683925333767,182.79669,153.50083923339844
2024-06-06 13:00:00,176.81,178.85771114549166,178.0933405828603,180.27557,159.6442413330078
2024-06-06 14:00:00,153.69400000000002,152.66694031727621,152.39193220901885,153.1002,140.93292236328125
2024-06-06 15:00:00,120.11,120.29263025963925,117.52981858560639,119.1464,110.42300415039062
2024-06-06 16:00:00,80.37,82.06887724605963,78.67473476136482,78.63748,74.68283081054688
2024-06-06 17:00:00,40.49,42.68250912930511,39.65887992359724,40.372604,36.783756256103516
2024-06-06 18:00:00,10.194,11.044176386193724,10.523352461007162,10.477292,8.528602600097656
2024-06-06 19:00:00,0.0,-5.642601560739801,0.00017669834478090043,-0.029556924,-0.6510543823242188
2024-06-06 20:00:00,0.0,-3.293671528099667,1.1116151256018535e-05,-0.0037171827,-1.1023521423339844
2024-06-06 21:00:00,0.0,0.211330940983387,1.1116151256018535e-05,-0.015896613,-1.1139106750488281
2024-06-06 22:00:00,0.0,0.27435173374319044,1.1116151256018535e-05,-0.0089348415,-1.0565757751464844
2024-06-06 23:00:00,0.0,1.0354109210568434,1.1116151256018535e-05,-0.0089348415,-0.9431190490722656
2024-06-07 00:00:00,0.0,1.3133919203629407,1.1116151256018535e-05,-0.013260576,-0.9262466430664062
2024-06-07 01:00:00,0.0,2.292800038845399,1.1116151256018535e-05,-0.013242575,-0.9205474853515625
2024-06-07 02:00:00,0.0,2.900863559895977,1.1116151256018535e-05,0.0011007081,-0.7829170227050781
2024-06-07 03:00:00,0.0,2.21010687335732,1.1116151256018535e-05,0.010912964,-1.116485595703125
2024-06-07 04:00:00,0.0,2.816828151905468,1.1116151256018535e-05,0.0042790864,-1.2726173400878906
2024-06-07 05:00:00,1.69,4.722416277126662,1.6141277996480121,1.3286433,-1.1252784729003906
2024-06-07 06:00:00,20.176,11.260018045440187,21.923896842219182,21.293692,9.030895233154297
2024-06-07 07:00:00,54.6,43.32355242135898,53.99595152038952,53.91078,36.35710906982422
2024-06-07 08:00:00,94.166,88.68032352584052,94.33206277575677,94.67003,83.67085266113281
2024-06-07 09:00:00,131.36,130.57817280161922,132.9676607387008,133.34761,123.72663879394531
2024-06-07 10:00:00,160.284,163.09428303027732,161.73056872106204,161.84293,151.99586486816406
2024-06-07 11:00:00,177.58,181.99450685505843,177.38711492950503,176.3966,170.98861694335938
2024-06-07 12:00:00,191.09000000000003,184.88071497330125,185.92097290884394,185.11485,180.17739868164062
2024-06-07 13:00:00,181.41600000000005,184.71268352283585,180.7024996856839,179.30013,173.80313110351562
2024-06-07 14:00:00,156.62400000000002,155.08370979815413,158.62734595299617,159.88396,150.61647033691406
2024-06-07 15:00:00,120.93,119.19702943425946,121.0363225691322,125.243515,115.61741638183594
2024-06-07 16:00:00,79.64,79.57795962214445,79.39669497657609,80.03664,74.13520812988281
2024-06-07 17:00:00,39.580000000000005,40.80310850512004,39.68211215613088,39.94137,35.44501495361328
2024-06-07 18:00:00,9.856000000000002,11.265231142072484,10.303194637705696,10.468838,9.279048919677734
2024-06-07 19:00:00,0.0,-5.463366836069381,0.00017669834478090043,-0.04163917,-0.61016845703125
2024-06-07 20:00:00,0.0,-1.305538147497931,1.1116151256018535e-05,-0.0010880362,-1.0197715759277344
2024-06-07 21:00:00,0.0,3.7838925773416774,1.1116151256018535e-05,-0.0044751433,-0.9285659790039062
2024-06-07 22:00:00,0.0,0.6393718373528622,1.1116151256018535e-05,0.013025649,-0.9215621948242188
2024-06-07 23:00:00,0.0,1.76456965989978,1.1116151256018535e-05,0.02667174,-1.0330886840820312
2024-06-08 00:00:00,0.0,3.5183298799930016,1.1116151256018535e-05,0.016176838,-1.0914535522460938
2024-06-08 01:00:00,0.0,2.1804306293397464,1.1116151256018535e-05,0.011510637,-1.0899887084960938
2024-06-08 02:00:00,0.0,1.7300365723105917,1.1116151256018535e-05,0.02052654,-0.99627685546875
2024-06-08 03:00:00,0.0,1.49071259812531,1.1116151256018535e-05,0.02052654,-1.5371971130371094
2024-06-08 04:00:00,0.0,2.4628041017904745,1.1116151256018535e-05,0.02258308,-1.67462158203125
2024-06-08 05:00:00,1.594,5.101522696374069,1.6338936619801243,1.3567598,-1.2855758666992188
2024-06-08 06:00:00,20.224000000000004,12.199793847267268,20.471382522660733,20.935785,12.406326293945312
2024-06-08 07:00:00,54.276,45.29811119101375,54.796788179757485,55.05771,39.82632064819336
2024-06-08 08:00:00,95.934,91.39493514387576,95.17575235078563,94.59431,85.97456359863281
2024-06-08 09:00:00,134.77,135.64074643622132,134.8270966689149,134.8534,127.94635009765625
2024-06-08 10:00:00,164.4,167.63224934914123,164.3602151129658,166.02194,157.89683532714844
2024-06-08 11:00:00,183.14,183.92152499922923,180.75407560852128,179.05212,176.1969757080078
2024-06-08 12:00:00,184.81,188.95512434402522,190.12922468946036,191.43991,179.13055419921875
2024-06-08 13:00:00,179.68,174.67249018199882,165.151571586185,171.43785,163.39816284179688
2024-06-08 14:00:00,157.924,156.54128321158254,155.6589018978327,157.29788,140.04261779785156
2024-06-08 15:00:00,121.584,122.16735809395516,124.60555077484477,123.83836,112.68490600585938
2024-06-08 16:00:00,80.346,80.35674459609163,80.16236212337658,80.04836,64.79242706298828
2024-06-08 17:00:00,37.16,44.75875815748105,39.822883462961464,39.821526,27.050283432006836
2024-06-08 18:00:00,8.75,11.879668259465246,10.052827283948357,10.182127,7.3051910400390625
2024-06-08 19:00:00,0.0,-1.6651735045890677,0.022635735615358542,-0.02631454,-0.6783981323242188
2024-06-08 20:00:00,0.0,0.7756881906680497,1.1116151256018535e-05,0.011420665,-1.0906600952148438
2024-06-08 21:00:00,0.0,2.5947064373235835,1.1116151256018535e-05,0.25514328,-1.0890960693359375
2024-06-08 22:00:00,0.0,-0.20903214623836086,1.1116151256018535e-05,0.029246386,-1.0718879699707031
2024-06-08 23:00:00,0.0,1.090628460855077,1.1116151256018535e-05,0.025525277,-1.1034469604492188
2024-06-09 00:00:00,0.0,2.6884922712892,1.1116151256018535e-05,0.024718719,-1.2092857360839844
2024-06-09 01:00:00,0.0,2.9531229710619726,1.1116151256018535e-05,0.024718719,-1.326263427734375
2024-06-09 02:00:00,0.0,2.3907225705774575,1.1116151256018535e-05,0.024718719,-1.3494949340820312
2024-06-09 03:00:00,0.0,2.227711025861324,1.1116151256018535e-05,0.024718719,-1.8280677795410156
2024-06-09 04:00:00,0.0,3.7623592179501033,1.1116151256018535e-05,0.017944435,-1.9616127014160156
2024-06-09 05:00:00,1.72,6.012096816982527,1.5244188185628431,1.2113414,-1.9229354858398438
2024-06-09 06:00:00,22.950000000000003,12.743540629953436,22.021019510933503,23.445938,14.53702163696289
2024-06-09 07:00:00,59.176,49.074689563530995,56.84690231273184,57.784065,44.15042495727539
2024-06-09 08:00:00,100.79,92.34660117035327,101.24695254395634,101.464325,100.522216796875
2024-06-09 09:00:00,138.84,132.35168300697742,140.04995013088973,140.2953,137.0483856201172
2024-06-09 10:00:00,168.13,163.05414190215333,169.2796120299621,168.41684,162.13111877441406
2024-06-09 11:00:00,185.424,181.70348688176063,182.88997226491384,183.44661,176.49693298339844
2024-06-09 12:00:00,197.094,186.7631073474255,191.1605320091806,191.18286,182.1234130859375
2024-06-09 13:00:00,188.506,185.79331000492587,186.02456793123721,186.08269,169.34385681152344
2024-06-09 14:00:00,164.46,159.78307613362836,164.71349051179124,164.27359,152.0718536376953
2024-06-09 15:00:00,123.93,124.70832600277288,131.21428774603174,130.07669,121.99678039550781
2024-06-09 16:00:00,73.424,79.55742336202857,82.15232000000002,82.802345,81.9381103515625
2024-06-09 17:00:00,34.476,34.34118772054698,34.21744642164625,35.860268,39.070613861083984
2024-06-09 18:00:00,7.516,11.14333252609367,8.011888055817835,7.7436843,8.755172729492188
2024-06-09 19:00:00,0.0,-4.589274544865986,5.6790891740447614e-05,-0.027927935,-0.7454566955566406
2024-06-09 20:00:00,0.0,0.5026502719043765,1.1116151256018535e-05,-0.010700071,-1.0115814208984375
2024-06-09 21:00:00,0.0,1.8725124378941556,1.1116151256018535e-05,0.025546651,-0.91552734375
2024-06-09 22:00:00,0.0,0.9123777646196888,1.1116151256018535e-05,0.020508539,-0.9333992004394531
2024-06-09 23:00:00,0.0,3.7131928973957384,1.1116151256018535e-05,0.020508539,-0.9567298889160156
2024-06-10 00:00:00,0.0,6.124370755682319,1.1116151256018535e-05,0.020508539,-1.03076171875
2024-06-10 01:00:00,0.0,5.659346444314025,1.1116151256018535e-05,0.02052654,-1.0814781188964844
2024-06-10 02:00:00,0.0,6.257782329501636,1.1116151256018535e-05,0.02052654,-1.2298774719238281
2024-06-10 03:00:00,0.0,4.378225775222353,1.1116151256018535e-05,0.02052654,-1.3332710266113281
2024-06-10 04:00:00,0.0,4.40779313717319,1.1116151256018535e-05,0.02052654,-1.1666259765625
2024-06-10 05:00:00,1.786,8.06822614191019,1.634939110424308,1.3028587,0.335723876953125
2024-06-10 06:00:00,23.376,14.87789025264482,22.056866143290918,22.916227,18.59075927734375
2024-06-10 07:00:00,61.554,54.2303438201881,61.484081815818,61.01833,51.17741012573242
2024-06-10 08:00:00,103.09000000000002,102.03907959935461,104.99982964453257,104.466415,95.72494506835938
2024-06-10 09:00:00,140.456,141.80679506845652,141.31251918262333,142.98787,136.1400604248047
2024-06-10 10:00:00,169.33,169.2326443137752,168.76186692061827,169.89146,166.12179565429688
2024-06-10 11:00:00,186.124,185.2135530471653,185.60097021362319,185.97702,182.93601989746094
2024-06-10 12:00:00,188.334,188.33379555601567,193.2209651834172,192.88635,184.9937744140625
2024-06-10 13:00:00,178.884,174.5623089522542,176.1726466666667,174.02397,169.55360412597656
2024-06-10 14:00:00,156.91,150.47168214011302,152.91887618285386,150.70624,141.85337829589844
2024-06-10 15:00:00,116.216,117.14007452926555,121.03011443254374,120.45699,112.46719360351562
2024-06-10 16:00:00,70.224,70.98594840690419,75.17681732522742,73.87695,69.06685638427734
2024-06-10 17:00:00,33.504000000000005,32.76267613763718,32.614688720045244,32.011948,29.38162612915039
2024-06-10 18:00:00,8.416,10.18912641685523,8.551606836257799,7.6172514,4.170024871826172
2024-06-10 19:00:00,0.0,-3.425315366458867,0.00011127778403323686,-0.030435406,-0.9683609008789062
2024-06-10 20:00:00,0.0,-1.4727304128111913,1.1116151256018535e-05,0.000112518486,-1.2004013061523438
2024-06-10 21:00:00,0.0,0.9600669639531182,1.1116151256018535e-05,0.0053579723,-1.1322517395019531
2024-06-10 22:00:00,0.0,-0.4691542752147637,1.1116151256018535e-05,0.020508539,-1.1253814697265625
2024-06-10 23:00:00,0.0,0.9281160758045137,1.1116151256018535e-05,0.02052654,-1.1986579895019531
2024-06-11 00:00:00,0.0,2.1918211135572916,1.1116151256018535e-05,0.02052654,-1.2773056030273438
2024-06-11 01:00:00,0.0,2.5947239951129095,1.1116151256018535e-05,0.02052654,-1.3241119384765625
2024-06-11 02:00:00,0.0,3.8634707995112065,1.1116151256018535e-05,0.02052654,-1.3605308532714844
2024-06-11 03:00:00,0.0,3.645826680530448,1.1116151256018535e-05,0.02258308,-1.4780616760253906
2024-06-11 04:00:00,0.0,5.7780086154117605,1.1116151256018535e-05,0.02258308,-1.3235816955566406
2024-06-11 05:00:00,1.7140000000000002,9.376509189357426,1.6154498434242854,1.2511966,-0.80609130859375
2024-06-11 06:00:00,22.92,15.813061569058938,22.615023006816287,22.785065,16.477405548095703
2024-06-11 07:00:00,59.370000000000005,50.66820007648161,61.48596593332584,60.932175,50.47071838378906
2024-06-11 08:00:00,101.34,97.5689480574159,101.38656002872887,101.5086,98.44073486328125
2024-06-11 09:00:00,139.284,139.04179578351778,139.8081299907718,140.65718,133.4906005859375
2024-06-11 10:00:00,168.794,169.12541741382552,168.30981731115895,168.39722,160.9793243408203
2024-06-11 11:00:00,186.16600000000005,188.10313440510922,184.8937354266779,184.06241,177.83346557617188
2024-06-11 12:00:00,190.54,190.33497355573286,191.33351224157855,192.03162,187.54385375976562
2024-06-11 13:00:00,180.82,176.61238241292662,175.77244823835994,173.0643,178.2120819091797
2024-06-11 14:00:00,157.776,150.6617680441117,154.51798537837084,156.55443,149.2085418701172
2024-06-11 15:00:00,123.876,117.47776399230588,122.79616689193698,121.88733,111.83872985839844
2024-06-11 16:00:00,82.44,79.89553813601941,82.91246833333336,82.4772,70.6201400756836
2024-06-11 17:00:00,40.8,40.80625195594488,40.547456747618554,40.513397,33.8087158203125
2024-06-11 18:00:00,10.28,10.956502959361652,10.648292505490634,10.032142,6.19989013671875
2024-06-11 19:00:00,0.0,-5.375762656998178,0.00017669834478090043,-0.026547097,-0.8763618469238281
2024-06-11 20:00:00,0.0,-0.9684017763187027,1.1116151256018535e-05,-0.019461548,-1.149444580078125
2024-06-11 21:00:00,0.0,2.2315467544713004,1.1116151256018535e-05,0.030067775,-1.1198158264160156
2024-06-11 22:00:00,0.0,0.4955457640461045,1.1116151256018535e-05,0.020508539,-0.9648094177246094
2024-06-11 23:00:00,0.0,0.42550540323809427,1.1116151256018535e-05,0.02052654,-1.0008430480957031
2024-06-12 00:00:00,0.0,2.3471592162835497,1.1116151256018535e-05,0.02258308,-1.050537109375
2024-06-12 01:00:00,0.0,3.785247363464393,1.1116151256018535e-05,0.02258308,-1.1200370788574219
2024-06-12 02:00:00,0.0,4.754849916616007,1.1116151256018535e-05,0.024112323,-1.2369613647460938
2024-06-12 03:00:00,0.0,3.3135338443534175,1.1116151256018535e-05,0.034794737,-1.4197654724121094
2024-06-12 04:00:00,0.0,3.555909437268781,1.1116151256018535e-05,0.04208215,-1.2701911926269531
2024-06-12 05:00:00,1.724,6.065527075025134,1.6755083694525892,1.3709635,-0.6089134216308594
2024-06-12 06:00:00,23.130000000000003,13.765843731140663,22.76270148128625,22.730946,14.579742431640625
2024-06-12 07:00:00,60.966,52.82983268807825,61.29265788819033,61.47652,48.24028778076172
2024-06-12 08:00:00,103.544,104.12518201270169,103.02473156715037,102.97804,94.82241821289062
2024-06-12 09:00:00,141.98,145.23050551932988,142.15599668969455,142.72635,132.07659912109375
2024-06-12 10:00:00,171.584,173.63740246182715,168.79432466944104,170.10121,161.34132385253906
2024-06-12 11:00:00,189.24400000000003,189.87355255678693,188.34443681817217,188.60382,178.3840789794922
2024-06-12 12:00:00,197.08,192.83890187811113,196.15986731881873,195.3929,186.90646362304688
2024-06-12 13:00:00,187.544,185.23069793341668,185.75887853105905,187.80252,181.77481079101562
2024-06-12 14:00:00,165.27,157.64449538798985,164.15543498667748,163.90907,155.71450805664062
2024-06-12 15:00:00,132.144,124.59425003200099,131.86653535470086,131.62401,119.43218994140625
2024-06-12 16:00:00,91.754,87.48714166080819,90.4357511746032,91.48623,80.59722900390625
2024-06-12 17:00:00,49.0,49.75523547840476,47.92954536635008,48.250237,38.492427825927734
2024-06-12 18:00:00,12.734000000000002,15.433035393982562,12.862070449853071,12.201644,6.689296722412109
2024-06-12 19:00:00,0.0,-6.897144728443958,0.000411025307633552,0.33396456,-0.71319580078125
2024-06-12 20:00:00,0.0,-2.4651591656773273,1.1116151256018535e-05,-0.022469157,-1.0720481872558594
2024-06-12 21:00:00,0.0,0.8039063866311261,1.1116151256018535e-05,0.012375407,-1.1478652954101562
2024-06-12 22:00:00,0.0,-0.6115120034435688,1.1116151256018535e-05,0.011492636,-1.2448463439941406
2024-06-12 23:00:00,0.0,1.2397722156145246,1.1116151256018535e-05,0.013567177,-1.1743698120117188
2024-06-13 00:00:00,0.0,3.5148276545145443,1.1116151256018535e-05,0.02337943,-1.042449951171875
2024-06-13 01:00:00,0.0,3.817120715049444,1.1116151256018535e-05,0.016745554,-1.0832023620605469
2024-06-13 02:00:00,0.0,4.157483481327291,1.1116151256018535e-05,0.020393537,-1.2088394165039062
2024-06-13 03:00:00,0.0,3.74315848132404,1.1116151256018535e-05,0.03019859,-1.4113273620605469
2024-06-13 04:00:00,0.0,3.2630441731173248,1.1116151256018535e-05,0.03019859,-1.4134521484375
2024-06-13 05:00:00,1.804,6.275959553730191,1.8098168512168749,1.4196513,-1.1474189758300781
2024-06-13 06:00:00,24.214,15.313279734020371,23.704630345647303,23.377773,13.1761474609375
2024-06-13 07:00:00,63.06,56.49809171335263,63.609468644728594,63.84597,45.50247573852539
2024-06-13 08:00:00,104.74,107.8776367376818,105.9800728697418,104.99173,94.95722198486328
2024-06-13 09:00:00,141.624,146.4312790021312,143.1924963097467,142.82195,134.36959838867188
2024-06-13 10:00:00,168.97000000000003,173.08351207581862,168.49115307150507,169.85947,163.4600830078125
2024-06-13 11:00:00,185.56,186.80640393088606,186.86265928174248,186.30089,180.0736541748047
2024-06-13 12:00:00,199.756,189.2185526734657,191.0005833881551,191.0087,187.1207275390625
2024-06-13 13:00:00,190.2,191.66492321699664,186.54623353046895,184.67761,177.9486083984375
2024-06-13 14:00:00,169.306,161.22616410598133,167.07088408058132,166.32838,156.7471466064453
2024-06-13 15:00:00,136.824,128.67940056602237,135.02344876390273,133.63287,123.3494873046875
2024-06-13 16:00:00,94.21,90.94770173761853,95.18058487545781,94.50536,83.66862487792969
2024-06-13 17:00:00,50.68000000000001,49.726290621525095,49.48399495317004,49.35202,41.9677848815918
2024-06-13 18:00:00,13.436000000000002,16.460664786901226,13.202777002858626,13.638377,8.763351440429688
2024-06-13 19:00:00,0.0,-7.035146208804358,0.000411025307633552,0.29507467,-0.7096366882324219
2024-06-13 20:00:00,0.0,-3.283952322814865,1.1116151256018535e-05,-0.011432887,-1.0858993530273438
2024-06-13 21:00:00,0.0,1.0448686136101384,1.1116151256018535e-05,-0.018573707,-1.1267166137695312
2024-06-13 22:00:00,0.0,-0.8477733216729941,1.1116151256018535e-05,0.013549176,-1.1656303405761719
2024-06-13 23:00:00,0.0,1.628762969645856,1.1116151256018535e-05,0.013549176,-1.1201705932617188
2024-06-14 00:00:00,0.0,3.9463039145895085,1.1116151256018535e-05,-0.0012256134,-1.0744781494140625
2024-06-14 01:00:00,0.0,3.3261870170440773,1.1116151256018535e-05,-0.0010361333,-1.1091041564941406
2024-06-14 02:00:00,0.0,3.8214943643394284,1.1116151256018535e-05,0.020583017,-0.9955024719238281
2024-06-14 03:00:00,0.0,2.447124503346164,1.1116151256018535e-05,0.028549453,-1.274658203125
2024-06-14 04:00:00,0.0,2.3438312057658024,1.1116151256018535e-05,0.021782605,-1.5086708068847656
2024-06-14 05:00:00,1.804,6.324603518435614,1.800516026887946,1.3926064,-1.0448226928710938
2024-06-14 06:00:00,25.264,14.993414937086094,23.98471887236206,23.147007,12.89474868774414
2024-06-14 07:00:00,65.21000000000001,57.00563147900336,65.53024910081383,64.90567,43.075836181640625
2024-06-14 08:00:00,107.58,109.55793008597914,107.86808996681717,107.23698,96.3797607421875
2024-06-14 09:00:00,145.14,149.2880795473742,146.31459573036125,147.20181,136.77737426757812
2024-06-14 10:00:00,173.72400000000002,177.23010953010282,173.26659551630678,173.56184,164.61990356445312
2024-06-14 11:00:00,190.766,192.7556013327102,190.8768688132973,190.86133,180.2837371826172
2024-06-14 12:00:00,198.08,195.31929583258594,195.04423255196122,195.11852,186.7689208984375
2024-06-14 13:00:00,189.11,187.94489079975688,185.5524205671341,183.20445,177.7833251953125
2024-06-14 14:00:00,167.856,161.24406625585542,165.9620012867008,166.54141,153.83364868164062
2024-06-14 15:00:00,134.066,128.7524244265707,133.87126026739935,132.8079,122.63572692871094
2024-06-14 16:00:00,93.224,89.50455433237866,92.51891076651125,91.18157,84.15106964111328
2024-06-14 17:00:00,49.99,50.70711627581729,49.073606918427416,48.930206,42.035396575927734
2024-06-14 18:00:00,13.15,16.710320509022832,12.919853193075689,13.166592,9.225284576416016
2024-06-14 19:00:00,0.0,-6.8127377570735135,0.000411025307633552,0.29081953,-0.6543312072753906
2024-06-14 20:00:00,0.0,-3.8707467093352985,1.1116151256018535e-05,-0.022597088,-1.0876884460449219
2024-06-14 21:00:00,0.0,0.7721372090655051,1.1116151256018535e-05,-0.008761453,-1.0954132080078125
2024-06-14 22:00:00,0.0,-1.73068173560155,1.1116151256018535e-05,0.013549176,-1.1369705200195312
2024-06-14 23:00:00,0.0,0.8327778985770097,1.1116151256018535e-05,0.013549176,-1.1374359130859375
2024-06-15 00:00:00,0.0,3.3213941408732017,1.1116151256018535e-05,0.010591734,-1.1119461059570312
2024-06-15 01:00:00,0.0,3.97379034028923,1.1116151256018535e-05,0.003957858,-1.0505409240722656
2024-06-15 02:00:00,0.0,4.090739618158669,1.1116151256018535e-05,0.0023087212,-0.9389114379882812
2024-06-15 03:00:00,0.0,3.224326976143079,1.1116151256018535e-05,0.020393537,-1.142669677734375
2024-06-15 04:00:00,0.0,4.160880225017969,1.1116151256018535e-05,0.03019859,-1.5492095947265625
2024-06-15 05:00:00,1.7600000000000002,7.009187909283481,1.7999308991689231,1.4086658,-1.262237548828125
2024-06-15 06:00:00,24.65,14.642366344153467,23.450521239936723,23.313732,11.832733154296875
2024-06-15 07:00:00,63.98400000000001,55.69498839636818,63.98464734070233,64.0139,42.811767578125
2024-06-15 08:00:00,105.88,107.2516947458343,106.56755281616657,106.57854,95.18036651611328
2024-06-15 09:00:00,143.084,146.33260418775828,143.727891429654,143.82732,135.85498046875
2024-06-15 10:00:00,171.56,173.90906409946658,171.30856342013,172.11581,164.29881286621094
2024-06-15 11:00:00,188.584,190.4928694147234,187.80809833203202,186.52791,180.24900817871094
2024-06-15 12:00:00,192.894,193.58835092865328,193.21843240906125,193.25139,186.23207092285156
2024-06-15 13:00:00,184.6,182.16833785725927,182.6175020512821,181.37517,176.05859375
2024-06-15 14:00:00,162.57000000000002,158.1439409871117,162.42471514523928,162.08559,148.69602966308594
2024-06-15 15:00:00,130.39,124.55619444257295,129.05688725757574,128.68353,115.5614013671875
2024-06-15 16:00:00,90.69,87.39117227911078,89.44579180952381,89.3057,75.04019165039062
2024-06-15 17:00:00,47.724,49.414294220682926,47.70486426326137,47.61007,35.80541229248047
2024-06-15 18:00:00,12.47,15.188045022550101,12.648412150403713,12.876038,7.383762359619141
2024-06-15 19:00:00,0.0,-6.803920341791757,0.0003734303709246913,0.048504293,-0.81195068359375
2024-06-15 20:00:00,0.0,-3.9288727874614757,1.1116151256018535e-05,-0.0364031,-1.1649665832519531
2024-06-15 21:00:00,0.0,1.0907298745467533,1.1116151256018535e-05,-0.027701475,-1.191314697265625
2024-06-15 22:00:00,0.0,-0.9507754726875453,1.1116151256018535e-05,0.022005538,-1.1117286682128906
2024-06-15 23:00:00,0.0,0.4952780732561296,1.1116151256018535e-05,0.020508539,-0.9308357238769531
2024-06-16 00:00:00,0.0,2.1679364882553758,1.1116151256018535e-05,0.02052654,-0.9045906066894531
2024-06-16 01:00:00,0.0,3.529718278795207,1.1116151256018535e-05,0.0011007081,-0.9414176940917969
2024-06-16 02:00:00,0.0,5.41081273734224,1.1116151256018535e-05,0.0011007081,-0.8595123291015625
2024-06-16 03:00:00,0.0,5.482058576970055,1.1116151256018535e-05,0.010912964,-1.1607246398925781
2024-06-16 04:00:00,0.0,5.243518515947571,1.1116151256018535e-05,0.03091831,-1.37310791015625
2024-06-16 05:00:00,1.69,6.704913496508182,1.6967887278202654,1.4013995,-0.9847335815429688
2024-06-16 06:00:00,22.85,13.919383412678133,23.188192378787875,22.901167,11.242778778076172
2024-06-16 07:00:00,59.82000000000001,50.07918707164722,61.61571154271864,61.460545,44.22982406616211
2024-06-16 08:00:00,100.88,98.46624123409609,101.94314596806308,101.337715,95.32643127441406
2024-06-16 09:00:00,137.606,139.58734872975558,139.9130435396852,140.227,133.06900024414062
2024-06-16 10:00:00,165.71,168.68349981222127,168.5685173545582,166.99072,159.94610595703125
2024-06-16 11:00:00,182.144,184.86804191327292,184.46041070192794,184.4997,174.3384552001953
2024-06-16 12:00:00,179.84000000000003,186.92523824390452,188.39916149141908,188.50012,177.8281707763672
2024-06-16 13:00:00,171.884,166.80421337644609,165.77834176767675,171.1606,165.58364868164062
2024-06-16 14:00:00,152.824,146.6194358101066,148.9328279678226,150.78242,139.54539489746094
2024-06-16 15:00:00,119.634,117.12495186728785,118.38192638950923,118.746506,110.65254211425781
2024-06-16 16:00:00,80.676,78.71953410860473,79.86445865096015,80.115776,72.37113952636719
2024-06-16 17:00:00,41.44,43.52036376530061,40.21191896852465,40.580715,34.09221649169922
2024-06-16 18:00:00,11.5,13.524064213683054,11.22970643122281,11.258019,8.010990142822266
2024-06-16 19:00:00,0.0,-3.9874499549396516,0.00017669834478090043,-0.098220475,-0.6056442260742188
2024-06-16 20:00:00,0.0,-3.1172918683904047,1.1116151256018535e-05,-0.019392515,-1.0236434936523438
2024-06-16 21:00:00,0.0,1.7162120486824641,1.1116151256018535e-05,-0.030004203,-1.0235366821289062
2024-06-16 22:00:00,0.0,-0.5985384120961048,1.1116151256018535e-05,-0.020001909,-1.0684242248535156
2024-06-16 23:00:00,0.0,1.2975164274701632,1.1116151256018535e-05,0.013567177,-1.0697593688964844
2024-06-17 00:00:00,0.0,2.8729384993704956,1.1116151256018535e-05,0.013567177,-1.0380516052246094
2024-06-17 01:00:00,0.0,4.052951493940741,1.1116151256018535e-05,0.02337943,-1.0803146362304688
2024-06-17 02:00:00,0.0,3.6324950326626864,1.1116151256018535e-05,0.025761457,-0.8623886108398438
2024-06-17 03:00:00,0.0,2.571552307100971,1.1116151256018535e-05,-0.0047368193,-0.9743461608886719
2024-06-17 04:00:00,0.0,3.459729330723384,1.1116151256018535e-05,-0.0047368193,-1.201904296875
2024-06-17 05:00:00,1.59,7.084876630649749,1.447946608797945,1.2711575,-1.4367752075195312
2024-06-17 06:00:00,21.776,14.992873727508899,20.56140595524684,21.13358,9.796710968017578
2024-06-17 07:00:00,58.13400000000001,49.144475433144315,57.63330596711639,57.905033,39.645816802978516
2024-06-17 08:00:00,99.676,97.21509070733987,100.055601638561,99.988495,90.26278686523438
2024-06-17 09:00:00,137.456,139.59480675024048,138.13427769650636,139.96225,129.99737548828125
2024-06-17 10:00:00,166.57600000000002,169.20090940735855,168.13254109342066,167.84705,156.62991333007812
2024-06-17 11:00:00,184.06600000000003,185.24588094428978,183.23024494432244,182.29918,173.48760986328125
2024-06-17 12:00:00,190.7,188.13973239202141,190.05565865890392,188.89882,179.78143310546875
2024-06-17 13:00:00,181.81600000000003,179.33142868941096,178.52685208518258,175.63095,167.70220947265625
2024-06-17 14:00:00,160.156,153.60191275477646,158.54718013629395,160.47798,145.19668579101562
2024-06-17 15:00:00,127.9,121.38097609056479,125.61071999999996,127.37064,113.510009765625
2024-06-17 16:00:00,88.46000000000001,85.00342768725022,87.74825026451326,88.79214,73.04917907714844
2024-06-17 17:00:00,46.976,48.41699350989698,46.20826565568337,45.60896,35.572628021240234
2024-06-17 18:00:00,12.676000000000002,16.490387124942544,12.646644230420986,12.234688,7.518619537353516
2024-06-17 19:00:00,0.0,-4.956239124251178,0.000411025307633552,0.34736127,-0.8026237487792969
2024-06-17 20:00:00,0.0,-3.335294865046916,1.1116151256018535e-05,0.0059751873,-1.1204261779785156
2024-06-17 21:00:00,0.0,1.628747018383181,1.1116151256018535e-05,-0.044580113,-1.1053314208984375
2024-06-17 22:00:00,0.0,-0.7569789966179101,1.1116151256018535e-05,0.006402852,-1.1472854614257812
2024-06-17 23:00:00,0.0,1.5764240492141752,1.1116151256018535e-05,0.036598984,-1.1888542175292969
2024-06-18 00:00:00,0.0,3.3982451963722116,1.1116151256018535e-05,0.016745554,-1.2203865051269531
2024-06-18 01:00:00,0.0,3.385521561946742,1.1116151256018535e-05,0.016745554,-1.2801055908203125
2024-06-18 02:00:00,0.0,2.6312969557078114,1.1116151256018535e-05,0.027291246,-1.1710090637207031
2024-06-18 03:00:00,0.0,2.146167068272131,1.1116151256018535e-05,-0.057890337,-1.2827949523925781
2024-06-18 04:00:00,0.0,3.1677297417237966,1.1116151256018535e-05,0.008831961,-1.4537200927734375
2024-06-18 05:00:00,1.6960000000000002,6.407964330880304,1.5176810401921923,1.3214341,-1.21502685546875
2024-06-18 06:00:00,24.58,13.909227095324066,23.335524938695702,22.250738,9.812416076660156
2024-06-18 07:00:00,63.620000000000005,54.05637630650289,64.04647830064935,64.33107,36.727779388427734
2024-06-18 08:00:00,105.966,106.02424058087735,106.00790448799864,104.49544,91.67143249511719
2024-06-18 09:00:00,143.756,147.4744673072244,143.0752801080495,142.83337,132.97848510742188
2024-06-18 10:00:00,172.716,175.48913028148772,171.5755221404537,171.66046,159.30557250976562
2024-06-18 11:00:00,190.176,191.17531773449153,189.5561303017373,189.7081,175.70956420898438
2024-06-18 12:00:00,196.224,193.8928097373956,194.152870038496,192.74344,182.69081115722656
2024-06-18 13:00:00,186.74400000000003,184.13424377602004,184.68466158577792,181.92395,173.13900756835938
2024-06-18 14:00:00,163.934,158.50175214279838,164.9466282910532,165.11569,148.31349182128906
2024-06-18 15:00:00,130.276,125.39092905530848,129.24059688095238,130.15955,116.1151123046875
2024-06-18 16:00:00,89.19,87.10937865129887,88.32691512121211,89.54275,77.64454650878906
2024-06-18 17:00:00,46.330000000000005,48.325430053625546,46.45089693280588,45.859028,37.247642517089844
2024-06-18 18:00:00,12.124,15.23665795275329,12.113161072662,11.905042,6.258144378662109
2024-06-18 19:00:00,0.0,-5.506044706780291,0.00017669834478090043,-0.13827169,-0.847869873046875
2024-06-18 20:00:00,0.0,-3.389539204569636,1.1116151256018535e-05,0.0008701401,-1.1555671691894531
2024-06-18 21:00:00,0.0,1.0510635314975616,1.1116151256018535e-05,0.024237705,-1.1315879821777344
2024-06-18 22:00:00,0.0,-1.3534522128246609,1.1116151256018535e-05,0.033872318,-1.1655654907226562
2024-06-18 23:00:00,0.0,0.7108456267397031,1.1116151256018535e-05,0.016745554,-1.1803321838378906
2024-06-19 00:00:00,0.0,2.317341827261564,1.1116151256018535e-05,-0.0012256134,-1.2242050170898438
2024-06-19 01:00:00,0.0,2.8285269853707597,1.1116151256018535e-05,-0.23385884,-1.3248481750488281
2024-06-19 02:00:00,0.0,2.635722064236843,1.1116151256018535e-05,-0.15898314,-1.2210617065429688
2024-06-19 03:00:00,0.0,2.2095038637663653,1.1116151256018535e-05,-0.012647302,-1.3794364929199219
2024-06-19 04:00:00,0.0,2.6067109634714405,1.1116151256018535e-05,-0.018668782,-1.4323806762695312
2024-06-19 05:00:00,1.6,6.113246404068379,1.597458195409203,1.320461,-0.9108734130859375
2024-06-19 06:00:00,22.214,13.966489076127642,21.12310265935113,21.83364,10.863086700439453
2024-06-19 07:00:00,59.816,51.46181113297121,60.46686897036028,58.185287,36.50202178955078
2024-06-19 08:00:00,100.976,102.30719441385037,102.15979791371325,101.16305,86.070068359375
2024-06-19 09:00:00,138.19000000000003,142.04834934079457,139.87807315442643,140.40512,128.49790954589844
2024-06-19 10:00:00,166.81,169.94826865169819,168.4787070863644,167.74129,155.189208984375
2024-06-19 11:00:00,183.75,186.03476682941348,184.6080084867442,184.59685,171.22386169433594
2024-06-19 12:00:00,190.006,188.93729120990238,190.73533933497393,191.79652,176.95082092285156
2024-06-19 13:00:00,179.37,180.3863346825287,178.3015533333334,178.10847,166.8573455810547
2024-06-19 14:00:00,155.976,153.06752359472458,156.86797137399742,154.52983,142.27783203125
2024-06-19 15:00:00,121.634,119.27542364161957,120.67913733330224,121.95353,107.9154052734375
2024-06-19 16:00:00,80.71600000000001,80.35236837592521,80.7031690300226,81.18984,69.44046020507812
2024-06-19 17:00:00,39.976,41.51022887648557,40.01058015367163,40.421005,33.34865951538086
2024-06-19 18:00:00,10.58,11.07936438091061,10.939756025211043,10.509703,5.278907775878906
2024-06-19 19:00:00,0.0,-4.89973043085685,0.00017669834478090043,-0.038395055,-0.8123054504394531
2024-06-19 20:00:00,0.0,-3.1067426152056736,1.1116151256018535e-05,0.009991335,-1.1243896484375
2024-06-19 21:00:00,0.0,-0.1535385548577164,1.1116151256018535e-05,0.063361764,-1.1186294555664062
2024-06-19 22:00:00,0.0,-1.6704150340803419,1.1116151256018535e-05,0.024912944,-1.1139678955078125
2024-06-19 23:00:00,0.0,0.61325088413415,1.1116151256018535e-05,0.012143247,-1.1581573486328125
2024-06-20 00:00:00,0.0,1.783132896215485,1.1116151256018535e-05,0.022162158,-1.2363433837890625
2024-06-20 01:00:00,0.0,0.3924020332064273,1.1116151256018535e-05,0.0023087212,-1.3312606811523438
2024-06-20 02:00:00,0.0,0.33200880897460827,1.1116151256018535e-05,0.017172042,-1.2706031799316406
2024-06-20 03:00:00,0.0,0.6127097402366243,1.1116151256018535e-05,0.026864452,-1.648223876953125
2024-06-20 04:00:00,0.0,3.142689429302564,1.1116151256018535e-05,0.014914141,-1.8087081909179688
2024-06-20 05:00:00,1.436,7.958855330214825,1.447408189424189,1.2656049,-0.8784637451171875
2024-06-20 06:00:00,20.576,16.347290481000055,19.741661414366014,19.945332,12.11246109008789
2024-06-20 07:00:00,52.834,50.471006010422485,56.27498454669026,55.04118,39.533660888671875
2024-06-20 08:00:00,92.27,93.28057534751437,92.85705857407137,92.424995,84.94281768798828
2024-06-20 09:00:00,129.93,132.3917631541564,131.52202244538609,130.34761,122.004638671875
2024-06-20 10:00:00,159.94000000000003,162.45554125160965,160.9670472682033,161.6502,150.43312072753906
2024-06-20 11:00:00,178.62400000000002,181.02887744565805,177.9618769689541,177.7001,168.98519897460938
2024-06-20 12:00:00,185.144,186.08312889043458,188.75746284348355,187.54689,176.3919677734375
2024-06-20 13:00:00,175.06,177.05041577844682,172.48141982260867,174.38342,167.1906280517578
2024-06-20 14:00:00,152.19400000000002,150.0046686525406,151.2179331920821,152.5601,143.41224670410156
2024-06-20 15:00:00,118.044,116.52499709422744,116.56118493669659,117.05292,107.98240661621094
2024-06-20 16:00:00,78.49000000000001,77.62725314959738,76.5518645027166,78.0943,68.06806945800781
2024-06-20 17:00:00,39.64,40.853217647243355,38.76397072686234,37.468422,31.395376205444336
2024-06-20 18:00:00,10.856000000000002,11.733037164696547,10.635783526175828,10.64739,4.718849182128906
2024-06-20 19:00:00,0.0,-4.420916350464937,0.00017669834478090043,-0.05435625,-0.8388442993164062
2024-06-20 20:00:00,0.0,-3.0377686542000992,1.1116151256018535e-05,0.066062145,-1.1300392150878906
2024-06-20 21:00:00,0.0,-0.2484358446446706,1.1116151256018535e-05,0.033316694,-1.1451225280761719
2024-06-20 22:00:00,0.0,-2.5279907479384987,1.1116151256018535e-05,0.027639244,-1.1844062805175781
2024-06-20 23:00:00,0.0,-0.11323306618570639,1.1116151256018535e-05,0.00896487,-1.1873741149902344
2024-06-21 00:00:00,0.0,1.818844940577165,1.1116151256018535e-05,0.010591734,-1.2446098327636719
2024-06-21 01:00:00,0.0,0.5442609751534891,1.1116151256018535e-05,-0.01126374,-1.3348579406738281
2024-06-21 02:00:00,0.0,0.1629654082562788,1.1116151256018535e-05,0.017059406,-1.1196746826171875
2024-06-21 03:00:00,0.0,0.1740492236941087,1.1116151256018535e-05,0.0023472896,-1.260101318359375
2024-06-21 04:00:00,0.0,1.9953733994603953,1.1116151256018535e-05,0.026674973,-1.4446029663085938
2024-06-21 05:00:00,1.4240000000000002,6.537702524405388,1.4279615033426263,1.278667,-1.2872161865234375
2024-06-21 06:00:00,18.864,15.821673426175572,18.21832675817241,19.498222,9.110370635986328
2024-06-21 07:00:00,50.870000000000005,47.457302004270126,52.056459789963995,51.48023,35.61186599731445
2024-06-21 08:00:00,88.924,89.99563318103759,90.44851432566367,89.871414,79.38005828857422
2024-06-21 09:00:00,125.394,127.59022229964441,128.17523527971522,127.48851,119.35552978515625
2024-06-21 10:00:00,156.99,156.83281210018365,153.02476127447125,154.28929,147.1248016357422
2024-06-21 11:00:00,174.05,178.1359115825847,175.77721750594125,174.40567,163.02047729492188
2024-06-21 12:00:00,170.08,180.51299258533675,177.677726449381,181.53012,166.71127319335938
2024-06-21 13:00:00,153.07000000000002,158.8856753744327,162.38749671551142,160.21802,152.6882781982422
2024-06-21 14:00:00,138.57000000000002,130.11691634537473,138.16355562044794,135.55463,121.98420715332031
2024-06-21 15:00:00,106.134,110.11912756265423,100.37558462478502,101.51559,90.09269714355469
2024-06-21 16:00:00,69.416,69.39032518777438,64.89219463976904,66.00931,58.204750061035156
2024-06-21 17:00:00,32.980000000000004,35.674759137155974,33.629881036234245,32.281654,26.134567260742188
2024-06-21 18:00:00,9.134,8.314498522081323,8.703647096247277,8.846263,5.080646514892578
2024-06-21 19:00:00,0.0,-2.7721997911610456,0.00017669834478090043,-0.05596848,-0.9123458862304688
2024-06-21 20:00:00,0.0,-2.150264355344024,1.1116151256018535e-05,0.0084517645,-1.22882080078125
2024-06-21 21:00:00,0.0,0.7102816752729638,1.1116151256018535e-05,-0.004666702,-1.1927528381347656
2024-06-21 22:00:00,0.0,-0.711314329845421,1.1116151256018535e-05,-0.008493119,-1.0623092651367188
2024-06-21 23:00:00,0.0,-1.4792873488030969,1.1116151256018535e-05,0.005814016,-0.9873313903808594
2024-06-22 00:00:00,0.0,-1.6530210312585725,1.1116151256018535e-05,-0.013593817,-1.05120849609375
2024-06-22 01:00:00,0.0,-1.3773967959391995,1.1116151256018535e-05,0.0011007081,-1.1288414001464844
2024-06-22 02:00:00,0.0,0.3077718372260345,1.1116151256018535e-05,0.0011007081,-0.9700660705566406
2024-06-22 03:00:00,0.0,0.07912577388954833,1.1116151256018535e-05,0.0011007081,-1.1744575500488281
2024-06-22 04:00:00,0.0,3.0366124890229633,1.1116151256018535e-05,0.23852888,-1.49066162109375
2024-06-22 05:00:00,1.31,7.144663780887933,1.3185033949195764,1.1921812,-1.9649276733398438
2024-06-22 06:00:00,16.130000000000003,14.885991742234015,18.510796409910203,18.59793,8.605094909667969
2024-06-22 07:00:00,42.96000000000001,41.70008086582478,43.07285635547536,42.48249,36.93003845214844
2024-06-22 08:00:00,77.59,76.99674765430632,78.59320655846896,76.94014,73.55707550048828
2024-06-22 09:00:00,111.31,111.0765395417427,113.28198416172305,110.85569,104.93641662597656
2024-06-22 10:00:00,138.776,137.95367302213634,142.28638374628068,138.73013,133.27560424804688
2024-06-22 11:00:00,159.024,155.79284254775692,153.96399108356812,153.66727,146.61227416992188
2024-06-22 12:00:00,158.46,166.49512457205893,157.6402400758518,156.98976,141.90225219726562
2024-06-22 13:00:00,123.144,149.4440937945073,143.8740985198009,145.612,128.97799682617188
2024-06-22 14:00:00,97.2,97.81637745817869,109.35019679733158,102.615074,100.39204406738281
2024-06-22 15:00:00,72.096,75.31348583861379,66.71022664935063,64.85292,45.72406768798828
2024-06-22 16:00:00,38.714,50.244119468089636,40.64362893939394,39.108166,23.47764015197754
2024-06-22 17:00:00,19.86,18.82062307186382,20.001889346100754,20.726519,13.371295928955078
2024-06-22 18:00:00,6.29,10.288043023175915,5.043994822055137,4.986127,3.9135665893554688
2024-06-22 19:00:00,0.0,0.47065462877365793,1.1116151256018535e-05,-0.0895317,-0.41420745849609375
2024-06-22 20:00:00,0.0,-1.33758461746362,1.1116151256018535e-05,0.021940438,-0.8995132446289062
2024-06-22 21:00:00,0.0,0.17770914806302174,1.1116151256018535e-05,0.026547566,-0.9778900146484375
2024-06-22 22:00:00,0.0,-0.8924075710008541,1.1116151256018535e-05,0.007855191,-0.9807701110839844
2024-06-22 23:00:00,0.0,-0.3113858789070487,1.1116151256018535e-05,0.0078731915,-0.9692420959472656
2024-06-23 00:00:00,0.0,-2.4620444481476054,1.1116151256018535e-05,0.0078731915,-0.9694938659667969
2024-06-23 01:00:00,0.0,-5.024932861884659,1.1116151256018535e-05,0.022180324,-0.9293594360351562
2024-06-23 02:00:00,0.0,-1.704881076420898,1.1116151256018535e-05,0.022180324,-0.6748580932617188
2024-06-23 03:00:00,0.0,-0.11851194207778137,1.1116151256018535e-05,0.022796057,-0.5602149963378906
2024-06-23 04:00:00,0.0,2.0136352394937793,1.1116151256018535e-05,0.01939981,-0.8166694641113281
2024-06-23 05:00:00,1.2060000000000002,7.981004231779875,1.3220187435252564,1.1979439,-1.1042251586914062
2024-06-23 06:00:00,15.864,13.90362894668151,18.86322769964597,19.336008,8.488876342773438
2024-06-23 07:00:00,44.510000000000005,38.924405640077616,44.86903463374841,46.116707,38.22702407836914
2024-06-23 08:00:00,80.70400000000001,75.44843962699235,85.31925163892848,83.87736,76.2269515991211
2024-06-23 09:00:00,118.39,113.07967667852554,116.39046417647515,116.591675,112.13226318359375
2024-06-23 10:00:00,149.256,144.12958399489244,146.53272665637064,145.92319,144.4235382080078
2024-06-23 11:00:00,167.94000000000003,165.6349017294919,157.17401083235117,161.62129,160.60281372070312
2024-06-23 12:00:00,188.63,171.72574875369557,164.93519464311234,167.16685,161.73812866210938
2024-06-23 13:00:00,177.866,182.34405376885672,167.16819261971833,164.57721,147.6417999267578
2024-06-23 14:00:00,154.13,147.12183562702214,152.39853103202708,147.9258,128.3427276611328
2024-06-23 15:00:00,121.13,113.85923510789229,116.67547520779225,120.24449,93.3770751953125
2024-06-23 16:00:00,83.43400000000001,79.13470856673999,78.83043682173383,79.21898,54.003028869628906
2024-06-23 17:00:00,42.81,46.80871122776803,42.26913096635435,41.680485,24.229291915893555
2024-06-23 18:00:00,11.994,16.009723210210993,11.689127306520136,10.464273,7.284526824951172
2024-06-23 19:00:00,0.0,-3.116563074540826,0.00017669834478090043,0.13914649,-0.5124588012695312
2024-06-23 20:00:00,0.0,-3.5976810979624094,1.1116151256018535e-05,0.04676431,-1.1032943725585938
2024-06-23 21:00:00,0.0,1.0524114762068215,1.1116151256018535e-05,0.020545105,-0.9729499816894531
2024-06-23 22:00:00,0.0,-0.1189409653232758,1.1116151256018535e-05,0.013088537,-0.9333267211914062
2024-06-23 23:00:00,0.0,2.3455519262475053,1.1116151256018535e-05,0.017531421,-0.9236297607421875
2024-06-24 00:00:00,0.0,4.998150587566535,1.1116151256018535e-05,0.013146176,-0.9336090087890625
2024-06-24 01:00:00,0.0,2.884421367229371,1.1116151256018535e-05,0.025192743,-0.9146575927734375
2024-06-24 02:00:00,0.0,4.055698155094678,1.1116151256018535e-05,0.025192743,-0.6949806213378906
2024-06-24 03:00:00,0.0,4.2222518800049205,1.1116151256018535e-05,0.025192743,-0.8012847900390625
2024-06-24 04:00:00,0.0,5.609484529933544,1.1116151256018535e-05,0.02052654,-0.9620857238769531
2024-06-24 05:00:00,1.436,8.097711569585375,1.3987647186462715,1.24117,-1.4940338134765625
2024-06-24 06:00:00,20.86,14.416567415321381,19.5231257501955,20.316717,6.589633941650391
2024-06-24 07:00:00,55.32000000000001,47.77377741331724,56.59462990572088,56.937763,33.608184814453125
2024-06-24 08:00:00,95.504,92.90419907784255,96.2442831378276,96.823074,84.65147399902344
2024-06-24 09:00:00,132.384,132.83729723213216,133.47664334800874,133.45511,124.04534912109375
2024-06-24 10:00:00,160.29000000000002,161.74528512552644,159.43017866216758,158.78082,153.38607788085938
2024-06-24 11:00:00,175.94400000000002,176.72922268037524,173.26373240377364,171.06033,171.10350036621094
2024-06-24 12:00:00,158.84000000000003,179.9213109766213,178.7652145858914,178.949,168.6206512451172
2024-06-24 13:00:00,146.524,142.2102690771122,147.5291368806483,147.95796,154.03695678710938
2024-06-24 14:00:00,125.56,125.16125836311681,121.57989043372314,125.250374,114.52749633789062
2024-06-24 15:00:00,99.884,93.63962874020669,94.27933790014477,88.53979,68.20437622070312
2024-06-24 16:00:00,65.48400000000001,65.59533980856543,62.18555486772486,63.43278,40.37222671508789
2024-06-24 17:00:00,32.72,33.88121782341758,27.667180446993758,27.186794,18.8349666595459
2024-06-24 18:00:00,9.666,10.352631166826672,8.14212839891127,8.868391,5.213237762451172
2024-06-24 19:00:00,0.0,-2.163846790989124,0.00017669834478090043,-0.07161564,-0.48143768310546875
2024-06-24 20:00:00,0.0,-2.629106075037601,1.1116151256018535e-05,0.22159967,-1.0367813110351562
2024-06-24 21:00:00,0.0,-1.216875285120953,1.1116151256018535e-05,0.035424687,-0.9099540710449219
2024-06-24 22:00:00,0.0,-4.01240573194883,1.1116151256018535e-05,0.015895877,-0.9087791442871094
2024-06-24 23:00:00,0.0,-1.9706380521198952,1.1116151256018535e-05,-0.0027964984,-0.8551406860351562
2024-06-25 00:00:00,0.0,-0.9005849196398437,1.1116151256018535e-05,-0.0027964984,-0.793182373046875
2024-06-25 01:00:00,0.0,2.6454618635689737,1.1116151256018535e-05,0.008871549,-0.6828880310058594
2024-06-25 02:00:00,0.0,4.300869829262071,1.1116151256018535e-05,0.02052654,-0.4803886413574219
2024-06-25 03:00:00,0.0,5.209037785979698,1.1116151256018535e-05,0.025192743,-0.6812705993652344
2024-06-25 04:00:00,0.0,6.463377094556292,1.1116151256018535e-05,0.02052654,-1.0807914733886719
2024-06-25 05:00:00,1.136,10.134318873133704,1.3190920366815055,1.1947199,-0.13651657104492188
2024-06-25 06:00:00,17.0,16.52092153219152,18.93558193268622,19.538225,14.593254089355469
2024-06-25 07:00:00,46.95,44.8659099473868,50.70495049444705,49.618088,39.95260238647461
2024-06-25 08:00:00,84.924,83.75007647636923,88.9462826556825,91.09623,67.46055603027344
2024-06-25 09:00:00,121.62,121.62322317144086,118.83336360666084,122.88512,96.99282836914062
2024-06-25 10:00:00,151.19000000000003,150.44075987332855,152.215691383517,151.91441,134.25326538085938
2024-06-25 11:00:00,167.59000000000003,167.73137765871226,165.37858673890307,162.25354,159.130126953125
2024-06-25 12:00:00,167.92000000000002,171.96565094176523,167.47518601407475,160.47215,159.14028930664062
2024-06-25 13:00:00,155.384,157.0514134978777,154.8142935512608,152.57811,135.2337188720703
2024-06-25 14:00:00,109.684,130.1722558666123,127.32600780299639,130.64441,100.92886352539062
2024-06-25 15:00:00,81.354,70.68370379589666,79.72228700757576,79.649376,76.90960693359375
2024-06-25 16:00:00,47.78,51.79950862047058,43.324224873245505,42.948578,38.3260498046875
2024-06-25 17:00:00,22.756,22.82536859395998,20.66609361307823,21.07919,14.142406463623047
2024-06-25 18:00:00,6.370000000000001,8.54291629310897,5.780702078144078,5.2243013,2.1374244689941406
2024-06-25 19:00:00,0.0,0.01893396572428596,5.6790891740447614e-05,-0.1061927,-0.6856956481933594
2024-06-25 20:00:00,0.0,0.24370644556545917,1.1116151256018535e-05,0.053807307,-0.9344978332519531
2024-06-25 21:00:00,0.0,0.5059644447046381,1.1116151256018535e-05,-0.053527683,-0.8774795532226562
2024-06-25 22:00:00,0.0,-2.0452798742834797,1.1116151256018535e-05,0.015895877,-0.8661270141601562
2024-06-25 23:00:00,0.0,-1.0318154567786242,1.1116151256018535e-05,0.12182426,-0.76849365234375
2024-06-26 00:00:00,0.0,-0.7139699981303274,1.1116151256018535e-05,-0.0027964984,-0.7212715148925781
2024-06-26 01:00:00,0.0,-1.5081835520842777,1.1116151256018535e-05,0.0062194094,-0.6726646423339844
2024-06-26 02:00:00,0.0,-1.375211505348089,1.1116151256018535e-05,0.02258308,-0.5004959106445312
2024-06-26 03:00:00,0.0,2.9168787517722383,1.1116151256018535e-05,0.02258308,-0.6624259948730469
2024-06-26 04:00:00,0.0,4.515690481206727,1.1116151256018535e-05,0.032395333,-0.8120880126953125
2024-06-26 05:00:00,0.894,8.320545048097168,1.2849181370344993,1.1819504,-0.6894187927246094
2024-06-26 06:00:00,11.81,13.843089912777902,17.022389468986578,16.3652,8.988922119140625
2024-06-26 07:00:00,27.010000000000005,32.45729946788353,37.49469459981514,34.255413,30.71622085571289
2024-06-26 08:00:00,44.536,53.73120770517315,50.41980792565889,49.640003,56.38911056518555
2024-06-26 09:00:00,66.27000000000001,71.20321530014076,63.914564196671016,60.032154,58.804012298583984
2024-06-26 10:00:00,87.154,90.2553240608708,83.3083441115181,85.22204,68.71580505371094
2024-06-26 11:00:00,88.316,104.36043314711952,103.30928766635783,105.44821,94.29037475585938
2024-06-26 12:00:00,78.71600000000001,91.5411933757203,98.73690035945334,95.5735,117.14042663574219
2024-06-26 13:00:00,104.55,73.7336930428294,79.73725240874245,81.6499,107.4747543334961
2024-06-26 14:00:00,102.47,106.3789039586265,87.91798439701043,91.93975,86.17425537109375
2024-06-26 15:00:00,90.18,82.80155876404027,73.66567368250143,73.64354,61.579612731933594
2024-06-26 16:00:00,55.846,58.32230063549021,58.60832353361343,57.210033,39.388648986816406
2024-06-26 17:00:00,27.34,22.215580456480108,26.318231301150036,24.893114,22.546186447143555
2024-06-26 18:00:00,8.444,6.209203686572221,7.703762264399893,6.6019998,8.425163269042969
2024-06-26 19:00:00,0.0,-1.6532544776232374,0.011311116151256016,0.09894506,0.8497505187988281
2024-06-26 20:00:00,0.0,-4.407806800639606,1.1116151256018535e-05,0.00044464302,-0.4858436584472656
2024-06-26 21:00:00,0.0,-1.5649326948205706,1.1116151256018535e-05,0.0051368903,-0.7345466613769531
2024-06-26 22:00:00,0.0,-3.8773612688480297,1.1116151256018535e-05,0.015544631,-0.7265510559082031
2024-06-26 23:00:00,0.0,-1.893905113098762,1.1116151256018535e-05,0.13084017,-0.6612167358398438
2024-06-27 00:00:00,0.0,2.383845105746003,1.1116151256018535e-05,0.1328967,-0.7085304260253906
2024-06-27 01:00:00,0.0,5.710398655899157,1.1116151256018535e-05,0.020133471,-0.7501754760742188
2024-06-27 02:00:00,0.0,1.3531842553268982,1.1116151256018535e-05,0.023311848,-0.5984535217285156
2024-06-27 03:00:00,0.0,-0.6270799055998197,1.1116151256018535e-05,0.025219157,-0.585235595703125
2024-06-27 04:00:00,0.0,-0.4417961846541094,1.1116151256018535e-05,0.035024207,-0.2922401428222656
2024-06-27 05:00:00,1.01,4.63379533900945,1.2596301904977028,1.1703862,0.7423210144042969
2024-06-27 06:00:00,14.456,13.05889224340424,16.48016015238095,17.566343,9.112030029296875
2024-06-27 07:00:00,40.696,38.76556201395623,42.605939774545476,42.534737,29.337671279907227
2024-06-27 08:00:00,76.67999999999999,73.56044856720754,72.37751184028781,71.196754,71.12730407714844
2024-06-27 09:00:00,112.176,111.3562307007169,110.90691449863897,107.7325,106.79811096191406
2024-06-27 10:00:00,123.584,139.82967004448815,135.83238765575214,139.16138,140.43844604492188
2024-06-27 11:00:00,126.094,134.60151228779338,137.26436874083316,135.06647,162.4622344970703
2024-06-27 12:00:00,110.41,127.12303282642395,125.80268522213471,126.43102,161.35279846191406
2024-06-27 13:00:00,73.77000000000001,101.1853254835008,109.27377223862432,113.408455,123.26011657714844
2024-06-27 14:00:00,60.760000000000005,58.03694203525025,71.95804851540616,72.092995,88.61886596679688
2024-06-27 15:00:00,44.66,53.51044385940063,31.62413233333332,35.330795,51.22259521484375
2024-06-27 16:00:00,46.22,33.521890325125824,26.536479928571435,24.040455,27.229171752929688
2024-06-27 17:00:00,24.364,35.68909038039298,21.745970151515152,20.391937,11.684707641601562
2024-06-27 18:00:00,7.644,5.104429314962744,6.497294949217447,3.8423398,1.1960334777832031
2024-06-27 19:00:00,0.0,-4.301983402115161,0.11017111615125603,-0.0873687,-0.5269775390625
2024-06-27 20:00:00,0.0,-3.5573026539747463,1.1116151256018535e-05,0.12004975,-0.7989959716796875
2024-06-27 21:00:00,0.0,-1.5505207230202709,1.1116151256018535e-05,0.055223603,-0.7494964599609375
2024-06-27 22:00:00,0.0,-3.2776633615120776,1.1116151256018535e-05,-0.05334005,-0.82080078125
2024-06-27 23:00:00,0.0,-3.0850894747919773,1.1116151256018535e-05,-0.0121516995,-0.9930801391601562
2024-06-28 00:00:00,0.0,-2.6472651980303956,1.1116151256018535e-05,-0.105698965,-1.1699600219726562
2024-06-28 01:00:00,0.0,-3.018588155225144,1.1116151256018535e-05,0.14987613,-1.2700729370117188
2024-06-28 02:00:00,0.0,1.2914232334685996,1.1116151256018535e-05,0.2288041,-1.4175987243652344
2024-06-28 03:00:00,0.0,2.8899592444162128,1.1116151256018535e-05,-0.038314145,-1.2896652221679688
2024-06-28 04:00:00,0.0,7.164071125168112,1.1116151256018535e-05,-0.031126773,-1.5533103942871094
2024-06-28 05:00:00,1.106,7.8957291677589865,1.1342856729725257,1.1127372,0.7621650695800781
2024-06-28 06:00:00,11.266,15.238398325740722,17.651956143939397,17.627481,16.909122467041016
2024-06-28 07:00:00,26.376,33.92535276018627,29.61771586811676,27.52961,32.8597412109375
2024-06-28 08:00:00,44.246,51.90317722989363,42.78546007203039,39.320866,36.45760726928711
2024-06-28 09:00:00,60.076,67.4802408505164,61.02910362732703,57.67077,39.18154525756836
2024-06-28 10:00:00,75.14,78.07250090412825,66.80921920454546,74.19381,52.47638702392578
2024-06-28 11:00:00,96.76,88.01385147205943,72.79525224047623,74.79186,63.454071044921875
2024-06-28 12:00:00,101.696,106.25655767756581,104.50600673974881,103.45798,89.75944519042969
2024-06-28 13:00:00,114.644,96.89886426885172,101.5178408889482,99.1297,127.99732971191406
2024-06-28 14:00:00,109.08,103.63883631130597,108.51605215716616,99.016,104.86888122558594
2024-06-28 15:00:00,81.88400000000001,84.63533023614823,83.89031733333331,86.90738,67.2549057006836
2024-06-28 16:00:00,35.146,49.43383604249731,54.90835081285381,54.941032,40.5391960144043
2024-06-28 17:00:00,20.0,7.155307862305195,12.227065504751504,12.875737,18.173261642456055
2024-06-28 18:00:00,5.920000000000001,9.669416692078578,4.743870361111109,3.6819642,5.394969940185547
2024-06-28 19:00:00,0.0,-2.047542795850419,0.024911116151256026,0.027333666,0.0181427001953125
2024-06-28 20:00:00,0.0,-4.390047591246219,1.1116151256018535e-05,0.022905173,-1.2359695434570312
2024-06-28 21:00:00,0.0,-1.4267918231727679,1.1116151256018535e-05,0.03777113,-1.4161758422851562
2024-06-28 22:00:00,0.0,0.7599116029820044,1.1116151256018535e-05,0.022790663,-1.4444236755371094
2024-06-28 23:00:00,0.0,4.833490595853151,1.1116151256018535e-05,0.022790663,-1.40032958984375
2024-06-29 00:00:00,0.0,4.246855033765254,1.1116151256018535e-05,0.022790663,-1.3915328979492188
2024-06-29 01:00:00,0.0,4.225409953875909,1.1116151256018535e-05,0.024552835,-1.4183807373046875
2024-06-29 02:00:00,0.0,1.1928170022351101,1.1116151256018535e-05,0.022408267,-1.4612350463867188
2024-06-29 03:00:00,0.0,-1.909640096454818,1.1116151256018535e-05,0.010162591,-1.1525459289550781
2024-06-29 04:00:00,0.0,-1.525919639331042,1.1116151256018535e-05,0.0033883073,-1.07623291015625
2024-06-29 05:00:00,1.156,6.328440050936429,1.169362576652882,1.1341732,-1.0531005859375
2024-06-29 06:00:00,18.576,11.076743789308177,16.924238961399716,16.60591,4.596942901611328
2024-06-29 07:00:00,51.58,40.346465993318596,49.927517681730166,49.943443,27.52025604248047
2024-06-29 08:00:00,91.03,82.59032167808712,90.71558612199468,91.13836,76.25747680664062
2024-06-29 09:00:00,125.69400000000002,122.51292517241734,122.4636109599122,126.12906,126.04470825195312
2024-06-29 10:00:00,152.394,150.35815390009157,145.91698947756396,142.68729,156.4326171875
2024-06-29 11:00:00,175.68,166.71518083376645,166.45836240415417,167.05583,172.47129821777344
2024-06-29 12:00:00,148.316,179.92264629561782,176.0969033119632,176.66222,177.37652587890625
2024-06-29 13:00:00,144.86,127.25074607849984,134.66842025928747,138.75162,171.41407775878906
2024-06-29 14:00:00,130.384,127.0942334276524,120.89646986393291,126.19223,134.937744140625
2024-06-29 15:00:00,103.806,100.54623352111355,97.67006637774882,97.69037,84.8558349609375
2024-06-29 16:00:00,64.74,67.251716737283,64.43891983823679,64.64,54.51522445678711
2024-06-29 17:00:00,33.186,29.937452207976307,31.429546497991804,32.11445,25.128870010375977
2024-06-29 18:00:00,9.666,9.866378858550213,8.676625428760603,8.5886,7.8724365234375
2024-06-29 19:00:00,0.0,-1.3876243846279483,0.005786156176106201,0.22945158,-0.21480178833007812
2024-06-29 20:00:00,0.0,-2.795020735300123,1.1116151256018535e-05,-0.03809397,-1.082611083984375
2024-06-29 21:00:00,0.0,0.9481109321916606,1.1116151256018535e-05,0.031193856,-1.0773277282714844
2024-06-29 22:00:00,0.0,-1.4445764761661097,1.1116151256018535e-05,0.046059813,-1.1275444030761719
2024-06-29 23:00:00,0.0,0.32743957985226047,1.1116151256018535e-05,0.033007402,-1.275482177734375
2024-06-30 00:00:00,0.0,-0.7268658668449914,1.1116151256018535e-05,0.012307164,-1.2986221313476562
2024-06-30 01:00:00,0.0,4.147362407684038,1.1116151256018535e-05,0.023379609,-1.2973747253417969
2024-06-30 02:00:00,0.0,3.4385525241982737,1.1116151256018535e-05,0.029344177,-1.1886711120605469
2024-06-30 03:00:00,0.0,1.7427435770904185,1.1116151256018535e-05,0.029344177,-1.4719161987304688
2024-06-30 04:00:00,0.0,1.754873684967418,1.1116151256018535e-05,0.030062664,-1.6420783996582031
2024-06-30 05:00:00,1.344,5.588018503424814,1.2039919084832627,1.176195,-1.4056549072265625
2024-06-30 06:00:00,20.544,12.084608706785351,17.966802479233127,17.74984,6.3006744384765625
2024-06-30 07:00:00,56.476,46.16396504048566,52.8419830966835,53.427704,24.377714157104492
2024-06-30 08:00:00,96.366,92.24143661118711,97.51062465638877,96.60962,73.87771606445312
2024-06-30 09:00:00,131.05,131.18240154224625,133.8683812711316,132.48448,128.56626892089844
2024-06-30 10:00:00,163.31,157.68114008374576,152.69173570892784,154.1873,157.42640686035156
2024-06-30 11:00:00,166.476,181.1538211678243,174.8128694706028,176.17758,164.75897216796875
2024-06-30 12:00:00,159.21,165.3184841634151,166.81580765650594,165.07169,168.19862365722656
2024-06-30 13:00:00,166.69400000000002,145.64786106434454,143.19424636841745,149.70949,149.3502960205078
2024-06-30 14:00:00,132.79000000000002,149.30524814183272,140.65053031891742,147.37825,125.12382507324219
2024-06-30 15:00:00,114.556,94.84126795875719,96.9197891212396,99.54038,105.48091125488281
2024-06-30 16:00:00,77.876,80.53206327707892,75.95554705388477,75.071144,54.056068420410156
2024-06-30 17:00:00,38.076,41.28152781556017,39.088005635770735,38.18531,26.48836898803711
2024-06-30 18:00:00,10.224,11.013921365094587,10.234548092225914,9.703935,9.981422424316406
2024-06-30 19:00:00,0.0,-2.9399988724248782,0.00017669834478090043,-0.040622633,-0.12134552001953125
2024-06-30 20:00:00,0.0,-4.187193704599775,1.1116151256018535e-05,-0.033797685,-0.9710884094238281
2024-06-30 21:00:00,0.0,0.13535422277927056,1.1116151256018535e-05,0.010820968,-1.0315513610839844
2024-06-30 22:00:00,0.0,-1.6346588113445426,1.1116151256018535e-05,0.016727554,-1.0888900756835938
2024-06-30 23:00:00,0.0,-1.905190990829233,1.1116151256018535e-05,0.025272168,-1.1920127868652344
2024-07-01 00:00:00,0.0,1.8561360974195038,1.1116151256018535e-05,0.02894038,-1.2760086059570312
2024-07-01 01:00:00,0.0,4.6483438145667115,1.1116151256018535e-05,0.027766455,-1.3270835876464844
2024-07-01 02:00:00,0.0,2.3392840811404714,1.1116151256018535e-05,0.037571505,-1.3139266967773438
2024-07-01 03:00:00,0.0,5.996585053019839,1.1116151256018535e-05,0.037571505,-1.5835380554199219
2024-07-01 04:00:00,0.0,5.737677445638426,1.1116151256018535e-05,0.037571505,-1.6562767028808594
2024-07-01 05:00:00,1.11,8.414318893992723,0.9867000135491053,0.8374713,-1.2956161499023438
2024-07-01 06:00:00,17.514,14.762287623869295,17.619943457332894,17.304544,9.675987243652344
2024-07-01 07:00:00,47.02,43.917438508006086,49.33916418357798,48.42632,34.3687629699707
2024-07-01 08:00:00,85.45,81.73751823074355,83.75776048349164,84.35396,75.88549041748047
2024-07-01 09:00:00,125.42000000000002,121.5231859287156,124.21635048661133,121.96593,112.89588928222656
2024-07-01 10:00:00,153.82000000000002,156.8422161442763,154.38667004787538,149.27362,144.95809936523438
2024-07-01 11:00:00,171.506,173.223586540104,171.86685431178424,172.59311,163.99053955078125
2024-07-01 12:00:00,173.824,178.0095175363186,179.85350421589698,179.5315,170.85765075683594
2024-07-01 13:00:00,161.22000000000003,164.52484801965517,164.60986901960783,165.94238,164.1363983154297
2024-07-01 14:00:00,136.52,137.01927334399096,139.44456580036467,141.54134,141.20098876953125
2024-07-01 15:00:00,103.85,102.42164396273543,98.47507981223076,100.58224,102.00423431396484
2024-07-01 16:00:00,69.74,66.68439203750276,65.46906051873317,64.30459,60.49364471435547
2024-07-01 17:00:00,34.696,37.204678819535744,33.71875938577548,32.66152,28.08837890625
2024-07-01 18:00:00,10.166,10.031185310648137,9.040580757317151,8.437929,5.671516418457031
2024-07-01 19:00:00,0.0,-3.8510280703724096,0.00017669834478090043,-0.071635656,-0.6191596984863281
2024-07-01 20:00:00,0.0,-4.964411173736412,1.1116151256018535e-05,0.004934979,-0.8757057189941406
2024-07-01 21:00:00,0.0,-0.8563429205780304,1.1116151256018535e-05,0.058903135,-0.9219589233398438
2024-07-01 22:00:00,0.0,-1.6412533262886932,1.1116151256018535e-05,-0.001243614,-0.944915771484375
2024-07-01 23:00:00,0.0,0.14992734187187118,1.1116151256018535e-05,0.0035621298,-0.9773101806640625
2024-07-02 00:00:00,0.0,1.7185413849857165,1.1116151256018535e-05,0.018479502,-0.9864768981933594
2024-07-02 01:00:00,0.0,1.706170493236137,1.1116151256018535e-05,0.018479502,-0.9798164367675781
2024-07-02 02:00:00,0.0,2.0512810695560932,1.1116151256018535e-05,0.024694657,-1.077423095703125
2024-07-02 03:00:00,0.0,2.29214584343008,1.1116151256018535e-05,0.018479502,-1.0792388916015625
2024-07-02 04:00:00,0.0,4.4481503165475935,1.1116151256018535e-05,0.016221056,-1.2815284729003906
2024-07-02 05:00:00,1.02,7.8157451502640365,0.9636758143190498,0.8091529,-0.3453483581542969
2024-07-02 06:00:00,16.66,14.350784194477558,16.069241533980968,16.302881,10.506210327148438
2024-07-02 07:00:00,44.48,42.324716427213275,46.07164050824884,46.093643,34.435203552246094
2024-07-02 08:00:00,81.49000000000001,78.70058607380338,80.73306286605032,81.10201,78.22512817382812
2024-07-02 09:00:00,118.344,118.17485967404008,119.41035752682042,120.55763,110.01009368896484
2024-07-02 10:00:00,148.72400000000002,149.49997666027622,151.17047819757866,149.257,142.92202758789062
2024-07-02 11:00:00,165.33,169.03939083272596,165.88755629282824,166.32053,157.3177490234375
2024-07-02 12:00:00,174.256,171.19737906404882,170.29568404146931,170.81468,164.2714080810547
2024-07-02 13:00:00,165.66600000000005,167.13497282284354,165.08604314285714,167.70128,153.3084259033203
2024-07-02 14:00:00,144.316,141.67597505758198,141.17510817090965,142.40652,134.1373748779297
2024-07-02 15:00:00,114.334,108.54945680181936,107.92073852984866,108.78991,101.82312774658203
2024-07-02 16:00:00,76.34,73.18662236380277,75.51511574963926,74.913635,62.162689208984375
2024-07-02 17:00:00,39.78,37.82591077923132,36.4054850431877,36.68815,30.656051635742188
2024-07-02 18:00:00,11.25,11.70861401657258,10.658337454185176,9.738127,8.192325592041016
2024-07-02 19:00:00,0.0,-4.948614678541346,0.00017669834478090043,-0.10384985,-0.4043235778808594
2024-07-02 20:00:00,0.0,-3.7623043073424256,1.1116151256018535e-05,-0.031602606,-0.8971939086914062
2024-07-02 21:00:00,0.0,0.9877833597745649,1.1116151256018535e-05,-0.015517335,-0.952423095703125
2024-07-02 22:00:00,0.0,-0.2929831254032025,1.1116151256018535e-05,0.013655757,-0.9960746765136719
2024-07-02 23:00:00,0.0,1.7138504447894638,1.1116151256018535e-05,0.016745554,-1.0113143920898438
2024-07-03 00:00:00,0.0,3.600876618595707,1.1116151256018535e-05,0.016745554,-1.0088768005371094
2024-07-03 01:00:00,0.0,2.75839222636325,1.1116151256018535e-05,0.025290169,-1.0423202514648438
2024-07-03 02:00:00,0.0,1.5771547892660625,1.1116151256018535e-05,0.0069193305,-0.9697494506835938
2024-07-03 03:00:00,0.0,1.22200291124606,1.1116151256018535e-05,0.0069193305,-1.1897811889648438
2024-07-03 04:00:00,0.0,2.236258259904361,1.1116151256018535e-05,0.027766455,-1.2765045166015625
2024-07-03 05:00:00,1.01,6.033247148649044,0.9634493579012847,0.937506,-1.0852546691894531
2024-07-03 06:00:00,16.61,13.385415871390675,16.033822635846604,16.722616,7.637638092041016
2024-07-03 07:00:00,47.42,43.85757592678015,47.01026569532266,46.24563,32.490142822265625
2024-07-03 08:00:00,86.56,85.78750139588573,84.69986729274227,85.50624,74.75651550292969
2024-07-03 09:00:00,125.394,125.08089496349871,125.78569018731113,125.28163,118.40721130371094
2024-07-03 10:00:00,155.16600000000005,156.6579344415425,154.3908697789734,154.6902,148.85646057128906
2024-07-03 11:00:00,173.15,174.44408608838714,172.50495590959127,173.44885,168.22000122070312
2024-07-03 12:00:00,178.41,178.968025568599,181.35771454202236,181.4997,174.91969299316406
2024-07-03 13:00:00,169.93,169.75005982646798,166.4969808224194,168.23175,164.31564331054688
2024-07-03 14:00:00,147.67000000000002,145.78844330435464,146.70027751543918,147.43742,139.92947387695312
2024-07-03 15:00:00,114.42000000000002,112.35497838561506,113.67148151538758,114.21754,108.06248474121094
2024-07-03 16:00:00,76.15,74.46384618232787,75.07563612098427,74.83065,69.37583923339844
2024-07-03 17:00:00,37.98,39.47837334348776,36.01011838140899,36.985622,32.29954147338867
2024-07-03 18:00:00,10.534,10.851665568081316,10.520530385298427,9.795257,6.586505889892578
2024-07-03 19:00:00,0.0,-4.036197711878561,0.00017669834478090043,-0.047722373,-0.7053947448730469
2024-07-03 20:00:00,0.0,-3.211247177782311,1.1116151256018535e-05,-0.005783574,-1.0381851196289062
2024-07-03 21:00:00,0.0,0.6120015430007562,1.1116151256018535e-05,-0.005811661,-1.0871696472167969
2024-07-03 22:00:00,0.0,-0.8891878280566186,1.1116151256018535e-05,-0.0007579587,-1.0555801391601562
2024-07-03 23:00:00,0.0,0.14203255547431448,1.1116151256018535e-05,0.005408264,-0.9689521789550781
2024-07-04 00:00:00,0.0,1.0207969702444908,1.1116151256018535e-05,-0.0012256134,-0.9741897583007812
2024-07-04 01:00:00,0.0,0.7429674912644011,1.1116151256018535e-05,-0.0012256134,-1.0279006958007812
2024-07-04 02:00:00,0.0,1.297494066309794,1.1116151256018535e-05,-0.0012256134,-1.0380210876464844
2024-07-04 03:00:00,0.0,0.9154803779563153,1.1116151256018535e-05,-0.002874746,-1.2196464538574219
2024-07-04 04:00:00,0.0,3.0198915218248055,1.1116151256018535e-05,0.011686462,-1.4090957641601562
2024-07-04 05:00:00,1.08,6.662108340946331,0.9255567618636994,0.9473111,-1.0938453674316406
2024-07-04 06:00:00,15.394,13.324773947713492,18.143016475197147,17.943327,9.175857543945312
2024-07-04 07:00:00,41.94,40.208581975170176,42.77470264069292,43.92277,35.81379318237305
2024-07-04 08:00:00,77.066,77.17965233427898,76.93844806347761,76.24014,75.12057495117188
2024-07-04 09:00:00,106.076,114.39271288873982,114.16150686976543,112.15439,111.34403991699219
2024-07-04 10:00:00,118.256,134.9325754371067,138.7703527941777,140.12535,139.04684448242188
2024-07-04 11:00:00,135.076,132.84431782096163,147.2105463266353,138.38156,146.4264373779297
2024-07-04 12:00:00,160.59400000000002,143.51079087008642,142.97665493080973,136.51016,120.03085327148438
2024-07-04 13:00:00,163.476,162.73992305530768,143.7532514358094,152.37675,116.23432922363281
2024-07-04 14:00:00,134.99,145.22052236774852,139.7013471011303,141.39066,120.9219970703125
2024-07-04 15:00:00,111.76600000000002,99.81382215995751,99.47151613819784,100.37597,96.9465103149414
2024-07-04 16:00:00,67.11,79.04120927001054,72.9197408324725,69.07695,56.9360237121582
2024-07-04 17:00:00,32.776,32.75165109465756,32.27925852858153,31.384459,26.316781997680664
2024-07-04 18:00:00,9.744,10.109554750082747,9.664340371927327,9.85689,6.3565826416015625
2024-07-04 19:00:00,0.0,-2.4946668990309107,0.027501156176106205,0.11964778,-0.6592941284179688
2024-07-04 20:00:00,0.0,-3.149728853069644,1.1116151256018535e-05,-0.057653982,-1.0239067077636719
2024-07-04 21:00:00,0.0,2.0583216060022895,1.1116151256018535e-05,0.024583224,-1.0502891540527344
2024-07-04 22:00:00,0.0,-1.0027514486072344,1.1116151256018535e-05,0.014363703,-1.0293960571289062
2024-07-04 23:00:00,0.0,1.2680544739792028,1.1116151256018535e-05,0.014381704,-1.03057861328125
2024-07-05 00:00:00,0.0,1.295552841334758,1.1116151256018535e-05,0.044908553,-1.0561103820800781
2024-07-05 01:00:00,0.0,-1.2110797424155506,1.1116151256018535e-05,0.009433402,-1.0817985534667969
2024-07-05 02:00:00,0.0,-1.324497707761267,1.1116151256018535e-05,0.009433402,-1.0051918029785156
2024-07-05 03:00:00,0.0,2.2628450447376323,1.1116151256018535e-05,0.005922197,-1.1623001098632812
2024-07-05 04:00:00,0.0,3.264980586527834,1.1116151256018535e-05,0.005922197,-1.347198486328125
2024-07-05 05:00:00,0.8300000000000001,8.269927058027257,0.8699994726488697,0.8180538,-1.4144630432128906
2024-07-05 06:00:00,12.980000000000002,13.34398429661864,14.941438735506228,14.822021,4.34649658203125
2024-07-05 07:00:00,35.864,34.509537372047156,37.177789467394035,36.081512,23.24993324279785
2024-07-05 08:00:00,63.29600000000001,64.63791489011095,67.46300499061465,69.53147,55.207244873046875
2024-07-05 09:00:00,89.254,92.32136845231139,95.41227990827943,96.03132,96.40869903564453
2024-07-05 10:00:00,109.47,113.45636613473565,118.90470434185838,112.29942,115.53793334960938
2024-07-05 11:00:00,118.166,125.7027744247817,129.30260142224944,128.93877,110.32293701171875
2024-07-05 12:00:00,135.124,122.97998757684698,120.58815339817295,122.7078,103.90896606445312
2024-07-05 13:00:00,115.984,135.26745710319295,117.147890615481,118.68712,89.89212036132812
2024-07-05 14:00:00,100.38,96.51805719319609,104.1853728231685,104.38494,96.41584014892578
2024-07-05 15:00:00,79.06,79.67011364748947,77.43320752632427,77.71059,78.88815307617188
2024-07-05 16:00:00,57.79,55.72768598831586,52.00660970562771,52.998318,48.589988708496094
2024-07-05 17:00:00,28.72,34.90934034403648,27.47146086997301,25.4608,23.406021118164062
2024-07-05 18:00:00,9.234,8.705597095083922,8.22566440287757,7.498057,7.479282379150391
2024-07-05 19:00:00,0.0,-2.5991511677088903,0.032326658319930715,0.1093828,-0.16756057739257812
2024-07-05 20:00:00,0.0,-4.487547172879314,1.1116151256018535e-05,0.04295552,-0.8100395202636719
2024-07-05 21:00:00,0.0,-1.7575698914504336,1.1116151256018535e-05,0.03958139,-0.8837623596191406
2024-07-05 22:00:00,0.0,-2.115284037253314,1.1116151256018535e-05,0.03958139,-0.9282608032226562
2024-07-05 23:00:00,0.0,-1.6611443861127069,1.1116151256018535e-05,0.034919232,-0.9994697570800781
2024-07-06 00:00:00,0.0,1.0003583615082468,1.1116151256018535e-05,0.020125644,-1.08001708984375
2024-07-06 01:00:00,0.0,-1.1662593505914383,1.1116151256018535e-05,0.013426931,-1.1792144775390625
2024-07-06 02:00:00,0.0,0.9544997830494731,1.1116151256018535e-05,0.03142458,-1.3491554260253906
2024-07-06 03:00:00,0.0,1.598043335741441,1.1116151256018535e-05,0.013426931,-1.4161109924316406
2024-07-06 04:00:00,0.0,4.527047791668935,1.1116151256018535e-05,0.0066346447,-1.4182815551757812
2024-07-06 05:00:00,0.8240000000000001,7.046860356765318,0.885717116556215,0.6338766,-0.9849128723144531
2024-07-06 06:00:00,13.656,12.72840981382552,15.004961490501739,14.415378,5.211090087890625
2024-07-06 07:00:00,39.054,36.30196049657909,36.01502550754633,34.945362,22.76893424987793
2024-07-06 08:00:00,74.646,70.2115156149911,74.11562262873926,72.25528,48.921268463134766
2024-07-06 09:00:00,109.7,107.32673708650157,111.2889449771026,106.65543,99.53024291992188
2024-07-06 10:00:00,141.306,135.83613070711525,140.39366491921245,136.35988,132.64129638671875
2024-07-06 11:00:00,161.294,157.86194723994848,153.15739939091853,157.42897,146.898681640625
2024-07-06 12:00:00,168.824,164.6450697422065,159.9937824709674,159.78215,150.83193969726562
2024-07-06 13:00:00,160.02,157.68238935552398,143.78421751672633,152.4511,145.48536682128906
2024-07-06 14:00:00,137.406,133.42274480751175,139.62568000921644,141.0709,126.28938293457031
2024-07-06 15:00:00,104.01600000000002,101.62545058172611,101.81761347886149,103.31609,100.20166778564453
2024-07-06 16:00:00,65.87,65.52376879051712,65.63644324596822,63.887165,64.05510711669922
2024-07-06 17:00:00,32.36000000000001,31.650800999097985,30.48109016512957,30.866816,28.137069702148438
2024-07-06 18:00:00,8.93,9.442354794634195,9.013678435477551,7.7923546,3.0763702392578125
2024-07-06 19:00:00,0.0,-2.522326676042919,0.00011127778403323686,0.159135,-0.613372802734375
2024-07-06 20:00:00,0.0,-2.2699494372632048,1.1116151256018535e-05,0.3618839,-0.8954734802246094
2024-07-06 21:00:00,0.0,0.5526124368916361,1.1116151256018535e-05,0.43164098,-0.9711799621582031
2024-07-06 22:00:00,0.0,-0.12212131721585595,1.1116151256018535e-05,0.4608141,-1.0411224365234375
2024-07-06 23:00:00,0.0,1.2507583886139249,1.1116151256018535e-05,-0.001243614,-1.1222114562988281
2024-07-07 00:00:00,0.0,2.5606718541154487,1.1116151256018535e-05,0.4608321,-1.1729164123535156
2024-07-07 01:00:00,0.0,1.7053804058288193,1.1116151256018535e-05,0.0071828277,-1.1946525573730469
2024-07-07 02:00:00,0.0,1.5837682180642014,1.1116151256018535e-05,0.019842373,-1.3195648193359375
2024-07-07 03:00:00,0.0,1.9602623260969803,1.1116151256018535e-05,0.021491507,-1.2978172302246094
2024-07-07 04:00:00,0.0,3.9214138736183446,1.1116151256018535e-05,0.037571505,-1.193145751953125
2024-07-07 05:00:00,0.66,7.839707050195543,0.9068380674841592,0.8705848,-0.40045928955078125
2024-07-07 06:00:00,9.96,13.674970390719876,13.877772974280619,14.266664,6.3673858642578125
2024-07-07 07:00:00,26.576,33.56750541067772,33.01444221327572,30.445871,24.68353843688965
2024-07-07 08:00:00,47.44,56.149963324956765,47.964516155014834,47.855892,47.17705535888672
2024-07-07 09:00:00,80.404,76.80123844802665,75.42552913592702,73.18496,69.41064453125
2024-07-07 10:00:00,77.924,110.6224410286421,119.84060053891542,119.18606,76.74657440185547
2024-07-07 11:00:00,85.904,89.09984903380797,95.0392603711214,93.383026,95.37010192871094
2024-07-07 12:00:00,96.96,93.91131608398021,102.42050617980335,113.45012,78.70037841796875
2024-07-07 13:00:00,92.82,100.6284223609787,97.67199361407432,105.69023,84.209716796875
2024-07-07 14:00:00,75.84,83.11587377766116,87.66997263113925,91.79049,80.96119689941406
2024-07-07 15:00:00,67.976,57.48624078273669,58.623826666666666,63.486015,64.8756332397461
2024-07-07 16:00:00,50.650000000000006,49.128346188551184,46.691325,44.64009,44.19953155517578
2024-07-07 17:00:00,24.806,28.07601741906104,26.8762063691399,26.97688,24.839462280273438
2024-07-07 18:00:00,7.506,3.8819273658349402,7.536604938838938,7.1345224,11.671913146972656
2024-07-07 19:00:00,0.0,-5.357589222228692,0.04421111615125603,-0.015242214,1.8123741149902344
2024-07-07 20:00:00,0.0,-6.6979054676598775,1.1116151256018535e-05,0.0046730465,-0.8502655029296875
2024-07-07 21:00:00,0.0,-3.4118892513961443,1.1116151256018535e-05,-0.011772708,-1.0635719299316406
2024-07-07 22:00:00,0.0,-6.646908031580505,1.1116151256018535e-05,-0.011772708,-1.0363235473632812
2024-07-07 23:00:00,0.0,-3.228962819643077,1.1116151256018535e-05,0.0025344247,-1.0489006042480469
2024-07-08 00:00:00,0.0,-1.1599842146629533,1.1116151256018535e-05,0.0025344247,-1.0687522888183594
2024-07-08 01:00:00,0.0,-2.1841974253925214,1.1116151256018535e-05,0.007879802,-1.0563011169433594
2024-07-08 02:00:00,0.0,-0.8092810753008157,1.1116151256018535e-05,0.007879802,-0.7833900451660156
2024-07-08 03:00:00,0.0,2.586066210343188,1.1116151256018535e-05,0.0011007081,-0.5715065002441406
2024-07-08 04:00:00,0.0,3.4200851667267056,1.1116151256018535e-05,0.0011007081,-0.3603248596191406
2024-07-08 05:00:00,0.54,5.147380627026423,0.8121891374526432,0.7828108,0.10901260375976562
2024-07-08 06:00:00,7.890000000000001,10.651667337741213,13.94984078042329,13.888426,7.550891876220703
2024-07-08 07:00:00,19.124,25.031717916116506,29.697907644134833,23.010057,30.267921447753906
2024-07-08 08:00:00,34.454,40.19695535440027,41.14565954645078,40.712204,54.887115478515625
2024-07-08 09:00:00,46.614,57.39039864020814,54.94729846487239,52.414948,73.30686950683594
2024-07-08 10:00:00,39.69,67.46637663940731,58.414030732357844,55.933067,64.01152801513672
2024-07-08 11:00:00,28.27,50.3438907457525,57.031311620076686,50.267284,47.00758743286133
2024-07-08 12:00:00,49.14,36.32750088259899,43.468319961613545,37.414433,36.661888122558594
2024-07-08 13:00:00,107.24,64.15234265210245,55.010462381526956,58.440952,39.215911865234375
2024-07-08 14:00:00,103.06,129.30125925731045,115.00801533216776,119.311905,52.82931137084961
2024-07-08 15:00:00,84.58,90.81666465716819,76.653671,77.8435,62.60246658325195
2024-07-08 16:00:00,48.786,62.26021599245172,52.94592595238094,52.541553,43.69347381591797
2024-07-08 17:00:00,25.264,27.869287630569175,21.290310685383236,22.976622,26.96333122253418
2024-07-08 18:00:00,8.416,15.000369169999951,7.568606530015877,7.563923,8.81182861328125
2024-07-08 19:00:00,0.0,2.1678216144011646,0.220031116151256,0.5922526,0.3173561096191406
2024-07-08 20:00:00,0.0,-5.571918295644841,1.1116151256018535e-05,0.037335858,-0.6385498046875
2024-07-08 21:00:00,0.0,-2.6198684524573643,1.1116151256018535e-05,0.072902046,-0.7889442443847656
2024-07-08 22:00:00,0.0,-2.198002036120081,1.1116151256018535e-05,0.06587773,-0.7088165283203125
2024-07-08 23:00:00,0.0,2.5880898236332497,1.1116151256018535e-05,0.038255434,-0.6963844299316406
2024-07-09 00:00:00,0.0,7.354714758851164,1.1116151256018535e-05,0.038255434,-0.8032608032226562
2024-07-09 01:00:00,0.0,5.984558198196958,1.1116151256018535e-05,0.104765944,-0.8605690002441406
2024-07-09 02:00:00,0.0,-2.88030783792252,1.1116151256018535e-05,0.09799165,-0.4073066711425781
2024-07-09 03:00:00,0.0,-4.321104368078454,1.1116151256018535e-05,0.020477109,-0.035778045654296875
2024-07-09 04:00:00,0.0,-3.8399475935070626,1.1116151256018535e-05,0.006573122,0.040569305419921875
2024-07-09 05:00:00,0.68,1.1529182282394883,0.8187923230996246,0.8260977,3.9872589111328125
2024-07-09 06:00:00,12.38,6.861079586603987,14.77236131021852,17.353117,26.447935104370117
2024-07-09 07:00:00,35.414,28.820836559819917,35.320606382565146,33.633106,44.89198303222656
2024-07-09 08:00:00,67.366,59.18168367220924,63.363469993718475,67.55566,80.51106262207031
2024-07-09 09:00:00,102.81,92.87632197253413,97.84780857950051,101.10966,108.95938110351562
2024-07-09 10:00:00,139.324,124.5811146048047,126.25318060767624,130.72774,134.7618865966797
2024-07-09 11:00:00,143.94000000000003,155.4732404718703,153.7278839163428,156.78903,154.71165466308594
2024-07-09 12:00:00,129.084,142.2172805622676,151.62842110756424,150.94858,164.90151977539062
2024-07-09 13:00:00,103.91,115.62305951970689,117.00599213000669,126.13811,149.58389282226562
2024-07-09 14:00:00,39.25,86.05231114569136,79.81765173599035,87.347435,103.76673889160156
2024-07-09 15:00:00,44.02,16.635008092294562,28.501131349206346,25.931728,48.41598129272461
2024-07-09 16:00:00,45.080000000000005,46.88834123759996,24.78674424764439,22.331675,19.492769241333008
2024-07-09 17:00:00,27.39,38.76346674760869,18.88396803864735,20.11523,9.232704162597656
2024-07-09 18:00:00,8.916,14.833879795400199,8.915484075221263,8.076561,2.2576065063476562
2024-07-09 19:00:00,0.0,1.7429130769199856,0.08275111615125601,0.34719276,-0.4414825439453125
2024-07-09 20:00:00,0.0,-0.9477979577636089,1.1116151256018535e-05,0.022339925,-0.9645195007324219
2024-07-09 21:00:00,0.0,4.441211552360211,1.1116151256018535e-05,0.028304487,-0.9774513244628906
2024-07-09 22:00:00,0.0,-0.8032741430753507,1.1116151256018535e-05,0.031111827,-0.9123306274414062
2024-07-09 23:00:00,0.0,-5.378272799223606,1.1116151256018535e-05,0.02473672,-0.8733139038085938
2024-07-10 00:00:00,0.0,-6.655821071294534,1.1116151256018535e-05,0.02473672,-0.8630256652832031
2024-07-10 01:00:00,0.0,-6.496180080531815,1.1116151256018535e-05,0.02052654,-0.8073158264160156
2024-07-10 02:00:00,0.0,-5.036774955353581,1.1116151256018535e-05,0.02052654,-0.4688568115234375
2024-07-10 03:00:00,0.0,6.485019068704174,1.1116151256018535e-05,0.02258308,-0.3803558349609375
2024-07-10 04:00:00,0.0,6.613478559856911,1.1116151256018535e-05,0.02258308,-0.17781829833984375
2024-07-10 05:00:00,0.844,6.2218780602760235,0.7865582228757572,0.70971644,0.1221923828125
2024-07-10 06:00:00,15.476,9.790412894594633,16.72383739125444,15.478702,9.641300201416016
2024-07-10 07:00:00,44.17,34.72607479033212,44.57495883314939,44.607296,28.439550399780273
2024-07-10 08:00:00,80.71000000000001,71.98026913797477,83.64860791262996,81.875244,59.034393310546875
2024-07-10 09:00:00,120.63,110.04173046052492,119.25556689971141,116.5878,112.07560729980469
2024-07-10 10:00:00,149.784,146.80592755552667,149.84828720792447,148.108,142.16732788085938
2024-07-10 11:00:00,169.62400000000002,165.01174892881448,160.1446069063781,164.15619,159.53692626953125
2024-07-10 12:00:00,177.406,172.621475612204,176.84129888346732,173.24622,150.3502655029297
2024-07-10 13:00:00,170.76600000000002,165.92673015118825,154.26393074423783,156.30928,128.8479461669922
2024-07-10 14:00:00,147.856,143.7322570342543,150.5348179934837,139.93173,121.06085205078125
2024-07-10 15:00:00,112.576,110.43770844088905,117.04484917365447,114.168106,100.48236083984375
2024-07-10 16:00:00,74.396,72.14196738642988,69.83234268573024,70.85213,57.20296096801758
2024-07-10 17:00:00,36.07,39.637513551903226,35.080609880302475,35.634426,24.438579559326172
2024-07-10 18:00:00,10.840000000000002,11.188998105265032,9.508365747102037,8.956615,7.771884918212891
2024-07-10 19:00:00,0.0,-1.7025785259866182,0.00017669834478090043,0.15980276,-0.4582176208496094
2024-07-10 20:00:00,0.0,-3.205163173082463,1.1116151256018535e-05,0.2113703,-0.9653778076171875
2024-07-10 21:00:00,0.0,1.3228157387538346,1.1116151256018535e-05,0.0027172174,-0.919219970703125
2024-07-10 22:00:00,0.0,-0.19951834479642216,1.1116151256018535e-05,-0.0011091996,-0.8988456726074219
2024-07-10 23:00:00,0.0,0.6693607550616077,1.1116151256018535e-05,0.03378138,-1.0237770080566406
2024-07-11 00:00:00,0.0,1.06340966721178,1.1116151256018535e-05,0.044965085,-1.1404533386230469
2024-07-11 01:00:00,0.0,0.7633346591554659,1.1116151256018535e-05,0.03959939,-1.2595672607421875
2024-07-11 02:00:00,0.0,0.024109301769642766,1.1116151256018535e-05,0.017578347,-1.2780036926269531
2024-07-11 03:00:00,0.0,0.3177123850852772,1.1116151256018535e-05,0.017578347,-1.6684417724609375
2024-07-11 04:00:00,0.0,2.8664395618703056,1.1116151256018535e-05,0.035575993,-1.64312744140625
2024-07-11 05:00:00,0.844,6.083937419310642,0.7977652427040701,0.74857515,-1.6562919616699219
2024-07-11 06:00:00,16.790000000000003,12.417208996971297,17.155196805873185,15.603264,5.0186614990234375
2024-07-11 07:00:00,50.724,40.83303952282203,48.787502659933494,48.26385,27.124324798583984
2024-07-11 08:00:00,91.1,86.67990228257554,93.98075350855073,93.31145,72.79798126220703
2024-07-11 09:00:00,131.3,128.15472079154938,130.09442372888864,130.47832,117.8475341796875
2024-07-11 10:00:00,161.116,162.3965933232653,160.26145232425554,160.20499,147.66648864746094
2024-07-11 11:00:00,178.56,180.5302868069311,176.15577306671227,179.11023,166.4322052001953
2024-07-11 12:00:00,180.29,184.56988585455096,185.70300862010782,184.91466,171.95883178710938
2024-07-11 13:00:00,171.29000000000002,170.62898144170748,166.22576099357005,172.30627,160.94735717773438
2024-07-11 14:00:00,147.38,147.52931121626628,148.53641357588143,148.41103,140.34295654296875
2024-07-11 15:00:00,114.2,112.07537139801542,114.08302076929084,114.60461,112.09817504882812
2024-07-11 16:00:00,77.416,75.08494652595408,75.83031017293239,71.93904,68.72207641601562
2024-07-11 17:00:00,39.246,42.30726766962684,37.924790003065475,37.25591,30.39752197265625
2024-07-11 18:00:00,11.176000000000002,12.522015947298966,10.58707598170193,9.750898,6.071136474609375
2024-07-11 19:00:00,0.0,-3.145167712347175,0.00017669834478090043,0.008669987,-0.7234916687011719
2024-07-11 20:00:00,0.0,-3.53966243351333,1.1116151256018535e-05,0.044775087,-1.0514793395996094
2024-07-11 21:00:00,0.0,1.1040704724460264,1.1116151256018535e-05,0.010229263,-1.0588836669921875
2024-07-11 22:00:00,0.0,-0.5337314369619255,1.1116151256018535e-05,0.006402852,-1.075103759765625
2024-07-11 23:00:00,0.0,0.4173952454639531,1.1116151256018535e-05,-0.0012256134,-1.1471710205078125
2024-07-12 00:00:00,0.0,1.724605485310267,1.1116151256018535e-05,-0.002874746,-1.2281227111816406
2024-07-12 01:00:00,0.0,0.9422110747791724,1.1116151256018535e-05,-0.0010361333,-1.3476409912109375
2024-07-12 02:00:00,0.0,-0.391711267207802,1.1116151256018535e-05,0.010037328,-1.2980422973632812
2024-07-12 03:00:00,0.0,0.09521426914911024,1.1116151256018535e-05,0.024038805,-1.6389350891113281
2024-07-12 04:00:00,0.0,2.1375108654052566,1.1116151256018535e-05,0.024038805,-1.3563041687011719
2024-07-12 05:00:00,0.7440000000000001,6.03948020376499,0.759386018868921,0.78049207,-0.8448143005371094
2024-07-12 06:00:00,13.014,14.083978345622457,14.929162612920713,14.345734,6.402622222900391
2024-07-12 07:00:00,33.354000000000006,39.256176083913466,36.31090997804374,35.877014,25.687530517578125
2024-07-12 08:00:00,58.41,66.83442993622714,62.82209312955183,62.406754,56.20069122314453
2024-07-12 09:00:00,72.22000000000001,90.55683110068838,95.92772358013104,93.169785,87.94535827636719
2024-07-12 10:00:00,112.04000000000002,93.1471987908566,86.61417386284089,88.987206,109.74061584472656
2024-07-12 11:00:00,145.906,136.24591970697014,136.4053884008791,130.34273,100.87371826171875
2024-07-12 12:00:00,182.79,161.14422741613717,151.2849759925812,151.28122,124.93844604492188
2024-07-12 13:00:00,156.794,188.86074797219572,169.25110549440498,162.53685,130.90737915039062
2024-07-12 14:00:00,138.456,131.3070611424499,148.00302560755975,144.35794,134.96087646484375
2024-07-12 15:00:00,106.276,112.79325821928714,98.38767533787173,101.252235,108.59278869628906
2024-07-12 16:00:00,68.204,75.21699607543854,67.96078513601879,67.69638,67.64651489257812
2024-07-12 17:00:00,32.854000000000006,37.42061576323109,33.253373378672975,31.933588,35.42299270629883
2024-07-12 18:00:00,9.24,10.834668416467531,9.161145360835754,9.056063,8.046310424804688
2024-07-12 19:00:00,0.0,-3.6406205840659567,0.00017669834478090043,0.23492466,-0.5009498596191406
2024-07-12 20:00:00,0.0,-2.8011009732896515,1.1116151256018535e-05,-0.2993337,-1.0307884216308594
2024-07-12 21:00:00,0.0,0.31154065775421635,1.1116151256018535e-05,-0.0013187255,-1.1078758239746094
2024-07-12 22:00:00,0.0,1.8204652746726269,1.1116151256018535e-05,0.015134246,-1.1572380065917969
2024-07-12 23:00:00,0.0,0.9215924251126417,1.1116151256018535e-05,0.0088139605,-1.2181243896484375
2024-07-13 00:00:00,0.0,0.3377001045225698,1.1116151256018535e-05,0.008831961,-1.2525672912597656
2024-07-13 01:00:00,0.0,-4.768780727117068,1.1116151256018535e-05,0.008831961,-1.2911300659179688
2024-07-13 02:00:00,0.0,-0.28174324244442817,1.1116151256018535e-05,0.024038805,-1.4272918701171875
2024-07-13 03:00:00,0.0,0.9465412096492376,1.1116151256018535e-05,0.024038805,-1.4273223876953125
2024-07-13 04:00:00,0.0,3.0280156797669897,1.1116151256018535e-05,0.024038805,-1.299346923828125
2024-07-13 05:00:00,0.524,6.141972218285768,0.6902335322418529,0.6791975,-0.6673049926757812
2024-07-13 06:00:00,9.8,11.809871124054903,12.85466958024776,13.33254,4.880401611328125
2024-07-13 07:00:00,27.824,30.53171454144213,32.02054137123971,28.557863,19.857419967651367
2024-07-13 08:00:00,56.166,56.31172317640575,49.3167898057538,47.850163,39.14908981323242
2024-07-13 09:00:00,110.39,88.28989220741329,85.65252546384194,82.97947,68.72836303710938
2024-07-13 10:00:00,133.32000000000002,149.39162225887128,138.19825015205691,143.38661,101.54893493652344
2024-07-13 11:00:00,158.59400000000002,152.39485841058223,154.77629174837185,155.70511,146.28302001953125
2024-07-13 12:00:00,157.984,169.00054369497124,164.8404490568908,168.43515,146.25729370117188
2024-07-13 13:00:00,121.17000000000002,151.45675091934993,150.77848012148576,147.97713,133.12075805664062
2024-07-13 14:00:00,125.684,98.05978728382328,118.67408170779332,109.21168,115.55525207519531
2024-07-13 15:00:00,104.084,110.71583334724602,96.22807004128664,94.85633,84.02079772949219
2024-07-13 16:00:00,67.48400000000001,71.3451024419467,67.81505343304448,66.66706,54.106483459472656
2024-07-13 17:00:00,32.64,32.86196438769889,32.9371047543027,31.83142,29.289823532104492
2024-07-13 18:00:00,8.976,8.375127274327173,9.003146591822448,8.276066,7.853939056396484
2024-07-13 19:00:00,0.0,-2.931971564911663,2.665831993071733e-05,0.046603646,-0.5663261413574219
2024-07-13 20:00:00,0.0,-1.35932514163887,1.1116151256018535e-05,0.029935692,-1.2074623107910156
2024-07-13 21:00:00,0.0,0.40677188127207886,1.1116151256018535e-05,-0.026638666,-1.2485198974609375
2024-07-13 22:00:00,0.0,-3.924202856575678,1.1116151256018535e-05,0.10231162,-1.2207374572753906
2024-07-13 23:00:00,0.0,-1.7039018482954953,1.1116151256018535e-05,0.11661876,-1.1678848266601562
2024-07-14 00:00:00,0.0,-1.7989023443337149,1.1116151256018535e-05,0.0025524253,-1.1012725830078125
2024-07-14 01:00:00,0.0,-1.6536996546945084,1.1116151256018535e-05,-0.0042266697,-1.1092109680175781
2024-07-14 02:00:00,0.0,3.5957900996414502,1.1116151256018535e-05,0.004468564,-0.9102325439453125
2024-07-14 03:00:00,0.0,-0.9577460591360514,1.1116151256018535e-05,-0.10532826,-0.9337921142578125
2024-07-14 04:00:00,0.0,-1.954996647467624,1.1116151256018535e-05,0.010037328,-0.711395263671875
2024-07-14 05:00:00,0.61,1.9359242539762582,0.7096319480374393,0.5889385,-0.4327278137207031
2024-07-14 06:00:00,12.36,9.143423290431993,14.501001185950201,13.863653,7.8197174072265625
2024-07-14 07:00:00,35.976,33.51982502345651,38.14462534157381,37.18875,31.01044464111328
2024-07-14 08:00:00,68.95,67.83947069427347,69.01859722217512,70.48284,63.367652893066406
2024-07-14 09:00:00,103.466,104.38367084396353,107.93721136000508,107.6166,101.9574203491211
2024-07-14 10:00:00,133.206,134.17724726587687,132.89203904666823,132.78659,134.5386505126953
2024-07-14 11:00:00,153.25,153.9392813979031,150.94796685127062,149.27492,147.28907775878906
2024-07-14 12:00:00,184.57,161.32022178653148,156.3635258865738,160.39449,149.05197143554688
2024-07-14 13:00:00,170.466,186.4053491379782,169.31095611069955,170.44579,135.56158447265625
2024-07-14 14:00:00,142.976,145.51423036910126,144.37726289327705,148.76643,131.43763732910156
2024-07-14 15:00:00,105.4,109.73884179341826,107.62203380897964,108.33552,108.7255859375
2024-07-14 16:00:00,65.34,70.94863087902658,63.02321714846953,64.21075,67.75736999511719
2024-07-14 17:00:00,33.154,35.63565091441422,30.0174111247958,29.70528,28.967954635620117
2024-07-14 18:00:00,10.316,14.190091142388004,8.85925710571878,8.102387,5.7069549560546875
2024-07-14 19:00:00,0.0,-0.42654496307144996,0.00017669834478090043,-0.0413557,-0.6548576354980469
2024-07-14 20:00:00,0.0,-2.398478836732514,1.1116151256018535e-05,-0.056029968,-1.1003990173339844
2024-07-14 21:00:00,0.0,1.6873366021132905,1.1116151256018535e-05,0.012198029,-1.0546340942382812
2024-07-14 22:00:00,0.0,1.77205212573178,1.1116151256018535e-05,0.0076531237,-0.8816642761230469
2024-07-14 23:00:00,0.0,2.202823000659082,1.1116151256018535e-05,0.0076531237,-0.7224311828613281
2024-07-15 00:00:00,0.0,2.9047533312767104,1.1116151256018535e-05,0.02197826,-0.7111282348632812
2024-07-15 01:00:00,0.0,-2.788075479225797,1.1116151256018535e-05,0.13979639,-0.7243881225585938
2024-07-15 02:00:00,0.0,-2.670799287913482,1.1116151256018535e-05,0.109857656,-0.42713165283203125
2024-07-15 03:00:00,0.0,-1.9384789613148454,1.1116151256018535e-05,0.0011007081,-0.4383888244628906
2024-07-15 04:00:00,0.0,1.2530278549357772,1.1116151256018535e-05,0.0011007081,-0.5080528259277344
2024-07-15 05:00:00,0.7000000000000001,6.014371211031633,0.667579182189466,0.69383806,-0.7179412841796875
2024-07-15 06:00:00,15.436000000000002,11.718798021802426,15.02390518361486,14.459012,2.8551101684570312
2024-07-15 07:00:00,46.354000000000006,38.50995589837157,45.12803352606442,45.424347,19.83696174621582
2024-07-15 08:00:00,83.01,79.42497550049629,84.36813446221595,85.77997,64.34574127197266
2024-07-15 09:00:00,124.476,117.11569261490686,118.28672590836187,122.63089,118.580322265625
2024-07-15 10:00:00,155.69400000000002,155.32944310272939,148.24395999558487,152.14235,146.88597106933594
2024-07-15 11:00:00,168.16,174.5189045873778,166.2374198138176,169.0719,159.37672424316406
2024-07-15 12:00:00,148.106,170.69109800127805,171.48151677497307,170.80637,158.64137268066406
2024-07-15 13:00:00,144.934,133.27575950679272,148.05453215370656,139.5773,135.12635803222656
2024-07-15 14:00:00,127.83,130.06423883519358,118.229647988163,124.572655,82.19932556152344
2024-07-15 15:00:00,83.98400000000001,99.0984048671564,95.57894995160808,91.33613,53.12787628173828
2024-07-15 16:00:00,42.70400000000001,47.253959685675675,43.61000742888632,45.758236,35.48711395263672
2024-07-15 17:00:00,24.106,16.73221602459066,21.03031694454639,19.919546,13.987449645996094
2024-07-15 18:00:00,7.184000000000001,13.13446305158292,6.610630390708704,6.5156536,4.24560546875
2024-07-15 19:00:00,0.0,1.1541904443831816,5.6790891740447614e-05,-0.27381426,-0.4986991882324219
2024-07-15 20:00:00,0.0,-0.9603952726212284,1.1116151256018535e-05,0.17386767,-0.9397659301757812
2024-07-15 21:00:00,0.0,1.6069243964473139,1.1116151256018535e-05,0.02991051,-0.9392204284667969
2024-07-15 22:00:00,0.0,-1.1365275447116439,1.1116151256018535e-05,0.029928511,-0.9419822692871094
2024-07-15 23:00:00,0.0,-1.4142700529129049,1.1116151256018535e-05,0.011236143,-0.9595375061035156
2024-07-16 00:00:00,0.0,-2.09919158964131,1.1116151256018535e-05,0.025192743,-0.9658927917480469
2024-07-16 01:00:00,0.0,0.8561204471735021,1.1116151256018535e-05,0.021333098,-0.9326438903808594
2024-07-16 02:00:00,0.0,-0.9735941728436388,1.1116151256018535e-05,0.02052654,-0.6232185363769531
2024-07-16 03:00:00,0.0,-2.082445347404824,1.1116151256018535e-05,0.02052654,-0.530731201171875
2024-07-16 04:00:00,0.0,2.2683641430569166,1.1116151256018535e-05,0.02052654,-0.5633926391601562
2024-07-16 05:00:00,0.706,8.460308726691316,0.6576367092205746,0.7203979,-0.8169631958007812
2024-07-16 06:00:00,15.786,12.435943802295645,16.566499291293002,15.35807,5.470222473144531
2024-07-16 07:00:00,46.124,38.34641453641826,46.61060860599205,46.766357,27.856311798095703
2024-07-16 08:00:00,84.99000000000001,78.50217093835917,89.69887442236478,91.0117,63.64014434814453
2024-07-16 09:00:00,120.65,119.10359000182194,117.84260060400679,123.17014,116.18013000488281
2024-07-16 10:00:00,142.634,148.08438284976222,151.53114935897145,150.67848,147.4686737060547
2024-07-16 11:00:00,159.48000000000002,157.48982723629973,156.3322386281616,156.98724,159.574462890625
2024-07-16 12:00:00,157.284,164.41311410671315,154.82767555163656,156.01338,141.37246704101562
2024-07-16 13:00:00,147.284,144.535711914957,138.7805816126285,140.82738,115.39427185058594
2024-07-16 14:00:00,133.124,121.31576295314454,122.21864581995057,123.88635,90.42969512939453
2024-07-16 15:00:00,101.29,98.85928038023036,95.52515338213654,95.28733,63.532474517822266
2024-07-16 16:00:00,66.58,61.814142842981205,62.3797952075142,63.892017,34.82379150390625
2024-07-16 17:00:00,34.614,33.90324571868542,28.734407723121443,28.242605,14.930280685424805
2024-07-16 18:00:00,10.13,12.077564401487031,8.95389792279733,7.612741,3.240100860595703
2024-07-16 19:00:00,0.0,-2.5413253796952695,0.00017669834478090043,0.24435984,-0.8474349975585938
2024-07-16 20:00:00,0.0,-4.102793868181952,1.1116151256018535e-05,-0.18824065,-1.1058464050292969
2024-07-16 21:00:00,0.0,-1.4136978955589772,1.1116151256018535e-05,-0.014319798,-1.0711631774902344
2024-07-16 22:00:00,0.0,-3.2227694562345244,1.1116151256018535e-05,0.0005641654,-1.0150260925292969
2024-07-16 23:00:00,0.0,-0.8824647503203806,1.1116151256018535e-05,0.009341253,-0.9619636535644531
2024-07-17 00:00:00,0.0,0.6068805796594553,1.1116151256018535e-05,-0.0027964984,-0.9072952270507812
2024-07-17 01:00:00,0.0,1.812593418561303,1.1116151256018535e-05,-0.0025731795,-0.8705215454101562
2024-07-17 02:00:00,0.0,2.9821123538556558,1.1116151256018535e-05,0.011510637,-0.5188407897949219
2024-07-17 03:00:00,0.0,2.3582317383729285,1.1116151256018535e-05,0.011510637,-0.5587387084960938
2024-07-17 04:00:00,0.0,4.5065627942434485,1.1116151256018535e-05,0.011510637,-0.6626205444335938
2024-07-17 05:00:00,0.424,8.327476644457798,0.613435711300194,0.6495075,-1.0090904235839844
2024-07-17 06:00:00,8.966,14.211103995001356,14.350179433579498,14.60724,3.0770606994628906
2024-07-17 07:00:00,21.230000000000004,31.836264817626514,34.008562478479675,30.88372,19.984764099121094
2024-07-17 08:00:00,35.014,48.8471725582757,48.57438251759729,46.982307,44.693992614746094
2024-07-17 09:00:00,53.016,61.16621760806103,58.310441747481484,54.012638,43.52155685424805
2024-07-17 10:00:00,88.29,75.5981472291445,69.86699103734026,67.21673,37.47389221191406
2024-07-17 11:00:00,115.24,112.1727539980973,102.31480119582649,113.66754,34.089447021484375
2024-07-17 12:00:00,135.69400000000002,129.79857279101563,130.81778519146113,114.21517,75.4227294921875
2024-07-17 13:00:00,142.776,138.76779605835907,117.8049977695986,127.685,66.91036224365234
2024-07-17 14:00:00,115.42000000000002,132.52987116596933,125.51057955073571,129.63431,46.15013885498047
2024-07-17 15:00:00,45.396,88.26644928261751,88.46176397820311,91.3585,37.77628707885742
2024-07-17 16:00:00,5.08,14.093871151348955,26.910959964285727,25.220623,20.36713218688965
2024-07-17 17:00:00,3.176,-2.8270952245782555,11.905760000000008,14.537072,6.27783203125
2024-07-17 18:00:00,1.11,10.445418208983845,3.6599566666666687,4.8257136,1.7377166748046875
2024-07-17 19:00:00,0.0,4.601161039456155,1.1116151256018535e-05,-0.097155266,-0.27571868896484375
2024-07-17 20:00:00,0.0,2.5082381193985137,1.1116151256018535e-05,0.07234033,-1.0105400085449219
2024-07-17 21:00:00,0.0,4.062932340451113,1.1116151256018535e-05,0.085167736,-1.2944107055664062
2024-07-17 22:00:00,0.0,7.634289856837898,1.1116151256018535e-05,0.062585555,-1.2284736633300781
2024-07-17 23:00:00,0.0,6.512755863126859,1.1116151256018535e-05,0.06921943,-1.2147140502929688
2024-07-18 00:00:00,0.0,3.201806149900629,1.1116151256018535e-05,0.12629287,-1.2631378173828125
2024-07-18 01:00:00,0.0,-1.5307244401088287,1.1116151256018535e-05,0.028658366,-1.3384017944335938
2024-07-18 02:00:00,0.0,-6.723943541459377,1.1116151256018535e-05,0.026925595,-1.2401885986328125
2024-07-18 03:00:00,0.0,-10.762243770937971,1.1116151256018535e-05,0.012325165,-1.1594696044921875
2024-07-18 04:00:00,0.0,-2.727886834477931,1.1116151256018535e-05,0.026233124,-0.8160209655761719
2024-07-18 05:00:00,0.5599999999999999,5.874276149216053,0.5726915100014931,0.624037,-0.0868988037109375
2024-07-18 06:00:00,15.130000000000004,10.162194547691636,12.428001499138112,13.36756,6.179500579833984
2024-07-18 07:00:00,47.576,35.20058204239059,44.26264169753201,43.64604,26.826204299926758
2024-07-18 08:00:00,89.24600000000001,75.97969418229528,89.23526871082736,89.99958,65.73695373535156
2024-07-18 09:00:00,122.966,118.97434240028912,125.31201690625996,125.90442,123.57844543457031
2024-07-18 10:00:00,158.93,141.60418422643647,147.3868574322063,148.75066,154.05206298828125
2024-07-18 11:00:00,177.91600000000005,169.27418971944672,172.63934768689157,169.93411,165.565673828125
2024-07-18 12:00:00,181.38,173.31249130757442,179.38357598514955,172.7488,157.6848907470703
2024-07-18 13:00:00,163.84400000000002,161.40524055771817,163.94836777339907,156.67188,131.43142700195312
2024-07-18 14:00:00,148.284,129.51090602780846,138.35354404403685,138.35895,118.48043823242188
2024-07-18 15:00:00,114.1,110.20250020534732,117.39383888977689,116.15898,91.84219360351562
2024-07-18 16:00:00,76.38,70.812793129776,73.79182947080112,76.20472,52.284549713134766
2024-07-18 17:00:00,36.736,39.42737591245504,36.75049197867277,38.058746,22.976652145385742
2024-07-18 18:00:00,9.32,10.833122229538631,9.411789544421914,9.176248,5.3323211669921875
2024-07-18 19:00:00,0.0,-2.422605638746144,0.00017669834478090043,0.23145424,-0.9930915832519531
2024-07-18 20:00:00,0.0,-0.1954634276684617,1.1116151256018535e-05,0.2660548,-1.3638153076171875
2024-07-18 21:00:00,0.0,1.960322578472835,1.1116151256018535e-05,0.03366846,-1.2102699279785156
2024-07-18 22:00:00,0.0,2.739610182167838,1.1116151256018535e-05,0.037477728,-1.0227203369140625
2024-07-18 23:00:00,0.0,3.1136262957398793,1.1116151256018535e-05,-0.021435978,-0.8460502624511719
2024-07-19 00:00:00,0.0,3.7544669578601564,1.1116151256018535e-05,-0.019317074,-0.8240852355957031
2024-07-19 01:00:00,0.0,2.7526926496979747,1.1116151256018535e-05,-0.022401677,-0.8823127746582031
2024-07-19 02:00:00,0.0,3.9163997301829463,1.1116151256018535e-05,0.07361213,-1.0122413635253906
2024-07-19 03:00:00,0.0,3.032640595570114,1.1116151256018535e-05,0.06349688,-0.9520530700683594
2024-07-19 04:00:00,0.0,5.5868370039909205,1.1116151256018535e-05,0.0044752583,-1.4800262451171875
2024-07-19 05:00:00,0.5559999999999999,9.08512629772417,0.6030967574762403,0.5061645,-1.2852935791015625
2024-07-19 06:00:00,14.486000000000002,15.294931758619382,13.995678556081169,14.220346,11.178813934326172
2024-07-19 07:00:00,44.724,40.5244202520318,40.476661135699366,42.36691,38.816444396972656
2024-07-19 08:00:00,85.87,78.78017404508091,87.51056774698257,86.621826,79.53018951416016
2024-07-19 09:00:00,128.294,121.58340137411417,124.99494586844907,125.36912,121.52267456054688
2024-07-19 10:00:00,158.69000000000003,156.83997165945092,156.2981574125092,157.43887,152.19410705566406
2024-07-19 11:00:00,176.86,174.41106323674043,174.87022509016163,173.14883,160.46726989746094
2024-07-19 12:00:00,176.4,179.19373957411133,182.99946716420126,176.69734,143.9854736328125
2024-07-19 13:00:00,169.69000000000003,162.69956525079758,164.8282213182982,160.66003,133.49021911621094
2024-07-19 14:00:00,150.906,143.9227131265492,147.9368098510025,147.44786,129.47222900390625
2024-07-19 15:00:00,120.706,114.2867728083281,116.7102835332855,117.98012,103.6785888671875
2024-07-19 16:00:00,81.96600000000001,79.61636327089633,80.83361301496164,81.464066,61.436702728271484
2024-07-19 17:00:00,42.870000000000005,43.65395766614346,41.85644573489615,41.786835,27.578811645507812
2024-07-19 18:00:00,11.51,14.553620923789824,11.577454899622683,11.865147,6.008785247802734
2024-07-19 19:00:00,0.0,-2.830632658134422,0.008236698344780902,0.128218,-0.994049072265625
2024-07-19 20:00:00,0.0,-1.5029315797728962,1.1116151256018535e-05,0.0071857194,-1.4222908020019531
2024-07-19 21:00:00,0.0,1.4413167487033514,1.1116151256018535e-05,0.04439558,-1.3022613525390625
2024-07-19 22:00:00,0.0,-1.5708559751626305,1.1116151256018535e-05,0.046059813,-1.1828041076660156
2024-07-19 23:00:00,0.0,-0.5804462746552996,1.1116151256018535e-05,0.03437548,-1.1876182556152344
2024-07-20 00:00:00,0.0,1.4829720032170335,1.1116151256018535e-05,0.021323068,-1.2138748168945312
2024-07-20 01:00:00,0.0,3.659064365580911,1.1116151256018535e-05,0.024718719,-1.2220611572265625
2024-07-20 02:00:00,0.0,4.4992380846249,1.1116151256018535e-05,0.035687637,-1.107452392578125
2024-07-20 03:00:00,0.0,4.1838151368236245,1.1116151256018535e-05,0.033568736,-1.3818626403808594
2024-07-20 04:00:00,0.0,4.778254076015793,1.1116151256018535e-05,0.01875415,-1.4186935424804688
2024-07-20 05:00:00,0.65,6.644638534590486,0.6154288447778277,0.5512681,-1.8895721435546875
2024-07-20 06:00:00,16.494,11.406484047499347,15.507130071026339,15.271836,8.221916198730469
2024-07-20 07:00:00,53.084,42.72298860998974,47.25470798750044,47.656296,38.47433090209961
2024-07-20 08:00:00,96.004,90.47290617237417,96.08462950324979,94.27934,86.50508880615234
2024-07-20 09:00:00,133.91,132.46137101252245,134.20386072048362,135.11348,132.7122039794922
2024-07-20 10:00:00,162.29000000000002,160.23546034842354,164.19814810053768,163.10869,161.8677978515625
2024-07-20 11:00:00,174.524,176.91611019749337,174.48698784067878,172.2253,174.96873474121094
2024-07-20 12:00:00,176.284,175.78400529623303,176.56681817659822,170.40431,172.2742156982422
2024-07-20 13:00:00,148.13,165.1702835402861,158.34616928571424,157.88074,154.56414794921875
2024-07-20 14:00:00,140.256,120.33245766121917,125.63052619338627,128.85696,128.8516845703125
2024-07-20 15:00:00,96.654,113.8009501893049,104.59358749635658,104.660965,79.12413024902344
2024-07-20 16:00:00,50.38,58.79283173422467,61.86731823012659,61.06664,45.03910827636719
2024-07-20 17:00:00,25.89,20.916217060533246,26.43717921385574,26.557442,18.17909049987793
2024-07-20 18:00:00,7.420000000000001,13.307356640842542,7.951930168972973,8.749024,2.7605438232421875
2024-07-20 19:00:00,0.0,0.269690972744578,5.6790891740447614e-05,-0.12501036,-0.8294181823730469
2024-07-20 20:00:00,0.0,-1.2724599036996112,1.1116151256018535e-05,-0.19478159,-0.9923286437988281
2024-07-20 21:00:00,0.0,-0.20514881290637144,1.1116151256018535e-05,0.0054500224,-0.9377670288085938
2024-07-20 22:00:00,0.0,-1.6174606536942373,1.1116151256018535e-05,0.01875415,-1.0114326477050781
2024-07-20 23:00:00,0.0,0.2331336006681064,1.1116151256018535e-05,0.024718719,-1.0803794860839844
2024-07-21 00:00:00,0.0,1.0810077497235409,1.1116151256018535e-05,0.02052654,-1.1125869750976562
2024-07-21 01:00:00,0.0,0.09506437379753496,1.1116151256018535e-05,0.02052654,-1.1003761291503906
2024-07-21 02:00:00,0.0,4.0708900311961695,1.1116151256018535e-05,0.025192743,-0.908233642578125
2024-07-21 03:00:00,0.0,1.0743694163537576,1.1116151256018535e-05,0.025192743,-0.9909553527832031
2024-07-21 04:00:00,0.0,3.879093423370697,1.1116151256018535e-05,0.023297157,-0.9094390869140625
2024-07-21 05:00:00,0.52,9.630889384677007,0.47023985281385305,0.39921418,-1.3013458251953125
2024-07-21 06:00:00,14.914,14.12961850379897,14.405090254818976,14.6586485,6.707691192626953
2024-07-21 07:00:00,46.61000000000001,39.42752175323243,43.151130217367616,44.189316,34.43999481201172
2024-07-21 08:00:00,82.29,80.19352351574128,84.43014972028232,87.25671,74.70783996582031
2024-07-21 09:00:00,119.05,115.22819775032886,119.71383648740473,122.32412,122.92039489746094
2024-07-21 10:00:00,144.924,146.05283196855834,150.30149627860328,150.38849,147.3496856689453
2024-07-21 11:00:00,161.21,160.11009621502942,159.54075563019495,156.26703,156.116943359375
2024-07-21 12:00:00,164.91,164.96507614605386,157.20581296733178,153.6229,149.0523223876953
2024-07-21 13:00:00,143.634,156.18300784140277,150.5131265425377,152.97183,132.82403564453125
2024-07-21 14:00:00,119.64,118.23716851636036,115.72935096576825,122.774376,111.37959289550781
2024-07-21 15:00:00,77.82400000000001,89.46720945115234,86.76798052443608,87.089,75.14883422851562
2024-07-21 16:00:00,53.846,45.1477024258764,39.409703828767555,41.216316,37.25782012939453
2024-07-21 17:00:00,27.06,32.34000863167941,22.70778495182724,23.748503,14.2386474609375
2024-07-21 18:00:00,8.06,9.713248658455818,7.552832065469581,6.384042,4.447834014892578
2024-07-21 19:00:00,0.0,-1.768062775038517,9.573561535853807e-05,0.04554305,-0.3534049987792969
2024-07-21 20:00:00,0.0,-2.3646693256735194,1.1116151256018535e-05,-0.0022088443,-0.9910240173339844
2024-07-21 21:00:00,0.0,-0.008150478679688877,1.1116151256018535e-05,0.02696425,-1.1825599670410156
2024-07-21 22:00:00,0.0,0.03851988933100303,1.1116151256018535e-05,0.024718719,-1.1614418029785156
2024-07-21 23:00:00,0.0,-0.05685576883880317,1.1116151256018535e-05,0.031039441,-1.0808563232421875
2024-07-22 00:00:00,0.0,-0.2796941112525979,1.1116151256018535e-05,0.023073837,-1.0297317504882812
2024-07-22 01:00:00,0.0,-2.409104476699413,1.1116151256018535e-05,0.023073837,-1.0097198486328125
2024-07-22 02:00:00,0.0,-0.6385076377789329,1.1116151256018535e-05,0.023073837,-0.8979415893554688
2024-07-22 03:00:00,0.0,-0.3160674681621789,1.1116151256018535e-05,0.023073837,-1.00439453125
2024-07-22 04:00:00,0.0,4.9099667476737885,1.1116151256018535e-05,0.023073837,-0.9553260803222656
2024-07-22 05:00:00,0.0,7.637226709009816,0.01214,0.36404,-0.9539146423339844
2024-07-22 06:00:00,17.024,11.595990377942451,14.569632479370675,12.382786,6.147678375244141
2024-07-22 07:00:00,48.31,41.1272062153341,49.52034802614802,49.04731,25.555776596069336
2024-07-22 08:00:00,91.346,80.91058748954376,90.55308454077411,90.245255,73.0595703125
2024-07-22 09:00:00,128.606,125.23056441903063,128.02277995943453,130.8617,124.37019348144531
2024-07-22 10:00:00,159.19400000000002,155.24567408927692,152.81152176581492,152.25061,154.68238830566406
2024-07-22 11:00:00,177.24,175.02051184794317,173.19040698109083,164.23776,166.20669555664062
2024-07-22 12:00:00,168.31,179.69046134582982,176.8700462758756,170.87753,155.74037170410156
2024-07-22 13:00:00,143.08,152.25117803333015,153.2055120121535,152.55415,141.60838317871094
2024-07-22 14:00:00,109.906,117.13787360130846,112.55511379176355,123.368095,123.90872192382812
2024-07-22 15:00:00,34.74,79.97051399371821,83.85452502005006,79.51516,79.27596282958984
2024-07-22 16:00:00,10.64,3.876122258871383,18.59128322593167,23.084175,34.89836120605469
2024-07-22 17:00:00,6.15,8.941204442163949,9.18945543417367,8.573728,8.712757110595703
2024-07-22 18:00:00,1.7600000000000002,10.786848909356426,3.207070380952381,1.4268703,-0.27657318115234375
2024-07-22 19:00:00,0.0,4.870858654939406,1.1116151256018535e-05,-0.09422004,-1.0357093811035156
2024-07-22 20:00:00,0.0,4.83716280063285,1.1116151256018535e-05,0.0048079747,-1.1604042053222656
2024-07-22 21:00:00,0.0,3.273745400574371,1.1116151256018535e-05,0.023379609,-1.1421699523925781
2024-07-22 22:00:00,0.0,3.9774794720919644,1.1116151256018535e-05,0.035625275,-1.1047096252441406
2024-07-22 23:00:00,0.0,1.6018271752954027,1.1116151256018535e-05,0.03658574,-1.1757011413574219
2024-07-23 00:00:00,0.0,-2.5675607111471788,1.1116151256018535e-05,0.03207077,-1.2677268981933594
2024-07-23 01:00:00,0.0,-5.0778814175646145,1.1116151256018535e-05,0.03207077,-1.3245201110839844
2024-07-23 02:00:00,0.0,-5.853346989280966,1.1116151256018535e-05,0.029951867,-1.2564163208007812
2024-07-23 03:00:00,0.0,-8.554023104287847,1.1116151256018535e-05,0.029951867,-1.3863029479980469
2024-07-23 04:00:00,0.0,2.0738108474345847,1.1116151256018535e-05,0.0345292,-1.0315971374511719
2024-07-23 05:00:00,0.0,7.519577026770772,0.0,0.36834228,-0.15987777709960938
2024-07-23 06:00:00,12.340000000000002,10.431808763297951,8.021192204694147,8.770823,6.222904205322266
2024-07-23 07:00:00,32.64,31.982918129585666,36.12632205517546,33.926384,23.86026382446289
2024-07-23 08:00:00,55.66,56.98670261431162,61.24708903651038,62.92211,51.501731872558594
2024-07-23 09:00:00,86.116,78.65287804832812,88.30628041555953,90.65667,86.74624633789062
2024-07-23 10:00:00,122.98,106.94379560087802,120.43031456246658,120.38285,106.36705780029297
2024-07-23 11:00:00,134.05,140.89594067117974,135.07252638098754,132.5888,119.58856201171875
2024-07-23 12:00:00,138.744,134.98432056266802,126.98520222594354,132.80295,131.90756225585938
2024-07-23 13:00:00,159.71,128.57605791151067,125.06572977480009,126.53335,103.34680938720703
2024-07-23 14:00:00,145.134,147.65386615602503,127.58578399478756,123.7259,109.6957778930664
2024-07-23 15:00:00,113.21,111.98553496950859,113.09000428962987,114.80671,81.42041015625
2024-07-23 16:00:00,75.42999999999999,72.64277419902305,71.16505607969665,70.85962,43.76079559326172
2024-07-23 17:00:00,38.246,39.016940675038505,36.291385416789375,36.997353,19.909526824951172
2024-07-23 18:00:00,9.86,11.876923822542102,9.957553963569794,10.626088,6.163787841796875
2024-07-23 19:00:00,0.0,-3.523981659004656,0.0061957356153585375,0.10037928,-0.6995925903320312
2024-07-23 20:00:00,0.0,-1.8697531327811938,1.1116151256018535e-05,-0.072881036,-1.2988204956054688
2024-07-23 21:00:00,0.0,2.5787550917569897,1.1116151256018535e-05,0.010493624,-1.2147789001464844
2024-07-23 22:00:00,0.0,2.107269668607265,1.1116151256018535e-05,0.02607807,-1.169158935546875
2024-07-23 23:00:00,0.0,1.3904185909468532,1.1116151256018535e-05,0.012307164,-1.2195396423339844
2024-07-24 00:00:00,0.0,3.537349665973418,1.1116151256018535e-05,0.006251366,-1.3081283569335938
2024-07-24 01:00:00,0.0,4.979461545922196,1.1116151256018535e-05,0.005532879,-1.4095001220703125
2024-07-24 02:00:00,0.0,1.4024968382090826,1.1116151256018535e-05,0.005532879,-1.3229522705078125
2024-07-24 03:00:00,0.0,0.5293094151353965,1.1116151256018535e-05,0.028289665,-1.4952583312988281
2024-07-24 04:00:00,0.0,1.5653560072857338,1.1116151256018535e-05,0.03506394,-1.3974723815917969
2024-07-24 05:00:00,0.0,4.052509115455725,0.0,0.35434392,-1.2904548645019531
2024-07-24 06:00:00,14.936000000000002,8.215994967945146,13.716218907491688,13.072256,6.0185089111328125
2024-07-24 07:00:00,45.36000000000001,36.58937807515736,43.89778950677936,43.06252,24.978137969970703
2024-07-24 08:00:00,85.20400000000001,76.7746840096863,84.04778739611727,85.32828,63.6754150390625
2024-07-24 09:00:00,126.044,117.73430845732824,121.12273577701094,120.16027,122.08837890625
2024-07-24 10:00:00,154.17600000000002,153.52712140756663,148.5499928750043,147.51012,155.20065307617188
2024-07-24 11:00:00,171.95600000000002,168.69486323997268,166.9223323528291,168.2984,173.13320922851562
2024-07-24 12:00:00,170.97000000000003,173.88699238867042,168.99320661381975,174.8151,169.77099609375
2024-07-24 13:00:00,149.82000000000002,157.24803839553164,158.29638447594382,157.31569,159.06048583984375
2024-07-24 14:00:00,141.58,123.32380931328507,129.75669295990127,129.3339,133.936767578125
2024-07-24 15:00:00,113.934,114.06190751123296,107.21837159701272,107.548485,85.75584411621094
2024-07-24 16:00:00,69.66000000000001,77.2606971057453,74.5093838864273,74.887245,52.85881805419922
2024-07-24 17:00:00,34.43,33.57826510882539,34.036576916834136,32.7085,27.70691680908203
2024-07-24 18:00:00,9.206,11.621148426446215,8.450319117973242,9.112086,5.4670257568359375
2024-07-24 19:00:00,0.0,-1.729553837130113,0.00017669834478090043,-0.033702604,-0.8860282897949219
2024-07-24 20:00:00,0.0,-0.16385295460076899,1.1116151256018535e-05,-0.016343694,-1.1050300598144531
2024-07-24 21:00:00,0.0,2.1349104780433694,1.1116151256018535e-05,0.010493624,-1.0884666442871094
2024-07-24 22:00:00,0.0,0.4893370199734717,1.1116151256018535e-05,0.014363703,-1.0495681762695312
2024-07-24 23:00:00,0.0,1.9381714225902087,1.1116151256018535e-05,0.03656774,-1.0142669677734375
2024-07-25 00:00:00,0.0,1.8105142168048987,1.1116151256018535e-05,0.03656774,-0.9927635192871094
2024-07-25 01:00:00,0.0,1.2960364610916404,1.1116151256018535e-05,0.029933866,-0.9859046936035156
2024-07-25 02:00:00,0.0,3.916162861800193,1.1116151256018535e-05,0.029951867,-0.93695068359375
2024-07-25 03:00:00,0.0,1.7272511343408634,1.1116151256018535e-05,0.029933866,-1.1335487365722656
2024-07-25 04:00:00,0.0,1.973179669764395,1.1116151256018535e-05,0.06823334,-1.2299461364746094
2024-07-25 05:00:00,0.0,6.339077010872055,0.0,0.36046913,-1.2135963439941406
2024-07-25 06:00:00,12.170000000000002,11.694255886317578,13.661594560865653,12.031666,7.071720123291016
2024-07-25 07:00:00,37.996,34.79745104193715,35.722475604805865,33.964947,28.908763885498047
2024-07-25 08:00:00,77.63,70.03486046862827,73.63826305592224,72.05167,64.2742919921875
2024-07-25 09:00:00,113.22,114.01498641692993,115.69813945474424,115.02293,109.41580200195312
2024-07-25 10:00:00,139.58,142.64753729033004,143.08223766811707,143.49582,142.5988311767578
2024-07-25 11:00:00,160.14,157.23859241868263,154.86605783766856,157.85602,156.9193115234375
2024-07-25 12:00:00,173.01600000000002,166.9709895027267,162.90919187316996,162.6125,159.21559143066406
2024-07-25 13:00:00,146.884,167.35470391921407,159.94261173995454,161.88766,154.12733459472656
2024-07-25 14:00:00,144.294,119.09252547566527,126.00121373197561,130.56718,139.15093994140625
2024-07-25 15:00:00,111.42000000000002,117.91937364059996,107.43870919467805,110.91765,93.95623779296875
2024-07-25 16:00:00,73.116,71.48324351982856,71.08716713756861,70.99815,58.41298294067383
2024-07-25 17:00:00,35.036,37.161640126351365,35.56005196716424,35.21693,29.50662612915039
2024-07-25 18:00:00,9.116,10.090649354709855,8.504915139276077,8.718725,7.164299011230469
2024-07-25 19:00:00,0.0,-3.318641809582962,0.00017669834478090043,-0.049344227,-0.6486625671386719
2024-07-25 20:00:00,0.0,-0.2644331116267087,1.1116151256018535e-05,-0.00402074,-1.02362060546875
2024-07-25 21:00:00,0.0,0.36841746302609435,1.1116151256018535e-05,0.009679094,-1.1088409423828125
2024-07-25 22:00:00,0.0,-0.7795204133311304,1.1116151256018535e-05,0.013549176,-1.1377296447753906
2024-07-25 23:00:00,0.0,1.051556187948861,1.1116151256018535e-05,0.013549176,-1.1134071350097656
2024-07-26 00:00:00,0.0,1.5665752538979891,1.1116151256018535e-05,0.02336143,-1.09283447265625
2024-07-26 01:00:00,0.0,-0.7048091674098815,1.1116151256018535e-05,0.0150964195,-1.08892822265625
2024-07-26 02:00:00,0.0,3.1933873943960354,1.1116151256018535e-05,0.035922367,-0.9445114135742188
2024-07-26 03:00:00,0.0,-0.37475452207512805,1.1116151256018535e-05,0.037571505,-1.16510009765625
2024-07-26 04:00:00,0.0,1.6285338924571835,1.1116151256018535e-05,0.037571505,-1.3124885559082031
2024-07-26 05:00:00,0.0,5.184258732519599,0.0,0.4115929,-1.5714988708496094
2024-07-26 06:00:00,12.824000000000002,10.820782033144036,12.740001506896567,11.338336,5.933460235595703
2024-07-26 07:00:00,36.88,36.1393317676213,41.3674592688726,41.29708,25.974605560302734
2024-07-26 08:00:00,66.91000000000001,69.41427829859094,72.94111318857311,71.3039,63.85896301269531
2024-07-26 09:00:00,75.35000000000001,100.63320023735474,100.37443432151444,101.53151,106.21040344238281
2024-07-26 10:00:00,105.744,95.22244742134865,101.87500019150826,90.701675,129.87124633789062
2024-07-26 11:00:00,143.324,127.47678852186141,128.57156976922764,132.62749,99.3775634765625
2024-07-26 12:00:00,170.29000000000002,161.04495662835285,138.52385889052374,142.12862,127.49882507324219
2024-07-26 13:00:00,164.43,172.71604353957463,151.1812087429653,157.51064,142.5836181640625
2024-07-26 14:00:00,137.906,142.99482397028757,142.5828689977512,145.36142,134.27854919433594
2024-07-26 15:00:00,106.58,104.91809780242869,99.16856169473951,99.958954,98.90681457519531
2024-07-26 16:00:00,66.104,73.23210730800551,67.61968913093803,67.9294,57.50160217285156
2024-07-26 17:00:00,34.550000000000004,33.93915077171583,31.003057512701176,30.530762,26.31644058227539
2024-07-26 18:00:00,8.85,12.671765218650354,8.418107470655812,8.597162,6.971076965332031
2024-07-26 19:00:00,0.0,-4.7524083471088305,0.00011127778403323686,-0.055549316,-0.5964622497558594
2024-07-26 20:00:00,0.0,-2.568276999469777,1.1116151256018535e-05,-0.091286264,-1.0410728454589844
2024-07-26 21:00:00,0.0,0.62563342798759,1.1116151256018535e-05,0.020191995,-1.1062431335449219
2024-07-26 22:00:00,0.0,2.608745108401398,1.1116151256018535e-05,0.022005538,-1.1336860656738281
2024-07-26 23:00:00,0.0,4.404084647835825,1.1116151256018535e-05,0.013549176,-1.1580772399902344
2024-07-27 00:00:00,0.0,3.1001049484220946,1.1116151256018535e-05,0.013567177,-1.1916275024414062
2024-07-27 01:00:00,0.0,-0.1701531765406088,1.1116151256018535e-05,0.032395333,-1.1985015869140625
2024-07-27 02:00:00,0.0,-0.6271035550786448,1.1116151256018535e-05,0.03072883,-1.0470542907714844
2024-07-27 03:00:00,0.0,-0.4333994462415336,1.1116151256018535e-05,0.016745554,-1.0620803833007812
2024-07-27 04:00:00,0.0,0.4589806743041477,1.1116151256018535e-05,0.027766455,-1.0793724060058594
2024-07-27 05:00:00,0.0,4.700873856907138,0.0,0.4595198,-1.3278579711914062
2024-07-27 06:00:00,11.784,8.837141313333731,14.111042051976757,12.881338,4.393642425537109
2024-07-27 07:00:00,35.914,33.101288913265904,36.672131064667084,34.374317,24.018144607543945
2024-07-27 08:00:00,70.266,67.4448530546824,69.4605971783468,70.971016,53.74386978149414
2024-07-27 09:00:00,107.28,104.66964054633644,109.57473009588013,108.34791,102.53749084472656
2024-07-27 10:00:00,138.95000000000002,137.85061294268525,136.02280831199326,139.73813,137.81021118164062
2024-07-27 11:00:00,159.52,160.27081524885594,157.1807412030366,159.51003,157.20782470703125
2024-07-27 12:00:00,172.616,168.2103144640917,166.02746602289164,164.17653,161.02940368652344
2024-07-27 13:00:00,163.924,168.6607417040121,158.93093311072923,162.45184,151.84716796875
2024-07-27 14:00:00,143.73,141.79642263000702,142.365549975278,142.81447,135.37416076660156
2024-07-27 15:00:00,112.384,111.49226026064636,108.57497271147065,112.09548,106.97357177734375
2024-07-27 16:00:00,71.924,75.01969331724484,71.25383929466966,71.990974,66.29924011230469
2024-07-27 17:00:00,34.03,36.249463806355536,35.20471578107866,34.30906,30.203264236450195
2024-07-27 18:00:00,8.440000000000001,9.598021473212224,8.41755509745293,8.616134,6.83966064453125
2024-07-27 19:00:00,0.0,-2.8790066143241324,0.00011127778403323686,0.025379205,-0.6832923889160156
2024-07-27 20:00:00,0.0,-0.23849704856677678,1.1116151256018535e-05,-0.06207515,-1.0143470764160156
2024-07-27 21:00:00,0.0,1.3472594211087163,1.1116151256018535e-05,0.011731294,-1.0447311401367188
2024-07-27 22:00:00,0.0,-0.6691746831567338,1.1116151256018535e-05,0.03634594,-1.0825271606445312
2024-07-27 23:00:00,0.0,0.6781701673948857,1.1116151256018535e-05,0.027386568,-1.1454620361328125
2024-07-28 00:00:00,0.0,1.8748841261696356,1.1116151256018535e-05,0.02740457,-1.2027053833007812
2024-07-28 01:00:00,0.0,0.9788811608591333,1.1116151256018535e-05,0.02740457,-1.2389335632324219
2024-07-28 02:00:00,0.0,1.423253117197302,1.1116151256018535e-05,0.009433402,-1.3048477172851562
2024-07-28 03:00:00,0.0,0.9934599243845134,1.1116151256018535e-05,0.0119807,-1.4304885864257812
2024-07-28 04:00:00,0.0,1.1230024919620327,1.1116151256018535e-05,0.038425464,-1.6159629821777344
2024-07-28 05:00:00,0.0,4.60929654144285,0.0,0.40178788,-1.6837272644042969
2024-07-28 06:00:00,10.37,10.446681688772799,14.071766439718074,13.282905,5.297187805175781
2024-07-28 07:00:00,29.03,32.071002578027844,36.212809201576746,32.216793,23.84462547302246
2024-07-28 08:00:00,58.89600000000001,57.57961752630058,54.11586407886723,55.730404,55.53156280517578
2024-07-28 09:00:00,91.34,91.55764660260687,89.7570498099287,91.106865,89.03384399414062
2024-07-28 10:00:00,120.91,121.02548733847613,128.3858703346141,126.055214,115.3509521484375
2024-07-28 11:00:00,132.17600000000002,142.59538860190017,144.512866605022,142.6833,129.39422607421875
2024-07-28 12:00:00,113.54000000000002,138.89029137178773,146.135997363513,139.17168,141.73570251464844
2024-07-28 13:00:00,121.49,103.3049346389727,116.22634198008758,125.66331,133.88087463378906
2024-07-28 14:00:00,104.35,114.09181398134723,106.59042469347214,109.72695,109.04721069335938
2024-07-28 15:00:00,82.93400000000001,80.08992999287995,78.92033459459334,80.09959,85.52066040039062
2024-07-28 16:00:00,43.54,54.49287866183668,54.816521286370865,53.60414,52.69076156616211
2024-07-28 17:00:00,19.9,14.828418225332413,21.498380820177402,20.055967,25.31641960144043
2024-07-28 18:00:00,5.266,4.36973729647209,5.36622420300752,6.0155344,8.445331573486328
2024-07-28 19:00:00,0.0,-1.697720333295413,1.1116151256018535e-05,0.025622642,0.24836349487304688
2024-07-28 20:00:00,0.0,-2.7866281488650797,1.1116151256018535e-05,0.0073162173,-1.1057243347167969
2024-07-28 21:00:00,0.0,-0.28502226372724504,1.1116151256018535e-05,0.024648547,-1.2489852905273438
2024-07-28 22:00:00,0.0,-1.9670671350857138,1.1116151256018535e-05,0.027287636,-1.2453804016113281
2024-07-28 23:00:00,0.0,-2.0244021234006784,1.1116151256018535e-05,0.027287636,-1.211761474609375
2024-07-29 00:00:00,0.0,-2.134097511859274,1.1116151256018535e-05,0.02258308,-1.229522705078125
2024-07-29 01:00:00,0.0,0.8307608291837125,1.1116151256018535e-05,0.02258308,-1.2181472778320312
2024-07-29 02:00:00,0.0,-1.916329698046141,1.1116151256018535e-05,0.032395333,-1.1899070739746094
2024-07-29 03:00:00,0.0,-1.5795101891187393,1.1116151256018535e-05,0.025761457,-1.2491340637207031
2024-07-29 04:00:00,0.0,-0.4819212789899545,1.1116151256018535e-05,0.014689013,-1.2720718383789062
2024-07-29 05:00:00,0.0,5.647867530354681,0.0,0.36514202,-1.0623855590820312
2024-07-29 06:00:00,11.444,10.949181228812076,14.040149668940971,12.76025,4.2657623291015625
2024-07-29 07:00:00,36.564,33.92334203715078,38.08682525594888,35.086815,24.968704223632812
2024-07-29 08:00:00,74.07600000000001,67.54455250147603,70.69171292951489,69.70618,54.75714874267578
2024-07-29 09:00:00,110.93,108.98116876286997,108.49496252226702,110.24783,105.39496612548828
2024-07-29 10:00:00,118.024,139.37374166097857,141.53021918926657,140.43282,138.825927734375
2024-07-29 11:00:00,137.0,126.44211411194576,131.39194173236254,131.47081,155.98611450195312
2024-07-29 12:00:00,134.35,142.46255319678332,122.95162194017233,122.91852,110.31838989257812
2024-07-29 13:00:00,147.006,126.46361766566278,120.25020900796395,122.87298,111.9769287109375
2024-07-29 14:00:00,102.166,135.30087272636823,124.31348891025644,122.02198,84.09965515136719
2024-07-29 15:00:00,76.55,67.10041291520275,72.7893528665158,65.506485,58.86788558959961
2024-07-29 16:00:00,30.67,51.176378720736174,39.70461510273307,39.344273,27.72994041442871
2024-07-29 17:00:00,22.21,8.149881092953187,12.741977798502267,13.767696,10.108287811279297
2024-07-29 18:00:00,5.84,17.789621395727004,5.009233976190475,4.618493,1.8329200744628906
2024-07-29 19:00:00,0.0,1.2531948189013267,5.6790891740447614e-05,0.013801512,-1.2078628540039062
2024-07-29 20:00:00,0.0,-2.546027521597126,1.1116151256018535e-05,0.027304899,-1.3775367736816406
2024-07-29 21:00:00,0.0,1.440033240068519,1.1116151256018535e-05,0.0971801,-1.2766456604003906
2024-07-29 22:00:00,0.0,-4.478451895550973,1.1116151256018535e-05,0.031043528,-1.1558341979980469
2024-07-29 23:00:00,0.0,0.25339899750309036,1.1116151256018535e-05,0.0248075,-1.1066436767578125
2024-07-30 00:00:00,0.0,-0.34658262842181387,1.1116151256018535e-05,0.014300525,-1.1353530883789062
2024-07-30 01:00:00,0.0,1.9929841717224628,1.1116151256018535e-05,0.011621291,-1.1587181091308594
2024-07-30 02:00:00,0.0,-2.240725513928607,1.1116151256018535e-05,0.024718719,-0.9734039306640625
2024-07-30 03:00:00,0.0,1.2687725675219594,1.1116151256018535e-05,0.024718719,-0.9988975524902344
2024-07-30 04:00:00,0.0,0.0857307184453373,1.1116151256018535e-05,0.020517608,-1.1903190612792969
2024-07-30 05:00:00,0.0,7.0810205300399724,0.0,0.33638865,-1.7598991394042969
2024-07-30 06:00:00,12.656,9.7558195482002,12.258305179633114,11.627008,6.902263641357422
2024-07-30 07:00:00,42.47,34.67081196539148,35.15860717783192,38.747955,30.092708587646484
2024-07-30 08:00:00,86.566,73.6500092493799,79.553510104143,79.34529,60.76350784301758
2024-07-30 09:00:00,124.9,120.88166444263905,120.34848991850836,123.01645,116.52604675292969
2024-07-30 10:00:00,155.334,148.74478377596733,150.16446883376273,150.93115,152.65139770507812
2024-07-30 11:00:00,166.144,167.2563716139098,168.98819426849653,167.05418,169.1990966796875
2024-07-30 12:00:00,176.756,163.505219252862,161.69158466801807,165.01266,168.8094024658203
2024-07-30 13:00:00,156.616,165.4436849552821,154.30932038690884,156.53114,149.76031494140625
2024-07-30 14:00:00,138.8,127.30170369981508,127.4284948834754,130.18964,129.47145080566406
2024-07-30 15:00:00,96.176,105.55505741508588,99.6884637777353,100.4319,88.83938598632812
2024-07-30 16:00:00,54.696000000000005,56.87314300388842,59.95471656011353,59.603363,51.505367279052734
2024-07-30 17:00:00,27.200000000000003,25.295648117717715,24.47716404269956,24.245306,19.62893295288086
2024-07-30 18:00:00,6.724,12.62708988764934,7.5019064802691355,7.5339475,1.9665451049804688
2024-07-30 19:00:00,0.0,-0.8771428304992126,5.6790891740447614e-05,0.02907796,-1.1497001647949219
2024-07-30 20:00:00,0.0,0.5506711721634864,1.1116151256018535e-05,-0.22015579,-1.2326469421386719
2024-07-30 21:00:00,0.0,1.05289819003043,1.1116151256018535e-05,0.021141527,-1.122711181640625
2024-07-30 22:00:00,0.0,1.040435151562957,1.1116151256018535e-05,0.022790663,-1.0959663391113281
2024-07-30 23:00:00,0.0,1.9304370523975234,1.1116151256018535e-05,0.024718719,-1.08642578125
2024-07-31 00:00:00,0.0,2.038250195301116,1.1116151256018535e-05,0.025112377,-1.1351661682128906
2024-07-31 01:00:00,0.0,-1.238909095620535,1.1116151256018535e-05,0.025112377,-1.162506103515625
2024-07-31 02:00:00,0.0,-0.5111095041359888,1.1116151256018535e-05,0.038407464,-0.9800033569335938
2024-07-31 03:00:00,0.0,-2.2511392106478705,1.1116151256018535e-05,0.04823052,-0.9204177856445312
2024-07-31 04:00:00,0.0,0.910766058492893,1.1116151256018535e-05,0.0440294,-0.930419921875
2024-07-31 05:00:00,0.0,6.680641768814782,0.0,0.3615414,-0.8351211547851562
2024-07-31 06:00:00,11.740000000000002,11.70961492140069,11.012745640789717,11.599431,3.998088836669922
2024-07-31 07:00:00,33.924,34.24162161513583,34.05446368109668,35.180637,21.241561889648438
2024-07-31 08:00:00,62.34,63.569728459296265,64.66310916409633,62.620083,58.29859161376953
2024-07-31 09:00:00,107.51,92.37617046465093,93.66582807005474,89.68848,103.37677001953125
2024-07-31 10:00:00,143.43,139.85974110367664,138.49526426492187,141.16928,133.0740966796875
2024-07-31 11:00:00,158.22400000000002,164.9001701032865,157.5121383342599,157.57428,154.16476440429688
2024-07-31 12:00:00,142.616,162.3829279532773,161.1787555607651,162.93721,159.05596923828125
2024-07-31 13:00:00,138.656,129.11319407683604,140.93444115046398,135.64229,143.37503051757812
2024-07-31 14:00:00,146.37,124.07994787515224,119.94998370625666,123.058685,107.50112915039062
2024-07-31 15:00:00,114.85,125.34876036429466,112.37526370197266,115.03928,81.69605255126953
2024-07-31 16:00:00,70.41000000000001,74.43939145625296,75.1526334725275,75.86252,57.21158218383789
2024-07-31 17:00:00,32.886,32.89681173416459,34.451318139166666,34.243507,25.19809341430664
2024-07-31 18:00:00,7.78,9.612925905175807,8.078401083414146,8.633879,4.104633331298828
2024-07-31 19:00:00,0.0,-2.1355530788392727,9.573561535853807e-05,0.031676777,-1.0106048583984375
2024-07-31 20:00:00,0.0,-0.6145412415262523,1.1116151256018535e-05,-0.015270058,-1.2755851745605469
2024-07-31 21:00:00,0.0,-0.10038582243984107,1.1116151256018535e-05,0.012550163,-1.242279052734375
2024-07-31 22:00:00,0.0,-2.1838234526980194,1.1116151256018535e-05,0.027416121,-1.2210655212402344
2024-07-31 23:00:00,0.0,-1.8777180437197991,1.1116151256018535e-05,0.014363703,-1.22711181640625
2024-08-01 00:00:00,0.0,-0.7649986685816605,1.1116151256018535e-05,0.014363703,-1.2753562927246094
2024-08-01 01:00:00,0.0,3.467229486981288,1.1116151256018535e-05,0.038316827,-1.2790870666503906
2024-08-01 02:00:00,0.0,4.087465578496756,1.1116151256018535e-05,0.041967038,-1.0850868225097656
2024-08-01 03:00:00,0.0,-1.082443616163392,1.1116151256018535e-05,0.019945996,-1.29302978515625
2024-08-01 04:00:00,0.0,-0.18606972125153676,1.1116151256018535e-05,0.019945996,-1.1564865112304688
2024-08-01 05:00:00,0.0,4.857681712895806,0.0,0.050478157,-0.8143386840820312
2024-08-01 06:00:00,8.540000000000001,10.691542978284684,11.06245747028652,10.682907,4.120330810546875
2024-08-01 07:00:00,24.55,29.402009812895443,28.385159516930116,27.168299,22.28316879272461
2024-08-01 08:00:00,44.786,51.28418321498373,44.824962480713154,46.698017,47.74059295654297
2024-08-01 09:00:00,61.43,71.66286570688715,67.1992574092043,69.39776,80.12541198730469
2024-08-01 10:00:00,74.876,82.88602999738683,76.15427572861971,82.63555,107.00227355957031
2024-08-01 11:00:00,90.08,90.53360090694252,84.58822213450294,87.14621,103.63536834716797
2024-08-01 12:00:00,88.77000000000001,101.3050527584374,103.92271441825027,110.080765,99.77919006347656
2024-08-01 13:00:00,90.366,87.31688345261824,96.14673321854042,99.883736,105.16946411132812
2024-08-01 14:00:00,87.224,83.46483750639581,92.69397651819685,88.76862,93.24847412109375
2024-08-01 15:00:00,71.724,73.32854938154333,77.01577000000002,79.51768,73.46730041503906
2024-08-01 16:00:00,50.09,49.70113445923939,51.73516661904763,54.492653,53.63106918334961
2024-08-01 17:00:00,23.540000000000003,28.041815923901005,25.308710119047614,27.953232,30.39154815673828
2024-08-01 18:00:00,6.120000000000001,4.386513951596708,5.973765962811698,4.319302,8.467674255371094
2024-08-01 19:00:00,0.0,-4.900372404812106,0.04271111615125602,-0.004125598,0.0584869384765625
2024-08-01 20:00:00,0.0,-5.070301539519858,1.1116151256018535e-05,0.024205962,-0.6937141418457031
2024-08-01 21:00:00,0.0,-3.8799545362012653,1.1116151256018535e-05,0.027254473,-0.7496414184570312
2024-08-01 22:00:00,0.0,-3.484378979220394,1.1116151256018535e-05,0.027254473,-0.7702140808105469
2024-08-01 23:00:00,0.0,-1.6031218773385136,1.1116151256018535e-05,0.027254473,-0.7862663269042969
2024-08-02 00:00:00,0.0,-0.5525191282790609,1.1116151256018535e-05,-0.003769111,-0.8083038330078125
2024-08-02 01:00:00,0.0,0.6960117924383835,1.1116151256018535e-05,0.011801052,-0.83270263671875
2024-08-02 02:00:00,0.0,0.4368407314268121,1.1116151256018535e-05,0.011801052,-0.84014892578125
2024-08-02 03:00:00,0.0,-0.005528308685855299,1.1116151256018535e-05,0.016559316,-0.9443778991699219
2024-08-02 04:00:00,0.0,2.0012174535798644,1.1116151256018535e-05,-0.014744506,-1.2579116821289062
2024-08-02 05:00:00,0.0,4.751888301410945,0.0,0.003868149,-0.9448776245117188
2024-08-02 06:00:00,5.82,9.423919925211749,10.384629784926728,10.305311,6.874980926513672
2024-08-02 07:00:00,16.23,23.531947162468985,24.599271545942365,23.983856,29.55345344543457
2024-08-02 08:00:00,27.83,38.06541547393351,35.00076063704716,29.740402,47.997684478759766
2024-08-02 09:00:00,44.16,48.4101372124653,44.41743832176427,42.704254,57.583351135253906
2024-08-02 10:00:00,45.236,63.43271584650289,54.68754595603659,58.185184,63.942543029785156
2024-08-02 11:00:00,32.62,54.576076223658156,49.10547622240229,45.914814,68.95777893066406
2024-08-02 12:00:00,40.796,36.41311654408223,44.56637301313766,43.074387,71.57653045654297
2024-08-02 13:00:00,57.74,50.55964950908013,45.921852377544454,44.764114,70.01692199707031
2024-08-02 14:00:00,75.334,64.98420903840577,47.1468837425044,47.801464,63.49122619628906
2024-08-02 15:00:00,57.17000000000001,73.8388772766032,57.87689054022991,64.23542,50.219390869140625
2024-08-02 16:00:00,35.92,37.36623903512325,34.99610130519483,37.148823,33.54422378540039
2024-08-02 17:00:00,17.344,18.957767864060813,16.394250757575755,17.77681,18.66740608215332
2024-08-02 18:00:00,3.94,7.034656999066068,4.6870023773565626,5.04954,6.9925384521484375
2024-08-02 19:00:00,0.0,-1.8615850223082724,0.35552144627530724,-0.031627245,1.0449790954589844
2024-08-02 20:00:00,0.0,-2.6526274576467888,0.003221446275307176,0.041697055,-0.6508903503417969
2024-08-02 21:00:00,0.0,-5.29657657459429,0.003221446275307176,0.041697055,-0.9977226257324219
2024-08-02 22:00:00,0.0,-5.6220875633006475,1.1116151256018535e-05,0.053189717,-1.0513343811035156
2024-08-02 23:00:00,0.0,-2.1210964877635177,1.1116151256018535e-05,0.053189717,-1.1046829223632812
2024-08-03 00:00:00,0.0,3.388534352522009,1.1116151256018535e-05,0.050791286,-1.1804428100585938
2024-08-03 01:00:00,0.0,4.060139963976697,1.1116151256018535e-05,0.06487044,-1.2169151306152344
2024-08-03 02:00:00,0.0,3.35438696242627,1.1116151256018535e-05,-0.010304523,-0.5968551635742188
2024-08-03 03:00:00,0.0,-0.3700041181708511,1.1116151256018535e-05,-0.009586036,-0.9340591430664062
2024-08-03 04:00:00,0.0,1.5658908244176735,1.1116151256018535e-05,-0.010304523,-1.1599884033203125
2024-08-03 05:00:00,0.0,4.613229905980605,0.0,-0.0044307057,8.559345245361328
2024-08-03 06:00:00,2.304,8.054223813568282,10.877414541708271,11.257553,34.722206115722656
2024-08-03 07:00:00,4.74,15.703747744871823,15.929556666666665,12.872459,55.428863525390625
2024-08-03 08:00:00,10.706,18.604838142605907,18.651605333333336,11.702831,63.97032928466797
2024-08-03 09:00:00,25.92,25.039878355336953,17.75005111111111,20.941212,67.94782257080078
2024-08-03 10:00:00,38.92400000000001,42.06991540308009,46.42070359502083,45.70682,69.95111083984375
2024-08-03 11:00:00,27.510000000000005,51.03069759550551,61.10534969709391,55.564465,71.61319732666016
2024-08-03 12:00:00,32.47,27.665964035302654,48.76950256251518,50.80198,75.48345947265625
2024-08-03 13:00:00,30.44,36.93144151974528,51.7780887568748,54.43998,75.96245574951172
2024-08-03 14:00:00,27.57,29.153403227866292,47.13650648955101,37.86135,76.14196014404297
2024-08-03 15:00:00,25.35,22.885381351846267,28.962625000000006,28.499695,71.87196350097656
2024-08-03 16:00:00,21.214,18.918880410925663,23.663726666666665,24.000687,59.126888275146484
2024-08-03 17:00:00,12.376,12.60487682164669,10.445378787878786,9.499297,40.602806091308594
2024-08-03 18:00:00,3.29,3.8900726977433377,1.8164812846517906,1.1040566,22.56145668029785
2024-08-03 19:00:00,0.0,-2.414153451371499,0.5065214617853171,0.045898166,9.705936431884766
2024-08-03 20:00:00,0.0,-3.690834357850851,0.5065214617853171,0.04269309,3.7259559631347656
2024-08-03 21:00:00,0.0,-2.128466401821787,0.5065214617853171,0.043900713,1.7578239440917969
2024-08-03 22:00:00,0.0,-4.876923979725977,0.5065214617853171,0.041697055,1.0348625183105469
2024-08-03 23:00:00,0.0,-5.6996126510482545,0.5065214617853171,0.053189717,0.40071868896484375
2024-08-04 00:00:00,0.0,-2.7040987509413226,0.5065214617853171,0.06817018,-0.12240219116210938
2024-08-04 01:00:00,0.0,-2.88343658009176,0.5065214617853171,0.06817018,-0.3120574951171875
2024-08-04 02:00:00,0.0,-0.923711247026366,0.5065214617853171,0.06378125,-0.20655441284179688
2024-08-04 03:00:00,0.0,1.1748638049846036,0.5065214617853171,0.06449973,0.3812370300292969
2024-08-04 04:00:00,0.0,3.4444835824444713,0.5065214617853171,-0.01707881,1.904632568359375
2024-08-04 05:00:00,0.0,5.827086471437571,0.0,0.0015338587,16.84092903137207
2024-08-04 06:00:00,8.459999999999999,8.663954328176303,10.404507698900487,9.642261,41.22091293334961
2024-08-04 07:00:00,24.17,25.094765279276483,30.233566237107667,29.728548,58.508628845214844
2024-08-04 08:00:00,40.44,45.190524220611074,45.339978292968716,41.196327,67.38126373291016
2024-08-04 09:00:00,46.276,60.20701829965858,58.675505967734246,59.10343,73.48816680908203
2024-08-04 10:00:00,54.13,58.757178033815514,57.00263085912508,56.932228,79.15642547607422
2024-08-04 11:00:00,68.16000000000001,63.89902518223508,57.12583841609638,54.285645,79.56112670898438
2024-08-04 12:00:00,96.77,76.28607958183511,72.46911309507733,76.93848,79.23564147949219
2024-08-04 13:00:00,116.434,103.85965997473826,101.7783785327852,106.570274,82.08605194091797
2024-08-04 14:00:00,94.804,111.15363782984204,103.66316676096551,101.871605,95.08858489990234
2024-08-04 15:00:00,75.75,68.13505039276285,67.8993707575758,65.10089,98.26274108886719
2024-08-04 16:00:00,50.900000000000006,52.81441796564031,51.669553587848924,51.69775,73.3003158569336
2024-08-04 17:00:00,26.09,29.542156781986616,22.604925333333345,24.848913,47.0131721496582
2024-08-04 18:00:00,6.5,8.912001431473826,4.889289155035346,3.4352164,22.636709213256836
2024-08-04 19:00:00,0.0,-5.3406737731174125,0.01613111615125602,0.023468127,4.07073974609375
2024-08-04 20:00:00,0.0,-5.719329548572954,1.1116151256018535e-05,0.040896885,-0.46600341796875
2024-08-04 21:00:00,0.0,-1.870824853336995,1.1116151256018535e-05,0.03493232,-0.7685508728027344
2024-08-04 22:00:00,0.0,0.8908538313311728,1.1116151256018535e-05,0.02099682,-0.8724899291992188
2024-08-04 23:00:00,0.0,4.487900646739163,1.1116151256018535e-05,0.037461527,-1.0395584106445312
2024-08-05 00:00:00,0.0,6.438110944031937,1.1116151256018535e-05,0.026948627,-1.1654701232910156
2024-08-05 01:00:00,0.0,3.3138814097381903,1.1116151256018535e-05,0.04384846,-1.2244873046875
2024-08-05 02:00:00,0.0,-1.1089163054175981,1.1116151256018535e-05,0.0790624,-0.9626426696777344
2024-08-05 03:00:00,0.0,0.781461221617478,1.1116151256018535e-05,0.04437264,-0.6937294006347656
2024-08-05 04:00:00,0.0,2.1361069276298825,1.1116151256018535e-05,0.035887323,-1.1634597778320312
2024-08-05 05:00:00,0.0,4.567717074026223,0.0,0.067692876,3.397327423095703
2024-08-05 06:00:00,3.5340000000000007,8.46717120114199,10.894185206879188,11.178098,23.530010223388672
2024-08-05 07:00:00,10.0,20.038451997612192,15.491034019607836,12.061231,42.07656478881836
2024-08-05 08:00:00,17.444,29.559523202961202,33.452730250628086,28.20503,51.483375549316406
2024-08-05 09:00:00,40.27,36.35028004040776,32.74434442634026,29.760914,57.45991134643555
2024-08-05 10:00:00,56.696000000000005,62.21084188410098,62.074546028707836,62.43298,61.912940979003906
2024-08-05 11:00:00,51.24600000000001,71.38718900029167,76.61295978531842,80.30241,78.55458068847656
2024-08-05 12:00:00,49.56,53.0081115778562,60.912708979304504,61.583607,93.02119445800781
2024-08-05 13:00:00,28.07,50.74559349980207,59.45057115052588,60.493195,89.93415832519531
2024-08-05 14:00:00,27.086,22.359878803928478,47.25761183528386,37.854435,86.41144561767578
2024-08-05 15:00:00,31.94,26.455113637252985,27.489066807017544,22.326677,77.94119262695312
2024-08-05 16:00:00,10.08,28.524054499372635,23.425933971638663,23.78151,63.3199577331543
2024-08-05 17:00:00,5.496,-2.51208573847135,10.288956499999998,7.911789,46.01943588256836
2024-08-05 18:00:00,1.08,2.9933435989621175,3.145609333333334,2.105098,24.028642654418945
2024-08-05 19:00:00,0.0,-0.6931009344572461,1.1116151256018535e-05,0.03149898,7.744903564453125
2024-08-05 20:00:00,0.0,-1.3953190303917462,1.1116151256018535e-05,0.02799027,2.80517578125
2024-08-05 21:00:00,0.0,-1.2893814211366967,1.1116151256018535e-05,0.02378916,0.8040542602539062
2024-08-05 22:00:00,0.0,-5.121195589517039,1.1116151256018535e-05,0.03340837,-0.31845855712890625
2024-08-05 23:00:00,0.0,-5.994291294548322,1.1116151256018535e-05,0.1257135,-0.7925796508789062
2024-08-06 00:00:00,0.0,-4.674041077531121,1.1116151256018535e-05,0.1424081,-1.034759521484375
2024-08-06 01:00:00,0.0,-5.450682225187232,1.1116151256018535e-05,0.1562455,-1.2048187255859375
2024-08-06 02:00:00,0.0,-0.5209273784163386,1.1116151256018535e-05,0.0010462801,-1.001312255859375
2024-08-06 03:00:00,0.0,1.6087382353079551,1.1116151256018535e-05,0.086264275,-0.3545494079589844
2024-08-06 04:00:00,0.0,1.2819360035370808,1.1116151256018535e-05,0.040525474,1.0199851989746094
2024-08-06 05:00:00,0.0,6.499841642781275,0.0,-0.46564886,11.974185943603516
2024-08-06 06:00:00,5.1240000000000006,9.996893212226409,6.835870937256044,6.8636737,37.980674743652344
2024-08-06 07:00:00,14.676,19.15409438778912,23.542385217948716,22.442417,50.69704055786133
2024-08-06 08:00:00,25.936000000000003,32.732963402737724,30.409536413274726,28.443237,57.67315673828125
2024-08-06 09:00:00,37.0,43.16490041119478,41.83624810229934,36.87476,66.05307006835938
2024-08-06 10:00:00,43.824000000000005,52.239791736722296,52.570342691128005,53.341694,74.83718872070312
2024-08-06 11:00:00,55.73400000000001,54.50082311721122,54.815741397266336,55.568592,84.40733337402344
2024-08-06 12:00:00,54.024,64.12808785747856,61.29162824441842,57.482086,86.14958190917969
2024-08-06 13:00:00,65.84,52.241411858679264,61.60995044331307,62.744835,77.43840026855469
2024-08-06 14:00:00,59.98400000000001,63.374562917851925,73.15543211299435,77.070175,61.91810989379883
2024-08-06 15:00:00,55.78,46.61158903599175,43.87249600000004,50.45646,47.2630500793457
2024-08-06 16:00:00,33.64,39.14360194789124,31.08572600000002,32.994114,27.402814865112305
2024-08-06 17:00:00,15.806,13.8282497179866,12.550965344537817,11.033732,11.058086395263672
2024-08-06 18:00:00,3.734,2.5313561209147655,3.445069520570917,3.5582821,2.32647705078125
2024-08-06 19:00:00,0.0,-3.1069534151546003,1.1116151256018535e-05,0.032750577,-0.136383056640625
2024-08-06 20:00:00,0.0,-2.761208353671888,1.1116151256018535e-05,0.022149421,-0.6822586059570312
2024-08-06 21:00:00,0.0,-2.849534006286863,1.1116151256018535e-05,0.022149421,-0.8696212768554688
2024-08-06 22:00:00,0.0,-3.355536508185409,1.1116151256018535e-05,0.02099682,-0.9671821594238281
2024-08-06 23:00:00,0.0,-0.7126299564707614,1.1116151256018535e-05,0.023053361,-1.0073051452636719
2024-08-07 00:00:00,0.0,0.8050613286916608,1.1116151256018535e-05,0.016279075,-1.0379219055175781
2024-08-07 01:00:00,0.0,2.7434538503795975,1.1116151256018535e-05,0.016279075,-1.0480422973632812
2024-08-07 02:00:00,0.0,1.8337426186380217,1.1116151256018535e-05,0.016279075,-0.6591758728027344
2024-08-07 03:00:00,0.0,1.8076269456525793,1.1116151256018535e-05,0.023053361,-0.6510696411132812
2024-08-07 04:00:00,0.0,0.14777804524315563,1.1116151256018535e-05,0.031597976,-0.634124755859375
2024-08-07 05:00:00,0.0,3.4930732706916885,0.0,0.050110504,2.428813934326172
2024-08-07 06:00:00,7.170000000000001,6.933990414595244,9.600342310393916,10.017544,18.50037384033203
2024-08-07 07:00:00,23.69,22.597856755701557,25.688160542834353,25.473698,39.735713958740234
2024-08-07 08:00:00,44.43000000000001,47.51091567343159,46.26727721545013,42.849033,59.927711486816406
2024-08-07 09:00:00,59.77000000000001,68.68299856276789,67.44919856123693,68.548965,77.7494888305664
2024-08-07 10:00:00,81.416,77.49846340321281,70.42696990080275,76.58096,94.72360229492188
2024-08-07 11:00:00,105.724,95.68572174384758,97.96794750833652,95.7506,106.03648376464844
2024-08-07 12:00:00,128.6,114.90893665921806,109.8818121302746,112.72041,114.9124755859375
2024-08-07 13:00:00,115.99,129.05196925229322,115.54610648344784,118.27741,114.05984497070312
2024-08-07 14:00:00,89.81,95.61882331508633,98.92607062249594,98.95236,105.277099609375
2024-08-07 15:00:00,75.75,64.0457648089432,67.13160161364459,70.70871,84.09454345703125
2024-08-07 16:00:00,44.93600000000001,54.960016007786166,49.079913804029296,49.244377,56.84666442871094
2024-08-07 17:00:00,19.444000000000003,21.677876580750702,20.459055238095235,20.64274,29.35167121887207
2024-08-07 18:00:00,4.05,4.9929243267112255,3.2837401519001186,3.7608976,4.560401916503906
2024-08-07 19:00:00,0.0,-2.26586521493004,1.1116151256018535e-05,0.035976373,-0.4775962829589844
2024-08-07 20:00:00,0.0,0.433627582811023,1.1116151256018535e-05,0.020500284,-0.79742431640625
2024-08-07 21:00:00,0.0,0.5874056563480312,1.1116151256018535e-05,0.022149421,-0.8161087036132812
2024-08-07 22:00:00,0.0,0.6217549204490568,1.1116151256018535e-05,0.022149421,-0.8807411193847656
2024-08-07 23:00:00,0.0,2.258087116653434,1.1116151256018535e-05,0.027254473,-0.897918701171875
2024-08-08 00:00:00,0.0,2.1184583167394395,1.1116151256018535e-05,0.038731586,-0.8755531311035156
2024-08-08 01:00:00,0.0,-2.2710025202914066,1.1116151256018535e-05,0.036406092,-0.8618850708007812
2024-08-08 02:00:00,0.0,-2.3806295933896404,1.1116151256018535e-05,0.029772218,-0.7349777221679688
2024-08-08 03:00:00,0.0,0.14178139928286448,1.1116151256018535e-05,0.007599941,-0.7418594360351562
2024-08-08 04:00:00,0.0,0.6061600700107855,1.1116151256018535e-05,0.025571108,-0.8959541320800781
2024-08-08 05:00:00,0.0,4.646305070752371,0.0,0.05736217,-0.9597587585449219
2024-08-08 06:00:00,8.68,9.673429333760717,9.739713175413579,10.4203205,8.726329803466797
2024-08-08 07:00:00,25.590000000000003,28.88262117273825,30.66100574814504,31.836115,36.07984161376953
2024-08-08 08:00:00,44.830000000000005,52.36751136184699,48.854567460003274,49.843784,67.83174896240234
2024-08-08 09:00:00,59.45,69.55352169483155,67.42607790015329,67.52797,80.40836334228516
2024-08-08 10:00:00,105.324,77.5613045194128,69.95643042256182,76.01019,90.60270690917969
2024-08-08 11:00:00,133.484,130.69224522962782,123.17408378327484,121.6,100.6875
2024-08-08 12:00:00,149.824,145.15167998576905,147.03271612099843,137.98209,135.14849853515625
2024-08-08 13:00:00,125.506,147.32257895305588,136.36194582350592,135.63538,134.97215270996094
2024-08-08 14:00:00,119.356,102.50459975032962,119.27888738618933,123.16927,116.18296813964844
2024-08-08 15:00:00,88.024,98.66313643368255,91.16407059174249,92.97647,89.59519958496094
2024-08-08 16:00:00,54.75,57.30506852837694,56.35753393963233,55.626465,61.52582931518555
2024-08-08 17:00:00,26.064,26.794932859231572,25.70643270057514,25.697226,30.07935905456543
2024-08-08 18:00:00,5.470000000000001,7.892508640110292,5.059534582613377,4.837442,4.971050262451172
2024-08-08 19:00:00,0.0,-4.262124202960852,5.6790891740447614e-05,0.011962116,-0.6719856262207031
2024-08-08 20:00:00,0.0,0.5494068976353162,1.1116151256018535e-05,0.0720491,-0.8688850402832031
2024-08-08 21:00:00,0.0,0.5115529586520443,1.1116151256018535e-05,0.025197932,-0.8689308166503906
2024-08-08 22:00:00,0.0,2.4700238560759593,1.1116151256018535e-05,0.025197932,-0.8239059448242188
2024-08-08 23:00:00,0.0,0.9328782876500492,1.1116151256018535e-05,0.0142020555,-0.8224563598632812
2024-08-09 00:00:00,0.0,-0.185342773973578,1.1116151256018535e-05,0.036406092,-0.8109664916992188
2024-08-09 01:00:00,0.0,-3.1241064919031016,1.1116151256018535e-05,0.029772218,-0.825103759765625
2024-08-09 02:00:00,0.0,0.09360989776536943,1.1116151256018535e-05,0.029772218,-0.8779525756835938
2024-08-09 03:00:00,0.0,-2.0020602847437896,1.1116151256018535e-05,0.030914972,-0.9839210510253906
2024-08-09 04:00:00,0.0,0.5318253430954117,1.1116151256018535e-05,0.025571108,-1.0074501037597656
2024-08-09 05:00:00,0.0,4.639944754273569,0.0,0.044183757,-0.8622093200683594
2024-08-09 06:00:00,10.584,9.617680938279698,10.159501524797463,10.512998,8.682937622070312
2024-08-09 07:00:00,38.086000000000006,31.700523441786395,33.27154616371051,35.692406,33.40985870361328
2024-08-09 08:00:00,73.476,70.03217799394423,73.60207056407384,74.35807,66.18794250488281
2024-08-09 09:00:00,115.3,106.36657399706945,111.05186701978282,110.13992,109.85585021972656
2024-08-09 10:00:00,147.634,144.8873553686006,147.83379573899316,146.18777,139.09194946289062
2024-08-09 11:00:00,168.606,165.99399339914075,162.78038728227992,162.65437,161.65895080566406
2024-08-09 12:00:00,176.34000000000003,173.77410468592694,167.18066654434034,168.59303,166.46067810058594
2024-08-09 13:00:00,161.09400000000002,167.52543138391968,153.3002498788106,157.55547,155.17604064941406
2024-08-09 14:00:00,144.9,135.44186000383527,143.0695232898052,142.1379,134.58010864257812
2024-08-09 15:00:00,107.376,113.00253458889773,112.20118917832659,110.14436,102.55033874511719
2024-08-09 16:00:00,67.07000000000001,67.42840699175827,66.65580564845384,67.40596,63.438690185546875
2024-08-09 17:00:00,32.204,33.56982892966299,31.38172416259615,30.152777,26.93412208557129
2024-08-09 18:00:00,6.33,9.99051895999273,5.789165721803448,4.8624415,2.6732139587402344
2024-08-09 19:00:00,0.0,-4.150592200320693,5.6790891740447614e-05,-0.018787071,-0.7594795227050781
2024-08-09 20:00:00,0.0,0.5787661718108522,1.1116151256018535e-05,0.0044507706,-0.8839035034179688
2024-08-09 21:00:00,0.0,1.648915407479706,1.1116151256018535e-05,0.012388515,-0.8363571166992188
2024-08-09 22:00:00,0.0,0.28665925713298845,1.1116151256018535e-05,0.027254473,-0.74847412109375
2024-08-09 23:00:00,0.0,0.7222843565336715,1.1116151256018535e-05,0.029772218,-0.7701148986816406
2024-08-10 00:00:00,0.0,0.4996806138809503,1.1116151256018535e-05,0.029772218,-0.8494949340820312
2024-08-10 01:00:00,0.0,-0.8790045843746697,1.1116151256018535e-05,0.038245816,-0.9156455993652344
2024-08-10 02:00:00,0.0,0.25867873569709743,1.1116151256018535e-05,0.038245816,-0.9691925048828125
2024-08-10 03:00:00,0.0,-0.9465753652298474,1.1116151256018535e-05,0.04384975,-1.0818214416503906
2024-08-10 04:00:00,0.0,1.5293313114966118,1.1116151256018535e-05,0.0340447,-0.9718246459960938
2024-08-10 05:00:00,0.0,6.130432585894235,0.0,0.065838255,-0.8900032043457031
2024-08-10 06:00:00,9.05,11.614519953441718,10.296105646048813,10.783933,7.135227203369141
2024-08-10 07:00:00,26.65,31.867512018366934,35.83439287034862,35.394054,31.12735939025879
2024-08-10 08:00:00,47.786,56.41846612103499,47.87004025752386,47.295574,61.575225830078125
2024-08-10 09:00:00,81.524,75.68197569547138,76.80765925279835,81.77483,81.96897888183594
2024-08-10 10:00:00,108.01600000000002,109.16820464867214,117.99254399113072,117.783295,110.84602355957031
2024-08-10 11:00:00,139.39,126.27493498084507,132.91264551324016,134.59676,141.38465881347656
2024-08-10 12:00:00,139.824,152.30335358386884,141.9651905572736,145.29286,142.72938537597656
2024-08-10 13:00:00,132.84,134.0121814915945,128.1073216369913,136.88057,143.7381134033203
2024-08-10 14:00:00,123.72,116.63983973961669,120.48445081756452,120.13417,120.96568298339844
2024-08-10 15:00:00,98.9,101.13647048651629,95.42952605627708,99.41862,97.1170883178711
2024-08-10 16:00:00,65.596,67.10840116507927,63.412122261174474,66.64501,63.200340270996094
2024-08-10 17:00:00,30.446,34.761192420216524,30.787861705851792,30.95597,30.63738250732422
2024-08-10 18:00:00,5.766,6.9274412413515565,5.988178188119981,4.384797,5.612842559814453
2024-08-10 19:00:00,0.0,-4.455786871574956,5.6790891740447614e-05,0.04472201,-0.7075996398925781
2024-08-10 20:00:00,0.0,-0.6174747042382132,1.1116151256018535e-05,0.037392672,-0.9008750915527344
2024-08-10 21:00:00,0.0,-0.32251776884518124,1.1116151256018535e-05,0.010331976,-0.8472824096679688
2024-08-10 22:00:00,0.0,-1.2188174056438514,1.1116151256018535e-05,0.027254473,-0.8247947692871094
2024-08-10 23:00:00,0.0,0.24519955386669423,1.1116151256018535e-05,0.026435604,-0.8370399475097656
2024-08-11 00:00:00,0.0,-0.45402747276749245,1.1116151256018535e-05,0.041373465,-0.8620033264160156
2024-08-11 01:00:00,0.0,1.7353902839605433,1.1116151256018535e-05,0.029772218,-0.8657722473144531
2024-08-11 02:00:00,0.0,1.5730296044858092,1.1116151256018535e-05,0.029772218,-0.8799972534179688
2024-08-11 03:00:00,0.0,-0.03500000502979428,1.1116151256018535e-05,0.034115717,-1.0533790588378906
2024-08-11 04:00:00,0.0,0.6874114155774242,1.1116151256018535e-05,0.037765924,-0.9549140930175781
2024-08-11 05:00:00,0.0,3.3372164871382632,0.0,0.023087919,-1.1040878295898438
2024-08-11 06:00:00,8.866,9.441253063993262,10.13641659937754,10.295692,5.560756683349609
2024-08-11 07:00:00,28.224000000000004,29.995881854458602,31.44959929871002,31.275564,25.80637550354004
2024-08-11 08:00:00,46.364,56.984050827709886,55.24296494233571,54.079563,54.227291107177734
2024-08-11 09:00:00,80.57000000000001,72.37290542409374,73.31733148607407,70.87094,91.68949890136719
2024-08-11 10:00:00,109.75,108.72372282400582,107.99465794723925,112.89477,116.31742858886719
2024-08-11 11:00:00,138.3,129.2294800462044,136.73965410149827,132.07817,141.90843200683594
2024-08-11 12:00:00,138.78,149.9104416142097,139.02839103748659,140.0245,147.9466094970703
2024-08-11 13:00:00,151.406,132.20988872591198,134.86924400006671,137.1967,143.9683380126953
2024-08-11 14:00:00,137.65,140.10168991393795,132.79666857292705,136.75168,121.64042663574219
2024-08-11 15:00:00,104.81600000000002,109.15021166340787,103.96257896755775,105.04147,104.20634460449219
2024-08-11 16:00:00,65.67,68.01610098576535,66.44528473088367,66.20534,71.61479187011719
2024-08-11 17:00:00,32.686,33.18926776591467,30.531797661575705,30.595963,34.57716369628906
2024-08-11 18:00:00,6.1000000000000005,11.258110837969284,6.177540164294643,5.272128,6.411998748779297
2024-08-11 19:00:00,0.0,-3.5628006937159267,5.6790891740447614e-05,-0.0027216997,-0.5167007446289062
2024-08-11 20:00:00,0.0,-0.4694318818291978,1.1116151256018535e-05,0.01173472,-0.8227615356445312
2024-08-11 21:00:00,0.0,0.6469368022952486,1.1116151256018535e-05,0.012388515,-0.8099136352539062
2024-08-11 22:00:00,0.0,0.0156660760662648,1.1116151256018535e-05,0.027254473,-0.7492027282714844
2024-08-11 23:00:00,0.0,1.848499515968316,1.1116151256018535e-05,0.02574708,-0.7596359252929688
2024-08-12 00:00:00,0.0,1.7331646943791659,1.1116151256018535e-05,0.019113204,-0.8191146850585938
2024-08-12 01:00:00,0.0,2.710506578978014,1.1116151256018535e-05,0.027586807,-0.8664741516113281
2024-08-12 02:00:00,0.0,-0.25136531658447536,1.1116151256018535e-05,0.014054112,-0.8326797485351562
2024-08-12 03:00:00,0.0,-1.567629042038413,1.1116151256018535e-05,0.037391856,-1.0065994262695312
2024-08-12 04:00:00,0.0,0.1511757424989475,1.1116151256018535e-05,0.03319074,-1.0792045593261719
2024-08-12 05:00:00,0.0,4.974698861832037,0.0,0.04199835,-1.1261329650878906
2024-08-12 06:00:00,10.076,10.726052712631455,9.95583016622714,10.213118,6.125095367431641
2024-08-12 07:00:00,35.504000000000005,32.9680865915272,32.37890446973772,34.416664,27.34929084777832
2024-08-12 08:00:00,71.12400000000001,68.17456280994531,70.75773979406468,68.47274,58.9869270324707
2024-08-12 09:00:00,110.584,105.63833755937824,110.32149296129941,108.87546,107.42269897460938
2024-08-12 10:00:00,143.106,140.89619423211352,142.5983688365706,141.46944,141.870361328125
2024-08-12 11:00:00,156.20600000000002,162.534007436303,160.36680944461696,159.8399,160.82740783691406
2024-08-12 12:00:00,134.47,160.17578256074472,160.6712075209968,160.01782,167.40724182128906
2024-08-12 13:00:00,148.72400000000002,120.0896359016156,137.03176323405378,134.87961,152.0391387939453
2024-08-12 14:00:00,112.52,139.4563843828757,123.09000389072935,126.20128,113.02005004882812
2024-08-12 15:00:00,98.14,79.2016828535534,87.35160098856784,89.393974,91.36266326904297
2024-08-12 16:00:00,59.004,70.01805899358976,63.258674212271714,62.37471,53.32528305053711
2024-08-12 17:00:00,28.82,26.284055761107624,27.776143902864593,27.6801,20.49403190612793
2024-08-12 18:00:00,5.460000000000001,7.989619512591641,5.8426173439978815,6.2745266,1.6219100952148438
2024-08-12 19:00:00,0.0,-2.888060419642647,5.6790891740447614e-05,-0.0029461423,-0.7795677185058594
2024-08-12 20:00:00,0.0,-1.3567734730973875,1.1116151256018535e-05,0.062350728,-0.9179611206054688
2024-08-12 21:00:00,0.0,1.0344471313289754,1.1116151256018535e-05,0.04063935,-0.8344879150390625
2024-08-12 22:00:00,0.0,-3.1989427302164746,1.1116151256018535e-05,0.04641444,-0.7332344055175781
2024-08-12 23:00:00,0.0,-3.8707759827588033,1.1116151256018535e-05,0.085558176,-0.7923851013183594
2024-08-13 00:00:00,0.0,-3.605339634431152,1.1116151256018535e-05,0.02440843,-0.8512725830078125
2024-08-13 01:00:00,0.0,1.7548911136893464,1.1116151256018535e-05,0.034213483,-0.8725509643554688
2024-08-13 02:00:00,0.0,-1.8216011273825679,1.1116151256018535e-05,0.05468475,-0.835479736328125
2024-08-13 03:00:00,0.0,2.119627066005962,1.1116151256018535e-05,0.04384975,-0.9204063415527344
2024-08-13 04:00:00,0.0,1.3533259994802271,1.1116151256018535e-05,0.04384975,-0.8576736450195312
2024-08-13 05:00:00,0.0,6.079456332339452,0.0,0.044183757,-0.9355049133300781
2024-08-13 06:00:00,9.590000000000002,10.85800314850442,10.312969341792671,10.744016,6.7530975341796875
2024-08-13 07:00:00,34.97,31.52716615565441,33.716366010923906,32.91668,28.850923538208008
2024-08-13 08:00:00,70.78,67.37383048816457,69.3984906980794,68.73009,57.586082458496094
2024-08-13 09:00:00,109.63,105.08897098653722,110.09205037512537,109.62151,108.84703063964844
2024-08-13 10:00:00,138.48,139.9464003611041,142.797374885719,139.89839,142.7110595703125
2024-08-13 11:00:00,157.01600000000002,157.0104933124265,154.27325137206614,155.3981,159.99681091308594
2024-08-13 12:00:00,179.85000000000002,162.81752495595344,158.60551656716592,155.44725,157.99923706054688
2024-08-13 13:00:00,154.63,177.8754434539645,163.3082400511695,162.40216,142.8971405029297
2024-08-13 14:00:00,140.24,127.13547570198796,129.46881012441315,133.23648,137.20655822753906
2024-08-13 15:00:00,109.224,111.32998316175295,104.50918347232945,104.75621,94.86212158203125
2024-08-13 16:00:00,66.046,72.48112312120892,67.40399161094483,67.98524,54.78041458129883
2024-08-13 17:00:00,30.396,31.488093775102932,31.16880104389091,30.605879,22.96660614013672
2024-08-13 18:00:00,5.366,9.160485560378206,5.959548873297959,6.1837416,1.6611557006835938
2024-08-13 19:00:00,0.0,-4.837776227796182,5.6790891740447614e-05,-0.0058208364,-0.9361495971679688
2024-08-13 20:00:00,0.0,0.8187428315285539,1.1116151256018535e-05,0.020900477,-1.0343894958496094
2024-08-13 21:00:00,0.0,1.2517499258196607,1.1116151256018535e-05,0.025312442,-0.9192581176757812
2024-08-13 22:00:00,0.0,-0.48513492248015755,1.1116151256018535e-05,0.040178403,-0.8610687255859375
2024-08-13 23:00:00,0.0,1.30204655086076,1.1116151256018535e-05,0.027125988,-0.8807296752929688
2024-08-14 00:00:00,0.0,2.7113849725318717,1.1116151256018535e-05,0.027125988,-0.8977737426757812
2024-08-14 01:00:00,0.0,-0.9308958418860636,1.1116151256018535e-05,0.022894189,-0.9066810607910156
2024-08-14 02:00:00,0.0,1.8709616502192317,1.1116151256018535e-05,0.022894189,-0.8407859802246094
2024-08-14 03:00:00,0.0,0.2709366891292284,1.1116151256018535e-05,0.022894189,-1.0299949645996094
2024-08-14 04:00:00,0.0,0.5695486940707185,1.1116151256018535e-05,0.035463627,-1.0469818115234375
2024-08-14 05:00:00,0.0,4.382460970349604,0.0,0.068564646,-1.1029281616210938
2024-08-14 06:00:00,7.2,9.325950289097781,10.720350219583956,11.288277,4.894832611083984
2024-08-14 07:00:00,23.564,26.005071700905745,32.5084798151243,28.63959,25.13410186767578
2024-08-14 08:00:00,47.75,49.02557843783445,46.197808834317414,44.642166,48.02825164794922
2024-08-14 09:00:00,78.65,75.5233351845423,76.15667250076757,76.38591,80.37919616699219
2024-08-14 10:00:00,103.544,105.10471196636715,113.83416682867173,113.59957,115.71197509765625
2024-08-14 11:00:00,110.234,121.94035832724617,126.68972025831452,125.52713,133.2825164794922
2024-08-14 12:00:00,130.18,115.57871209296039,112.69083314207455,109.71529,99.22500610351562
2024-08-14 13:00:00,127.34000000000002,134.4878648685012,103.00437547123386,119.54416,58.08455276489258
2024-08-14 14:00:00,111.93,115.7188780119493,107.26079825308878,100.01103,114.42097473144531
2024-08-14 15:00:00,76.796,89.62474923754326,92.8521204166667,85.30081,98.46427917480469
2024-08-14 16:00:00,51.32000000000001,49.08665301154281,48.872493023746344,47.83243,55.3621711730957
2024-08-14 17:00:00,25.82,30.249059981225713,27.0228536425459,26.439035,25.613067626953125
2024-08-14 18:00:00,4.420000000000001,9.996885172682948,5.106084805047894,5.7924976,7.950275421142578
2024-08-14 19:00:00,0.0,-4.799207551804231,1.1116151256018535e-05,0.035413377,-0.13889312744140625
2024-08-14 20:00:00,0.0,0.09574857073881637,1.1116151256018535e-05,0.031838764,-0.7975044250488281
2024-08-14 21:00:00,0.0,-0.5435648415541694,1.1116151256018535e-05,0.04670472,-0.7758026123046875
2024-08-14 22:00:00,0.0,-0.8164642785203382,1.1116151256018535e-05,0.04670472,-0.8634300231933594
2024-08-14 23:00:00,0.0,0.663473108519265,1.1116151256018535e-05,0.045898166,-0.91961669921875
2024-08-15 00:00:00,0.0,2.9678053179403294,1.1116151256018535e-05,0.06087864,-0.9174613952636719
2024-08-15 01:00:00,0.0,-0.21663999748157114,1.1116151256018535e-05,0.036005802,-0.943939208984375
2024-08-15 02:00:00,0.0,-1.7905982574673005,1.1116151256018535e-05,0.036005802,-0.8787803649902344
2024-08-15 03:00:00,0.0,-3.389581845259694,1.1116151256018535e-05,0.036005802,-0.909637451171875
2024-08-15 04:00:00,0.0,-0.050956211828714126,1.1116151256018535e-05,0.044836625,-1.0109062194824219
2024-08-15 05:00:00,0.0,2.18913711830226,0.0,0.06344925,-1.372711181640625
2024-08-15 06:00:00,8.620000000000001,5.3545134060932025,10.218043828141587,10.536016,8.013973236083984
2024-08-15 07:00:00,31.930000000000003,23.800398090362712,32.23253202694094,33.314182,33.25762176513672
2024-08-15 08:00:00,60.720000000000006,57.15908556843615,58.20449160227494,61.364822,58.08599090576172
2024-08-15 09:00:00,94.97,86.42281789440509,95.76567334421057,97.43286,111.59883117675781
2024-08-15 10:00:00,122.57,119.22034516281857,121.25930104076049,121.95072,136.1062469482422
2024-08-15 11:00:00,144.66600000000005,138.7502329544955,139.7339245746549,135.73347,152.09048461914062
2024-08-15 12:00:00,150.53,151.59261784351705,155.13489255580788,147.90976,147.29872131347656
2024-08-15 13:00:00,137.75,143.6464654472448,131.86112290191156,138.03227,134.64678955078125
2024-08-15 14:00:00,118.63,116.59931038038536,122.10791895656563,118.86614,111.57981872558594
2024-08-15 15:00:00,96.38,91.50111706976986,91.05722526033031,92.891525,81.68827819824219
2024-08-15 16:00:00,58.760000000000005,66.74683608422347,62.18616505978011,62.29348,46.983924865722656
2024-08-15 17:00:00,27.54,29.054941056825093,27.47684116482921,28.559446,24.1345157623291
2024-08-15 18:00:00,4.684,8.636219699864334,4.771177614876331,4.765565,3.9655685424804688
2024-08-15 19:00:00,0.0,-2.5121965138905353,1.1116151256018535e-05,0.0116757145,-0.78125
2024-08-15 20:00:00,0.0,2.4739223174936855,1.1116151256018535e-05,-0.00035094668,-0.9016304016113281
2024-08-15 21:00:00,0.0,1.868634413625433,1.1116151256018535e-05,0.011300481,-0.8313064575195312
2024-08-15 22:00:00,0.0,0.8721138386335412,1.1116151256018535e-05,0.011300481,-0.7933731079101562
2024-08-15 23:00:00,0.0,2.3075508761968218,1.1116151256018535e-05,0.012145516,-0.8111610412597656
2024-08-16 00:00:00,0.0,1.945685760412593,1.1116151256018535e-05,0.015934829,-0.8297195434570312
2024-08-16 01:00:00,0.0,0.6993992989484854,1.1116151256018535e-05,0.02495073,-0.835174560546875
2024-08-16 02:00:00,0.0,0.5598174618933593,1.1116151256018535e-05,0.038788117,-0.7865791320800781
2024-08-16 03:00:00,0.0,0.18215648678956908,1.1116151256018535e-05,0.034587007,-0.900299072265625
2024-08-16 04:00:00,0.0,-0.18577741066530384,1.1116151256018535e-05,0.025571108,-0.7120475769042969
2024-08-16 05:00:00,0.0,4.107637715965039,0.0,0.06059762,-0.9173660278320312
2024-08-16 06:00:00,3.634,9.704727944705889,9.81310647576909,10.530789,6.674686431884766
2024-08-16 07:00:00,14.764,21.238533413965374,14.748578263403266,11.444059,28.297075271606445
2024-08-16 08:00:00,30.75,37.603052433433916,31.62962495039681,25.925158,45.58406448364258
2024-08-16 09:00:00,61.854,54.58434207267148,47.53284461603256,43.922363,59.14768981933594
2024-08-16 10:00:00,81.23,88.39763349933651,92.97236722323119,88.119385,77.1284408569336
2024-08-16 11:00:00,78.48400000000001,99.12097580278075,101.72924972995548,102.91394,118.608642578125
2024-08-16 12:00:00,80.57600000000001,82.38607703054544,75.55034128841608,73.6588,119.21029663085938
2024-08-16 13:00:00,78.65,81.28073517494914,90.12173399070245,83.862885,99.46978759765625
2024-08-16 14:00:00,52.27000000000001,73.43239549064367,60.6146420378151,62.10031,89.2964859008789
2024-08-16 15:00:00,38.02,39.22509256182785,37.24930166666668,40.0885,69.88665771484375
2024-08-16 16:00:00,23.53,30.17624999094897,29.45150766666668,29.174833,41.067928314208984
2024-08-16 17:00:00,9.91,14.132663026760069,19.75812933333333,18.086946,17.43012809753418
2024-08-16 18:00:00,1.32,2.4067652732495644,3.981284222222223,2.2654486,3.336315155029297
2024-08-16 19:00:00,0.0,-1.73472819503595,0.027111116151256023,-0.04738426,-0.27809906005859375
2024-08-16 20:00:00,0.0,0.8930351745126744,1.1116151256018535e-05,0.038210567,-0.7905311584472656
2024-08-16 21:00:00,0.0,0.9955534040183334,0.027111116151256026,0.011173937,-0.8942298889160156
2024-08-16 22:00:00,0.0,-1.773053011578365,0.05421111615125604,0.017592587,-0.9724235534667969
2024-08-16 23:00:00,0.0,-3.897579105883808,0.030321446275307178,0.021968435,-1.045501708984375
2024-08-17 00:00:00,0.0,-3.2406675837187056,0.003221446275307176,0.011500682,-1.0910301208496094
2024-08-17 01:00:00,0.0,-5.11256543810901,0.003221446275307176,-0.009387915,-1.1424942016601562
2024-08-17 02:00:00,0.0,-6.230776941575954,0.13872144627530722,-0.023727495,-0.8382225036621094
2024-08-17 03:00:00,0.0,-1.625284565134817,0.13872144627530722,-0.054072563,-0.904083251953125
2024-08-17 04:00:00,0.0,0.5095555950423761,0.1116214462753072,0.020007197,-2.0902557373046875
2024-08-17 05:00:00,0.0,3.112585375321861,0.0,-0.050440375,1.9488487243652344
2024-08-17 06:00:00,4.0840000000000005,6.128751051849251,5.729642132065396,5.5923157,24.233976364135742
2024-08-17 07:00:00,11.184,16.082155520863644,21.023672606837607,17.650068,46.14691925048828
2024-08-17 08:00:00,19.594,26.48799945685322,31.368966578456256,28.79718,60.56000900268555
2024-08-17 09:00:00,26.72,34.71970458116669,36.53818658445134,42.55119,70.03802490234375
2024-08-17 10:00:00,33.25,38.648429460197825,45.01913738809652,40.05889,79.32877349853516
2024-08-17 11:00:00,31.49,41.79266883342923,53.49884129912253,48.81965,85.75215148925781
2024-08-17 12:00:00,50.48,33.401150697944345,50.09922922107827,47.22555,87.78413391113281
2024-08-17 13:00:00,59.760000000000005,57.193470320839985,60.2061032598648,61.887848,86.91029357910156
2024-08-17 14:00:00,49.71000000000001,58.892982082952244,63.93176250016764,58.515434,84.09873962402344
2024-08-17 15:00:00,72.87,36.45598276284595,24.85944010489512,26.991064,75.56768798828125
2024-08-17 16:00:00,44.596,68.48588955736673,55.04621620689658,59.880383,58.408935546875
2024-08-17 17:00:00,22.906,21.639843065900877,21.713870333333332,25.127739,34.412899017333984
2024-08-17 18:00:00,4.25,7.812883223325633,3.882958309723909,5.595187,13.036849975585938
2024-08-17 19:00:00,0.0,-3.6385313799559604,1.1116151256018535e-05,-0.028182968,1.0778732299804688
2024-08-17 20:00:00,0.0,-0.957522175464173,1.1116151256018535e-05,0.014652018,-0.5900421142578125
2024-08-17 21:00:00,0.0,-0.9951617045328796,1.1116151256018535e-05,0.006107404,-0.8848381042480469
2024-08-17 22:00:00,0.0,-2.474740950809964,1.1116151256018535e-05,0.012530123,-0.9611663818359375
2024-08-17 23:00:00,0.0,0.46222500045201487,1.1116151256018535e-05,0.012530123,-0.9562759399414062
2024-08-18 00:00:00,0.0,3.2838146722063635,1.1116151256018535e-05,0.026423415,-0.9452323913574219
2024-08-18 01:00:00,0.0,2.279347806938925,1.1116151256018535e-05,0.010506275,-0.9470558166503906
2024-08-18 02:00:00,0.0,2.3757886544176663,1.1116151256018535e-05,0.017239748,-0.5518608093261719
2024-08-18 03:00:00,0.0,5.297399450292148,1.1116151256018535e-05,0.013303294,-0.5921745300292969
2024-08-18 04:00:00,0.0,0.4801362052995566,1.1116151256018535e-05,0.02118319,-0.7537193298339844
2024-08-18 05:00:00,0.0,4.1898977129283725,0.0,0.03302156,0.9572868347167969
2024-08-18 06:00:00,8.356,7.853591994996582,8.96181731456337,9.393087,13.89981460571289
2024-08-18 07:00:00,30.56,25.57705421627858,27.26986633333333,27.12934,37.237491607666016
2024-08-18 08:00:00,60.28,56.879121190835555,56.274906315027685,54.293274,63.552276611328125
2024-08-18 09:00:00,87.93,87.49684379382867,96.35802034874287,92.53677,93.60415649414062
2024-08-18 10:00:00,130.044,108.75384777544599,110.38631595615499,112.80046,122.001220703125
2024-08-18 11:00:00,127.27,149.46016653089913,140.0418675381681,136.0649,142.82057189941406
2024-08-18 12:00:00,134.356,122.4516274118987,129.81875611872186,132.69919,153.37142944335938
2024-08-18 13:00:00,117.894,125.61478344316336,128.1862262822363,126.24683,136.7357940673828
2024-08-18 14:00:00,112.82,96.94058655907514,102.66983657296942,101.51087,108.23362731933594
2024-08-18 15:00:00,98.754,90.50247199297132,90.59746734387922,86.46008,77.1563720703125
2024-08-18 16:00:00,60.82000000000001,69.28420033629337,67.29199885714283,65.98504,53.45603561401367
2024-08-18 17:00:00,28.55,26.83301856943322,30.539903910553406,31.662275,28.478057861328125
2024-08-18 18:00:00,4.104,7.803775334157549,5.194092079365081,5.8446865,3.962726593017578
2024-08-18 19:00:00,0.0,-5.138276857028124,1.1116151256018535e-05,0.03832361,-0.8130416870117188
2024-08-18 20:00:00,0.0,2.602758564404057,1.1116151256018535e-05,0.043803893,-0.923858642578125
2024-08-18 21:00:00,0.0,-0.40062837874401813,1.1116151256018535e-05,0.0040508634,-0.7697830200195312
2024-08-18 22:00:00,0.0,-0.4316992649117468,1.1116151256018535e-05,0.007099371,-0.8233985900878906
2024-08-18 23:00:00,0.0,-1.8679870538569068,1.1116151256018535e-05,0.009155911,-0.9034957885742188
2024-08-19 00:00:00,0.0,1.7387484825746378,1.1116151256018535e-05,0.037904482,-0.9027938842773438
2024-08-19 01:00:00,0.0,1.107165029595233,1.1116151256018535e-05,0.079449825,-0.8751602172851562
2024-08-19 02:00:00,0.0,3.33384689965306,1.1116151256018535e-05,0.044401325,-0.6928062438964844
2024-08-19 03:00:00,0.0,2.183372156785744,1.1116151256018535e-05,0.044401325,-0.6831855773925781
2024-08-19 04:00:00,0.0,1.4027755004228468,1.1116151256018535e-05,0.008490121,-1.1041679382324219
2024-08-19 05:00:00,0.0,5.232253829039254,0.0,0.012289539,-0.06250762939453125
2024-08-19 06:00:00,8.14,9.182808407830201,9.751014223895007,10.326649,13.521408081054688
2024-08-19 07:00:00,33.85,28.736604152610095,29.24632746617647,29.338634,38.97489929199219
2024-08-19 08:00:00,67.134,65.42016836675667,64.83334326580184,67.12541,66.24331665039062
2024-08-19 09:00:00,105.21,99.0648785440807,100.56949132313444,100.54851,101.4758071899414
2024-08-19 10:00:00,137.45000000000002,132.6643961707996,131.58083116885737,132.49362,124.79815673828125
2024-08-19 11:00:00,154.74400000000003,154.94607354880264,155.95030200859242,159.52516,145.04470825195312
2024-08-19 12:00:00,159.94000000000003,158.23404638048277,156.6359449540565,159.69807,151.93740844726562
2024-08-19 13:00:00,137.53,150.72801604187723,145.54550801422388,144.16429,138.47593688964844
2024-08-19 14:00:00,118.044,112.34850350900754,121.07061837446085,121.50914,114.74183654785156
2024-08-19 15:00:00,93.62,90.80655802928968,90.9777548673835,93.664764,87.54007720947266
2024-08-19 16:00:00,63.18,62.96574208493181,57.538553378532086,58.80306,53.843994140625
2024-08-19 17:00:00,28.386000000000003,33.622089561773684,29.031999194150508,30.34143,22.1321964263916
2024-08-19 18:00:00,3.5460000000000003,6.495520703662295,4.038490077360725,5.010744,1.5954551696777344
2024-08-19 19:00:00,0.0,-5.623256936751737,1.1116151256018535e-05,0.050772227,-0.86773681640625
2024-08-19 20:00:00,0.0,2.894449234003674,1.1116151256018535e-05,0.052775897,-0.9419708251953125
2024-08-19 21:00:00,0.0,0.9616332224547337,1.1116151256018535e-05,0.003122754,-0.8088912963867188
2024-08-19 22:00:00,0.0,-0.5065396398216642,1.1116151256018535e-05,0.0017256509,-0.7856712341308594
2024-08-19 23:00:00,0.0,-0.5641324292025311,1.1116151256018535e-05,0.0017256509,-0.7912826538085938
2024-08-20 00:00:00,0.0,-0.15325329599377824,1.1116151256018535e-05,0.0046960926,-0.7872428894042969
2024-08-20 01:00:00,0.0,-1.4108845604893325,1.1116151256018535e-05,0.026831264,-0.7877159118652344
2024-08-20 02:00:00,0.0,0.17261099249729517,1.1116151256018535e-05,0.031973433,-0.7550888061523438
2024-08-20 03:00:00,0.0,1.1157489114818544,1.1116151256018535e-05,0.020197386,-0.8332595825195312
2024-08-20 04:00:00,0.0,2.6213832453881447,1.1116151256018535e-05,-0.015149819,-0.8762435913085938
2024-08-20 05:00:00,0.0,4.717938487971815,0.0,0.021816695,-1.1690902709960938
2024-08-20 06:00:00,8.816,10.024120983460083,9.820079490343627,10.391209,9.529014587402344
2024-08-20 07:00:00,35.076,31.20886826513589,33.291837529468765,33.34444,36.46772766113281
2024-08-20 08:00:00,75.666,68.22234986628544,69.38683734588778,68.257416,68.12762451171875
2024-08-20 09:00:00,115.13,111.42442258973566,115.26820942201493,113.6887,104.32064819335938
2024-08-20 10:00:00,137.77,143.49549902217217,144.65293546461035,145.02414,137.04359436035156
2024-08-20 11:00:00,135.276,150.99988402455355,154.4755855281406,156.54816,156.7628936767578
2024-08-20 12:00:00,142.31,132.23214620824254,143.52579392305194,142.5708,149.28273010253906
2024-08-20 13:00:00,144.734,136.57333036368726,131.34163256696496,131.28117,106.69577026367188
2024-08-20 14:00:00,137.156,128.09125267527963,124.70221879120878,121.59708,104.50775146484375
2024-08-20 15:00:00,107.916,106.21465360789611,99.13728031932818,98.734436,88.84037780761719
2024-08-20 16:00:00,71.52000000000001,67.86463785787896,68.16614455707207,68.726105,58.64220428466797
2024-08-20 17:00:00,34.56,35.81948430957534,33.473988915812626,33.49192,25.9495906829834
2024-08-20 18:00:00,4.71,10.025587035653631,5.88007433370823,5.776059,3.034679412841797
2024-08-20 19:00:00,0.0,-7.0177861701626,1.1116151256018535e-05,-0.0037849874,-0.8959465026855469
2024-08-20 20:00:00,0.0,0.8697229757497998,1.1116151256018535e-05,0.061163943,-1.0453720092773438
2024-08-20 21:00:00,0.0,-2.187274483042575,1.1116151256018535e-05,-0.011743204,-0.8925819396972656
2024-08-20 22:00:00,0.0,-3.2685619850339718,1.1116151256018535e-05,0.0017256509,-0.8025054931640625
2024-08-20 23:00:00,0.0,-1.2312089576215528,1.1116151256018535e-05,0.004627225,-0.7747573852539062
2024-08-21 00:00:00,0.0,3.3340427565651756,1.1116151256018535e-05,0.026831264,-0.8159713745117188
2024-08-21 01:00:00,0.0,4.042763353237833,1.1116151256018535e-05,0.020197386,-0.8402214050292969
2024-08-21 02:00:00,0.0,2.7274752035626517,1.1116151256018535e-05,0.02921329,-0.8041496276855469
2024-08-21 03:00:00,0.0,1.0566138630955795,1.1116151256018535e-05,0.020197386,-0.9468765258789062
2024-08-21 04:00:00,0.0,3.0071372403438996,1.1116151256018535e-05,0.020197386,-0.9505767822265625
2024-08-21 05:00:00,0.0,5.808046091363616,0.0,0.051988445,-1.4253273010253906
2024-08-21 06:00:00,10.766,10.727666687427874,10.05096816697291,10.836437,6.357936859130859
2024-08-21 07:00:00,42.29,34.54266510930201,37.67090955739644,36.168682,31.564861297607422
2024-08-21 08:00:00,77.86000000000001,78.72371239992466,83.53076892684274,82.11306,71.03160858154297
2024-08-21 09:00:00,123.86,113.06931817463021,116.44554833946103,113.78777,116.0789794921875
2024-08-21 10:00:00,154.58,156.70559124857678,151.0633102845425,147.11717,143.5926055908203
2024-08-21 11:00:00,160.48000000000002,172.62529086914193,169.65294757845592,165.86504,162.49905395507812
2024-08-21 12:00:00,188.7,159.59283139656637,165.23866987341688,162.54437,164.3876495361328
2024-08-21 13:00:00,172.73000000000002,187.24093270626744,173.85520827795526,173.2032,144.5533905029297
2024-08-21 14:00:00,148.466,144.84782274487307,151.73609679662403,150.20003,138.52947998046875
2024-08-21 15:00:00,109.306,111.56995658478832,113.58029539782177,113.65685,104.08645629882812
2024-08-21 16:00:00,69.4,69.14512732737379,68.05097530514628,69.39361,61.47385025024414
2024-08-21 17:00:00,34.54,35.92932960338344,33.00203487547746,32.044487,25.066633224487305
2024-08-21 18:00:00,4.510000000000001,12.98397098067915,5.387110300244407,5.19471,2.023223876953125
2024-08-21 19:00:00,0.0,-6.731065841265943,1.1116151256018535e-05,0.020741332,-0.8679580688476562
2024-08-21 20:00:00,0.0,1.9691099103889886,1.1116151256018535e-05,0.03266336,-1.0612525939941406
2024-08-21 21:00:00,0.0,0.6635260519780094,1.1116151256018535e-05,-0.03123195,-0.9478759765625
2024-08-21 22:00:00,0.0,-0.9044480194157254,1.1116151256018535e-05,-0.016365994,-0.8178482055664062
2024-08-21 23:00:00,0.0,0.39156419621698735,1.1116151256018535e-05,0.004303456,-0.7792587280273438
2024-08-22 00:00:00,0.0,4.022349614917805,1.1116151256018535e-05,0.011939736,-0.7978591918945312
2024-08-22 01:00:00,0.0,0.13256494466479296,1.1116151256018535e-05,0.011529153,-0.8136787414550781
2024-08-22 02:00:00,0.0,0.22930615183406378,1.1116151256018535e-05,0.014289295,-0.7801284790039062
2024-08-22 03:00:00,0.0,-0.45026468789301344,1.1116151256018535e-05,0.014289295,-0.9126358032226562
2024-08-22 04:00:00,0.0,2.118943274189594,1.1116151256018535e-05,0.03200042,-0.9803581237792969
2024-08-22 05:00:00,0.0,5.773500049910692,0.0,0.06902793,-1.5474586486816406
2024-08-22 06:00:00,9.734000000000002,10.42196567892438,10.21654358018088,11.134133,6.45654296875
2024-08-22 07:00:00,40.28,33.194788916998995,39.44733905832887,37.81762,34.15325164794922
2024-08-22 08:00:00,81.166,75.81843278478328,80.80728137651997,78.76176,72.39408111572266
2024-08-22 09:00:00,121.78,118.15341949860078,120.14890058341821,121.578384,116.35780334472656
2024-08-22 10:00:00,152.3,152.1115531576851,151.17824861607153,147.58739,150.3662567138672
2024-08-22 11:00:00,171.44400000000002,170.34737844877364,169.4026641511504,170.07385,165.74496459960938
2024-08-22 12:00:00,179.82000000000002,176.42777313688666,179.60308510403036,176.40868,168.37405395507812
2024-08-22 13:00:00,165.69000000000003,171.8859341555948,166.64293744518469,165.29387,156.9976806640625
2024-08-22 14:00:00,144.41600000000005,139.9336923800897,143.66802463803685,142.12941,132.6206817626953
2024-08-22 15:00:00,118.14,110.50663455727602,110.75159873738203,108.422356,93.69339752197266
2024-08-22 16:00:00,73.17999999999999,80.24546603025945,76.27380348633898,75.95707,56.58683395385742
2024-08-22 17:00:00,34.93,35.00155144157456,34.32866764410531,34.32996,24.570247650146484
2024-08-22 18:00:00,4.324000000000001,10.100673193163015,6.320662061982066,6.2728744,1.7928390502929688
2024-08-22 19:00:00,0.0,-7.410831814717181,1.1116151256018535e-05,-0.020661503,-1.0608711242675781
2024-08-22 20:00:00,0.0,1.903643021483513,1.1116151256018535e-05,-0.01757019,-1.1173820495605469
2024-08-22 21:00:00,0.0,-0.03084424845657141,1.1116151256018535e-05,-0.013140307,-0.9470329284667969
2024-08-22 22:00:00,0.0,-0.7976973365678774,1.1116151256018535e-05,0.0017256509,-0.8824272155761719
2024-08-22 23:00:00,0.0,1.081319303994397,1.1116151256018535e-05,0.0017256509,-0.8995437622070312
2024-08-23 00:00:00,0.0,1.9191587358908255,1.1116151256018535e-05,0.016079506,-0.9512252807617188
2024-08-23 01:00:00,0.0,1.227493281776381,1.1116151256018535e-05,0.014675727,-0.9676055908203125
2024-08-23 02:00:00,0.0,1.6416915192504842,1.1116151256018535e-05,0.014675727,-0.8633460998535156
2024-08-23 03:00:00,0.0,1.4290860177013978,1.1116151256018535e-05,0.014675727,-1.0745162963867188
2024-08-23 04:00:00,0.0,1.274950342339664,1.1116151256018535e-05,0.02724517,-1.1466102600097656
2024-08-23 05:00:00,0.0,5.2887489102512735,0.0,0.057580993,-1.4513587951660156
2024-08-23 06:00:00,8.644,9.779368301428148,10.500673669409712,11.268862,6.121990203857422
2024-08-23 07:00:00,37.264,29.79039719305643,39.337144043539965,38.160423,29.825654983520508
2024-08-23 08:00:00,73.304,70.01187344780675,75.63932260121713,75.05661,63.43035888671875
2024-08-23 09:00:00,110.244,107.13838467171607,115.50873120642399,113.39177,116.2696533203125
2024-08-23 10:00:00,141.27,138.77969679642587,144.57895223681896,142.87015,148.24398803710938
2024-08-23 11:00:00,162.67000000000002,160.57476167037692,161.083740295112,162.28218,160.8927001953125
2024-08-23 12:00:00,185.19000000000003,169.96405319535253,168.79435875698277,170.58487,159.65943908691406
2024-08-23 13:00:00,170.09000000000003,183.03020166011356,166.40289184147838,165.77713,147.34971618652344
2024-08-23 14:00:00,142.816,143.5000623934476,147.93007363582095,145.12613,136.7430419921875
2024-08-23 15:00:00,111.81,107.73045989139334,108.28170384438305,108.63351,99.65968322753906
2024-08-23 16:00:00,70.32000000000001,76.59646004591758,67.92774295358419,67.83518,56.1624870300293
2024-08-23 17:00:00,32.25,36.72017066612393,33.01137583644972,32.014793,22.98460578918457
2024-08-23 18:00:00,3.65,9.320228663597664,5.1089543173313094,5.316526,1.9959793090820312
2024-08-23 19:00:00,0.0,-5.810245965407146,1.1116151256018535e-05,-0.026306093,-1.0683364868164062
2024-08-23 20:00:00,0.0,2.5750520891707507,1.1116151256018535e-05,0.036864966,-1.204925537109375
2024-08-23 21:00:00,0.0,3.4436333343919903,1.1116151256018535e-05,-0.013510681,-1.0956993103027344
2024-08-23 22:00:00,0.0,1.642999213298979,1.1116151256018535e-05,-2.9157178e-05,-0.974151611328125
2024-08-23 23:00:00,0.0,1.891165617417277,1.1116151256018535e-05,0.023808999,-0.9820709228515625
2024-08-24 00:00:00,0.0,2.5767006501070764,1.1116151256018535e-05,0.0132960975,-1.0096397399902344
2024-08-24 01:00:00,0.0,-0.44707155475685956,1.1116151256018535e-05,0.0132960975,-0.9955024719238281
2024-08-24 02:00:00,0.0,0.03943191369621335,1.1116151256018535e-05,0.0132960975,-0.8460617065429688
2024-08-24 03:00:00,0.0,0.8208675996773094,1.1116151256018535e-05,0.016794633,-1.0617637634277344
2024-08-24 04:00:00,0.0,1.5610125344357768,1.1116151256018535e-05,-0.049187556,-1.2326698303222656
2024-08-24 05:00:00,0.0,4.873269507212662,0.0,0.056242935,-1.859222412109375
2024-08-24 06:00:00,9.44,9.993902099485833,10.040849319421728,11.202103,5.558010101318359
2024-08-24 07:00:00,40.046,31.383243625918087,40.408469468314316,39.32826,29.26137924194336
2024-08-24 08:00:00,79.524,73.66509607191935,80.70948912511268,79.518936,59.11600875854492
2024-08-24 09:00:00,117.366,114.62281899173573,118.66420237211794,119.30583,117.14134216308594
2024-08-24 10:00:00,148.276,146.84190256982035,149.46422148760297,150.21608,152.16998291015625
2024-08-24 11:00:00,172.26600000000002,167.4832053686359,166.84404276874866,170.23618,165.93417358398438
2024-08-24 12:00:00,169.18,178.88908197750024,177.76417154840237,176.11455,169.08645629882812
2024-08-24 13:00:00,137.17000000000002,156.7899250149324,159.3074416891154,156.01598,152.66104125976562
2024-08-24 14:00:00,96.824,110.15032360435177,121.0527265315948,117.059616,103.97097778320312
2024-08-24 15:00:00,43.19,69.08438091081067,68.52200606666663,63.2638,69.49571228027344
2024-08-24 16:00:00,30.72,18.06474654096566,29.0788720363982,30.827576,35.94811248779297
2024-08-24 17:00:00,13.91,22.974108612966283,17.003787129355402,15.340949,10.132396697998047
2024-08-24 18:00:00,1.414,6.274161333746762,2.9748812884465825,2.411039,0.1613006591796875
2024-08-24 19:00:00,0.0,-0.4331993543928607,1.1116151256018535e-05,-0.00614984,-0.9486122131347656
2024-08-24 20:00:00,0.0,5.736801807405727,1.1116151256018535e-05,0.08140977,-1.042327880859375
2024-08-24 21:00:00,0.0,4.2227897503137335,1.1116151256018535e-05,0.021952925,-0.9765396118164062
2024-08-24 22:00:00,0.0,3.382217651634822,1.1116151256018535e-05,0.021729605,-0.9897117614746094
2024-08-24 23:00:00,0.0,-0.2890558740815965,1.1116151256018535e-05,0.0146747045,-0.9923439025878906
2024-08-25 00:00:00,0.0,-4.451461512705061,1.1116151256018535e-05,0.014675727,-0.9637870788574219
2024-08-25 01:00:00,0.0,-7.614028196763723,1.1116151256018535e-05,0.0132960975,-0.9535789489746094
2024-08-25 02:00:00,0.0,-7.161407638238925,1.1116151256018535e-05,0.0128855165,-0.7837562561035156
2024-08-25 03:00:00,0.0,-5.545146374208917,1.1116151256018535e-05,0.0132960975,-0.8058662414550781
2024-08-25 04:00:00,0.0,3.1618033093523046,1.1116151256018535e-05,0.018894764,-0.6920127868652344
2024-08-25 05:00:00,0.0,5.67643580184753,0.0,0.048020314,-1.2167892456054688
2024-08-25 06:00:00,9.5,9.534940473705303,6.558490312350608,7.204892,7.188060760498047
2024-08-25 07:00:00,39.19,29.298043440116334,39.50231478249457,37.706226,31.874292373657227
2024-08-25 08:00:00,77.51,69.78663352451912,78.61241907914872,77.5833,54.164772033691406
2024-08-25 09:00:00,115.384,111.67009193715526,116.26352328981825,114.482735,115.72134399414062
2024-08-25 10:00:00,145.82000000000002,141.73236164353182,145.74846257671584,146.3041,147.81861877441406
2024-08-25 11:00:00,159.606,160.12912466700948,159.01119462896975,159.92148,162.7972412109375
2024-08-25 12:00:00,158.866,158.60502390375814,157.70679225033132,156.75816,154.91818237304688
2024-08-25 13:00:00,140.156,143.9475504076064,139.8562404815424,136.41685,116.44985961914062
2024-08-25 14:00:00,127.89,113.4246535733399,115.40917755349014,116.69935,98.95905303955078
2024-08-25 15:00:00,96.704,97.33663364062491,96.3632578702505,94.10699,69.75086212158203
2024-08-25 16:00:00,57.776,59.52183860903866,60.26487571035239,62.97369,40.18654251098633
2024-08-25 17:00:00,27.996,25.96998740024137,26.564519067426613,26.726753,15.006702423095703
2024-08-25 18:00:00,3.18,9.16480411247365,4.116976042890701,4.393409,0.34632110595703125
2024-08-25 19:00:00,0.0,-5.2974832551165845,1.1116151256018535e-05,0.057351757,-1.0693168640136719
2024-08-25 20:00:00,0.0,3.0712043992952904,1.1116151256018535e-05,0.07960568,-1.058929443359375
2024-08-25 21:00:00,0.0,-0.9382677400813781,1.1116151256018535e-05,0.018969463,-0.9744987487792969
2024-08-25 22:00:00,0.0,-2.4832355491599394,1.1116151256018535e-05,0.022574643,-0.8870353698730469
2024-08-25 23:00:00,0.0,-2.1882018058773287,1.1116151256018535e-05,0.016794633,-0.8722877502441406
2024-08-26 00:00:00,0.0,-0.9513925226683861,1.1116151256018535e-05,0.014675727,-0.8756179809570312
2024-08-26 01:00:00,0.0,0.6826117288798442,1.1116151256018535e-05,0.014102655,-0.8903083801269531
2024-08-26 02:00:00,0.0,3.138440029916899,1.1116151256018535e-05,0.014102655,-0.7457847595214844
2024-08-26 03:00:00,0.0,1.9176273540702415,1.1116151256018535e-05,0.015482287,-0.8870773315429688
2024-08-26 04:00:00,0.0,3.289838283917014,1.1116151256018535e-05,0.017145166,-0.9678573608398438
2024-08-26 05:00:00,0.0,7.158816993226442,0.0,0.037196774,-1.4114913940429688
2024-08-26 06:00:00,8.73,11.0432171323288,10.289863594500266,9.687012,7.176643371582031
2024-08-26 07:00:00,32.676,30.61922695161966,38.22282324017722,35.226665,34.55272674560547
2024-08-26 08:00:00,65.36,63.69113473431045,62.904862560114196,63.488316,63.52589416503906
2024-08-26 09:00:00,98.524,97.13873191690405,102.5301852302037,99.044044,109.61013793945312
2024-08-26 10:00:00,123.17000000000002,125.14258836054032,126.10157640624118,129.13129,139.8058319091797
2024-08-26 11:00:00,139.234,138.8394642232593,129.40122286408916,121.02785,148.29135131835938
2024-08-26 12:00:00,138.16,143.53366594886876,128.07668705231197,123.19331,118.3028564453125
2024-08-26 13:00:00,133.77,127.71957327730439,116.881661001626,115.77502,69.79511260986328
2024-08-26 14:00:00,97.1,113.57029562248104,116.40615948950457,111.69902,60.0234375
2024-08-26 15:00:00,62.876000000000005,65.33510998047205,67.4104356726937,65.699936,50.5209846496582
2024-08-26 16:00:00,38.330000000000005,37.49269165157782,37.09096833333335,38.122036,26.41033172607422
2024-08-26 17:00:00,16.936000000000003,20.762294521356665,19.839971743556333,17.675592,7.406581878662109
2024-08-26 18:00:00,1.6800000000000002,5.3621738193615105,2.7736526294042227,2.7315996,-0.006336212158203125
2024-08-26 19:00:00,0.0,-0.536623795157714,1.1116151256018535e-05,0.027359938,-0.982421875
2024-08-26 20:00:00,0.0,2.4075925025295604,1.1116151256018535e-05,0.034630746,-0.9376716613769531
2024-08-26 21:00:00,0.0,0.5185898311602027,1.1116151256018535e-05,0.0003218727,-0.8834152221679688
2024-08-26 22:00:00,0.0,0.2840152307103194,1.1116151256018535e-05,0.0003218727,-0.8600807189941406
2024-08-26 23:00:00,0.0,0.24148038491524004,1.1116151256018535e-05,0.0011669057,-0.8477745056152344
2024-08-27 00:00:00,0.0,-0.3152415839844749,1.1116151256018535e-05,0.0032234464,-0.8466148376464844
2024-08-27 01:00:00,0.0,-1.4557548476347453,1.1116151256018535e-05,0.012239349,-0.8666763305664062
2024-08-27 02:00:00,0.0,-4.46423492691844,1.1116151256018535e-05,0.012957837,-0.6539993286132812
2024-08-27 03:00:00,0.0,-2.1906829304015094,1.1116151256018535e-05,0.0039419327,-0.6340827941894531
2024-08-27 04:00:00,0.0,2.095419762556733,1.1116151256018535e-05,0.0032234464,-0.8790969848632812
2024-08-27 05:00:00,0.0,5.6876720861735555,0.0,0.0218361,-0.18466949462890625
2024-08-27 06:00:00,7.27,10.240096493955729,7.4263931168752375,7.56673,12.525344848632812
2024-08-27 07:00:00,24.894,25.442005618197133,32.21662431569094,31.79073,36.23301696777344
2024-08-27 08:00:00,47.604000000000006,48.45811987578015,44.74981601432331,46.487797,50.743309020996094
2024-08-27 09:00:00,76.7,71.72818983719532,72.99584656293156,73.82858,77.46841430664062
2024-08-27 10:00:00,95.984,98.62421796771676,102.27879769601475,95.81703,93.98208618164062
2024-08-27 11:00:00,89.016,108.78474206297696,111.95900553792063,103.7468,104.6222915649414
2024-08-27 12:00:00,93.16,86.76092123808701,92.69121378660837,94.30135,92.80392456054688
2024-08-27 13:00:00,84.724,90.34082252855356,84.8314238962029,82.16734,77.18809509277344
2024-08-27 14:00:00,82.65,72.5190330159788,74.81507153090133,69.51673,62.1320915222168
2024-08-27 15:00:00,58.220000000000006,67.27927840979783,67.29316699999998,74.6403,45.84856033325195
2024-08-27 16:00:00,29.276,34.88221561006339,32.44527619047618,30.61754,26.536945343017578
2024-08-27 17:00:00,12.124,9.458592547550474,10.967316333333336,12.788677,9.689857482910156
2024-08-27 18:00:00,1.56,3.9441012724594433,1.326153513529108,1.2866768,0.8106460571289062
2024-08-27 19:00:00,0.0,0.07289865582439115,1.1116151256018535e-05,0.31382146,-0.8144721984863281
2024-08-27 20:00:00,0.0,1.6084751719229882,1.1116151256018535e-05,-0.0001944101,-1.0369796752929688
2024-08-27 21:00:00,0.0,-1.486525934349693,1.1116151256018535e-05,-0.0001944101,-1.0463333129882812
2024-08-27 22:00:00,0.0,-3.9877981735108765,1.1116151256018535e-05,-0.1697502,-1.0463714599609375
2024-08-27 23:00:00,0.0,-5.245507765028407,1.1116151256018535e-05,-0.1697502,-1.0540122985839844
2024-08-28 00:00:00,0.0,-0.4675724518327402,1.1116151256018535e-05,-0.17209837,-1.0573806762695312
2024-08-28 01:00:00,0.0,0.2870820235328717,1.1116151256018535e-05,-0.1654983,-1.0600318908691406
2024-08-28 02:00:00,0.0,1.1496235180394423,1.1116151256018535e-05,-0.14190175,-0.9668159484863281
2024-08-28 03:00:00,0.0,-0.47740868179360385,1.1116151256018535e-05,-0.14190175,-0.7408943176269531
2024-08-28 04:00:00,0.0,0.35080295049983334,1.1116151256018535e-05,-0.14190175,-0.5607566833496094
2024-08-28 05:00:00,0.0,4.340085069757093,0.0,0.03198919,0.1417236328125
2024-08-28 06:00:00,6.890000000000001,8.309424167549581,5.643544814373707,5.5568457,5.3277435302734375
2024-08-28 07:00:00,28.0,22.75976628560018,24.434152110097376,25.058546,19.667518615722656
2024-08-28 08:00:00,59.566,52.9985262822305,53.887389629916036,52.13599,35.5566291809082
2024-08-28 09:00:00,75.916,87.22097778405742,92.55833948950911,82.388954,72.70951843261719
2024-08-28 10:00:00,77.816,92.73253212649124,100.16374528944908,87.927,110.00821685791016
2024-08-28 11:00:00,78.334,82.97828538796983,85.04562954365083,88.01859,119.48551940917969
2024-08-28 12:00:00,103.19,78.82127360273779,81.94470895469729,81.12917,107.2347412109375
2024-08-28 13:00:00,89.924,108.49715628936403,93.51818655007666,83.55688,91.37921142578125
2024-08-28 14:00:00,67.3,74.47919025246259,79.26933511428683,71.52327,82.8299560546875
2024-08-28 15:00:00,51.29600000000001,46.24999609631896,48.86516285714287,54.72979,68.70567321777344
2024-08-28 16:00:00,38.724,34.299138905147245,29.01688754901963,28.201687,45.74427032470703
2024-08-28 17:00:00,17.28,23.65357043671795,18.988309666666677,16.129377,18.569868087768555
2024-08-28 18:00:00,2.276,3.9151039595023773,2.5858146817430776,3.4751332,3.8320770263671875
2024-08-28 19:00:00,0.0,-4.004632386668702,1.1116151256018535e-05,-0.019800536,-0.09846878051757812
2024-08-28 20:00:00,0.0,-0.26892995593257707,1.1116151256018535e-05,0.018716125,-0.8787612915039062
2024-08-28 21:00:00,0.0,-3.149754234672196,1.1116151256018535e-05,0.018716125,-0.9684410095214844
2024-08-28 22:00:00,0.0,-3.659847857823981,1.1116151256018535e-05,-0.015592752,-0.9284477233886719
2024-08-28 23:00:00,0.0,-1.522742533363921,1.1116151256018535e-05,-0.015592752,-0.9673728942871094
2024-08-29 00:00:00,0.0,1.3639655552582175,1.1116151256018535e-05,0.008008751,-0.9891166687011719
2024-08-29 01:00:00,0.0,-2.2600913179115176,1.1116151256018535e-05,0.012585558,-0.9950370788574219
2024-08-29 02:00:00,0.0,-0.48810866734221126,1.1116151256018535e-05,-0.12477108,-0.6798667907714844
2024-08-29 03:00:00,0.0,2.462751858124359,1.1116151256018535e-05,-0.12871452,-0.8445816040039062
2024-08-29 04:00:00,0.0,5.020838132674635,1.1116151256018535e-05,-0.07774166,-2.226726531982422
2024-08-29 05:00:00,0.0,6.017047778056705,0.0,-0.044956997,2.3958396911621094
2024-08-29 06:00:00,7.766,9.613539179003633,7.378771737761349,6.87428,25.37058448791504
2024-08-29 07:00:00,30.1,26.71088887393017,32.847686876904184,33.27078,53.30192565917969
2024-08-29 08:00:00,49.620000000000005,57.62652537214974,56.16263072020732,57.960205,76.35372924804688
2024-08-29 09:00:00,76.784,73.0227405538865,74.36490949367777,74.79138,94.10060119628906
2024-08-29 10:00:00,91.534,97.74400145861148,96.38932844792909,94.78499,99.78738403320312
2024-08-29 11:00:00,99.334,101.41701054760719,109.99834336739002,106.031845,107.66266632080078
2024-08-29 12:00:00,103.6,99.57002702425925,108.76920055297416,103.00801,103.70158386230469
2024-08-29 13:00:00,127.924,97.44167470217673,94.50470053541183,93.50553,95.13127136230469
2024-08-29 14:00:00,113.744,121.50288367316821,105.5481522917089,108.66035,81.78474426269531
2024-08-29 15:00:00,76.604,85.72990461079158,91.09745214316243,90.47012,69.99787902832031
2024-08-29 16:00:00,50.554,42.834793129567196,44.7628780962908,44.26834,50.49799346923828
2024-08-29 17:00:00,24.164,28.485552818238347,22.30510365079364,23.16949,20.699684143066406
2024-08-29 18:00:00,2.5540000000000003,8.03815323726344,3.0288064077609733,3.8799708,1.8985443115234375
2024-08-29 19:00:00,0.0,-4.890948526295746,1.1116151256018535e-05,-0.013309302,-0.7956428527832031
2024-08-29 20:00:00,0.0,-0.6945950935483642,1.1116151256018535e-05,-0.026699342,-1.0084304809570312
2024-08-29 21:00:00,0.0,-2.183160120802876,1.1116151256018535e-05,0.0017189761,-0.9496726989746094
2024-08-29 22:00:00,0.0,-1.517269485000094,1.1116151256018535e-05,0.0003218727,-0.9143257141113281
2024-08-29 23:00:00,0.0,0.8164923018906486,1.1116151256018535e-05,0.0023784135,-0.9450607299804688
2024-08-30 00:00:00,0.0,2.99008879094322,1.1116151256018535e-05,0.025427487,-0.9454917907714844
2024-08-30 01:00:00,0.0,4.458395911047952,1.1116151256018535e-05,0.033063766,-0.9716758728027344
2024-08-30 02:00:00,0.0,-0.17168981328938093,1.1116151256018535e-05,0.037282802,-0.8050613403320312
2024-08-30 03:00:00,0.0,-0.7298279941113437,1.1116151256018535e-05,0.029646523,-0.7532691955566406
2024-08-30 04:00:00,0.0,3.3232812932283946,1.1116151256018535e-05,0.04791715,-0.9062728881835938
2024-08-30 05:00:00,0.0,5.936772899258958,0.0,0.076614015,-0.82989501953125
2024-08-30 06:00:00,8.694,10.040076122808193,8.614705457020744,7.5971446,9.675098419189453
2024-08-30 07:00:00,41.986,29.4889323254878,35.94949448578366,36.12317,35.12537384033203
2024-08-30 08:00:00,86.64,77.58235719025254,82.8863927517601,80.55384,60.75321960449219
2024-08-30 09:00:00,122.056,123.19571475807706,125.45437873576093,115.86157,106.19721984863281
2024-08-30 10:00:00,146.26,146.95041955528623,147.702152209293,137.79353,137.1541290283203
2024-08-30 11:00:00,150.484,156.9766065227321,160.95385886206418,167.02443,151.8377685546875
2024-08-30 12:00:00,138.36,146.12830478995866,155.75812890708082,157.77574,148.38731384277344
2024-08-30 13:00:00,120.22,122.71618181056499,133.18446791529766,128.31161,128.80162048339844
2024-08-30 14:00:00,82.81,98.80329029789104,97.91844767424715,101.74401,104.6402587890625
2024-08-30 15:00:00,68.63,54.80928333043554,55.6681397477253,64.24873,70.32632446289062
2024-08-30 16:00:00,42.414,49.289706744086146,36.373822081029445,35.805725,35.23789978027344
2024-08-30 17:00:00,18.680000000000003,20.8462409510612,17.344124145502647,16.6476,9.696281433105469
2024-08-30 18:00:00,1.864,4.384723870691684,2.7669009701746305,1.9329927,-0.14551925659179688
2024-08-30 19:00:00,0.0,-2.238874678436137,1.1116151256018535e-05,-0.0050708456,-1.0258216857910156
2024-08-30 20:00:00,0.0,2.327906211834799,1.1116151256018535e-05,0.1986312,-0.9919509887695312
2024-08-30 21:00:00,0.0,-1.2553703732988017,1.1116151256018535e-05,-0.087337114,-0.8876190185546875
2024-08-30 22:00:00,0.0,-3.362487736661169,1.1116151256018535e-05,0.025145903,-0.76153564453125
2024-08-30 23:00:00,0.0,-3.7828237144211228,1.1116151256018535e-05,0.01238382,-0.7225151062011719
2024-08-31 00:00:00,0.0,-3.2319255925193833,1.1116151256018535e-05,0.010125374,-0.6924362182617188
2024-08-31 01:00:00,0.0,-2.4248973057531886,1.1116151256018535e-05,0.010125374,-0.6588134765625
2024-08-31 02:00:00,0.0,-2.0498502943192407,1.1116151256018535e-05,0.010125374,-0.3152313232421875
2024-08-31 03:00:00,0.0,3.0708544111723786,1.1116151256018535e-05,-0.02316529,-0.4205665588378906
2024-08-31 04:00:00,0.0,4.247375453645631,1.1116151256018535e-05,0.014754994,-0.5993843078613281
2024-08-31 05:00:00,0.0,7.913068108259951,0.0,-0.038305707,-1.1891975402832031
2024-08-31 06:00:00,7.970000000000001,12.780157874945727,7.561722029932083,7.732179,8.983062744140625
2024-08-31 07:00:00,37.636,31.15134932508429,36.56051225196921,32.992992,38.249603271484375
2024-08-31 08:00:00,77.95,71.79733379829233,76.1986034532588,76.66272,62.149410247802734
2024-08-31 09:00:00,117.6,113.00027153134832,114.53818539699527,114.71522,105.44839477539062
2024-08-31 10:00:00,150.83,145.34838400180197,144.00932203078656,143.67552,137.23822021484375
2024-08-31 11:00:00,166.17600000000002,167.19301490898854,163.57232231002786,161.5578,153.89328002929688
2024-08-31 12:00:00,178.67600000000002,167.52291027201485,169.13122813446859,164.18222,140.90611267089844
2024-08-31 13:00:00,159.91600000000005,168.66796816160306,158.64043559871513,150.7804,117.91255187988281
2024-08-31 14:00:00,137.08,128.6656911659137,138.97339887791767,136.71465,108.0909423828125
2024-08-31 15:00:00,103.09000000000002,100.02679915097244,98.39496530554322,97.63245,79.3407974243164
2024-08-31 16:00:00,62.166,64.52055253947276,64.48843284716368,63.099373,46.83021926879883
2024-08-31 17:00:00,28.05,28.642516068127538,28.115333532860486,29.009405,16.942705154418945
2024-08-31 18:00:00,2.4800000000000004,7.961807219896979,3.682399980751861,4.3883586,0.4427452087402344
2024-08-31 19:00:00,0.0,-5.719596508905252,1.1116151256018535e-05,0.0291295,-1.2718696594238281
2024-08-31 20:00:00,0.0,1.936414922471694,1.1116151256018535e-05,-0.26138753,-1.4173851013183594
2024-08-31 21:00:00,0.0,-0.30367483702287745,1.1116151256018535e-05,0.038875874,-1.3471107482910156
2024-08-31 22:00:00,0.0,-0.7424053738498526,1.1116151256018535e-05,0.059956975,-1.1401710510253906
2024-08-31 23:00:00,0.0,0.012533794476508042,1.1116151256018535e-05,0.04921639,-0.9980316162109375
2024-09-01 00:00:00,0.0,1.046743484545342,1.1116151256018535e-05,0.0132960975,-0.8968696594238281
2024-09-01 01:00:00,0.0,-0.9886883344919948,1.1116151256018535e-05,0.01413806,-0.8309898376464844
2024-09-01 02:00:00,0.0,-0.06557100848096109,1.1116151256018535e-05,0.01413806,-0.6997222900390625
2024-09-01 03:00:00,0.0,0.09651795808478858,1.1116151256018535e-05,0.01413806,-0.8622169494628906
2024-09-01 04:00:00,0.0,1.9716965302103922,1.1116151256018535e-05,0.01413806,-0.7597618103027344
2024-09-01 05:00:00,0.0,6.3392833347632775,0.0,0.05254521,-1.0664901733398438
2024-09-01 06:00:00,7.73,11.275856788896027,9.184012363299548,8.541871,6.597080230712891
2024-09-01 07:00:00,38.614,30.16759824637764,39.56542761985216,39.71689,34.83232116699219
2024-09-01 08:00:00,82.084,74.16494834084216,79.683355503268,79.83611,66.47655487060547
2024-09-01 09:00:00,124.734,119.61890801054676,119.95079091005897,123.10226,118.41778564453125
2024-09-01 10:00:00,156.45000000000002,154.5543377538718,153.56250666664573,153.23679,152.56053161621094
2024-09-01 11:00:00,174.20600000000002,173.65272360159102,171.8834451743983,173.34058,170.5489501953125
2024-09-01 12:00:00,161.07000000000002,177.69129360088596,178.72172908013013,178.0564,168.9841766357422
2024-09-01 13:00:00,147.26,146.42111496631847,152.9946817851277,155.05211,151.59780883789062
2024-09-01 14:00:00,120.87,126.53402139519321,123.08212563996898,122.25892,113.66290283203125
2024-09-01 15:00:00,92.516,90.62709630198606,90.75602246799183,90.39525,84.80702209472656
2024-09-01 16:00:00,53.73400000000001,60.30739625565635,52.883703005579044,54.30398,47.87917709350586
2024-09-01 17:00:00,22.37,23.483238503007456,20.70059412321643,21.008509,14.576332092285156
2024-09-01 18:00:00,1.814,4.577336280927356,2.1769888028214415,2.4182873,-0.151458740234375
2024-09-01 19:00:00,0.0,-3.209864882878577,1.1116151256018535e-05,-0.006714283,-0.65667724609375
2024-09-01 20:00:00,0.0,2.906251383987021,1.1116151256018535e-05,0.03784056,-0.6206321716308594
2024-09-01 21:00:00,0.0,-0.19045618458291047,1.1116151256018535e-05,0.0195865,-0.5440711975097656
2024-09-01 22:00:00,0.0,-1.9089503177256466,1.1116151256018535e-05,0.0247322,-0.5379562377929688
2024-09-01 23:00:00,0.0,-1.8564875955014428,1.1116151256018535e-05,0.026441172,-0.6099319458007812
2024-09-02 00:00:00,0.0,-2.683364332087935,1.1116151256018535e-05,0.015928272,-0.6866836547851562
2024-09-02 01:00:00,0.0,-0.9739029476441448,1.1116151256018535e-05,0.015928272,-0.7359695434570312
2024-09-02 02:00:00,0.0,-1.3551642805322,1.1116151256018535e-05,0.016667547,-0.7633438110351562
2024-09-02 03:00:00,0.0,-0.5158924528867934,1.1116151256018535e-05,0.016667547,-0.7840347290039062
2024-09-02 04:00:00,0.0,0.6380401667308815,1.1116151256018535e-05,0.015928272,-0.3112640380859375
2024-09-02 05:00:00,0.0,5.6452172828646,0.0,0.025525017,-0.6871795654296875
2024-09-02 06:00:00,8.13,11.16657600552393,8.257282360144803,8.135896,8.357929229736328
2024-09-02 07:00:00,36.13,30.439662771456238,40.04962087191753,39.7251,43.13035583496094
2024-09-02 08:00:00,74.05,69.8530353620798,75.19023525620312,76.28406,79.00881958007812
2024-09-02 09:00:00,114.844,108.4133315167351,114.82175296626154,112.207146,113.32455444335938
2024-09-02 10:00:00,149.494,144.1027460547983,142.52379708768214,144.07794,143.7318572998047
2024-09-02 11:00:00,165.024,168.0590981997458,164.6435759357335,164.15791,161.4549560546875
2024-09-02 12:00:00,148.94000000000003,167.48472705551055,165.72832761635237,166.29515,167.33746337890625
2024-09-02 13:00:00,141.54000000000002,132.7949608779546,142.5906776364612,135.92862,147.75064086914062
2024-09-02 14:00:00,110.02,123.22369366592054,110.37047053949304,115.08837,107.12294006347656
2024-09-02 15:00:00,85.38400000000001,79.13386587104435,81.12513644862155,81.272644,76.56464385986328
2024-09-02 16:00:00,48.086000000000006,56.63190047413224,46.432234954572344,46.5638,38.522132873535156
2024-09-02 17:00:00,19.58,19.799803752426175,18.48600543371874,18.962664,8.556671142578125
2024-09-02 18:00:00,1.704,2.8880726555728833,1.1649273928962314,1.4252752,-0.4488258361816406
2024-09-02 19:00:00,0.0,-1.5791030033571776,1.1116151256018535e-05,0.017720392,-0.6126251220703125
2024-09-02 20:00:00,0.0,3.345119346375675,1.1116151256018535e-05,0.070000015,-0.6283531188964844
2024-09-02 21:00:00,0.0,1.787403255565482,1.1116151256018535e-05,0.026905471,-0.5832366943359375
2024-09-02 22:00:00,0.0,-1.4632596728886726,1.1116151256018535e-05,0.023827186,-0.5686607360839844
2024-09-02 23:00:00,0.0,-3.3952214626325157,1.1116151256018535e-05,0.026441172,-0.6723594665527344
2024-09-03 00:00:00,0.0,-4.346443479519273,1.1116151256018535e-05,0.014548642,-0.7851333618164062
2024-09-03 01:00:00,0.0,-1.293238312136189,1.1116151256018535e-05,0.014548642,-0.8775138854980469
2024-09-03 02:00:00,0.0,-1.8094484092951078,1.1116151256018535e-05,0.014548642,-0.7671623229980469
2024-09-03 03:00:00,0.0,0.3022255041633586,1.1116151256018535e-05,0.015928272,-0.8310394287109375
2024-09-03 04:00:00,0.0,1.347425157047827,1.1116151256018535e-05,0.015928272,-0.4735527038574219
2024-09-03 05:00:00,0.0,5.942005021096591,0.0,0.036203794,-0.6340560913085938
2024-09-03 06:00:00,6.776000000000001,11.072343708963416,7.696303065097022,7.94684,7.135894775390625
2024-09-03 07:00:00,27.33,26.980374006839572,34.88681044758429,33.888645,31.167997360229492
2024-09-03 08:00:00,56.8,55.02732962530546,51.80255341919189,55.358192,51.705753326416016
2024-09-03 09:00:00,65.60000000000001,86.4224695562105,88.83109218823232,90.00796,92.13469696044922
2024-09-03 10:00:00,93.81,81.64747797820553,77.18459359253205,78.706215,129.429443359375
2024-09-03 11:00:00,99.6,112.10694060858356,101.83191060905106,91.71953,80.98849487304688
2024-09-03 12:00:00,110.38,104.61149435212673,104.14285500426091,83.627304,94.37359619140625
2024-09-03 13:00:00,35.204,110.35458348091638,111.1847920806213,102.547325,98.29415893554688
2024-09-03 14:00:00,16.22,13.153633270761027,40.16527066666669,27.174356,97.81074523925781
2024-09-03 15:00:00,8.43,21.444683134652927,22.584184999999998,19.989117,43.41339874267578
2024-09-03 16:00:00,5.766,14.964204617304242,12.739804999999999,9.830876,20.0030460357666
2024-09-03 17:00:00,2.696,8.426725830111419,8.910739999999999,6.5340858,10.630279541015625
2024-09-03 18:00:00,0.26,4.304676849674987,1.9209431413372184,0.48168802,1.3035736083984375
2024-09-03 19:00:00,0.0,0.7308429906234246,1.1116151256018535e-05,0.05186154,-0.71759033203125
2024-09-03 20:00:00,0.0,4.278081339459273,0.003221446275307176,0.05186154,-0.9720916748046875
2024-09-03 21:00:00,0.0,1.2212595061084826,0.003221446275307176,0.05186154,-1.0330429077148438
2024-09-03 22:00:00,0.0,0.3620903393365056,0.003221446275307176,0.15075906,-1.0792083740234375
2024-09-03 23:00:00,0.0,-2.9896867695083458,0.003221446275307176,0.09308816,-1.1024017333984375
2024-09-04 00:00:00,0.0,-5.853555209913864,0.003221446275307176,0.09308816,-1.1032562255859375
2024-09-04 01:00:00,0.0,-16.60061321213164,0.003221446275307176,0.09908406,-1.126068115234375
2024-09-04 02:00:00,0.0,-6.463081566880606,0.003221446275307176,0.4306636,-0.67767333984375
2024-09-04 03:00:00,0.0,-3.2519455701218503,0.05742144627530719,0.5209045,-0.439422607421875
2024-09-04 04:00:00,0.0,0.12111928704762609,1.1116151256018535e-05,0.41305155,-0.6689720153808594
2024-09-04 05:00:00,0.0,2.9430550110998315,0.0,0.39791152,2.5676307678222656
2024-09-04 06:00:00,5.816,5.616007416329623,5.984429817428399,6.063574,21.903648376464844
2024-09-04 07:00:00,19.51,16.799586458202434,30.583662652314874,30.496157,42.82394790649414
2024-09-04 08:00:00,35.436,34.79498487521314,39.633561790116325,36.419266,51.372772216796875
2024-09-04 09:00:00,50.38,48.93133488819077,53.56611960977738,50.161545,66.58694458007812
2024-09-04 10:00:00,64.22000000000001,61.45793801302057,58.6992101869489,62.85791,78.13365936279297
2024-09-04 11:00:00,61.854,72.63158818325667,60.10895274592077,64.10397,88.24408721923828
2024-09-04 12:00:00,88.5,61.81917814898305,63.3964730984849,73.59304,90.95501708984375
2024-09-04 13:00:00,85.44,95.6880915896736,95.92860001017847,91.47745,84.80519104003906
2024-09-04 14:00:00,101.6,74.0427970024175,86.54878725860804,77.58408,78.6156234741211
2024-09-04 15:00:00,90.08,89.06697120915774,79.66787194805198,77.92132,69.14503479003906
2024-09-04 16:00:00,55.54600000000001,63.17114870404071,57.755587095238106,58.323673,53.19365310668945
2024-09-04 17:00:00,23.306,24.16973400413778,24.335434826396277,25.887032,26.45587730407715
2024-09-04 18:00:00,1.836,4.0893473467322705,2.3278021792697547,4.267268,4.381641387939453
2024-09-04 19:00:00,0.0,-7.4694356001573645,1.1116151256018535e-05,-0.44165036,-0.7514190673828125
2024-09-04 20:00:00,0.0,-0.003847943344294835,1.1116151256018535e-05,-0.42836094,-0.9170341491699219
2024-09-04 21:00:00,0.0,-2.702093436188493,1.1116151256018535e-05,-0.47317508,-0.8552436828613281
2024-09-04 22:00:00,0.0,-2.1045185438287266,1.1116151256018535e-05,-0.47801402,-0.8936653137207031
2024-09-04 23:00:00,0.0,1.0032116904935209,1.1116151256018535e-05,-0.51372,-0.93487548828125
2024-09-05 00:00:00,0.0,5.333423363207903,1.1116151256018535e-05,-0.51452655,-0.9195976257324219
2024-09-05 01:00:00,0.0,3.437959023940836,1.1116151256018535e-05,-0.48516968,-0.9334068298339844
2024-09-05 02:00:00,0.0,4.906421594134448,1.1116151256018535e-05,-0.47746274,-0.5722312927246094
2024-09-05 03:00:00,0.0,0.35541936692568044,1.1116151256018535e-05,0.7015695,-0.390594482421875
2024-09-05 04:00:00,0.0,-1.302198206949977,1.1116151256018535e-05,0.6963071,-0.19037246704101562
2024-09-05 05:00:00,0.0,1.940720488625495,0.0,0.71491975,0.07137680053710938
2024-09-05 06:00:00,7.566,6.921040582418728,7.958588771910756,8.244717,10.398189544677734
2024-09-05 07:00:00,36.986,25.0092769394057,35.34335512403106,35.446568,37.04069137573242
2024-09-05 08:00:00,80.13,66.69619629437906,72.5872499478352,73.3827,61.01190185546875
2024-09-05 09:00:00,126.29000000000002,114.62001241186698,115.56646349009692,113.004395,112.29737854003906
2024-09-05 10:00:00,157.45600000000002,155.66897316519675,144.85957116666663,146.08087,149.88641357421875
2024-09-05 11:00:00,173.74400000000003,172.43516413639597,171.36790948165876,174.62634,173.6919708251953
2024-09-05 12:00:00,180.28,173.75946423565415,180.21896501433687,178.35872,178.78079223632812
2024-09-05 13:00:00,150.74,168.36817048880684,165.60804887025452,163.9243,163.9745330810547
2024-09-05 14:00:00,137.29000000000002,120.70159026849515,123.92231115843417,127.45818,133.6216278076172
2024-09-05 15:00:00,103.68,108.06787696208232,99.00199657607541,98.907585,93.0995101928711
2024-09-05 16:00:00,60.85,65.96031718260917,61.28245541336668,60.313656,52.15176010131836
2024-09-05 17:00:00,24.456000000000003,26.95246275271647,22.929090522560863,21.659645,19.47621726989746
2024-09-05 18:00:00,1.7300000000000002,5.297749982491121,1.7188617744209003,3.2362528,0.1625518798828125
2024-09-05 19:00:00,0.0,-3.279618553636489,1.1116151256018535e-05,-0.009420294,-0.8278236389160156
2024-09-05 20:00:00,0.0,4.873102989937698,1.1116151256018535e-05,-0.05188044,-0.8892860412597656
2024-09-05 21:00:00,0.0,0.9415920962727826,1.1116151256018535e-05,-0.005900448,-0.8127593994140625
2024-09-05 22:00:00,0.0,-1.300887488366766,1.1116151256018535e-05,0.011892798,-0.7377738952636719
2024-09-05 23:00:00,0.0,-1.2563895153234719,1.1116151256018535e-05,0.010602651,-0.7651748657226562
2024-09-06 00:00:00,0.0,-0.4776562826062154,1.1116151256018535e-05,0.015928272,-0.7488479614257812
2024-09-06 01:00:00,0.0,-1.7302810733701568,1.1116151256018535e-05,0.01413806,-0.7170066833496094
2024-09-06 02:00:00,0.0,1.912180999782305,1.1116151256018535e-05,0.01413806,-0.412567138671875
2024-09-06 03:00:00,0.0,0.20591701089765713,1.1116151256018535e-05,0.016194602,-0.4492683410644531
2024-09-06 04:00:00,0.0,0.961822771238755,1.1116151256018535e-05,0.026006855,-0.2573089599609375
2024-09-06 05:00:00,0.0,4.812722170774062,0.0,0.10145464,-0.09011459350585938
2024-09-06 06:00:00,7.0200000000000005,10.531678601834406,8.705750117689087,8.372196,5.7705230712890625
2024-09-06 07:00:00,36.704,27.513556927349768,40.13553521543143,39.859768,27.428136825561523
2024-09-06 08:00:00,77.04,71.21281371235796,75.4464205491205,76.18886,55.308040618896484
2024-09-06 09:00:00,116.284,113.49575798106201,117.83046957934111,117.67924,115.27336120605469
2024-09-06 10:00:00,147.616,146.12387054589934,148.0040680729861,148.71782,150.0927734375
2024-09-06 11:00:00,166.67600000000002,167.17116449428966,165.2716151141729,167.90689,167.41033935546875
2024-09-06 12:00:00,182.856,172.40086009484781,169.50057654234206,174.8321,174.01295471191406
2024-09-06 13:00:00,173.16,177.5208985183708,169.81135688471358,167.45793,163.86521911621094
2024-09-06 14:00:00,149.506,147.1948595033885,148.48104313399602,146.16045,136.87802124023438
2024-09-06 15:00:00,114.056,112.89902253218676,113.12156769535963,112.73313,98.10881805419922
2024-09-06 16:00:00,67.17,74.18091091462205,69.20672894444444,68.34009,59.471622467041016
2024-09-06 17:00:00,25.436000000000003,30.431636904872327,25.528640534454055,24.47577,20.490917205810547
2024-09-06 18:00:00,1.55,2.873748276817937,1.5304702422920748,1.5112449,0.46734619140625
2024-09-06 19:00:00,0.0,-5.505354870189123,1.1116151256018535e-05,0.004302994,-0.6364898681640625
2024-09-06 20:00:00,0.0,3.3938796222409575,1.1116151256018535e-05,0.0066737407,-0.7325325012207031
2024-09-06 21:00:00,0.0,0.9882863505506967,1.1116151256018535e-05,-0.013083259,-0.6135597229003906
2024-09-06 22:00:00,0.0,0.6991219101092613,1.1116151256018535e-05,-0.009244442,-0.5406494140625
2024-09-06 23:00:00,0.0,0.8390444917065634,1.1116151256018535e-05,0.014548642,-0.5677566528320312
2024-09-07 00:00:00,0.0,2.03329765200305,1.1116151256018535e-05,0.016194602,-0.6170158386230469
2024-09-07 01:00:00,0.0,0.45424360525990826,1.1116151256018535e-05,0.016194602,-0.6370849609375
2024-09-07 02:00:00,0.0,-0.47462888349515175,1.1116151256018535e-05,0.026006855,-0.5775489807128906
2024-09-07 03:00:00,0.0,-1.234450026964601,1.1116151256018535e-05,0.01937298,-0.5237770080566406
2024-09-07 04:00:00,0.0,0.030527042932674053,1.1116151256018535e-05,0.01937298,-0.3342018127441406
2024-09-07 05:00:00,0.0,4.692872256996033,0.0,0.08626188,-0.9373397827148438
2024-09-07 06:00:00,6.88,11.295466345183735,8.710719042620404,7.67801,4.940868377685547
2024-09-07 07:00:00,36.914,29.38787308944402,41.012497322949976,40.279503,33.012569427490234
2024-09-07 08:00:00,79.20400000000001,72.59083618511423,76.47976325546662,77.96049,73.53455352783203
2024-09-07 09:00:00,120.424,117.73518506536251,119.44441534889755,120.078384,117.79032897949219
2024-09-07 10:00:00,151.806,152.5718411073142,151.45150614723408,151.46269,153.39566040039062
2024-09-07 11:00:00,169.334,171.17299151906903,171.48608000935863,172.10606,171.97926330566406
2024-09-07 12:00:00,172.324,174.074301659296,181.15267890563098,181.01186,178.15081787109375
2024-09-07 13:00:00,162.59400000000002,162.51931583108606,165.45105759085655,165.49872,162.207275390625
2024-09-07 14:00:00,135.38,138.582249417025,139.44828974668943,138.87392,125.35307312011719
2024-09-07 15:00:00,100.446,100.00066949708159,99.48807404007823,98.92554,92.17353820800781
2024-09-07 16:00:00,55.31,62.76185121855529,58.31515369952148,58.510517,50.604217529296875
2024-09-07 17:00:00,20.064,21.753230163535715,19.968186203868033,19.869196,16.345945358276367
2024-09-07 18:00:00,1.2060000000000002,1.2749323355819804,1.2082146234786602,2.0660372,-0.050960540771484375
2024-09-07 19:00:00,0.0,-2.9407354618978587,1.1116151256018535e-05,-0.007620369,-0.8280754089355469
2024-09-07 20:00:00,0.0,3.7538736597162536,1.1116151256018535e-05,0.0027351938,-0.882843017578125
2024-09-07 21:00:00,0.0,1.554159867428681,1.1116151256018535e-05,0.009035974,-0.7391624450683594
2024-09-07 22:00:00,0.0,-0.6369478350032525,1.1116151256018535e-05,0.02555107,-0.68780517578125
2024-09-07 23:00:00,0.0,-0.7843888732995516,1.1116151256018535e-05,0.015928272,-0.7238273620605469
2024-09-08 00:00:00,0.0,-0.9622550031102048,1.1116151256018535e-05,0.015928272,-0.7706184387207031
2024-09-08 01:00:00,0.0,-1.7585711783767444,1.1116151256018535e-05,0.016605185,-0.8056259155273438
2024-09-08 02:00:00,0.0,-2.637973876962948,1.1116151256018535e-05,0.026006855,-0.65985107421875
2024-09-08 03:00:00,0.0,-2.1201290065724314,1.1116151256018535e-05,0.026006855,-0.8125801086425781
2024-09-08 04:00:00,0.0,-0.7135516584843176,1.1116151256018535e-05,0.028125761,-0.6612663269042969
2024-09-08 05:00:00,0.0,4.71970312215967,0.0,0.055588372,-0.5853424072265625
2024-09-08 06:00:00,7.4,11.036911742895175,7.071848857430872,7.1282053,4.683010101318359
2024-09-08 07:00:00,39.264,28.777647205316946,40.19086898893488,39.749123,28.13291358947754
2024-09-08 08:00:00,80.96600000000001,74.78452124047772,80.6465141183695,79.89554,66.68108367919922
2024-09-08 09:00:00,120.99,118.59030236616468,120.05622055003397,122.02578,119.28076171875
2024-09-08 10:00:00,152.706,151.98547277914298,150.16266885329082,150.62955,153.5293426513672
2024-09-08 11:00:00,172.044,171.9448904784261,167.42319963923129,168.84798,170.8700714111328
2024-09-08 12:00:00,178.29000000000002,177.55064222929195,176.22675036284184,177.30072,176.87962341308594
2024-09-08 13:00:00,166.544,169.04829026887012,166.40467430867685,163.22145,161.81578063964844
2024-09-08 14:00:00,134.44000000000003,140.8723337488969,139.36685533134158,137.65242,125.69461059570312
2024-09-08 15:00:00,107.34000000000002,97.67110713399984,98.86282136671272,97.74033,94.88838958740234
2024-09-08 16:00:00,60.284000000000006,71.24067751641414,63.015728992179476,64.7971,51.69190979003906
2024-09-08 17:00:00,22.086,24.08460629137164,22.237405553946147,20.94571,17.869304656982422
2024-09-08 18:00:00,1.236,1.0045924223129101,1.2314466911435458,1.297827,0.1429901123046875
2024-09-08 19:00:00,0.0,-4.729004807796182,1.1116151256018535e-05,-0.041242115,-0.7732810974121094
2024-09-08 20:00:00,0.0,3.98024268994042,1.1116151256018535e-05,-0.0086962,-0.8423423767089844
2024-09-08 21:00:00,0.0,2.2148139759610412,1.1116151256018535e-05,0.030561501,-0.67498779296875
2024-09-08 22:00:00,0.0,-0.28753393320938825,1.1116151256018535e-05,-0.021194752,-0.6209068298339844
2024-09-08 23:00:00,0.0,-0.5641810410774206,1.1116151256018535e-05,0.017984813,-0.6695594787597656
2024-09-09 00:00:00,0.0,-0.9862881204011922,1.1116151256018535e-05,0.016194602,-0.7378463745117188
2024-09-09 01:00:00,0.0,-2.2181516520902775,1.1116151256018535e-05,0.026006855,-0.7958488464355469
2024-09-09 02:00:00,0.0,-2.594532989791645,1.1116151256018535e-05,0.01937298,-0.677734375
2024-09-09 03:00:00,0.0,-0.4873046708426023,1.1116151256018535e-05,0.01937298,-0.7719688415527344
2024-09-09 04:00:00,0.0,-0.023002978061779533,1.1116151256018535e-05,0.01937298,-0.568328857421875
2024-09-09 05:00:00,0.0,5.431613951063818,0.0,0.055989917,-0.5940170288085938
2024-09-09 06:00:00,6.34,11.729697709252429,7.6832923065151215,7.204846,5.109809875488281
2024-09-09 07:00:00,34.04,27.4963201924994,40.000582677555826,38.214508,32.072776794433594
2024-09-09 08:00:00,73.316,68.22121133820104,71.13873908373675,72.69622,74.09061431884766
2024-09-09 09:00:00,112.69,111.06239620773769,115.78306390029566,114.12518,113.57554626464844
2024-09-09 10:00:00,144.66,144.07403354570295,145.5661287169655,144.45221,147.93177795410156
2024-09-09 11:00:00,165.08,164.74887252177905,164.72029551006463,162.20082,166.0771484375
2024-09-09 12:00:00,176.91,171.66578795411797,169.57156602551436,172.27899,174.32827758789062
2024-09-09 13:00:00,170.184,170.67923678793397,164.64762934381622,164.36574,162.45761108398438
2024-09-09 14:00:00,144.65,146.46385371195987,144.80940814193383,142.05298,134.8803253173828
2024-09-09 15:00:00,102.72,107.9224682954243,110.44256836529674,108.00937,95.70352172851562
2024-09-09 16:00:00,59.71000000000001,61.67249738621889,60.419653701019854,59.48,54.46630859375
2024-09-09 17:00:00,21.64,26.49750987600966,21.835291951084958,20.997683,15.97091293334961
2024-09-09 18:00:00,1.106,1.1654248975508805,0.9785419354637388,1.0164818,-0.06646728515625
2024-09-09 19:00:00,0.0,-4.194418806372915,1.1116151256018535e-05,-0.027960466,-0.7149162292480469
2024-09-09 20:00:00,0.0,3.9812732278589444,1.1116151256018535e-05,-0.0086962,-0.7720413208007812
2024-09-09 21:00:00,0.0,0.6214587214464423,1.1116151256018535e-05,0.0353274,-0.6718101501464844
2024-09-09 22:00:00,0.0,0.32477850866182223,1.1116151256018535e-05,0.018200003,-0.6075363159179688
2024-09-09 23:00:00,0.0,1.016226169224489,1.1116151256018535e-05,0.015928272,-0.6432304382324219
2024-09-10 00:00:00,0.0,1.5973221073852542,1.1116151256018535e-05,0.016605185,-0.6833305358886719
2024-09-10 01:00:00,0.0,-0.09887313782208662,1.1116151256018535e-05,0.013228483,-0.6911125183105469
2024-09-10 02:00:00,0.0,-2.2116544886816767,1.1116151256018535e-05,0.023040738,-0.7321891784667969
2024-09-10 03:00:00,0.0,-3.347312273401098,1.1116151256018535e-05,0.016406862,-0.6443519592285156
2024-09-10 04:00:00,0.0,-0.5835849455408715,1.1116151256018535e-05,0.016406862,-0.3427009582519531
2024-09-10 05:00:00,0.0,3.9695453124508915,0.0,0.04428006,-0.7697677612304688
2024-09-10 06:00:00,7.416,10.625723331227283,7.364087109205896,7.120662,4.940826416015625
2024-09-10 07:00:00,40.514,29.37376503252219,40.59709428957854,39.78023,31.312877655029297
2024-09-10 08:00:00,82.83,77.47972818887794,82.17864436344256,82.699,76.117919921875
2024-09-10 09:00:00,122.61,121.30962630116073,122.25231133291314,122.73605,122.27568054199219
2024-09-10 10:00:00,153.684,152.89015966084523,152.75320944115728,153.19048,155.74505615234375
2024-09-10 11:00:00,172.32000000000002,172.85981973205847,171.367226995303,172.22263,172.8977813720703
2024-09-10 12:00:00,178.91600000000005,177.62261428351673,178.3048620693057,178.49146,180.29617309570312
2024-09-10 13:00:00,169.55,169.12157261722237,166.5011649281623,167.18849,165.9200897216797
2024-09-10 14:00:00,145.38,142.84472666894774,143.06290406296648,141.29224,131.76004028320312
2024-09-10 15:00:00,109.69400000000002,107.55433423786101,109.25550840041402,109.35228,93.16400909423828
2024-09-10 16:00:00,65.69,68.57748727090487,66.58121755338813,66.12096,52.47138977050781
2024-09-10 17:00:00,23.936000000000003,28.674663662821686,24.185572697273784,24.610748,16.864587783813477
2024-09-10 18:00:00,1.16,-0.008319338750929273,1.4251064377061926,1.0574323,-0.02303314208984375
2024-09-10 19:00:00,0.0,-5.217143291301333,1.1116151256018535e-05,-0.008578418,-0.7336959838867188
2024-09-10 20:00:00,0.0,3.5879508291871947,1.1116151256018535e-05,0.015992826,-0.8279571533203125
2024-09-10 21:00:00,0.0,0.46632185920734304,1.1116151256018535e-05,-0.029623818,-0.7014274597167969
2024-09-10 22:00:00,0.0,-0.0714181085864185,1.1116151256018535e-05,0.012686587,-0.6208686828613281
2024-09-10 23:00:00,0.0,0.34665709843344494,1.1116151256018535e-05,0.012962154,-0.6312675476074219
2024-09-11 00:00:00,0.0,1.3115122089153342,1.1116151256018535e-05,0.011582525,-0.6472358703613281
2024-09-11 01:00:00,0.0,1.0483098659731074,1.1116151256018535e-05,0.011171943,-0.6519660949707031
2024-09-11 02:00:00,0.0,0.11702164738258047,1.1116151256018535e-05,0.011171943,-0.5969696044921875
2024-09-11 03:00:00,0.0,-0.6149776938151188,1.1116151256018535e-05,0.011171943,-0.6652870178222656
2024-09-11 04:00:00,0.0,0.4482095990571565,1.1116151256018535e-05,0.011171943,-0.4601249694824219
2024-09-11 05:00:00,0.0,4.323892420336728,0.0,0.049845424,-0.5785140991210938
2024-09-11 06:00:00,6.790000000000001,11.105111674199552,7.47938865355697,7.2985187,3.373218536376953
2024-09-11 07:00:00,34.47,29.256348234896528,40.64854011308712,40.027115,27.131763458251953
2024-09-11 08:00:00,76.61,69.62615244849667,70.76615069879257,72.62633,70.85597229003906
2024-09-11 09:00:00,120.36,114.96938993467822,117.29796711621091,115.63013,115.03721618652344
2024-09-11 10:00:00,154.57000000000002,153.10466069622015,151.55514167136099,151.58861,151.08395385742188
2024-09-11 11:00:00,172.484,174.89852768474054,172.52054053059135,174.00517,172.03074645996094
2024-09-11 12:00:00,174.09000000000003,177.05975492805368,179.98407918462127,178.70605,180.701904296875
2024-09-11 13:00:00,160.08,163.02003084521328,166.01923112400348,166.19989,168.8608856201172
2024-09-11 14:00:00,136.71,134.52391287823235,132.7511596205316,136.14523,127.70124816894531
2024-09-11 15:00:00,99.034,102.1613223671662,101.37198420811683,99.991516,88.21263122558594
2024-09-11 16:00:00,54.09,60.00851437665678,56.85680232425364,57.374016,49.431148529052734
2024-09-11 17:00:00,18.76,20.454580143349443,18.912001446115298,19.380024,15.230432510375977
2024-09-11 18:00:00,0.876,-0.3829259888513503,0.9605603595038609,0.6768223,-0.21781158447265625
2024-09-11 19:00:00,0.0,-3.1626938957598494,1.1116151256018535e-05,-0.03597176,-0.7061958312988281
2024-09-11 20:00:00,0.0,4.619049206735976,1.1116151256018535e-05,-0.022011207,-0.7817764282226562
2024-09-11 21:00:00,0.0,0.2567209191523232,1.1116151256018535e-05,-0.036051977,-0.622894287109375
2024-09-11 22:00:00,0.0,-0.8518534954755159,1.1116151256018535e-05,-0.03687085,-0.5882110595703125
2024-09-11 23:00:00,0.0,-1.6912217651510741,1.1116151256018535e-05,0.011582525,-0.6239433288574219
2024-09-12 00:00:00,0.0,-1.2212528790561272,1.1116151256018535e-05,0.011171943,-0.6457405090332031
2024-09-12 01:00:00,0.0,-0.873608833767558,1.1116151256018535e-05,0.011171943,-0.6539688110351562
2024-09-12 02:00:00,0.0,-1.0401742333964923,1.1116151256018535e-05,0.013228483,-0.49129486083984375
2024-09-12 03:00:00,0.0,-1.8032094604274418,1.1116151256018535e-05,0.023058739,-0.571319580078125
2024-09-12 04:00:00,0.0,-0.2362521524021446,1.1116151256018535e-05,0.025159644,-0.4141082763671875
2024-09-12 05:00:00,0.0,4.404711047039954,0.0,0.052622255,-0.6390380859375
2024-09-12 06:00:00,6.38,10.982313335156707,6.496619196384893,6.9363203,3.780620574951172
2024-09-12 07:00:00,36.614,28.38642240224292,38.406539714051135,37.5835,27.135759353637695
2024-09-12 08:00:00,78.19,72.66520933239968,76.12079850461414,77.78202,68.31438446044922
2024-09-12 09:00:00,119.644,117.584455340528,117.78526280364775,115.499756,116.87551879882812
2024-09-12 10:00:00,150.0,152.02113153470071,150.78507808096523,150.60152,151.2177734375
2024-09-12 11:00:00,167.434,168.10115358571355,166.7684378633537,167.91934,170.30018615722656
2024-09-12 12:00:00,173.484,171.07247957891474,174.27556974815397,176.10417,178.4163360595703
2024-09-12 13:00:00,162.434,163.58780187041094,160.81768956577412,158.3199,163.96609497070312
2024-09-12 14:00:00,137.95000000000002,136.31302139418315,135.23666124666167,135.70459,130.04901123046875
2024-09-12 15:00:00,100.69,101.07885998688656,101.57742072937333,100.777885,92.61691284179688
2024-09-12 16:00:00,56.04600000000001,60.148344905717366,58.182682018456156,57.767036,53.148807525634766
2024-09-12 17:00:00,18.976,22.16664150945984,17.131237097646327,15.965223,16.68099021911621
2024-09-12 18:00:00,0.82,-0.9720403313038548,0.317488535864981,0.38604173,0.01788330078125
2024-09-12 19:00:00,0.0,-2.1780991488511607,1.1116151256018535e-05,-0.030736838,-0.7218055725097656
2024-09-12 20:00:00,0.0,4.266457632382244,1.1116151256018535e-05,0.036324102,-0.789337158203125
2024-09-12 21:00:00,0.0,-0.13615702052729528,1.1116151256018535e-05,-0.118704505,-0.6604232788085938
2024-09-12 22:00:00,0.0,-1.1895881226598988,1.1116151256018535e-05,-0.1004462,-0.6274642944335938
2024-09-12 23:00:00,0.0,-1.3296081846789898,1.1116151256018535e-05,-0.007920822,-0.7058982849121094
2024-09-13 00:00:00,0.0,0.24093125530771564,1.1116151256018535e-05,0.016406862,-0.8243675231933594
2024-09-13 01:00:00,0.0,-0.4678973225218468,1.1116151256018535e-05,0.0151138315,-0.8875236511230469
2024-09-13 02:00:00,0.0,-0.8435370123096817,1.1116151256018535e-05,0.015131832,-0.9819412231445312
2024-09-13 03:00:00,0.0,-0.7652724949382552,1.1116151256018535e-05,0.015131832,-1.0164527893066406
2024-09-13 04:00:00,0.0,0.716407586930641,1.1116151256018535e-05,0.015131832,-0.8267745971679688
2024-09-13 05:00:00,0.0,4.95862623966439,0.0,0.039491847,-0.9077110290527344
2024-09-13 06:00:00,6.790000000000001,12.348874113309144,6.525176465707674,6.9252424,4.537464141845703
2024-09-13 07:00:00,38.510000000000005,30.38358724578067,37.56460838739496,39.951847,27.29892921447754
2024-09-13 08:00:00,80.53,77.93840531988869,78.76105893640569,79.03804,64.13482666015625
2024-09-13 09:00:00,120.506,121.023765801752,118.5406051722912,118.31412,116.31814575195312
2024-09-13 10:00:00,151.566,152.0099653943004,150.405061101335,148.97563,149.14132690429688
2024-09-13 11:00:00,167.60000000000002,169.81744164372128,165.78509212940884,169.06209,168.63079833984375
2024-09-13 12:00:00,174.78,170.43387706946513,174.3336553489133,174.07312,175.51962280273438
2024-09-13 13:00:00,165.556,165.00488224417924,162.84778148580116,160.75372,161.94400024414062
2024-09-13 14:00:00,135.97,139.96858065843824,138.3614055777356,136.51956,136.05404663085938
2024-09-13 15:00:00,100.72,98.03178994615766,100.94396958365579,101.12245,99.41023254394531
2024-09-13 16:00:00,57.054,61.46105586436296,58.06628616079862,56.974247,54.59760284423828
2024-09-13 17:00:00,18.794,22.631501543476407,18.81835419717907,17.75971,16.95108985900879
2024-09-13 18:00:00,0.78,-1.7320086979090568,0.4261373544235779,0.37470546,-0.000812530517578125
2024-09-13 19:00:00,0.0,-3.279808742595992,1.1116151256018535e-05,0.0032727309,-0.7983856201171875
2024-09-13 20:00:00,0.0,1.5365246635357794,1.1116151256018535e-05,-0.008487022,-0.7954444885253906
2024-09-13 21:00:00,0.0,-1.8871675684826168,1.1116151256018535e-05,-0.026242457,-0.6933479309082031
2024-09-13 22:00:00,0.0,-1.5504862080918587,1.1116151256018535e-05,-0.0088292,-0.6864662170410156
2024-09-13 23:00:00,0.0,-0.7566386213653704,1.1116151256018535e-05,0.0040905797,-0.7260475158691406
2024-09-14 00:00:00,0.0,0.8992648495934651,1.1116151256018535e-05,0.0036799933,-0.7712135314941406
2024-09-14 01:00:00,0.0,-0.5603990980722084,1.1116151256018535e-05,0.0036799933,-0.7640190124511719
2024-09-14 02:00:00,0.0,-1.9725122448690824,1.1116151256018535e-05,0.0036799933,-0.9083480834960938
2024-09-14 03:00:00,0.0,-0.5565548265281803,1.1116151256018535e-05,0.01467261,-0.8964729309082031
2024-09-14 04:00:00,0.0,1.0806134320962597,1.1116151256018535e-05,0.012029227,-0.8817100524902344
2024-09-14 05:00:00,0.0,5.258618245315269,0.0,0.05535146,-0.7734413146972656
2024-09-14 06:00:00,6.456,12.473829342843153,6.451246274291435,6.9572453,6.0927886962890625
2024-09-14 07:00:00,36.396,28.883488373808266,38.58826816973098,40.529114,31.903728485107422
2024-09-14 08:00:00,73.31,73.44132245711828,76.14062553886495,75.499176,69.79568481445312
2024-09-14 09:00:00,99.124,109.60783815419006,114.63644251903854,110.68634,113.18487548828125
2024-09-14 10:00:00,129.66,123.42238675605009,130.28039686347722,132.74814,140.50930786132812
2024-09-14 11:00:00,164.62,147.65067817120269,147.87793525239726,144.70164,153.55459594726562
2024-09-14 12:00:00,176.5,175.85767328462458,163.3582685473385,163.51187,158.95022583007812
2024-09-14 13:00:00,162.12400000000002,168.76991317239683,159.18510849037924,162.58914,155.3031768798828
2024-09-14 14:00:00,127.37,134.6910771973409,137.7822096505997,137.6924,138.01377868652344
2024-09-14 15:00:00,88.36000000000001,91.02175181668574,95.39921058983293,97.22843,95.92633056640625
2024-09-14 16:00:00,48.176,53.66810758228803,48.982702833957084,47.269936,50.54198455810547
2024-09-14 17:00:00,15.15,19.96447950794366,18.304551600557105,17.359957,14.417621612548828
2024-09-14 18:00:00,0.5940000000000001,-1.6670321680989693,0.3410120465723322,0.44268754,-0.08805465698242188
2024-09-14 19:00:00,0.0,-2.2436357716368143,1.1116151256018535e-05,-0.023661606,-0.7225341796875
2024-09-14 20:00:00,0.0,2.1752786610102035,1.1116151256018535e-05,-0.087125495,-0.7050285339355469
2024-09-14 21:00:00,0.0,-1.4813999057579808,1.1116151256018535e-05,-0.0017671774,-0.596954345703125
2024-09-14 22:00:00,0.0,1.167358351554155,1.1116151256018535e-05,0.049581833,-0.5330810546875
2024-09-14 23:00:00,0.0,2.3188357702536484,1.1116151256018535e-05,0.004803531,-0.5689735412597656
2024-09-15 00:00:00,0.0,0.2247587244094542,1.1116151256018535e-05,0.01243981,-0.6200828552246094
2024-09-15 01:00:00,0.0,-2.683254962508994,1.1116151256018535e-05,0.012029227,-0.6609725952148438
2024-09-15 02:00:00,0.0,-3.429893095933905,1.1116151256018535e-05,0.012029227,-0.7437400817871094
2024-09-15 03:00:00,0.0,-2.3368451863659265,1.1116151256018535e-05,0.012029227,-0.6807785034179688
2024-09-15 04:00:00,0.0,-0.2595028045308565,1.1116151256018535e-05,0.008092775,-0.5651817321777344
2024-09-15 05:00:00,0.0,4.2795383762891515,0.0,0.030924462,-0.8563766479492188
2024-09-15 06:00:00,6.490000000000001,11.222304275035095,6.250874401255961,6.4542465,6.07769775390625
2024-09-15 07:00:00,37.61000000000001,28.367047899149508,37.93289776714618,40.26852,34.0968017578125
2024-09-15 08:00:00,73.31,73.65073322920728,78.03918912253742,78.45894,73.09194946289062
2024-09-15 09:00:00,118.744,108.30564874307385,113.1965083374046,112.63918,114.63636779785156
2024-09-15 10:00:00,150.09400000000002,150.4231042415597,147.93288342951098,147.43811,142.7080078125
2024-09-15 11:00:00,168.81600000000003,167.33398924114317,167.32577415127471,168.66624,166.36329650878906
2024-09-15 12:00:00,176.794,171.83539232936647,173.92632389116906,177.20999,171.62551879882812
2024-09-15 13:00:00,165.35000000000002,167.2044442483072,163.58935857431638,162.57468,152.86050415039062
2024-09-15 14:00:00,131.334,138.96412271305212,137.96411889539365,137.12685,124.12028503417969
2024-09-15 15:00:00,90.8,93.21336089526415,98.34142793453977,95.79717,91.94508361816406
2024-09-15 16:00:00,48.330000000000005,52.86319710570422,50.11342702318376,50.89548,50.246978759765625
2024-09-15 17:00:00,14.736000000000002,18.51162018167475,12.323088614611754,11.817304,13.529903411865234
2024-09-15 18:00:00,0.4059999999999999,-1.228975822176884,0.16719304370903193,0.261862,-0.2191925048828125
2024-09-15 19:00:00,0.0,-0.8784870968411291,1.1116151256018535e-05,0.022660296,-0.6919898986816406
2024-09-15 20:00:00,0.0,4.205093906780141,1.1116151256018535e-05,-0.010487074,-0.6876220703125
2024-09-15 21:00:00,0.0,0.5020275511583511,1.1116151256018535e-05,-0.04944551,-0.5803642272949219
2024-09-15 22:00:00,0.0,-0.5163958071768737,1.1116151256018535e-05,-0.0256041,-0.5445556640625
2024-09-15 23:00:00,0.0,-0.31418387858846875,1.1116151256018535e-05,0.0016251524,-0.596160888671875
2024-09-16 00:00:00,0.0,0.2863654379690892,1.1116151256018535e-05,0.00926143,-0.6509170532226562
2024-09-16 01:00:00,0.0,-1.3330071888103983,1.1116151256018535e-05,0.021423249,-0.67181396484375
2024-09-16 02:00:00,0.0,-3.631945356822837,1.1116151256018535e-05,0.014789371,-0.6655921936035156
2024-09-16 03:00:00,0.0,-2.7088386811926712,1.1116151256018535e-05,0.012029227,-0.6954803466796875
2024-09-16 04:00:00,0.0,-0.25443312567033827,1.1116151256018535e-05,0.012029227,-0.4630546569824219
2024-09-16 05:00:00,0.0,4.009552392906359,0.0,0.028867919,-0.8670158386230469
2024-09-16 06:00:00,6.196000000000001,10.718803616161344,6.226612167794274,6.624741,6.658771514892578
2024-09-16 07:00:00,34.914,27.886247124260787,39.02149360633102,39.612526,37.844322204589844
2024-09-16 08:00:00,73.26,70.49821784631683,73.00352103669029,72.81237,76.28153991699219
2024-09-16 09:00:00,104.334,110.33974076204947,115.57060442452713,113.190384,114.53292846679688
2024-09-16 10:00:00,142.09,130.7247109968761,138.65520235416545,136.46361,145.9208526611328
2024-09-16 11:00:00,162.84000000000003,161.61942171341707,157.8585296006417,159.76971,157.80923461914062
2024-09-16 12:00:00,180.09000000000003,166.90777922395117,165.90845841281705,169.61469,170.5538330078125
2024-09-16 13:00:00,172.144,172.95214434250266,164.67955447519543,165.07068,156.4812469482422
2024-09-16 14:00:00,139.87,145.68337277202406,146.28755475580763,145.36554,135.9924774169922
2024-09-16 15:00:00,99.584,100.29864497405228,102.65272896500348,99.58926,97.58140563964844
2024-09-16 16:00:00,56.57000000000001,60.26524951661,57.58458439110447,56.01376,53.75027084350586
2024-09-16 17:00:00,19.686000000000003,24.566702690115207,18.154109488985174,17.003721,14.661643981933594
2024-09-16 18:00:00,0.0,0.7915150573853243,0.1965399721541991,0.5820802,-0.050662994384765625
2024-09-16 19:00:00,0.0,-3.138613768041248,1.1116151256018535e-05,0.0152468,-0.6092758178710938
2024-09-16 20:00:00,0.0,4.977254810638189,1.1116151256018535e-05,0.0007591183,-0.7473258972167969
2024-09-16 21:00:00,0.0,0.29452683631976373,1.1116151256018535e-05,-0.064311475,-0.6214218139648438
2024-09-16 22:00:00,0.0,0.924808111887104,1.1116151256018535e-05,-0.0256041,-0.5419387817382812
2024-09-16 23:00:00,0.0,0.33459548520877114,1.1116151256018535e-05,-0.00043138795,-0.5712165832519531
2024-09-17 00:00:00,0.0,1.5223885075708936,1.1116151256018535e-05,0.012021576,-0.607452392578125
2024-09-17 01:00:00,0.0,-0.26351414860698563,1.1116151256018535e-05,0.021423249,-0.5936813354492188
2024-09-17 02:00:00,0.0,-2.5628427930562427,1.1116151256018535e-05,0.021423249,-0.6425361633300781
2024-09-17 03:00:00,0.0,-2.1681808387200867,1.1116151256018535e-05,0.018663106,-0.6277809143066406
2024-09-17 04:00:00,0.0,0.19290524862929503,1.1116151256018535e-05,0.016606566,-0.41431427001953125
2024-09-17 05:00:00,0.0,4.470566699078097,0.0,0.031282756,-1.0399284362792969
2024-09-17 06:00:00,5.434000000000001,10.625889133513883,6.802267593219032,6.284101,5.205318450927734
2024-09-17 07:00:00,33.74,27.345366975742568,38.52355707376152,38.83106,35.90256881713867
2024-09-17 08:00:00,74.604,69.37781583442504,72.17935055453302,72.52801,75.6418228149414
2024-09-17 09:00:00,117.534,112.97190363921624,115.71741351706248,114.590645,111.81398010253906
2024-09-17 10:00:00,152.09400000000002,148.61552054206965,148.74324003659444,150.31444,144.66664123535156
2024-09-17 11:00:00,172.684,170.16544875033668,169.0064521032304,168.31178,165.48751831054688
2024-09-17 12:00:00,184.75,175.5219087099221,177.43707234848532,175.045,175.20651245117188
2024-09-17 13:00:00,164.35000000000002,175.36504145470826,171.9253963230197,171.39613,163.42645263671875
2024-09-17 14:00:00,133.76,134.5416286502391,142.96880020665247,139.00792,133.92860412597656
2024-09-17 15:00:00,94.13,96.92778308813067,96.89692600789743,93.927895,85.66030883789062
2024-09-17 16:00:00,50.264,56.72774009961216,52.23849152244426,50.892784,46.38394546508789
2024-09-17 17:00:00,15.486000000000002,19.38695325598724,17.450615404012588,16.556183,11.465740203857422
2024-09-17 18:00:00,0.0,-0.894035076511404,0.07649131241537029,0.3142442,-0.30324554443359375
2024-09-17 19:00:00,0.0,-0.7969616572173948,1.1116151256018535e-05,0.022595417,-0.61383056640625
2024-09-17 20:00:00,0.0,5.5089711737002185,1.1116151256018535e-05,-0.0029664445,-0.6403312683105469
2024-09-17 21:00:00,0.0,0.7894287729682432,1.1116151256018535e-05,-0.04944551,-0.5489616394042969
2024-09-17 22:00:00,0.0,0.06063430859188079,1.1116151256018535e-05,-0.0256041,-0.5506095886230469
2024-09-17 23:00:00,0.0,-0.23429691648321427,1.1116151256018535e-05,0.00858452,-0.5874366760253906
2024-09-18 00:00:00,0.0,0.20335816135838236,1.1116151256018535e-05,0.011344663,-0.6200714111328125
2024-09-18 01:00:00,0.0,-1.8846542307834948,1.1116151256018535e-05,0.009965036,-0.6447525024414062
2024-09-18 02:00:00,0.0,-2.4260328573461543,1.1116151256018535e-05,0.009554453,-0.6127395629882812
2024-09-18 03:00:00,0.0,-2.3398418537628753,1.1116151256018535e-05,0.009554453,-0.6904945373535156
2024-09-18 04:00:00,0.0,-0.29394709213951975,1.1116151256018535e-05,0.009554453,-0.47724151611328125
2024-09-18 05:00:00,0.0,4.141338036445109,0.0,0.030731058,-0.913299560546875
2024-09-18 06:00:00,7.03,10.809421242328174,6.331599397230135,6.35708,4.521823883056641
2024-09-18 07:00:00,42.150000000000006,29.514091082794053,41.125891801831024,41.455685,35.14707946777344
2024-09-18 08:00:00,85.39,80.74897753352823,85.77497394809356,85.429085,77.08981323242188
2024-09-18 09:00:00,125.07,124.24125252169509,125.75763721105989,124.13506,121.06571960449219
2024-09-18 10:00:00,155.524,154.73982894196538,154.83340913316474,154.69043,153.35540771484375
2024-09-18 11:00:00,173.60000000000002,171.06600932643997,172.84119063454065,173.0717,170.6698455810547
2024-09-18 12:00:00,179.534,174.70766238599754,177.49159338536884,177.60106,176.16102600097656
2024-09-18 13:00:00,168.43,166.5991393567283,166.42328414477524,164.25246,160.0653839111328
2024-09-18 14:00:00,142.68,139.9262268888453,140.53553725972984,139.5145,123.97621154785156
2024-09-18 15:00:00,102.28,103.67061364591686,106.74717265548608,106.984825,91.181884765625
2024-09-18 16:00:00,58.2,59.42195065049386,58.34554778176816,57.877632,50.62063217163086
2024-09-18 17:00:00,19.21,23.191775233678804,19.080298547442375,18.116068,13.404144287109375
2024-09-18 18:00:00,0.0,-0.7867683702004027,0.10542359601986034,0.71713513,-0.3059425354003906
2024-09-18 19:00:00,0.0,-2.972105417525394,1.1116151256018535e-05,-0.016830072,-0.73333740234375
2024-09-18 20:00:00,0.0,4.622409968448063,1.1116151256018535e-05,0.012131326,-0.825714111328125
2024-09-18 21:00:00,0.0,0.6757673053518961,1.1116151256018535e-05,0.0020691284,-0.7219161987304688
2024-09-18 22:00:00,0.0,0.09825264696212987,1.1116151256018535e-05,0.008797364,-0.6622390747070312
2024-09-18 23:00:00,0.0,0.012468776446891372,1.1116151256018535e-05,0.008797364,-0.6758880615234375
2024-09-19 00:00:00,0.0,0.07106971975017329,1.1116151256018535e-05,0.011344663,-0.7005119323730469
2024-09-19 01:00:00,0.0,-1.0589669329161504,1.1116151256018535e-05,0.009965036,-0.6985702514648438
2024-09-19 02:00:00,0.0,-2.0214497867841663,1.1116151256018535e-05,0.009965036,-0.6590118408203125
2024-09-19 03:00:00,0.0,-1.4972245897991465,1.1116151256018535e-05,0.012083937,-0.75341796875
2024-09-19 04:00:00,0.0,1.6966450538004576,1.1116151256018535e-05,0.009965036,-0.6036834716796875
2024-09-19 05:00:00,0.0,6.346305048416314,0.0,0.0479616,-0.8698272705078125
2024-09-19 06:00:00,6.266,12.943242268197281,6.572946051254855,6.5851893,4.347743988037109
2024-09-19 07:00:00,38.39,28.724496458690616,40.67541341978757,39.278564,34.54795455932617
2024-09-19 08:00:00,80.43400000000001,75.62621664551924,79.65274867020135,78.16249,77.78304290771484
2024-09-19 09:00:00,120.19400000000002,119.6664161798652,120.49150211891337,121.78215,119.62158203125
2024-09-19 10:00:00,150.866,152.1188299167277,152.42732628526423,151.19038,149.41880798339844
2024-09-19 11:00:00,168.8,168.12372990583214,168.24870669353732,168.7331,165.6015167236328
2024-09-19 12:00:00,171.37,170.99178232169882,176.7352430976506,174.91806,170.5476531982422
2024-09-19 13:00:00,155.53,158.26234180260573,160.67594341410134,156.58029,152.83599853515625
2024-09-19 14:00:00,137.81,128.1151130408847,126.29713116565489,126.79693,117.24606323242188
2024-09-19 15:00:00,101.67000000000002,103.58289902483017,99.90411072682316,99.02538,86.21939086914062
2024-09-19 16:00:00,55.59,59.98960975662785,58.49793033664381,57.322357,51.56589889526367
2024-09-19 17:00:00,17.44,20.256986070124967,17.398729058787605,15.909844,15.440181732177734
2024-09-19 18:00:00,0.0,-1.8319842839236173,0.04689907495717633,0.22202098,-0.24808120727539062
2024-09-19 19:00:00,0.0,-1.431497785841981,1.1116151256018535e-05,0.072859295,-0.7504539489746094
2024-09-19 20:00:00,0.0,5.003833776176592,1.1116151256018535e-05,-0.08033131,-0.7121543884277344
2024-09-19 21:00:00,0.0,-1.8777212331079904,1.1116151256018535e-05,-0.054661863,-0.5676345825195312
2024-09-19 22:00:00,0.0,-2.631267571343746,1.1116151256018535e-05,-0.022381367,-0.6049766540527344
2024-09-19 23:00:00,0.0,-1.0204479516318505,1.1116151256018535e-05,0.0067943074,-0.6250076293945312
2024-09-20 00:00:00,0.0,0.6723695011413721,1.1116151256018535e-05,0.0067943074,-0.5884780883789062
2024-09-20 01:00:00,0.0,0.743272645885615,1.1116151256018535e-05,0.009554453,-0.570709228515625
2024-09-20 02:00:00,0.0,0.604069494826551,1.1116151256018535e-05,0.012639057,-0.4110527038574219
2024-09-20 03:00:00,0.0,-0.9678476273348875,1.1116151256018535e-05,0.009554453,-0.49665069580078125
2024-09-20 04:00:00,0.0,0.4464927872043327,1.1116151256018535e-05,0.009554453,-0.373626708984375
2024-09-20 05:00:00,0.0,5.622553172770668,0.0,0.03880728,-1.14031982421875
2024-09-20 06:00:00,6.644,13.38646878094877,6.330341315478233,6.3643985,4.16656494140625
2024-09-20 07:00:00,41.196,31.43124542938015,39.218013298884074,39.302513,34.06493377685547
2024-09-20 08:00:00,83.916,82.16103581137023,84.26305712107073,85.0987,78.07429504394531
2024-09-20 09:00:00,123.824,124.00463922096603,124.09968022496429,122.65564,121.73115539550781
2024-09-20 10:00:00,154.866,155.25558259476182,152.70139101413852,153.34314,151.84426879882812
2024-09-20 11:00:00,173.72400000000002,171.56989732901226,172.13397519912036,171.95935,167.95716857910156
2024-09-20 12:00:00,174.72000000000003,175.4482916848677,176.64205550592655,174.56845,168.4031524658203
2024-09-20 13:00:00,160.3,161.45588426231004,161.6522840121789,154.30646,148.42001342773438
2024-09-20 14:00:00,134.75,133.30019006380599,131.88772240591246,133.74023,123.58035278320312
2024-09-20 15:00:00,97.596,97.37142991982688,97.717590400573,96.462204,90.77891540527344
2024-09-20 16:00:00,48.44,55.274156599191905,54.59307832670914,54.08444,50.72821044921875
2024-09-20 17:00:00,13.19,12.79038460702342,14.4413489036583,12.77669,14.716999053955078
2024-09-20 18:00:00,0.0,-3.1877514606334456,0.19321226296392663,-0.14120474,-0.23820877075195312
2024-09-20 19:00:00,0.0,0.9490101249922441,1.1116151256018535e-05,-0.0140039,-0.8328590393066406
2024-09-20 20:00:00,0.0,4.774019383315817,1.1116151256018535e-05,0.0049723783,-0.8718070983886719
2024-09-20 21:00:00,0.0,-0.35613566809379194,1.1116151256018535e-05,0.016493335,-0.7663230895996094
2024-09-20 22:00:00,0.0,-0.9559932250652547,1.1116151256018535e-05,0.01400358,-0.7433509826660156
2024-09-20 23:00:00,0.0,-0.27192329223656686,1.1116151256018535e-05,0.008797364,-0.74749755859375
2024-09-21 00:00:00,0.0,-0.1409393941232706,1.1116151256018535e-05,0.008797364,-0.7260169982910156
2024-09-21 01:00:00,0.0,-1.5226479958892125,1.1116151256018535e-05,0.009965036,-0.69146728515625
2024-09-21 02:00:00,0.0,-2.2240947890282063,1.1116151256018535e-05,0.009554453,-0.5522956848144531
2024-09-21 03:00:00,0.0,-1.541382851755177,1.1116151256018535e-05,0.009554453,-0.5993499755859375
2024-09-21 04:00:00,0.0,0.3066066749773535,1.1116151256018535e-05,0.009554453,-0.5392265319824219
2024-09-21 05:00:00,0.0,6.271185894494224,0.0,0.037017073,-0.8046531677246094
2024-09-21 06:00:00,5.3500000000000005,13.095909552951126,5.652196113359327,6.3626084,5.294944763183594
2024-09-21 07:00:00,33.99,26.40705465531307,38.329550471441365,37.725647,31.568294525146484
2024-09-21 08:00:00,74.69600000000001,67.8232227878205,70.46170802794974,71.714134,63.87525939941406
2024-09-21 09:00:00,115.216,111.3371087443987,116.03502697843312,114.28179,111.63754272460938
2024-09-21 10:00:00,145.85,146.51669510050414,147.37130964694478,147.47427,144.28733825683594
2024-09-21 11:00:00,163.634,164.631812946571,163.42940342468634,165.0831,160.87460327148438
2024-09-21 12:00:00,169.324,168.1957524880116,168.40758290915582,171.70729,166.56011962890625
2024-09-21 13:00:00,152.824,159.64764837714344,155.17893282141694,153.70444,147.85072326660156
2024-09-21 14:00:00,125.484,126.38385973689358,124.11727948607565,124.093414,114.55746459960938
2024-09-21 15:00:00,88.63400000000001,91.30803856006085,89.7466814566641,89.37965,85.25221252441406
2024-09-21 16:00:00,47.92,52.18156188420255,46.780120920579435,47.94407,45.572181701660156
2024-09-21 17:00:00,14.71,18.078567922860454,12.716952345617155,12.338182,13.777580261230469
2024-09-21 18:00:00,0.0,-1.6035650216126247,0.07906886198438205,0.5311999,-0.29773712158203125
2024-09-21 19:00:00,0.0,-1.9175769631007613,1.1116151256018535e-05,-0.017539786,-0.8885154724121094
2024-09-21 20:00:00,0.0,3.619183677611579,1.1116151256018535e-05,0.028812617,-0.9201545715332031
2024-09-21 21:00:00,0.0,1.4500806714632326,1.1116151256018535e-05,0.011910475,-0.7824134826660156
2024-09-21 22:00:00,0.0,-0.5643917542423886,1.1116151256018535e-05,0.0068640765,-0.7240371704101562
2024-09-21 23:00:00,0.0,-1.4162949464201486,1.1116151256018535e-05,0.008797364,-0.7473640441894531
2024-09-22 00:00:00,0.0,-1.7997893632386468,1.1116151256018535e-05,0.009965036,-0.7497520446777344
2024-09-22 01:00:00,0.0,-3.759756217855676,1.1116151256018535e-05,0.009572454,-0.7523307800292969
2024-09-22 02:00:00,0.0,-3.775531410129653,1.1116151256018535e-05,0.011628994,-0.5721168518066406
2024-09-22 03:00:00,0.0,-2.842600692540084,1.1116151256018535e-05,0.02144125,-0.5831947326660156
2024-09-22 04:00:00,0.0,-0.48672034359204686,1.1116151256018535e-05,0.02144125,-0.5837783813476562
2024-09-22 05:00:00,0.0,4.606263949731543,0.0,0.036438137,-0.7364845275878906
2024-09-22 06:00:00,6.010000000000001,11.683359177653026,6.04510130495973,6.2390103,3.776386260986328
2024-09-22 07:00:00,38.09,26.79525902403897,37.37036572061447,37.683285,23.292692184448242
2024-09-22 08:00:00,79.254,74.02069933915152,79.03440346301718,79.17189,52.62788772583008
2024-09-22 09:00:00,118.22,118.13842100667469,119.28654940561896,119.20867,111.71788024902344
2024-09-22 10:00:00,148.716,150.06313662875777,148.50051278362645,148.93187,144.2812042236328
2024-09-22 11:00:00,167.23000000000002,168.199932413027,165.48234264124414,165.14948,159.8545379638672
2024-09-22 12:00:00,174.824,172.06779166323435,172.79831716732323,175.8443,167.88804626464844
2024-09-22 13:00:00,163.06,165.34876544967912,158.67078532657266,158.93513,158.01856994628906
2024-09-22 14:00:00,134.88,136.10357770400478,135.00853842146543,134.96979,124.39189147949219
2024-09-22 15:00:00,98.996,98.00596516056405,96.94654627028393,96.10814,94.30493927001953
2024-09-22 16:00:00,53.254,61.091191979979286,55.82631668488392,54.917747,52.6715087890625
2024-09-22 17:00:00,16.16,20.218177624581767,16.21190887972454,16.788412,16.056495666503906
2024-09-22 18:00:00,0.0,-2.1899967837338226,0.013084365182339573,0.3422133,0.060680389404296875
2024-09-22 19:00:00,0.0,-3.102061412827233,1.1116151256018535e-05,0.2581107,-0.7510604858398438
2024-09-22 20:00:00,0.0,4.1158044195118455,1.1116151256018535e-05,-0.016868666,-0.8237266540527344
2024-09-22 21:00:00,0.0,1.2464270925809429,1.1116151256018535e-05,-0.01637535,-0.7395896911621094
2024-09-22 22:00:00,0.0,0.5654604173097859,1.1116151256018535e-05,-0.012983018,-0.71661376953125
2024-09-22 23:00:00,0.0,-0.5738525170153657,1.1116151256018535e-05,0.011344663,-0.7507667541503906
2024-09-23 00:00:00,0.0,-0.5958354354360615,1.1116151256018535e-05,0.011344663,-0.7902679443359375
2024-09-23 01:00:00,0.0,-1.8605515244241904,1.1116151256018535e-05,0.009965036,-0.8357429504394531
2024-09-23 02:00:00,0.0,-2.774717398598037,1.1116151256018535e-05,0.009983037,-0.7227096557617188
2024-09-23 03:00:00,0.0,-2.4555636688540075,1.1116151256018535e-05,0.021851834,-0.7742576599121094
2024-09-23 04:00:00,0.0,-1.3012722606570324,1.1116151256018535e-05,0.01909169,-0.6746826171875
2024-09-23 05:00:00,0.0,3.4664476009666325,0.0,0.038900025,-0.84942626953125
2024-09-23 06:00:00,5.65,10.6563199608178,6.261190613040757,6.360316,4.104694366455078
2024-09-23 07:00:00,36.67,26.496112673985067,38.40939968692037,37.82976,28.64748191833496
2024-09-23 08:00:00,77.71600000000001,72.46203439992752,76.64417541677392,77.70066,68.01002502441406
2024-09-23 09:00:00,118.17000000000002,116.59158433455872,117.16995015655911,115.3086,114.88447570800781
2024-09-23 10:00:00,152.624,150.9770743659752,148.4902752587879,150.14322,146.5489044189453
2024-09-23 11:00:00,169.23000000000002,172.70033537556776,167.69708983629164,167.11868,163.94180297851562
2024-09-23 12:00:00,170.924,172.06194126353998,175.60638646353823,176.7091,173.69784545898438
2024-09-23 13:00:00,157.51600000000002,157.9106416968745,157.20896109131593,156.00694,158.96173095703125
2024-09-23 14:00:00,133.216,131.06109103381905,128.5300089905899,128.72264,119.0596923828125
2024-09-23 15:00:00,97.246,98.51117229082215,97.10168376941158,96.03108,87.31072998046875
2024-09-23 16:00:00,50.914,58.63814527521123,53.11182805959918,53.145435,46.82366943359375
2024-09-23 17:00:00,14.080000000000002,17.516768454358907,14.122247218723968,13.585472,12.501651763916016
2024-09-23 18:00:00,0.0,-3.488359164987444,0.03329237804262812,-0.23053314,-0.3429603576660156
2024-09-23 19:00:00,0.0,-0.3060036161640485,1.1116151256018535e-05,0.034770146,-0.7844123840332031
2024-09-23 20:00:00,0.0,5.764844700582943,1.1116151256018535e-05,-0.0039458824,-0.8215255737304688
2024-09-23 21:00:00,0.0,1.869102115479319,1.1116151256018535e-05,0.007952332,-0.7435417175292969
2024-09-23 22:00:00,0.0,-0.1580064220251045,1.1116151256018535e-05,0.011344663,-0.7386207580566406
2024-09-23 23:00:00,0.0,-1.3161143178989336,1.1116151256018535e-05,0.011344663,-0.7765731811523438
2024-09-24 00:00:00,0.0,-0.8093080883076729,1.1116151256018535e-05,0.011344663,-0.8025779724121094
2024-09-24 01:00:00,0.0,-1.2775024679676221,1.1116151256018535e-05,0.009983037,-0.8017845153808594
2024-09-24 02:00:00,0.0,-1.8939595601061368,1.1116151256018535e-05,0.012101938,-0.7549514770507812
2024-09-24 03:00:00,0.0,-2.024311088333715,1.1116151256018535e-05,0.0113626635,-0.7907333374023438
2024-09-24 04:00:00,0.0,-0.5980545401653621,1.1116151256018535e-05,0.0113626635,-0.672821044921875
2024-09-24 05:00:00,0.0,4.326250826379564,0.0,0.020806802,-1.0027351379394531
2024-09-24 06:00:00,6.104,11.799874091658404,5.659733024325826,6.2656693,4.586555480957031
2024-09-24 07:00:00,40.25,28.09474751123534,38.48817974516203,37.99163,32.260597229003906
2024-09-24 08:00:00,82.96000000000001,78.43409332783929,83.03255740918581,82.81912,71.64190673828125
2024-09-24 09:00:00,122.1,122.464312902877,123.17668933523446,122.121376,118.47685241699219
2024-09-24 10:00:00,151.984,153.05925211125225,152.19779518650887,151.93085,148.54141235351562
2024-09-24 11:00:00,169.3,168.32786639203775,167.48313680157327,168.77753,164.10362243652344
2024-09-24 12:00:00,173.76,170.38528544466524,175.0491278409828,174.67482,170.91639709472656
2024-09-24 13:00:00,162.36,160.3476614833916,158.35090956016495,159.103,152.6869354248047
2024-09-24 14:00:00,137.44400000000002,134.95377278041457,135.47757162674384,133.5803,119.1309814453125
2024-09-24 15:00:00,100.796,100.46482776598864,99.62695161711628,98.76565,89.04927825927734
2024-09-24 16:00:00,54.11000000000001,59.169549089880896,56.294147593176184,55.423664,48.06599807739258
2024-09-24 17:00:00,14.6,18.485371880369723,14.981176875391853,16.180563,13.629230499267578
2024-09-24 18:00:00,0.0,-4.4082153961152875,0.015749839923333946,0.14979419,-0.3525276184082031
2024-09-24 19:00:00,0.0,-0.30122097787353175,1.1116151256018535e-05,-0.003854665,-0.8778343200683594
2024-09-24 20:00:00,0.0,5.586683522710902,1.1116151256018535e-05,-0.001848412,-0.92193603515625
2024-09-24 21:00:00,0.0,0.8879537381284284,1.1116151256018535e-05,-0.0037968643,-0.7579154968261719
2024-09-24 22:00:00,0.0,-1.3465502579274835,1.1116151256018535e-05,-3.6182166e-05,-0.7119865417480469
2024-09-24 23:00:00,0.0,-1.3162971973463762,1.1116151256018535e-05,0.008797364,-0.7461051940917969
2024-09-25 00:00:00,0.0,0.09950080682528983,1.1116151256018535e-05,0.009572454,-0.7621536254882812
2024-09-25 01:00:00,0.0,0.08850889697446007,1.1116151256018535e-05,0.009572454,-0.7528343200683594
2024-09-25 02:00:00,0.0,-0.8042581939864264,1.1116151256018535e-05,0.009572454,-0.6433334350585938
2024-09-25 03:00:00,0.0,-0.9455380396273756,1.1116151256018535e-05,0.009572454,-0.70556640625
2024-09-25 04:00:00,0.0,0.32741875047884106,1.1116151256018535e-05,0.009572454,-0.6219902038574219
2024-09-25 05:00:00,0.0,4.6571715537659895,0.0,0.039642606,-0.8515167236328125
2024-09-25 06:00:00,5.276,12.452792577503523,6.060224579855016,6.4043107,4.176197052001953
2024-09-25 07:00:00,36.664,27.730802212645887,37.87074893008095,37.763905,29.132110595703125
2024-09-25 08:00:00,82.07600000000001,74.1445891843143,76.76135955230579,77.70203,65.70259094238281
2024-09-25 09:00:00,122.4,123.2702534298019,120.16383323820048,121.49184,114.89347839355469
2024-09-25 10:00:00,151.46,154.83439076915613,152.76188398389436,152.5606,149.37979125976562
2024-09-25 11:00:00,167.12,168.7484984204612,168.06998604690284,170.32541,167.47848510742188
2024-09-25 12:00:00,168.776,169.08203772610182,172.90991472364078,173.26735,171.7951202392578
2024-09-25 13:00:00,155.66600000000005,155.78371424120013,155.02728160621734,156.15701,152.53189086914062
2024-09-25 14:00:00,129.65,129.18337463637462,125.17326606432282,126.17824,118.8079833984375
2024-09-25 15:00:00,92.704,94.19790703029022,91.74055074883452,92.56228,85.38639831542969
2024-09-25 16:00:00,49.586000000000006,54.13223828832023,50.69398381005321,49.83921,45.46125793457031
2024-09-25 17:00:00,13.72,16.595202266290507,14.052514250985661,13.086802,13.596893310546875
2024-09-25 18:00:00,0.0,-4.419154958122158,0.012168365524583856,-0.12087829,-0.4403724670410156
2024-09-25 19:00:00,0.0,-1.179044844178474,1.1116151256018535e-05,-0.0031919915,-0.948974609375
2024-09-25 20:00:00,0.0,5.127923943785989,1.1116151256018535e-05,-0.020852488,-0.9328079223632812
2024-09-25 21:00:00,0.0,0.24201814589995374,1.1116151256018535e-05,0.0060190423,-0.7356376647949219
2024-09-25 22:00:00,0.0,-2.017265018091078,1.1116151256018535e-05,0.0068640765,-0.688751220703125
2024-09-25 23:00:00,0.0,-2.832640525850831,1.1116151256018535e-05,0.0068640765,-0.697845458984375
2024-09-26 00:00:00,0.0,-1.9034889570771991,1.1116151256018535e-05,0.009983037,-0.7037200927734375
2024-09-26 01:00:00,0.0,-1.661526334438101,1.1116151256018535e-05,0.009983037,-0.7260208129882812
2024-09-26 02:00:00,0.0,-1.9412844940787708,1.1116151256018535e-05,0.009572454,-0.5705070495605469
2024-09-26 03:00:00,0.0,-1.6589232577446982,1.1116151256018535e-05,0.012101938,-0.6711769104003906
2024-09-26 04:00:00,0.0,0.4854190973132686,1.1116151256018535e-05,0.012101938,-0.6182365417480469
2024-09-26 05:00:00,0.0,5.227085666838957,0.0,0.050822362,-0.7911796569824219
2024-09-26 06:00:00,4.86,12.403709136818003,5.652799930558063,6.278389,4.611320495605469
2024-09-26 07:00:00,35.480000000000004,26.842662685320096,36.043962660839526,36.567547,31.183002471923828
2024-09-26 08:00:00,71.134,72.4135904043404,75.80480844247461,75.77934,67.96544647216797
2024-09-26 09:00:00,108.33,108.13490783346356,112.10629485045922,111.83083,114.43936157226562
2024-09-26 10:00:00,137.87,140.44730567861956,137.87571858998018,139.78448,139.10162353515625
2024-09-26 11:00:00,156.8,155.74437779303022,154.65626890060494,153.97287,151.7440643310547
2024-09-26 12:00:00,165.45000000000002,160.54478695253084,161.7425005886425,160.08209,157.61190795898438
2024-09-26 13:00:00,157.81600000000003,155.6734770801634,148.18632964399575,150.20354,146.75039672851562
2024-09-26 14:00:00,132.01600000000002,132.60549487672003,126.56734398539004,125.965546,120.60832214355469
2024-09-26 15:00:00,95.996,96.20153331833896,95.8360037167932,95.72019,91.77101135253906
2024-09-26 16:00:00,48.48,56.17238080792652,51.923275777917304,52.740284,52.07489776611328
2024-09-26 17:00:00,11.840000000000002,14.38899232370793,12.884317466714165,12.269951,15.41688346862793
2024-09-26 18:00:00,0.0,-5.171930122443526,0.00017669834478090043,-0.2715785,-0.017848968505859375
2024-09-26 19:00:00,0.0,1.5042582753617353,1.1116151256018535e-05,-0.046488095,-0.8506355285644531
2024-09-26 20:00:00,0.0,3.7901149049433576,1.1116151256018535e-05,-0.03589259,-0.8433074951171875
2024-09-26 21:00:00,0.0,1.0261539106639566,1.1116151256018535e-05,-0.019649493,-0.7734146118164062
2024-09-26 22:00:00,0.0,-0.9979863262737316,1.1116151256018535e-05,0.008797364,-0.8133277893066406
2024-09-26 23:00:00,0.0,-0.8470145020317275,1.1116151256018535e-05,0.008797364,-0.8389167785644531
2024-09-27 00:00:00,0.0,0.3915901137552107,1.1116151256018535e-05,0.008815365,-0.8201370239257812
2024-09-27 01:00:00,0.0,-1.2423336699824468,1.1116151256018535e-05,0.013481566,-0.7978935241699219
2024-09-27 02:00:00,0.0,-3.1517854331624005,1.1116151256018535e-05,0.008815365,-0.6676597595214844
2024-09-27 03:00:00,0.0,-2.6723271402356854,1.1116151256018535e-05,0.013481566,-0.6974143981933594
2024-09-27 04:00:00,0.0,-0.6476884845489623,1.1116151256018535e-05,0.008815365,-0.556243896484375
2024-09-27 05:00:00,0.0,5.079622084876844,0.0,0.052788045,-0.6229248046875
2024-09-27 06:00:00,5.0840000000000005,13.444897619096285,5.595853448614697,6.1781745,5.372825622558594
2024-09-27 07:00:00,35.904,26.543515589873632,36.88665530679487,36.766,32.48249053955078
2024-09-27 08:00:00,75.024,71.69078616098554,76.18675759766622,76.27327,68.18018341064453
2024-09-27 09:00:00,115.156,112.56347992508529,114.73163480019845,115.3778,113.54611206054688
2024-09-27 10:00:00,145.81,146.05487383918103,145.90148458207295,145.98216,144.181640625
2024-09-27 11:00:00,160.24,164.53659783410725,161.06453284183164,161.48714,157.5867156982422
2024-09-27 12:00:00,158.84000000000003,162.92171881351175,163.73359055066814,165.07442,161.0934600830078
2024-09-27 13:00:00,144.22400000000002,146.1682655704786,148.29548854739198,148.02695,146.29551696777344
2024-09-27 14:00:00,118.31,118.57645683001763,119.37345913121139,122.326546,110.72054290771484
2024-09-27 15:00:00,86.4,84.27273929801106,85.86321437256694,86.862686,77.63407135009766
2024-09-27 16:00:00,45.604000000000006,50.92326300212892,46.57932317441633,46.575264,42.55253219604492
2024-09-27 17:00:00,11.71,14.64245040275844,13.118166048886673,11.75731,12.444225311279297
2024-09-27 18:00:00,0.0,-3.9612167231280173,0.00017669834478090043,-0.08635556,-0.3132820129394531
2024-09-27 19:00:00,0.0,1.503618437642268,1.1116151256018535e-05,-0.03856059,-0.7861785888671875
2024-09-27 20:00:00,0.0,3.8286095425186604,1.1116151256018535e-05,-0.015789293,-0.7661552429199219
2024-09-27 21:00:00,0.0,0.63651328471011,1.1116151256018535e-05,-0.0042641265,-0.7976837158203125
2024-09-27 22:00:00,0.0,-1.0021825619279006,1.1116151256018535e-05,0.013228401,-0.8376693725585938
2024-09-27 23:00:00,0.0,-2.2357095601326766,1.1116151256018535e-05,0.008797364,-0.8262367248535156
2024-09-28 00:00:00,0.0,-2.1630971339379665,1.1116151256018535e-05,0.005786602,-0.812744140625
2024-09-28 01:00:00,0.0,-3.6466447458446822,1.1116151256018535e-05,-0.008196442,-0.8199958801269531
2024-09-28 02:00:00,0.0,-4.76563583789459,1.1116151256018535e-05,0.065613136,-0.5975837707519531
2024-09-28 03:00:00,0.0,-4.22572938753736,1.1116151256018535e-05,0.04294896,-0.4122314453125
2024-09-28 04:00:00,0.0,-1.9007926072812724,1.1116151256018535e-05,0.22784911,-0.2770729064941406
2024-09-28 05:00:00,0.0,4.28207954093018,0.0,0.083014354,-0.7194252014160156
2024-09-28 06:00:00,5.266,12.847116840040027,5.733415272875976,5.8313913,3.2565155029296875
2024-09-28 07:00:00,35.730000000000004,27.40055518195265,34.78944907289117,36.685562,20.443571090698242
2024-09-28 08:00:00,76.17999999999999,71.77766887876629,75.61372995736569,75.44737,48.584617614746094
2024-09-28 09:00:00,117.57,114.46867475277361,116.04351539191272,115.16105,107.70494079589844
2024-09-28 10:00:00,147.22400000000002,148.76744144836937,145.681461205855,146.37273,144.37620544433594
2024-09-28 11:00:00,164.024,164.45759931155328,164.39913894439877,164.97583,162.1167755126953
2024-09-28 12:00:00,170.88,167.1907558313936,167.73713242839574,168.06636,163.86831665039062
2024-09-28 13:00:00,160.28,161.31706242947357,155.60380965578648,155.69212,143.5481414794922
2024-09-28 14:00:00,134.27,134.95670938132633,131.3526337453032,134.06313,117.58601379394531
2024-09-28 15:00:00,87.13,98.24517082602546,96.45994315235586,96.051704,89.80475616455078
2024-09-28 16:00:00,44.02,47.55363862094458,45.91294853106786,45.538242,49.12672805786133
2024-09-28 17:00:00,10.0,15.930235526183555,11.375420121996015,10.994291,13.362285614013672
2024-09-28 18:00:00,0.0,-3.4078917748740283,0.00017669834478090043,-0.1149963,-0.2643890380859375
2024-09-28 19:00:00,0.0,1.2855726838455384,1.1116151256018535e-05,-0.025858512,-0.9003677368164062
2024-09-28 20:00:00,0.0,4.313699081135487,1.1116151256018535e-05,-0.074284874,-0.9340362548828125
2024-09-28 21:00:00,0.0,-0.8511839852398828,1.1116151256018535e-05,-0.021347005,-0.7862014770507812
2024-09-28 22:00:00,0.0,-1.2557035872247218,1.1116151256018535e-05,-0.004963028,-0.77020263671875
2024-09-28 23:00:00,0.0,-0.9581610020212796,1.1116151256018535e-05,0.013401203,-0.7954483032226562
2024-09-29 00:00:00,0.0,0.11652855427469433,1.1116151256018535e-05,0.013401203,-0.8336334228515625
2024-09-29 01:00:00,0.0,-1.4867000936295152,1.1116151256018535e-05,0.021851834,-0.8711128234863281
2024-09-29 02:00:00,0.0,-3.844244989999906,1.1116151256018535e-05,0.014807371,-0.7046394348144531
2024-09-29 03:00:00,0.0,-5.517018321746097,1.1116151256018535e-05,0.0120472275,-0.8294258117675781
2024-09-29 04:00:00,0.0,-1.0545701856011642,1.1116151256018535e-05,0.0120472275,-0.8813514709472656
2024-09-29 05:00:00,0.0,4.1104612031178345,0.0,0.031210868,-0.9865684509277344
2024-09-29 06:00:00,5.0,11.752099610150907,5.638318227369338,6.268848,4.6936492919921875
2024-09-29 07:00:00,36.414,26.198762128342107,36.00067569736388,36.163185,29.43063735961914
2024-09-29 08:00:00,76.534,72.44794995041448,76.58647695836133,77.54697,63.132057189941406
2024-09-29 09:00:00,118.91,113.56291673614172,114.96892741968048,115.26998,112.877685546875
2024-09-29 10:00:00,148.61,149.77600183917852,148.27398449181797,148.28778,142.19076538085938
2024-09-29 11:00:00,164.82000000000002,165.0177059945869,165.0483027979405,165.4825,157.6826171875
2024-09-29 12:00:00,170.74,166.92613409491645,171.83916683121046,171.79778,158.0917510986328
2024-09-29 13:00:00,158.49,160.11809794613634,154.63980329189127,154.7526,138.90150451660156
2024-09-29 14:00:00,129.044,132.41591664643116,127.9196953613873,127.25997,119.78134155273438
2024-09-29 15:00:00,92.576,92.9186245598404,90.85133216666664,92.86763,92.89344787597656
2024-09-29 16:00:00,47.776,55.40087942003126,49.66846233228912,49.323986,49.950706481933594
2024-09-29 17:00:00,10.944,16.842347758286834,12.071604842979085,11.817123,15.461677551269531
2024-09-29 18:00:00,0.0,-5.147744775260445,0.00017669834478090043,-0.12571104,-0.07670974731445312
2024-09-29 19:00:00,0.0,0.3269986637656972,1.1116151256018535e-05,0.04033193,-0.9855804443359375
2024-09-29 20:00:00,0.0,4.56565494284444,1.1116151256018535e-05,-0.113730334,-1.0049209594726562
2024-09-29 21:00:00,0.0,0.6884368299392423,1.1116151256018535e-05,0.014731427,-0.835296630859375
2024-09-29 22:00:00,0.0,-0.8663547897970538,1.1116151256018535e-05,0.008797364,-0.7788848876953125
2024-09-29 23:00:00,0.0,-0.8498145826498504,1.1116151256018535e-05,0.0068640765,-0.76812744140625
2024-09-30 00:00:00,0.0,-0.1750161452981689,1.1116151256018535e-05,0.008797364,-0.7577400207519531
2024-09-30 01:00:00,0.0,-2.16616024640292,1.1116151256018535e-05,0.011344663,-0.7856178283691406
2024-09-30 02:00:00,0.0,-3.8746461746873573,1.1116151256018535e-05,0.009983037,-0.6555290222167969
2024-09-30 03:00:00,0.0,-3.250337645527158,1.1116151256018535e-05,0.009983037,-0.8187599182128906
2024-09-30 04:00:00,0.0,-1.2207477255661425,1.1116151256018535e-05,0.009983037,-0.8125801086425781
2024-09-30 05:00:00,0.0,3.8309278555726087,0.0,0.032076214,-0.9153938293457031
2024-09-30 06:00:00,4.53,11.74962454653399,5.537926670204756,6.277445,5.283378601074219
2024-09-30 07:00:00,32.47,24.717828902912206,34.26520386699181,35.26957,32.787227630615234
2024-09-30 08:00:00,70.26,65.01343831969082,70.83579536331824,69.445404,65.3779296875
2024-09-30 09:00:00,108.506,105.4328949010254,110.91246599089509,111.18549,109.21148681640625
2024-09-30 10:00:00,139.524,138.16372957606708,138.89983883811138,139.83054,136.26950073242188
2024-09-30 11:00:00,158.77,159.04786980603194,155.1825285432306,157.29535,144.41326904296875
2024-09-30 12:00:00,166.01,165.01831432937922,163.00288487343528,167.62906,145.0370330810547
2024-09-30 13:00:00,151.106,158.60069466121826,153.74736410069977,155.11052,140.84800720214844
2024-09-30 14:00:00,127.124,126.42285146416484,126.97366895170192,124.546936,124.69868469238281
2024-09-30 15:00:00,90.25,94.50552239974871,89.61416958447717,90.03119,91.06277465820312
2024-09-30 16:00:00,42.814,54.072336800028815,46.93864066362084,49.32753,51.326595306396484
2024-09-30 17:00:00,8.856,11.872706609709187,12.742975591724067,11.593051,15.320476531982422
2024-09-30 18:00:00,0.0,-5.574402241536567,0.00011127778403323686,-0.12471297,-0.023471832275390625
2024-09-30 19:00:00,0.0,1.440191663665406,1.1116151256018535e-05,0.0029882032,-0.7345352172851562
2024-09-30 20:00:00,0.0,2.6298208261801053,1.1116151256018535e-05,-0.030809809,-0.7853927612304688
2024-09-30 21:00:00,0.0,-0.34637316573887356,1.1116151256018535e-05,0.007952332,-0.7353630065917969
2024-09-30 22:00:00,0.0,0.16793589211346194,1.1116151256018535e-05,0.007952332,-0.7634201049804688
2024-09-30 23:00:00,0.0,0.4569333313493189,1.1116151256018535e-05,0.011344663,-0.7980232238769531
2024-10-01 00:00:00,0.0,0.9053439886415414,1.1116151256018535e-05,0.011344663,-0.7928123474121094
2024-10-01 01:00:00,0.0,-1.146367179934905,1.1116151256018535e-05,0.015928272,-0.7669639587402344
2024-10-01 02:00:00,0.0,-2.715461174334642,1.1116151256018535e-05,0.015928272,-0.7434577941894531
2024-10-01 03:00:00,0.0,-4.011808294358398,1.1116151256018535e-05,0.017984813,-0.7692222595214844
2024-10-01 04:00:00,0.0,-3.618035985293381,1.1116151256018535e-05,0.027797064,-0.3598785400390625
2024-10-01 05:00:00,0.0,1.4173815840599742,0.0,0.04852861,-0.6712493896484375
2024-10-01 06:00:00,4.63,9.173084068476822,5.042458653875748,4.496509,3.834247589111328
2024-10-01 07:00:00,34.730000000000004,22.76109682573527,36.3134509879615,37.178658,32.38017654418945
2024-10-01 08:00:00,75.466,67.58965167207273,74.78439441688204,75.69775,72.53785705566406
2024-10-01 09:00:00,115.23,113.49263191460079,113.6432468296646,113.016975,114.15550231933594
2024-10-01 10:00:00,145.96,147.51571004656773,145.62035910536824,144.61382,145.7736358642578
2024-10-01 11:00:00,163.59400000000002,164.52937872008795,163.44786196975818,160.9932,162.07763671875
2024-10-01 12:00:00,173.95600000000002,166.80791821884887,167.8212048770867,167.74562,168.5651397705078
2024-10-01 13:00:00,161.83,164.57720042643638,158.23806459376527,159.92668,154.69036865234375
2024-10-01 14:00:00,126.78,133.98305737250533,136.02010788280302,134.76399,123.82064819335938
2024-10-01 15:00:00,85.35000000000001,87.56023451747188,88.59462943506493,89.28208,87.05854797363281
2024-10-01 16:00:00,43.23,47.380044397051975,42.23512593978989,41.755077,44.10888671875
2024-10-01 17:00:00,9.31,13.826750590745432,7.925746541786101,9.293267,9.301727294921875
2024-10-01 18:00:00,0.0,-5.333993152227997,0.00017669834478090043,-0.06697827,-0.11563873291015625
2024-10-01 19:00:00,0.0,3.4852967021637538,1.1116151256018535e-05,0.0387707,-0.4311561584472656
2024-10-01 20:00:00,0.0,3.446688369461649,1.1116151256018535e-05,0.018786697,-0.4527702331542969
2024-10-01 21:00:00,0.0,0.4942670856644451,1.1116151256018535e-05,-0.03275796,-0.4058837890625
2024-10-01 22:00:00,0.0,-0.3561896548558967,1.1116151256018535e-05,0.0043650675,-0.4463958740234375
2024-10-01 23:00:00,0.0,-0.4316815675794756,1.1116151256018535e-05,0.0043650675,-0.5013351440429688
2024-10-02 00:00:00,0.0,1.0258452352824214,1.1116151256018535e-05,0.014057884,-0.564849853515625
2024-10-02 01:00:00,0.0,-1.2638247731704917,1.1116151256018535e-05,0.023459557,-0.5930671691894531
2024-10-02 02:00:00,0.0,-4.594126095452279,1.1116151256018535e-05,0.015176545,-0.5450668334960938
2024-10-02 03:00:00,0.0,-4.810310923844267,1.1116151256018535e-05,0.017741846,-0.6486587524414062
2024-10-02 04:00:00,0.0,-2.8460972590767035,1.1116151256018535e-05,0.017723845,-0.2683525085449219
2024-10-02 05:00:00,0.0,1.572912373961453,0.0,0.03633649,-0.7227554321289062
2024-10-02 06:00:00,4.84,10.793271113570603,5.186567924786391,4.645482,3.5343780517578125
2024-10-02 07:00:00,35.79,25.528903313782223,37.740199636616445,37.75628,30.312158584594727
2024-10-02 08:00:00,75.65,71.76292603025698,76.10292708856366,75.847015,71.92825317382812
2024-10-02 09:00:00,113.994,113.82921531255104,112.66680231178606,113.78033,117.12234497070312
2024-10-02 10:00:00,143.984,144.57154201732428,145.53726700266373,144.1117,147.510498046875
2024-10-02 11:00:00,162.16600000000005,161.85434248084195,161.30248432324476,160.32439,163.00083923339844
2024-10-02 12:00:00,173.424,165.68256159931315,166.57949317467512,168.06224,167.21295166015625
2024-10-02 13:00:00,163.31,164.6013070108947,157.28846157722967,160.14532,153.9348907470703
2024-10-02 14:00:00,137.206,135.3319759206083,136.512744912889,136.17227,127.99250793457031
2024-10-02 15:00:00,100.0,97.28067230272481,99.65833623664706,97.78388,91.75459289550781
2024-10-02 16:00:00,49.96000000000001,57.32071216042384,54.06969436438924,54.43409,49.718692779541016
2024-10-02 17:00:00,10.256,13.517416966002168,10.800106268117087,10.221062,13.526142120361328
2024-10-02 18:00:00,0.0,-7.149877917569631,0.00017669834478090043,-0.16070554,-0.09012985229492188
2024-10-02 19:00:00,0.0,3.3835351623890593,1.1116151256018535e-05,0.007197575,-0.4784698486328125
2024-10-02 20:00:00,0.0,2.2781078123817045,1.1116151256018535e-05,-0.0075766197,-0.5223846435546875
2024-10-02 21:00:00,0.0,-0.46194065424636,1.1116151256018535e-05,-0.011345927,-0.4851264953613281
2024-10-02 22:00:00,0.0,-0.23286435041965836,1.1116151256018535e-05,0.0043650675,-0.4796638488769531
2024-10-02 23:00:00,0.0,0.7750621372279178,1.1116151256018535e-05,0.006421608,-0.5014801025390625
2024-10-03 00:00:00,0.0,2.4855670235954386,1.1116151256018535e-05,0.014057884,-0.5303916931152344
2024-10-03 01:00:00,0.0,0.8560894968980123,1.1116151256018535e-05,0.021828424,-0.5638999938964844
2024-10-03 02:00:00,0.0,-2.175059111188766,1.1116151256018535e-05,0.035398588,-0.6043548583984375
2024-10-03 03:00:00,0.0,-4.065616460244746,1.1116151256018535e-05,0.021970889,-0.5316658020019531
2024-10-03 04:00:00,0.0,-3.8910954680449024,1.1116151256018535e-05,0.021970889,-0.21199798583984375
2024-10-03 05:00:00,0.0,1.6765202055111308,0.0,0.023129394,-0.7814178466796875
2024-10-03 06:00:00,4.8500000000000005,11.11516959928606,5.393630571877981,4.6630363,2.998615264892578
2024-10-03 07:00:00,36.6,26.67358725242174,37.88611831838239,38.21594,27.579021453857422
2024-10-03 08:00:00,76.546,75.57118285809139,77.0898289099477,77.55092,66.96992492675781
2024-10-03 09:00:00,116.19,116.77328494349166,114.4419476043205,114.21099,116.63999938964844
2024-10-03 10:00:00,145.976,147.87827912690784,146.77354735847211,144.95421,146.40769958496094
2024-10-03 11:00:00,162.42000000000002,164.1183919221137,164.55751239777092,165.45093,163.08970642089844
2024-10-03 12:00:00,177.116,165.3069729181311,168.48299877971616,168.29892,166.80380249023438
2024-10-03 13:00:00,155.506,169.43417394255445,162.78577634884695,163.00577,153.165283203125
2024-10-03 14:00:00,123.334,125.62500195078337,127.1823541402889,130.88847,130.7061309814453
2024-10-03 15:00:00,84.334,86.7060727352173,86.86881226984126,84.0999,89.43043518066406
2024-10-03 16:00:00,45.1,47.259951441591035,44.3013689417763,42.228485,44.820682525634766
2024-10-03 17:00:00,9.17,15.310656984039712,9.87739324471381,9.429811,11.4942626953125
2024-10-03 18:00:00,0.0,-6.351752826382354,0.00017669834478090043,-0.12149036,-0.04595184326171875
2024-10-03 19:00:00,0.0,2.979274529732919,1.1116151256018535e-05,0.007197575,-0.4831581115722656
2024-10-03 20:00:00,0.0,0.28340399694985385,1.1116151256018535e-05,0.017987357,-0.4763946533203125
2024-10-03 21:00:00,0.0,-1.3180157198228728,1.1116151256018535e-05,0.0013974527,-0.52471923828125
2024-10-03 22:00:00,0.0,-0.6944222712400494,1.1116151256018535e-05,0.0035200329,-0.41941070556640625
2024-10-03 23:00:00,0.0,-0.1273555612445887,1.1116151256018535e-05,0.004772474,-0.3971900939941406
2024-10-04 00:00:00,0.0,1.94445347960909,1.1116151256018535e-05,0.013647301,-0.4385261535644531
2024-10-04 01:00:00,0.0,-2.707198787134981,1.1116151256018535e-05,0.016825682,-0.5397911071777344
2024-10-04 02:00:00,0.0,-4.856381613467375,1.1116151256018535e-05,0.029908573,-0.48865509033203125
2024-10-04 03:00:00,0.0,-4.227124948218689,1.1116151256018535e-05,0.03174719,-0.7163124084472656
2024-10-04 04:00:00,0.0,-2.2627920362096665,1.1116151256018535e-05,0.020826448,-0.37212371826171875
2024-10-04 05:00:00,0.0,1.3574211055693604,0.0,0.01936807,-0.8617057800292969
2024-10-04 06:00:00,4.94,11.742184537670648,4.984099184463795,4.66981,2.7061004638671875
2024-10-04 07:00:00,36.076,26.64129152859922,37.69954913113176,38.494034,24.872461318969727
2024-10-04 08:00:00,68.43400000000001,73.09823013757853,76.67207758582475,77.666245,64.37322998046875
2024-10-04 09:00:00,98.85,104.26211055324433,108.71485070360437,109.06339,115.11642456054688
2024-10-04 10:00:00,139.91,127.26037443679758,131.58097872354958,132.35164,141.64813232421875
2024-10-04 11:00:00,164.366,164.19956310721133,155.79981996363762,157.3176,153.54759216308594
2024-10-04 12:00:00,171.8,171.5572216195336,165.13391514572814,164.71834,162.07516479492188
2024-10-04 13:00:00,158.69000000000003,161.4432907379162,151.59581268785988,157.36398,153.85052490234375
2024-10-04 14:00:00,132.33,131.12859189660807,133.83227256156206,136.84819,124.56387329101562
2024-10-04 15:00:00,90.2,95.65821909058633,95.26963210962225,95.00043,86.94618225097656
2024-10-04 16:00:00,45.796,50.16988726689705,46.355464881471455,47.509758,44.68164825439453
2024-10-04 17:00:00,9.0,14.207135667660758,9.990818848743693,9.6882925,10.177680969238281
2024-10-04 18:00:00,0.0,-6.278215408194761,0.00017669834478090043,-0.070003025,-0.2516021728515625
2024-10-04 19:00:00,0.0,2.597047846455963,1.1116151256018535e-05,0.05914948,-0.5506172180175781
2024-10-04 20:00:00,0.0,2.438377414909071,1.1116151256018535e-05,-0.0130279325,-0.5158195495605469
2024-10-04 21:00:00,0.0,-0.8159551719077047,1.1116151256018535e-05,0.0035200329,-0.4534339904785156
2024-10-04 22:00:00,0.0,1.6644134202200187,1.1116151256018535e-05,0.006067331,-0.44480133056640625
2024-10-04 23:00:00,0.0,0.8834944548505119,1.1116151256018535e-05,0.0069123656,-0.4749488830566406
2024-10-05 00:00:00,0.0,0.3738703028617745,1.1116151256018535e-05,0.008968906,-0.5199508666992188
2024-10-05 01:00:00,0.0,-1.7844224552781718,1.1116151256018535e-05,0.026417438,-0.600982666015625
2024-10-05 02:00:00,0.0,-3.9494676808046423,1.1116151256018535e-05,0.026006855,-0.61767578125
2024-10-05 03:00:00,0.0,-4.883102512566171,1.1116151256018535e-05,0.01937298,-0.6388702392578125
2024-10-05 04:00:00,0.0,-2.5395757032538713,1.1116151256018535e-05,0.017723845,-0.3339653015136719
2024-10-05 05:00:00,0.0,2.317114299046601,0.0,0.03633649,-0.8417854309082031
2024-10-05 06:00:00,4.754,11.255278491764413,4.8411669751733255,4.4262156,3.597332000732422
2024-10-05 07:00:00,36.98,25.556885297242932,37.36660937266314,38.67973,29.994672775268555
2024-10-05 08:00:00,76.25,73.75529999281343,77.9527482890302,78.40894,71.7349624633789
2024-10-05 09:00:00,116.82,113.43494676265098,114.77388056735828,114.19305,117.1090087890625
2024-10-05 10:00:00,150.434,147.25417302454926,147.09028722860606,147.59944,146.8701629638672
2024-10-05 11:00:00,167.134,169.49800079976657,166.97982324324298,166.02734,164.4127655029297
2024-10-05 12:00:00,170.906,170.00576773757535,171.967426213785,174.12662,167.58624267578125
2024-10-05 13:00:00,157.834,159.07258262218068,157.56603566640436,158.45616,151.0276641845703
2024-10-05 14:00:00,127.6,130.4934311984977,129.41257026809723,127.89998,118.38069152832031
2024-10-05 15:00:00,88.44,89.90580589910431,89.11657888888891,90.02778,82.17802429199219
2024-10-05 16:00:00,45.476,50.13325702910874,45.032293229843184,44.65183,41.50772476196289
2024-10-05 17:00:00,8.856,14.700148889916521,9.970041801780061,10.030811,8.190078735351562
2024-10-05 18:00:00,0.0,-6.998289899338586,0.00011127778403323686,-0.111467674,-0.2694664001464844
2024-10-05 19:00:00,0.0,3.1504960852015205,1.1116151256018535e-05,0.025806917,-0.4937553405761719
2024-10-05 20:00:00,0.0,3.1905191629892418,1.1116151256018535e-05,0.0065444973,-0.5098953247070312
2024-10-05 21:00:00,0.0,-0.06967007884632848,1.1116151256018535e-05,-0.020807648,-0.45047760009765625
2024-10-05 22:00:00,0.0,-0.5509110526436696,1.1116151256018535e-05,0.006067331,-0.446014404296875
2024-10-05 23:00:00,0.0,-1.3294877842936605,1.1116151256018535e-05,0.015928272,-0.4959831237792969
2024-10-06 00:00:00,0.0,-0.33725743593462987,1.1116151256018535e-05,0.014548642,-0.5498313903808594
2024-10-06 01:00:00,0.0,-1.2813508494282848,1.1116151256018535e-05,0.01413806,-0.599365234375
2024-10-06 02:00:00,0.0,-3.171101781822287,1.1116151256018535e-05,0.016194602,-0.4932899475097656
2024-10-06 03:00:00,0.0,-3.2079171679367606,1.1116151256018535e-05,0.026006855,-0.6257820129394531
2024-10-06 04:00:00,0.0,-1.8102836479580215,1.1116151256018535e-05,0.024357721,-0.36719512939453125
2024-10-06 05:00:00,0.0,2.152019510150473,0.0,0.032400038,-0.6759986877441406
2024-10-06 06:00:00,4.5840000000000005,11.123290688243275,4.72618149237846,4.702345,2.756610870361328
2024-10-06 07:00:00,36.61000000000001,24.9991587107213,37.51377016345073,38.53271,27.899494171142578
2024-10-06 08:00:00,78.904,72.87779855721354,77.83253844093036,78.46224,69.07304382324219
2024-10-06 09:00:00,119.47,117.36096409999897,118.92208374522222,118.35249,115.73422241210938
2024-10-06 10:00:00,151.05,151.4980173428915,150.03835012751117,148.9062,148.3484649658203
2024-10-06 11:00:00,167.17000000000002,168.96010446805482,166.4713199275053,166.69386,166.5204620361328
2024-10-06 12:00:00,168.31600000000003,168.2897553435372,171.8836642744365,173.86273,168.6360626220703
2024-10-06 13:00:00,153.82000000000002,154.44073301813972,155.15841200213737,153.93674,147.5278778076172
2024-10-06 14:00:00,128.494,126.64364047202733,124.62222505076487,124.94375,113.60969543457031
2024-10-06 15:00:00,90.776,92.74058471069566,88.93977618109665,89.43256,81.85723876953125
2024-10-06 16:00:00,44.386,51.22515898742923,47.301448705474144,48.106262,41.30432891845703
2024-10-06 17:00:00,8.200000000000001,11.100876995380625,9.587640403517938,9.472838,8.683521270751953
2024-10-06 18:00:00,0.0,-7.083475083052358,0.00011127778403323686,-0.06118575,-0.5100631713867188
2024-10-06 19:00:00,0.0,3.3205734805030245,1.1116151256018535e-05,-0.0060835998,-0.7488594055175781
2024-10-06 20:00:00,0.0,3.9240939286821277,1.1116151256018535e-05,-0.0125766015,-0.7413902282714844
2024-10-06 21:00:00,0.0,0.814992000471962,1.1116151256018535e-05,0.024211684,-0.6262321472167969
2024-10-06 22:00:00,0.0,-0.6930781113404905,1.1116151256018535e-05,0.01604476,-0.6004257202148438
2024-10-06 23:00:00,0.0,-0.8969716974568134,1.1116151256018535e-05,0.01604476,-0.597930908203125
2024-10-07 00:00:00,0.0,0.18539987706022498,1.1116151256018535e-05,0.01225424,-0.566925048828125
2024-10-07 01:00:00,0.0,-1.6220327393362544,1.1116151256018535e-05,0.00979855,-0.5291061401367188
2024-10-07 02:00:00,0.0,-3.1154083275538396,1.1116151256018535e-05,0.011447682,-0.40352630615234375
2024-10-07 03:00:00,0.0,-4.107879069381926,1.1116151256018535e-05,0.011447682,-0.48946380615234375
2024-10-07 04:00:00,0.0,-2.474578967523018,1.1116151256018535e-05,0.010068056,-0.24567413330078125
2024-10-07 05:00:00,0.0,3.666804332204899,0.0,0.032883514,-0.25040435791015625
2024-10-07 06:00:00,4.576,13.165491973510218,4.539424536440445,4.6348844,2.5433998107910156
2024-10-07 07:00:00,37.63,25.853114994210024,36.87990885378299,38.303173,27.882951736450195
2024-10-07 08:00:00,79.49000000000001,75.73691193755306,79.15627755228938,79.044975,72.13058471679688
2024-10-07 09:00:00,118.54000000000002,117.42218030250072,119.13084360850844,118.3124,116.91937255859375
2024-10-07 10:00:00,147.91600000000005,149.0666515523185,148.30162610006178,148.6796,148.38706970214844
2024-10-07 11:00:00,164.394,163.9013993687895,164.15741151447318,164.26227,164.7548370361328
2024-10-07 12:00:00,168.256,165.34143763940722,168.38031315283106,166.74187,165.27159118652344
2024-10-07 13:00:00,152.07000000000002,155.9210145508241,152.3165465578383,152.39236,145.12594604492188
2024-10-07 14:00:00,126.97,124.99415531062445,123.95462422516754,122.415634,117.28591918945312
2024-10-07 15:00:00,89.504,93.72268760917913,88.48089714430016,89.77238,81.66211700439453
2024-10-07 16:00:00,43.72,51.29763181667714,46.26418570763996,46.56498,40.11808776855469
2024-10-07 17:00:00,7.816,12.878768740905379,8.206676744863726,8.652468,6.8275146484375
2024-10-07 18:00:00,0.0,-5.973204788890504,9.573561535853807e-05,-0.04474928,-0.5660400390625
2024-10-07 19:00:00,0.0,4.915374493221552,1.1116151256018535e-05,0.0043610246,-0.7428817749023438
2024-10-07 20:00:00,0.0,3.925669657921081,1.1116151256018535e-05,-0.0064733312,-0.6801567077636719
2024-10-07 21:00:00,0.0,0.27332663949963454,1.1116151256018535e-05,0.009962973,-0.5301399230957031
2024-10-07 22:00:00,0.0,-4.67700463771496,1.1116151256018535e-05,0.009962973,-0.5021095275878906
2024-10-07 23:00:00,0.0,-4.6420574662812,1.1116151256018535e-05,0.011447682,-0.49521636962890625
2024-10-08 00:00:00,0.0,-2.3430544317653887,1.1116151256018535e-05,0.01225424,-0.480377197265625
2024-10-08 01:00:00,0.0,-2.4532494946586842,1.1116151256018535e-05,0.01225424,-0.4492149353027344
2024-10-08 02:00:00,0.0,-1.8195168963661552,1.1116151256018535e-05,0.015650485,-0.3617820739746094
2024-10-08 03:00:00,0.0,-1.9324307640059937,1.1116151256018535e-05,0.018047178,-0.3324737548828125
2024-10-08 04:00:00,0.0,-0.9574289864982908,1.1116151256018535e-05,0.018047178,-0.0779571533203125
2024-10-08 05:00:00,0.0,3.7977850052030124,0.0,0.03665982,-0.23791122436523438
2024-10-08 06:00:00,4.0840000000000005,12.078702079192418,4.618548757444909,4.532196,4.181217193603516
2024-10-08 07:00:00,33.896,24.296005645008073,34.62678867821068,36.731705,34.06793212890625
2024-10-08 08:00:00,74.51,69.61985246011847,73.73100186488519,74.16271,77.3198471069336
2024-10-08 09:00:00,118.224,112.3511578359495,112.16463900453411,111.54132,114.35186767578125
2024-10-08 10:00:00,147.55,149.8784119338842,147.1574286727229,147.20436,146.2223358154297
2024-10-08 11:00:00,156.86,164.87913908341682,164.27102216345537,161.91725,163.7858428955078
2024-10-08 12:00:00,128.04000000000002,155.91158791888023,162.84074316328903,160.87206,167.26805114746094
2024-10-08 13:00:00,112.86,108.52461667248878,136.6077785857032,119.37058,139.6821746826172
2024-10-08 14:00:00,63.054,95.34405001048066,92.66784214312885,91.87272,90.65364074707031
2024-10-08 15:00:00,35.730000000000004,36.40421977699944,34.07970350000002,34.905674,55.67655944824219
2024-10-08 16:00:00,19.544,19.85748103143864,22.296179211662754,20.521875,20.471961975097656
2024-10-08 17:00:00,4.116,9.072840664549311,6.627590995434003,5.2963653,0.8764266967773438
2024-10-08 18:00:00,0.0,-2.576853927197308,1.1116151256018535e-05,-0.035374522,-0.5588569641113281
2024-10-08 19:00:00,0.0,5.116767662316116,1.1116151256018535e-05,-6.050698e-05,-0.6867523193359375
2024-10-08 20:00:00,0.0,4.306839210006398,1.1116151256018535e-05,0.015650485,-0.6499214172363281
2024-10-08 21:00:00,0.0,3.381638812744921,1.1116151256018535e-05,0.015650485,-0.625396728515625
2024-10-08 22:00:00,0.0,-1.6578943559403863,1.1116151256018535e-05,0.010427625,-0.6475906372070312
2024-10-08 23:00:00,0.0,-6.178050150995833,1.1116151256018535e-05,0.01604476,-0.6741752624511719
2024-10-09 00:00:00,0.0,-8.534999549068647,1.1116151256018535e-05,0.015650485,-0.6816368103027344
2024-10-09 01:00:00,0.0,-7.234225335298694,1.1116151256018535e-05,0.015650485,-0.66943359375
2024-10-09 02:00:00,0.0,-9.430984739012496,1.1116151256018535e-05,0.01604476,-0.5245323181152344
2024-10-09 03:00:00,0.0,-3.55520565553935,1.1116151256018535e-05,0.01225424,-0.415130615234375
2024-10-09 04:00:00,0.0,0.5081306892880639,1.1116151256018535e-05,0.01225424,-0.00406646728515625
2024-10-09 05:00:00,0.0,4.083008847869846,0.0,0.030866893,0.07769012451171875
2024-10-09 06:00:00,3.876,10.376869829080011,3.5104127870945465,3.8307052,7.001594543457031
2024-10-09 07:00:00,33.014,20.96697644008736,26.099712601929262,29.597874,36.544708251953125
2024-10-09 08:00:00,72.566,64.03673197887198,71.654483787632,72.5309,70.10893249511719
2024-10-09 09:00:00,110.324,106.32947950938362,109.52209468610923,107.46413,107.14897918701172
2024-10-09 10:00:00,139.85,137.6175011467029,137.3660947101325,137.67694,137.3352508544922
2024-10-09 11:00:00,157.76,154.30530625470263,149.9923080265577,152.74187,148.8295440673828
2024-10-09 12:00:00,162.72000000000003,157.92946749360803,161.6398562755004,160.061,149.5407257080078
2024-10-09 13:00:00,141.866,148.03593524525542,141.88527269106172,144.13931,132.6084747314453
2024-10-09 14:00:00,103.01,111.76462714483009,117.56761776091695,112.60357,107.37031555175781
2024-10-09 15:00:00,68.17999999999999,68.3404270453029,71.59753940271492,67.27575,68.82664489746094
2024-10-09 16:00:00,36.014,38.21892870639113,29.958717408429493,30.215832,28.849287033081055
2024-10-09 17:00:00,6.8340000000000005,13.466607116897064,7.696887501224179,9.003445,2.7404098510742188
2024-10-09 18:00:00,0.0,-5.399479519146632,5.6790891740447614e-05,-0.039450124,-0.4874000549316406
2024-10-09 19:00:00,0.0,3.492116233293984,1.1116151256018535e-05,0.0025863661,-0.6446723937988281
2024-10-09 20:00:00,0.0,3.920596973564285,1.1116151256018535e-05,-0.0010397404,-0.5985069274902344
2024-10-09 21:00:00,0.0,2.145840507320162,1.1116151256018535e-05,0.01624689,-0.5595970153808594
2024-10-09 22:00:00,0.0,-1.062115530755639,1.1116151256018535e-05,0.017685862,-0.57928466796875
2024-10-09 23:00:00,0.0,-2.741452407722937,1.1116151256018535e-05,0.017685862,-0.6011886596679688
2024-10-10 00:00:00,0.0,-2.7946247189060074,1.1116151256018535e-05,0.017685862,-0.6170272827148438
2024-10-10 01:00:00,0.0,-5.606508499147945,1.1116151256018535e-05,0.015081056,-0.6122512817382812
2024-10-10 02:00:00,0.0,-6.42813683271804,1.1116151256018535e-05,0.015081056,-0.51007080078125
2024-10-10 03:00:00,0.0,-3.499488200390215,1.1116151256018535e-05,0.015081056,-0.4531364440917969
2024-10-10 04:00:00,0.0,-0.23995201565649493,1.1116151256018535e-05,0.015081056,-0.048583984375
2024-10-10 05:00:00,0.0,3.7879770478642745,0.0,0.033693697,-0.2648773193359375
2024-10-10 06:00:00,4.19,11.677676096691295,4.445233910199935,3.9528682,5.7941741943359375
2024-10-10 07:00:00,36.36000000000001,23.14733520083455,30.716834737633643,31.996914,37.07283401489258
2024-10-10 08:00:00,77.65,70.38006851548556,76.8175120112449,77.78462,76.92428588867188
2024-10-10 09:00:00,115.884,115.04140193674255,114.32686291329377,112.582726,116.6746826171875
2024-10-10 10:00:00,144.78,143.9098486393527,145.38253190791164,145.09637,146.63633728027344
2024-10-10 11:00:00,160.856,160.1741645907829,156.94634080932028,157.22142,160.17010498046875
2024-10-10 12:00:00,161.976,160.43708829479564,162.63938397728504,161.9126,161.6689453125
2024-10-10 13:00:00,139.44400000000002,147.3932665826452,148.33766596063356,149.96205,141.2823486328125
2024-10-10 14:00:00,109.78,109.88476022186413,116.38282452229274,117.95792,108.13583374023438
2024-10-10 15:00:00,81.05000000000001,77.35189522066497,75.78006190476187,74.20031,71.1695556640625
2024-10-10 16:00:00,37.63,48.5934751615421,42.026139668859486,41.827274,32.25182342529297
2024-10-10 17:00:00,6.166,8.469759135777124,5.883492010213404,5.7889442,4.435707092285156
2024-10-10 18:00:00,0.0,-6.80591308644812,5.6790891740447614e-05,-0.028964661,-0.5355987548828125
2024-10-10 19:00:00,0.0,5.856327749105248,1.1116151256018535e-05,0.06685584,-0.6428909301757812
2024-10-10 20:00:00,0.0,3.943089621031886,1.1116151256018535e-05,-0.004451104,-0.5600738525390625
2024-10-10 21:00:00,0.0,1.474202431648405,1.1116151256018535e-05,0.010414856,-0.514312744140625
2024-10-10 22:00:00,0.0,-2.7412331657734175,1.1116151256018535e-05,0.010414856,-0.5312919616699219
2024-10-10 23:00:00,0.0,-3.078934296548976,1.1116151256018535e-05,0.015081056,-0.5408096313476562
2024-10-11 00:00:00,0.0,-1.3892171924141117,1.1116151256018535e-05,0.015081056,-0.5391006469726562
2024-10-11 01:00:00,0.0,-2.514930417900145,1.1116151256018535e-05,0.015081056,-0.5143966674804688
2024-10-11 02:00:00,0.0,-1.9958558272212685,1.1116151256018535e-05,0.015081056,-0.4244422912597656
2024-10-11 03:00:00,0.0,-0.9244672726451064,1.1116151256018535e-05,0.010414856,-0.4044456481933594
2024-10-11 04:00:00,0.0,-0.9993148225586763,1.1116151256018535e-05,0.010414856,-0.15658950805664062
2024-10-11 05:00:00,0.0,3.2962352175261,0.0,0.033693697,-0.5984535217285156
2024-10-11 06:00:00,4.076,11.822176533243102,3.8845486265114038,3.9130197,5.365730285644531
2024-10-11 07:00:00,36.36000000000001,23.568047644201865,34.80189426471252,36.379932,38.61132049560547
2024-10-11 08:00:00,78.116,73.1141448440533,79.11640881004257,78.253975,78.35357666015625
2024-10-11 09:00:00,117.13,117.44909872348313,116.17144534811446,115.29929,115.35612487792969
2024-10-11 10:00:00,146.494,148.05657672972472,144.57480282185455,146.28577,144.81719970703125
2024-10-11 11:00:00,162.51600000000002,162.4055975239794,162.22722220528567,161.2802,161.14907836914062
2024-10-11 12:00:00,166.81600000000003,161.87554456701804,164.4462316441897,162.02246,163.63067626953125
2024-10-11 13:00:00,149.46,152.2472596332487,148.19532476881596,147.87675,143.3691864013672
2024-10-11 14:00:00,125.276,118.32879924688939,123.09404983640063,122.79673,114.67277526855469
2024-10-11 15:00:00,85.95400000000001,89.75597871554723,86.66409639357872,86.60047,78.30256652832031
2024-10-11 16:00:00,43.79,45.804601913504285,43.75802327875756,41.78076,38.4495735168457
2024-10-11 17:00:00,7.01,11.505791743606592,6.480696257930194,6.4120164,5.945972442626953
2024-10-11 18:00:00,0.0,-9.655934623873677,5.6790891740447614e-05,-0.03193852,-0.5520896911621094
2024-10-11 19:00:00,0.0,4.820966851198335,1.1116151256018535e-05,0.05761956,-0.6815071105957031
2024-10-11 20:00:00,0.0,3.0333331185274135,1.1116151256018535e-05,0.013830034,-0.6308975219726562
2024-10-11 21:00:00,0.0,0.8399531914044192,1.1116151256018535e-05,0.008481567,-0.5284423828125
2024-10-11 22:00:00,0.0,-2.580877455289822,1.1116151256018535e-05,0.0126843685,-0.5354652404785156
2024-10-11 23:00:00,0.0,-3.1669032782047184,1.1116151256018535e-05,0.015081056,-0.5326576232910156
2024-10-12 00:00:00,0.0,-0.16786436365975188,1.1116151256018535e-05,0.015081056,-0.5273513793945312
2024-10-12 01:00:00,0.0,-1.2672700697404866,1.1116151256018535e-05,0.015081056,-0.49080657958984375
2024-10-12 02:00:00,0.0,-1.6000006571211673,1.1116151256018535e-05,0.015081056,-0.3731536865234375
2024-10-12 03:00:00,0.0,-2.354658895619341,1.1116151256018535e-05,0.015081056,-0.3648529052734375
2024-10-12 04:00:00,0.0,-0.40095068224418506,1.1116151256018535e-05,0.015081056,-0.2205352783203125
2024-10-12 05:00:00,0.0,3.790175862384555,0.0,0.029027505,-0.6654586791992188
2024-10-12 06:00:00,4.09,14.010397786040635,4.0291558964234175,4.213894,5.154487609863281
2024-10-12 07:00:00,37.024,26.359706425562027,36.17269337711997,37.20555,39.02841567993164
2024-10-12 08:00:00,79.24600000000001,74.56557123045457,79.24575316705314,79.38213,78.16006469726562
2024-10-12 09:00:00,118.366,120.06032980435887,119.07669422971095,118.77922,118.363525390625
2024-10-12 10:00:00,147.884,150.215506557897,147.93993376665375,148.69774,146.70835876464844
2024-10-12 11:00:00,162.04000000000002,164.9058445985098,164.46170069781664,161.87398,162.63336181640625
2024-10-12 12:00:00,162.26600000000002,161.22658079334315,163.5317639054887,162.03098,164.94744873046875
2024-10-12 13:00:00,144.406,146.56973023252877,145.26103396048484,150.08531,145.27891540527344
2024-10-12 14:00:00,120.51600000000002,115.41026000684977,121.41592715834992,120.236465,111.33041381835938
2024-10-12 15:00:00,82.18400000000001,87.01056109060843,83.02041238639859,81.27982,75.27021789550781
2024-10-12 16:00:00,41.086000000000006,44.002168831879686,40.4790103724067,41.482426,36.954715728759766
2024-10-12 17:00:00,6.246,9.33089442947346,5.92062572076616,6.231775,5.491352081298828
2024-10-12 18:00:00,0.0,-9.840558247202253,5.6790891740447614e-05,-0.028256502,-0.5000457763671875
2024-10-12 19:00:00,0.0,4.867945660929593,1.1116151256018535e-05,-0.006322743,-0.706634521484375
2024-10-12 20:00:00,0.0,4.1401290124258505,1.1116151256018535e-05,0.011432637,-0.6350250244140625
2024-10-12 21:00:00,0.0,1.8665993982310878,1.1116151256018535e-05,0.009288125,-0.52264404296875
2024-10-12 22:00:00,0.0,-2.179273878712354,1.1116151256018535e-05,0.009288125,-0.5335884094238281
2024-10-12 23:00:00,0.0,-3.920284484819792,1.1116151256018535e-05,0.009288125,-0.5538787841796875
2024-10-13 00:00:00,0.0,-1.6917167596597151,1.1116151256018535e-05,0.013078645,-0.55517578125
2024-10-13 01:00:00,0.0,-2.3185492747132983,1.1116151256018535e-05,0.011461154,-0.5209884643554688
2024-10-13 02:00:00,0.0,-2.0034979128573043,1.1116151256018535e-05,0.011461154,-0.4439353942871094
2024-10-13 03:00:00,0.0,-2.1817625779845504,1.1116151256018535e-05,0.007670634,-0.41670989990234375
2024-10-13 04:00:00,0.0,-0.7427672423334717,1.1116151256018535e-05,0.06971393,-0.12707138061523438
2024-10-13 05:00:00,0.0,3.0390191916468874,0.0,0.04850242,-0.09027862548828125
2024-10-13 06:00:00,3.29,11.47858802070796,3.803746352470637,4.008993,5.598964691162109
2024-10-13 07:00:00,29.014,21.611380787038645,34.40368979549106,34.45783,37.11591720581055
2024-10-13 08:00:00,62.96000000000001,63.48320221708725,67.57536964021342,65.901436,73.02643585205078
2024-10-13 09:00:00,95.454,99.63530566800137,102.13514805193145,102.27187,107.03645324707031
2024-10-13 10:00:00,112.494,125.28927230952314,127.60404769070614,125.55035,132.9416046142578
2024-10-13 11:00:00,129.434,126.57075896203423,133.13850517000196,126.304016,147.72628784179688
2024-10-13 12:00:00,137.95000000000002,132.7211162332685,126.86192369209093,125.39213,143.17518615722656
2024-10-13 13:00:00,125.206,129.12740030810338,117.6203263159644,117.96942,122.86210632324219
2024-10-13 14:00:00,101.24,99.0927303310817,101.08449813200379,99.37784,88.76864624023438
2024-10-13 15:00:00,70.646,69.1416220672896,70.16038185872286,65.689285,58.491092681884766
2024-10-13 16:00:00,36.12,39.438756465017725,33.77221757490001,36.176212,28.649995803833008
2024-10-13 17:00:00,5.670000000000001,9.9345791253705,7.40642180668271,8.05945,5.2805328369140625
2024-10-13 18:00:00,0.0,-7.781740460954685,5.6790891740447614e-05,0.025515236,-0.6672439575195312
2024-10-13 19:00:00,0.0,3.819163353220061,1.1116151256018535e-05,0.015275863,-0.6615142822265625
2024-10-13 20:00:00,0.0,3.419303377926097,1.1116151256018535e-05,-0.013865615,-0.6551132202148438
2024-10-13 21:00:00,0.0,1.7172689114443696,1.1116151256018535e-05,0.0063031954,-0.5485191345214844
2024-10-13 22:00:00,0.0,-0.8368857401056466,1.1116151256018535e-05,-0.0064242315,-0.5227012634277344
2024-10-13 23:00:00,0.0,-3.95156955238833,1.1116151256018535e-05,0.008678042,-0.498931884765625
2024-10-14 00:00:00,0.0,-4.632191345827315,1.1116151256018535e-05,0.0017111386,-0.44319915771484375
2024-10-14 01:00:00,0.0,-7.770259203166619,1.1116151256018535e-05,0.0055044317,-0.31899261474609375
2024-10-14 02:00:00,0.0,-7.3412878634724805,1.1116151256018535e-05,-0.009569724,0.2708473205566406
2024-10-14 03:00:00,0.0,-4.6682128854263745,1.1116151256018535e-05,-0.011688625,0.408660888671875
2024-10-14 04:00:00,0.0,-0.1977628775863678,1.1116151256018535e-05,0.012639057,0.5148468017578125
2024-10-14 05:00:00,0.0,5.559251592745834,0.0,0.02731525,0.3650169372558594
2024-10-14 06:00:00,3.616,14.145599225443677,3.579501531207143,3.5942464,1.9080734252929688
2024-10-14 07:00:00,31.24,24.23704587559097,26.66941153754291,28.255802,20.92761993408203
2024-10-14 08:00:00,63.5,66.38292809592227,66.55605413785499,66.83398,57.56359100341797
2024-10-14 09:00:00,92.8,98.39696066487414,101.30159016998368,102.171844,98.75398254394531
2024-10-14 10:00:00,106.144,119.6438626915398,122.31861541042072,119.62896,126.41288757324219
2024-10-14 11:00:00,126.85,117.72133358754155,125.7391583889215,124.71834,133.3301239013672
2024-10-14 12:00:00,119.32,133.4771349525475,119.63980802039296,122.15436,128.17214965820312
2024-10-14 13:00:00,100.004,107.88623069054344,109.30928760984345,106.69742,122.10525512695312
2024-10-14 14:00:00,61.970000000000006,78.88464311597065,82.1306223768131,85.29764,91.50271606445312
2024-10-14 15:00:00,42.260000000000005,36.42230644596886,38.206383571428574,41.46023,56.66619873046875
2024-10-14 16:00:00,20.856,25.342455890766136,20.043594518477065,17.791967,21.58753776550293
2024-10-14 17:00:00,2.946,6.213969877650347,3.769912622018312,4.3183894,1.8586883544921875
2024-10-14 18:00:00,0.0,-6.901250948915795,1.1116151256018535e-05,0.0028248627,-0.4001617431640625
2024-10-14 19:00:00,0.0,0.6568136561386515,1.1116151256018535e-05,0.0041540684,-0.6300010681152344
2024-10-14 20:00:00,0.0,-1.237661275509116,1.1116151256018535e-05,-0.0047234665,-0.5961151123046875
2024-10-14 21:00:00,0.0,-2.1293508524698037,1.1116151256018535e-05,0.004998984,-0.48616790771484375
2024-10-14 22:00:00,0.0,-3.6620677709159732,1.1116151256018535e-05,0.011461154,-0.4868354797363281
2024-10-14 23:00:00,0.0,-3.295225013607416,1.1116151256018535e-05,0.011461154,-0.5236892700195312
2024-10-15 00:00:00,0.0,-5.667394694321576,1.1116151256018535e-05,0.011461154,-0.5415153503417969
2024-10-15 01:00:00,0.0,-6.291005286404361,1.1116151256018535e-05,0.011461154,-0.5328636169433594
2024-10-15 02:00:00,0.0,-6.1329855452634465,1.1116151256018535e-05,0.011461154,-0.4030647277832031
2024-10-15 03:00:00,0.0,-1.4387642038627702,1.1116151256018535e-05,0.011461154,-0.21288681030273438
2024-10-15 04:00:00,0.0,0.7197184528869417,1.1116151256018535e-05,0.011066877,-0.10068893432617188
2024-10-15 05:00:00,0.0,4.706783855747987,0.0,0.02967953,0.152252197265625
2024-10-15 06:00:00,3.154,11.635849977717989,2.9367608444187385,3.5540955,4.397113800048828
2024-10-15 07:00:00,30.75,20.956266769206017,26.024825621770546,29.631136,30.491113662719727
2024-10-15 08:00:00,68.85000000000001,60.42570920500452,68.88061384358402,68.864815,62.89873504638672
2024-10-15 09:00:00,105.8,103.46272197197817,106.11195751554591,102.621254,100.82078552246094
2024-10-15 10:00:00,138.44000000000003,132.3183779423457,130.75679685470027,127.999596,129.69699096679688
2024-10-15 11:00:00,152.134,156.30361213480705,151.89634813463996,149.65173,146.52761840820312
2024-10-15 12:00:00,159.776,151.6422142822581,154.30798935867438,156.21637,152.3163604736328
2024-10-15 13:00:00,146.606,146.9781186962654,139.31500652551566,144.6502,136.3830108642578
2024-10-15 14:00:00,115.36,118.96056415392104,117.31932837405412,116.37462,111.89115905761719
2024-10-15 15:00:00,79.97000000000001,80.13132587683282,79.74385731601733,76.76195,79.53811645507812
2024-10-15 16:00:00,40.47,46.33579867082686,39.21934336001465,40.50227,37.24031066894531
2024-10-15 17:00:00,5.74,12.730741468939017,8.970492120687707,9.102811,5.180572509765625
2024-10-15 18:00:00,0.0,-8.356025866631294,5.6790891740447614e-05,-0.022005042,-0.4267997741699219
2024-10-15 19:00:00,0.0,4.61174936183931,1.1116151256018535e-05,0.0013135164,-0.6793937683105469
2024-10-15 20:00:00,0.0,3.8141814763818673,1.1116151256018535e-05,-0.0071953265,-0.6973762512207031
2024-10-15 21:00:00,0.0,2.466786857280387,1.1116151256018535e-05,0.007670634,-0.58038330078125
2024-10-15 22:00:00,0.0,0.5371666260481234,1.1116151256018535e-05,0.008345482,-0.5364227294921875
2024-10-15 23:00:00,0.0,-1.5163370851378994,1.1116151256018535e-05,0.008345482,-0.5357780456542969
2024-10-16 00:00:00,0.0,0.6476411840787679,1.1116151256018535e-05,0.012324964,-0.5515861511230469
2024-10-16 01:00:00,0.0,-2.4153425942121354,1.1116151256018535e-05,0.008345482,-0.5550537109375
2024-10-16 02:00:00,0.0,-4.216984410367551,1.1116151256018535e-05,0.007670634,-0.5264472961425781
2024-10-16 03:00:00,0.0,-3.3093854396743634,1.1116151256018535e-05,0.007670634,-0.4715080261230469
2024-10-16 04:00:00,0.0,-1.2800165057915556,1.1116151256018535e-05,0.012443822,-0.13783645629882812
2024-10-16 05:00:00,0.0,2.8726182336473203,0.0,0.031056473,-0.4152679443359375
2024-10-16 06:00:00,3.1300000000000003,12.042527707083964,3.7892378272853358,4.0078945,5.696586608886719
2024-10-16 07:00:00,28.010000000000005,20.84775116454774,27.350932023264463,30.323313,36.99263000488281
2024-10-16 08:00:00,58.74,56.39356592394764,65.82281339807756,66.87366,73.84934997558594
2024-10-16 09:00:00,89.20400000000001,91.77609419717254,96.58937958787848,96.09819,111.58526611328125
2024-10-16 10:00:00,117.4,113.84022209762685,118.0244322073687,115.156364,130.62452697753906
2024-10-16 11:00:00,134.976,135.63231200614894,133.01360269069127,131.14085,135.9698944091797
2024-10-16 12:00:00,134.524,138.6817759941162,135.9908120827639,137.11658,137.5040740966797
2024-10-16 13:00:00,113.64,123.67812635098343,115.71671987861897,117.47925,121.71510314941406
2024-10-16 14:00:00,91.784,90.50145245554964,97.49381931897786,94.86506,92.20317077636719
2024-10-16 15:00:00,60.096,66.56746592834449,60.28224898652777,60.81765,59.65484619140625
2024-10-16 16:00:00,29.054,30.505271688870568,28.373119398606967,28.135838,26.890432357788086
2024-10-16 17:00:00,3.83,5.193081674898614,5.290903226983018,4.8033757,4.206123352050781
2024-10-16 18:00:00,0.0,-7.101768861669141,1.1116151256018535e-05,-0.051770322,-0.716094970703125
2024-10-16 19:00:00,0.0,5.1253494868415,1.1116151256018535e-05,0.056781262,-0.731597900390625
2024-10-16 20:00:00,0.0,2.9455758195200703,1.1116151256018535e-05,0.013463565,-0.6528663635253906
2024-10-16 21:00:00,0.0,0.4480761017980166,1.1116151256018535e-05,0.013463565,-0.6037216186523438
2024-10-16 22:00:00,0.0,-1.5193300721364924,1.1116151256018535e-05,0.008797364,-0.6415290832519531
2024-10-16 23:00:00,0.0,-2.6571848515476573,1.1116151256018535e-05,0.008797364,-0.6862564086914062
2024-10-17 00:00:00,0.0,-1.222003917353509,1.1116151256018535e-05,0.008797364,-0.7383880615234375
2024-10-17 01:00:00,0.0,-2.773286599406614,1.1116151256018535e-05,0.013463565,-0.7709808349609375
2024-10-17 02:00:00,0.0,-3.090149430052871,1.1116151256018535e-05,0.013463565,-0.6923065185546875
2024-10-17 03:00:00,0.0,-3.861956523096641,1.1116151256018535e-05,0.008797364,-0.6004524230957031
2024-10-17 04:00:00,0.0,-1.9304127564554547,1.1116151256018535e-05,0.01027877,-0.4463958740234375
2024-10-17 05:00:00,0.0,1.8675667869176653,0.0,0.028891422,-0.23335647583007812
2024-10-17 06:00:00,2.9960000000000004,10.542425143602323,2.733431812672707,3.3014567,4.4893035888671875
2024-10-17 07:00:00,26.77,20.669454096484106,27.354108459094586,27.745806,31.179832458496094
2024-10-17 08:00:00,56.13,57.13528387439233,60.62165172671323,64.19876,67.3032455444336
2024-10-17 09:00:00,87.62400000000001,88.75630684185299,91.56960327101473,91.35178,99.68537902832031
2024-10-17 10:00:00,123.706,114.39835057115499,111.97090833434336,115.504486,118.62997436523438
2024-10-17 11:00:00,139.76,145.87571027746537,137.60925894165692,135.83879,129.985107421875
2024-10-17 12:00:00,150.95000000000002,143.52146745745029,147.79822551804324,144.37407,143.01638793945312
2024-10-17 13:00:00,134.244,141.3592726633986,128.0165847629927,134.71576,127.25759887695312
2024-10-17 14:00:00,109.64,105.78530334329704,109.34186048625521,112.052795,99.32426452636719
2024-10-17 15:00:00,71.23,76.10131964868128,73.13247122882994,72.34423,67.06751251220703
2024-10-17 16:00:00,35.076,36.54803056121571,31.783982915444025,32.511765,31.299192428588867
2024-10-17 17:00:00,4.654,7.950533616689453,3.9763391783118034,3.4277623,4.084636688232422
2024-10-17 18:00:00,0.0,-7.659638061639187,1.1116151256018535e-05,-0.0036276667,-0.4875640869140625
2024-10-17 19:00:00,0.0,5.0673393752198965,1.1116151256018535e-05,-0.0019979645,-0.6338043212890625
2024-10-17 20:00:00,0.0,3.2840677141593697,1.1116151256018535e-05,-0.0014023944,-0.6014938354492188
2024-10-17 21:00:00,0.0,2.5431061249849853,1.1116151256018535e-05,0.009603922,-0.5438613891601562
2024-10-17 22:00:00,0.0,2.2432698646916767,1.1116151256018535e-05,0.008797364,-0.5699501037597656
2024-10-17 23:00:00,0.0,-1.6745469271248559,1.1116151256018535e-05,0.008797364,-0.5886039733886719
2024-10-18 00:00:00,0.0,-1.0704081836618586,1.1116151256018535e-05,0.008797364,-0.6004066467285156
2024-10-18 01:00:00,0.0,-5.278852954254561,1.1116151256018535e-05,0.008797364,-0.5781173706054688
2024-10-18 02:00:00,0.0,-6.349383653647201,1.1116151256018535e-05,0.0074357386,-0.43152618408203125
2024-10-18 03:00:00,0.0,-6.209937327302246,1.1116151256018535e-05,0.0074357386,-0.3726997375488281
2024-10-18 04:00:00,0.0,-2.2323932873557615,1.1116151256018535e-05,0.012083937,-0.150665283203125
2024-10-18 05:00:00,0.0,3.196064654597232,0.0,0.030696591,-0.2548637390136719
2024-10-18 06:00:00,3.3240000000000003,13.146855354840085,2.886832042831436,3.3379211,3.886749267578125
2024-10-18 07:00:00,33.69,23.3036233059024,29.19939185902636,29.605906,29.808395385742188
2024-10-18 08:00:00,74.56,68.85415424743712,72.58875242875217,72.80087,65.42326354980469
2024-10-18 09:00:00,112.2,112.2610943443963,112.70630285271689,111.03372,108.80136108398438
2024-10-18 10:00:00,140.234,144.00228684412264,140.78071784771697,140.67876,139.77281188964844
2024-10-18 11:00:00,155.3,157.73263296478527,154.47511187888634,153.66386,157.11270141601562
2024-10-18 12:00:00,158.22000000000003,156.42156318023117,160.40382600409967,159.62091,159.6748046875
2024-10-18 13:00:00,136.406,144.6652227502801,139.55274299931375,140.27057,141.51669311523438
2024-10-18 14:00:00,100.22,106.2284005183513,113.21607350905897,112.48475,108.98368072509766
2024-10-18 15:00:00,66.76,66.23491247726096,67.27504787301586,63.15946,70.25580596923828
2024-10-18 16:00:00,33.754000000000005,36.62436100680268,28.767950827346734,28.506643,30.384916305541992
2024-10-18 17:00:00,4.54,8.964300549204385,3.7761379814052805,3.9565165,3.328014373779297
2024-10-18 18:00:00,0.0,-8.028025126567922,1.1116151256018535e-05,0.03871862,-0.5743255615234375
2024-10-18 19:00:00,0.0,4.199112559374015,1.1116151256018535e-05,-0.012761004,-0.7621269226074219
2024-10-18 20:00:00,0.0,2.576872741062237,1.1116151256018535e-05,-0.019589422,-0.6728668212890625
2024-10-18 21:00:00,0.0,1.7735035920516977,1.1116151256018535e-05,0.0068255994,-0.5700302124023438
2024-10-18 22:00:00,0.0,-1.3738251727656188,1.1116151256018535e-05,0.011066877,-0.5884056091308594
2024-10-18 23:00:00,0.0,-4.274721924331534,1.1116151256018535e-05,0.007670634,-0.605224609375
2024-10-19 00:00:00,0.0,-3.5712797234327853,1.1116151256018535e-05,0.007670634,-0.6021995544433594
2024-10-19 01:00:00,0.0,-6.387392611888454,1.1116151256018535e-05,0.011461154,-0.586273193359375
2024-10-19 02:00:00,0.0,-6.071983464567247,1.1116151256018535e-05,0.011461154,-0.4970130920410156
2024-10-19 03:00:00,0.0,-3.269449697687829,1.1116151256018535e-05,0.011461154,-0.4622535705566406
2024-10-19 04:00:00,0.0,-0.07017560231803666,1.1116151256018535e-05,0.011461154,-0.3432884216308594
2024-10-19 05:00:00,0.0,4.085186944921778,0.0,0.026283285,-0.08891677856445312
2024-10-19 06:00:00,3.186,12.067226960222925,3.213943630133023,3.314273,4.961906433105469
2024-10-19 07:00:00,33.414,21.217650842163454,28.510184224008377,30.801308,32.94640350341797
2024-10-19 08:00:00,74.384,65.16475372280934,74.0036944657275,74.47149,70.76171875
2024-10-19 09:00:00,112.134,113.4673203613394,112.70946901360111,110.502075,113.25051879882812
2024-10-19 10:00:00,139.87,142.81318979025903,140.36391446535472,140.26566,142.9558868408203
2024-10-19 11:00:00,154.784,157.82751024693002,153.32172188048466,153.61946,154.4757537841797
2024-10-19 12:00:00,146.784,156.4573174088314,159.45588800466575,157.93233,154.29574584960938
2024-10-19 13:00:00,131.17600000000002,130.27581868875131,131.54229713701545,131.6255,134.01626586914062
2024-10-19 14:00:00,105.716,105.55484811313016,106.3311824411928,102.97918,98.22695922851562
2024-10-19 15:00:00,69.75,74.20139605054575,71.09092337387851,68.97172,65.48316192626953
2024-10-19 16:00:00,33.7,37.0544006234079,31.760547381533787,30.674633,31.158750534057617
2024-10-19 17:00:00,4.146,8.351114557655034,4.4714383277207626,3.6369457,4.978359222412109
2024-10-19 18:00:00,0.0,-7.2165061335895615,1.1116151256018535e-05,-0.019822843,-0.6662139892578125
2024-10-19 19:00:00,0.0,6.507630511346194,1.1116151256018535e-05,-0.0054511684,-0.8219718933105469
2024-10-19 20:00:00,0.0,4.962702305357681,1.1116151256018535e-05,-0.0071953265,-0.7856063842773438
2024-10-19 21:00:00,0.0,2.7488210081157938,1.1116151256018535e-05,0.011066877,-0.6786270141601562
2024-10-19 22:00:00,0.0,-0.2573897913315073,1.1116151256018535e-05,0.007670634,-0.6802253723144531
2024-10-19 23:00:00,0.0,-3.349664580892634,1.1116151256018535e-05,0.007670634,-0.6932563781738281
2024-10-20 00:00:00,0.0,-3.1330271268124097,1.1116151256018535e-05,0.008345482,-0.7010459899902344
2024-10-20 01:00:00,0.0,-4.190954297627071,1.1116151256018535e-05,0.013118669,-0.6962394714355469
2024-10-20 02:00:00,0.0,-5.043773766816396,1.1116151256018535e-05,0.013118669,-0.5971412658691406
2024-10-20 03:00:00,0.0,-5.102403472477817,1.1116151256018535e-05,0.012443822,-0.5295639038085938
2024-10-20 04:00:00,0.0,-2.0870742507284983,1.1116151256018535e-05,0.012443822,-0.3155250549316406
2024-10-20 05:00:00,0.0,2.713314487071604,0.0,0.031056473,-0.2939910888671875
2024-10-20 06:00:00,2.8360000000000003,11.751790434000116,3.06495729679969,3.6649475,5.041629791259766
2024-10-20 07:00:00,30.724000000000004,20.547154434520063,27.04275526131265,29.082409,33.674232482910156
2024-10-20 08:00:00,68.64,61.40049237738123,69.85139306004329,71.26554,70.7392807006836
2024-10-20 09:00:00,106.05,104.89329194718573,107.04360324762449,107.27472,112.72383117675781
2024-10-20 10:00:00,134.124,135.43636950284463,135.2357001227633,134.16238,138.18214416503906
2024-10-20 11:00:00,149.18,150.83363842090105,150.07457914377557,149.67517,150.03672790527344
2024-10-20 12:00:00,141.54000000000002,150.94965297306217,152.522939323506,151.9403,150.2678680419922
2024-10-20 13:00:00,115.776,126.02440311123172,128.60730202147374,129.05861,132.58804321289062
2024-10-20 14:00:00,85.25,89.4965976634102,95.73701079477803,92.60961,94.28532409667969
2024-10-20 15:00:00,54.966,58.07013600038492,53.24735533219272,50.432148,56.648712158203125
2024-10-20 16:00:00,25.776,30.198633047815388,23.58482976201271,24.126278,22.97927474975586
2024-10-20 17:00:00,3.154,5.7243460975015745,3.7249202495862703,3.2799592,2.4564056396484375
2024-10-20 18:00:00,0.0,-6.108063100468541,1.1116151256018535e-05,-7.1287344e-05,-0.6783561706542969
2024-10-20 19:00:00,0.0,5.321918324905094,1.1116151256018535e-05,-0.0070522465,-0.7459640502929688
2024-10-20 20:00:00,0.0,4.220478132068374,1.1116151256018535e-05,0.011799663,-0.7008323669433594
2024-10-20 21:00:00,0.0,3.7925157653225874,1.1116151256018535e-05,0.009603922,-0.6621208190917969
2024-10-20 22:00:00,0.0,0.4705456502731832,1.1116151256018535e-05,0.020116825,-0.6801567077636719
2024-10-20 23:00:00,0.0,-3.7086923356233337,1.1116151256018535e-05,0.008797364,-0.6871414184570312
2024-10-21 00:00:00,0.0,-6.0402393290305945,1.1116151256018535e-05,0.008797364,-0.6905632019042969
2024-10-21 01:00:00,0.0,-8.786798907353704,1.1116151256018535e-05,0.01027877,-0.6810226440429688
2024-10-21 02:00:00,0.0,-8.11312546101032,1.1116151256018535e-05,0.01027877,-0.5101890563964844
2024-10-21 03:00:00,0.0,-5.720523124611698,1.1116151256018535e-05,0.01027877,-0.4539833068847656
2024-10-21 04:00:00,0.0,-2.1426774796141483,1.1116151256018535e-05,0.01027877,-0.24988555908203125
2024-10-21 05:00:00,0.0,2.946079187287779,0.0,0.027410014,-0.1656341552734375
2024-10-21 06:00:00,2.49,11.014685360905503,2.638553652721547,3.3371642,4.472530364990234
2024-10-21 07:00:00,25.960000000000004,18.940677548417625,26.48445273126522,27.768906,30.484134674072266
2024-10-21 08:00:00,61.596,54.57414743434923,61.12298954334511,63.523376,60.78809356689453
2024-10-21 09:00:00,98.816,94.92438363815558,99.8724404075819,99.52948,98.5091552734375
2024-10-21 10:00:00,127.394,129.78280611679568,127.84411702642245,128.62064,118.90863037109375
2024-10-21 11:00:00,143.16,145.25944805439295,147.2427078503685,145.70238,135.3409423828125
2024-10-21 12:00:00,134.334,145.96840778988178,149.3919119043852,144.22475,141.2504119873047
2024-10-21 13:00:00,93.176,119.16442085347595,121.60322944592444,123.962456,128.68502807617188
2024-10-21 14:00:00,70.05,66.76228869255002,78.54394069607879,79.53548,94.80453491210938
2024-10-21 15:00:00,40.446,51.19026312540726,38.223851534696784,38.19534,52.3558349609375
2024-10-21 16:00:00,16.956,20.8281495911672,16.93139422222223,16.585188,17.743268966674805
2024-10-21 17:00:00,2.024,2.280641558036696,1.705337402961501,1.1720005,0.9043197631835938
2024-10-21 18:00:00,0.0,-4.7080897875275864,1.1116151256018535e-05,-0.040339813,-0.447479248046875
2024-10-21 19:00:00,0.0,3.777042215007006,1.1116151256018535e-05,0.06540404,-0.6159324645996094
2024-10-21 20:00:00,0.0,6.070638547771253,1.1116151256018535e-05,-0.0035967361,-0.5837783813476562
2024-10-21 21:00:00,0.0,3.792415744824358,1.1116151256018535e-05,0.007952332,-0.5637588500976562
2024-10-21 22:00:00,0.0,-0.8532164169082286,1.1116151256018535e-05,0.008797364,-0.6175918579101562
2024-10-21 23:00:00,0.0,-6.147813055300936,1.1116151256018535e-05,0.008797364,-0.6451377868652344
2024-10-22 00:00:00,0.0,-8.876168594931833,1.1116151256018535e-05,0.007417738,-0.6277084350585938
2024-10-22 01:00:00,0.0,-10.867804247391764,1.1116151256018535e-05,0.0070071546,-0.5936012268066406
2024-10-22 02:00:00,0.0,-6.3774114101611685,1.1116151256018535e-05,0.009554453,-0.4197731018066406
2024-10-22 03:00:00,0.0,-4.962827122602421,1.1116151256018535e-05,0.011673355,-0.34519195556640625
2024-10-22 04:00:00,0.0,-1.269004842853398,1.1116151256018535e-05,0.0067943074,-0.20066452026367188
2024-10-22 05:00:00,0.0,3.2262415524199586,0.0,0.021470506,0.03987884521484375
2024-10-22 06:00:00,2.25,9.739496743290259,2.5445222051282053,3.295517,4.479473114013672
2024-10-22 07:00:00,24.176,18.196273254418568,25.60618290792388,24.362625,29.192880630493164
2024-10-22 08:00:00,58.09,53.54440620506011,60.0102474240013,58.995613,57.637001037597656
2024-10-22 09:00:00,93.354,91.9363265726555,96.08467281415628,95.49284,92.04647827148438
2024-10-22 10:00:00,121.656,124.18224105915218,123.97893553286596,120.93165,121.30168151855469
2024-10-22 11:00:00,138.17000000000002,138.06103153305193,136.07840850340423,132.18228,139.51287841796875
2024-10-22 12:00:00,150.784,139.8899397016708,148.71829521957375,141.83424,141.78509521484375
2024-10-22 13:00:00,131.024,141.30302273736402,128.26112448646458,128.56754,120.11784362792969
2024-10-22 14:00:00,93.49,102.67623464361634,106.74623451254597,102.8455,96.78492736816406
2024-10-22 15:00:00,58.624,60.35681216999266,60.96640015458934,58.346237,62.9462890625
2024-10-22 16:00:00,26.53,29.718353659326095,22.47515652431555,21.351221,24.574623107910156
2024-10-22 17:00:00,2.93,5.487731102160474,2.110319425127356,2.8172336,1.7674484252929688
2024-10-22 18:00:00,0.0,-7.137408242425833,1.1116151256018535e-05,-0.01231634,-0.48603057861328125
2024-10-22 19:00:00,0.0,3.382854160403805,1.1116151256018535e-05,-0.012972901,-0.6470565795898438
2024-10-22 20:00:00,0.0,2.354705010560874,1.1116151256018535e-05,-0.0027901786,-0.6119728088378906
2024-10-22 21:00:00,0.0,1.7435355440432905,1.1116151256018535e-05,0.0102218455,-0.519866943359375
2024-10-22 22:00:00,0.0,-1.3557765383623082,1.1116151256018535e-05,0.011066877,-0.5289154052734375
2024-10-22 23:00:00,0.0,-2.1954194905734585,1.1116151256018535e-05,0.011066877,-0.5567283630371094
2024-10-23 00:00:00,0.0,-1.4485324244524889,1.1116151256018535e-05,0.011066877,-0.5910491943359375
2024-10-23 01:00:00,0.0,-5.967381410237689,1.1116151256018535e-05,0.013463565,-0.6019706726074219
2024-10-23 02:00:00,0.0,-6.9633890242552035,1.1116151256018535e-05,0.013463565,-0.5202713012695312
2024-10-23 03:00:00,0.0,-4.603664991998723,1.1116151256018535e-05,0.009603922,-0.47541046142578125
2024-10-23 04:00:00,0.0,-1.3209653277869289,1.1116151256018535e-05,0.008797364,-0.43160247802734375
2024-10-23 05:00:00,0.0,3.4158334066958496,0.0,0.027410014,-0.2739830017089844
2024-10-23 06:00:00,2.5760000000000005,11.431654451729495,2.5403885976654914,3.290089,4.910213470458984
2024-10-23 07:00:00,29.35,19.92303907149265,28.014486764864827,27.979494,33.369503021240234
2024-10-23 08:00:00,68.824,60.10936396393839,68.46383537350874,67.83391,68.04942321777344
2024-10-23 09:00:00,106.2,107.20649755906055,106.79735950708772,106.61679,106.16343688964844
2024-10-23 10:00:00,134.256,134.37632839201132,134.7913455445983,133.07669,138.1412353515625
2024-10-23 11:00:00,149.33,152.06699445348076,151.6780622813946,149.49725,152.4783935546875
2024-10-23 12:00:00,155.394,150.3296890606692,151.29691270136115,153.57176,152.71890258789062
2024-10-23 13:00:00,141.68,143.49721012182803,137.57503557781482,134.04704,133.8767547607422
2024-10-23 14:00:00,114.73,113.81398861493338,112.82772283184002,110.942375,106.82767486572266
2024-10-23 15:00:00,76.604,79.2771215131512,75.75984221212121,75.772125,73.78594207763672
2024-10-23 16:00:00,35.09,40.5183972269111,34.38377074502084,34.324768,34.46969223022461
2024-10-23 17:00:00,3.616,6.624178095390469,3.6874417135390503,3.2826655,4.075111389160156
2024-10-23 18:00:00,0.0,-7.53537994407907,1.1116151256018535e-05,-0.004434224,-0.4399375915527344
2024-10-23 19:00:00,0.0,6.65521610913817,1.1116151256018535e-05,0.065648936,-0.57574462890625
2024-10-23 20:00:00,0.0,4.086074518017821,1.1116151256018535e-05,-0.006068595,-0.5412483215332031
2024-10-23 21:00:00,0.0,1.1330511453232721,1.1116151256018535e-05,0.013463565,-0.4934272766113281
2024-10-23 22:00:00,0.0,-1.0130418838631106,1.1116151256018535e-05,0.013463565,-0.5118064880371094
2024-10-23 23:00:00,0.0,-2.3509711584587283,1.1116151256018535e-05,0.013463565,-0.5375213623046875
2024-10-24 00:00:00,0.0,0.20996983536238378,1.1116151256018535e-05,0.013463565,-0.5674667358398438
2024-10-24 01:00:00,0.0,-2.1804273001862278,1.1116151256018535e-05,0.013463565,-0.5738601684570312
2024-10-24 02:00:00,0.0,-3.9303714583112104,1.1116151256018535e-05,0.013463565,-0.5245094299316406
2024-10-24 03:00:00,0.0,-4.271255193681277,1.1116151256018535e-05,0.013463565,-0.5244216918945312
2024-10-24 04:00:00,0.0,-2.1590282216013246,1.1116151256018535e-05,0.013463565,-0.26895904541015625
2024-10-24 05:00:00,0.0,2.9807926441420034,0.0,0.032076214,-0.44112396240234375
2024-10-24 06:00:00,2.5700000000000003,13.057462067295294,2.4872789144356777,3.366566,4.820545196533203
2024-10-24 07:00:00,30.746,22.199222038875394,29.018135716634806,30.133638,35.94593048095703
2024-10-24 08:00:00,70.12,63.4286669202636,70.71997083435488,71.04368,73.0517578125
2024-10-24 09:00:00,107.04000000000002,108.66874061902595,108.05261140099407,108.49406,111.93475341796875
2024-10-24 10:00:00,134.41,134.59563256386278,135.4921255314907,135.02576,139.52784729003906
2024-10-24 11:00:00,148.884,151.99423970508084,148.22085493379865,150.8515,153.7311553955078
2024-10-24 12:00:00,156.98000000000002,151.07038182139496,149.73922641438392,151.78648,152.23072814941406
2024-10-24 13:00:00,142.976,146.68554702079695,139.3789697953883,137.92455,133.2573699951172
2024-10-24 14:00:00,115.69,115.00695141914312,114.39600021935026,113.06852,108.91355895996094
2024-10-24 15:00:00,78.024,79.0574658957095,76.87428028571426,76.37962,79.42373657226562
2024-10-24 16:00:00,35.946,40.70783335620512,35.81255064454413,35.12857,39.50457763671875
2024-10-24 17:00:00,3.5200000000000005,5.48271534216576,3.6448450898853535,3.8604052,5.8827972412109375
2024-10-24 18:00:00,0.0,-8.581571541235629,1.1116151256018535e-05,0.06580946,-0.2978172302246094
2024-10-24 19:00:00,0.0,6.269490992764946,1.1116151256018535e-05,0.064268425,-0.46932220458984375
2024-10-24 20:00:00,0.0,2.17266064032054,1.1116151256018535e-05,-0.017844645,-0.48592376708984375
2024-10-24 21:00:00,0.0,-0.44900281209716697,1.1116151256018535e-05,-0.002172128,-0.4926795959472656
2024-10-24 22:00:00,0.0,-1.0025104502912128,1.1116151256018535e-05,-0.002172128,-0.5453605651855469
2024-10-24 23:00:00,0.0,-1.5668415042575763,1.1116151256018535e-05,0.0068437792,-0.5748634338378906
2024-10-25 00:00:00,0.0,1.8341125698555012,1.1116151256018535e-05,0.013463565,-0.6030120849609375
2024-10-25 01:00:00,0.0,-0.9703749564151147,1.1116151256018535e-05,0.009603922,-0.6132698059082031
2024-10-25 02:00:00,0.0,-3.5404058239573697,1.1116151256018535e-05,0.009603922,-0.6510009765625
2024-10-25 03:00:00,0.0,-4.803541084407442,1.1116151256018535e-05,0.008797364,-0.6183662414550781
2024-10-25 04:00:00,0.0,-3.8675684303071023,1.1116151256018535e-05,0.008797364,-0.3076896667480469
2024-10-25 05:00:00,0.0,0.9861172356355414,0.0,0.027410014,-0.2841033935546875
2024-10-25 06:00:00,2.424,12.150516801897629,2.489905216713111,3.3621228,3.3798789978027344
2024-10-25 07:00:00,29.154000000000003,21.603559393344668,28.910458348932654,29.57633,31.93093490600586
2024-10-25 08:00:00,69.16000000000001,61.319166584074246,69.36380261106703,69.79249,73.16941833496094
2024-10-25 09:00:00,106.756,109.144914891204,107.36538144515258,108.33816,108.16777038574219
2024-10-25 10:00:00,135.0,135.80929510241415,136.39048205979023,135.497,139.37925720214844
2024-10-25 11:00:00,150.456,152.91544129537792,151.35789920921,151.12207,151.3938751220703
2024-10-25 12:00:00,154.96,152.81063270086585,155.60692824580192,153.94925,150.09600830078125
2024-10-25 13:00:00,140.77,142.27349343298124,138.19231018046597,137.34541,132.93124389648438
2024-10-25 14:00:00,113.366,112.47110671623312,113.80382170695987,110.82949,106.08445739746094
2024-10-25 15:00:00,75.73,77.27062865245296,75.46188864862917,75.22448,76.86338806152344
2024-10-25 16:00:00,34.230000000000004,40.28650967524239,34.306289694985566,34.1795,37.35578155517578
2024-10-25 17:00:00,3.24,5.838331608747879,3.355855013249731,3.7163842,5.8494415283203125
2024-10-25 18:00:00,0.0,-7.006248062119457,1.1116151256018535e-05,-0.0021253526,-0.409393310546875
2024-10-25 19:00:00,0.0,7.302917075176558,1.1116151256018535e-05,-0.008647943,-0.6046142578125
2024-10-25 20:00:00,0.0,3.4809627537627916,1.1116151256018535e-05,-0.0014023944,-0.6106224060058594
2024-10-25 21:00:00,0.0,0.6454415255162845,1.1116151256018535e-05,0.009603922,-0.5902137756347656
2024-10-25 22:00:00,0.0,0.09872012097522509,1.1116151256018535e-05,0.009603922,-0.6303596496582031
2024-10-25 23:00:00,0.0,-1.625828425375365,1.1116151256018535e-05,0.013463565,-0.6633834838867188
2024-10-26 00:00:00,0.0,0.2989121632238261,1.1116151256018535e-05,0.009603922,-0.6856422424316406
2024-10-26 01:00:00,0.0,-2.841498661754458,1.1116151256018535e-05,0.009603922,-0.6737556457519531
2024-10-26 02:00:00,0.0,-4.8336631250787905,1.1116151256018535e-05,0.008797364,-0.65057373046875
2024-10-26 03:00:00,0.0,-5.054475196782424,1.1116151256018535e-05,0.008797364,-0.5863418579101562
2024-10-26 04:00:00,0.0,-2.7941751542171254,1.1116151256018535e-05,0.008797364,-0.2840003967285156
2024-10-26 05:00:00,0.0,2.486695182505685,0.0,0.027410014,-0.1989593505859375
2024-10-26 06:00:00,2.246,12.690101548316264,2.6097588273247228,3.3618994,3.5127220153808594
2024-10-26 07:00:00,28.65,20.45367902180452,28.223086596330827,28.159315,31.97295379638672
2024-10-26 08:00:00,68.9,61.19698331572811,69.99723463599119,68.21594,70.9903335571289
2024-10-26 09:00:00,107.124,108.81106275500531,107.42175694067215,108.446144,106.20951843261719
2024-10-26 10:00:00,136.18,137.53358440225088,137.2680029544491,135.19882,138.19798278808594
2024-10-26 11:00:00,152.34400000000002,155.7142720118535,152.21649297939626,152.10681,151.14474487304688
2024-10-26 12:00:00,153.544,156.08463959985707,156.6336968906614,155.98164,150.0669403076172
2024-10-26 13:00:00,139.994,140.76667641348024,133.79105989324987,137.29839,134.34608459472656
2024-10-26 14:00:00,112.97,111.23072558024856,113.80506660114237,111.6274,108.10484313964844
2024-10-26 15:00:00,75.296,75.94700144667124,75.55976688672439,75.44171,76.7095947265625
2024-10-26 16:00:00,33.56,39.624526514696996,33.63090704122324,34.285526,37.14365005493164
2024-10-26 17:00:00,3.0700000000000003,6.547635527915003,3.0356850320378452,2.4619305,5.500480651855469
2024-10-26 18:00:00,0.0,-5.858767700782841,1.1116151256018535e-05,0.04930235,-0.2906303405761719
2024-10-26 19:00:00,0.0,7.238565302860018,1.1116151256018535e-05,-0.018854093,-0.49736785888671875
2024-10-26 20:00:00,0.0,2.2963279512655923,1.1116151256018535e-05,-0.017844645,-0.542572021484375
2024-10-26 21:00:00,0.0,-0.2316455856350239,1.1116151256018535e-05,0.0016875147,-0.5459976196289062
2024-10-26 22:00:00,0.0,-0.9577663864494945,1.1116151256018535e-05,0.010703421,-0.58050537109375
2024-10-26 23:00:00,0.0,-2.448898762683228,1.1116151256018535e-05,0.013463565,-0.6017112731933594
2024-10-27 00:00:00,0.0,-0.8306939707156675,1.1116151256018535e-05,0.013463565,-0.6193122863769531
2024-10-27 01:00:00,0.0,-3.19506184146873,1.1116151256018535e-05,0.013463565,-0.6106605529785156
2024-10-27 02:00:00,0.0,-4.7591693965480735,1.1116151256018535e-05,0.008815365,-0.5522537231445312
2024-10-27 03:00:00,0.0,-4.4115021888311166,1.1116151256018535e-05,0.008815365,-0.5426979064941406
2024-10-27 04:00:00,0.0,-2.0536431910104684,1.1116151256018535e-05,0.008815365,-0.3485145568847656
2024-10-27 05:00:00,0.0,3.1462509658463613,0.0,0.027410014,-0.5669479370117188
2024-10-27 06:00:00,2.26,13.757178017310181,2.3536742080864723,3.366566,3.291454315185547
2024-10-27 07:00:00,29.414,21.882049893621865,28.58847600743823,28.048162,31.323257446289062
2024-10-27 08:00:00,69.07000000000001,63.27839306547628,69.7833198010285,69.73502,68.21202087402344
2024-10-27 09:00:00,106.48,108.68201022475628,107.2235557683849,108.41193,106.19154357910156
2024-10-27 10:00:00,134.46,137.12331040432247,136.13595513091906,134.82039,136.32835388183594
2024-10-27 11:00:00,149.366,153.53436189070428,151.3624980803354,149.89362,149.7577362060547
2024-10-27 12:00:00,149.69400000000002,152.4968450773822,153.81292819245064,152.46057,147.6492156982422
2024-10-27 13:00:00,135.306,136.83859153876307,132.92752880664037,136.11586,132.03445434570312
2024-10-27 14:00:00,106.584,106.08248775522793,107.33130295640868,108.64248,106.43128967285156
2024-10-27 15:00:00,68.804,69.18270382954498,71.0563028738141,69.031334,73.57173156738281
2024-10-27 16:00:00,29.354000000000003,33.19432805740474,29.892274801661642,29.460815,34.10880661010742
2024-10-27 17:00:00,2.66,3.4063871188749313,2.6268259583101807,2.00633,4.065940856933594
2024-10-27 18:00:00,0.0,-5.391407731127522,1.1116151256018535e-05,0.05999964,-0.21474075317382812
2024-10-27 19:00:00,0.0,5.844988120658017,1.1116151256018535e-05,-0.014646311,-0.42325592041015625
2024-10-27 20:00:00,0.0,0.8856299072802726,1.1116151256018535e-05,-0.017844645,-0.4698333740234375
2024-10-27 21:00:00,0.0,-0.6579531995366161,1.1116151256018535e-05,0.0016875147,-0.49338531494140625
2024-10-27 22:00:00,0.0,-0.884134499072021,1.1116151256018535e-05,0.0016875147,-0.534271240234375
2024-10-27 23:00:00,0.0,-1.7008921094506997,1.1116151256018535e-05,0.013463565,-0.55316162109375
2024-10-28 00:00:00,0.0,-0.3091733180623417,1.1116151256018535e-05,0.013463565,-0.585296630859375
2024-10-28 01:00:00,0.0,-2.4652728834783444,1.1116151256018535e-05,0.013481566,-0.5834617614746094
2024-10-28 02:00:00,0.0,-3.8784871621025294,1.1116151256018535e-05,0.008815365,-0.5089683532714844
2024-10-28 03:00:00,0.0,-3.697846912828127,1.1116151256018535e-05,0.008815365,-0.5186119079589844
2024-10-28 04:00:00,0.0,-1.605854274675652,1.1116151256018535e-05,0.008815365,-0.35092926025390625
2024-10-28 05:00:00,0.0,3.2828956110891103,0.0,0.032076214,-0.45943450927734375
2024-10-28 06:00:00,2.23,13.793938035043759,2.2373018471842165,3.3332276,4.593452453613281
2024-10-28 07:00:00,30.286,22.178300035450864,28.76884420063799,27.669344,35.66692352294922
2024-10-28 08:00:00,71.954,64.58227258730805,70.69840824671692,71.13126,71.4141845703125
2024-10-28 09:00:00,110.86,113.64937331538061,109.61128427736094,109.69925,108.57807922363281
2024-10-28 10:00:00,139.76,142.59588422432026,139.67692860332227,139.3949,137.72593688964844
2024-10-28 11:00:00,155.256,159.883202013055,154.24973531400371,153.97992,151.4921417236328
2024-10-28 12:00:00,156.02,158.26789090765547,159.747036218675,157.09857,148.78187561035156
2024-10-28 13:00:00,142.01600000000002,141.40896160047296,138.69079422256854,140.71269,134.1535186767578
2024-10-28 14:00:00,113.744,110.99825506465771,115.18576682114806,115.49668,104.99563598632812
2024-10-28 15:00:00,75.49,73.72496669538089,76.05808583116882,75.8418,71.92037200927734
2024-10-28 16:00:00,33.45,37.10706395139972,33.62798929292034,33.19038,33.26700973510742
2024-10-28 17:00:00,2.85,3.967522958586709,2.726662535603706,2.2804182,3.1025009155273438
2024-10-28 18:00:00,0.0,-6.990572458969831,1.1116151256018535e-05,-0.017661216,-0.2661476135253906
2024-10-28 19:00:00,0.0,5.329834080352251,1.1116151256018535e-05,-0.01958141,-0.4955711364746094
2024-10-28 20:00:00,0.0,1.2823718417219592,1.1116151256018535e-05,-0.017844645,-0.497161865234375
2024-10-28 21:00:00,0.0,-0.1573554175023668,1.1116151256018535e-05,-0.002978686,-0.4909820556640625
2024-10-28 22:00:00,0.0,0.13817226410904082,1.1116151256018535e-05,0.0016875147,-0.5581130981445312
2024-10-28 23:00:00,0.0,-1.2565991163848649,1.1116151256018535e-05,0.013463565,-0.599212646484375
2024-10-29 00:00:00,0.0,0.11009722985042747,1.1116151256018535e-05,0.013463565,-0.6239433288574219
2024-10-29 01:00:00,0.0,-3.0971811827766693,1.1116151256018535e-05,0.008797364,-0.6159820556640625
2024-10-29 02:00:00,0.0,-5.256509411732434,1.1116151256018535e-05,0.008815365,-0.6228866577148438
2024-10-29 03:00:00,0.0,-5.097190248567504,1.1116151256018535e-05,0.008815365,-0.6021728515625
2024-10-29 04:00:00,0.0,-2.740677636023448,1.1116151256018535e-05,0.008815365,-0.34960174560546875
2024-10-29 05:00:00,0.0,3.093144165355164,0.0,0.027410014,-0.2910423278808594
2024-10-29 06:00:00,2.2,13.969916108349917,2.2485759186127874,3.5832434,3.7906570434570312
2024-10-29 07:00:00,30.714,21.66227610104954,28.982975717826235,28.24148,33.691490173339844
2024-10-29 08:00:00,71.94,64.34385007112074,71.68691924888108,71.43114,73.2977066040039
2024-10-29 09:00:00,110.19400000000002,112.86866589070436,110.12974907595124,109.70583,109.55555725097656
2024-10-29 10:00:00,138.54000000000002,142.34937640489525,139.94681039946104,140.19931,139.14675903320312
2024-10-29 11:00:00,153.566,157.53193347468763,153.5559030398949,151.6611,151.08010864257812
2024-10-29 12:00:00,154.25,156.4818285408456,159.19112230141056,155.51071,146.75498962402344
2024-10-29 13:00:00,140.08,141.23117929607744,140.1738555496785,138.54013,131.770751953125
2024-10-29 14:00:00,112.234,110.6873539596038,114.27975255817772,114.429665,106.11007690429688
2024-10-29 15:00:00,74.354,73.45098833997454,74.61382231529582,75.9559,68.69615173339844
2024-10-29 16:00:00,32.65,37.932616366032896,33.230025564050635,32.33911,31.000518798828125
2024-10-29 17:00:00,2.7300000000000004,6.129669798836643,2.824111657049825,2.364392,2.819164276123047
2024-10-29 18:00:00,0.0,-6.411919720820123,1.1116151256018535e-05,-0.7298186,-0.3355522155761719
2024-10-29 19:00:00,0.0,4.910559580471153,1.1116151256018535e-05,-0.0569575,-0.5158653259277344
2024-10-29 20:00:00,0.0,0.9329572114774058,1.1116151256018535e-05,0.010316486,-0.4912872314453125
2024-10-29 21:00:00,0.0,-0.8757810429772359,1.1116151256018535e-05,0.0016875147,-0.4756584167480469
2024-10-29 22:00:00,0.0,-0.03816618773293534,1.1116151256018535e-05,0.0016875147,-0.5364570617675781
2024-10-29 23:00:00,0.0,-0.22008396749859926,1.1116151256018535e-05,0.013463565,-0.5718879699707031
2024-10-30 00:00:00,0.0,0.48509318981280236,1.1116151256018535e-05,0.013463565,-0.6152496337890625
2024-10-30 01:00:00,0.0,-2.667010503836287,1.1116151256018535e-05,0.013481566,-0.6224784851074219
2024-10-30 02:00:00,0.0,-4.834905671127495,1.1116151256018535e-05,0.013481566,-0.6265106201171875
2024-10-30 03:00:00,0.0,-5.122940532231095,1.1116151256018535e-05,0.013481566,-0.6555824279785156
2024-10-30 04:00:00,0.0,-2.8802220715482223,1.1116151256018535e-05,0.013463565,-0.42980194091796875
2024-10-30 05:00:00,0.0,2.6058754831326034,0.0,0.032076214,-0.5195655822753906
2024-10-30 06:00:00,2.154,14.010966255165668,2.1417964582953273,3.366566,3.570270538330078
2024-10-30 07:00:00,30.386000000000003,22.213218242238195,29.422631740749082,28.897493,33.39302444458008
2024-10-30 08:00:00,71.54,64.67371455609762,71.18322018218988,71.01365,71.09507751464844
2024-10-30 09:00:00,109.57,112.21546015166166,109.85109202097686,109.59537,109.91172790527344
2024-10-30 10:00:00,137.756,141.04900332341938,138.64229354650305,138.90298,138.17677307128906
2024-10-30 11:00:00,152.706,156.77178868598241,152.57694673313623,152.17207,150.94183349609375
2024-10-30 12:00:00,153.476,154.37679781898498,157.12342881602825,154.62375,148.94496154785156
2024-10-30 13:00:00,138.97,139.78170918039615,137.830693084025,136.92505,131.79249572753906
2024-10-30 14:00:00,111.29000000000002,109.33485598265858,110.9327769339357,110.78061,104.36054229736328
2024-10-30 15:00:00,73.466,73.04494795858946,73.6625906746032,72.968834,68.85850524902344
2024-10-30 16:00:00,31.976,35.98652413555445,32.13606109349265,31.779743,30.213411331176758
2024-10-30 17:00:00,2.6,3.5738094356090473,2.679916652045992,2.2078526,2.6314926147460938
2024-10-30 18:00:00,0.0,-7.293678349928118,1.1116151256018535e-05,-0.011362439,-0.26694488525390625
2024-10-30 19:00:00,0.0,4.308975067975949,1.1116151256018535e-05,-0.024160063,-0.5168800354003906
2024-10-30 20:00:00,0.0,0.8353228983392124,1.1116151256018535e-05,-0.017844645,-0.5335464477539062
2024-10-30 21:00:00,0.0,-0.32765348182547127,1.1116151256018535e-05,-0.002978686,-0.5387802124023438
2024-10-30 22:00:00,0.0,-0.008351556680379124,1.1116151256018535e-05,-0.002978686,-0.5973014831542969
2024-10-30 23:00:00,0.0,-0.3486051016260612,1.1116151256018535e-05,0.009603922,-0.6274681091308594
2024-10-31 00:00:00,0.0,0.7421241642820422,1.1116151256018535e-05,0.009603922,-0.6623802185058594
2024-10-31 01:00:00,0.0,-2.8039355539775084,1.1116151256018535e-05,0.009603922,-0.6574134826660156
2024-10-31 02:00:00,0.0,-5.071361016970119,1.1116151256018535e-05,0.009603922,-0.6669540405273438
2024-10-31 03:00:00,0.0,-5.427553871835423,1.1116151256018535e-05,0.013463565,-0.6549949645996094
2024-10-31 04:00:00,0.0,-3.0465764855923743,1.1116151256018535e-05,0.009603922,-0.44138336181640625
2024-10-31 05:00:00,0.0,2.726902751044898,0.0,0.028216572,-0.45169830322265625
2024-10-31 06:00:00,1.954,13.629834512287168,2.061645883980753,3.3579628,3.2375869750976562
2024-10-31 07:00:00,28.910000000000004,20.972505650812884,28.201319546059125,28.124605,31.42237091064453
2024-10-31 08:00:00,69.776,60.14005546648161,70.35893295837005,68.56509,71.92815399169922
2024-10-31 09:00:00,107.544,108.81469765207717,108.09682842738235,108.293495,107.66952514648438
2024-10-31 10:00:00,135.644,138.3113857946374,137.0514888402312,137.444,137.651611328125
2024-10-31 11:00:00,150.606,155.76137817360546,151.3542174436385,150.37892,149.85560607910156
2024-10-31 12:00:00,151.28,154.59795116634783,154.2553077748632,152.01735,147.7965545654297
2024-10-31 13:00:00,137.20000000000002,138.34636420887287,137.00847578180975,135.26038,133.22190856933594
2024-10-31 14:00:00,109.96,108.74357737144504,107.69463185914324,108.677124,105.65109252929688
2024-10-31 15:00:00,71.784,73.39123256023231,72.40113030952377,72.93807,70.68486785888672
2024-10-31 16:00:00,30.34,36.66876336313591,31.26414662052072,31.674711,33.386661529541016
2024-10-31 17:00:00,2.354,3.2299525382184884,2.7163509467679563,2.2607887,3.8320083618164062
2024-10-31 18:00:00,0.0,-8.07781980720509,1.1116151256018535e-05,-0.008933638,-0.48785400390625
2024-10-31 19:00:00,0.0,5.184460380033651,1.1116151256018535e-05,-0.007369679,-0.6850395202636719
2024-10-31 20:00:00,0.0,2.766131003433943,1.1116151256018535e-05,-0.0014023944,-0.6100311279296875
2024-10-31 21:00:00,0.0,1.2185795667813546,1.1116151256018535e-05,0.007670634,-0.5459823608398438
2024-10-31 22:00:00,0.0,1.2911089110959053,1.1116151256018535e-05,0.007670634,-0.5770988464355469
2024-10-31 23:00:00,0.0,-1.2346690162168894,1.1116151256018535e-05,0.012443822,-0.605438232421875
2024-11-01 00:00:00,0.0,-1.8131096599402228,1.1116151256018535e-05,0.012443822,-0.6251068115234375
2024-11-01 01:00:00,0.0,-4.228235702071432,1.1116151256018535e-05,0.017027427,-0.6185340881347656
2024-11-01 02:00:00,0.0,-5.513625265212521,1.1116151256018535e-05,0.013106858,-0.6016616821289062
2024-11-01 03:00:00,0.0,-5.496013317262086,1.1116151256018535e-05,0.01225424,-0.5960540771484375
2024-11-01 04:00:00,0.0,-3.222738373967072,1.1116151256018535e-05,0.011447682,-0.3790130615234375
2024-11-01 05:00:00,0.0,2.2815914995029396,0.0,0.030060338,-0.39605712890625
2024-11-01 06:00:00,1.868,11.562239786877235,1.7949968661397084,2.273762,3.344287872314453
2024-11-01 07:00:00,29.644,18.847178000923286,27.621987021839086,27.281431,33.01288986206055
2024-11-01 08:00:00,68.254,61.294767382588084,70.22494893834694,71.129585,70.6738510131836
2024-11-01 09:00:00,106.584,107.25435561755395,106.56814376452256,105.882,108.47208404541016
2024-11-01 10:00:00,134.878,138.345236188881,135.14730150913067,133.68909,137.3483428955078
2024-11-01 11:00:00,146.584,154.39939276257437,148.7315156539031,145.41548,152.5887908935547
2024-11-01 12:00:00,153.15,148.81102981814354,149.09049038018176,145.33603,153.4310760498047
2024-11-01 13:00:00,138.85,142.55018313708635,137.1039655430298,135.48814,130.39617919921875
2024-11-01 14:00:00,111.176,110.81519528800857,110.08625333849996,111.46788,102.77342987060547
2024-11-01 15:00:00,73.39,74.8498151797607,73.52290733333331,71.721344,71.888916015625
2024-11-01 16:00:00,31.56,38.50044037021351,32.096988935789334,32.423405,33.71312713623047
2024-11-01 17:00:00,2.33,4.928447130434821,2.326609358682339,2.3000543,3.920642852783203
2024-11-01 18:00:00,0.0,-5.835897187737125,1.1116151256018535e-05,-0.0073642093,-0.3331718444824219
2024-11-01 19:00:00,0.0,6.822523229965432,1.1116151256018535e-05,-0.0030290338,-0.47109222412109375
2024-11-01 20:00:00,0.0,1.5690852976063034,1.1116151256018535e-05,-0.010500892,-0.4292259216308594
2024-11-01 21:00:00,0.0,-0.10600195059688322,1.1116151256018535e-05,0.0043650675,-0.41130828857421875
2024-11-01 22:00:00,0.0,-0.32387683634395503,1.1116151256018535e-05,0.009031268,-0.4614372253417969
2024-11-01 23:00:00,0.0,-1.3394152908464845,1.1116151256018535e-05,0.016339142,-0.4935722351074219
2024-11-02 00:00:00,0.0,1.435545890623561,1.1116151256018535e-05,0.011896261,-0.5184593200683594
2024-11-02 01:00:00,0.0,-2.1921898269931357,1.1116151256018535e-05,0.013380973,-0.5218658447265625
2024-11-02 02:00:00,0.0,-4.801731880331396,1.1116151256018535e-05,0.013380973,-0.4569587707519531
2024-11-02 03:00:00,0.0,-5.9968654337719665,1.1116151256018535e-05,0.013380973,-0.5611190795898438
2024-11-02 04:00:00,0.0,-4.206617423921823,1.1116151256018535e-05,0.013380973,-0.303955078125
2024-11-02 05:00:00,0.0,1.4950211723442828,0.0,0.03665982,-0.6029739379882812
2024-11-02 06:00:00,1.6800000000000002,13.329583607249273,1.7767929931238344,2.2823296,1.8133697509765625
2024-11-02 07:00:00,26.624,21.213400609358384,27.508337945056606,27.353422,28.922626495361328
2024-11-02 08:00:00,65.73,59.97578265795305,66.25867932659077,64.577034,63.90058517456055
2024-11-02 09:00:00,102.84000000000002,104.15693459084656,104.2467120729844,102.80275,102.69062805175781
2024-11-02 10:00:00,130.816,134.0366048867422,131.23655343679803,130.9509,130.94786071777344
2024-11-02 11:00:00,145.956,148.96689142900485,147.13500191629254,144.62292,148.44393920898438
2024-11-02 12:00:00,152.1,148.4626708485039,149.18431733547158,144.89622,148.0946502685547
2024-11-02 13:00:00,137.82000000000002,141.42075510114609,135.38690335946083,136.38289,132.47813415527344
2024-11-02 14:00:00,110.26,110.0377388575975,107.69290587589825,112.978714,106.5064697265625
2024-11-02 15:00:00,72.724,74.06801065130591,72.66180430952377,71.6062,72.30854797363281
2024-11-02 16:00:00,31.186000000000003,36.43451850481505,31.135243116816408,31.8634,33.54551315307617
2024-11-02 17:00:00,2.22,4.116971382670387,2.2352838145689433,2.2539861,3.8467330932617188
2024-11-02 18:00:00,0.0,-7.1275157530619975,1.1116151256018535e-05,0.003233987,-0.2871971130371094
2024-11-02 19:00:00,0.0,5.478014852920023,1.1116151256018535e-05,0.0045586913,-0.4686393737792969
2024-11-02 20:00:00,0.0,0.7370261614186447,1.1116151256018535e-05,0.00013768312,-0.44698333740234375
2024-11-02 21:00:00,0.0,0.12713161094504422,1.1116151256018535e-05,0.009031268,-0.44635772705078125
2024-11-02 22:00:00,0.0,-0.060853067543926276,1.1116151256018535e-05,0.0043650675,-0.5133628845214844
2024-11-02 23:00:00,0.0,-0.2031625856989081,1.1116151256018535e-05,0.013380973,-0.5402565002441406
2024-11-03 00:00:00,0.0,0.4309582758130799,1.1116151256018535e-05,0.013380973,-0.5481491088867188
2024-11-03 01:00:00,0.0,-3.8457450757400986,1.1116151256018535e-05,0.013380973,-0.53558349609375
2024-11-03 02:00:00,0.0,-6.052328260533974,1.1116151256018535e-05,0.013380973,-0.42508697509765625
2024-11-03 03:00:00,0.0,-6.233972331641987,1.1116151256018535e-05,0.013380973,-0.5582351684570312
2024-11-03 04:00:00,0.0,-3.8904544610303073,1.1116151256018535e-05,0.018047178,-0.3609123229980469
2024-11-03 05:00:00,0.0,2.0501971650479573,0.0,0.02640804,-0.587066650390625
2024-11-03 06:00:00,1.636,13.173664467064762,1.8885703782533252,2.0388904,1.3402633666992188
2024-11-03 07:00:00,27.196,20.474390754902497,25.963731851123498,26.210882,26.46451759338379
2024-11-03 08:00:00,66.92999999999999,60.58650943166762,67.51085742378179,67.77518,60.403343200683594
2024-11-03 09:00:00,103.966,105.67301807831149,105.63076983862442,104.15814,101.91151428222656
2024-11-03 10:00:00,131.534,136.41899951510052,132.44231436406244,131.18422,131.34165954589844
2024-11-03 11:00:00,146.29000000000002,151.26009464144852,147.9597490779466,143.77213,151.27377319335938
2024-11-03 12:00:00,151.684,148.45512590913145,149.57783804975725,147.35527,152.515625
2024-11-03 13:00:00,137.906,139.81705294177726,135.9916531426223,135.63484,137.14454650878906
2024-11-03 14:00:00,110.834,109.61214332634395,107.66573036551972,109.95924,105.66348266601562
2024-11-03 15:00:00,73.724,74.98004683217172,73.09817088095237,72.03984,70.33047485351562
2024-11-03 16:00:00,31.946,37.78317272026544,33.01996550249795,33.663876,32.23883056640625
2024-11-03 17:00:00,2.196,3.310856026359795,2.319646293121093,2.380601,3.365154266357422
2024-11-03 18:00:00,0.0,-8.661188312426669,1.1116151256018535e-05,-0.006890157,-0.2907066345214844
2024-11-03 19:00:00,0.0,5.4393911992173685,1.1116151256018535e-05,-0.008699801,-0.46479034423828125
2024-11-03 20:00:00,0.0,1.7184758503513438,1.1116151256018535e-05,-0.009212889,-0.4509773254394531
2024-11-03 21:00:00,0.0,0.8920739783565516,1.1116151256018535e-05,0.008186233,-0.4458351135253906
2024-11-03 22:00:00,0.0,0.38679547842679973,1.1116151256018535e-05,0.013380973,-0.5210990905761719
2024-11-03 23:00:00,0.0,-0.9791012638722583,1.1116151256018535e-05,0.013380973,-0.5468635559082031
2024-11-04 00:00:00,0.0,0.07141340467612256,1.1116151256018535e-05,0.013380973,-0.539581298828125
2024-11-04 01:00:00,0.0,-3.5289944098893544,1.1116151256018535e-05,0.013380973,-0.5248222351074219
2024-11-04 02:00:00,0.0,-5.719985956848223,1.1116151256018535e-05,0.013380973,-0.3891258239746094
2024-11-04 03:00:00,0.0,-5.622739648265695,1.1116151256018535e-05,0.018047178,-0.5465316772460938
2024-11-04 04:00:00,0.0,-2.5347566712714733,1.1116151256018535e-05,0.018047178,-0.3545989990234375
2024-11-04 05:00:00,0.0,3.71724186069994,0.0,0.028057175,-0.5196075439453125
2024-11-04 06:00:00,1.58,14.478514005128334,1.8475203009731351,2.2823296,2.0976638793945312
2024-11-04 07:00:00,27.67,21.546522228885358,24.588724644053105,25.85041,29.85173225402832
2024-11-04 08:00:00,67.76,60.98723183970634,68.0917226472917,67.78096,69.0982894897461
2024-11-04 09:00:00,104.44400000000002,106.67857669560547,104.97225531423369,105.2854,105.60832214355469
2024-11-04 10:00:00,131.51,135.35424266342775,132.33753419730775,132.52089,137.9988250732422
2024-11-04 11:00:00,145.806,150.66605830204304,147.37770014662792,144.54793,152.0253143310547
2024-11-04 12:00:00,150.94000000000003,148.48824117570493,149.1128435639425,145.98509,150.6417694091797
2024-11-04 13:00:00,136.866,139.514776619319,135.04764691393487,135.11598,132.46986389160156
2024-11-04 14:00:00,109.91,108.84912464051882,106.61497011022547,109.40143,107.17559814453125
2024-11-04 15:00:00,72.9,74.6392418413011,72.33460797619041,71.80686,71.61571502685547
2024-11-04 16:00:00,31.28,37.66396959444824,31.822785034374583,32.372135,32.51736068725586
2024-11-04 17:00:00,2.06,3.0759957859832854,2.28931349319638,2.4402535,2.983379364013672
2024-11-04 18:00:00,0.0,-7.792029518754987,1.1116151256018535e-05,-0.00057793193,-0.30307769775390625
2024-11-04 19:00:00,0.0,5.912787111672481,1.1116151256018535e-05,0.0036104172,-0.4833869934082031
2024-11-04 20:00:00,0.0,1.3861636011133038,1.1116151256018535e-05,-0.0014849866,-0.4648933410644531
2024-11-04 21:00:00,0.0,-0.03854486991789585,1.1116151256018535e-05,0.018047178,-0.4364356994628906
2024-11-04 22:00:00,0.0,-0.7923711741058925,1.1116151256018535e-05,0.013380973,-0.48879241943359375
2024-11-04 23:00:00,0.0,-2.266285029991363,1.1116151256018535e-05,0.013380973,-0.5171623229980469
2024-11-05 00:00:00,0.0,0.007810564687070087,1.1116151256018535e-05,0.013380973,-0.52899169921875
2024-11-05 01:00:00,0.0,-3.1304526404900868,1.1116151256018535e-05,0.013380973,-0.522125244140625
2024-11-05 02:00:00,0.0,-4.883368420531253,1.1116151256018535e-05,0.013380973,-0.45085906982421875
2024-11-05 03:00:00,0.0,-4.86119454049182,1.1116151256018535e-05,0.013380973,-0.5289573669433594
2024-11-05 04:00:00,0.0,-2.46489312619114,1.1116151256018535e-05,0.009444521,-0.2982025146484375
2024-11-05 05:00:00,0.0,3.1780672187286765,0.0,0.028057175,-0.3379478454589844
2024-11-05 06:00:00,1.444,13.444590618841008,1.5833268823627982,2.0473042,1.9833641052246094
2024-11-05 07:00:00,25.380000000000003,19.87273999408639,23.92557266197962,24.132957,28.12230682373047
2024-11-05 08:00:00,63.54,56.89481645852455,65.0888590891633,63.888454,64.35092163085938
2024-11-05 09:00:00,99.63,100.53916185152568,101.67443602736051,99.99107,101.09098815917969
2024-11-05 10:00:00,126.834,130.32350512395598,128.99337731121136,126.62139,129.609130859375
2024-11-05 11:00:00,141.26600000000002,145.20137142481857,146.26901321726808,143.58537,144.25485229492188
2024-11-05 12:00:00,147.384,143.53023899445222,145.8721986323545,141.4375,145.00848388671875
2024-11-05 13:00:00,133.366,137.20595745125297,132.79918252559054,131.50972,125.94415283203125
2024-11-05 14:00:00,106.47,107.0225505786461,106.6014781253934,104.85975,101.40847778320312
2024-11-05 15:00:00,69.55,72.87570595372932,69.17917640696398,68.842255,69.5132827758789
2024-11-05 16:00:00,28.89,35.36548672213857,28.872344090699595,29.422136,30.98556137084961
2024-11-05 17:00:00,1.89,2.49429307027033,2.119373709190036,2.241001,2.964855194091797
2024-11-05 18:00:00,0.0,-6.952430053406056,1.1116151256018535e-05,-0.00057793193,-0.26169586181640625
2024-11-05 19:00:00,0.0,5.462013264778131,1.1116151256018535e-05,-0.0075766197,-0.4781455993652344
2024-11-05 20:00:00,0.0,1.0884386832583042,1.1116151256018535e-05,-0.012760675,-0.46607208251953125
2024-11-05 21:00:00,0.0,0.16519722795872482,1.1116151256018535e-05,0.005171625,-0.4491386413574219
2024-11-05 22:00:00,0.0,-0.6734208661149435,1.1116151256018535e-05,0.005171625,-0.5185012817382812
2024-11-05 23:00:00,0.0,-1.2778745347333307,1.1116151256018535e-05,0.014187531,-0.5421333312988281
2024-11-06 00:00:00,0.0,0.49520153953677715,1.1116151256018535e-05,0.013380973,-0.5403976440429688
2024-11-06 01:00:00,0.0,-3.038114732204048,1.1116151256018535e-05,0.013380973,-0.5438804626464844
2024-11-06 02:00:00,0.0,-5.347528509601676,1.1116151256018535e-05,0.013380973,-0.4669685363769531
2024-11-06 03:00:00,0.0,-5.897233233922547,1.1116151256018535e-05,0.013380973,-0.5322532653808594
2024-11-06 04:00:00,0.0,-3.547875535985197,1.1116151256018535e-05,0.018047178,-0.4266777038574219
2024-11-06 05:00:00,0.0,2.4527214695968986,0.0,0.03665982,-0.4686012268066406
2024-11-06 06:00:00,1.336,13.257454415080016,1.5513742106032709,2.2687654,1.8535270690917969
2024-11-06 07:00:00,24.35,20.498485767349802,22.219232707438554,22.172161,27.667268753051758
2024-11-06 08:00:00,62.36000000000001,55.94479201090667,63.23233012221087,63.03813,66.37276458740234
2024-11-06 09:00:00,98.524,100.15210184767326,100.99443864781584,99.78889,98.87150573730469
2024-11-06 10:00:00,125.49,129.39683544278307,127.59058145256539,127.00183,132.04959106445312
2024-11-06 11:00:00,139.856,144.57601788708837,143.21341286328615,140.97658,147.87582397460938
2024-11-06 12:00:00,146.22400000000002,143.766024189429,145.14762534878562,142.45192,147.5946807861328
2024-11-06 13:00:00,132.234,136.21818303475757,131.9654653917809,129.87308,127.9427490234375
2024-11-06 14:00:00,105.22,105.24394418115202,104.88555003191968,101.98682,104.28369140625
2024-11-06 15:00:00,68.416,70.6520917218912,68.38963734397052,67.910286,71.5910415649414
2024-11-06 16:00:00,28.110000000000003,34.09317837895403,28.518612974541693,28.879581,34.53173065185547
2024-11-06 17:00:00,1.7800000000000002,1.7513744463608176,1.9500313944033685,2.2570198,3.9329376220703125
2024-11-06 18:00:00,0.0,-6.012447730019164,1.1116151256018535e-05,-0.00057793193,-0.3429298400878906
2024-11-06 19:00:00,0.0,6.1396618837172605,1.1116151256018535e-05,0.0025928207,-0.4676971435546875
2024-11-06 20:00:00,0.0,1.584480131337894,1.1116151256018535e-05,0.003181213,-0.4592933654785156
2024-11-06 21:00:00,0.0,0.31558923218837553,1.1116151256018535e-05,0.013380973,-0.445892333984375
2024-11-06 22:00:00,0.0,-0.8049146995221572,1.1116151256018535e-05,0.018047178,-0.5058822631835938
2024-11-06 23:00:00,0.0,-2.03422104246942,1.1116151256018535e-05,0.013380973,-0.5273780822753906
2024-11-07 00:00:00,0.0,-0.070721897264306,1.1116151256018535e-05,0.013380973,-0.5340576171875
2024-11-07 01:00:00,0.0,-3.718725629919822,1.1116151256018535e-05,0.013380973,-0.5284881591796875
2024-11-07 02:00:00,0.0,-5.789970038435306,1.1116151256018535e-05,0.013380973,-0.4209747314453125
2024-11-07 03:00:00,0.0,-6.003121835434958,1.1116151256018535e-05,0.013380973,-0.4670066833496094
2024-11-07 04:00:00,0.0,-3.3129875853829533,1.1116151256018535e-05,0.018047178,-0.2848014831542969
2024-11-07 05:00:00,0.0,3.063933131894514,0.0,0.028057175,-0.3811836242675781
2024-11-07 06:00:00,1.286,13.901347630777401,1.5607271270913725,2.2687654,1.8904800415039062
2024-11-07 07:00:00,24.480000000000004,20.349621345842404,22.32837336573581,22.886734,27.6864013671875
2024-11-07 08:00:00,63.09,56.052839601343486,63.67067599700132,63.15612,65.02466583251953
2024-11-07 09:00:00,100.004,102.07621847354673,101.47642869531424,99.172806,99.25028991699219
2024-11-07 10:00:00,127.94400000000002,131.266405679329,128.33894970878077,126.85446,132.2020721435547
2024-11-07 11:00:00,143.01600000000002,148.2331693085233,144.93164750239964,142.47263,147.8545379638672
2024-11-07 12:00:00,149.106,145.86595347837513,147.05316387595417,144.98444,148.58883666992188
2024-11-07 13:00:00,135.024,138.1663291768299,134.06688042136608,133.10298,128.8143768310547
2024-11-07 14:00:00,107.206,107.04763255456362,106.91693746975047,105.153946,103.87753295898438
2024-11-07 15:00:00,69.68400000000001,71.69565493289463,69.52694706874664,68.7849,71.26911926269531
2024-11-07 16:00:00,28.64,34.96825911649695,28.45008710199184,28.437407,32.062477111816406
2024-11-07 17:00:00,1.7460000000000002,1.6956205941893912,2.1317496532493703,1.7785559,2.969165802001953
2024-11-07 18:00:00,0.0,-5.882468788482367,1.1116151256018535e-05,-0.0022270686,-0.2939491271972656
2024-11-07 19:00:00,0.0,6.548653119195842,1.1116151256018535e-05,0.0021822369,-0.46527862548828125
2024-11-07 20:00:00,0.0,0.7023127124321945,1.1116151256018535e-05,-0.010500892,-0.4536018371582031
2024-11-07 21:00:00,0.0,-0.6260462122886752,1.1116151256018535e-05,0.009031268,-0.4507942199707031
2024-11-07 22:00:00,0.0,-0.7976968147721055,1.1116151256018535e-05,0.009031268,-0.5204963684082031
2024-11-07 23:00:00,0.0,-2.0382327204192507,1.1116151256018535e-05,0.0043650675,-0.5458297729492188
2024-11-08 00:00:00,0.0,0.4852681787474078,1.1116151256018535e-05,0.013380973,-0.5456199645996094
2024-11-08 01:00:00,0.0,-2.7254568672370754,1.1116151256018535e-05,0.013380973,-0.5516242980957031
2024-11-08 02:00:00,0.0,-5.029126751514617,1.1116151256018535e-05,0.018047178,-0.50140380859375
2024-11-08 03:00:00,0.0,-5.5537715785137935,1.1116151256018535e-05,0.018047178,-0.622161865234375
2024-11-08 04:00:00,0.0,-3.546482312276087,1.1116151256018535e-05,0.018047178,-0.3922882080078125
2024-11-08 05:00:00,0.0,1.9514088070783662,0.0,0.09950967,-0.4900398254394531
2024-11-08 06:00:00,1.2060000000000002,12.793518623282745,1.4651082158550668,1.6990643,1.748809814453125
2024-11-08 07:00:00,24.4,19.750813578559455,22.73033333610366,22.919186,25.635513305664062
2024-11-08 08:00:00,62.77000000000001,57.20358799931563,63.48419372857448,62.965065,56.959781646728516
2024-11-08 09:00:00,98.904,101.37819403939946,100.72013145170612,99.510574,97.69178009033203
2024-11-08 10:00:00,127.04000000000002,130.67615932337932,128.34500716327756,126.76669,125.63914489746094
2024-11-08 11:00:00,142.734,145.97414451064063,145.44852566265607,142.44044,147.29359436035156
2024-11-08 12:00:00,148.23,144.5048557813782,147.09193498395732,146.16022,149.07058715820312
2024-11-08 13:00:00,135.9,136.29795519503304,134.26699246512516,133.49567,133.4230499267578
2024-11-08 14:00:00,109.09000000000002,108.36306035515025,107.66358542264717,106.362656,103.58119201660156
2024-11-08 15:00:00,72.084,73.14159058350918,72.18971047619044,71.001564,68.92198181152344
2024-11-08 16:00:00,30.286,35.672542057526975,31.34990736910964,31.533598,31.89991569519043
2024-11-08 17:00:00,1.77,1.9496755258926204,2.162043925129702,1.7966365,3.3062400817871094
2024-11-08 18:00:00,0.0,-7.74294720427992,1.1116151256018535e-05,-0.006890157,-0.23444747924804688
2024-11-08 19:00:00,0.0,5.8181378915503155,1.1116151256018535e-05,-0.0044920184,-0.4391136169433594
2024-11-08 20:00:00,0.0,1.3552209373549666,1.1116151256018535e-05,-0.006128284,-0.4278068542480469
2024-11-08 21:00:00,0.0,0.8455569159197229,1.1116151256018535e-05,0.006063653,-0.42389678955078125
2024-11-08 22:00:00,0.0,0.4221076539867057,1.1116151256018535e-05,0.0035200329,-0.5110015869140625
2024-11-08 23:00:00,0.0,-0.6824192524684416,1.1116151256018535e-05,0.013380973,-0.5478858947753906
2024-11-09 00:00:00,0.0,0.5162337313885613,1.1116151256018535e-05,0.013380973,-0.5565834045410156
2024-11-09 01:00:00,0.0,-3.1625764984107807,1.1116151256018535e-05,0.013380973,-0.5555419921875
2024-11-09 02:00:00,0.0,-5.651775468307155,1.1116151256018535e-05,0.013380973,-0.4649162292480469
2024-11-09 03:00:00,0.0,-5.8514534041577395,1.1116151256018535e-05,0.009444521,-0.5876998901367188
2024-11-09 04:00:00,0.0,-3.489228695676948,1.1116151256018535e-05,0.018047178,-0.4116172790527344
2024-11-09 05:00:00,0.0,2.2706756414015397,0.0,0.03665982,-0.5486869812011719
2024-11-09 06:00:00,1.2000000000000002,13.194867713129748,1.3237430756616346,1.6544749,1.2533760070800781
2024-11-09 07:00:00,25.386000000000003,20.006910324173713,22.156365413234067,22.936686,25.481061935424805
2024-11-09 08:00:00,64.96000000000001,58.0773686662595,65.2386109971249,64.10175,59.975196838378906
2024-11-09 09:00:00,101.476,105.04147060386833,103.11043154878026,101.70034,101.686279296875
2024-11-09 10:00:00,128.784,133.69852384852442,131.4129226675168,126.6842,130.46273803710938
2024-11-09 11:00:00,143.46,149.17189134905675,145.19109801839843,143.52545,148.6414031982422
2024-11-09 12:00:00,149.69400000000002,146.0301100032677,146.19881446784257,145.79047,149.007568359375
2024-11-09 13:00:00,135.96,138.5511960895049,134.39900577622694,134.90445,133.27345275878906
2024-11-09 14:00:00,109.18,107.61382286941745,106.90304506041417,107.4609,105.51748657226562
2024-11-09 15:00:00,72.25,73.46530966594096,71.30724297619042,70.8537,70.48944854736328
2024-11-09 16:00:00,30.360000000000003,37.13259056510841,31.34454861302111,31.536613,32.04590606689453
2024-11-09 17:00:00,1.724,1.9876582352603578,2.278984619890112,1.8774242,3.222240447998047
2024-11-09 18:00:00,0.0,-8.5405463968584,1.1116151256018535e-05,0.0025066705,-0.3545112609863281
2024-11-09 19:00:00,0.0,5.372101752733911,1.1116151256018535e-05,-0.0044920184,-0.4937782287597656
2024-11-09 20:00:00,0.0,2.0831996605093073,1.1116151256018535e-05,-0.013879089,-0.47557830810546875
2024-11-09 21:00:00,0.0,1.3402566143295107,1.1116151256018535e-05,0.01253594,-0.4457206726074219
2024-11-09 22:00:00,0.0,0.7954913148536497,1.1116151256018535e-05,0.013380973,-0.4903602600097656
2024-11-09 23:00:00,0.0,-1.5753041258393674,1.1116151256018535e-05,0.013380973,-0.5195655822753906
2024-11-10 00:00:00,0.0,-0.27764725256457545,1.1116151256018535e-05,0.013380973,-0.5349693298339844
2024-11-10 01:00:00,0.0,-3.397717633005195,1.1116151256018535e-05,0.010414856,-0.5340843200683594
2024-11-10 02:00:00,0.0,-4.887193560551399,1.1116151256018535e-05,0.0064784046,-0.4777717590332031
2024-11-10 03:00:00,0.0,-4.943197941854214,1.1116151256018535e-05,0.015081056,-0.5774192810058594
2024-11-10 04:00:00,0.0,-2.905774792867078,1.1116151256018535e-05,0.015081056,-0.40094757080078125
2024-11-10 05:00:00,0.0,2.588659800530518,0.0,0.025091054,-0.6053810119628906
2024-11-10 06:00:00,1.144,13.099516122073458,1.204819487054452,1.351045,1.294281005859375
2024-11-10 07:00:00,25.564,19.516255250469076,22.783723396531162,23.289976,26.517908096313477
2024-11-10 08:00:00,65.68400000000001,57.58178364905889,65.33570359414774,64.45178,60.56587600708008
2024-11-10 09:00:00,102.4,106.05994625591168,103.57999678063578,101.84659,103.57887268066406
2024-11-10 10:00:00,129.976,134.78592503573037,130.46474213013144,128.78758,133.6925048828125
2024-11-10 11:00:00,144.71,150.21573035364742,145.10490918500136,144.26839,150.44827270507812
2024-11-10 12:00:00,146.32000000000002,147.56710278883622,148.1228810258042,145.3952,150.0031280517578
2024-11-10 13:00:00,132.424,133.26018305537417,133.42593310715867,131.09302,133.3684539794922
2024-11-10 14:00:00,105.63,104.76845400250619,104.75099410518442,102.67024,104.43809509277344
2024-11-10 15:00:00,68.89,70.48811484513567,68.43195663105367,68.65515,68.11436462402344
2024-11-10 16:00:00,28.104000000000003,34.7456709186486,28.603375160665067,28.618107,29.51963233947754
2024-11-10 17:00:00,1.556,0.36970210568336737,1.9965702481848902,1.926854,2.427642822265625
2024-11-10 18:00:00,0.0,-7.603625717477241,1.1116151256018535e-05,-0.0051931865,-0.3768272399902344
2024-11-10 19:00:00,0.0,6.010463401700145,1.1116151256018535e-05,0.0016411263,-0.49398040771484375
2024-11-10 20:00:00,0.0,2.193209885337221,1.1116151256018535e-05,-0.004451104,-0.4433403015136719
2024-11-10 21:00:00,0.0,0.5864565487360556,1.1116151256018535e-05,0.010414856,-0.4291725158691406
2024-11-10 22:00:00,0.0,0.05468392438941816,1.1116151256018535e-05,0.015081056,-0.48348236083984375
2024-11-10 23:00:00,0.0,-2.366824703007777,1.1116151256018535e-05,0.015081056,-0.5104217529296875
2024-11-11 00:00:00,0.0,-0.4787569197588417,1.1116151256018535e-05,0.015081056,-0.5288925170898438
2024-11-11 01:00:00,0.0,-2.6419213724757853,1.1116151256018535e-05,0.010414856,-0.5399169921875
2024-11-11 02:00:00,0.0,-4.282680340166076,1.1116151256018535e-05,0.0064784046,-0.5323867797851562
2024-11-11 03:00:00,0.0,-4.613153187799026,1.1116151256018535e-05,0.0064784046,-0.5871734619140625
2024-11-11 04:00:00,0.0,-2.7323686438446657,1.1116151256018535e-05,0.015081056,-0.2967567443847656
2024-11-11 05:00:00,0.0,2.4327473456090685,0.0,0.033693697,-0.45037841796875
2024-11-11 06:00:00,1.056,12.748355898440051,1.0861476338180225,1.2504214,2.0869827270507812
2024-11-11 07:00:00,24.840000000000003,19.349282494672522,23.489618519588124,22.142172,28.014404296875
2024-11-11 08:00:00,64.94600000000001,56.10217551040657,64.1885213814425,64.093765,63.42647933959961
2024-11-11 09:00:00,101.576,104.20785677176616,102.31423167337265,101.36035,101.86445617675781
2024-11-11 10:00:00,128.616,132.74912969835356,129.97301769250424,126.61797,133.31997680664062
2024-11-11 11:00:00,142.976,147.09952711650718,144.40810474127844,142.76537,147.11111450195312
2024-11-11 12:00:00,145.97,145.08128673685817,145.20125908584558,144.75366,145.63784790039062
2024-11-11 13:00:00,132.26,133.34904272581096,132.432893105248,130.84866,126.53744506835938
2024-11-11 14:00:00,105.6,104.88113763261984,104.37959350601086,102.527885,100.10816955566406
2024-11-11 15:00:00,68.67,70.61398675497682,68.48632859533936,68.24359,66.02806091308594
2024-11-11 16:00:00,27.79,33.902022729476975,28.22046156484799,28.597311,28.12207794189453
2024-11-11 17:00:00,1.494,0.18007351894301316,1.728396585053867,1.6789494,1.8411941528320312
2024-11-11 18:00:00,0.0,-6.700032334045334,1.1116151256018535e-05,-0.0031334686,-0.26891326904296875
2024-11-11 19:00:00,0.0,6.283931104057384,1.1116151256018535e-05,-0.0067224707,-0.4555931091308594
2024-11-11 20:00:00,0.0,1.5577944893277278,1.1116151256018535e-05,-0.013467009,-0.4448814392089844
2024-11-11 21:00:00,0.0,0.33252237517976835,1.1116151256018535e-05,0.0013989495,-0.4590034484863281
2024-11-11 22:00:00,0.0,-0.1742318744306941,1.1116151256018535e-05,0.0013989495,-0.5296707153320312
2024-11-11 23:00:00,0.0,-1.537428385695307,1.1116151256018535e-05,0.015081056,-0.5575294494628906
2024-11-12 00:00:00,0.0,0.9613880450067277,1.1116151256018535e-05,0.010414856,-0.5718345642089844
2024-11-12 01:00:00,0.0,-2.180051376118678,1.1116151256018535e-05,0.010414856,-0.568817138671875
2024-11-12 02:00:00,0.0,-4.622634798727302,1.1116151256018535e-05,0.0064784046,-0.5595321655273438
2024-11-12 03:00:00,0.0,-5.417805961905568,1.1116151256018535e-05,0.0064784046,-0.6163558959960938
2024-11-12 04:00:00,0.0,-3.546080752032001,1.1116151256018535e-05,0.0064784046,-0.4103546142578125
2024-11-12 05:00:00,0.0,2.20312968132838,0.0,0.025091054,-0.35746002197265625
2024-11-12 06:00:00,0.96,13.348397892389297,1.0374401127018344,1.351045,1.4861106872558594
2024-11-12 07:00:00,23.39,19.388943658816256,21.84344626348739,21.219156,26.62154197692871
2024-11-12 08:00:00,62.584,53.80167944286915,62.1803200303502,62.608135,64.67048645019531
2024-11-12 09:00:00,99.216,100.74301158452485,100.46612867728007,98.76166,98.35539245605469
2024-11-12 10:00:00,126.36,130.18324303610612,127.85435728284982,126.72641,131.39083862304688
2024-11-12 11:00:00,140.716,144.77612469691712,143.66996909192773,142.55145,146.32803344726562
2024-11-12 12:00:00,143.776,143.08981232203172,144.81457202338518,144.90198,145.6641387939453
2024-11-12 13:00:00,129.744,130.74896043268913,131.59711835700108,130.04593,127.89987182617188
2024-11-12 14:00:00,102.724,102.74966453747646,102.6614532466374,102.01602,101.59967041015625
2024-11-12 15:00:00,66.08,68.85196027770931,66.72738740947003,66.942986,65.06076049804688
2024-11-12 16:00:00,26.15,34.49565164468185,26.101805277996778,26.937407,27.39148712158203
2024-11-12 17:00:00,1.38,1.3121593347205178,1.4744000211432404,1.5342872,1.6568336486816406
2024-11-12 18:00:00,0.0,-6.251733831440759,1.1116151256018535e-05,-0.019231493,-0.3543243408203125
2024-11-12 19:00:00,0.0,4.752750135633485,1.1116151256018535e-05,0.0030999905,-0.5013275146484375
2024-11-12 20:00:00,0.0,2.4051774667990666,1.1116151256018535e-05,-0.0036445463,-0.4952201843261719
2024-11-12 21:00:00,0.0,0.9356895023675056,1.1116151256018535e-05,0.010414856,-0.4714508056640625
2024-11-12 22:00:00,0.0,-0.10474057077191601,1.1116151256018535e-05,0.010414856,-0.5098686218261719
2024-11-12 23:00:00,0.0,-2.96951292352776,1.1116151256018535e-05,0.0112214135,-0.5345039367675781
2024-11-13 00:00:00,0.0,-2.1045983638349077,1.1116151256018535e-05,0.0112214135,-0.5538063049316406
2024-11-13 01:00:00,0.0,-4.725328953064173,1.1116151256018535e-05,0.009603922,-0.5597076416015625
2024-11-13 02:00:00,0.0,-5.241843777905047,1.1116151256018535e-05,0.009603922,-0.5880546569824219
2024-11-13 03:00:00,0.0,-3.986993562934919,1.1116151256018535e-05,0.013463565,-0.6205825805664062
2024-11-13 04:00:00,0.0,-1.1114063428702785,1.1116151256018535e-05,0.013463565,-0.3619041442871094
2024-11-13 05:00:00,0.0,4.504995961399686,0.0,0.032076214,-0.2793006896972656
2024-11-13 06:00:00,0.8560000000000001,13.008700746963438,0.9542126680530303,1.248804,1.8004150390625
2024-11-13 07:00:00,21.906,17.498335998804862,21.32151444769088,20.87772,27.30702018737793
2024-11-13 08:00:00,59.86000000000001,49.290213961368345,58.50267178689839,58.751194,65.5828628540039
2024-11-13 09:00:00,96.134,96.4642527319418,97.48719493733336,97.43214,97.40293884277344
2024-11-13 10:00:00,123.37,126.27994920413619,124.89341484562583,123.29365,129.34718322753906
2024-11-13 11:00:00,138.16600000000005,140.5737122726346,135.43769741622611,137.9168,143.64683532714844
2024-11-13 12:00:00,143.07000000000002,140.87107511320028,137.45988503763715,137.213,142.08782958984375
2024-11-13 13:00:00,129.16600000000005,131.84858286356743,128.40094491215422,128.17644,124.22650146484375
2024-11-13 14:00:00,102.26,104.89996709152524,102.65565089164065,101.81598,95.00321960449219
2024-11-13 15:00:00,65.69,70.21905414826807,65.89029261622781,65.30819,61.733116149902344
2024-11-13 16:00:00,25.924000000000003,33.159188126612236,25.49342661495,26.626173,24.873353958129883
2024-11-13 17:00:00,1.32,1.0876520056945131,1.4234365757320893,1.5375288,1.3628425598144531
2024-11-13 18:00:00,0.0,-5.793843909627328,1.1116151256018535e-05,-0.02165554,-0.42061614990234375
2024-11-13 19:00:00,0.0,5.695540454560241,1.1116151256018535e-05,-0.0003090044,-0.4738578796386719
2024-11-13 20:00:00,0.0,3.008629710885921,1.1116151256018535e-05,-0.0014023944,-0.46759033203125
2024-11-13 21:00:00,0.0,0.66573330570377,1.1116151256018535e-05,0.008797364,-0.47481536865234375
2024-11-13 22:00:00,0.0,-0.9516972235539547,1.1116151256018535e-05,0.009603922,-0.5254554748535156
2024-11-13 23:00:00,0.0,-1.8640932089207838,1.1116151256018535e-05,0.009603922,-0.559967041015625
2024-11-14 00:00:00,0.0,0.22998845774236276,1.1116151256018535e-05,0.009603922,-0.5839080810546875
2024-11-14 01:00:00,0.0,-2.81439788854781,1.1116151256018535e-05,0.01437711,-0.5899696350097656
2024-11-14 02:00:00,0.0,-4.7309048656488395,1.1116151256018535e-05,0.01437711,-0.584503173828125
2024-11-14 03:00:00,0.0,-5.095086644143177,1.1116151256018535e-05,0.011066877,-0.5671920776367188
2024-11-14 04:00:00,0.0,-3.331724548726503,1.1116151256018535e-05,0.012443822,-0.27152252197265625
2024-11-14 05:00:00,0.0,1.5040627810103788,0.0,0.031056473,0.07767868041992188
2024-11-14 06:00:00,0.784,10.430227812131228,0.9830555195323339,1.4790798,1.1626930236816406
2024-11-14 07:00:00,20.844,15.869376899386317,19.664978866666655,20.238016,22.096872329711914
2024-11-14 08:00:00,58.04600000000001,46.17842990545228,57.63409078827759,58.446785,58.92332458496094
2024-11-14 09:00:00,93.996,92.56688986926906,94.87752392823131,94.773796,98.0810546875
2024-11-14 10:00:00,121.03,122.18693577118415,123.45749764444768,122.12104,127.94929504394531
2024-11-14 11:00:00,135.59,137.16714374259345,135.85940871812866,136.21515,144.65567016601562
2024-11-14 12:00:00,136.25,136.5288191021684,137.81170228641554,137.23418,145.16082763671875
2024-11-14 13:00:00,121.49,123.42811092636964,123.56837096635529,123.329216,123.51629638671875
2024-11-14 14:00:00,93.14600000000002,98.13812542192119,95.0827503619792,97.18092,90.38922119140625
2024-11-14 15:00:00,57.28,62.87354630711089,59.35236206635736,59.796555,59.809940338134766
2024-11-14 16:00:00,21.230000000000004,27.776557347303488,21.976475735362897,22.16191,24.174694061279297
2024-11-14 17:00:00,1.12,-0.9598746982215487,1.2489212451963256,1.1927364,1.6985015869140625
2024-11-14 18:00:00,0.0,-4.118807183324028,1.1116151256018535e-05,-0.005324916,-0.5277481079101562
2024-11-14 19:00:00,0.0,6.266420228553817,1.1116151256018535e-05,0.0208978,-0.5948829650878906
2024-11-14 20:00:00,0.0,4.89034495584381,1.1116151256018535e-05,0.009603922,-0.583709716796875
2024-11-14 21:00:00,0.0,3.035220377851503,1.1116151256018535e-05,0.010456542,-0.5745849609375
2024-11-14 22:00:00,0.0,0.651947188390656,1.1116151256018535e-05,0.01437711,-0.5938949584960938
2024-11-14 23:00:00,0.0,-1.5156214749217023,1.1116151256018535e-05,0.01437711,-0.5896987915039062
2024-11-15 00:00:00,0.0,-1.2039296890589024,1.1116151256018535e-05,0.015051957,-0.5846138000488281
2024-11-15 01:00:00,0.0,-4.917610183866861,1.1116151256018535e-05,0.01027877,-0.5728683471679688
2024-11-15 02:00:00,0.0,-6.9412090181054005,1.1116151256018535e-05,0.008345482,-0.5530052185058594
2024-11-15 03:00:00,0.0,-6.66269949489358,1.1116151256018535e-05,0.008345482,-0.5281257629394531
2024-11-15 04:00:00,0.0,-3.5794130197985137,1.1116151256018535e-05,0.012324964,-0.3079872131347656
2024-11-15 05:00:00,0.0,2.6703120792342467,0.0,0.02967953,-0.2623748779296875
2024-11-15 06:00:00,0.656,11.40850620347439,0.9215972341057423,1.7748423,2.1732635498046875
2024-11-15 07:00:00,17.48,16.343554923956773,17.847184271497664,17.54875,26.882186889648438
2024-11-15 08:00:00,50.746,42.37937363919001,49.86934734190806,50.399414,63.994102478027344
2024-11-15 09:00:00,84.304,82.90882780344725,85.81558614316803,85.61478,86.25782012939453
2024-11-15 10:00:00,113.006,111.34195887690174,111.5686452411243,109.97214,118.18380737304688
2024-11-15 11:00:00,127.75,131.42066234096205,128.39400008370436,127.78621,130.8433380126953
2024-11-15 12:00:00,121.324,132.46100439524326,130.45041213217922,129.4349,133.46823120117188
2024-11-15 13:00:00,94.024,108.9432763830603,112.08906600715753,112.68666,119.62493896484375
2024-11-15 14:00:00,84.62,71.7193048225393,71.54301320609025,72.545135,88.2999267578125
2024-11-15 15:00:00,52.54600000000001,65.1437557751623,52.43849064928791,50.797695,51.203433990478516
2024-11-15 16:00:00,19.476,26.53174920556374,20.615602581815605,21.772331,20.50485610961914
2024-11-15 17:00:00,1.04,-1.1645636894221156,1.0733659585234028,0.68137175,1.3831748962402344
2024-11-15 18:00:00,0.0,-5.235372455837927,1.1116151256018535e-05,-0.00027651218,-0.5652885437011719
2024-11-15 19:00:00,0.0,3.7144313288351976,1.1116151256018535e-05,-0.006068595,-0.5473251342773438
2024-11-15 20:00:00,0.0,2.3997004896045815,1.1116151256018535e-05,0.008797364,-0.512481689453125
2024-11-15 21:00:00,0.0,-0.10921030387140807,1.1116151256018535e-05,0.01027877,-0.4885368347167969
2024-11-15 22:00:00,0.0,-0.7286354135194584,1.1116151256018535e-05,0.01027877,-0.5132827758789062
2024-11-15 23:00:00,0.0,-3.743206112937809,1.1116151256018535e-05,0.009603922,-0.5419235229492188
2024-11-16 00:00:00,0.0,-3.984256371869301,1.1116151256018535e-05,0.009603922,-0.5719375610351562
2024-11-16 01:00:00,0.0,-5.429956813307052,1.1116151256018535e-05,0.009603922,-0.584564208984375
2024-11-16 02:00:00,0.0,-3.303353761341678,1.1116151256018535e-05,0.013463565,-0.52923583984375
2024-11-16 03:00:00,0.0,-5.649516960375932,1.1116151256018535e-05,0.013463565,-0.3878211975097656
2024-11-16 04:00:00,0.0,-3.514086044406522,1.1116151256018535e-05,0.009603922,-0.10370254516601562
2024-11-16 05:00:00,0.0,1.4483040736834876,0.0,0.02445667,0.2757377624511719
2024-11-16 06:00:00,0.0,9.655723235036415,0.7632765804102343,1.0920871,1.2110595703125
2024-11-16 07:00:00,17.240000000000002,14.022216695525032,14.623372609282823,15.565489,20.41434097290039
2024-11-16 08:00:00,46.75,41.0641726023434,50.14720029884535,50.001907,52.373287200927734
2024-11-16 09:00:00,80.23,77.5024721959465,80.75884805043142,80.67136,86.45663452148438
2024-11-16 10:00:00,106.876,108.98120007381539,104.30525873740403,105.5642,110.67103576660156
2024-11-16 11:00:00,121.88,125.26755888258879,122.44632868856615,122.155876,126.42118835449219
2024-11-16 12:00:00,131.22400000000002,126.52920457518388,124.85479122755032,124.810135,128.77151489257812
2024-11-16 13:00:00,117.35,124.11963452572965,115.59042080713704,114.04717,115.93663024902344
2024-11-16 14:00:00,90.704,93.8292172199483,91.15961571122436,91.662964,93.22325897216797
2024-11-16 15:00:00,55.766,59.80014767452762,57.28013796216201,56.90748,60.83079528808594
2024-11-16 16:00:00,21.55,26.50453488509849,21.100633183753022,21.039082,24.893674850463867
2024-11-16 17:00:00,1.04,0.406722855812057,1.0789253605184914,1.0064896,1.4294357299804688
2024-11-16 18:00:00,0.0,-4.8947294024096335,1.1116151256018535e-05,-0.013779903,-0.5265579223632812
2024-11-16 19:00:00,0.0,4.809303946170515,1.1116151256018535e-05,-0.017844645,-0.5613174438476562
2024-11-16 20:00:00,0.0,2.3789349669521656,1.1116151256018535e-05,-0.002978686,-0.5556602478027344
2024-11-16 21:00:00,0.0,1.906772333223789,1.1116151256018535e-05,0.0016875147,-0.5453720092773438
2024-11-16 22:00:00,0.0,0.9936338956704875,1.1116151256018535e-05,0.0016875147,-0.5615997314453125
2024-11-16 23:00:00,0.0,-0.2341728932594873,1.1116151256018535e-05,0.010703421,-0.5667381286621094
2024-11-17 00:00:00,0.0,0.7706635614448527,1.1116151256018535e-05,0.013463565,-0.5848045349121094
2024-11-17 01:00:00,0.0,-3.395671894401824,1.1116151256018535e-05,0.013463565,-0.5954437255859375
2024-11-17 02:00:00,0.0,-5.382293479108492,1.1116151256018535e-05,0.013463565,-0.6115875244140625
2024-11-17 03:00:00,0.0,-5.43068083872203,1.1116151256018535e-05,0.013463565,-0.6218643188476562
2024-11-17 04:00:00,0.0,-2.9614550935137007,1.1116151256018535e-05,0.0048609134,-0.36341094970703125
2024-11-17 05:00:00,0.0,1.8558753788278093,0.0,0.023473563,-0.2888450622558594
2024-11-17 06:00:00,0.0,10.810398249150767,0.4633049937311517,1.494288,0.7779579162597656
2024-11-17 07:00:00,19.11,15.018822889700742,15.345793846004792,17.145044,20.003015518188477
2024-11-17 08:00:00,51.870000000000005,45.841204091363124,56.0066819369698,54.81643,53.19009017944336
2024-11-17 09:00:00,87.596,86.49140048231925,87.6557408395369,87.20646,88.48113250732422
2024-11-17 10:00:00,115.376,116.49327593423817,115.22152813600485,115.846756,117.21255493164062
2024-11-17 11:00:00,130.716,134.56877484850753,130.3376722133014,129.17508,134.84701538085938
2024-11-17 12:00:00,133.956,133.91354323048756,133.3502839943924,134.7799,139.68092346191406
2024-11-17 13:00:00,120.144,122.0181402703628,120.85304511547349,120.2649,125.53770446777344
2024-11-17 14:00:00,92.89600000000002,94.1473668148202,93.36048536502308,92.77067,96.58070373535156
2024-11-17 15:00:00,57.07000000000001,60.99384882523723,58.37078624850861,58.234478,61.721397399902344
2024-11-17 16:00:00,21.26,27.36884948064435,21.754954716764324,21.716492,25.175689697265625
2024-11-17 17:00:00,1.024,-1.9086167703303705,1.0548579783064864,0.9349876,1.5040550231933594
2024-11-17 18:00:00,0.0,-4.83075583075442,1.1116151256018535e-05,-0.006146489,-0.4015960693359375
2024-11-17 19:00:00,0.0,5.103293432592097,1.1116151256018535e-05,0.021471757,-0.4763984680175781
2024-11-17 20:00:00,0.0,1.5276164420191218,1.1116151256018535e-05,0.008797364,-0.46417236328125
2024-11-17 21:00:00,0.0,-0.14839018277539662,1.1116151256018535e-05,0.008797364,-0.4631195068359375
2024-11-17 22:00:00,0.0,-0.6507354026173382,1.1116151256018535e-05,0.013463565,-0.4926795959472656
2024-11-17 23:00:00,0.0,-3.2439979177232354,1.1116151256018535e-05,0.013463565,-0.5119857788085938
2024-11-18 00:00:00,0.0,-0.983238772379075,1.1116151256018535e-05,0.013463565,-0.5262718200683594
2024-11-18 01:00:00,0.0,-3.597900726205684,1.1116151256018535e-05,0.010703421,-0.5103683471679688
2024-11-18 02:00:00,0.0,-5.257030816633526,1.1116151256018535e-05,-0.0027553674,-0.5080528259277344
2024-11-18 03:00:00,0.0,-5.411279166775441,1.1116151256018535e-05,0.0016875147,-0.5428733825683594
2024-11-18 04:00:00,0.0,-3.0578032044376187,1.1116151256018535e-05,0.0016875147,-0.30069732666015625
2024-11-18 05:00:00,0.0,2.2216900404796123,0.0,0.020300167,-0.24868011474609375
2024-11-18 06:00:00,0.0,12.26857581317491,0.20471131757619254,0.31789824,0.9311141967773438
2024-11-18 07:00:00,18.66,16.8619805301822,17.037159188665328,17.097397,19.46806526184082
2024-11-18 08:00:00,51.316,46.593419127484125,54.59063690478179,53.62842,51.10657501220703
2024-11-18 09:00:00,86.71600000000001,86.03674068423976,87.57347623062243,86.72832,85.36958312988281
2024-11-18 10:00:00,114.134,115.79631243157365,114.2329593266007,114.27364,115.50021362304688
2024-11-18 11:00:00,129.27,132.75343634892613,129.4599765582338,129.51382,129.0974884033203
2024-11-18 12:00:00,141.23,132.39794760154618,131.66373445857494,131.00047,132.13746643066406
2024-11-18 13:00:00,127.556,133.10606184384253,125.41569722048456,123.24306,118.82110595703125
2024-11-18 14:00:00,99.904,100.84799415649397,101.68076693956968,98.93569,96.6341323852539
2024-11-18 15:00:00,63.08,66.5806295418599,63.33850061091002,62.847054,61.83974838256836
2024-11-18 16:00:00,23.856,31.519047133209508,24.23405202869851,24.234993,24.093170166015625
2024-11-18 17:00:00,1.09,-1.4806448927099272,1.1767258064848556,0.94264454,1.1023406982421875
2024-11-18 18:00:00,0.0,-6.442352155215378,1.1116151256018535e-05,-0.0004953393,-0.4039306640625
2024-11-18 19:00:00,0.0,3.8379644201326997,1.1116151256018535e-05,-0.011949874,-0.5402145385742188
2024-11-18 20:00:00,0.0,1.0669518932049775,1.1116151256018535e-05,-0.006068595,-0.5206108093261719
2024-11-18 21:00:00,0.0,-0.23034401767269586,1.1116151256018535e-05,0.008797364,-0.4790153503417969
2024-11-18 22:00:00,0.0,-0.19463741207345642,1.1116151256018535e-05,0.013463565,-0.5005035400390625
2024-11-18 23:00:00,0.0,-1.6301018900790476,1.1116151256018535e-05,0.013463565,-0.51788330078125
2024-11-19 00:00:00,0.0,1.0403950377482047,1.1116151256018535e-05,0.013463565,-0.5409965515136719
2024-11-19 01:00:00,0.0,-2.841417872950612,1.1116151256018535e-05,0.013463565,-0.54241943359375
2024-11-19 02:00:00,0.0,-4.413543673722516,1.1116151256018535e-05,0.013463565,-0.5522003173828125
2024-11-19 03:00:00,0.0,-4.545805852011688,1.1116151256018535e-05,0.013463565,-0.6080589294433594
2024-11-19 04:00:00,0.0,-2.575310946091225,1.1116151256018535e-05,0.0048609134,-0.388885498046875
2024-11-19 05:00:00,0.0,2.8702204762023076,0.0,0.023473563,-0.352203369140625
2024-11-19 06:00:00,0.0,12.702785471042164,0.19001411079897726,0.3296743,0.6791534423828125
2024-11-19 07:00:00,20.840000000000003,16.95852968482723,17.150853007565956,17.559278,20.680103302001953
2024-11-19 08:00:00,57.74600000000001,49.18368426080164,58.272972507353785,58.391,55.31264114379883
2024-11-19 09:00:00,94.72,93.66126144061698,94.49245734018963,94.55083,92.20606231689453
2024-11-19 10:00:00,122.484,124.38320479468166,122.44646943629797,122.43794,123.1920166015625
2024-11-19 11:00:00,137.576,139.49843650108204,136.14501393730578,136.90602,139.8253936767578
2024-11-19 12:00:00,143.794,141.18495753516854,139.83809112939153,139.83534,142.90211486816406
2024-11-19 13:00:00,130.28,133.34016718204523,129.4989829852689,130.2032,129.2584991455078
2024-11-19 14:00:00,102.52,104.71888979129045,101.92209931556495,103.01621,100.898193359375
2024-11-19 15:00:00,65.22000000000001,68.39206704328751,66.0571889417287,65.84018,64.66847229003906
2024-11-19 16:00:00,24.86,32.24422441162655,24.847247943451404,24.544235,25.756746292114258
2024-11-19 17:00:00,1.09,-1.511242066215027,1.1315759289892073,1.2081431,1.3160285949707031
2024-11-19 18:00:00,0.0,-7.1997036032162995,1.1116151256018535e-05,-0.020848982,-0.4158782958984375
2024-11-19 19:00:00,0.0,4.108448599685774,1.1116151256018535e-05,0.0014825012,-0.5520401000976562
2024-11-19 20:00:00,0.0,2.9179626462005217,1.1116151256018535e-05,-0.006068595,-0.517181396484375
2024-11-19 21:00:00,0.0,1.1767642733023327,1.1116151256018535e-05,0.008797364,-0.46651458740234375
2024-11-19 22:00:00,0.0,1.258674807564348,1.1116151256018535e-05,0.008797364,-0.4927482604980469
2024-11-19 23:00:00,0.0,-0.5979732661890531,1.1116151256018535e-05,0.008797364,-0.515045166015625
2024-11-20 00:00:00,0.0,-0.31787380693641243,1.1116151256018535e-05,0.0048609134,-0.5367469787597656
2024-11-20 01:00:00,0.0,-4.366501563903184,1.1116151256018535e-05,0.0048609134,-0.5384292602539062
2024-11-20 02:00:00,0.0,-5.840940733487712,1.1116151256018535e-05,0.013463565,-0.5670928955078125
2024-11-20 03:00:00,0.0,-4.998906825883359,1.1116151256018535e-05,0.013463565,-0.6057968139648438
2024-11-20 04:00:00,0.0,-1.9084530346538884,1.1116151256018535e-05,0.013463565,-0.3474311828613281
2024-11-20 05:00:00,0.0,4.466963753891623,0.0,0.023473563,-0.24698638916015625
2024-11-20 06:00:00,0.0,13.009702305575939,0.140044351539718,0.31088072,0.15305328369140625
2024-11-20 07:00:00,20.106,16.20955199907648,17.334968316551166,17.918804,18.192005157470703
2024-11-20 08:00:00,56.67000000000001,47.30922531983143,57.53390659489587,56.69202,54.96700668334961
2024-11-20 09:00:00,93.504,91.44572221899608,93.74798648022772,93.0027,91.73966217041016
2024-11-20 10:00:00,121.3,122.94190623220231,121.04505969036853,121.2125,121.45658874511719
2024-11-20 11:00:00,136.34400000000002,139.37570480929855,136.04804988978466,137.7729,137.52171325683594
2024-11-20 12:00:00,143.41,140.960771861956,139.86605683805374,138.69559,140.6232452392578
2024-11-20 13:00:00,129.244,134.42458603734946,129.44638621230143,129.3103,125.19941711425781
2024-11-20 14:00:00,102.09,104.31880046654746,103.49345495358084,102.63241,97.66703796386719
2024-11-20 15:00:00,65.146,68.3995429260101,65.71252742711137,65.55883,62.99787139892578
2024-11-20 16:00:00,24.856,32.65272110485732,24.961203770069233,24.80873,24.84163475036621
2024-11-20 17:00:00,1.09,-0.40805055246800603,1.2109714472582873,1.2237719,1.2245597839355469
2024-11-20 18:00:00,0.0,-6.970580723708062,1.1116151256018535e-05,-0.020848982,-0.3904609680175781
2024-11-20 19:00:00,0.0,3.4293892942396713,1.1116151256018535e-05,0.2953297,-0.5093421936035156
2024-11-20 20:00:00,0.0,1.4032449136087546,1.1116151256018535e-05,-0.0052620373,-0.4922065734863281
2024-11-20 21:00:00,0.0,-0.6576728160545415,1.1116151256018535e-05,0.009603922,-0.4266815185546875
2024-11-20 22:00:00,0.0,0.057703865202898275,1.1116151256018535e-05,0.010456542,-0.45682525634765625
2024-11-20 23:00:00,0.0,-0.5562515792708096,1.1116151256018535e-05,0.01437711,-0.4819183349609375
2024-11-21 00:00:00,0.0,0.7575327748076573,1.1116151256018535e-05,0.007670634,-0.5080490112304688
2024-11-21 01:00:00,0.0,-3.343223774940297,1.1116151256018535e-05,0.007670634,-0.5023574829101562
2024-11-21 02:00:00,0.0,-5.875312023209714,1.1116151256018535e-05,0.0029276244,-0.5676651000976562
2024-11-21 03:00:00,0.0,-6.695825752581058,1.1116151256018535e-05,0.0029276244,-0.6747360229492188
2024-11-21 04:00:00,0.0,-4.324286754930222,1.1116151256018535e-05,0.0048609134,-0.34951019287109375
2024-11-21 05:00:00,0.0,2.658671868513741,0.0,0.023473563,-0.15840911865234375
2024-11-21 06:00:00,0.0,12.832187644603927,0.11087416107800584,0.31364086,0.5684890747070312
2024-11-21 07:00:00,20.540000000000003,16.980273254978965,18.06965035344075,17.94287,18.704469680786133
2024-11-21 08:00:00,58.23400000000001,48.22204478247516,58.25198091793081,57.742783,55.6033935546875
2024-11-21 09:00:00,95.434,94.6789873582656,95.53571556742976,94.90856,94.8702392578125
2024-11-21 10:00:00,123.21,125.22048392547708,123.98580665338667,122.91062,124.41342163085938
2024-11-21 11:00:00,138.384,140.39476238000043,135.97503747878102,137.94821,142.0163116455078
2024-11-21 12:00:00,138.434,141.15720828712037,141.61654919589628,139.42183,142.49034118652344
2024-11-21 13:00:00,120.424,126.63220890007366,126.71869804735734,125.3618,125.88247680664062
2024-11-21 14:00:00,99.39600000000002,96.19354702628132,93.7405447368996,94.4146,92.70155334472656
2024-11-21 15:00:00,63.04600000000001,69.4470403700723,62.722072954786974,62.81172,57.83675003051758
2024-11-21 16:00:00,23.476,31.505404492947083,24.64032172757191,25.055784,22.375530242919922
2024-11-21 17:00:00,1.036,-0.2415017531736443,1.1501378250716137,1.1496229,0.9658088684082031
2024-11-21 18:00:00,0.0,-4.351519709102389,1.1116151256018535e-05,-0.020848982,-0.40234375
2024-11-21 19:00:00,0.0,5.3601823710489205,1.1116151256018535e-05,0.030721538,-0.5026969909667969
2024-11-21 20:00:00,0.0,3.115823925388601,1.1116151256018535e-05,-0.0052620373,-0.4964179992675781
2024-11-21 21:00:00,0.0,-0.6332434144755745,1.1116151256018535e-05,0.009603922,-0.4402923583984375
2024-11-21 22:00:00,0.0,-1.1426562296054485,1.1116151256018535e-05,0.01027877,-0.46471405029296875
2024-11-21 23:00:00,0.0,-2.3927734017967763,1.1116151256018535e-05,0.009603922,-0.4797210693359375
2024-11-22 00:00:00,0.0,-1.5511569830701406,1.1116151256018535e-05,0.009603922,-0.48807525634765625
2024-11-22 01:00:00,0.0,-4.832813854643756,1.1116151256018535e-05,0.0048609134,-0.4881782531738281
2024-11-22 02:00:00,0.0,-5.819034623904667,1.1116151256018535e-05,0.0048609134,-0.53424072265625
2024-11-22 03:00:00,0.0,-6.843036834429116,1.1116151256018535e-05,0.0048609134,-0.614654541015625
2024-11-22 04:00:00,0.0,-3.762727378693506,1.1116151256018535e-05,0.0048609134,-0.3486595153808594
2024-11-22 05:00:00,0.0,3.637614583299028,0.0,0.023473563,-0.1915130615234375
2024-11-22 06:00:00,0.0,13.091062768767666,0.12258916107800584,0.31559446,0.5577583312988281
2024-11-22 07:00:00,18.414,16.84083640024704,17.688067792876442,17.850481,18.725608825683594
2024-11-22 08:00:00,54.25,44.881071850398875,55.669063877449226,55.506554,55.55340576171875
2024-11-22 09:00:00,90.89600000000002,89.66029185765439,90.80479758802865,90.5763,90.41437530517578
2024-11-22 10:00:00,118.606,120.32968229745228,118.47503779327711,118.49954,119.26356506347656
2024-11-22 11:00:00,134.23,136.61054287204638,135.0563705008429,133.85202,137.56988525390625
2024-11-22 12:00:00,134.88,137.72407028225481,137.4758481780449,137.42906,138.6337127685547
2024-11-22 13:00:00,121.94,124.19869382393452,123.49091813168546,122.70988,122.49517822265625
2024-11-22 14:00:00,94.996,98.77015515076218,96.69990198272711,98.291245,87.90727233886719
2024-11-22 15:00:00,59.154,63.387659174996436,60.913562772476354,60.915276,56.61628341674805
2024-11-22 16:00:00,21.69,28.95189674896086,22.599985908841035,22.760094,21.03661346435547
2024-11-22 17:00:00,0.96,0.3542928754497474,1.024990268650975,1.0290377,0.7237586975097656
2024-11-22 18:00:00,0.0,-3.716515882806613,1.1116151256018535e-05,-0.014340821,-0.3908348083496094
2024-11-22 19:00:00,0.0,4.714613099101888,1.1116151256018535e-05,0.011881892,-0.4990959167480469
2024-11-22 20:00:00,0.0,2.147158218989955,1.1116151256018535e-05,-0.002172128,-0.5085220336914062
2024-11-22 21:00:00,0.0,0.10548322749467132,1.1116151256018535e-05,0.0068437792,-0.4858512878417969
2024-11-22 22:00:00,0.0,-0.29896283721147787,1.1116151256018535e-05,0.008797364,-0.49935150146484375
2024-11-22 23:00:00,0.0,-1.9337066864084687,1.1116151256018535e-05,0.008797364,-0.493133544921875
2024-11-23 00:00:00,0.0,-1.8976912540251174,1.1116151256018535e-05,0.0048609134,-0.4999275207519531
2024-11-23 01:00:00,0.0,-5.5171009555513315,1.1116151256018535e-05,0.0048609134,-0.49871826171875
2024-11-23 02:00:00,0.0,-7.308691186563221,1.1116151256018535e-05,0.0048609134,-0.5454978942871094
2024-11-23 03:00:00,0.0,-6.458137879682187,1.1116151256018535e-05,0.0048609134,-0.6218147277832031
2024-11-23 04:00:00,0.0,-3.1299971175576218,1.1116151256018535e-05,0.013463565,-0.3780403137207031
2024-11-23 05:00:00,0.0,3.9779613349220604,0.0,-0.010157323,-0.2525215148925781
2024-11-23 06:00:00,0.0,13.250392942440474,0.13821178011114657,0.30105808,0.19492340087890625
2024-11-23 07:00:00,17.776,16.48978089382229,17.690542220013057,16.91302,17.574398040771484
2024-11-23 08:00:00,53.404,43.25706720507856,53.704878526627745,52.761337,52.79238510131836
2024-11-23 09:00:00,89.676,88.46668641452746,90.33220591919746,89.19925,87.87400817871094
2024-11-23 10:00:00,117.3,119.07292885553304,117.96858119512167,116.61378,118.25759887695312
2024-11-23 11:00:00,132.67000000000002,134.82613984516593,133.81700651874485,132.73132,135.78750610351562
2024-11-23 12:00:00,134.3,136.36623335133234,138.2578647631094,137.47202,138.5196990966797
2024-11-23 13:00:00,121.124,123.46194312509965,122.24883859876232,121.10061,123.77180480957031
2024-11-23 14:00:00,95.076,97.56779744312692,95.89052451792121,94.494354,92.45801544189453
2024-11-23 15:00:00,59.616,63.372874810114304,60.703183127956315,60.75548,58.80149841308594
2024-11-23 16:00:00,22.16,28.851589842195924,22.67856407811989,23.16936,22.685745239257812
2024-11-23 17:00:00,0.956,-0.5240020894672202,1.0735334518564428,0.8279534,1.0193901062011719
2024-11-23 18:00:00,0.0,-5.0773894673689615,1.1116151256018535e-05,-0.015325768,-0.3457832336425781
2024-11-23 19:00:00,0.0,3.495571631159236,1.1116151256018535e-05,0.011881892,-0.4670677185058594
2024-11-23 20:00:00,0.0,1.7345504849376705,1.1116151256018535e-05,-0.002172128,-0.48931884765625
2024-11-23 21:00:00,0.0,-0.20514893409655666,1.1116151256018535e-05,0.009603922,-0.4712333679199219
2024-11-23 22:00:00,0.0,-0.22364336934500662,1.1116151256018535e-05,0.013463565,-0.49729156494140625
2024-11-23 23:00:00,0.0,-1.587407913641162,1.1116151256018535e-05,0.013463565,-0.5028266906738281
2024-11-24 00:00:00,0.0,-1.2181662292678168,1.1116151256018535e-05,0.009603922,-0.5072021484375
2024-11-24 01:00:00,0.0,-4.802140117131833,1.1116151256018535e-05,0.009603922,-0.49886322021484375
2024-11-24 02:00:00,0.0,-6.683473302867517,1.1116151256018535e-05,0.009603922,-0.5630989074707031
2024-11-24 03:00:00,0.0,-6.478655234381982,1.1116151256018535e-05,0.009603922,-0.6548957824707031
2024-11-24 04:00:00,0.0,-3.5712364685099534,1.1116151256018535e-05,0.0029276244,-0.3430290222167969
2024-11-24 05:00:00,0.0,3.314223811473731,0.0,-0.020693263,-0.1185455322265625
2024-11-24 06:00:00,0.0,12.441945883457647,0.13421749441133918,0.26243925,0.388336181640625
2024-11-24 07:00:00,16.364,15.966259575531566,17.459742824546275,16.521795,16.868925094604492
2024-11-24 08:00:00,50.586000000000006,40.85225388355792,51.22629784256505,51.8538,52.783668518066406
2024-11-24 09:00:00,85.724,84.71487841177859,86.76252190093543,87.01065,87.84658813476562
2024-11-24 10:00:00,113.89,115.49215656874222,113.94504484651408,113.57227,116.36341857910156
2024-11-24 11:00:00,128.994,132.50433566851842,129.3897624760922,129.24716,133.60353088378906
2024-11-24 12:00:00,131.69000000000003,133.8806738670559,134.93202438247113,134.27089,136.29669189453125
2024-11-24 13:00:00,118.734,123.17634027915489,118.15899670221192,119.44068,122.26205444335938
2024-11-24 14:00:00,92.224,96.55049988406839,92.54120426498017,91.41597,92.44525909423828
2024-11-24 15:00:00,57.470000000000006,61.087438285701054,58.24818867033113,58.250755,58.882118225097656
2024-11-24 16:00:00,21.206000000000003,28.090626055552647,22.008304921745516,21.674547,23.713722229003906
2024-11-24 17:00:00,0.91,0.5347443208610615,1.0435226757513842,0.908853,1.4251937866210938
2024-11-24 18:00:00,0.0,-4.16589755273837,1.1116151256018535e-05,-0.004819685,-0.35581207275390625
2024-11-24 19:00:00,0.0,4.206354178244368,1.1116151256018535e-05,0.008992408,-0.4588127136230469
2024-11-24 20:00:00,0.0,3.370233651812197,1.1116151256018535e-05,0.008797364,-0.46021270751953125
2024-11-24 21:00:00,0.0,0.9608713052601519,1.1116151256018535e-05,0.008797364,-0.4190483093261719
2024-11-24 22:00:00,0.0,0.5397894449742816,1.1116151256018535e-05,0.008797364,-0.4398345947265625
2024-11-24 23:00:00,0.0,-1.3241698004350506,1.1116151256018535e-05,0.008797364,-0.460693359375
2024-11-25 00:00:00,0.0,-2.382790718264933,1.1116151256018535e-05,0.0048609134,-0.4727592468261719
2024-11-25 01:00:00,0.0,-6.195585937276848,1.1116151256018535e-05,0.0048609134,-0.4657859802246094
2024-11-25 02:00:00,0.0,-7.440604579598926,1.1116151256018535e-05,0.013463565,-0.4490814208984375
2024-11-25 03:00:00,0.0,-6.463886004318097,1.1116151256018535e-05,0.013463565,-0.42575836181640625
2024-11-25 04:00:00,0.0,-3.3090933780765788,1.1116151256018535e-05,0.013463565,-0.15758514404296875
2024-11-25 05:00:00,0.0,3.507113115498162,0.0,-0.010157323,-0.05535125732421875
2024-11-25 06:00:00,0.0,11.629655878326389,0.15502734344463304,0.22657788,0.6299667358398438
2024-11-25 07:00:00,14.480000000000002,15.121824411232428,16.102600821730015,16.208578,18.151363372802734
2024-11-25 08:00:00,45.386,38.654710549389996,45.99000683110524,46.406487,51.25537109375
2024-11-25 09:00:00,79.25,77.62433087245702,79.57919094254318,79.7041,79.08970642089844
2024-11-25 10:00:00,106.084,107.9179092694728,106.57976217917862,106.22135,108.68870544433594
2024-11-25 11:00:00,121.38,124.74526632993411,122.64703247923985,123.786705,125.6363525390625
2024-11-25 12:00:00,131.15,128.02376895256836,126.8428889815287,125.7775,128.88206481933594
2024-11-25 13:00:00,118.06,125.68354904664099,117.40773975783947,116.253845,117.83984375
2024-11-25 14:00:00,92.346,96.00797714519061,92.2681734836236,93.36704,92.97618103027344
2024-11-25 15:00:00,57.42400000000001,61.494916238002915,58.02886886517479,57.91446,59.1096076965332
2024-11-25 16:00:00,20.986000000000004,27.452933394705767,21.71967295921816,21.709206,23.549217224121094
2024-11-25 17:00:00,0.886,-1.5525280891961,1.0269382020751643,0.95116585,1.1647911071777344
2024-11-25 18:00:00,0.0,-6.473155004004516,1.1116151256018535e-05,-0.002003857,-0.33544921875
2024-11-25 19:00:00,0.0,1.7713767000674083,1.1116151256018535e-05,0.007343275,-0.4295806884765625
2024-11-25 20:00:00,0.0,0.035860610495509926,1.1116151256018535e-05,0.008797364,-0.4312477111816406
2024-11-25 21:00:00,0.0,-1.482281333347959,1.1116151256018535e-05,0.0060372218,-0.4077301025390625
2024-11-25 22:00:00,0.0,-0.6933358253702493,1.1116151256018535e-05,0.0068437792,-0.4453468322753906
2024-11-25 23:00:00,0.0,-0.9113620328325776,1.1116151256018535e-05,0.009603922,-0.48029327392578125
2024-11-26 00:00:00,0.0,0.2351170748372473,1.1116151256018535e-05,0.010456542,-0.5172805786132812
2024-11-26 01:00:00,0.0,-3.988852361285601,1.1116151256018535e-05,0.013463565,-0.5283203125
2024-11-26 02:00:00,0.0,-5.747104315597282,1.1116151256018535e-05,0.010456542,-0.54766845703125
2024-11-26 03:00:00,0.0,-6.766600291778939,1.1116151256018535e-05,0.009603922,-0.489227294921875
2024-11-26 04:00:00,0.0,-5.3410024423189775,1.1116151256018535e-05,0.02397647,-0.24176406860351562
2024-11-26 05:00:00,0.0,0.550412549020493,0.0,-0.01777687,0.061920166015625
2024-11-26 06:00:00,0.0,11.335286838276152,0.20868125561056464,0.25993586,0.24679946899414062
2024-11-26 07:00:00,13.656,16.461555745892156,14.431302390560363,16.185646,13.263191223144531
2024-11-26 08:00:00,44.330000000000005,38.105695958987894,47.98910139477179,46.0815,46.440757751464844
2024-11-26 09:00:00,78.44600000000001,77.09054579166948,78.24748579940012,78.720665,82.8946533203125
2024-11-26 10:00:00,105.894,107.34571786379973,105.61123151161722,104.375465,111.58734130859375
2024-11-26 11:00:00,121.706,123.50521813890853,121.8195618690349,122.8344,130.86358642578125
2024-11-26 12:00:00,130.89,125.33016197676923,127.87079002387125,124.31322,132.44143676757812
2024-11-26 13:00:00,117.76600000000002,123.39896916274282,117.3947398607346,117.02996,115.28239440917969
2024-11-26 14:00:00,91.92000000000002,95.95763568370705,91.79172844562977,93.63006,88.13304138183594
2024-11-26 15:00:00,56.94,61.3293863471358,58.036619639012095,58.124332,58.257266998291016
2024-11-26 16:00:00,20.576,26.43889585598211,21.387096555493873,21.709524,22.968334197998047
2024-11-26 17:00:00,0.86,-1.7527147937496053,1.0089479410980966,0.9768508,1.21868896484375
2024-11-26 18:00:00,0.0,-3.2084196094280513,1.1116151256018535e-05,-0.01542904,-0.4140052795410156
2024-11-26 19:00:00,0.0,4.641122656705544,1.1116151256018535e-05,-0.0027836382,-0.5262031555175781
2024-11-26 20:00:00,0.0,3.0655188352965905,1.1116151256018535e-05,-0.002978686,-0.5336418151855469
2024-11-26 21:00:00,0.0,0.8409032635127318,1.1116151256018535e-05,-0.002172128,-0.5307121276855469
2024-11-26 22:00:00,0.0,0.6980408705564138,1.1116151256018535e-05,-0.002172128,-0.5581779479980469
2024-11-26 23:00:00,0.0,-0.269622737487901,1.1116151256018535e-05,0.009603922,-0.5643043518066406
2024-11-27 00:00:00,0.0,1.092804286802004,1.1116151256018535e-05,0.009603922,-0.5835762023925781
2024-11-27 01:00:00,0.0,-4.118016650201576,1.1116151256018535e-05,0.009603922,-0.5715141296386719
2024-11-27 02:00:00,0.0,-7.322633012256627,1.1116151256018535e-05,0.009603922,-0.573822021484375
2024-11-27 03:00:00,0.0,-8.51237522129428,1.1116151256018535e-05,0.013463565,-0.5019149780273438
2024-11-27 04:00:00,0.0,-6.1914954697729305,1.1116151256018535e-05,0.013463565,-0.24393463134765625
2024-11-27 05:00:00,0.0,0.774566954904481,0.0,-0.008367819,0.0338287353515625
2024-11-27 06:00:00,0.0,11.810117674421567,0.32296130881141605,0.6566729,0.35816192626953125
2024-11-27 07:00:00,13.89,16.814700167647644,14.927781532283722,16.208473,16.926843643188477
2024-11-27 08:00:00,45.96000000000001,38.56167516179505,47.352806053161,46.76549,51.501197814941406
2024-11-27 09:00:00,80.876,78.3711816744146,80.85894407891837,80.401535,82.34320068359375
2024-11-27 10:00:00,108.756,109.84263577942559,109.14051401815831,110.67803,113.32334899902344
2024-11-27 11:00:00,124.81,127.32518087119993,125.07366670626541,124.53752,131.0270538330078
2024-11-27 12:00:00,133.4,130.8293567021125,128.90394939862566,129.20909,134.6804962158203
2024-11-27 13:00:00,120.75,125.70422258896406,120.27712446201022,121.64174,123.14283752441406
2024-11-27 14:00:00,92.384,98.37265108619124,95.05310076589875,95.555504,99.30891418457031
2024-11-27 15:00:00,59.46000000000001,60.990844947807524,58.40547421312586,59.116302,64.33916473388672
2024-11-27 16:00:00,21.75,30.8773199113,22.714232717439437,22.773468,28.228031158447266
2024-11-27 17:00:00,0.894,-1.2663726528026378,1.0475854672686402,0.89282537,2.5680923461914062
2024-11-27 18:00:00,0.0,-4.603302153062004,1.1116151256018535e-05,-0.007416452,-0.3277435302734375
2024-11-27 19:00:00,0.0,3.7471013264303137,1.1116151256018535e-05,0.021471757,-0.4132232666015625
2024-11-27 20:00:00,0.0,2.3966109312691564,1.1116151256018535e-05,0.008797364,-0.4171104431152344
2024-11-27 21:00:00,0.0,0.5414638482453192,1.1116151256018535e-05,0.013463565,-0.40651702880859375
2024-11-27 22:00:00,0.0,0.8305025804461089,1.1116151256018535e-05,0.013463565,-0.4407157897949219
2024-11-27 23:00:00,0.0,-0.20622091605771642,1.1116151256018535e-05,0.008797364,-0.4716529846191406
2024-11-28 00:00:00,0.0,0.9504883325031988,1.1116151256018535e-05,0.0048609134,-0.4927635192871094
2024-11-28 01:00:00,0.0,-3.5649653103985486,1.1116151256018535e-05,0.0048609134,-0.4890556335449219
2024-11-28 02:00:00,0.0,-6.216220443782401,1.1116151256018535e-05,0.0048609134,-0.4621543884277344
2024-11-28 03:00:00,0.0,-6.52368469087828,1.1116151256018535e-05,0.013463565,-0.5103645324707031
2024-11-28 04:00:00,0.0,-5.056444680169758,1.1116151256018535e-05,0.013463565,-0.31845855712890625
2024-11-28 05:00:00,0.0,1.490102462592625,0.0,-0.010157323,-0.2018280029296875
2024-11-28 06:00:00,0.0,11.574408595712132,0.36065401996575813,0.44074053,0.4510917663574219
2024-11-28 07:00:00,14.214,15.86904594807835,15.137829396681877,16.14759,17.18038558959961
2024-11-28 08:00:00,48.154,39.283359485808205,47.221988448246165,47.515553,50.3036994934082
2024-11-28 09:00:00,83.554,83.06094241355473,83.78830703787757,83.741875,79.06877136230469
2024-11-28 10:00:00,111.3,113.3472295885326,110.9726195339004,111.58473,114.00296020507812
2024-11-28 11:00:00,127.33,130.44861133075008,128.2164262138404,126.17055,130.10916137695312
2024-11-28 12:00:00,137.616,132.79304630987446,130.5696084686292,131.2258,135.803466796875
2024-11-28 13:00:00,125.556,130.539013521893,125.11534207287022,124.900604,124.37315368652344
2024-11-28 14:00:00,99.14600000000002,100.75108924138874,99.8888219200678,99.531715,98.53695678710938
2024-11-28 15:00:00,63.16,65.42607185685338,62.58825424924203,62.602028,64.56785583496094
2024-11-28 16:00:00,23.82,31.080405693693887,24.2823297503592,24.328722,26.702552795410156
2024-11-28 17:00:00,0.94,-1.0650448365896779,1.1738493829177956,0.9527495,1.6849250793457031
2024-11-28 18:00:00,0.0,-6.600496338326176,1.1116151256018535e-05,-0.02165554,-0.4162406921386719
2024-11-28 19:00:00,0.0,3.7467785681146637,1.1116151256018535e-05,-0.014843771,-0.5084648132324219
2024-11-28 20:00:00,0.0,2.5152422801513095,1.1116151256018535e-05,-0.006068595,-0.4808387756347656
2024-11-28 21:00:00,0.0,-0.14057851152614464,1.1116151256018535e-05,0.008797364,-0.4568328857421875
2024-11-28 22:00:00,0.0,-0.21191477187610297,1.1116151256018535e-05,0.008797364,-0.4862632751464844
2024-11-28 23:00:00,0.0,-1.4878726002874854,1.1116151256018535e-05,0.008797364,-0.507904052734375
2024-11-29 00:00:00,0.0,-0.4197674486103171,1.1116151256018535e-05,0.0048609134,-0.5249214172363281
2024-11-29 01:00:00,0.0,-3.5786675024695187,1.1116151256018535e-05,0.009020683,-0.5255699157714844
2024-11-29 02:00:00,0.0,-4.617369542113082,1.1116151256018535e-05,0.013463565,-0.5669326782226562
2024-11-29 03:00:00,0.0,-4.303684207392161,1.1116151256018535e-05,0.013463565,-0.6100082397460938
2024-11-29 04:00:00,0.0,-2.317380888987896,1.1116151256018535e-05,0.010703421,-0.3313636779785156
2024-11-29 05:00:00,0.0,3.3729496622101496,0.0,-0.021933371,-0.10958480834960938
2024-11-29 06:00:00,0.0,11.840202361223966,0.15425580608517256,0.25926584,-0.04974365234375
2024-11-29 07:00:00,15.624000000000002,15.806668799461747,15.819157680352111,16.109869,13.603782653808594
2024-11-29 08:00:00,52.17000000000001,41.23424611788472,50.00525956882124,49.566776,47.16767883300781
2024-11-29 09:00:00,88.4,88.19994906965152,88.82850609866611,88.29144,81.9079360961914
2024-11-29 10:00:00,115.934,119.00875303101523,116.9229584371659,115.78883,114.03358459472656
2024-11-29 11:00:00,131.406,136.258951803724,133.04297367218794,133.61566,131.0827178955078
2024-11-29 12:00:00,137.5,136.4959004169197,134.2520690241023,135.80167,137.1341552734375
2024-11-29 13:00:00,124.93,129.04593675427432,124.91630317913385,125.27675,124.81385803222656
2024-11-29 14:00:00,98.34,100.19902583020792,98.70605998711204,98.1769,99.72352600097656
2024-11-29 15:00:00,62.46000000000001,65.56958895639735,62.50129733524347,62.664444,65.92810821533203
2024-11-29 16:00:00,23.494,30.825872099073166,24.061426024436063,24.360786,28.183025360107422
2024-11-29 17:00:00,0.924,-0.7536340861752944,1.1467083454894433,1.1603073,2.189849853515625
2024-11-29 18:00:00,0.0,-7.761282142909952,1.1116151256018535e-05,-0.026234193,-0.4743690490722656
2024-11-29 19:00:00,0.0,2.337097583616961,1.1116151256018535e-05,-0.0024395138,-0.5521583557128906
2024-11-29 20:00:00,0.0,1.405118789477092,1.1116151256018535e-05,-0.006068595,-0.5087966918945312
2024-11-29 21:00:00,0.0,0.06335389372694689,1.1116151256018535e-05,0.008797364,-0.4925498962402344
2024-11-29 22:00:00,0.0,-0.03539322387274502,1.1116151256018535e-05,0.008797364,-0.5168266296386719
2024-11-29 23:00:00,0.0,-1.505589102771784,1.1116151256018535e-05,0.008797364,-0.5357894897460938
2024-11-30 00:00:00,0.0,-1.3941382927989396,1.1116151256018535e-05,0.013463565,-0.5521888732910156
2024-11-30 01:00:00,0.0,-4.022509599870047,1.1116151256018535e-05,0.013463565,-0.5534782409667969
2024-11-30 02:00:00,0.0,-5.081044698172965,1.1116151256018535e-05,0.0048609134,-0.5526161193847656
2024-11-30 03:00:00,0.0,-4.998145300023576,1.1116151256018535e-05,0.0021007697,-0.5844345092773438
2024-11-30 04:00:00,0.0,-3.107798964030583,1.1116151256018535e-05,-0.006915137,-0.3376617431640625
2024-11-30 05:00:00,0.0,2.661431804536166,0.0,-0.030536024,-0.21951675415039062
2024-11-30 06:00:00,0.0,11.432498783818088,0.17384033363711474,0.2506632,0.04424285888671875
2024-11-30 07:00:00,15.244,15.737860244795435,15.2335424925163,16.24917,15.479135513305664
2024-11-30 08:00:00,51.816,40.44871003344845,48.927908859693716,49.60249,49.260982513427734
2024-11-30 09:00:00,87.846,87.50229530297682,88.53071935412434,88.04931,81.50039672851562
2024-11-30 10:00:00,115.284,118.8264685466765,115.99507556749599,116.14505,116.40419006347656
2024-11-30 11:00:00,130.556,135.8318621881877,131.58595912204407,130.28334,133.744140625
2024-11-30 12:00:00,130.72400000000002,135.25926731056376,137.1814408434663,134.55182,137.1500701904297
2024-11-30 13:00:00,118.144,119.35953098368591,118.25147998541128,117.93822,123.28176879882812
2024-11-30 14:00:00,93.08,95.0366904699807,91.5045510467787,92.69592,92.35333251953125
2024-11-30 15:00:00,58.534000000000006,61.817328856999005,59.00423081996633,58.764416,58.726959228515625
2024-11-30 16:00:00,21.630000000000003,28.328442824919296,22.197613672729734,21.756617,22.630876541137695
2024-11-30 17:00:00,0.8800000000000001,-1.528473735838027,1.059393457593797,1.1417953,1.0332221984863281
2024-11-30 18:00:00,0.0,-5.592097409449132,1.1116151256018535e-05,-0.020068778,-0.3270072937011719
2024-11-30 19:00:00,0.0,3.432791713139265,1.1116151256018535e-05,-0.0027836382,-0.4147453308105469
2024-11-30 20:00:00,0.0,1.4311869032891003,1.1116151256018535e-05,-0.002978686,-0.4406852722167969
2024-11-30 21:00:00,0.0,-0.5445935387494509,1.1116151256018535e-05,0.0016875147,-0.42948150634765625
2024-11-30 22:00:00,0.0,-0.859104114761438,1.1116151256018535e-05,0.0016875147,-0.4534263610839844
2024-11-30 23:00:00,0.0,-2.664566889507012,1.1116151256018535e-05,0.013463565,-0.46819305419921875
2024-12-01 00:00:00,0.0,-0.6361931348812004,1.1116151256018535e-05,0.013463565,-0.4945487976074219
2024-12-01 01:00:00,0.0,-2.817473774767503,1.1116151256018535e-05,0.018047178,-0.504241943359375
2024-12-01 02:00:00,0.0,-4.4729605722427825,1.1116151256018535e-05,0.018047178,-0.5382080078125
2024-12-01 03:00:00,0.0,-4.9082332035887415,1.1116151256018535e-05,0.018047178,-0.5842552185058594
2024-12-01 04:00:00,0.0,-3.141522438087166,1.1116151256018535e-05,0.018047178,-0.3739356994628906
2024-12-01 05:00:00,0.0,2.004876953107588,0.0,-0.024990369,-0.3314666748046875
2024-12-01 06:00:00,0.0,11.249539492119181,0.17366772403953226,0.2527626,-0.3791542053222656
2024-12-01 07:00:00,13.636000000000005,15.082987663294565,13.858331057848654,15.041277,13.17862319946289
2024-12-01 08:00:00,48.076,36.80441757141105,47.26581303501536,45.91589,45.566734313964844
2024-12-01 09:00:00,82.506,82.05722070808372,83.7973248252764,83.58626,80.12037658691406
2024-12-01 10:00:00,108.948,111.61682457200385,110.0973339479726,110.24992,111.21661376953125
2024-12-01 11:00:00,125.71,126.62582006782603,125.61504524342952,125.28177,128.14846801757812
2024-12-01 12:00:00,128.624,130.8139197193961,127.51163601336538,127.58452,130.47821044921875
2024-12-01 13:00:00,115.97,118.77208287500503,115.9106007082617,116.78703,120.46501159667969
2024-12-01 14:00:00,90.904,94.30857539339112,91.51581269453754,91.7157,93.75337219238281
2024-12-01 15:00:00,56.84,61.47470978409024,57.570285553543364,56.724102,59.96283721923828
2024-12-01 16:00:00,20.744,27.79607238262553,21.54203831328663,21.771719,24.860660552978516
2024-12-01 17:00:00,0.8640000000000001,-2.4193558546299267,1.0349366075407558,0.9824856,1.4179725646972656
2024-12-01 18:00:00,0.0,-5.59904097393838,1.1116151256018535e-05,0.026309162,-0.4493522644042969
2024-12-01 19:00:00,0.0,3.5297027550158617,1.1116151256018535e-05,-0.0031341207,-0.521484375
2024-12-01 20:00:00,0.0,2.1103407870737616,1.1116151256018535e-05,0.013380973,-0.5403594970703125
2024-12-01 21:00:00,0.0,-0.09718812949375444,1.1116151256018535e-05,0.013380973,-0.5193367004394531
2024-12-01 22:00:00,0.0,-0.14984133176175973,1.1116151256018535e-05,0.018047178,-0.5234794616699219
2024-12-01 23:00:00,0.0,-1.5274014891575232,1.1116151256018535e-05,0.018047178,-0.5306777954101562
2024-12-02 00:00:00,0.0,-0.09145801178224588,1.1116151256018535e-05,0.009444521,-0.5414695739746094
2024-12-02 01:00:00,0.0,-3.060593764198976,1.1116151256018535e-05,0.009444521,-0.5418624877929688
2024-12-02 02:00:00,0.0,-4.786236218470247,1.1116151256018535e-05,0.009444521,-0.48006439208984375
2024-12-02 03:00:00,0.0,-5.124704962019237,1.1116151256018535e-05,0.009444521,-0.48735809326171875
2024-12-02 04:00:00,0.0,-3.20172401428776,1.1116151256018535e-05,0.018047178,-0.2962379455566406
2024-12-02 05:00:00,0.0,2.186050980927095,0.0,-0.007528764,-0.267791748046875
2024-12-02 06:00:00,0.0,11.304553437263941,0.17122737483318304,0.2527626,0.0560455322265625
2024-12-02 07:00:00,13.04,15.240147901980603,13.60903539477556,15.114233,16.344736099243164
2024-12-02 08:00:00,47.2,36.15938250374923,47.448813181214376,47.081398,48.48889923095703
2024-12-02 09:00:00,82.38400000000001,81.14816790086894,82.81686885681151,82.644264,79.51564025878906
2024-12-02 10:00:00,109.9,111.94156892064893,110.17171736521941,110.35004,112.64517211914062
2024-12-02 11:00:00,125.44,129.27598997333678,126.10839294525165,127.052605,129.61068725585938
2024-12-02 12:00:00,130.216,131.00813051914358,128.98240167598212,128.18506,133.34078979492188
2024-12-02 13:00:00,117.88,121.73510312946567,117.15584337014756,115.65494,119.819091796875
2024-12-02 14:00:00,92.946,95.14955555299736,92.881134176741,92.93491,96.47793579101562
2024-12-02 15:00:00,58.74,62.13211046078298,58.55081034120266,58.667645,62.392425537109375
2024-12-02 16:00:00,21.856,28.896720527409514,22.346148554773553,22.842188,27.022354125976562
2024-12-02 17:00:00,0.876,-1.303482194880078,1.1419734608871648,0.9314471,1.8717308044433594
2024-12-02 18:00:00,0.0,-6.15189710439378,1.1116151256018535e-05,-0.002422263,-0.3947944641113281
2024-12-02 19:00:00,0.0,3.4182789965529174,1.1116151256018535e-05,0.013576018,-0.5144729614257812
2024-12-02 20:00:00,0.0,2.2089766853619013,1.1116151256018535e-05,0.013380973,-0.5279769897460938
2024-12-02 21:00:00,0.0,0.2791906667032855,1.1116151256018535e-05,0.013380973,-0.5106849670410156
2024-12-02 22:00:00,0.0,0.3540303941321179,1.1116151256018535e-05,0.013380973,-0.5282478332519531
2024-12-02 23:00:00,0.0,-1.926840426689962,1.1116151256018535e-05,0.013380973,-0.53118896484375
2024-12-03 00:00:00,0.0,-1.7092878174351034,1.1116151256018535e-05,0.009444521,-0.5316314697265625
2024-12-03 01:00:00,0.0,-4.794770396647758,1.1116151256018535e-05,0.018047178,-0.5270195007324219
2024-12-03 02:00:00,0.0,-6.085596746915753,1.1116151256018535e-05,0.016667547,-0.439239501953125
2024-12-03 03:00:00,0.0,-5.77492706462121,1.1116151256018535e-05,0.016667547,-0.4890098571777344
2024-12-03 04:00:00,0.0,-3.0085635341156856,1.1116151256018535e-05,0.00042861537,-0.3420867919921875
2024-12-03 05:00:00,0.0,2.813204025458825,0.0,-0.022600023,-0.09775161743164062
2024-12-03 06:00:00,0.0,11.445180650011492,0.14180155568936398,0.23590176,-0.15319442749023438
2024-12-03 07:00:00,12.616,15.387709383610327,12.94837161255778,15.043669,14.014434814453125
2024-12-03 08:00:00,46.64,36.35853518573801,46.36442968246996,46.004086,45.66345977783203
2024-12-03 09:00:00,81.99600000000001,81.33644347327584,82.33604556182759,82.48607,78.44202423095703
2024-12-03 10:00:00,109.51600000000002,112.9798315814954,109.87260009222017,110.92468,110.7559814453125
2024-12-03 11:00:00,125.224,130.2228404612343,126.09669872964948,126.88549,128.72457885742188
2024-12-03 12:00:00,130.066,130.30930852791124,127.67703800912415,126.51819,130.1134796142578
2024-12-03 13:00:00,118.124,122.11514319890125,116.73175365112677,118.32655,116.85148620605469
2024-12-03 14:00:00,93.484,95.98974583900451,91.71209550398828,93.05305,92.81245422363281
2024-12-03 15:00:00,59.19,64.19515174585456,58.876602923973444,59.43345,60.65825271606445
2024-12-03 16:00:00,22.06,29.876199298582048,22.245244354929966,23.322554,25.698780059814453
2024-12-03 17:00:00,0.894,-1.1185443073957666,1.0750430770224064,0.9472853,1.6156539916992188
2024-12-03 18:00:00,0.0,-6.535671734387782,1.1116151256018535e-05,-0.017815258,-0.31473541259765625
2024-12-03 19:00:00,0.0,3.676328610956853,1.1116151256018535e-05,-0.0124220345,-0.44879913330078125
2024-12-03 20:00:00,0.0,0.8417191299755581,1.1116151256018535e-05,0.0035200329,-0.43027496337890625
2024-12-03 21:00:00,0.0,0.11731399346890825,1.1116151256018535e-05,0.0043650675,-0.40106964111328125
2024-12-03 22:00:00,0.0,-0.26844303018032,1.1116151256018535e-05,0.0043650675,-0.45337677001953125
2024-12-03 23:00:00,0.0,-1.9936499065021573,1.1116151256018535e-05,0.026479803,-0.4980049133300781
2024-12-04 00:00:00,0.0,-1.129859820224857,1.1116151256018535e-05,0.017466566,-0.5276107788085938
2024-12-04 01:00:00,0.0,-4.164639629754959,1.1116151256018535e-05,0.020013863,-0.5482292175292969
2024-12-04 02:00:00,0.0,-5.733966715346358,1.1116151256018535e-05,0.010201608,-0.4035987854003906
2024-12-04 03:00:00,0.0,-5.851514700508555,1.1116151256018535e-05,0.010201608,-0.4968070983886719
2024-12-04 04:00:00,0.0,-3.272309943647562,1.1116151256018535e-05,0.010612191,-0.4151268005371094
2024-12-04 05:00:00,0.0,2.8194999358456263,0.0,-0.022600023,-0.3086204528808594
2024-12-04 06:00:00,0.0,12.30230583238423,0.22808659634925563,0.17049804,-0.15503311157226562
2024-12-04 07:00:00,12.26,16.40409847158612,12.603031238423956,15.070582,12.964736938476562
2024-12-04 08:00:00,46.036,36.621390424769075,43.10932322632227,44.13982,43.85087966918945
2024-12-04 09:00:00,81.15,80.36376182518961,81.66876625575149,81.55838,76.11531066894531
2024-12-04 10:00:00,108.8,111.474139860266,109.35627151138306,111.429955,110.27391052246094
2024-12-04 11:00:00,124.66,128.64935796351432,125.01599720365734,126.122475,128.2530975341797
2024-12-04 12:00:00,130.95000000000002,129.6730649482526,125.75889217720064,126.716,130.20729064941406
2024-12-04 13:00:00,118.906,123.52814233323912,117.442167030609,119.81533,115.70053100585938
2024-12-04 14:00:00,93.73,95.92878256844398,93.05826869099764,93.701385,94.36320495605469
2024-12-04 15:00:00,59.150000000000006,63.61569282658225,58.84245859292918,59.20861,62.347511291503906
2024-12-04 16:00:00,22.124,29.854501411599244,22.049084455047083,22.759144,26.531452178955078
2024-12-04 17:00:00,0.914,-1.1260741674993682,1.0364538108041257,0.9055302,1.7353858947753906
2024-12-04 18:00:00,0.0,-6.867461483329187,1.1116151256018535e-05,-0.014730653,-0.31932830810546875
2024-12-04 19:00:00,0.0,2.3973192145370046,1.1116151256018535e-05,0.013371093,-0.48699188232421875
2024-12-04 20:00:00,0.0,0.5827635489248683,1.1116151256018535e-05,0.01253594,-0.535369873046875
2024-12-04 21:00:00,0.0,1.1121302104313526,1.1116151256018535e-05,0.0043650675,-0.5254592895507812
2024-12-04 22:00:00,0.0,0.9461181822867496,1.1116151256018535e-05,0.00042861537,-0.555999755859375
2024-12-04 23:00:00,0.0,-0.48494924609065526,1.1116151256018535e-05,0.009444521,-0.56768798828125
2024-12-05 00:00:00,0.0,0.10409135854406082,1.1116151256018535e-05,0.009444521,-0.5765914916992188
2024-12-05 01:00:00,0.0,-3.4515736736224003,1.1116151256018535e-05,0.009444521,-0.586517333984375
2024-12-05 02:00:00,0.0,-5.275170742701504,1.1116151256018535e-05,0.014187531,-0.5288887023925781
2024-12-05 03:00:00,0.0,-5.369870408230806,1.1116151256018535e-05,0.014187531,-0.5589447021484375
2024-12-05 04:00:00,0.0,-3.432831417651289,1.1116151256018535e-05,0.014187531,-0.4553985595703125
2024-12-05 05:00:00,0.0,1.781632734531796,0.0,-0.018055014,-0.36997222900390625
2024-12-05 06:00:00,0.0,11.060227773756719,0.16561253837334663,0.29217032,-0.5203323364257812
2024-12-05 07:00:00,12.116,15.179143542050873,12.183620541610434,12.780349,14.833646774291992
2024-12-05 08:00:00,46.81,34.85283021157301,44.1279529230832,46.941864,50.03303527832031
2024-12-05 09:00:00,82.19600000000001,80.88841927380349,83.18345265692318,82.90452,80.77890014648438
2024-12-05 10:00:00,109.876,112.3074522069015,109.59932016446197,111.382195,116.52723693847656
2024-12-05 11:00:00,125.966,128.03405427164176,127.03807530141283,127.31112,134.61471557617188
2024-12-05 12:00:00,134.816,130.41189394511213,128.33042714453734,128.39955,137.67581176757812
2024-12-05 13:00:00,123.24,126.94669358543158,123.32298781214108,122.34664,124.61466979980469
2024-12-05 14:00:00,98.304,101.08615194447594,98.26067755084767,97.57053,99.656982421875
2024-12-05 15:00:00,63.28,66.90581539498217,63.407303495078324,63.383133,66.11531829833984
2024-12-05 16:00:00,24.24,30.775754063427637,25.146445170490395,25.254639,28.84072494506836
2024-12-05 17:00:00,0.986,-1.4981719785575485,1.1671465925740472,1.1134464,1.9740791320800781
2024-12-05 18:00:00,0.0,-6.576279508818892,1.1116151256018535e-05,-0.023642467,-0.4928398132324219
2024-12-05 19:00:00,0.0,5.002423139667151,1.1116151256018535e-05,0.033503205,-0.532440185546875
2024-12-05 20:00:00,0.0,2.8525131435854023,1.1116151256018535e-05,-0.014437343,-0.5231857299804688
2024-12-05 21:00:00,0.0,1.9580737440498601,1.1116151256018535e-05,0.00042861537,-0.5068702697753906
2024-12-05 22:00:00,0.0,1.2961923003314786,1.1116151256018535e-05,0.00042861537,-0.5221176147460938
2024-12-05 23:00:00,0.0,0.4758971993336708,1.1116151256018535e-05,0.00042861537,-0.5345611572265625
2024-12-06 00:00:00,0.0,2.1090871668736604,1.1116151256018535e-05,0.009444521,-0.5513534545898438
2024-12-06 01:00:00,0.0,-1.3987434589592946,1.1116151256018535e-05,0.018047178,-0.5680160522460938
2024-12-06 02:00:00,0.0,-3.2610706377872347,1.1116151256018535e-05,0.009444521,-0.5298423767089844
2024-12-06 03:00:00,0.0,-4.557276766073868,1.1116151256018535e-05,0.009444521,-0.5819435119628906
2024-12-06 04:00:00,0.0,-3.9540465065881865,1.1116151256018535e-05,0.018047178,-0.39253997802734375
2024-12-06 05:00:00,0.0,0.5884743264843444,0.0,0.03578926,-0.416473388671875
2024-12-06 06:00:00,0.0,9.804248195973383,0.13454867273553184,0.26815122,-0.675140380859375
2024-12-06 07:00:00,12.724,14.333515043071223,12.43578370261787,12.758183,13.656776428222656
2024-12-06 08:00:00,50.004000000000005,35.87805678207854,47.081489315168646,47.434765,49.519222259521484
2024-12-06 09:00:00,88.066,86.51853610777661,87.69223204335393,87.05454,84.92478942871094
2024-12-06 10:00:00,117.73,119.76985157583334,116.37330375970778,116.95823,115.91908264160156
2024-12-06 11:00:00,134.88,137.22125382415967,134.52621232599734,133.47408,134.27838134765625
2024-12-06 12:00:00,139.006,138.58597402035147,138.20672117006802,138.37466,138.9835662841797
2024-12-06 13:00:00,126.484,128.44828234574226,127.35964898561392,127.62403,125.98101806640625
2024-12-06 14:00:00,100.95,102.39101503801771,102.715482181984,101.72253,103.04016876220703
2024-12-06 15:00:00,65.166,66.73425102587328,65.8476241279753,65.90724,68.56375122070312
2024-12-06 16:00:00,25.186000000000003,31.630051491939746,25.440638092190046,24.725052,29.34686279296875
2024-12-06 17:00:00,1.014,0.06413837143606127,1.0898042364505187,1.1748645,1.9365921020507812
2024-12-06 18:00:00,0.0,-5.116816760515776,1.1116151256018535e-05,0.005708453,-0.3462181091308594
2024-12-06 19:00:00,0.0,2.9338474697830934,1.1116151256018535e-05,-0.018938998,-0.4694023132324219
2024-12-06 20:00:00,0.0,1.3077007421124904,1.1116151256018535e-05,-0.014437343,-0.49402618408203125
2024-12-06 21:00:00,0.0,0.08457931381634998,1.1116151256018535e-05,0.00042861537,-0.5116081237792969
2024-12-06 22:00:00,0.0,0.9278463476784897,1.1116151256018535e-05,0.00042861537,-0.5429229736328125
2024-12-06 23:00:00,0.0,0.6539097774239228,1.1116151256018535e-05,0.00042861537,-0.5570068359375
2024-12-07 00:00:00,0.0,2.814663988039528,1.1116151256018535e-05,0.009444521,-0.562652587890625
2024-12-07 01:00:00,0.0,-1.414775378292918,1.1116151256018535e-05,0.009444521,-0.5542488098144531
2024-12-07 02:00:00,0.0,-4.434373167094829,1.1116151256018535e-05,0.009444521,-0.6118698120117188
2024-12-07 03:00:00,0.0,-6.4690953685651245,1.1116151256018535e-05,0.009444521,-0.8773269653320312
2024-12-07 04:00:00,0.0,-6.247003882052089,1.1116151256018535e-05,0.009444521,-0.7607421875
2024-12-07 05:00:00,0.0,-0.5343657731145133,0.0,0.028057175,-0.4885520935058594
2024-12-07 06:00:00,0.0,11.297640308519085,0.14976573862571774,0.23689319,-0.5907249450683594
2024-12-07 07:00:00,13.93,16.940045201136712,11.68666856948293,10.780508,9.881210327148438
2024-12-07 08:00:00,53.35,41.28897678975954,49.46629543817337,50.856407,45.520565032958984
2024-12-07 09:00:00,91.704,91.3399163135011,90.75965187951493,90.438354,85.558837890625
2024-12-07 10:00:00,121.044,124.03489139512533,118.47905312449464,120.62329,117.26309204101562
2024-12-07 11:00:00,137.966,139.66763662994575,135.69299224471058,137.17177,137.26455688476562
2024-12-07 12:00:00,141.276,142.8240126282837,140.07724846645522,139.81859,140.01072692871094
2024-12-07 13:00:00,129.71,130.71704778283788,128.0382353259841,129.24223,127.81297302246094
2024-12-07 14:00:00,104.9,105.34885552231492,103.59032240395584,102.92297,102.45143127441406
2024-12-07 15:00:00,68.31,70.51300334193448,68.41277282931999,68.5586,67.33981323242188
2024-12-07 16:00:00,26.960000000000004,33.70052429048347,27.237879649479652,27.45643,29.47197151184082
2024-12-07 17:00:00,1.114,1.996036362239527,1.2208083618186607,1.4241406,2.1591949462890625
2024-12-07 18:00:00,0.0,-4.638049537588968,1.1116151256018535e-05,-0.005915749,-0.3549957275390625
2024-12-07 19:00:00,0.0,2.904102734005278,1.1116151256018535e-05,-0.0015805789,-0.4692230224609375
2024-12-07 20:00:00,0.0,0.13662778090596706,1.1116151256018535e-05,-0.12681715,-0.4656639099121094
2024-12-07 21:00:00,0.0,-1.7844255554165351,1.1116151256018535e-05,0.0065408433,-0.47187042236328125
2024-12-07 22:00:00,0.0,-0.6507688330610577,1.1116151256018535e-05,0.0065408433,-0.4907989501953125
2024-12-07 23:00:00,0.0,0.5259417691701552,1.1116151256018535e-05,0.0065408433,-0.5050010681152344
2024-12-08 00:00:00,0.0,2.8331944784452188,1.1116151256018535e-05,0.009444521,-0.5076522827148438
2024-12-08 01:00:00,0.0,-1.692866969919605,1.1116151256018535e-05,0.009444521,-0.5044517517089844
2024-12-08 02:00:00,0.0,-5.099759572927358,1.1116151256018535e-05,0.009444521,-0.5417900085449219
2024-12-08 03:00:00,0.0,-7.060017617766546,1.1116151256018535e-05,0.009444521,-0.8165130615234375
2024-12-08 04:00:00,0.0,-5.941056070381208,1.1116151256018535e-05,0.009444521,-0.7154884338378906
2024-12-08 05:00:00,0.0,0.8665493116057637,0.0,0.028057175,-0.5270118713378906
2024-12-08 06:00:00,0.0,12.85059407253234,0.14058573862571772,0.1548835,-0.7021560668945312
2024-12-08 07:00:00,16.044,16.992218253472604,11.570263619623242,11.067284,8.204986572265625
2024-12-08 08:00:00,58.524,43.33919492868324,52.96843337863195,53.102924,42.30377197265625
2024-12-08 09:00:00,97.334,97.52388460724944,97.49547815134584,98.320305,87.62113189697266
2024-12-08 10:00:00,126.36,128.93414564230477,125.96579313796356,127.85284,121.53041076660156
2024-12-08 11:00:00,142.84,146.64260998019412,136.53133598443222,138.08206,141.55902099609375
2024-12-08 12:00:00,143.54000000000002,147.25016304771685,140.69267118012425,145.97836,141.73023986816406
2024-12-08 13:00:00,131.624,130.86560980581748,131.6289734977373,130.58855,122.89793395996094
2024-12-08 14:00:00,105.74,105.5912185899279,105.45400861219156,95.449745,97.05809783935547
2024-12-08 15:00:00,68.8,69.78682801271796,69.70054455536783,69.73052,60.89341354370117
2024-12-08 16:00:00,26.464,31.685059518839957,27.961406789342274,27.640097,21.90516471862793
2024-12-08 17:00:00,1.08,0.32575163243946825,1.1737886267283342,1.3792049,0.8619384765625
2024-12-08 18:00:00,0.0,-3.003112802716971,1.1116151256018535e-05,0.11985442,-0.35315704345703125
2024-12-08 19:00:00,0.0,4.983938555009429,1.1116151256018535e-05,-0.01784442,-0.5116348266601562
2024-12-08 20:00:00,0.0,0.8595437156736948,1.1116151256018535e-05,-0.010247909,-0.4448356628417969
2024-12-08 21:00:00,0.0,-1.3057319079786223,1.1116151256018535e-05,-0.004109386,-0.46961212158203125
2024-12-08 22:00:00,0.0,-1.9112322654435108,1.1116151256018535e-05,-0.0024750626,-0.5116119384765625
2024-12-08 23:00:00,0.0,-1.9266273038474253,1.1116151256018535e-05,-0.0024750626,-0.5282630920410156
2024-12-09 00:00:00,0.0,0.6624484431703699,1.1116151256018535e-05,0.009170812,-0.5392074584960938
2024-12-09 01:00:00,0.0,-1.968886229083858,1.1116151256018535e-05,0.009170812,-0.5547637939453125
2024-12-09 02:00:00,0.0,-4.109240136673541,1.1116151256018535e-05,0.009170812,-0.7176589965820312
2024-12-09 03:00:00,0.0,-4.948739897850962,1.1116151256018535e-05,0.00042861537,-0.9155921936035156
2024-12-09 04:00:00,0.0,-3.429229436105661,1.1116151256018535e-05,0.009444521,-0.6528244018554688
2024-12-09 05:00:00,0.0,2.9790424701795257,0.0,0.025445195,-0.4722785949707031
2024-12-09 06:00:00,0.0,14.272501728503975,0.1598257386257177,0.21106243,-0.4011344909667969
2024-12-09 07:00:00,11.97,18.149904237409103,11.690034255284923,10.942168,14.158309936523438
2024-12-09 08:00:00,50.254000000000005,37.46986833155725,45.78742166901479,47.29906,53.10641860961914
2024-12-09 09:00:00,87.554,87.80207239599943,88.71798462552157,87.9409,85.42678833007812
2024-12-09 10:00:00,117.01,119.59051338590064,116.64796682018343,119.07702,117.40203857421875
2024-12-09 11:00:00,134.1,136.0343016186954,136.41737432510743,134.57025,135.2239532470703
2024-12-09 12:00:00,132.394,138.38375788815856,135.3594849420001,135.96565,139.0444793701172
2024-12-09 13:00:00,120.64,120.35787738103681,123.51882195532231,123.84216,126.90400695800781
2024-12-09 14:00:00,95.234,98.46710232950022,96.94616830884745,97.91697,101.02635192871094
2024-12-09 15:00:00,59.74600000000001,62.801867680679095,62.82008047204181,62.15712,64.63375854492188
2024-12-09 16:00:00,22.664,26.98597759391917,23.54162985416947,24.731627,27.66269302368164
2024-12-09 17:00:00,0.956,-2.086676094232858,1.1390631748389262,1.1466755,1.9404945373535156
2024-12-09 18:00:00,0.0,-8.117580534748791,1.1116151256018535e-05,-0.00799243,-0.4163970947265625
2024-12-09 19:00:00,0.0,0.5614424859093058,1.1116151256018535e-05,0.020594865,-0.5246467590332031
2024-12-09 20:00:00,0.0,1.6190533839506136,1.1116151256018535e-05,0.009444521,-0.5197792053222656
2024-12-09 21:00:00,0.0,0.0070581662086022234,1.1116151256018535e-05,0.009444521,-0.4978294372558594
2024-12-09 22:00:00,0.0,0.6352772596306223,1.1116151256018535e-05,0.009444521,-0.5067100524902344
2024-12-09 23:00:00,0.0,-0.28487773516346593,1.1116151256018535e-05,0.009444521,-0.5167617797851562
2024-12-10 00:00:00,0.0,-0.5753909706763438,1.1116151256018535e-05,0.009444521,-0.515960693359375
2024-12-10 01:00:00,0.0,-3.2025509790689135,1.1116151256018535e-05,0.015081056,-0.50311279296875
2024-12-10 02:00:00,0.0,-4.743908968105708,1.1116151256018535e-05,0.015081056,-0.5108108520507812
2024-12-10 03:00:00,0.0,-4.868791737781645,1.1116151256018535e-05,0.015081056,-0.6362762451171875
2024-12-10 04:00:00,0.0,-3.108004225253211,1.1116151256018535e-05,0.00606515,-0.6650047302246094
2024-12-10 05:00:00,0.0,2.0919701123526555,0.0,-0.022122769,-0.601715087890625
2024-12-10 06:00:00,0.0,10.439458142350569,0.13970573862571772,0.14706635,-1.003173828125
2024-12-10 07:00:00,10.144,14.212083164466156,11.037965939864316,9.903374,8.520431518554688
2024-12-10 08:00:00,45.72,32.848979637310805,46.643414441281394,45.72443,43.944068908691406
2024-12-10 09:00:00,79.75,82.23398347987683,82.25877693004915,82.32592,81.32429504394531
2024-12-10 10:00:00,108.776,110.70961756236926,109.51848892341708,108.66309,111.56231689453125
2024-12-10 11:00:00,125.71,130.09757046068174,125.55494914684931,125.959854,125.45274353027344
2024-12-10 12:00:00,136.29000000000002,131.31598150803993,127.63702268259257,127.42149,128.35890197753906
2024-12-10 13:00:00,124.52,129.23400552083538,124.27101960477584,123.85949,115.5206298828125
2024-12-10 14:00:00,99.11,100.82240883388073,99.34645589697175,98.3211,95.96202850341797
2024-12-10 15:00:00,63.64600000000001,65.67329519118414,63.91991214945534,63.150963,62.32311248779297
2024-12-10 16:00:00,24.544,30.183780605442326,25.108114524953844,24.672802,24.796588897705078
2024-12-10 17:00:00,1.044,-1.0807024363779605,1.156039495338301,1.169056,1.3715019226074219
2024-12-10 18:00:00,0.0,-6.90461030030818,1.1116151256018535e-05,-0.044022907,-0.4963874816894531
2024-12-10 19:00:00,0.0,3.6283196670124744,1.1116151256018535e-05,-0.00048494985,-0.6190986633300781
2024-12-10 20:00:00,0.0,3.510858172782732,1.1116151256018535e-05,-0.008387556,-0.6018028259277344
2024-12-10 21:00:00,0.0,-0.25001948407000874,1.1116151256018535e-05,0.0064784046,-0.5803413391113281
2024-12-10 22:00:00,0.0,-0.890518083581191,1.1116151256018535e-05,0.0064784046,-0.5796356201171875
2024-12-10 23:00:00,0.0,-2.2286442802761686,1.1116151256018535e-05,0.010638175,-0.5764846801757812
2024-12-11 00:00:00,0.0,-1.5222065630481287,1.1116151256018535e-05,0.015081056,-0.5595359802246094
2024-12-11 01:00:00,0.0,-4.163050782195275,1.1116151256018535e-05,0.015081056,-0.5416450500488281
2024-12-11 02:00:00,0.0,-4.619030704110183,1.1116151256018535e-05,0.015081056,-0.5507965087890625
2024-12-11 03:00:00,0.0,-4.3022042392983835,1.1116151256018535e-05,0.015081056,-0.6530570983886719
2024-12-11 04:00:00,0.0,-2.341837211779096,1.1116151256018535e-05,0.015081056,-0.5580482482910156
2024-12-11 05:00:00,0.0,3.4513974001323966,0.0,0.033693697,-0.5336036682128906
2024-12-11 06:00:00,0.0,11.143642879360511,0.13970573862571772,0.24800691,-0.9007453918457031
2024-12-11 07:00:00,11.840000000000002,15.17387487025255,11.018628221362237,9.991229,7.0564727783203125
2024-12-11 08:00:00,50.014,34.96562132999619,48.642764434440295,49.196842,41.71808624267578
2024-12-11 09:00:00,86.924,85.89959335833231,87.68324519084386,87.100204,82.82921600341797
2024-12-11 10:00:00,115.68,118.74296327494534,115.55784998918377,115.739624,115.59542846679688
2024-12-11 11:00:00,132.41,134.47712607260488,132.64822042863727,132.6431,134.39404296875
2024-12-11 12:00:00,137.34,138.18598967104552,136.47131788480968,137.99738,137.3429718017578
2024-12-11 13:00:00,125.62,129.41520612038687,125.98142432955949,126.346954,124.94407653808594
2024-12-11 14:00:00,100.816,103.42830980137768,100.85266291443573,99.82908,100.10375213623047
2024-12-11 15:00:00,65.604,68.34788066059849,65.65282333129814,64.60971,65.81066131591797
2024-12-11 16:00:00,25.814,33.356360997247776,25.392910229282258,26.04371,27.46187400817871
2024-12-11 17:00:00,1.14,1.258929769941711,1.1353801747537196,1.1374614,1.86328125
2024-12-11 18:00:00,0.0,-7.166845052092949,1.1116151256018535e-05,-0.026878178,-0.4272041320800781
2024-12-11 19:00:00,0.0,2.2287381971285356,1.1116151256018535e-05,-0.01288921,-0.5094795227050781
2024-12-11 20:00:00,0.0,1.132350257530805,1.1116151256018535e-05,-0.023393,-0.48160552978515625
2024-12-11 21:00:00,0.0,-2.162994722027806,1.1116151256018535e-05,0.015081056,-0.5030059814453125
2024-12-11 22:00:00,0.0,-1.2627057205330408,1.1116151256018535e-05,0.0064784046,-0.5280952453613281
2024-12-11 23:00:00,0.0,-0.11838405206438596,1.1116151256018535e-05,0.0064784046,-0.54248046875
2024-12-12 00:00:00,0.0,1.580952438956502,1.1116151256018535e-05,0.015081056,-0.5475654602050781
2024-12-12 01:00:00,0.0,-1.4612602761524918,1.1116151256018535e-05,-0.0025375022,-0.5418586730957031
2024-12-12 02:00:00,0.0,-4.154333559503324,1.1116151256018535e-05,-0.0025375022,-0.516448974609375
2024-12-12 03:00:00,0.0,-5.74885237898363,1.1116151256018535e-05,-0.0025375022,-0.63922119140625
2024-12-12 04:00:00,0.0,-4.691062478506649,1.1116151256018535e-05,0.0064784046,-0.6065635681152344
2024-12-12 05:00:00,0.0,1.0528203273968102,0.0,0.025091054,-0.5584907531738281
2024-12-12 06:00:00,0.0,11.537676204558595,0.14058573862571772,0.23940426,-0.8949928283691406
2024-12-12 07:00:00,11.384,16.072243450652394,10.149302916379805,10.061491,7.161624908447266
2024-12-12 08:00:00,50.086000000000006,35.43114244045043,48.125919121710474,49.745415,41.41741180419922
2024-12-12 09:00:00,88.096,87.4344690364681,87.93761024661605,87.19655,83.83636474609375
2024-12-12 10:00:00,118.01600000000002,120.15400800284581,117.00254899736288,118.19705,115.2117919921875
2024-12-12 11:00:00,135.51600000000002,139.00266738883735,135.0158740540244,134.23463,134.18165588378906
2024-12-12 12:00:00,135.81,140.74068909285583,137.83038311878767,137.86539,137.3547821044922
2024-12-12 13:00:00,124.576,126.78606930647962,126.29260678669556,126.85496,124.79177856445312
2024-12-12 14:00:00,99.876,102.72119412972256,100.18696556765924,100.50235,100.01297760009766
2024-12-12 15:00:00,64.65,67.38473509822666,64.69819379249641,63.83275,67.66474914550781
2024-12-12 16:00:00,25.47,29.717289214178045,25.424730195250735,24.940298,30.39544677734375
2024-12-12 17:00:00,1.164,0.5247960272050763,1.1355943983976358,1.1919812,2.585174560546875
2024-12-12 18:00:00,0.0,-5.409598726474592,1.1116151256018535e-05,-0.009129639,-0.34932708740234375
2024-12-12 19:00:00,0.0,2.3405827863442354,1.1116151256018535e-05,-0.0035137106,-0.4522666931152344
2024-12-12 20:00:00,0.0,0.7703567814026847,1.1116151256018535e-05,-0.017403463,-0.4502220153808594
2024-12-12 21:00:00,0.0,-0.6564898835788373,1.1116151256018535e-05,-0.0025375022,-0.4523887634277344
2024-12-12 22:00:00,0.0,-0.8507847388798133,1.1116151256018535e-05,0.00606515,-0.4768104553222656
2024-12-12 23:00:00,0.0,-0.5625311581659673,1.1116151256018535e-05,0.015081056,-0.4867515563964844
2024-12-13 00:00:00,0.0,0.21963716200827132,1.1116151256018535e-05,0.015081056,-0.48946380615234375
2024-12-13 01:00:00,0.0,-4.105614417498678,1.1116151256018535e-05,0.0016875147,-0.4796485900878906
2024-12-13 02:00:00,0.0,-6.681801123307787,1.1116151256018535e-05,0.0016875147,-0.4620018005371094
2024-12-13 03:00:00,0.0,-7.207080338521667,1.1116151256018535e-05,0.0016875147,-0.5913429260253906
2024-12-13 04:00:00,0.0,-5.496055117772506,1.1116151256018535e-05,-0.009527112,-0.581207275390625
2024-12-13 05:00:00,0.0,0.4136492714002209,0.0,0.009085533,-0.5154762268066406
2024-12-13 06:00:00,0.0,11.510988912419034,0.15064573862571773,0.14921793,-0.9227714538574219
2024-12-13 07:00:00,10.61,15.95115971775238,10.819408468508472,9.941858,8.187389373779297
2024-12-13 08:00:00,48.086000000000006,34.02743594473173,46.800955668138805,48.151924,42.991798400878906
2024-12-13 09:00:00,85.7,85.69168178241415,84.91200175197889,84.49615,81.90286254882812
2024-12-13 10:00:00,115.256,117.64314798468374,114.86042083115112,114.5909,112.97688293457031
2024-12-13 11:00:00,132.584,136.56035125196638,131.89785093534888,130.95338,130.062255859375
2024-12-13 12:00:00,135.94000000000003,140.03920636794408,135.09246926167665,136.02022,133.50247192382812
2024-12-13 13:00:00,124.81,126.10806765541983,125.70870610500903,123.86994,119.63327026367188
2024-12-13 14:00:00,88.7,100.89064130475899,100.33258112830248,99.48701,96.23509979248047
2024-12-13 15:00:00,64.924,53.00939001161989,59.187966384456146,58.780186,63.00212097167969
2024-12-13 16:00:00,25.386000000000003,35.369153678297955,25.434191484983916,25.573042,23.469459533691406
2024-12-13 17:00:00,1.1800000000000002,-0.9620388826846824,1.1958238161441566,1.33622,1.0478057861328125
2024-12-13 18:00:00,0.0,-5.589226944270573,1.1116151256018535e-05,0.0509013,-0.3997993469238281
2024-12-13 19:00:00,0.0,2.885790575854964,1.1116151256018535e-05,0.4317127,-0.49160003662109375
2024-12-13 20:00:00,0.0,1.1611958081112674,1.1116151256018535e-05,0.020718874,-0.4934577941894531
2024-12-13 21:00:00,0.0,-0.2461740924490694,1.1116151256018535e-05,-0.025884029,-0.49620819091796875
2024-12-13 22:00:00,0.0,-0.32692651152825203,1.1116151256018535e-05,0.0011633218,-0.5107498168945312
2024-12-13 23:00:00,0.0,0.1225699160677669,1.1116151256018535e-05,0.0011633218,-0.5195884704589844
2024-12-14 00:00:00,0.0,1.4024323150348383,1.1116151256018535e-05,-0.006915137,-0.5173263549804688
2024-12-14 01:00:00,0.0,-2.1699325675338783,1.1116151256018535e-05,-0.006915137,-0.5044937133789062
2024-12-14 02:00:00,0.0,-5.1013718800407375,1.1116151256018535e-05,-0.006915137,-0.5309791564941406
2024-12-14 03:00:00,0.0,-3.358699365756652,1.1116151256018535e-05,-0.006915137,-0.7301254272460938
2024-12-14 04:00:00,0.0,-4.082394947365897,1.1116151256018535e-05,-0.006915137,-0.6007156372070312
2024-12-14 05:00:00,0.0,1.7874110688354476,0.0,0.009085533,-0.4290122985839844
2024-12-14 06:00:00,0.0,13.01374780565156,0.1497657386257177,0.22601072,-0.7729530334472656
2024-12-14 07:00:00,11.01,17.09776221611518,10.359163342558718,9.970819,8.035896301269531
2024-12-14 08:00:00,49.85,34.99721651512497,47.25089830582699,48.40727,42.827735900878906
2024-12-14 09:00:00,88.05000000000001,86.75119326571215,88.0201953449962,87.09178,82.8143081665039
2024-12-14 10:00:00,117.74,120.74540356086052,116.94797312326087,116.608955,115.86256408691406
2024-12-14 11:00:00,135.124,137.25971417107723,134.43517648903676,133.10318,135.23245239257812
2024-12-14 12:00:00,140.85,139.98542534016093,138.84106943793907,138.76071,138.23654174804688
2024-12-14 13:00:00,129.8,131.31410391992344,128.14499113548484,130.52307,125.89260864257812
2024-12-14 14:00:00,105.294,105.45948630969065,103.272891852962,104.09809,102.42051696777344
2024-12-14 15:00:00,69.916,69.98040342220474,69.2849967292666,68.574486,67.96116638183594
2024-12-14 16:00:00,28.77,34.12441245561095,28.571759578179243,28.370787,29.63978385925293
2024-12-14 17:00:00,1.376,2.124514500413412,1.4014154777647116,1.5962709,2.33990478515625
2024-12-14 18:00:00,0.0,-7.092882793121129,1.1116151256018535e-05,-0.00759568,-0.48919677734375
2024-12-14 19:00:00,0.0,3.06402547308541,1.1116151256018535e-05,-0.003260508,-0.5901107788085938
2024-12-14 20:00:00,0.0,2.0696405646990677,1.1116151256018535e-05,-0.010005048,-0.5554122924804688
2024-12-14 21:00:00,0.0,-1.5722115189024732,1.1116151256018535e-05,0.0048609134,-0.5463600158691406
2024-12-14 22:00:00,0.0,-1.1105955807022374,1.1116151256018535e-05,0.013463565,-0.5483551025390625
2024-12-14 23:00:00,0.0,-0.35412919321419967,1.1116151256018535e-05,0.013463565,-0.55096435546875
2024-12-15 00:00:00,0.0,0.7392990220327602,1.1116151256018535e-05,0.013463565,-0.5454483032226562
2024-12-15 01:00:00,0.0,-2.180745044510873,1.1116151256018535e-05,0.013463565,-0.5353317260742188
2024-12-15 02:00:00,0.0,-4.1111748041188605,1.1116151256018535e-05,0.0048609134,-0.5356063842773438
2024-12-15 03:00:00,0.0,-4.981878461022296,1.1116151256018535e-05,0.0048609134,-0.7016105651855469
2024-12-15 04:00:00,0.0,-3.945405140213291,1.1116151256018535e-05,0.0048609134,-0.5437049865722656
2024-12-15 05:00:00,0.0,2.1335187142603464,0.0,0.032076214,-0.4792442321777344
2024-12-15 06:00:00,0.0,11.948778893554401,0.13970573862571772,0.24091224,-0.8115272521972656
2024-12-15 07:00:00,12.41,16.008637988942382,10.226930009285512,9.856956,7.154872894287109
2024-12-15 08:00:00,52.98,35.92201187721988,49.69003738662032,50.29001,41.181495666503906
2024-12-15 09:00:00,91.64600000000002,90.31326398725275,91.19590148182925,90.89912,84.93766784667969
2024-12-15 10:00:00,121.44,124.84343257502218,119.6608112918398,121.40276,117.53773498535156
2024-12-15 11:00:00,139.04000000000002,140.81370641615706,136.21732076987234,136.44736,137.81982421875
2024-12-15 12:00:00,141.19000000000003,145.30350755543645,139.991261073593,140.9082,141.28518676757812
2024-12-15 13:00:00,129.92000000000002,132.19250410442,129.0569298093288,132.57692,130.24827575683594
2024-12-15 14:00:00,104.49,107.51481212553469,102.81934428827884,103.105896,104.91743469238281
2024-12-15 15:00:00,68.784,69.75064519635043,68.82736501331583,66.93706,69.62876892089844
2024-12-15 16:00:00,28.15,33.973507336050446,28.112485498059662,27.492157,31.934173583984375
2024-12-15 17:00:00,1.37,3.0239892155065675,1.39562816382456,1.5615079,3.0543861389160156
2024-12-15 18:00:00,0.0,-6.671631214226618,1.1116151256018535e-05,-0.010499357,-0.4492225646972656
2024-12-15 19:00:00,0.0,2.946917814696998,1.1116151256018535e-05,-0.006164185,-0.5311660766601562
2024-12-15 20:00:00,0.0,1.9610502753112322,1.1116151256018535e-05,-0.011494538,-0.4767723083496094
2024-12-15 21:00:00,0.0,-2.1473311116646805,1.1116151256018535e-05,0.00337142,-0.47582244873046875
2024-12-15 22:00:00,0.0,-1.504616586210303,1.1116151256018535e-05,0.013463565,-0.4996604919433594
2024-12-15 23:00:00,0.0,0.07705710763488427,1.1116151256018535e-05,0.013463565,-0.515716552734375
2024-12-16 00:00:00,0.0,1.355662546147286,1.1116151256018535e-05,0.013463565,-0.5173797607421875
2024-12-16 01:00:00,0.0,-1.3763768826944953,1.1116151256018535e-05,0.0021007697,-0.5126152038574219
2024-12-16 02:00:00,0.0,-3.8166375923916185,1.1116151256018535e-05,0.001526294,-0.5201225280761719
2024-12-16 03:00:00,0.0,-5.3059931595375085,1.1116151256018535e-05,-0.01850233,-0.6738815307617188
2024-12-16 04:00:00,0.0,-4.6332109432736726,1.1116151256018535e-05,-0.014059448,-0.5237464904785156
2024-12-16 05:00:00,0.0,1.3653673171937053,0.0,0.007593695,-0.5366439819335938
2024-12-16 06:00:00,0.0,11.76067586337764,0.15064573862571773,0.27818465,-0.8428421020507812
2024-12-16 07:00:00,11.524,16.324922324818694,9.631442043463617,10.176019,8.302486419677734
2024-12-16 08:00:00,51.376000000000005,35.98134730486409,48.22293078042929,49.5715,45.80777359008789
2024-12-16 09:00:00,89.854,88.88944863337471,89.65350576911395,89.51542,86.28984069824219
2024-12-16 10:00:00,119.424,123.10913967867879,118.84907026922072,120.56396,118.88899230957031
2024-12-16 11:00:00,136.58,138.5641451047669,135.70983837978457,135.02213,138.13595581054688
2024-12-16 12:00:00,140.116,142.53698710657625,138.54932927903477,139.39867,140.6568603515625
2024-12-16 13:00:00,129.08,131.34704677928175,127.96559885663132,128.76187,128.4467315673828
2024-12-16 14:00:00,104.62,105.45343384080596,102.5595332790215,104.112305,102.81834411621094
2024-12-16 15:00:00,69.066,68.67710072775193,69.27675498932274,68.457596,68.55755615234375
2024-12-16 16:00:00,28.204000000000004,32.87744162012147,28.247172331056,28.193712,29.563209533691406
2024-12-16 17:00:00,1.406,2.237087433559138,1.4566926013310972,1.6784708,2.27813720703125
2024-12-16 18:00:00,0.0,-6.757325543386036,1.1116151256018535e-05,0.025901036,-0.3173370361328125
2024-12-16 19:00:00,0.0,1.9788870280259412,1.1116151256018535e-05,-0.1952621,-0.43558502197265625
2024-12-16 20:00:00,0.0,1.4750079759206993,1.1116151256018535e-05,-0.014254682,-0.4366798400878906
2024-12-16 21:00:00,0.0,-1.7774786825112532,1.1116151256018535e-05,-0.2854297,-0.4470977783203125
2024-12-16 22:00:00,0.0,-0.595457748366397,1.1116151256018535e-05,-0.006915137,-0.46762847900390625
2024-12-16 23:00:00,0.0,1.424755660687926,1.1116151256018535e-05,0.0048609134,-0.48250579833984375
2024-12-17 00:00:00,0.0,2.3850320188335203,1.1116151256018535e-05,0.0021007697,-0.4855003356933594
2024-12-17 01:00:00,0.0,-1.2926796716566518,1.1116151256018535e-05,-0.006915137,-0.4855079650878906
2024-12-17 02:00:00,0.0,-3.9038542102216,1.1116151256018535e-05,-0.006915137,-0.5017166137695312
2024-12-17 03:00:00,0.0,-5.31316562404264,1.1116151256018535e-05,-0.006915137,-0.6117668151855469
2024-12-17 04:00:00,0.0,-4.696343334078084,1.1116151256018535e-05,0.0016875147,-0.5487174987792969
2024-12-17 05:00:00,0.0,1.3249650518885732,0.0,0.039828967,-0.4612617492675781
2024-12-17 06:00:00,0.0,11.603209798135195,0.14976573862571774,0.17306492,-0.6476593017578125
2024-12-17 07:00:00,9.840000000000002,15.279675750758765,9.282085329793986,9.681972,8.936546325683594
2024-12-17 08:00:00,47.304,32.36614835000074,45.53549861736304,44.93779,46.23207473754883
2024-12-17 09:00:00,85.266,82.19950459397424,85.09677464797691,84.64712,84.50978088378906
2024-12-17 10:00:00,115.3,117.3987148701699,115.2181129962331,116.29841,114.63088989257812
2024-12-17 11:00:00,132.806,135.77529053208616,132.21259828088935,132.08693,133.5436248779297
2024-12-17 12:00:00,136.99,139.66703304391763,138.34379993768985,136.98418,136.2946014404297
2024-12-17 13:00:00,126.124,128.91123300521133,126.36356965149538,127.38676,124.77098083496094
2024-12-17 14:00:00,102.096,102.4992756721715,101.7035918781759,102.4663,99.46417999267578
2024-12-17 15:00:00,67.31,66.49591424462486,67.39538905971904,66.419365,65.92091369628906
2024-12-17 16:00:00,27.286,31.839053618033418,27.265568460675645,27.216492,29.695999145507812
2024-12-17 17:00:00,1.386,2.5653912768258684,1.460983062579593,1.4988134,2.470050811767578
2024-12-17 18:00:00,0.0,-5.628798946621347,1.1116151256018535e-05,0.03491694,-0.35289764404296875
2024-12-17 19:00:00,0.0,1.7112457294515295,1.1116151256018535e-05,-0.02918642,-0.4600372314453125
2024-12-17 20:00:00,0.0,0.7387838448504825,1.1116151256018535e-05,-0.04405936,-0.4797172546386719
2024-12-17 21:00:00,0.0,-0.7286395965713388,1.1116151256018535e-05,-0.02192058,-0.4824371337890625
2024-12-17 22:00:00,0.0,0.7691992546121107,1.1116151256018535e-05,0.0016875147,-0.4994659423828125
2024-12-17 23:00:00,0.0,2.010325923366399,1.1116151256018535e-05,0.010703421,-0.5120429992675781
2024-12-18 00:00:00,0.0,2.779573431583577,1.1116151256018535e-05,0.0016875147,-0.5150718688964844
2024-12-18 01:00:00,0.0,-1.7194850233087333,1.1116151256018535e-05,-0.006915137,-0.5125350952148438
2024-12-18 02:00:00,0.0,-4.62043953417234,1.1116151256018535e-05,-0.006915137,-0.5004844665527344
2024-12-18 03:00:00,0.0,-6.116198355732304,1.1116151256018535e-05,-0.006915137,-0.612030029296875
2024-12-18 04:00:00,0.0,-4.725417071057415,1.1116151256018535e-05,-0.006915137,-0.5342826843261719
2024-12-18 05:00:00,0.0,1.4409349400849722,0.0,0.011697511,-0.4854164123535156
2024-12-18 06:00:00,0.0,12.311106046782237,0.15064573862571773,0.21590564,-0.8211174011230469
2024-12-18 07:00:00,9.506,15.630190756953894,9.349829958965444,9.007859,8.005928039550781
2024-12-18 08:00:00,46.364,31.11084961936607,45.58744756673277,46.61492,44.22898483276367
2024-12-18 09:00:00,83.77600000000001,82.22455530682544,83.20520482168712,82.82138,83.26535034179688
2024-12-18 10:00:00,113.366,115.3412928965349,113.38259473599076,112.63879,113.09750366210938
2024-12-18 11:00:00,131.09,133.76709602771396,129.50287150796248,130.6288,130.05043029785156
2024-12-18 12:00:00,126.994,138.47267388860658,136.8450970897595,136.7634,133.71450805664062
2024-12-18 13:00:00,115.89,116.9928991337932,120.57080571994383,119.275986,121.86074829101562
2024-12-18 14:00:00,92.98,95.16043360752778,93.36359134920284,93.70316,93.90196228027344
2024-12-18 15:00:00,59.334,60.79575428671741,59.767977868149764,59.449097,61.8719367980957
2024-12-18 16:00:00,23.25,25.73652036661786,23.45120455939051,23.796352,27.056060791015625
2024-12-18 17:00:00,1.27,0.16324585668379665,1.3920378890923448,1.5021574,1.9978675842285156
2024-12-18 18:00:00,0.0,-4.797786430206703,1.1116151256018535e-05,0.027169405,-0.36434173583984375
2024-12-18 19:00:00,0.0,1.3763683965641136,1.1116151256018535e-05,-0.021781096,-0.4478111267089844
2024-12-18 20:00:00,0.0,0.30340973124184867,1.1116151256018535e-05,0.1345785,-0.4679832458496094
2024-12-18 21:00:00,0.0,-1.83361421616969,1.1116151256018535e-05,0.0016875147,-0.4666290283203125
2024-12-18 22:00:00,0.0,-0.653189582312145,1.1116151256018535e-05,0.0016875147,-0.48087310791015625
2024-12-18 23:00:00,0.0,0.12994994460442388,1.1116151256018535e-05,0.010703421,-0.4827423095703125
2024-12-19 00:00:00,0.0,0.39812149903857263,1.1116151256018535e-05,-0.0027553674,-0.47974395751953125
2024-12-19 01:00:00,0.0,-2.683914060668606,1.1116151256018535e-05,-0.006915137,-0.4706764221191406
2024-12-19 02:00:00,0.0,-5.005474738161775,1.1116151256018535e-05,-0.006915137,-0.4494743347167969
2024-12-19 03:00:00,0.0,-6.282052879272557,1.1116151256018535e-05,-0.006915137,-0.544036865234375
2024-12-19 04:00:00,0.0,-4.815580107734113,1.1116151256018535e-05,-0.006915137,-0.4964332580566406
2024-12-19 05:00:00,0.0,1.133111700233561,0.0,0.009085533,-0.381866455078125
2024-12-19 06:00:00,0.0,11.774811137908985,0.1296457386257177,0.20730299,-0.6866683959960938
2024-12-19 07:00:00,8.340000000000002,15.689246353118635,9.103216233283597,8.845715,8.536857604980469
2024-12-19 08:00:00,42.886,29.917764830641907,43.77244282261316,43.52031,42.24894332885742
2024-12-19 09:00:00,78.73,78.00449607285478,79.28503294831316,79.35158,78.7190170288086
2024-12-19 10:00:00,108.23,110.54122955428306,109.06367355828004,108.031845,108.39907836914062
2024-12-19 11:00:00,125.51600000000002,128.5630297735684,125.23392061353182,124.89879,126.44145202636719
2024-12-19 12:00:00,119.334,132.77480014503462,129.16603764207971,129.2194,130.67958068847656
2024-12-19 13:00:00,109.106,107.81888119148758,112.96719102180161,112.05489,117.1849365234375
2024-12-19 14:00:00,85.554,88.67420293398743,86.68991311288714,85.42147,89.67918395996094
2024-12-19 15:00:00,53.25,53.683886221517554,55.02244624513482,55.70723,57.376522064208984
2024-12-19 16:00:00,20.77,22.088877300910596,20.499197587388853,19.99375,22.98777961730957
2024-12-19 17:00:00,1.2060000000000002,-0.5421812278388596,1.3377878978220676,1.0380197,1.1191558837890625
2024-12-19 18:00:00,0.0,-5.201699799247523,1.1116151256018535e-05,0.0001716952,-0.39113616943359375
2024-12-19 19:00:00,0.0,0.9987354203639094,1.1116151256018535e-05,-0.021781096,-0.4749031066894531
2024-12-19 20:00:00,0.0,1.2711762313409136,1.1116151256018535e-05,-0.006915137,-0.4934730529785156
2024-12-19 21:00:00,0.0,-1.0383369872943375,1.1116151256018535e-05,0.0016875147,-0.4926567077636719
2024-12-19 22:00:00,0.0,-0.20056418330230175,1.1116151256018535e-05,0.0016875147,-0.5062065124511719
2024-12-19 23:00:00,0.0,-0.4549350983188445,1.1116151256018535e-05,0.010703421,-0.5121383666992188
2024-12-20 00:00:00,0.0,-1.5247625355793888,1.1116151256018535e-05,0.0016875147,-0.5109214782714844
2024-12-20 01:00:00,0.0,-3.562715206633923,1.1116151256018535e-05,0.0016875147,-0.5011634826660156
2024-12-20 02:00:00,0.0,-5.699023258303007,1.1116151256018535e-05,0.0016875147,-0.4813194274902344
2024-12-20 03:00:00,0.0,-5.77072026526358,1.1116151256018535e-05,0.0016875147,-0.570709228515625
2024-12-20 04:00:00,0.0,-3.3553244841030683,1.1116151256018535e-05,-0.00092445896,-0.5468864440917969
2024-12-20 05:00:00,0.0,2.6591128922446567,0.0,0.01768819,-0.4351997375488281
2024-12-20 06:00:00,0.0,12.219139602701897,0.1296457386257177,0.23187383,-0.85650634765625
2024-12-20 07:00:00,7.190000000000001,16.01218833199495,8.16194670624392,8.18893,7.191612243652344
2024-12-20 08:00:00,39.24,28.553565943080244,41.39378676850972,39.530117,39.92374801635742
2024-12-20 09:00:00,70.02000000000001,73.51135014316353,74.47714938628569,73.69983,75.48487854003906
2024-12-20 10:00:00,100.07,98.71509205802431,99.79786044637954,100.380615,103.41058349609375
2024-12-20 11:00:00,117.72,122.62544231218146,117.88010780856882,117.11528,116.47564697265625
2024-12-20 12:00:00,100.916,124.33173686878408,122.06820917543764,122.97043,121.85832214355469
2024-12-20 13:00:00,91.924,85.75394217435067,101.69156911590414,98.35126,109.04423522949219
2024-12-20 14:00:00,71.304,74.54122292841788,71.72838000826803,73.014175,77.18409729003906
2024-12-20 15:00:00,43.304,44.7667645885086,43.525160833333345,42.665356,45.98222351074219
2024-12-20 16:00:00,17.55,16.19236137120175,17.97544393452444,17.968128,16.161996841430664
2024-12-20 17:00:00,1.094,-1.2573849184114283,1.1622555896683722,0.75689185,0.24880599975585938
2024-12-20 18:00:00,0.0,-4.470553835991758,1.1116151256018535e-05,-0.12361216,-0.4975471496582031
2024-12-20 19:00:00,0.0,1.8901910414986243,1.1116151256018535e-05,-0.0477018,-0.4930458068847656
2024-12-20 20:00:00,0.0,0.21861505961869088,1.1116151256018535e-05,-0.006915137,-0.48699188232421875
2024-12-20 21:00:00,0.0,-0.8738112887548546,1.1116151256018535e-05,0.0016875147,-0.4842720031738281
2024-12-20 22:00:00,0.0,-0.44905219015941755,1.1116151256018535e-05,0.0016875147,-0.4995613098144531
2024-12-20 23:00:00,0.0,-3.192825161616705,1.1116151256018535e-05,-0.006915137,-0.5046539306640625
2024-12-21 00:00:00,0.0,-3.7816850008090404,1.1116151256018535e-05,-0.006915137,-0.5047340393066406
2024-12-21 01:00:00,0.0,-3.6437273017764102,1.1116151256018535e-05,-0.006915137,-0.4969139099121094
2024-12-21 02:00:00,0.0,-5.373366659430831,1.1116151256018535e-05,0.0016875147,-0.5244941711425781
2024-12-21 03:00:00,0.0,-5.3869745151300865,1.1116151256018535e-05,-0.009527112,-0.6363792419433594
2024-12-21 04:00:00,0.0,-2.824518097686572,1.1116151256018535e-05,-0.009527112,-0.5173187255859375
2024-12-21 05:00:00,0.0,1.69784564852456,0.0,0.018170979,-0.3246955871582031
2024-12-21 06:00:00,0.0,10.990324428746872,0.13970573862571772,-0.027650006,-0.6755943298339844
2024-12-21 07:00:00,5.710000000000001,15.085100426052612,7.342197913113076,7.234776,5.642974853515625
2024-12-21 08:00:00,30.710000000000004,25.753151427791344,34.51074239373913,34.427555,33.28525161743164
2024-12-21 09:00:00,61.43,60.68647103935671,60.733174810931615,59.75911,63.91282653808594
2024-12-21 10:00:00,87.7,89.71700283977106,88.69166650466937,89.10779,84.85751342773438
2024-12-21 11:00:00,103.934,107.29515453432484,108.79855777649584,109.5362,105.91243743896484
2024-12-21 12:00:00,108.756,111.23174405063034,115.62709941833008,112.94003,110.71653747558594
2024-12-21 13:00:00,99.51,102.95047937294424,102.49774620332943,101.37113,100.03555297851562
2024-12-21 14:00:00,76.42999999999999,81.15027543926305,82.12620921043124,78.10061,79.69015502929688
2024-12-21 15:00:00,46.576,48.440994381473786,48.59883282539683,45.839993,53.07566833496094
2024-12-21 16:00:00,19.286,18.531120470670874,18.636876329237978,19.003582,21.766132354736328
2024-12-21 17:00:00,1.164,1.5661636507527121,1.2431320141578943,0.9074153,1.3749351501464844
2024-12-21 18:00:00,0.0,-5.166203979925932,1.1116151256018535e-05,-0.13878849,-0.44344329833984375
2024-12-21 19:00:00,0.0,-1.1061082587041167,1.1116151256018535e-05,-0.021781096,-0.5147323608398438
2024-12-21 20:00:00,0.0,-1.0015596832509943,1.1116151256018535e-05,-0.006915137,-0.5203742980957031
2024-12-21 21:00:00,0.0,-1.1453533452182634,1.1116151256018535e-05,0.0016875147,-0.5081214904785156
2024-12-21 22:00:00,0.0,-0.13082481763190246,1.1116151256018535e-05,0.0016875147,-0.5112152099609375
2024-12-21 23:00:00,0.0,0.9355103496451891,1.1116151256018535e-05,0.013463565,-0.5167999267578125
2024-12-22 00:00:00,0.0,0.7843048703942093,1.1116151256018535e-05,0.0016875147,-0.5115165710449219
2024-12-22 01:00:00,0.0,-3.4037073341044,1.1116151256018535e-05,0.0016875147,-0.4888420104980469
2024-12-22 02:00:00,0.0,-5.96553431012816,1.1116151256018535e-05,-0.006915137,-0.4528999328613281
2024-12-22 03:00:00,0.0,-6.165479498168027,1.1116151256018535e-05,-0.006915137,-0.5163078308105469
2024-12-22 04:00:00,0.0,-4.2983712864782895,1.1116151256018535e-05,-0.009527112,-0.416351318359375
2024-12-22 05:00:00,0.0,1.914339658779392,0.0,0.02820109,-0.2737922668457031
2024-12-22 06:00:00,0.0,10.717305410120424,0.13970573862571772,0.09680736,-0.7211990356445312
2024-12-22 07:00:00,5.3500000000000005,14.445148901722096,7.094707073160757,7.1508656,5.672279357910156
2024-12-22 08:00:00,28.776,24.63656693576451,33.734521885570715,33.454254,31.71627426147461
2024-12-22 09:00:00,56.476,58.009352897157164,57.07919753632512,55.009586,58.2237663269043
2024-12-22 10:00:00,82.534,84.20567635795172,85.06207387184831,83.0183,85.96759033203125
2024-12-22 11:00:00,99.04,102.12315852428969,98.57832313700493,95.41021,104.88793182373047
2024-12-22 12:00:00,81.48400000000001,107.84107566198543,108.82448754471825,110.66462,112.10459899902344
2024-12-22 13:00:00,75.22000000000001,73.01443497513645,85.9644838286874,82.87915,105.42021179199219
2024-12-22 14:00:00,54.36000000000001,64.00221160337105,64.66506092242543,59.733402,79.51382446289062
2024-12-22 15:00:00,31.814,31.579493490173583,36.11625619047621,37.038963,48.316917419433594
2024-12-22 16:00:00,12.35,9.861248695361672,13.381126266666673,12.989054,19.53049659729004
2024-12-22 17:00:00,0.886,-0.6108236806103302,3.472516787286588,2.8284082,1.3940315246582031
2024-12-22 18:00:00,0.0,-6.582108789693818,1.1116151256018535e-05,0.013257236,-0.3891716003417969
2024-12-22 19:00:00,0.0,-1.8121940543471773,1.1116151256018535e-05,0.0048609134,-0.4942665100097656
2024-12-22 20:00:00,0.0,-0.8160135730969102,1.1116151256018535e-05,0.0048609134,-0.5067710876464844
2024-12-22 21:00:00,0.0,-2.0770475634859324,1.1116151256018535e-05,0.0021007697,-0.5132980346679688
2024-12-22 22:00:00,0.0,-1.241721862111235,1.1116151256018535e-05,0.0021007697,-0.5224952697753906
2024-12-22 23:00:00,0.0,-0.5397203703770617,1.1116151256018535e-05,0.0048609134,-0.5345802307128906
2024-12-23 00:00:00,0.0,-4.175953276700153,1.1116151256018535e-05,-0.006915137,-0.5272865295410156
2024-12-23 01:00:00,0.0,-4.5393225901253755,1.1116151256018535e-05,-0.006915137,-0.49579620361328125
2024-12-23 02:00:00,0.0,-6.0358854606478864,1.1116151256018535e-05,-0.006915137,-0.4290199279785156
2024-12-23 03:00:00,0.0,-4.821922888698384,1.1116151256018535e-05,0.0016875147,-0.3825531005859375
2024-12-23 04:00:00,0.0,-2.4036679320082714,1.1116151256018535e-05,0.0016875147,-0.37615203857421875
2024-12-23 05:00:00,0.0,3.6226266432401406,0.0,-0.042116478,-0.3194580078125
2024-12-23 06:00:00,0.0,11.627315341416036,0.13970573862571772,0.006453351,-0.6788673400878906
2024-12-23 07:00:00,3.96,15.374672257600661,6.714581997417657,6.1642365,6.73699951171875
2024-12-23 08:00:00,21.656,23.128170034314024,24.93448728504416,23.064825,35.66099548339844
2024-12-23 09:00:00,44.746,47.815436280562956,43.859790294440614,45.139904,60.8654670715332
2024-12-23 10:00:00,69.25,70.44176227514922,70.18608353142871,65.80311,71.8099136352539
2024-12-23 11:00:00,87.0,92.16346966870722,88.08847818038033,88.99274,85.626708984375
2024-12-23 12:00:00,81.64600000000002,98.8494613850171,97.5665250766785,99.67006,94.87077331542969
2024-12-23 13:00:00,75.804,75.2878760741585,82.57221708911302,80.6824,84.15514373779297
2024-12-23 14:00:00,90.36,62.022076270797605,65.26902018763391,62.15387,61.82714080810547
2024-12-23 15:00:00,35.1,74.18541774491979,57.10076294972678,56.87077,38.813472747802734
2024-12-23 16:00:00,14.29,-2.49572805917857,12.547168470022726,12.207722,16.398347854614258
2024-12-23 17:00:00,0.994,0.575473625722506,1.1912444667557684,0.8086108,0.6401100158691406
2024-12-23 18:00:00,0.0,-3.5627759470837344,1.1116151256018535e-05,-0.008064422,-0.4893646240234375
2024-12-23 19:00:00,0.0,-2.2592103561396337,1.1116151256018535e-05,-0.008564271,-0.4968223571777344
2024-12-23 20:00:00,0.0,-1.7401540146560905,1.1116151256018535e-05,-0.006915137,-0.5006942749023438
2024-12-23 21:00:00,0.0,-3.3314821508493617,1.1116151256018535e-05,-0.006915137,-0.48999786376953125
2024-12-23 22:00:00,0.0,0.4591338370212772,1.1116151256018535e-05,-0.006915137,-0.48925018310546875
2024-12-23 23:00:00,0.0,-0.18814599097452644,1.1116151256018535e-05,-0.006915137,-0.4795074462890625
2024-12-24 00:00:00,0.0,-1.1074874788608882,1.1116151256018535e-05,0.00072114053,-0.4707603454589844
2024-12-24 01:00:00,0.0,-2.8243008837109187,1.1116151256018535e-05,-0.0013385761,-0.44809722900390625
2024-12-24 02:00:00,0.0,-3.795719809980099,1.1116151256018535e-05,-0.036115382,-0.3637847900390625
2024-12-24 03:00:00,0.0,-12.408000149327746,1.1116151256018535e-05,0.0027958197,-0.426971435546875
2024-12-24 04:00:00,0.0,-4.859881481395999,1.1116151256018535e-05,-0.017663358,-0.4525299072265625
2024-12-24 05:00:00,0.0,0.5735934198598678,0.0,-0.01901504,-0.184051513671875
2024-12-24 06:00:00,0.0,9.771660132451544,0.14686573862571772,-0.22439353,-0.24534988403320312
2024-12-24 07:00:00,4.24,13.58051324830555,6.137265173060858,5.7172318,5.630077362060547
2024-12-24 08:00:00,26.35,21.757232789061835,24.127765055555557,22.483967,26.161157608032227
2024-12-24 09:00:00,46.976,54.69513233377247,48.04746737290781,39.835342,47.58747863769531
2024-12-24 10:00:00,71.51,71.97703426273324,73.67710496512464,72.17403,81.12693786621094
2024-12-24 11:00:00,88.10000000000001,93.70046908418962,88.74986287548263,93.45686,96.51533508300781
2024-12-24 12:00:00,90.924,94.13550368165807,95.86793965666129,97.29801,98.90994262695312
2024-12-24 13:00:00,83.924,83.96003632447102,85.25928886514612,85.91162,82.78244018554688
2024-12-24 14:00:00,64.716,67.36219322752595,71.27672047282155,67.61375,58.63669204711914
2024-12-24 15:00:00,39.314,42.23557835140348,41.73444285714287,42.509995,35.49186325073242
2024-12-24 16:00:00,16.156000000000002,15.919274202431907,18.605375,16.966358,12.790130615234375
2024-12-24 17:00:00,1.136,-0.33040172504763765,1.106463179668394,0.96321326,0.8157196044921875
2024-12-24 18:00:00,0.0,-4.42711140423998,1.1116151256018535e-05,-0.006567489,-0.2756309509277344
2024-12-24 19:00:00,0.0,1.0580951207836093,1.1116151256018535e-05,0.01458898,-0.3093070983886719
2024-12-24 20:00:00,0.0,-1.299408387367837,1.1116151256018535e-05,-0.010293332,-0.27939605712890625
2024-12-24 21:00:00,0.0,-1.3706323959305697,1.1116151256018535e-05,0.00084248296,-0.3050422668457031
2024-12-24 22:00:00,0.0,-1.5496085295797792,1.1116151256018535e-05,0.00084248296,-0.3499183654785156
2024-12-24 23:00:00,0.0,-3.7495165327191398,1.1116151256018535e-05,0.0016875147,-0.39447021484375
2024-12-25 00:00:00,0.0,-2.8254769520398835,1.1116151256018535e-05,0.0093237925,-0.4263954162597656
2024-12-25 01:00:00,0.0,-5.010968197784395,1.1116151256018535e-05,0.00891321,-0.44123077392578125
2024-12-25 02:00:00,0.0,-6.26875800769319,1.1116151256018535e-05,0.00891321,-0.33248138427734375
2024-12-25 03:00:00,0.0,-5.251518182761991,1.1116151256018535e-05,0.00891321,-0.4125709533691406
2024-12-25 04:00:00,0.0,-2.026949853965945,1.1116151256018535e-05,-0.00092445896,-0.4402885437011719
2024-12-25 05:00:00,0.0,2.8231940495479915,0.0,0.022145733,-0.3084831237792969
2024-12-25 06:00:00,0.0,11.446598430693456,0.1296457386257177,-0.15046552,-0.6470794677734375
2024-12-25 07:00:00,4.2,15.305691423191186,5.89822154607673,5.6644087,6.141666412353516
2024-12-25 08:00:00,23.37,24.274407813309463,27.065793158193113,24.088234,31.89968490600586
2024-12-25 09:00:00,44.150000000000006,52.597600980236464,47.91585109349938,44.738792,58.41798400878906
2024-12-25 10:00:00,66.73,68.2592849739473,71.41696103071499,67.45936,79.40577697753906
2024-12-25 11:00:00,86.27000000000001,86.38676088256244,84.66047887045568,87.62045,87.97856140136719
2024-12-25 12:00:00,92.234,95.1601254645627,95.80272451764938,95.91302,88.32313537597656
2024-12-25 13:00:00,84.584,87.19751982492883,86.62401680596459,86.16053,78.20866394042969
2024-12-25 14:00:00,64.024,67.36416591371838,73.72788921391242,68.841736,57.275333404541016
2024-12-25 15:00:00,39.124,39.85854504268254,39.16869352380954,37.317497,34.97394561767578
2024-12-25 16:00:00,16.464,15.677679633477101,17.93837814620561,16.331148,12.081779479980469
2024-12-25 17:00:00,1.1800000000000002,-1.333198622667517,1.1641866035976056,1.0241818,0.6354484558105469
2024-12-25 18:00:00,0.0,-5.419190364675648,1.1116151256018535e-05,-0.013759515,-0.4264259338378906
2024-12-25 19:00:00,0.0,0.1629549699778039,1.1116151256018535e-05,0.0047767265,-0.4742927551269531
2024-12-25 20:00:00,0.0,-1.0809420839360904,1.1116151256018535e-05,-0.010293332,-0.45888519287109375
2024-12-25 21:00:00,0.0,-1.121661113695398,1.1116151256018535e-05,-0.003600399,-0.44022369384765625
2024-12-25 22:00:00,0.0,-0.38929082458987363,1.1116151256018535e-05,0.0016875147,-0.45209503173828125
2024-12-25 23:00:00,0.0,-2.131015153987803,1.1116151256018535e-05,0.0016875147,-0.4662132263183594
2024-12-26 00:00:00,0.0,-1.3118116447213595,1.1116151256018535e-05,-0.006915137,-0.4759635925292969
2024-12-26 01:00:00,0.0,-4.18640590740957,1.1116151256018535e-05,0.0032684386,-0.467132568359375
2024-12-26 02:00:00,0.0,-5.68071767323048,1.1116151256018535e-05,0.0032684386,-0.3614768981933594
2024-12-26 03:00:00,0.0,-4.8736754451438475,1.1116151256018535e-05,0.0016875147,-0.454833984375
2024-12-26 04:00:00,0.0,-2.154313827653174,1.1116151256018535e-05,0.0016875147,-0.5268707275390625
2024-12-26 05:00:00,0.0,2.6312586591925444,0.0,0.01768819,-0.3674507141113281
2024-12-26 06:00:00,0.0,12.004345850042258,0.1296457386257177,-0.06611626,-0.6735191345214844
2024-12-26 07:00:00,4.07,16.052126379962466,6.14606602715121,5.7073374,5.263252258300781
2024-12-26 08:00:00,22.606,24.130896011266568,26.46823012823502,25.027952,29.631669998168945
2024-12-26 09:00:00,42.18600000000001,51.381643976022104,44.39966162392309,45.43059,54.72197341918945
2024-12-26 10:00:00,63.766,66.29002202015806,68.26393732559953,64.32006,73.05435180664062
2024-12-26 11:00:00,84.604,82.88113712881386,80.68380337028916,81.123795,87.13692474365234
2024-12-26 12:00:00,50.69,94.09255146088901,96.18682421068887,90.13111,90.23795318603516
2024-12-26 13:00:00,47.29,37.21755653520631,70.02831708333332,62.29955,82.9583740234375
2024-12-26 14:00:00,36.576,42.797091780008294,56.250279501633976,44.54118,56.978790283203125
2024-12-26 15:00:00,21.486000000000004,23.487471201372475,24.50284153476295,21.799757,30.0539608001709
2024-12-26 16:00:00,8.15,6.120232235321712,9.678743333333342,9.634793,11.154170989990234
2024-12-26 17:00:00,0.7000000000000001,-4.378596061519818,2.580990354130811,3.5754547,0.8467941284179688
2024-12-26 18:00:00,0.0,-5.2154479885021185,1.1116151256018535e-05,-0.010103854,-0.4400367736816406
2024-12-26 19:00:00,0.0,0.32116054131637517,1.1116151256018535e-05,-0.00039339965,-0.532379150390625
2024-12-26 20:00:00,0.0,-1.431219222684029,1.1116151256018535e-05,0.003000624,-0.5285987854003906
2024-12-26 21:00:00,0.0,-3.125895001352859,1.1116151256018535e-05,0.0048609134,-0.5399856567382812
2024-12-26 22:00:00,0.0,-3.0212698525475625,1.1116151256018535e-05,0.0028971185,-0.546234130859375
2024-12-26 23:00:00,0.0,-5.466733305172932,1.1116151256018535e-05,0.0028971185,-0.5570220947265625
2024-12-27 00:00:00,0.0,-8.319626356541704,1.1116151256018535e-05,0.0028971185,-0.5707817077636719
2024-12-27 01:00:00,0.0,-4.328688477768231,1.1116151256018535e-05,-0.006915137,-0.5622177124023438
2024-12-27 02:00:00,0.0,-4.877478599468597,1.1116151256018535e-05,0.0016875147,-0.43361663818359375
2024-12-27 03:00:00,0.0,-3.845983515763467,1.1116151256018535e-05,0.0016875147,-0.4102058410644531
2024-12-27 04:00:00,0.0,-1.1008451073185341,1.1116151256018535e-05,-0.0043678395,-0.42015838623046875
2024-12-27 05:00:00,0.0,3.459381327103159,0.0,-0.08107437,-0.2828865051269531
2024-12-27 06:00:00,0.0,10.948232738569738,0.1497657386257177,-0.32680613,-0.05426788330078125
2024-12-27 07:00:00,3.38,14.46370969986201,5.911491423042901,5.438214,2.3204727172851562
2024-12-27 08:00:00,20.15,21.257491020768754,23.05669870044143,21.752865,16.7366943359375
2024-12-27 09:00:00,41.004000000000005,44.70364522996384,35.659196409620165,38.34186,40.97196578979492
2024-12-27 10:00:00,64.654,64.14861059894518,65.06641400666827,61.61426,55.0855598449707
2024-12-27 11:00:00,83.13400000000001,83.86649381855082,84.22942962728327,86.39574,73.63322448730469
2024-12-27 12:00:00,63.196000000000005,92.55180823890123,94.78572783422698,92.667755,86.23619842529297
2024-12-27 13:00:00,61.724,52.015474973775184,64.27521149295586,73.953026,81.88980865478516
2024-12-27 14:00:00,51.036,53.06024884015779,59.80626439024326,55.14193,58.53547668457031
2024-12-27 15:00:00,32.910000000000004,33.626472676904314,24.667777060606063,28.128614,34.7274055480957
2024-12-27 16:00:00,14.486000000000002,12.796739511369493,7.50255888731354,8.884036,14.440040588378906
2024-12-27 17:00:00,1.2000000000000002,-1.2535947055486898,1.0943317127735437,1.1123911,1.3599319458007812
2024-12-27 18:00:00,0.0,-5.479982230300892,1.1116151256018535e-05,-0.00682587,-0.4575080871582031
2024-12-27 19:00:00,0.0,-0.9303411667868606,1.1116151256018535e-05,-0.006915137,-0.5184059143066406
2024-12-27 20:00:00,0.0,-2.1308667754998,1.1116151256018535e-05,0.0016875147,-0.5120773315429688
2024-12-27 21:00:00,0.0,-1.7416548982053626,1.1116151256018535e-05,-0.006915137,-0.49565887451171875
2024-12-27 22:00:00,0.0,-1.1002855147113424,1.1116151256018535e-05,-0.006915137,-0.5009040832519531
2024-12-27 23:00:00,0.0,-2.720981667132923,1.1116151256018535e-05,-0.006915137,-0.4926719665527344
2024-12-28 00:00:00,0.0,-3.555937399648368,1.1116151256018535e-05,0.0021007697,-0.482269287109375
2024-12-28 01:00:00,0.0,-1.8950224071967483,1.1116151256018535e-05,-0.006915137,-0.4565849304199219
2024-12-28 02:00:00,0.0,-3.5031124101639692,1.1116151256018535e-05,0.010703421,-0.3890800476074219
2024-12-28 03:00:00,0.0,-3.8238033461488428,1.1116151256018535e-05,0.010703421,-0.4604301452636719
2024-12-28 04:00:00,0.0,-2.1209171790156027,1.1116151256018535e-05,0.010703421,-0.4432830810546875
2024-12-28 05:00:00,0.0,1.6271607454879653,0.0,0.031374484,-0.24634933471679688
2024-12-28 06:00:00,0.0,9.992583978225634,0.1497657386257177,-0.1648393,-0.59393310546875
2024-12-28 07:00:00,7.344,13.776247854772414,6.272489700820676,5.8229184,5.337734222412109
2024-12-28 08:00:00,43.02,27.324261675793167,39.906605627452144,39.432056,30.336580276489258
2024-12-28 09:00:00,81.13400000000001,76.36086909489768,80.69787061978005,80.54281,57.01828384399414
2024-12-28 10:00:00,112.6,112.0045413152867,112.16617053785109,111.052704,104.72883605957031
2024-12-28 11:00:00,131.72400000000002,131.7623971238821,130.5149797178754,130.33786,134.24888610839844
2024-12-28 12:00:00,134.6,137.5993021722391,133.29536864569084,138.58118,147.3914794921875
2024-12-28 13:00:00,125.02,123.14723850500775,125.45405749708453,127.51138,137.2214813232422
2024-12-28 14:00:00,101.876,100.13628513301882,99.49959809290067,99.81948,114.35287475585938
2024-12-28 15:00:00,68.016,67.29830974911249,67.63857741419912,67.07175,78.77108764648438
2024-12-28 16:00:00,29.376,33.63641599800873,29.312287637007934,28.288048,36.939273834228516
2024-12-28 17:00:00,2.076,3.720805384603507,1.8103332129757053,1.6927198,4.587459564208984
2024-12-28 18:00:00,0.0,-7.847599393587322,1.1116151256018535e-05,-0.0120162275,-0.4168891906738281
2024-12-28 19:00:00,0.0,1.3021869685888054,1.1116151256018535e-05,-0.008309254,-0.5501327514648438
2024-12-28 20:00:00,0.0,1.0815694167187093,1.1116151256018535e-05,-0.003799082,-0.5478858947753906
2024-12-28 21:00:00,0.0,-0.057369105146902744,1.1116151256018535e-05,0.011066877,-0.5298004150390625
2024-12-28 22:00:00,0.0,1.7721335942639818,1.1116151256018535e-05,0.0048609134,-0.5142784118652344
2024-12-28 23:00:00,0.0,1.6604152595333324,1.1116151256018535e-05,0.0048609134,-0.5135231018066406
2024-12-29 00:00:00,0.0,0.10599409969567208,1.1116151256018535e-05,0.005050393,-0.5057754516601562
2024-12-29 01:00:00,0.0,-4.408958760701231,1.1116151256018535e-05,0.005050393,-0.48331451416015625
2024-12-29 02:00:00,0.0,-7.29542476473461,1.1116151256018535e-05,0.0014215672,-0.4434165954589844
2024-12-29 03:00:00,0.0,-7.471386165317076,1.1116151256018535e-05,-0.012654328,-0.5882110595703125
2024-12-29 04:00:00,0.0,-4.434234523217708,1.1116151256018535e-05,0.011673355,-0.6611480712890625
2024-12-29 05:00:00,0.0,2.8811963417167763,0.0,0.027674025,-0.616058349609375
2024-12-29 06:00:00,0.0,12.99185026023317,0.1497657386257177,0.10158764,-0.9024009704589844
2024-12-29 07:00:00,7.324,15.921459072514033,7.587079011784511,7.8081913,7.252826690673828
2024-12-29 08:00:00,42.870000000000005,28.098819360321738,42.27577209334818,42.370148,39.82643508911133
2024-12-29 09:00:00,80.69,78.2471200079685,79.90496474227669,79.82077,78.2108383178711
2024-12-29 10:00:00,111.494,112.3112575032707,111.56421282903186,111.230865,110.84776306152344
2024-12-29 11:00:00,130.376,134.10840454614697,129.25698430545813,128.50688,129.5036163330078
2024-12-29 12:00:00,135.316,136.88052883134517,133.89762723951944,134.17368,133.87591552734375
2024-12-29 13:00:00,126.094,127.4417355965411,125.8225858705866,124.3457,123.38020324707031
2024-12-29 14:00:00,92.456,105.63678172655551,101.92056086789573,101.779724,99.96466064453125
2024-12-29 15:00:00,69.46000000000001,59.30692028352551,60.60994334892633,60.08034,66.24702453613281
2024-12-29 16:00:00,30.380000000000003,41.519402150394576,29.76364390542562,28.983227,25.989627838134766
2024-12-29 17:00:00,2.246,4.412503707848657,2.316024107816005,2.3574395,1.6274375915527344
2024-12-29 18:00:00,0.0,-6.677593370668323,1.1116151256018535e-05,-0.00758364,-0.3651084899902344
2024-12-29 19:00:00,0.0,2.402344546099401,1.1116151256018535e-05,0.011070155,-0.4799537658691406
2024-12-29 20:00:00,0.0,0.5236952855875905,1.1116151256018535e-05,-0.006915137,-0.4569091796875
2024-12-29 21:00:00,0.0,-2.007332418349433,1.1116151256018535e-05,-0.006915137,-0.4538154602050781
2024-12-29 22:00:00,0.0,-2.62334709747366,1.1116151256018535e-05,-0.006915137,-0.44891357421875
2024-12-29 23:00:00,0.0,-2.576067276187894,1.1116151256018535e-05,0.010703421,-0.44971466064453125
2024-12-30 00:00:00,0.0,0.5861905308011082,1.1116151256018535e-05,0.013463565,-0.4597511291503906
2024-12-30 01:00:00,0.0,-2.392994092932927,1.1116151256018535e-05,0.010703421,-0.4542503356933594
2024-12-30 02:00:00,0.0,-5.084789307582443,1.1116151256018535e-05,0.010703421,-0.4602203369140625
2024-12-30 03:00:00,0.0,-3.145540721594128,1.1116151256018535e-05,0.0016875147,-0.6093978881835938
2024-12-30 04:00:00,0.0,-3.3369956007737427,1.1116151256018535e-05,-0.009527112,-0.5584945678710938
2024-12-30 05:00:00,0.0,1.800429191810692,0.0,0.009085533,-0.5753860473632812
2024-12-30 06:00:00,0.0,12.692852078331718,0.1296457386257177,0.13617653,-0.9865226745605469
2024-12-30 07:00:00,7.176000000000001,16.66026071481625,7.294049390704869,7.6488323,10.157756805419922
2024-12-30 08:00:00,42.086000000000006,29.52645890571079,41.941951944360596,41.18646,46.68214416503906
2024-12-30 09:00:00,79.36000000000001,78.18820901319688,79.38152292564948,79.07561,80.1986083984375
2024-12-30 10:00:00,109.906,111.099036222416,110.58727937652915,110.15267,110.2080078125
2024-12-30 11:00:00,127.616,129.9253944559256,128.05903888983224,127.70037,128.4550323486328
2024-12-30 12:00:00,132.5,132.57970157265382,134.83121734109872,133.83368,132.48721313476562
2024-12-30 13:00:00,129.716,123.21553880834742,123.93560639071633,122.84388,122.58242797851562
2024-12-30 14:00:00,104.09000000000002,109.31592868544965,103.51778224832813,103.92751,100.67744445800781
2024-12-30 15:00:00,70.316,69.70983288969211,70.58516553169234,68.84098,68.77168273925781
2024-12-30 16:00:00,31.9,36.004152733458184,30.78583997094214,29.223484,31.19406509399414
2024-12-30 17:00:00,2.5,4.273273482295229,2.620985721468429,2.5775952,3.1267852783203125
2024-12-30 18:00:00,0.0,-7.899262317162506,1.1116151256018535e-05,-0.0100829415,-0.4434928894042969
2024-12-30 19:00:00,0.0,3.603265562829109,1.1116151256018535e-05,-0.024778215,-0.5735282897949219
2024-12-30 20:00:00,0.0,2.8814520379422217,1.1116151256018535e-05,-0.010005048,-0.545989990234375
2024-12-30 21:00:00,0.0,-0.9658434285948738,1.1116151256018535e-05,0.0048609134,-0.5386619567871094
2024-12-30 22:00:00,0.0,-1.5293168011326572,1.1116151256018535e-05,0.013463565,-0.5420188903808594
2024-12-30 23:00:00,0.0,-2.481421926341413,1.1116151256018535e-05,0.0048609134,-0.5441246032714844
2024-12-31 00:00:00,0.0,0.12424065123148509,1.1116151256018535e-05,0.0048609134,-0.53631591796875
2024-12-31 01:00:00,0.0,-1.7454409747564181,1.1116151256018535e-05,0.0048609134,-0.5206832885742188
2024-12-31 02:00:00,0.0,-4.783502268764764,1.1116151256018535e-05,0.0048609134,-0.47458648681640625
2024-12-31 03:00:00,0.0,-5.212414648532958,1.1116151256018535e-05,0.013463565,-0.568756103515625
2024-12-31 04:00:00,0.0,-3.820009026815532,1.1116151256018535e-05,0.0048609134,-0.6400184631347656
2024-12-31 05:00:00,0.0,0.9780874825341339,0.0,0.029464236,-0.6861076354980469
2024-12-31 06:00:00,0.0,11.163398120987686,0.1296457386257177,0.12182541,-0.9995231628417969
2024-12-31 07:00:00,6.75,15.580479324477563,7.336998338035321,7.7498574,8.367267608642578
2024-12-31 08:00:00,39.864,28.592478447601,39.88271884359014,38.646366,44.412261962890625
2024-12-31 09:00:00,74.9,75.04703352772788,76.75021471056354,76.43327,78.71205139160156
2024-12-31 10:00:00,104.83,105.37408552866944,104.6506149137529,104.96627,108.04902648925781
2024-12-31 11:00:00,116.116,125.46102749873404,123.50861480153745,124.034676,123.56063842773438
2024-12-31 12:00:00,121.65,119.84104504046326,126.16534785590808,125.78089,128.447265625
2024-12-31 13:00:00,114.476,115.10427527123448,112.57215819397813,114.78734,113.39402770996094
2024-12-31 14:00:00,89.354,96.36450429370706,90.14026809613131,92.18702,90.97032165527344
2024-12-31 15:00:00,57.68,59.19177456049252,57.9613607048661,57.42779,59.2132453918457
2024-12-31 16:00:00,24.886000000000003,27.576552737098346,24.065155905509904,23.95147,24.434144973754883
2024-12-31 17:00:00,2.1300000000000003,2.2513538708216787,2.321124144902358,2.0331292,1.6620407104492188
2024-12-31 18:00:00,0.0,-5.100293205466388,1.1116151256018535e-05,-0.016133452,-0.41695404052734375
2024-12-31 19:00:00,0.0,2.256281868593843,1.1116151256018535e-05,-0.02154868,-0.4897804260253906
2024-12-31 20:00:00,0.0,0.8418430905724491,1.1116151256018535e-05,0.026058858,-0.47000885009765625
2024-12-31 21:00:00,0.0,-2.625756112504191,1.1116151256018535e-05,-0.0005194188,-0.47243499755859375
2024-12-31 22:00:00,0.0,-2.5559646056707437,1.1116151256018535e-05,-0.0005194188,-0.4791374206542969
2024-12-31 23:00:00,0.0,-2.835521933467266,1.1116151256018535e-05,0.013463565,-0.4952850341796875
